Numéro;Date de création;Responsable;Statut;Étape en cours;Valeur
1;17/05/2026 23:55:09;;Souscription non démarrée;Parcours non démarré;351.97
2;17/05/2026 23:55:09;;Souscription non démarrée;Parcours non démarré;488.24
3;17/05/2026 23:55:05;;Souscription non démarrée;Parcours non démarré;448.20
4;17/05/2026 23:55:05;;Souscription non démarrée;Parcours non démarré;559.28
5;17/05/2026 23:21:04;;Souscription en cours;Informations complémentaires (CA, Profession, etc.);924.87
6;17/05/2026 23:21:04;;Souscription en cours;Informations complémentaires (CA, Profession, etc.);731.18
7;17/05/2026 23:02:16;;Souscription en cours;Informations complémentaires (Etablissements, etc.);542.66
8;17/05/2026 23:02:16;;Souscription en cours;Informations complémentaires (Etablissements, etc.);973.44
9;17/05/2026 22:04:13;;Souscription en cours;Vérification d'identité;266.90
10;17/05/2026 22:04:13;;Souscription en cours;Vérification d'identité;824.24
11;17/05/2026 21:56:41;;En attente d'analyse Agent - Dossier avec erreurs;Signature Contrat;418.17
12;17/05/2026 21:56:41;;En attente d'analyse Agent - Dossier avec erreurs;Signature Contrat;299.27
13;17/05/2026 21:16:39;;En attente d'analyse Agent - Dossier avec erreurs;Signature Contrat;734.73
14;17/05/2026 21:16:39;;En attente d'analyse Agent - Dossier avec erreurs;Signature Contrat;953.18
15;17/05/2026 21:06:51;;Souscription en cours;Vérification d'identité;711.59
16;17/05/2026 21:06:51;;Souscription en cours;Vérification d'identité;578.66
17;17/05/2026 20:26:39;;Souscription en cours;Vérification d'identité;176.33
18;17/05/2026 20:26:39;;Souscription en cours;Vérification d'identité;911.54
19;17/05/2026 18:52:00;;Souscription en cours;Coordonnées personnelles;120.68
20;17/05/2026 18:52:00;;Souscription en cours;Coordonnées personnelles;873.34
21;17/05/2026 18:02:20;;Souscription en cours;Informations complémentaires (CA, Profession, etc.);242.75
22;17/05/2026 18:02:20;;Souscription en cours;Informations complémentaires (CA, Profession, etc.);471.31
23;17/05/2026 17:40:38;;Souscription en cours;Coordonnées personnelles;301.92
24;17/05/2026 17:40:38;;Souscription en cours;Coordonnées personnelles;490.45
25;17/05/2026 17:34:24;;Souscription en cours;Signature Contrat;896.63
26;17/05/2026 17:34:24;;Souscription en cours;Signature Contrat;228.33
27;17/05/2026 17:30:23;;Souscription en cours;Coordonnées personnelles;552.24
28;17/05/2026 17:30:23;;Souscription en cours;Coordonnées personnelles;825.76
29;17/05/2026 17:24:27;;Souscription en cours;Choix de l'offre et livraison;986.10
30;17/05/2026 17:24:27;;Souscription en cours;Choix de l'offre et livraison;316.84
31;17/05/2026 17:20:24;;Souscription en cours;Coordonnées personnelles;532.69
32;17/05/2026 17:20:24;;Souscription en cours;Coordonnées personnelles;465.20
33;17/05/2026 17:18:53;;Souscription en cours;Coordonnées personnelles;132.56
34;17/05/2026 17:18:53;;Souscription en cours;Coordonnées personnelles;649.86
35;17/05/2026 16:57:05;;Souscription en cours;Coordonnées personnelles;461.00
36;17/05/2026 16:57:05;;Souscription en cours;Coordonnées personnelles;671.00
37;17/05/2026 16:52:11;;Souscription en cours;Signature Contrat;640.32
38;17/05/2026 16:52:11;;Souscription en cours;Signature Contrat;501.22
39;17/05/2026 16:50:04;;Souscription en cours;Choix de l'offre et livraison;306.09
40;17/05/2026 16:50:04;;Souscription en cours;Choix de l'offre et livraison;504.40
41;17/05/2026 16:21:38;;Souscription en cours;Coordonnées personnelles;230.41
42;17/05/2026 16:21:38;;Souscription en cours;Coordonnées personnelles;911.05
43;17/05/2026 16:20:39;;Souscription en cours;Coordonnées personnelles;794.47
44;17/05/2026 16:20:39;;Souscription en cours;Coordonnées personnelles;665.74
45;17/05/2026 15:47:32;;Souscription en cours;Choix de l'offre et livraison;148.37
46;17/05/2026 15:47:32;;Souscription en cours;Choix de l'offre et livraison;149.82
47;17/05/2026 15:20:32;;Souscription en cours;Coordonnées personnelles;478.88
48;17/05/2026 15:20:32;;Souscription en cours;Coordonnées personnelles;813.69
49;17/05/2026 15:18:35;;Souscription en cours;Coordonnées personnelles;419.97
50;17/05/2026 15:18:35;;Souscription en cours;Coordonnées personnelles;244.60
51;17/05/2026 15:15:21;;Souscription non démarrée;Parcours non démarré;356.74
52;17/05/2026 15:15:21;;Souscription non démarrée;Parcours non démarré;327.75
53;17/05/2026 15:06:58;;Souscription en cours;Coordonnées personnelles;827.22
54;17/05/2026 15:06:58;;Souscription en cours;Coordonnées personnelles;880.48
55;17/05/2026 15:04:04;;Souscription en cours;Coordonnées personnelles;347.95
56;17/05/2026 15:04:04;;Souscription en cours;Coordonnées personnelles;906.06
57;17/05/2026 14:51:59;;Souscription en cours;Signature Contrat;591.97
58;17/05/2026 14:51:59;;Souscription en cours;Signature Contrat;287.92
59;17/05/2026 14:48:41;;Dossier validé;Parcours terminé;493.74
60;17/05/2026 14:48:41;;Dossier validé;Parcours terminé;992.54
61;17/05/2026 14:48:08;;Souscription en cours;Informations complémentaires (CA, Profession, etc.);594.94
62;17/05/2026 14:48:08;;Souscription en cours;Informations complémentaires (CA, Profession, etc.);554.83
63;17/05/2026 14:17:37;;Souscription en cours;Vérification d'identité;738.95
64;17/05/2026 14:17:37;;Souscription en cours;Vérification d'identité;292.24
65;17/05/2026 14:14:53;;Souscription en cours;Synchronisation référentiel personne NOVA;280.18
66;17/05/2026 14:14:53;;Souscription en cours;Synchronisation référentiel personne NOVA;597.19
67;17/05/2026 14:08:10;;Souscription en cours;Coordonnées personnelles;984.68
68;17/05/2026 14:08:10;;Souscription en cours;Coordonnées personnelles;198.34
69;17/05/2026 13:48:07;;Souscription en cours;Coordonnées personnelles;789.73
70;17/05/2026 13:48:07;;Souscription en cours;Coordonnées personnelles;775.77
71;17/05/2026 13:47:53;;Souscription en cours;Choix de l'offre et livraison;962.77
72;17/05/2026 13:47:53;;Souscription en cours;Choix de l'offre et livraison;713.45
73;17/05/2026 13:45:48;;En attente d'analyse Agent - Dossier avec erreurs;Signature Contrat;806.62
74;17/05/2026 13:45:48;;En attente d'analyse Agent - Dossier avec erreurs;Signature Contrat;281.25
75;17/05/2026 13:25:53;;Souscription en cours;Coordonnées personnelles;916.94
76;17/05/2026 13:25:53;;Souscription en cours;Coordonnées personnelles;681.42
77;17/05/2026 13:20:21;;Souscription en cours;Signature Contrat;367.78
78;17/05/2026 13:20:21;;Souscription en cours;Signature Contrat;276.62
79;17/05/2026 12:58:35;;Souscription non démarrée;Parcours non démarré;470.46
80;17/05/2026 12:58:35;;Souscription non démarrée;Parcours non démarré;739.57
81;17/05/2026 12:57:00;;Souscription en cours;Choix de l'offre et livraison;222.66
82;17/05/2026 12:57:00;;Souscription en cours;Choix de l'offre et livraison;237.86
83;17/05/2026 12:42:24;;Souscription en cours;Choix de l'offre et livraison;369.17
84;17/05/2026 12:42:24;;Souscription en cours;Choix de l'offre et livraison;121.20
85;17/05/2026 12:22:27;;Souscription en cours;Coordonnées personnelles;294.13
86;17/05/2026 12:22:27;;Souscription en cours;Coordonnées personnelles;775.93
87;17/05/2026 12:19:18;;Souscription en cours;Choix de l'offre et livraison;323.85
88;17/05/2026 12:19:18;;Souscription en cours;Choix de l'offre et livraison;806.00
89;17/05/2026 11:31:27;;Souscription en cours;Vérification d'identité;821.60
90;17/05/2026 11:31:27;;Souscription en cours;Vérification d'identité;534.56
91;17/05/2026 11:23:39;;En attente d'analyse Agent - Dossier avec erreurs;Signature Contrat;615.86
92;17/05/2026 11:23:39;;En attente d'analyse Agent - Dossier avec erreurs;Signature Contrat;359.91
93;17/05/2026 11:08:42;;Souscription en cours;Coordonnées personnelles;957.38
94;17/05/2026 11:08:42;;Souscription en cours;Coordonnées personnelles;764.35
95;17/05/2026 11:00:45;;Souscription non démarrée;Parcours non démarré;389.18
96;17/05/2026 11:00:45;;Souscription non démarrée;Parcours non démarré;105.36
97;17/05/2026 11:00:09;;Souscription en cours;Vérification d'identité;964.53
98;17/05/2026 11:00:09;;Souscription en cours;Vérification d'identité;737.54
99;17/05/2026 10:41:45;;Souscription en cours;Choix de l'offre et livraison;392.71
100;17/05/2026 10:41:45;;Souscription en cours;Choix de l'offre et livraison;801.63
101;17/05/2026 10:39:00;;Souscription en cours;Coordonnées personnelles;767.30
102;17/05/2026 10:39:00;;Souscription en cours;Coordonnées personnelles;644.21
103;17/05/2026 10:34:29;;Souscription en cours;Choix de l'offre et livraison;116.55
104;17/05/2026 10:34:29;;Souscription en cours;Choix de l'offre et livraison;157.22
105;17/05/2026 10:22:59;;Souscription en cours;Coordonnées personnelles;324.62
106;17/05/2026 10:22:59;;Souscription en cours;Coordonnées personnelles;587.77
107;17/05/2026 10:15:43;;Souscription en cours;Coordonnées personnelles;315.78
108;17/05/2026 10:15:43;;Souscription en cours;Coordonnées personnelles;451.95
109;17/05/2026 09:30:25;Adam LAURENT;Dossier validé;Parcours terminé;916.38
110;17/05/2026 09:30:25;Adam LAURENT;Dossier validé;Parcours terminé;639.49
111;17/05/2026 09:21:24;;Souscription en cours;Informations complémentaires (CA, Profession, etc.);359.35
112;17/05/2026 09:21:24;;Souscription en cours;Informations complémentaires (CA, Profession, etc.);327.72
113;17/05/2026 09:21:03;;Souscription non démarrée;Parcours non démarré;710.27
114;17/05/2026 09:21:03;;Souscription non démarrée;Parcours non démarré;671.77
115;17/05/2026 09:14:51;;Souscription en cours;Informations complémentaires (CA, Profession, etc.);696.19
116;17/05/2026 09:14:51;;Souscription en cours;Informations complémentaires (CA, Profession, etc.);680.46
117;17/05/2026 09:13:33;;Souscription en cours;Coordonnées personnelles;838.64
118;17/05/2026 09:13:33;;Souscription en cours;Coordonnées personnelles;900.89
119;17/05/2026 08:57:59;;Souscription en cours;Choix de l'offre et livraison;542.08
120;17/05/2026 08:57:59;;Souscription en cours;Choix de l'offre et livraison;616.79
121;17/05/2026 08:57:11;;Souscription en cours;Coordonnées personnelles;872.40
122;17/05/2026 08:57:11;;Souscription en cours;Coordonnées personnelles;704.14
123;17/05/2026 08:49:57;;En attente d'analyse Agent - Dossier avec erreurs;Signature Contrat;370.80
124;17/05/2026 08:49:57;;En attente d'analyse Agent - Dossier avec erreurs;Signature Contrat;449.39
125;17/05/2026 08:39:39;;Souscription en cours;Vérification d'identité;514.48
126;17/05/2026 08:39:39;;Souscription en cours;Vérification d'identité;879.65
127;17/05/2026 08:37:39;;En attente d'analyse Agent - Dossier avec erreurs;Signature Contrat;512.90
128;17/05/2026 08:37:39;;En attente d'analyse Agent - Dossier avec erreurs;Signature Contrat;541.28
129;17/05/2026 08:28:56;;En attente d'analyse Agent - Dossier avec erreurs;Signature Contrat;891.00
130;17/05/2026 08:28:56;;En attente d'analyse Agent - Dossier avec erreurs;Signature Contrat;188.96
131;17/05/2026 07:55:23;;Souscription en cours;Choix de l'offre et livraison;789.78
132;17/05/2026 07:55:23;;Souscription en cours;Choix de l'offre et livraison;289.96
133;17/05/2026 05:09:39;;Dossier validé;Parcours terminé;395.19
134;17/05/2026 05:09:39;;Dossier validé;Parcours terminé;791.88
135;17/05/2026 04:41:03;;Souscription en cours;Coordonnées personnelles;668.81
136;17/05/2026 04:41:03;;Souscription en cours;Coordonnées personnelles;595.90
137;17/05/2026 04:35:21;;Dossier validé;Parcours terminé;853.85
138;17/05/2026 04:35:21;;Dossier validé;Parcours terminé;218.18
139;17/05/2026 03:36:33;;Souscription en cours;Synchronisation référentiel personne NOVA;859.03
140;17/05/2026 03:36:33;;Souscription en cours;Synchronisation référentiel personne NOVA;242.62
141;17/05/2026 03:30:53;;Souscription en cours;Coordonnées personnelles;685.44
142;17/05/2026 03:30:53;;Souscription en cours;Coordonnées personnelles;871.96
143;17/05/2026 02:24:21;;Souscription en cours;Choix de l'offre et livraison;138.23
144;17/05/2026 02:24:21;;Souscription en cours;Choix de l'offre et livraison;868.69
145;16/05/2026 23:58:05;;Dossier validé;Parcours terminé;461.02
146;16/05/2026 23:58:05;;Dossier validé;Parcours terminé;837.61
147;16/05/2026 23:54:15;;Souscription non démarrée;Parcours non démarré;532.76
148;16/05/2026 23:54:15;;Souscription non démarrée;Parcours non démarré;789.49
149;16/05/2026 23:46:41;;Souscription en cours;Coordonnées personnelles;850.32
150;16/05/2026 23:46:41;;Souscription en cours;Coordonnées personnelles;557.58
151;16/05/2026 23:09:43;;Souscription en cours;Bénéficiaire effectifs;113.85
152;16/05/2026 23:09:43;;Souscription en cours;Bénéficiaire effectifs;447.14
153;16/05/2026 22:33:46;;En attente d'analyse Agent - Dossier avec erreurs;Signature Contrat;727.89
154;16/05/2026 22:33:46;;En attente d'analyse Agent - Dossier avec erreurs;Signature Contrat;892.39
155;16/05/2026 22:33:41;;Souscription non démarrée;Parcours non démarré;678.15
156;16/05/2026 22:33:41;;Souscription non démarrée;Parcours non démarré;244.35
157;16/05/2026 22:01:48;;Souscription en cours;Coordonnées personnelles;260.27
158;16/05/2026 22:01:48;;Souscription en cours;Coordonnées personnelles;560.18
159;16/05/2026 21:37:03;;Dossier validé;Parcours terminé;107.14
160;16/05/2026 21:37:03;;Dossier validé;Parcours terminé;944.64
161;16/05/2026 21:30:42;;Souscription en cours;Coordonnées personnelles;552.53
162;16/05/2026 21:30:42;;Souscription en cours;Coordonnées personnelles;780.75
163;16/05/2026 21:22:36;;Souscription non démarrée;Parcours non démarré;359.86
164;16/05/2026 21:22:36;;Souscription non démarrée;Parcours non démarré;893.45
165;16/05/2026 21:13:21;;Souscription en cours;Coordonnées personnelles;878.33
166;16/05/2026 21:13:21;;Souscription en cours;Coordonnées personnelles;480.46
167;16/05/2026 20:51:31;;Dossier refusé;Saisie société;515.90
168;16/05/2026 20:51:31;;Dossier refusé;Saisie société;463.87
169;16/05/2026 20:47:25;;Souscription en cours;Coordonnées personnelles;689.09
170;16/05/2026 20:47:25;;Souscription en cours;Coordonnées personnelles;281.59
171;16/05/2026 20:41:12;;Souscription en cours;Coordonnées personnelles;847.95
172;16/05/2026 20:41:12;;Souscription en cours;Coordonnées personnelles;654.87
173;16/05/2026 20:28:06;;Souscription en cours;Vérification d'identité;504.70
174;16/05/2026 20:28:06;;Souscription en cours;Vérification d'identité;969.65
175;16/05/2026 20:22:35;;Souscription en cours;Choix de l'offre et livraison;577.38
176;16/05/2026 20:22:35;;Souscription en cours;Choix de l'offre et livraison;986.63
177;16/05/2026 20:21:18;;Souscription en cours;Coordonnées personnelles;596.58
178;16/05/2026 20:21:18;;Souscription en cours;Coordonnées personnelles;926.24
179;16/05/2026 20:07:19;;En attente d'analyse Agent - Dossier avec erreurs;Signature Contrat;695.04
180;16/05/2026 20:07:19;;En attente d'analyse Agent - Dossier avec erreurs;Signature Contrat;586.18
181;16/05/2026 19:38:52;;Dossier validé;Parcours terminé;344.67
182;16/05/2026 19:38:52;;Dossier validé;Parcours terminé;207.37
183;16/05/2026 19:30:50;;Souscription en cours;Vérification d'identité;313.69
184;16/05/2026 19:30:50;;Souscription en cours;Vérification d'identité;964.51
185;16/05/2026 19:23:15;;Dossier validé;Parcours terminé;570.64
186;16/05/2026 19:23:15;;Dossier validé;Parcours terminé;940.26
187;16/05/2026 19:15:04;;Souscription en cours;Coordonnées personnelles;842.26
188;16/05/2026 19:15:04;;Souscription en cours;Coordonnées personnelles;171.67
189;16/05/2026 19:02:00;;Souscription en cours;Choix de l'offre et livraison;945.85
190;16/05/2026 19:02:00;;Souscription en cours;Choix de l'offre et livraison;674.10
191;16/05/2026 18:21:24;;Souscription en cours;Coordonnées personnelles;269.87
192;16/05/2026 18:21:24;;Souscription en cours;Coordonnées personnelles;970.64
193;16/05/2026 18:07:04;;Souscription non démarrée;Parcours non démarré;651.21
194;16/05/2026 18:07:04;;Souscription non démarrée;Parcours non démarré;467.08
195;16/05/2026 17:53:15;;Souscription en cours;Choix de l'offre et livraison;583.38
196;16/05/2026 17:53:15;;Souscription en cours;Choix de l'offre et livraison;699.31
197;16/05/2026 17:51:36;;Souscription en cours;Coordonnées personnelles;252.85
198;16/05/2026 17:51:36;;Souscription en cours;Coordonnées personnelles;832.09
199;16/05/2026 17:46:04;;Souscription en cours;Coordonnées personnelles;605.65
200;16/05/2026 17:46:04;;Souscription en cours;Coordonnées personnelles;316.33
201;16/05/2026 17:42:15;;Souscription en cours;Coordonnées personnelles;993.39
202;16/05/2026 17:42:15;;Souscription en cours;Coordonnées personnelles;987.96
203;16/05/2026 17:32:45;;Dossier validé;Parcours terminé;950.07
204;16/05/2026 17:32:45;;Dossier validé;Parcours terminé;889.03
205;16/05/2026 17:14:52;;Souscription en cours;Coordonnées personnelles;599.46
206;16/05/2026 17:14:52;;Souscription en cours;Coordonnées personnelles;855.20
207;16/05/2026 17:09:12;;Souscription en cours;Vérification d'identité;954.21
208;16/05/2026 17:09:12;;Souscription en cours;Vérification d'identité;434.99
209;16/05/2026 17:01:55;;Souscription en cours;Vérification d'identité;638.17
210;16/05/2026 17:01:55;;Souscription en cours;Vérification d'identité;617.57
211;16/05/2026 16:40:08;;Souscription en cours;Synchronisation référentiel personne NOVA;157.51
212;16/05/2026 16:40:08;;Souscription en cours;Synchronisation référentiel personne NOVA;180.86
213;16/05/2026 16:31:46;;Souscription en cours;Choix de l'offre et livraison;863.50
214;16/05/2026 16:31:46;;Souscription en cours;Choix de l'offre et livraison;349.04
215;16/05/2026 16:25:22;;Souscription en cours;Coordonnées personnelles;886.67
216;16/05/2026 16:25:22;;Souscription en cours;Coordonnées personnelles;439.75
217;16/05/2026 16:24:52;;Dossier validé;Parcours terminé;156.81
218;16/05/2026 16:24:52;;Dossier validé;Parcours terminé;160.44
219;16/05/2026 16:14:58;;En attente d'analyse Agent - Dossier avec erreurs;Signature Contrat;287.11
220;16/05/2026 16:14:58;;En attente d'analyse Agent - Dossier avec erreurs;Signature Contrat;971.22
221;16/05/2026 16:06:15;;Souscription en cours;Choix de l'offre et livraison;945.87
222;16/05/2026 16:06:15;;Souscription en cours;Choix de l'offre et livraison;326.77
223;16/05/2026 15:56:06;;Dossier validé;Parcours terminé;264.84
224;16/05/2026 15:56:06;;Dossier validé;Parcours terminé;125.91
225;16/05/2026 15:51:39;;Souscription en cours;Coordonnées personnelles;576.56
226;16/05/2026 15:51:39;;Souscription en cours;Coordonnées personnelles;470.58
227;16/05/2026 15:40:02;;En attente d'analyse Agent - Dossier avec erreurs;Signature Contrat;373.34
228;16/05/2026 15:40:02;;En attente d'analyse Agent - Dossier avec erreurs;Signature Contrat;940.26
229;16/05/2026 15:38:14;;Dossier validé;Parcours terminé;102.67
230;16/05/2026 15:38:14;;Dossier validé;Parcours terminé;237.85
231;16/05/2026 15:35:51;;Souscription en cours;Signature Contrat;284.16
232;16/05/2026 15:35:51;;Souscription en cours;Signature Contrat;776.45
233;16/05/2026 15:28:46;;Dossier validé;Parcours terminé;948.41
234;16/05/2026 15:28:46;;Dossier validé;Parcours terminé;850.98
235;16/05/2026 15:25:52;;Souscription en cours;Coordonnées personnelles;455.62
236;16/05/2026 15:25:52;;Souscription en cours;Coordonnées personnelles;238.44
237;16/05/2026 15:16:02;;Souscription en cours;Coordonnées personnelles;903.49
238;16/05/2026 15:16:02;;Souscription en cours;Coordonnées personnelles;382.81
239;16/05/2026 15:11:02;Manon LEFEBVRE;Dossier validé;Parcours terminé;182.66
240;16/05/2026 15:11:02;Manon LEFEBVRE;Dossier validé;Parcours terminé;933.37
241;16/05/2026 15:06:43;;En attente d'analyse Agent - Dossier avec erreurs;Signature Contrat;248.85
242;16/05/2026 15:06:43;;En attente d'analyse Agent - Dossier avec erreurs;Signature Contrat;502.70
243;16/05/2026 15:04:03;;Souscription en cours;Choix de l'offre et livraison;613.98
244;16/05/2026 15:04:03;;Souscription en cours;Choix de l'offre et livraison;177.01
245;16/05/2026 14:51:05;;En attente d'analyse Agent - Dossier avec erreurs;Signature Contrat;739.25
246;16/05/2026 14:51:05;;En attente d'analyse Agent - Dossier avec erreurs;Signature Contrat;127.49
247;16/05/2026 14:42:12;;Souscription en cours;Choix de l'offre et livraison;380.15
248;16/05/2026 14:42:12;;Souscription en cours;Choix de l'offre et livraison;235.35
249;16/05/2026 14:35:31;;Dossier refusé;Choix de l'offre et livraison;978.18
250;16/05/2026 14:35:31;;Dossier refusé;Choix de l'offre et livraison;459.65
251;16/05/2026 14:34:54;;Dossier validé;Parcours terminé;609.95
252;16/05/2026 14:34:54;;Dossier validé;Parcours terminé;457.14
253;16/05/2026 14:29:09;;Souscription en cours;Vérification d'identité;621.57
254;16/05/2026 14:29:09;;Souscription en cours;Vérification d'identité;256.93
255;16/05/2026 14:24:27;;Souscription non démarrée;Parcours non démarré;595.07
256;16/05/2026 14:24:27;;Souscription non démarrée;Parcours non démarré;221.65
257;16/05/2026 14:21:36;;Souscription en cours;Signature Contrat;835.08
258;16/05/2026 14:21:36;;Souscription en cours;Signature Contrat;671.69
259;16/05/2026 14:12:38;;En attente d'analyse Agent - Dossier avec erreurs;Signature Contrat;128.54
260;16/05/2026 14:12:38;;En attente d'analyse Agent - Dossier avec erreurs;Signature Contrat;353.32
261;16/05/2026 13:25:36;;Souscription en cours;Coordonnées personnelles;824.28
262;16/05/2026 13:25:36;;Souscription en cours;Coordonnées personnelles;591.15
263;16/05/2026 12:59:22;;Souscription en cours;Coordonnées personnelles;288.43
264;16/05/2026 12:59:22;;Souscription en cours;Coordonnées personnelles;735.30
265;16/05/2026 12:43:00;;Souscription en cours;Coordonnées personnelles;988.10
266;16/05/2026 12:43:00;;Souscription en cours;Coordonnées personnelles;663.63
267;16/05/2026 12:22:49;;En attente d'analyse Agent - Dossier avec erreurs;Signature Contrat;137.45
268;16/05/2026 12:22:49;;En attente d'analyse Agent - Dossier avec erreurs;Signature Contrat;575.55
269;16/05/2026 12:14:58;;Souscription en cours;Coordonnées personnelles;621.53
270;16/05/2026 12:14:58;;Souscription en cours;Coordonnées personnelles;926.19
271;16/05/2026 12:14:03;;Souscription non démarrée;Parcours non démarré;801.68
272;16/05/2026 12:14:03;;Souscription non démarrée;Parcours non démarré;351.52
273;16/05/2026 12:10:23;;Souscription en cours;Coordonnées personnelles;993.20
274;16/05/2026 12:10:23;;Souscription en cours;Coordonnées personnelles;394.11
275;16/05/2026 12:08:05;;Souscription en cours;Coordonnées personnelles;180.55
276;16/05/2026 12:08:05;;Souscription en cours;Coordonnées personnelles;778.49
277;16/05/2026 12:06:17;;Dossier refusé;Saisie société;547.22
278;16/05/2026 12:06:17;;Dossier refusé;Saisie société;432.69
279;16/05/2026 12:06:11;;Dossier validé;Parcours terminé;213.97
280;16/05/2026 12:06:11;;Dossier validé;Parcours terminé;284.18
281;16/05/2026 11:53:57;;En attente d'analyse Agent - Dossier avec erreurs;Signature Contrat;862.98
282;16/05/2026 11:53:57;;En attente d'analyse Agent - Dossier avec erreurs;Signature Contrat;296.03
283;16/05/2026 11:38:58;;En attente d'analyse Agent - Dossier avec erreurs;Signature Contrat;620.31
284;16/05/2026 11:38:58;;En attente d'analyse Agent - Dossier avec erreurs;Signature Contrat;339.29
285;16/05/2026 11:34:52;;Dossier validé;Parcours terminé;222.73
286;16/05/2026 11:34:52;;Dossier validé;Parcours terminé;762.75
287;16/05/2026 11:33:23;;Dossier refusé;Saisie société;600.67
288;16/05/2026 11:33:23;;Dossier refusé;Saisie société;505.31
289;16/05/2026 11:31:00;;En attente d'analyse Agent - Dossier avec erreurs;Signature Contrat;428.90
290;16/05/2026 11:31:00;;En attente d'analyse Agent - Dossier avec erreurs;Signature Contrat;510.07
291;16/05/2026 11:21:03;;Souscription en cours;Coordonnées personnelles;618.25
292;16/05/2026 11:21:03;;Souscription en cours;Coordonnées personnelles;820.58
293;16/05/2026 11:11:38;;Souscription non démarrée;Parcours non démarré;560.00
294;16/05/2026 11:11:38;;Souscription non démarrée;Parcours non démarré;292.20
295;16/05/2026 11:05:19;;Souscription en cours;Signature Contrat;356.58
296;16/05/2026 11:05:19;;Souscription en cours;Signature Contrat;651.42
297;16/05/2026 11:04:53;;Souscription en cours;Informations complémentaires (Etablissements, etc.);820.20
298;16/05/2026 11:04:53;;Souscription en cours;Informations complémentaires (Etablissements, etc.);167.36
299;16/05/2026 11:04:13;;Dossier validé;Parcours terminé;840.57
300;16/05/2026 11:04:13;;Dossier validé;Parcours terminé;935.58
301;16/05/2026 10:50:13;;Souscription en cours;Choix de l'offre et livraison;109.90
302;16/05/2026 10:50:13;;Souscription en cours;Choix de l'offre et livraison;907.00
303;16/05/2026 10:34:09;;Souscription non démarrée;Parcours non démarré;268.44
304;16/05/2026 10:34:09;;Souscription non démarrée;Parcours non démarré;633.49
305;16/05/2026 10:26:14;;Dossier refusé;Saisie société;512.50
306;16/05/2026 10:26:14;;Dossier refusé;Saisie société;859.26
307;16/05/2026 10:14:55;;Souscription en cours;Choix de l'offre et livraison;893.25
308;16/05/2026 10:14:55;;Souscription en cours;Choix de l'offre et livraison;586.02
309;16/05/2026 10:09:19;;En attente d'analyse Agent - Dossier avec erreurs;Signature Contrat;849.60
310;16/05/2026 10:09:19;;En attente d'analyse Agent - Dossier avec erreurs;Signature Contrat;798.05
311;16/05/2026 10:03:29;;En attente d'analyse Agent - Dossier avec erreurs;Signature Contrat;401.04
312;16/05/2026 10:03:29;;En attente d'analyse Agent - Dossier avec erreurs;Signature Contrat;575.84
313;16/05/2026 10:00:45;;Souscription en cours;Coordonnées personnelles;593.74
314;16/05/2026 10:00:45;;Souscription en cours;Coordonnées personnelles;219.23
315;16/05/2026 09:33:30;;Souscription en cours;Signature Contrat;935.60
316;16/05/2026 09:33:30;;Souscription en cours;Signature Contrat;947.77
317;16/05/2026 09:32:07;;Souscription en cours;Coordonnées personnelles;316.14
318;16/05/2026 09:32:07;;Souscription en cours;Coordonnées personnelles;975.94
319;16/05/2026 09:08:43;;Souscription en cours;Signature Contrat;857.86
320;16/05/2026 09:08:43;;Souscription en cours;Signature Contrat;688.10
321;16/05/2026 08:59:13;;Souscription en cours;Choix de l'offre et livraison;812.38
322;16/05/2026 08:59:13;;Souscription en cours;Choix de l'offre et livraison;265.01
323;16/05/2026 08:43:49;;Souscription en cours;Coordonnées personnelles;707.74
324;16/05/2026 08:43:49;;Souscription en cours;Coordonnées personnelles;589.83
325;16/05/2026 08:07:09;;Dossier validé;Parcours terminé;515.51
326;16/05/2026 08:07:09;;Dossier validé;Parcours terminé;494.38
327;16/05/2026 07:31:25;;Souscription en cours;Coordonnées personnelles;926.16
328;16/05/2026 07:31:25;;Souscription en cours;Coordonnées personnelles;567.14
329;16/05/2026 07:08:24;;Souscription en cours;Synchronisation référentiel personne NOVA;870.24
330;16/05/2026 07:08:24;;Souscription en cours;Synchronisation référentiel personne NOVA;987.35
331;16/05/2026 04:32:10;;Souscription non démarrée;Parcours non démarré;170.98
332;16/05/2026 04:32:10;;Souscription non démarrée;Parcours non démarré;821.97
333;16/05/2026 03:06:48;;Souscription en cours;Coordonnées personnelles;796.46
334;16/05/2026 03:06:48;;Souscription en cours;Coordonnées personnelles;866.00
335;16/05/2026 02:51:57;;En attente d'analyse Agent - Dossier avec erreurs;Signature Contrat;310.77
336;16/05/2026 02:51:57;;En attente d'analyse Agent - Dossier avec erreurs;Signature Contrat;710.67
337;16/05/2026 02:40:14;;Souscription en cours;Coordonnées personnelles;983.81
338;16/05/2026 02:40:14;;Souscription en cours;Coordonnées personnelles;270.29
339;16/05/2026 01:23:43;;Souscription en cours;Coordonnées personnelles;630.09
340;16/05/2026 01:23:43;;Souscription en cours;Coordonnées personnelles;735.51
341;16/05/2026 01:19:19;;Souscription en cours;Choix de l'offre et livraison;380.27
342;16/05/2026 01:19:19;;Souscription en cours;Choix de l'offre et livraison;712.96
343;16/05/2026 00:24:37;;Dossier refusé;Bénéficiaire effectifs;763.35
344;16/05/2026 00:24:37;;Dossier refusé;Bénéficiaire effectifs;523.03
345;15/05/2026 23:58:24;;En attente d'analyse Agent - Dossier avec erreurs;Signature Contrat;977.79
346;15/05/2026 23:58:24;;En attente d'analyse Agent - Dossier avec erreurs;Signature Contrat;655.97
347;15/05/2026 23:43:30;;Dossier validé;Parcours terminé;921.43
348;15/05/2026 23:43:30;;Dossier validé;Parcours terminé;393.66
349;15/05/2026 23:30:48;;Dossier validé;Parcours terminé;526.26
350;15/05/2026 23:30:48;;Dossier validé;Parcours terminé;204.67
351;15/05/2026 23:10:13;;Souscription en cours;Choix de l'offre et livraison;933.77
352;15/05/2026 23:10:13;;Souscription en cours;Choix de l'offre et livraison;289.99
353;15/05/2026 23:02:03;;En attente d'analyse Agent - Dossier avec erreurs;Signature Contrat;179.99
354;15/05/2026 23:02:03;;En attente d'analyse Agent - Dossier avec erreurs;Signature Contrat;551.70
355;15/05/2026 22:59:31;;Souscription non démarrée;Parcours non démarré;858.83
356;15/05/2026 22:59:31;;Souscription non démarrée;Parcours non démarré;353.56
357;15/05/2026 22:55:35;;Souscription non démarrée;Parcours non démarré;380.87
358;15/05/2026 22:55:35;;Souscription non démarrée;Parcours non démarré;226.57
359;15/05/2026 22:39:47;;Dossier refusé;Signature Contrat;804.06
360;15/05/2026 22:39:47;;Dossier refusé;Signature Contrat;421.03
361;15/05/2026 22:34:03;;Souscription en cours;Signature Contrat;240.48
362;15/05/2026 22:34:03;;Souscription en cours;Signature Contrat;647.83
363;15/05/2026 22:33:35;;Souscription en cours;Coordonnées personnelles;940.59
364;15/05/2026 22:33:35;;Souscription en cours;Coordonnées personnelles;570.23
365;15/05/2026 22:24:51;;En attente d'analyse Agent - Dossier avec erreurs;Signature Contrat;870.36
366;15/05/2026 22:24:51;;En attente d'analyse Agent - Dossier avec erreurs;Signature Contrat;867.05
367;15/05/2026 22:18:09;;Souscription en cours;Informations complémentaires (CA, Profession, etc.);817.05
368;15/05/2026 22:18:09;;Souscription en cours;Informations complémentaires (CA, Profession, etc.);812.87
369;15/05/2026 21:34:17;;Dossier refusé;Signature Contrat;272.49
370;15/05/2026 21:34:17;;Dossier refusé;Signature Contrat;800.88
371;15/05/2026 21:22:40;;Souscription en cours;Coordonnées personnelles;698.52
372;15/05/2026 21:22:40;;Souscription en cours;Coordonnées personnelles;826.58
373;15/05/2026 21:13:46;;Dossier refusé;Signature Contrat;550.32
374;15/05/2026 21:13:46;;Dossier refusé;Signature Contrat;139.16
375;15/05/2026 21:12:43;;Dossier validé;Parcours terminé;882.48
376;15/05/2026 21:12:43;;Dossier validé;Parcours terminé;582.23
377;15/05/2026 20:40:48;;Souscription en cours;Coordonnées personnelles;545.78
378;15/05/2026 20:40:48;;Souscription en cours;Coordonnées personnelles;184.03
379;15/05/2026 20:26:53;;Dossier validé;Parcours terminé;133.45
380;15/05/2026 20:26:53;;Dossier validé;Parcours terminé;609.47
381;15/05/2026 20:25:03;;Souscription en cours;Signature Contrat;814.84
382;15/05/2026 20:25:03;;Souscription en cours;Signature Contrat;975.25
383;15/05/2026 20:20:30;;Dossier validé;Parcours terminé;837.57
384;15/05/2026 20:20:30;;Dossier validé;Parcours terminé;175.30
385;15/05/2026 20:00:45;;Souscription en cours;Informations complémentaires (Etablissements, etc.);121.08
386;15/05/2026 20:00:45;;Souscription en cours;Informations complémentaires (Etablissements, etc.);495.51
387;15/05/2026 20:00:18;;Souscription en cours;Coordonnées personnelles;787.49
388;15/05/2026 20:00:18;;Souscription en cours;Coordonnées personnelles;218.79
389;15/05/2026 19:54:40;;Souscription en cours;Coordonnées personnelles;686.48
390;15/05/2026 19:54:40;;Souscription en cours;Coordonnées personnelles;610.01
391;15/05/2026 19:24:52;Manon LEFEBVRE;Dossier validé;Parcours terminé;944.92
392;15/05/2026 19:24:52;Manon LEFEBVRE;Dossier validé;Parcours terminé;914.55
393;15/05/2026 19:12:56;;Souscription non démarrée;Parcours non démarré;576.78
394;15/05/2026 19:12:56;;Souscription non démarrée;Parcours non démarré;800.78
395;15/05/2026 19:02:02;;Souscription non démarrée;Parcours non démarré;143.93
396;15/05/2026 19:02:02;;Souscription non démarrée;Parcours non démarré;819.21
397;15/05/2026 18:57:30;;Souscription en cours;Criblages BE(s);222.39
398;15/05/2026 18:57:30;;Souscription en cours;Criblages BE(s);102.69
399;15/05/2026 18:46:11;;Souscription en cours;Vérification d'identité;832.34
400;15/05/2026 18:46:11;;Souscription en cours;Vérification d'identité;243.52
401;15/05/2026 18:43:17;;Dossier refusé;Saisie société;242.11
402;15/05/2026 18:43:17;;Dossier refusé;Saisie société;909.46
403;15/05/2026 18:42:39;;Souscription en cours;Choix de l'offre et livraison;907.12
404;15/05/2026 18:42:39;;Souscription en cours;Choix de l'offre et livraison;602.15
405;15/05/2026 18:41:58;;Souscription en cours;Informations complémentaires (Etablissements, etc.);103.60
406;15/05/2026 18:41:58;;Souscription en cours;Informations complémentaires (Etablissements, etc.);578.03
407;15/05/2026 18:38:01;;Souscription en cours;Choix de l'offre et livraison;821.86
408;15/05/2026 18:38:01;;Souscription en cours;Choix de l'offre et livraison;854.18
409;15/05/2026 18:36:37;;Souscription en cours;Informations complémentaires (CA, Profession, etc.);987.35
410;15/05/2026 18:36:37;;Souscription en cours;Informations complémentaires (CA, Profession, etc.);993.42
411;15/05/2026 18:22:31;;Souscription non démarrée;Parcours non démarré;872.61
412;15/05/2026 18:22:31;;Souscription non démarrée;Parcours non démarré;891.59
413;15/05/2026 18:10:28;;En attente d'analyse Agent - Dossier avec erreurs;Signature Contrat;920.97
414;15/05/2026 18:10:28;;En attente d'analyse Agent - Dossier avec erreurs;Signature Contrat;183.33
415;15/05/2026 18:07:22;;Souscription en cours;Informations complémentaires (CA, Profession, etc.);355.34
416;15/05/2026 18:07:22;;Souscription en cours;Informations complémentaires (CA, Profession, etc.);321.34
417;15/05/2026 18:02:09;;Souscription en cours;Coordonnées personnelles;680.48
418;15/05/2026 18:02:09;;Souscription en cours;Coordonnées personnelles;581.25
419;15/05/2026 17:58:53;Hugo MARTIN;Dossier validé;Parcours terminé;663.79
420;15/05/2026 17:58:53;Hugo MARTIN;Dossier validé;Parcours terminé;442.69
421;15/05/2026 17:53:54;;En attente d'analyse Agent - Dossier avec erreurs;Signature Contrat;571.01
422;15/05/2026 17:53:54;;En attente d'analyse Agent - Dossier avec erreurs;Signature Contrat;935.56
423;15/05/2026 17:48:05;;Souscription en cours;Coordonnées personnelles;154.37
424;15/05/2026 17:48:05;;Souscription en cours;Coordonnées personnelles;416.95
425;15/05/2026 17:41:58;;Souscription en cours;Choix de l'offre et livraison;915.51
426;15/05/2026 17:41:58;;Souscription en cours;Choix de l'offre et livraison;161.99
427;15/05/2026 17:38:52;;En attente d'analyse Agent - Dossier avec erreurs;Signature Contrat;814.93
428;15/05/2026 17:38:52;;En attente d'analyse Agent - Dossier avec erreurs;Signature Contrat;355.88
429;15/05/2026 17:38:51;;Dossier validé;Parcours terminé;689.08
430;15/05/2026 17:38:51;;Dossier validé;Parcours terminé;190.97
431;15/05/2026 17:35:09;;En attente d'analyse Agent - Dossier avec erreurs;Signature Contrat;831.79
432;15/05/2026 17:35:09;;En attente d'analyse Agent - Dossier avec erreurs;Signature Contrat;914.48
433;15/05/2026 17:29:26;;Souscription en cours;Coordonnées personnelles;645.81
434;15/05/2026 17:29:26;;Souscription en cours;Coordonnées personnelles;730.55
435;15/05/2026 17:20:19;;Dossier refusé;Saisie société;167.05
436;15/05/2026 17:20:19;;Dossier refusé;Saisie société;359.89
437;15/05/2026 17:15:41;;Dossier validé;Parcours terminé;332.31
438;15/05/2026 17:15:41;;Dossier validé;Parcours terminé;694.07
439;15/05/2026 17:12:54;;Souscription en cours;Coordonnées personnelles;593.58
440;15/05/2026 17:12:54;;Souscription en cours;Coordonnées personnelles;836.42
441;15/05/2026 17:07:29;;Souscription en cours;Choix de l'offre et livraison;709.42
442;15/05/2026 17:07:29;;Souscription en cours;Choix de l'offre et livraison;927.27
443;15/05/2026 16:56:07;;Dossier refusé;Choix de l'offre et livraison;436.54
444;15/05/2026 16:56:07;;Dossier refusé;Choix de l'offre et livraison;137.61
445;15/05/2026 16:50:51;;Dossier refusé;Parcours terminé;400.22
446;15/05/2026 16:50:51;;Dossier refusé;Parcours terminé;760.82
447;15/05/2026 16:41:42;;Dossier validé;Parcours terminé;905.84
448;15/05/2026 16:41:42;;Dossier validé;Parcours terminé;833.25
449;15/05/2026 16:34:17;;Souscription non démarrée;Parcours non démarré;267.75
450;15/05/2026 16:34:17;;Souscription non démarrée;Parcours non démarré;732.01
451;15/05/2026 16:32:34;;Souscription en cours;Choix de l'offre et livraison;457.74
452;15/05/2026 16:32:34;;Souscription en cours;Choix de l'offre et livraison;448.74
453;15/05/2026 16:21:40;;Souscription en cours;Coordonnées personnelles;733.96
454;15/05/2026 16:21:40;;Souscription en cours;Coordonnées personnelles;211.28
455;15/05/2026 16:21:20;;En attente d'analyse Agent - Dossier avec erreurs;Signature Contrat;470.11
456;15/05/2026 16:21:20;;En attente d'analyse Agent - Dossier avec erreurs;Signature Contrat;894.62
457;15/05/2026 16:19:08;Rayan MICHEL;Dossier validé;Parcours terminé;739.00
458;15/05/2026 16:19:08;Rayan MICHEL;Dossier validé;Parcours terminé;760.03
459;15/05/2026 16:15:25;;Souscription en cours;Choix de l'offre et livraison;427.08
460;15/05/2026 16:15:25;;Souscription en cours;Choix de l'offre et livraison;801.51
461;15/05/2026 16:10:20;;Souscription en cours;Coordonnées personnelles;871.35
462;15/05/2026 16:10:20;;Souscription en cours;Coordonnées personnelles;945.21
463;15/05/2026 16:01:38;;Dossier validé;Parcours terminé;792.95
464;15/05/2026 16:01:38;;Dossier validé;Parcours terminé;419.88
465;15/05/2026 15:55:26;;Dossier validé;Parcours terminé;253.50
466;15/05/2026 15:55:26;;Dossier validé;Parcours terminé;286.24
467;15/05/2026 15:48:43;;Dossier validé;Parcours terminé;169.55
468;15/05/2026 15:48:43;;Dossier validé;Parcours terminé;153.53
469;15/05/2026 15:42:36;;En attente d'analyse Agent - Dossier avec erreurs;Signature Contrat;616.94
470;15/05/2026 15:42:36;;En attente d'analyse Agent - Dossier avec erreurs;Signature Contrat;814.10
471;15/05/2026 15:37:47;;Souscription en cours;Vérification d'identité;132.19
472;15/05/2026 15:37:47;;Souscription en cours;Vérification d'identité;734.13
473;15/05/2026 15:35:13;;Dossier refusé;Saisie société;594.70
474;15/05/2026 15:35:13;;Dossier refusé;Saisie société;286.37
475;15/05/2026 15:33:29;;Souscription en cours;Signature Contrat;163.49
476;15/05/2026 15:33:29;;Souscription en cours;Signature Contrat;105.37
477;15/05/2026 15:29:59;;Souscription en cours;Choix de l'offre et livraison;624.07
478;15/05/2026 15:29:59;;Souscription en cours;Choix de l'offre et livraison;520.38
479;15/05/2026 15:24:38;;Souscription en cours;Choix de l'offre et livraison;198.03
480;15/05/2026 15:24:38;;Souscription en cours;Choix de l'offre et livraison;846.19
481;15/05/2026 15:23:39;;Souscription en cours;Coordonnées personnelles;679.49
482;15/05/2026 15:23:39;;Souscription en cours;Coordonnées personnelles;717.15
483;15/05/2026 15:13:08;Zoé MULLER;Dossier validé;Parcours terminé;302.09
484;15/05/2026 15:13:08;Zoé MULLER;Dossier validé;Parcours terminé;913.26
485;15/05/2026 15:12:03;;Souscription non démarrée;Parcours non démarré;398.15
486;15/05/2026 15:12:03;;Souscription non démarrée;Parcours non démarré;318.22
487;15/05/2026 15:11:20;;Souscription en cours;Coordonnées personnelles;530.38
488;15/05/2026 15:11:20;;Souscription en cours;Coordonnées personnelles;873.67
489;15/05/2026 15:10:38;;Souscription en cours;Informations complémentaires (CA, Profession, etc.);296.87
490;15/05/2026 15:10:38;;Souscription en cours;Informations complémentaires (CA, Profession, etc.);816.74
491;15/05/2026 15:06:32;;Souscription en cours;Criblages BE(s);262.33
492;15/05/2026 15:06:32;;Souscription en cours;Criblages BE(s);522.54
493;15/05/2026 15:04:22;;Souscription en cours;Coordonnées personnelles;147.14
494;15/05/2026 15:04:22;;Souscription en cours;Coordonnées personnelles;455.35
495;15/05/2026 15:04:00;;Dossier validé;Parcours terminé;212.90
496;15/05/2026 15:04:00;;Dossier validé;Parcours terminé;138.16
497;15/05/2026 15:02:56;;Souscription en cours;Choix de l'offre et livraison;232.44
498;15/05/2026 15:02:56;;Souscription en cours;Choix de l'offre et livraison;630.13
499;15/05/2026 15:02:05;;Dossier validé;Parcours terminé;245.02
500;15/05/2026 15:02:05;;Dossier validé;Parcours terminé;180.21
501;15/05/2026 15:00:11;;Dossier validé;Parcours terminé;902.22
502;15/05/2026 15:00:11;;Dossier validé;Parcours terminé;662.15
503;15/05/2026 14:59:38;;Souscription non démarrée;Parcours non démarré;989.87
504;15/05/2026 14:59:38;;Souscription non démarrée;Parcours non démarré;312.50
505;15/05/2026 14:46:52;;Souscription en cours;Choix de l'offre et livraison;148.01
506;15/05/2026 14:46:52;;Souscription en cours;Choix de l'offre et livraison;848.21
507;15/05/2026 14:43:11;;Dossier validé;Parcours terminé;925.45
508;15/05/2026 14:43:11;;Dossier validé;Parcours terminé;859.22
509;15/05/2026 14:42:37;;Souscription non démarrée;Parcours non démarré;217.51
510;15/05/2026 14:42:37;;Souscription non démarrée;Parcours non démarré;592.98
511;15/05/2026 14:39:53;;Souscription en cours;Synchronisation référentiel personne NOVA;233.99
512;15/05/2026 14:39:53;;Souscription en cours;Synchronisation référentiel personne NOVA;633.93
513;15/05/2026 14:39:11;;En attente d'analyse Agent - Dossier avec erreurs;Signature Contrat;201.22
514;15/05/2026 14:39:11;;En attente d'analyse Agent - Dossier avec erreurs;Signature Contrat;400.42
515;15/05/2026 14:32:46;;Souscription non démarrée;Parcours non démarré;168.79
516;15/05/2026 14:32:46;;Souscription non démarrée;Parcours non démarré;694.78
517;15/05/2026 14:32:23;;Dossier refusé;Saisie société;878.86
518;15/05/2026 14:32:23;;Dossier refusé;Saisie société;755.77
519;15/05/2026 14:30:51;;Souscription en cours;Choix de l'offre et livraison;404.68
520;15/05/2026 14:30:51;;Souscription en cours;Choix de l'offre et livraison;295.06
521;15/05/2026 14:27:52;;Dossier refusé;Saisie société;633.36
522;15/05/2026 14:27:52;;Dossier refusé;Saisie société;396.21
523;15/05/2026 14:26:55;;Souscription en cours;Coordonnées personnelles;551.67
524;15/05/2026 14:26:55;;Souscription en cours;Coordonnées personnelles;290.31
525;15/05/2026 14:26:10;;Souscription en cours;Signature Contrat;944.76
526;15/05/2026 14:26:10;;Souscription en cours;Signature Contrat;598.03
527;15/05/2026 14:18:00;;Souscription en cours;Coordonnées personnelles;503.25
528;15/05/2026 14:18:00;;Souscription en cours;Coordonnées personnelles;300.78
529;15/05/2026 14:17:21;;Souscription en cours;Signature Contrat;719.14
530;15/05/2026 14:17:21;;Souscription en cours;Signature Contrat;881.63
531;15/05/2026 14:16:24;;Dossier validé;Parcours terminé;861.22
532;15/05/2026 14:16:24;;Dossier validé;Parcours terminé;672.60
533;15/05/2026 14:02:08;;Souscription en cours;Informations complémentaires (CA, Profession, etc.);742.03
534;15/05/2026 14:02:08;;Souscription en cours;Informations complémentaires (CA, Profession, etc.);571.11
535;15/05/2026 13:52:35;;Dossier validé;Parcours terminé;251.49
536;15/05/2026 13:52:35;;Dossier validé;Parcours terminé;327.74
537;15/05/2026 13:47:38;;Souscription en cours;Choix de l'offre et livraison;819.92
538;15/05/2026 13:47:38;;Souscription en cours;Choix de l'offre et livraison;928.33
539;15/05/2026 13:41:37;;Dossier validé;Parcours terminé;623.52
540;15/05/2026 13:41:37;;Dossier validé;Parcours terminé;459.70
541;15/05/2026 13:25:49;;Souscription en cours;Coordonnées personnelles;845.96
542;15/05/2026 13:25:49;;Souscription en cours;Coordonnées personnelles;183.40
543;15/05/2026 13:22:58;;Dossier refusé;Parcours non démarré;688.14
544;15/05/2026 13:22:58;;Dossier refusé;Parcours non démarré;262.41
545;15/05/2026 13:09:24;;Souscription en cours;Vérification d'identité;159.79
546;15/05/2026 13:09:24;;Souscription en cours;Vérification d'identité;822.50
547;15/05/2026 12:59:26;;Souscription non démarrée;Parcours non démarré;257.75
548;15/05/2026 12:59:26;;Souscription non démarrée;Parcours non démarré;162.04
549;15/05/2026 12:54:18;;Dossier validé;Parcours terminé;958.17
550;15/05/2026 12:54:18;;Dossier validé;Parcours terminé;928.63
551;15/05/2026 12:52:26;;Souscription en cours;Coordonnées personnelles;221.03
552;15/05/2026 12:52:26;;Souscription en cours;Coordonnées personnelles;617.06
553;15/05/2026 12:41:17;;Souscription en cours;Vérification d'identité;533.11
554;15/05/2026 12:41:17;;Souscription en cours;Vérification d'identité;511.70
555;15/05/2026 12:37:08;;Souscription non démarrée;Parcours non démarré;264.98
556;15/05/2026 12:37:08;;Souscription non démarrée;Parcours non démarré;185.91
557;15/05/2026 12:35:40;;Souscription en cours;Coordonnées personnelles;370.17
558;15/05/2026 12:35:40;;Souscription en cours;Coordonnées personnelles;256.04
559;15/05/2026 12:35:02;;Souscription en cours;Synchronisation référentiel personne NOVA;582.96
560;15/05/2026 12:35:02;;Souscription en cours;Synchronisation référentiel personne NOVA;204.22
561;15/05/2026 12:29:33;;Dossier validé;Parcours terminé;193.53
562;15/05/2026 12:29:33;;Dossier validé;Parcours terminé;967.06
563;15/05/2026 12:27:41;;En attente d'analyse Agent - Dossier avec erreurs;Signature Contrat;415.28
564;15/05/2026 12:27:41;;En attente d'analyse Agent - Dossier avec erreurs;Signature Contrat;321.34
565;15/05/2026 12:22:40;;Souscription en cours;Coordonnées personnelles;125.11
566;15/05/2026 12:22:40;;Souscription en cours;Coordonnées personnelles;616.60
567;15/05/2026 12:22:27;;Dossier refusé;Parcours non démarré;306.95
568;15/05/2026 12:22:27;;Dossier refusé;Parcours non démarré;348.78
569;15/05/2026 12:21:43;;Souscription en cours;Bénéficiaire effectifs;838.92
570;15/05/2026 12:21:43;;Souscription en cours;Bénéficiaire effectifs;279.58
571;15/05/2026 12:14:48;;Souscription en cours;Vérification d'identité;940.43
572;15/05/2026 12:14:48;;Souscription en cours;Vérification d'identité;847.32
573;15/05/2026 12:10:40;;Souscription en cours;Choix de l'offre et livraison;543.70
574;15/05/2026 12:10:40;;Souscription en cours;Choix de l'offre et livraison;425.13
575;15/05/2026 11:56:31;;Souscription en cours;Signature Contrat;734.75
576;15/05/2026 11:56:31;;Souscription en cours;Signature Contrat;176.57
577;15/05/2026 11:55:27;;En attente d'analyse Agent - Dossier avec erreurs;Signature Contrat;940.50
578;15/05/2026 11:55:27;;En attente d'analyse Agent - Dossier avec erreurs;Signature Contrat;339.81
579;15/05/2026 11:46:38;;Souscription en cours;Choix de l'offre et livraison;560.36
580;15/05/2026 11:46:38;;Souscription en cours;Choix de l'offre et livraison;171.95
581;15/05/2026 11:43:49;;En attente d'analyse Agent - Dossier avec erreurs;Signature Contrat;919.94
582;15/05/2026 11:43:49;;En attente d'analyse Agent - Dossier avec erreurs;Signature Contrat;536.18
583;15/05/2026 11:39:48;;Dossier validé;Parcours terminé;801.64
584;15/05/2026 11:39:48;;Dossier validé;Parcours terminé;603.88
585;15/05/2026 11:32:05;;Souscription en cours;Coordonnées personnelles;831.57
586;15/05/2026 11:32:05;;Souscription en cours;Coordonnées personnelles;870.92
587;15/05/2026 11:31:53;;Souscription non démarrée;Parcours non démarré;307.25
588;15/05/2026 11:31:53;;Souscription non démarrée;Parcours non démarré;214.73
589;15/05/2026 11:24:54;;Souscription en cours;Vérification d'identité;492.56
590;15/05/2026 11:24:54;;Souscription en cours;Vérification d'identité;849.17
591;15/05/2026 11:24:45;;Dossier validé;Parcours terminé;644.62
592;15/05/2026 11:24:45;;Dossier validé;Parcours terminé;202.66
593;15/05/2026 11:21:13;;Souscription en cours;Coordonnées personnelles;376.08
594;15/05/2026 11:21:13;;Souscription en cours;Coordonnées personnelles;421.62
595;15/05/2026 11:19:32;;Souscription non démarrée;Parcours non démarré;788.97
596;15/05/2026 11:19:32;;Souscription non démarrée;Parcours non démarré;399.79
597;15/05/2026 11:16:21;;Souscription en cours;Choix de l'offre et livraison;329.24
598;15/05/2026 11:16:21;;Souscription en cours;Choix de l'offre et livraison;718.52
599;15/05/2026 11:11:08;;Souscription en cours;Choix de l'offre et livraison;684.16
600;15/05/2026 11:11:08;;Souscription en cours;Choix de l'offre et livraison;883.53
601;15/05/2026 11:01:40;;Souscription en cours;Coordonnées personnelles;855.95
602;15/05/2026 11:01:40;;Souscription en cours;Coordonnées personnelles;405.50
603;15/05/2026 10:59:45;;En attente d'analyse Agent - Dossier avec erreurs;Signature Contrat;477.57
604;15/05/2026 10:59:45;;En attente d'analyse Agent - Dossier avec erreurs;Signature Contrat;906.08
605;15/05/2026 10:48:58;;En attente d'analyse Agent - Dossier avec erreurs;Signature Contrat;286.88
606;15/05/2026 10:48:58;;En attente d'analyse Agent - Dossier avec erreurs;Signature Contrat;556.04
607;15/05/2026 10:48:02;;Souscription non démarrée;Parcours non démarré;483.17
608;15/05/2026 10:48:02;;Souscription non démarrée;Parcours non démarré;307.89
609;15/05/2026 10:44:09;;Souscription en cours;Coordonnées personnelles;537.59
610;15/05/2026 10:44:09;;Souscription en cours;Coordonnées personnelles;868.40
611;15/05/2026 10:38:49;;Souscription en cours;Choix de l'offre et livraison;900.00
612;15/05/2026 10:38:49;;Souscription en cours;Choix de l'offre et livraison;217.83
613;15/05/2026 10:36:56;;En attente d'analyse Agent - Dossier avec erreurs;Signature Contrat;199.02
614;15/05/2026 10:36:56;;En attente d'analyse Agent - Dossier avec erreurs;Signature Contrat;930.85
615;15/05/2026 10:34:26;;Souscription en cours;Vérification d'identité;615.57
616;15/05/2026 10:34:26;;Souscription en cours;Vérification d'identité;601.84
617;15/05/2026 10:33:55;;Dossier validé;Parcours terminé;838.32
618;15/05/2026 10:33:55;;Dossier validé;Parcours terminé;292.16
619;15/05/2026 10:28:37;;Dossier validé;Parcours terminé;854.66
620;15/05/2026 10:28:37;;Dossier validé;Parcours terminé;141.70
621;15/05/2026 10:18:56;;Souscription en cours;Coordonnées personnelles;228.48
622;15/05/2026 10:18:56;;Souscription en cours;Coordonnées personnelles;475.73
623;15/05/2026 10:07:13;;Souscription en cours;Signature Contrat;410.78
624;15/05/2026 10:07:13;;Souscription en cours;Signature Contrat;244.25
625;15/05/2026 10:04:50;;Dossier refusé;Saisie société;318.81
626;15/05/2026 10:04:50;;Dossier refusé;Saisie société;190.42
627;15/05/2026 10:01:25;;Dossier validé;Parcours terminé;533.66
628;15/05/2026 10:01:25;;Dossier validé;Parcours terminé;174.98
629;15/05/2026 10:01:07;;En attente d'analyse Agent - Dossier avec erreurs;Signature Contrat;932.06
630;15/05/2026 10:01:07;;En attente d'analyse Agent - Dossier avec erreurs;Signature Contrat;487.72
631;15/05/2026 09:59:40;;Dossier validé;Parcours terminé;574.67
632;15/05/2026 09:59:40;;Dossier validé;Parcours terminé;422.90
633;15/05/2026 09:57:32;;Dossier refusé;Saisie société;482.54
634;15/05/2026 09:57:32;;Dossier refusé;Saisie société;232.53
635;15/05/2026 09:56:49;;Souscription en cours;Choix de l'offre et livraison;330.70
636;15/05/2026 09:56:49;;Souscription en cours;Choix de l'offre et livraison;276.69
637;15/05/2026 09:54:04;;Dossier refusé;Signature Contrat;758.26
638;15/05/2026 09:54:04;;Dossier refusé;Signature Contrat;397.23
639;15/05/2026 09:50:48;;En attente d'analyse Agent - Dossier avec erreurs;Signature Contrat;767.21
640;15/05/2026 09:50:48;;En attente d'analyse Agent - Dossier avec erreurs;Signature Contrat;752.26
641;15/05/2026 09:39:34;;Souscription en cours;Choix de l'offre et livraison;176.94
642;15/05/2026 09:39:34;;Souscription en cours;Choix de l'offre et livraison;722.41
643;15/05/2026 09:10:59;;En attente d'analyse Agent - Dossier avec erreurs;Signature Contrat;389.90
644;15/05/2026 09:10:59;;En attente d'analyse Agent - Dossier avec erreurs;Signature Contrat;596.45
645;15/05/2026 08:33:38;;Souscription en cours;Vérification d'identité;761.68
646;15/05/2026 08:33:38;;Souscription en cours;Vérification d'identité;907.67
647;15/05/2026 07:31:28;;Dossier refusé;Choix de l'offre et livraison;897.15
648;15/05/2026 07:31:28;;Dossier refusé;Choix de l'offre et livraison;195.08
649;15/05/2026 07:22:27;Manon LEFEBVRE;Dossier validé;Parcours terminé;779.87
650;15/05/2026 07:22:27;Manon LEFEBVRE;Dossier validé;Parcours terminé;759.35
651;15/05/2026 07:12:38;;Dossier validé;Parcours terminé;209.43
652;15/05/2026 07:12:38;;Dossier validé;Parcours terminé;782.25
653;15/05/2026 06:27:36;;Dossier validé;Parcours terminé;677.91
654;15/05/2026 06:27:36;;Dossier validé;Parcours terminé;980.94
655;15/05/2026 06:14:16;;En attente d'analyse Agent - Dossier avec erreurs;Signature Contrat;863.07
656;15/05/2026 06:14:16;;En attente d'analyse Agent - Dossier avec erreurs;Signature Contrat;462.19
657;15/05/2026 06:05:48;;Souscription en cours;Coordonnées personnelles;182.43
658;15/05/2026 06:05:48;;Souscription en cours;Coordonnées personnelles;670.40
659;15/05/2026 05:52:49;;Souscription en cours;Signature Contrat;399.88
660;15/05/2026 05:52:49;;Souscription en cours;Signature Contrat;673.95
661;15/05/2026 04:57:10;;En attente d'analyse Agent - Dossier avec erreurs;Signature Contrat;983.10
662;15/05/2026 04:57:10;;En attente d'analyse Agent - Dossier avec erreurs;Signature Contrat;370.05
663;15/05/2026 01:49:47;;Dossier validé;Parcours terminé;985.12
664;15/05/2026 01:49:47;;Dossier validé;Parcours terminé;166.41
665;15/05/2026 01:23:52;;Souscription en cours;Synchronisation référentiel personne NOVA;238.37
666;15/05/2026 01:23:52;;Souscription en cours;Synchronisation référentiel personne NOVA;191.92
667;15/05/2026 01:02:20;;Souscription en cours;Coordonnées personnelles;771.37
668;15/05/2026 01:02:20;;Souscription en cours;Coordonnées personnelles;214.35
669;15/05/2026 00:56:10;;En attente d'analyse Agent - Dossier avec erreurs;Signature Contrat;588.06
670;15/05/2026 00:56:10;;En attente d'analyse Agent - Dossier avec erreurs;Signature Contrat;959.74
671;15/05/2026 00:47:51;;Dossier validé;Parcours terminé;705.57
672;15/05/2026 00:47:51;;Dossier validé;Parcours terminé;778.67
673;15/05/2026 00:42:12;;Dossier refusé;Saisie société;235.63
674;15/05/2026 00:42:12;;Dossier refusé;Saisie société;807.09
675;15/05/2026 00:38:05;;Dossier validé;Parcours terminé;537.87
676;15/05/2026 00:38:05;;Dossier validé;Parcours terminé;790.34
677;14/05/2026 23:57:25;;Dossier validé;Parcours terminé;225.66
678;14/05/2026 23:57:25;;Dossier validé;Parcours terminé;640.74
679;14/05/2026 23:53:05;;Souscription non démarrée;Parcours non démarré;289.03
680;14/05/2026 23:53:05;;Souscription non démarrée;Parcours non démarré;420.34
681;14/05/2026 23:43:08;;Dossier validé;Parcours terminé;189.45
682;14/05/2026 23:43:08;;Dossier validé;Parcours terminé;293.23
683;14/05/2026 23:42:55;;Souscription en cours;Signature Contrat;184.07
684;14/05/2026 23:42:55;;Souscription en cours;Signature Contrat;214.49
685;14/05/2026 23:19:58;;Souscription non démarrée;Parcours non démarré;722.14
686;14/05/2026 23:19:58;;Souscription non démarrée;Parcours non démarré;498.83
687;14/05/2026 23:10:07;;Souscription en cours;Choix de l'offre et livraison;138.85
688;14/05/2026 23:10:07;;Souscription en cours;Choix de l'offre et livraison;277.33
689;14/05/2026 23:01:52;;En attente d'analyse Agent - Dossier avec erreurs;Signature Contrat;509.56
690;14/05/2026 23:01:52;;En attente d'analyse Agent - Dossier avec erreurs;Signature Contrat;259.17
691;14/05/2026 22:54:28;;Dossier refusé;Saisie société;152.25
692;14/05/2026 22:54:28;;Dossier refusé;Saisie société;183.19
693;14/05/2026 22:47:06;;Souscription en cours;Informations complémentaires (CA, Profession, etc.);538.47
694;14/05/2026 22:47:06;;Souscription en cours;Informations complémentaires (CA, Profession, etc.);932.71
695;14/05/2026 22:46:26;;Souscription en cours;Coordonnées personnelles;174.35
696;14/05/2026 22:46:26;;Souscription en cours;Coordonnées personnelles;795.28
697;14/05/2026 22:39:47;;Souscription non démarrée;Parcours non démarré;953.06
698;14/05/2026 22:39:47;;Souscription non démarrée;Parcours non démarré;548.61
699;14/05/2026 22:25:34;;Souscription en cours;Coordonnées personnelles;956.58
700;14/05/2026 22:25:34;;Souscription en cours;Coordonnées personnelles;560.62
701;14/05/2026 22:14:11;;Souscription en cours;Choix de l'offre et livraison;189.64
702;14/05/2026 22:14:11;;Souscription en cours;Choix de l'offre et livraison;129.36
703;14/05/2026 22:10:03;;En attente d'analyse Agent - Dossier avec erreurs;Signature Contrat;271.90
704;14/05/2026 22:10:03;;En attente d'analyse Agent - Dossier avec erreurs;Signature Contrat;205.42
705;14/05/2026 22:07:40;;Souscription en cours;Informations complémentaires (CA, Profession, etc.);925.84
706;14/05/2026 22:07:40;;Souscription en cours;Informations complémentaires (CA, Profession, etc.);231.06
707;14/05/2026 22:05:10;;Souscription en cours;Choix de l'offre et livraison;713.02
708;14/05/2026 22:05:10;;Souscription en cours;Choix de l'offre et livraison;472.49
709;14/05/2026 22:00:34;;Souscription en cours;Coordonnées personnelles;944.82
710;14/05/2026 22:00:34;;Souscription en cours;Coordonnées personnelles;316.05
711;14/05/2026 21:46:58;;Souscription non démarrée;Parcours non démarré;969.77
712;14/05/2026 21:46:58;;Souscription non démarrée;Parcours non démarré;309.72
713;14/05/2026 21:38:35;;Souscription en cours;Vérification d'identité;703.25
714;14/05/2026 21:38:35;;Souscription en cours;Vérification d'identité;407.30
715;14/05/2026 21:33:17;;Souscription en cours;Signature Contrat;652.05
716;14/05/2026 21:33:17;;Souscription en cours;Signature Contrat;235.57
717;14/05/2026 21:21:59;;Souscription en cours;Coordonnées personnelles;109.87
718;14/05/2026 21:21:59;;Souscription en cours;Coordonnées personnelles;731.32
719;14/05/2026 21:14:15;;Dossier validé;Parcours terminé;679.95
720;14/05/2026 21:14:15;;Dossier validé;Parcours terminé;784.55
721;14/05/2026 20:53:50;;Dossier validé;Parcours terminé;232.03
722;14/05/2026 20:53:50;;Dossier validé;Parcours terminé;290.08
723;14/05/2026 20:26:06;;Dossier refusé;Signature Contrat;366.56
724;14/05/2026 20:26:06;;Dossier refusé;Signature Contrat;356.60
725;14/05/2026 20:25:00;;Souscription en cours;Signature Contrat;767.59
726;14/05/2026 20:25:00;;Souscription en cours;Signature Contrat;671.67
727;14/05/2026 19:55:14;;Souscription en cours;Coordonnées personnelles;349.24
728;14/05/2026 19:55:14;;Souscription en cours;Coordonnées personnelles;158.05
729;14/05/2026 19:49:17;;Dossier refusé;Signature Contrat;813.25
730;14/05/2026 19:49:17;;Dossier refusé;Signature Contrat;556.68
731;14/05/2026 19:37:18;;Dossier validé;Parcours terminé;489.17
732;14/05/2026 19:37:18;;Dossier validé;Parcours terminé;214.13
733;14/05/2026 19:17:27;;Souscription en cours;Choix de l'offre et livraison;898.92
734;14/05/2026 19:17:27;;Souscription en cours;Choix de l'offre et livraison;536.54
735;14/05/2026 19:15:00;;Souscription en cours;Vérification d'identité;219.90
736;14/05/2026 19:15:00;;Souscription en cours;Vérification d'identité;177.28
737;14/05/2026 19:07:44;Rayan MICHEL;Dossier refusé;Signature Contrat;796.41
738;14/05/2026 19:07:44;Rayan MICHEL;Dossier refusé;Signature Contrat;697.39
739;14/05/2026 18:57:11;;Dossier refusé;Saisie société;446.79
740;14/05/2026 18:57:11;;Dossier refusé;Saisie société;804.63
741;14/05/2026 18:49:40;;Souscription en cours;Signature Contrat;421.66
742;14/05/2026 18:49:40;;Souscription en cours;Signature Contrat;436.65
743;14/05/2026 18:49:09;;Souscription en cours;Choix de l'offre et livraison;903.53
744;14/05/2026 18:49:09;;Souscription en cours;Choix de l'offre et livraison;621.16
745;14/05/2026 18:45:11;;En attente d'analyse Agent - Dossier avec erreurs;Signature Contrat;605.43
746;14/05/2026 18:45:11;;En attente d'analyse Agent - Dossier avec erreurs;Signature Contrat;499.42
747;14/05/2026 18:43:52;;Dossier validé;Parcours terminé;155.96
748;14/05/2026 18:43:52;;Dossier validé;Parcours terminé;321.52
749;14/05/2026 18:43:04;;Dossier validé;Parcours terminé;536.21
750;14/05/2026 18:43:04;;Dossier validé;Parcours terminé;158.46
751;14/05/2026 18:28:04;;Souscription en cours;Vérification d'identité;273.12
752;14/05/2026 18:28:04;;Souscription en cours;Vérification d'identité;254.11
753;14/05/2026 18:25:11;;En attente d'analyse Agent - Dossier sans erreur;Parcours terminé;486.17
754;14/05/2026 18:25:11;;En attente d'analyse Agent - Dossier sans erreur;Parcours terminé;349.68
755;14/05/2026 18:11:26;;Souscription en cours;Signature Contrat;793.64
756;14/05/2026 18:11:26;;Souscription en cours;Signature Contrat;820.72
757;14/05/2026 18:05:31;;Souscription en cours;Choix de l'offre et livraison;480.38
758;14/05/2026 18:05:31;;Souscription en cours;Choix de l'offre et livraison;813.74
759;14/05/2026 17:27:49;;Dossier validé;Parcours terminé;643.84
760;14/05/2026 17:27:49;;Dossier validé;Parcours terminé;657.42
761;14/05/2026 17:24:40;;Souscription en cours;Informations complémentaires (CA, Profession, etc.);829.11
762;14/05/2026 17:24:40;;Souscription en cours;Informations complémentaires (CA, Profession, etc.);737.65
763;14/05/2026 17:23:07;;En attente d'analyse Agent - Dossier sans erreur;Parcours terminé;456.86
764;14/05/2026 17:23:07;;En attente d'analyse Agent - Dossier sans erreur;Parcours terminé;555.17
765;14/05/2026 17:20:48;;Souscription non démarrée;Parcours non démarré;633.93
766;14/05/2026 17:20:48;;Souscription non démarrée;Parcours non démarré;423.53
767;14/05/2026 17:00:22;;Souscription en cours;Bénéficiaire effectifs;460.55
768;14/05/2026 17:00:22;;Souscription en cours;Bénéficiaire effectifs;159.58
769;14/05/2026 16:54:50;;Souscription non démarrée;Parcours non démarré;626.19
770;14/05/2026 16:54:50;;Souscription non démarrée;Parcours non démarré;313.30
771;14/05/2026 16:48:28;;Souscription en cours;Signature Contrat;394.67
772;14/05/2026 16:48:28;;Souscription en cours;Signature Contrat;450.16
773;14/05/2026 16:44:05;;En attente d'analyse Agent - Dossier avec erreurs;Signature Contrat;325.86
774;14/05/2026 16:44:05;;En attente d'analyse Agent - Dossier avec erreurs;Signature Contrat;429.70
775;14/05/2026 16:37:26;;Souscription en cours;Choix de l'offre et livraison;455.13
776;14/05/2026 16:37:26;;Souscription en cours;Choix de l'offre et livraison;526.83
777;14/05/2026 16:27:39;;Souscription en cours;Synchronisation référentiel personne NOVA;953.82
778;14/05/2026 16:27:39;;Souscription en cours;Synchronisation référentiel personne NOVA;520.40
779;14/05/2026 16:21:00;;Souscription en cours;Signature Contrat;850.96
780;14/05/2026 16:21:00;;Souscription en cours;Signature Contrat;224.71
781;14/05/2026 16:14:38;;Dossier validé;Parcours terminé;611.35
782;14/05/2026 16:14:38;;Dossier validé;Parcours terminé;385.19
783;14/05/2026 16:08:17;;Dossier validé;Parcours terminé;332.99
784;14/05/2026 16:08:17;;Dossier validé;Parcours terminé;526.46
785;14/05/2026 16:03:06;;Dossier refusé;Signature Contrat;232.67
786;14/05/2026 16:03:06;;Dossier refusé;Signature Contrat;215.80
787;14/05/2026 15:59:06;;Souscription en cours;Coordonnées personnelles;646.03
788;14/05/2026 15:59:06;;Souscription en cours;Coordonnées personnelles;375.32
789;14/05/2026 15:57:26;;Souscription en cours;Informations complémentaires (CA, Profession, etc.);570.48
790;14/05/2026 15:57:26;;Souscription en cours;Informations complémentaires (CA, Profession, etc.);345.81
791;14/05/2026 15:56:25;;Souscription non démarrée;Parcours non démarré;721.27
792;14/05/2026 15:56:25;;Souscription non démarrée;Parcours non démarré;307.73
793;14/05/2026 15:56:12;;Souscription en cours;Coordonnées personnelles;776.97
794;14/05/2026 15:56:12;;Souscription en cours;Coordonnées personnelles;971.82
795;14/05/2026 15:45:21;;Dossier validé;Parcours terminé;408.39
796;14/05/2026 15:45:21;;Dossier validé;Parcours terminé;969.18
797;14/05/2026 15:42:11;;Souscription non démarrée;Parcours non démarré;430.19
798;14/05/2026 15:42:11;;Souscription non démarrée;Parcours non démarré;766.96
799;14/05/2026 15:37:07;;Souscription en cours;Coordonnées personnelles;366.93
800;14/05/2026 15:37:07;;Souscription en cours;Coordonnées personnelles;450.63
801;14/05/2026 15:36:03;;Dossier validé;Parcours terminé;229.34
802;14/05/2026 15:36:03;;Dossier validé;Parcours terminé;796.37
803;14/05/2026 15:35:33;;Souscription en cours;Coordonnées personnelles;889.38
804;14/05/2026 15:35:33;;Souscription en cours;Coordonnées personnelles;673.12
805;14/05/2026 15:34:18;;Souscription en cours;Coordonnées personnelles;309.31
806;14/05/2026 15:34:18;;Souscription en cours;Coordonnées personnelles;189.09
807;14/05/2026 15:33:06;;En attente d'analyse Agent - Dossier avec erreurs;Signature Contrat;300.98
808;14/05/2026 15:33:06;;En attente d'analyse Agent - Dossier avec erreurs;Signature Contrat;299.67
809;14/05/2026 15:32:20;;Dossier refusé;Saisie société;865.08
810;14/05/2026 15:32:20;;Dossier refusé;Saisie société;301.45
811;14/05/2026 15:31:23;;Souscription en cours;Signature Contrat;983.91
812;14/05/2026 15:31:23;;Souscription en cours;Signature Contrat;412.02
813;14/05/2026 15:30:08;;Dossier validé;Parcours terminé;104.41
814;14/05/2026 15:30:08;;Dossier validé;Parcours terminé;386.02
815;14/05/2026 15:23:30;;Souscription non démarrée;Parcours non démarré;981.69
816;14/05/2026 15:23:30;;Souscription non démarrée;Parcours non démarré;255.91
817;14/05/2026 15:16:16;;En attente d'analyse Agent - Dossier avec erreurs;Signature Contrat;199.85
818;14/05/2026 15:16:16;;En attente d'analyse Agent - Dossier avec erreurs;Signature Contrat;914.20
819;14/05/2026 15:14:54;;Souscription en cours;Informations complémentaires (Etablissements, etc.);832.74
820;14/05/2026 15:14:54;;Souscription en cours;Informations complémentaires (Etablissements, etc.);939.43
821;14/05/2026 15:13:01;;Souscription en cours;Coordonnées personnelles;941.67
822;14/05/2026 15:13:01;;Souscription en cours;Coordonnées personnelles;596.30
823;14/05/2026 15:08:12;;Souscription en cours;Choix de l'offre et livraison;166.19
824;14/05/2026 15:08:12;;Souscription en cours;Choix de l'offre et livraison;617.44
825;14/05/2026 15:06:15;;Dossier refusé;Saisie société;388.47
826;14/05/2026 15:06:15;;Dossier refusé;Saisie société;314.34
827;14/05/2026 15:04:30;;Dossier refusé;Saisie société;882.34
828;14/05/2026 15:04:30;;Dossier refusé;Saisie société;203.23
829;14/05/2026 15:03:52;;Dossier refusé;Saisie société;704.52
830;14/05/2026 15:03:52;;Dossier refusé;Saisie société;681.57
831;14/05/2026 15:02:03;;En attente d'analyse Agent - Dossier avec erreurs;Signature Contrat;658.13
832;14/05/2026 15:02:03;;En attente d'analyse Agent - Dossier avec erreurs;Signature Contrat;555.30
833;14/05/2026 15:00:32;;Dossier validé;Parcours terminé;967.45
834;14/05/2026 15:00:32;;Dossier validé;Parcours terminé;132.05
835;14/05/2026 14:53:47;;Souscription en cours;Signature Contrat;417.14
836;14/05/2026 14:53:47;;Souscription en cours;Signature Contrat;594.76
837;14/05/2026 14:52:34;;Souscription en cours;Coordonnées personnelles;789.64
838;14/05/2026 14:52:34;;Souscription en cours;Coordonnées personnelles;161.31
839;14/05/2026 14:41:40;;Dossier refusé;Signature Contrat;192.88
840;14/05/2026 14:41:40;;Dossier refusé;Signature Contrat;263.50
841;14/05/2026 14:39:54;;Souscription en cours;Vérification d'identité;395.98
842;14/05/2026 14:39:54;;Souscription en cours;Vérification d'identité;734.92
843;14/05/2026 14:39:19;;Dossier validé;Parcours terminé;919.34
844;14/05/2026 14:39:19;;Dossier validé;Parcours terminé;953.10
845;14/05/2026 14:39:03;Hugo MARTIN;Dossier validé;Parcours terminé;482.26
846;14/05/2026 14:39:03;Hugo MARTIN;Dossier validé;Parcours terminé;650.45
847;14/05/2026 14:37:14;;Souscription en cours;Informations complémentaires (CA, Profession, etc.);557.39
848;14/05/2026 14:37:14;;Souscription en cours;Informations complémentaires (CA, Profession, etc.);598.47
849;14/05/2026 14:36:41;;Dossier validé;Parcours terminé;850.36
850;14/05/2026 14:36:41;;Dossier validé;Parcours terminé;228.83
851;14/05/2026 14:34:06;;En attente d'analyse Agent - Dossier avec erreurs;Signature Contrat;600.18
852;14/05/2026 14:34:06;;En attente d'analyse Agent - Dossier avec erreurs;Signature Contrat;751.49
853;14/05/2026 14:33:57;;Dossier validé;Parcours terminé;941.36
854;14/05/2026 14:33:57;;Dossier validé;Parcours terminé;389.58
855;14/05/2026 14:32:34;;Souscription en cours;Coordonnées personnelles;461.13
856;14/05/2026 14:32:34;;Souscription en cours;Coordonnées personnelles;510.32
857;14/05/2026 14:31:21;;Souscription en cours;Informations complémentaires (CA, Profession, etc.);139.66
858;14/05/2026 14:31:21;;Souscription en cours;Informations complémentaires (CA, Profession, etc.);962.12
859;14/05/2026 14:26:08;;Dossier validé;Parcours terminé;988.96
860;14/05/2026 14:26:08;;Dossier validé;Parcours terminé;386.34
861;14/05/2026 14:23:00;;Dossier refusé;Coordonnées personnelles;340.42
862;14/05/2026 14:23:00;;Dossier refusé;Coordonnées personnelles;301.78
863;14/05/2026 14:22:46;;Souscription en cours;Coordonnées personnelles;603.87
864;14/05/2026 14:22:46;;Souscription en cours;Coordonnées personnelles;381.34
865;14/05/2026 14:02:20;Z5681453;Dossier validé;Parcours terminé;768.78
866;14/05/2026 14:02:20;Z5681453;Dossier validé;Parcours terminé;772.76
867;14/05/2026 13:54:54;;En attente d'analyse Agent - Dossier avec erreurs;Signature Contrat;455.42
868;14/05/2026 13:54:54;;En attente d'analyse Agent - Dossier avec erreurs;Signature Contrat;625.22
869;14/05/2026 13:35:27;;Dossier validé;Parcours terminé;225.76
870;14/05/2026 13:35:27;;Dossier validé;Parcours terminé;696.80
871;14/05/2026 13:33:09;;Dossier refusé;Saisie société;948.96
872;14/05/2026 13:33:09;;Dossier refusé;Saisie société;828.86
873;14/05/2026 13:32:54;;Souscription en cours;Vérification d'identité;822.56
874;14/05/2026 13:32:54;;Souscription en cours;Vérification d'identité;760.25
875;14/05/2026 13:30:16;;Souscription en cours;Choix de l'offre et livraison;556.73
876;14/05/2026 13:30:16;;Souscription en cours;Choix de l'offre et livraison;915.54
877;14/05/2026 13:28:27;;Souscription non démarrée;Parcours non démarré;527.86
878;14/05/2026 13:28:27;;Souscription non démarrée;Parcours non démarré;590.63
879;14/05/2026 13:21:30;;Dossier validé;Parcours terminé;820.38
880;14/05/2026 13:21:30;;Dossier validé;Parcours terminé;668.55
881;14/05/2026 13:19:58;;Souscription non démarrée;Parcours non démarré;835.51
882;14/05/2026 13:19:58;;Souscription non démarrée;Parcours non démarré;523.43
883;14/05/2026 13:17:44;Z5681453;Dossier refusé;Saisie société;757.42
884;14/05/2026 13:17:44;Z5681453;Dossier refusé;Saisie société;581.49
885;14/05/2026 13:11:19;;Souscription en cours;Choix de l'offre et livraison;370.13
886;14/05/2026 13:11:19;;Souscription en cours;Choix de l'offre et livraison;269.06
887;14/05/2026 13:10:11;;Souscription en cours;Coordonnées personnelles;255.07
888;14/05/2026 13:10:11;;Souscription en cours;Coordonnées personnelles;216.31
889;14/05/2026 13:02:25;;Dossier refusé;Signature Contrat;729.60
890;14/05/2026 13:02:25;;Dossier refusé;Signature Contrat;337.84
891;14/05/2026 12:55:24;;Souscription en cours;Coordonnées personnelles;692.01
892;14/05/2026 12:55:24;;Souscription en cours;Coordonnées personnelles;817.50
893;14/05/2026 12:52:10;;Dossier refusé;Choix de l'offre et livraison;202.58
894;14/05/2026 12:52:10;;Dossier refusé;Choix de l'offre et livraison;834.00
895;14/05/2026 12:49:16;;Souscription en cours;Synchronisation référentiel personne NOVA;736.90
896;14/05/2026 12:49:16;;Souscription en cours;Synchronisation référentiel personne NOVA;853.90
897;14/05/2026 12:39:58;;Souscription en cours;Choix de l'offre et livraison;810.13
898;14/05/2026 12:39:58;;Souscription en cours;Choix de l'offre et livraison;169.35
899;14/05/2026 12:36:15;;Dossier validé;Parcours terminé;130.22
900;14/05/2026 12:36:15;;Dossier validé;Parcours terminé;719.42
901;14/05/2026 12:34:23;;Dossier validé;Parcours terminé;557.99
902;14/05/2026 12:34:23;;Dossier validé;Parcours terminé;671.52
903;14/05/2026 12:02:21;;Dossier validé;Parcours terminé;705.36
904;14/05/2026 12:02:21;;Dossier validé;Parcours terminé;891.26
905;14/05/2026 11:54:36;;Dossier validé;Parcours terminé;418.63
906;14/05/2026 11:54:36;;Dossier validé;Parcours terminé;484.24
907;14/05/2026 11:53:26;;Souscription en cours;Vérification d'identité;883.22
908;14/05/2026 11:53:26;;Souscription en cours;Vérification d'identité;503.36
909;14/05/2026 11:52:37;;En attente d'analyse Agent - Dossier avec erreurs;Signature Contrat;880.07
910;14/05/2026 11:52:37;;En attente d'analyse Agent - Dossier avec erreurs;Signature Contrat;506.75
911;14/05/2026 11:48:31;;Souscription en cours;Vérification d'identité;532.73
912;14/05/2026 11:48:31;;Souscription en cours;Vérification d'identité;723.32
913;14/05/2026 11:44:59;;Dossier refusé;Saisie société;497.83
914;14/05/2026 11:44:59;;Dossier refusé;Saisie société;953.29
915;14/05/2026 11:44:37;;Souscription en cours;Coordonnées personnelles;151.67
916;14/05/2026 11:44:37;;Souscription en cours;Coordonnées personnelles;283.89
917;14/05/2026 11:44:25;;En attente d'analyse Agent - Dossier avec erreurs;Signature Contrat;494.99
918;14/05/2026 11:44:25;;En attente d'analyse Agent - Dossier avec erreurs;Signature Contrat;840.63
919;14/05/2026 11:38:29;;Dossier validé;Parcours terminé;414.72
920;14/05/2026 11:38:29;;Dossier validé;Parcours terminé;352.22
921;14/05/2026 11:35:23;;Souscription en cours;Informations complémentaires (Etablissements, etc.);412.57
922;14/05/2026 11:35:23;;Souscription en cours;Informations complémentaires (Etablissements, etc.);996.07
923;14/05/2026 11:32:49;;Dossier refusé;Signature Contrat;573.69
924;14/05/2026 11:32:49;;Dossier refusé;Signature Contrat;693.13
925;14/05/2026 11:17:47;;Dossier validé;Parcours terminé;918.07
926;14/05/2026 11:17:47;;Dossier validé;Parcours terminé;888.27
927;14/05/2026 11:16:06;;Souscription en cours;Informations complémentaires (Etablissements, etc.);944.03
928;14/05/2026 11:16:06;;Souscription en cours;Informations complémentaires (Etablissements, etc.);989.88
929;14/05/2026 11:15:20;;Souscription en cours;Coordonnées personnelles;830.84
930;14/05/2026 11:15:20;;Souscription en cours;Coordonnées personnelles;155.81
931;14/05/2026 11:13:39;;Dossier validé;Parcours terminé;315.60
932;14/05/2026 11:13:39;;Dossier validé;Parcours terminé;762.89
933;14/05/2026 11:12:18;;Dossier validé;Parcours terminé;959.90
934;14/05/2026 11:12:18;;Dossier validé;Parcours terminé;203.52
935;14/05/2026 11:06:03;;Dossier refusé;Saisie société;667.45
936;14/05/2026 11:06:03;;Dossier refusé;Saisie société;696.21
937;14/05/2026 11:02:42;;Dossier validé;Parcours terminé;800.59
938;14/05/2026 11:02:42;;Dossier validé;Parcours terminé;390.03
939;14/05/2026 10:59:10;;Dossier refusé;Choix de l'offre et livraison;371.78
940;14/05/2026 10:59:10;;Dossier refusé;Choix de l'offre et livraison;633.83
941;14/05/2026 10:56:28;;Dossier validé;Parcours terminé;550.82
942;14/05/2026 10:56:28;;Dossier validé;Parcours terminé;919.03
943;14/05/2026 10:56:27;;Souscription en cours;Synchronisation référentiel personne NOVA;240.11
944;14/05/2026 10:56:27;;Souscription en cours;Synchronisation référentiel personne NOVA;776.46
945;14/05/2026 10:55:07;;Souscription en cours;Coordonnées personnelles;216.42
946;14/05/2026 10:55:07;;Souscription en cours;Coordonnées personnelles;830.42
947;14/05/2026 10:49:53;;Souscription en cours;Coordonnées personnelles;615.19
948;14/05/2026 10:49:53;;Souscription en cours;Coordonnées personnelles;247.64
949;14/05/2026 10:42:00;;Dossier validé;Parcours terminé;114.79
950;14/05/2026 10:42:00;;Dossier validé;Parcours terminé;226.66
951;14/05/2026 10:36:50;;Dossier refusé;Saisie société;706.96
952;14/05/2026 10:36:50;;Dossier refusé;Saisie société;907.18
953;14/05/2026 10:36:02;;Souscription en cours;Signature Contrat;288.52
954;14/05/2026 10:36:02;;Souscription en cours;Signature Contrat;893.66
955;14/05/2026 10:35:24;;Souscription en cours;Coordonnées personnelles;925.66
956;14/05/2026 10:35:24;;Souscription en cours;Coordonnées personnelles;761.79
957;14/05/2026 10:25:57;;Souscription en cours;Signature Contrat;416.54
958;14/05/2026 10:25:57;;Souscription en cours;Signature Contrat;710.73
959;14/05/2026 10:12:52;;Dossier refusé;Saisie société;514.91
960;14/05/2026 10:12:52;;Dossier refusé;Saisie société;255.10
961;14/05/2026 10:10:22;;Dossier validé;Parcours terminé;922.65
962;14/05/2026 10:10:22;;Dossier validé;Parcours terminé;425.58
963;14/05/2026 10:08:33;;Souscription en cours;Signature Contrat;941.45
964;14/05/2026 10:08:33;;Souscription en cours;Signature Contrat;267.69
965;14/05/2026 10:05:25;;Souscription non démarrée;Parcours non démarré;964.52
966;14/05/2026 10:05:25;;Souscription non démarrée;Parcours non démarré;366.92
967;14/05/2026 09:53:04;;Souscription en cours;Coordonnées personnelles;755.62
968;14/05/2026 09:53:04;;Souscription en cours;Coordonnées personnelles;582.86
969;14/05/2026 09:41:00;;Souscription en cours;Coordonnées personnelles;849.07
970;14/05/2026 09:41:00;;Souscription en cours;Coordonnées personnelles;586.04
971;14/05/2026 09:40:58;;Dossier validé;Parcours terminé;687.25
972;14/05/2026 09:40:58;;Dossier validé;Parcours terminé;919.79
973;14/05/2026 09:39:57;;En attente d'analyse Agent - Dossier avec erreurs;Signature Contrat;507.65
974;14/05/2026 09:39:57;;En attente d'analyse Agent - Dossier avec erreurs;Signature Contrat;575.95
975;14/05/2026 09:35:24;;Souscription en cours;Coordonnées personnelles;218.44
976;14/05/2026 09:35:24;;Souscription en cours;Coordonnées personnelles;797.39
977;14/05/2026 09:32:04;;Dossier validé;Parcours terminé;565.04
978;14/05/2026 09:32:04;;Dossier validé;Parcours terminé;538.53
979;14/05/2026 09:11:17;;Dossier refusé;Saisie société;514.30
980;14/05/2026 09:11:17;;Dossier refusé;Saisie société;891.51
981;14/05/2026 09:11:16;;Souscription non démarrée;Parcours non démarré;784.61
982;14/05/2026 09:11:16;;Souscription non démarrée;Parcours non démarré;284.96
983;14/05/2026 08:51:21;;Souscription en cours;Coordonnées personnelles;815.10
984;14/05/2026 08:51:21;;Souscription en cours;Coordonnées personnelles;223.25
985;14/05/2026 08:27:46;;Dossier refusé;Saisie société;301.50
986;14/05/2026 08:27:46;;Dossier refusé;Saisie société;503.49
987;14/05/2026 07:55:38;;Souscription en cours;Signature Contrat;903.65
988;14/05/2026 07:55:38;;Souscription en cours;Signature Contrat;120.80
989;14/05/2026 07:36:00;;Souscription en cours;Coordonnées personnelles;378.94
990;14/05/2026 07:36:00;;Souscription en cours;Coordonnées personnelles;624.09
991;14/05/2026 07:03:00;;En attente d'analyse Agent - Dossier avec erreurs;Signature Contrat;764.03
992;14/05/2026 07:03:00;;En attente d'analyse Agent - Dossier avec erreurs;Signature Contrat;552.04
993;14/05/2026 07:00:34;;En attente d'analyse Agent - Dossier avec erreurs;Signature Contrat;819.19
994;14/05/2026 07:00:34;;En attente d'analyse Agent - Dossier avec erreurs;Signature Contrat;470.45
995;14/05/2026 06:43:57;;Souscription en cours;Bénéficiaire effectifs;600.17
996;14/05/2026 06:43:57;;Souscription en cours;Bénéficiaire effectifs;944.57
997;14/05/2026 04:55:53;;Souscription en cours;Choix de l'offre et livraison;921.26
998;14/05/2026 04:55:53;;Souscription en cours;Choix de l'offre et livraison;805.94
999;14/05/2026 03:46:19;;Dossier refusé;Signature Contrat;729.58
1000;14/05/2026 03:46:19;;Dossier refusé;Signature Contrat;238.10
1001;14/05/2026 02:01:00;;Dossier validé;Parcours terminé;752.42
1002;14/05/2026 02:01:00;;Dossier validé;Parcours terminé;303.14
1003;14/05/2026 01:34:08;;Souscription en cours;Vérification d'identité;541.38
1004;14/05/2026 01:34:08;;Souscription en cours;Vérification d'identité;848.64
1005;14/05/2026 01:32:10;;En attente d'analyse Agent - Dossier avec erreurs;Signature Contrat;117.59
1006;14/05/2026 01:32:10;;En attente d'analyse Agent - Dossier avec erreurs;Signature Contrat;403.07
1007;14/05/2026 01:21:14;;Dossier validé;Parcours terminé;176.15
1008;14/05/2026 01:21:14;;Dossier validé;Parcours terminé;404.06
1009;14/05/2026 00:25:38;;Souscription non démarrée;Parcours non démarré;984.56
1010;14/05/2026 00:25:38;;Souscription non démarrée;Parcours non démarré;481.66
1011;13/05/2026 23:59:23;;Dossier validé;Parcours terminé;406.00
1012;13/05/2026 23:59:23;;Dossier validé;Parcours terminé;963.72
1013;13/05/2026 23:48:43;;Souscription en cours;Choix de l'offre et livraison;430.57
1014;13/05/2026 23:48:43;;Souscription en cours;Choix de l'offre et livraison;500.33
1015;13/05/2026 23:46:49;;Souscription non démarrée;Parcours non démarré;540.48
1016;13/05/2026 23:46:49;;Souscription non démarrée;Parcours non démarré;167.92
1017;13/05/2026 23:45:39;Hugo MARTIN;Dossier validé;Parcours terminé;562.76
1018;13/05/2026 23:45:39;Hugo MARTIN;Dossier validé;Parcours terminé;510.46
1019;13/05/2026 23:42:35;;Dossier validé;Parcours terminé;342.16
1020;13/05/2026 23:42:35;;Dossier validé;Parcours terminé;136.16
1021;13/05/2026 23:35:50;;Souscription en cours;Vérification d'identité;546.67
1022;13/05/2026 23:35:50;;Souscription en cours;Vérification d'identité;611.15
1023;13/05/2026 23:23:36;;Dossier validé;Parcours terminé;435.92
1024;13/05/2026 23:23:36;;Dossier validé;Parcours terminé;288.56
1025;13/05/2026 23:23:22;;Dossier validé;Parcours terminé;248.19
1026;13/05/2026 23:23:22;;Dossier validé;Parcours terminé;923.91
1027;13/05/2026 23:10:40;;Dossier validé;Parcours terminé;216.79
1028;13/05/2026 23:10:40;;Dossier validé;Parcours terminé;389.37
1029;13/05/2026 23:06:48;;Souscription en cours;Choix de l'offre et livraison;877.89
1030;13/05/2026 23:06:48;;Souscription en cours;Choix de l'offre et livraison;437.45
1031;13/05/2026 22:29:02;;Dossier refusé;Saisie société;153.20
1032;13/05/2026 22:29:02;;Dossier refusé;Saisie société;294.13
1033;13/05/2026 22:27:49;;Dossier refusé;Signature Contrat;136.12
1034;13/05/2026 22:27:49;;Dossier refusé;Signature Contrat;578.63
1035;13/05/2026 22:15:12;;Dossier validé;Parcours terminé;202.75
1036;13/05/2026 22:15:12;;Dossier validé;Parcours terminé;142.92
1037;13/05/2026 22:10:55;;En attente d'analyse Agent - Dossier avec erreurs;Signature Contrat;992.94
1038;13/05/2026 22:10:55;;En attente d'analyse Agent - Dossier avec erreurs;Signature Contrat;688.40
1039;13/05/2026 21:59:35;;Dossier validé;Parcours terminé;220.92
1040;13/05/2026 21:59:35;;Dossier validé;Parcours terminé;811.85
1041;13/05/2026 21:46:07;;Souscription non démarrée;Parcours non démarré;899.51
1042;13/05/2026 21:46:07;;Souscription non démarrée;Parcours non démarré;989.71
1043;13/05/2026 21:45:23;Z5681453;Dossier refusé;Saisie société;276.60
1044;13/05/2026 21:45:23;Z5681453;Dossier refusé;Saisie société;155.65
1045;13/05/2026 21:27:22;;Souscription non démarrée;Parcours non démarré;852.23
1046;13/05/2026 21:27:22;;Souscription non démarrée;Parcours non démarré;175.04
1047;13/05/2026 21:20:40;;Souscription en cours;Vérification d'identité;693.61
1048;13/05/2026 21:20:40;;Souscription en cours;Vérification d'identité;309.03
1049;13/05/2026 21:11:59;;Souscription en cours;Signature Contrat;630.48
1050;13/05/2026 21:11:59;;Souscription en cours;Signature Contrat;840.62
1051;13/05/2026 21:03:58;;Souscription en cours;Vérification d'identité;310.05
1052;13/05/2026 21:03:58;;Souscription en cours;Vérification d'identité;731.46
1053;13/05/2026 20:38:43;;Souscription en cours;Signature Contrat;942.27
1054;13/05/2026 20:38:43;;Souscription en cours;Signature Contrat;874.20
1055;13/05/2026 20:26:23;;Souscription en cours;Coordonnées personnelles;474.17
1056;13/05/2026 20:26:23;;Souscription en cours;Coordonnées personnelles;514.04
1057;13/05/2026 20:16:17;;Souscription non démarrée;Parcours non démarré;694.12
1058;13/05/2026 20:16:17;;Souscription non démarrée;Parcours non démarré;565.63
1059;13/05/2026 19:58:22;;Souscription en cours;Signature Contrat;923.76
1060;13/05/2026 19:58:22;;Souscription en cours;Signature Contrat;295.49
1061;13/05/2026 19:56:36;;Dossier validé;Parcours terminé;413.07
1062;13/05/2026 19:56:36;;Dossier validé;Parcours terminé;368.50
1063;13/05/2026 19:53:11;;Souscription en cours;Vérification d'identité;816.55
1064;13/05/2026 19:53:11;;Souscription en cours;Vérification d'identité;289.86
1065;13/05/2026 19:34:50;;Souscription en cours;Signature Contrat;487.37
1066;13/05/2026 19:34:50;;Souscription en cours;Signature Contrat;894.34
1067;13/05/2026 19:30:21;;Dossier refusé;Saisie société;747.45
1068;13/05/2026 19:30:21;;Dossier refusé;Saisie société;258.19
1069;13/05/2026 19:24:11;;Dossier validé;Parcours terminé;818.11
1070;13/05/2026 19:24:11;;Dossier validé;Parcours terminé;268.66
1071;13/05/2026 19:23:49;;Souscription en cours;Choix de l'offre et livraison;472.92
1072;13/05/2026 19:23:49;;Souscription en cours;Choix de l'offre et livraison;827.92
1073;13/05/2026 19:10:07;;Souscription en cours;Signature Contrat;827.51
1074;13/05/2026 19:10:07;;Souscription en cours;Signature Contrat;417.51
1075;13/05/2026 18:56:22;;Souscription en cours;Choix de l'offre et livraison;697.01
1076;13/05/2026 18:56:22;;Souscription en cours;Choix de l'offre et livraison;593.88
1077;13/05/2026 18:49:29;;Souscription en cours;Bénéficiaire effectifs;787.55
1078;13/05/2026 18:49:29;;Souscription en cours;Bénéficiaire effectifs;545.09
1079;13/05/2026 18:42:18;;Souscription en cours;Choix de l'offre et livraison;939.01
1080;13/05/2026 18:42:18;;Souscription en cours;Choix de l'offre et livraison;347.23
1081;13/05/2026 18:38:05;;Souscription en cours;Vérification d'identité;850.46
1082;13/05/2026 18:38:05;;Souscription en cours;Vérification d'identité;574.49
1083;13/05/2026 18:36:42;;Souscription en cours;Informations complémentaires (CA, Profession, etc.);899.14
1084;13/05/2026 18:36:42;;Souscription en cours;Informations complémentaires (CA, Profession, etc.);391.74
1085;13/05/2026 18:35:09;;En attente d'analyse Agent - Dossier avec erreurs;Signature Contrat;644.96
1086;13/05/2026 18:35:09;;En attente d'analyse Agent - Dossier avec erreurs;Signature Contrat;506.97
1087;13/05/2026 18:12:24;;Souscription en cours;Choix de l'offre et livraison;878.14
1088;13/05/2026 18:12:24;;Souscription en cours;Choix de l'offre et livraison;422.62
1089;13/05/2026 18:12:11;;Dossier validé;Parcours terminé;921.78
1090;13/05/2026 18:12:11;;Dossier validé;Parcours terminé;729.50
1091;13/05/2026 17:52:15;;Dossier validé;Parcours terminé;429.93
1092;13/05/2026 17:52:15;;Dossier validé;Parcours terminé;585.87
1093;13/05/2026 17:50:48;;Souscription en cours;Choix de l'offre et livraison;135.07
1094;13/05/2026 17:50:48;;Souscription en cours;Choix de l'offre et livraison;398.31
1095;13/05/2026 17:45:44;;En attente d'analyse Agent - Dossier avec erreurs;Signature Contrat;846.89
1096;13/05/2026 17:45:44;;En attente d'analyse Agent - Dossier avec erreurs;Signature Contrat;497.60
1097;13/05/2026 17:36:59;;Souscription en cours;Vérification d'identité;332.39
1098;13/05/2026 17:36:59;;Souscription en cours;Vérification d'identité;286.68
1099;13/05/2026 17:34:39;;Souscription en cours;Coordonnées personnelles;945.96
1100;13/05/2026 17:34:39;;Souscription en cours;Coordonnées personnelles;778.01
1101;13/05/2026 17:25:59;;En attente d'analyse Agent - Dossier avec erreurs;Signature Contrat;896.96
1102;13/05/2026 17:25:59;;En attente d'analyse Agent - Dossier avec erreurs;Signature Contrat;763.15
1103;13/05/2026 17:25:14;;Souscription en cours;Coordonnées personnelles;900.47
1104;13/05/2026 17:25:14;;Souscription en cours;Coordonnées personnelles;560.31
1105;13/05/2026 17:19:31;;Dossier validé;Parcours terminé;665.61
1106;13/05/2026 17:19:31;;Dossier validé;Parcours terminé;125.96
1107;13/05/2026 17:13:17;;Souscription en cours;Choix de l'offre et livraison;692.56
1108;13/05/2026 17:13:17;;Souscription en cours;Choix de l'offre et livraison;784.68
1109;13/05/2026 17:03:29;;Souscription en cours;Coordonnées personnelles;729.52
1110;13/05/2026 17:03:29;;Souscription en cours;Coordonnées personnelles;547.11
1111;13/05/2026 17:00:45;;Dossier validé;Parcours terminé;525.90
1112;13/05/2026 17:00:45;;Dossier validé;Parcours terminé;962.59
1113;13/05/2026 16:55:48;;Souscription non démarrée;Parcours non démarré;819.23
1114;13/05/2026 16:55:48;;Souscription non démarrée;Parcours non démarré;971.34
1115;13/05/2026 16:50:43;;Dossier refusé;Saisie société;534.12
1116;13/05/2026 16:50:43;;Dossier refusé;Saisie société;509.29
1117;13/05/2026 16:46:17;;Dossier validé;Parcours terminé;216.95
1118;13/05/2026 16:46:17;;Dossier validé;Parcours terminé;703.28
1119;13/05/2026 16:38:22;;Dossier validé;Parcours terminé;544.93
1120;13/05/2026 16:38:22;;Dossier validé;Parcours terminé;832.31
1121;13/05/2026 16:37:16;;Dossier validé;Parcours terminé;365.79
1122;13/05/2026 16:37:16;;Dossier validé;Parcours terminé;385.56
1123;13/05/2026 16:32:24;;Souscription en cours;Synchronisation référentiel personne NOVA;262.04
1124;13/05/2026 16:32:24;;Souscription en cours;Synchronisation référentiel personne NOVA;722.57
1125;13/05/2026 16:18:26;;Souscription en cours;Informations complémentaires (Etablissements, etc.);532.70
1126;13/05/2026 16:18:26;;Souscription en cours;Informations complémentaires (Etablissements, etc.);497.12
1127;13/05/2026 15:53:57;;Souscription en cours;Synchronisation référentiel personne NOVA;167.03
1128;13/05/2026 15:53:57;;Souscription en cours;Synchronisation référentiel personne NOVA;215.54
1129;13/05/2026 15:53:04;;En attente d'analyse Agent - Dossier avec erreurs;Signature Contrat;486.56
1130;13/05/2026 15:53:04;;En attente d'analyse Agent - Dossier avec erreurs;Signature Contrat;218.24
1131;13/05/2026 15:48:34;;En attente d'analyse Agent - Dossier avec erreurs;Signature Contrat;489.61
1132;13/05/2026 15:48:34;;En attente d'analyse Agent - Dossier avec erreurs;Signature Contrat;400.09
1133;13/05/2026 15:48:20;;Souscription en cours;Signature Contrat;332.18
1134;13/05/2026 15:48:20;;Souscription en cours;Signature Contrat;115.37
1135;13/05/2026 15:48:01;;Dossier refusé;Signature Contrat;792.52
1136;13/05/2026 15:48:01;;Dossier refusé;Signature Contrat;604.99
1137;13/05/2026 15:47:44;;Souscription en cours;Signature Contrat;558.02
1138;13/05/2026 15:47:44;;Souscription en cours;Signature Contrat;289.86
1139;13/05/2026 15:40:34;;Souscription en cours;Bénéficiaire effectifs;368.50
1140;13/05/2026 15:40:34;;Souscription en cours;Bénéficiaire effectifs;160.47
1141;13/05/2026 15:34:18;;Souscription en cours;Coordonnées personnelles;198.68
1142;13/05/2026 15:34:18;;Souscription en cours;Coordonnées personnelles;430.02
1143;13/05/2026 15:33:02;;Souscription en cours;Coordonnées personnelles;952.08
1144;13/05/2026 15:33:02;;Souscription en cours;Coordonnées personnelles;228.33
1145;13/05/2026 15:19:49;;Souscription en cours;Coordonnées personnelles;109.71
1146;13/05/2026 15:19:49;;Souscription en cours;Coordonnées personnelles;306.07
1147;13/05/2026 15:16:15;;En attente d'analyse Agent - Dossier avec erreurs;Signature Contrat;301.37
1148;13/05/2026 15:16:15;;En attente d'analyse Agent - Dossier avec erreurs;Signature Contrat;738.81
1149;13/05/2026 15:16:02;;Souscription en cours;Informations complémentaires (Etablissements, etc.);655.59
1150;13/05/2026 15:16:02;;Souscription en cours;Informations complémentaires (Etablissements, etc.);400.11
1151;13/05/2026 15:11:56;;Dossier validé;Parcours terminé;286.75
1152;13/05/2026 15:11:56;;Dossier validé;Parcours terminé;903.83
1153;13/05/2026 15:10:06;;Souscription en cours;Coordonnées personnelles;704.31
1154;13/05/2026 15:10:06;;Souscription en cours;Coordonnées personnelles;745.07
1155;13/05/2026 15:09:36;;Souscription en cours;Informations complémentaires (Etablissements, etc.);910.85
1156;13/05/2026 15:09:36;;Souscription en cours;Informations complémentaires (Etablissements, etc.);646.24
1157;13/05/2026 15:08:36;;Dossier refusé;Saisie société;282.82
1158;13/05/2026 15:08:36;;Dossier refusé;Saisie société;840.36
1159;13/05/2026 15:03:55;;Souscription en cours;Signature Contrat;636.99
1160;13/05/2026 15:03:55;;Souscription en cours;Signature Contrat;486.39
1161;13/05/2026 14:44:48;;Dossier validé;Parcours terminé;214.25
1162;13/05/2026 14:44:48;;Dossier validé;Parcours terminé;134.86
1163;13/05/2026 14:41:10;;Souscription en cours;Coordonnées personnelles;476.74
1164;13/05/2026 14:41:10;;Souscription en cours;Coordonnées personnelles;162.64
1165;13/05/2026 14:39:28;;En attente d'analyse Agent - Dossier avec erreurs;Signature Contrat;978.66
1166;13/05/2026 14:39:28;;En attente d'analyse Agent - Dossier avec erreurs;Signature Contrat;856.73
1167;13/05/2026 14:38:11;;Dossier validé;Parcours terminé;812.86
1168;13/05/2026 14:38:11;;Dossier validé;Parcours terminé;282.40
1169;13/05/2026 14:29:27;;Dossier validé;Parcours terminé;280.27
1170;13/05/2026 14:29:27;;Dossier validé;Parcours terminé;556.41
1171;13/05/2026 14:25:19;;Souscription en cours;Coordonnées personnelles;966.11
1172;13/05/2026 14:25:19;;Souscription en cours;Coordonnées personnelles;325.87
1173;13/05/2026 14:16:55;;Dossier refusé;Saisie société;950.81
1174;13/05/2026 14:16:55;;Dossier refusé;Saisie société;302.13
1175;13/05/2026 14:06:50;;Dossier validé;Parcours terminé;295.55
1176;13/05/2026 14:06:50;;Dossier validé;Parcours terminé;811.23
1177;13/05/2026 14:05:07;;Souscription en cours;Vérification d'identité;224.22
1178;13/05/2026 14:05:07;;Souscription en cours;Vérification d'identité;204.68
1179;13/05/2026 13:53:09;;En attente d'analyse Agent - Dossier avec erreurs;Signature Contrat;351.29
1180;13/05/2026 13:53:09;;En attente d'analyse Agent - Dossier avec erreurs;Signature Contrat;548.60
1181;13/05/2026 13:50:34;;En attente d'analyse Agent - Dossier avec erreurs;Signature Contrat;582.97
1182;13/05/2026 13:50:34;;En attente d'analyse Agent - Dossier avec erreurs;Signature Contrat;882.29
1183;13/05/2026 13:39:18;;Dossier refusé;Saisie société;151.26
1184;13/05/2026 13:39:18;;Dossier refusé;Saisie société;976.36
1185;13/05/2026 13:15:50;;Souscription en cours;Coordonnées personnelles;602.76
1186;13/05/2026 13:15:50;;Souscription en cours;Coordonnées personnelles;204.11
1187;13/05/2026 13:06:13;;Dossier validé;Parcours terminé;512.11
1188;13/05/2026 13:06:13;;Dossier validé;Parcours terminé;296.50
1189;13/05/2026 12:31:50;;Souscription en cours;Vérification d'identité;608.83
1190;13/05/2026 12:31:50;;Souscription en cours;Vérification d'identité;143.89
1191;13/05/2026 12:19:32;;Dossier validé;Parcours terminé;784.78
1192;13/05/2026 12:19:32;;Dossier validé;Parcours terminé;191.03
1193;13/05/2026 12:14:36;;Souscription en cours;Informations complémentaires (CA, Profession, etc.);650.48
1194;13/05/2026 12:14:36;;Souscription en cours;Informations complémentaires (CA, Profession, etc.);196.10
1195;13/05/2026 12:12:23;;Souscription non démarrée;Parcours non démarré;350.27
1196;13/05/2026 12:12:23;;Souscription non démarrée;Parcours non démarré;197.41
1197;13/05/2026 12:11:11;;Souscription en cours;Signature Contrat;954.77
1198;13/05/2026 12:11:11;;Souscription en cours;Signature Contrat;508.52
1199;13/05/2026 12:02:28;;Souscription en cours;Coordonnées personnelles;233.46
1200;13/05/2026 12:02:28;;Souscription en cours;Coordonnées personnelles;961.58
1201;13/05/2026 11:42:38;;Souscription en cours;Choix de l'offre et livraison;640.08
1202;13/05/2026 11:42:38;;Souscription en cours;Choix de l'offre et livraison;138.59
1203;13/05/2026 11:41:10;;Souscription non démarrée;Parcours non démarré;149.88
1204;13/05/2026 11:41:10;;Souscription non démarrée;Parcours non démarré;359.99
1205;13/05/2026 11:37:25;;Dossier validé;Parcours terminé;363.21
1206;13/05/2026 11:37:25;;Dossier validé;Parcours terminé;722.00
1207;13/05/2026 11:28:16;;Souscription en cours;Choix de l'offre et livraison;169.64
1208;13/05/2026 11:28:16;;Souscription en cours;Choix de l'offre et livraison;384.01
1209;13/05/2026 11:21:09;;Dossier validé;Parcours terminé;295.63
1210;13/05/2026 11:21:09;;Dossier validé;Parcours terminé;255.48
1211;13/05/2026 11:15:08;;Dossier validé;Parcours terminé;650.39
1212;13/05/2026 11:15:08;;Dossier validé;Parcours terminé;356.27
1213;13/05/2026 11:11:38;;Souscription en cours;Vérification d'identité;369.48
1214;13/05/2026 11:11:38;;Souscription en cours;Vérification d'identité;558.66
1215;13/05/2026 11:11:17;;Dossier validé;Parcours terminé;416.81
1216;13/05/2026 11:11:17;;Dossier validé;Parcours terminé;731.23
1217;13/05/2026 11:10:09;;Souscription en cours;Vérification d'identité;616.94
1218;13/05/2026 11:10:09;;Souscription en cours;Vérification d'identité;449.86
1219;13/05/2026 11:06:43;;Dossier refusé;Saisie société;970.29
1220;13/05/2026 11:06:43;;Dossier refusé;Saisie société;945.67
1221;13/05/2026 10:57:36;;Dossier validé;Parcours terminé;177.10
1222;13/05/2026 10:57:36;;Dossier validé;Parcours terminé;382.10
1223;13/05/2026 10:51:34;;En attente d'analyse Agent - Dossier avec erreurs;Signature Contrat;123.33
1224;13/05/2026 10:51:34;;En attente d'analyse Agent - Dossier avec erreurs;Signature Contrat;591.22
1225;13/05/2026 10:51:08;;Dossier validé;Parcours terminé;145.94
1226;13/05/2026 10:51:08;;Dossier validé;Parcours terminé;850.79
1227;13/05/2026 10:50:57;;Dossier validé;Parcours terminé;692.52
1228;13/05/2026 10:50:57;;Dossier validé;Parcours terminé;334.70
1229;13/05/2026 10:49:33;;Dossier validé;Parcours terminé;243.35
1230;13/05/2026 10:49:33;;Dossier validé;Parcours terminé;187.72
1231;13/05/2026 10:45:14;;Souscription en cours;Vérification d'identité;989.49
1232;13/05/2026 10:45:14;;Souscription en cours;Vérification d'identité;618.07
1233;13/05/2026 10:39:39;;Souscription en cours;Signature Contrat;849.75
1234;13/05/2026 10:39:39;;Souscription en cours;Signature Contrat;972.44
1235;13/05/2026 10:38:02;;Dossier refusé;Saisie société;299.98
1236;13/05/2026 10:38:02;;Dossier refusé;Saisie société;866.80
1237;13/05/2026 10:35:51;Adam LAURENT;Dossier validé;Parcours terminé;668.91
1238;13/05/2026 10:35:51;Adam LAURENT;Dossier validé;Parcours terminé;768.61
1239;13/05/2026 10:35:14;;Souscription en cours;Coordonnées personnelles;134.37
1240;13/05/2026 10:35:14;;Souscription en cours;Coordonnées personnelles;537.93
1241;13/05/2026 10:28:08;;Dossier validé;Parcours terminé;334.39
1242;13/05/2026 10:28:08;;Dossier validé;Parcours terminé;965.78
1243;13/05/2026 10:27:13;;Souscription en cours;Choix de l'offre et livraison;767.48
1244;13/05/2026 10:27:13;;Souscription en cours;Choix de l'offre et livraison;103.18
1245;13/05/2026 10:19:20;;Dossier refusé;Signature Contrat;301.18
1246;13/05/2026 10:19:20;;Dossier refusé;Signature Contrat;690.60
1247;13/05/2026 10:17:03;;Souscription en cours;Synchronisation référentiel personne NOVA;192.09
1248;13/05/2026 10:17:03;;Souscription en cours;Synchronisation référentiel personne NOVA;480.95
1249;13/05/2026 10:14:50;;Dossier validé;Parcours terminé;939.15
1250;13/05/2026 10:14:50;;Dossier validé;Parcours terminé;530.24
1251;13/05/2026 10:06:34;;Souscription en cours;Coordonnées personnelles;722.55
1252;13/05/2026 10:06:34;;Souscription en cours;Coordonnées personnelles;360.63
1253;13/05/2026 10:06:08;;Souscription en cours;Coordonnées personnelles;732.14
1254;13/05/2026 10:06:08;;Souscription en cours;Coordonnées personnelles;826.39
1255;13/05/2026 10:04:03;;Dossier validé;Parcours terminé;311.22
1256;13/05/2026 10:04:03;;Dossier validé;Parcours terminé;741.77
1257;13/05/2026 10:03:05;;Dossier validé;Parcours terminé;754.93
1258;13/05/2026 10:03:05;;Dossier validé;Parcours terminé;908.59
1259;13/05/2026 10:02:15;Zoé MULLER;Dossier validé;Parcours terminé;191.98
1260;13/05/2026 10:02:15;Zoé MULLER;Dossier validé;Parcours terminé;625.84
1261;13/05/2026 09:53:01;;Souscription en cours;Signature Contrat;226.08
1262;13/05/2026 09:53:01;;Souscription en cours;Signature Contrat;496.33
1263;13/05/2026 09:50:15;;En attente d'analyse Agent - Dossier avec erreurs;Signature Contrat;147.00
1264;13/05/2026 09:50:15;;En attente d'analyse Agent - Dossier avec erreurs;Signature Contrat;799.61
1265;13/05/2026 09:44:04;;Dossier refusé;Signature Contrat;853.80
1266;13/05/2026 09:44:04;;Dossier refusé;Signature Contrat;269.65
1267;13/05/2026 09:43:00;;Dossier validé;Parcours terminé;465.89
1268;13/05/2026 09:43:00;;Dossier validé;Parcours terminé;117.61
1269;13/05/2026 09:30:41;;Souscription en cours;Coordonnées personnelles;816.83
1270;13/05/2026 09:30:41;;Souscription en cours;Coordonnées personnelles;134.91
1271;13/05/2026 09:28:03;;Souscription en cours;Signature Contrat;390.81
1272;13/05/2026 09:28:03;;Souscription en cours;Signature Contrat;764.86
1273;13/05/2026 09:25:58;;Dossier validé;Parcours terminé;881.03
1274;13/05/2026 09:25:58;;Dossier validé;Parcours terminé;401.58
1275;13/05/2026 09:23:16;;Souscription en cours;Coordonnées personnelles;739.77
1276;13/05/2026 09:23:16;;Souscription en cours;Coordonnées personnelles;739.06
1277;13/05/2026 09:21:54;;Dossier validé;Parcours terminé;513.75
1278;13/05/2026 09:21:54;;Dossier validé;Parcours terminé;862.16
1279;13/05/2026 09:19:37;;Souscription en cours;Synchronisation référentiel personne NOVA;623.82
1280;13/05/2026 09:19:37;;Souscription en cours;Synchronisation référentiel personne NOVA;927.21
1281;13/05/2026 09:06:17;;Souscription en cours;Choix de l'offre et livraison;578.97
1282;13/05/2026 09:06:17;;Souscription en cours;Choix de l'offre et livraison;733.70
1283;13/05/2026 09:05:18;;Souscription non démarrée;Parcours non démarré;797.95
1284;13/05/2026 09:05:18;;Souscription non démarrée;Parcours non démarré;743.67
1285;13/05/2026 08:53:41;;Dossier validé;Parcours terminé;915.55
1286;13/05/2026 08:53:41;;Dossier validé;Parcours terminé;337.57
1287;13/05/2026 08:41:05;;Souscription en cours;Coordonnées personnelles;350.69
1288;13/05/2026 08:41:05;;Souscription en cours;Coordonnées personnelles;176.39
1289;13/05/2026 08:39:25;;Dossier refusé;Signature Contrat;953.02
1290;13/05/2026 08:39:25;;Dossier refusé;Signature Contrat;416.47
1291;13/05/2026 08:33:11;Z5681453;Dossier validé;Parcours terminé;205.28
1292;13/05/2026 08:33:11;Z5681453;Dossier validé;Parcours terminé;999.62
1293;13/05/2026 08:26:16;;Dossier validé;Parcours terminé;248.42
1294;13/05/2026 08:26:16;;Dossier validé;Parcours terminé;760.38
1295;13/05/2026 08:22:45;;Dossier validé;Parcours terminé;310.28
1296;13/05/2026 08:22:45;;Dossier validé;Parcours terminé;380.70
1297;13/05/2026 08:14:18;;Dossier validé;Parcours terminé;716.91
1298;13/05/2026 08:14:18;;Dossier validé;Parcours terminé;320.83
1299;13/05/2026 08:09:29;Adam LAURENT;Dossier validé;Parcours terminé;522.26
1300;13/05/2026 08:09:29;Adam LAURENT;Dossier validé;Parcours terminé;219.74
1301;13/05/2026 07:48:16;;Dossier refusé;Informations complémentaires (Etablissements, etc.);503.35
1302;13/05/2026 07:48:16;;Dossier refusé;Informations complémentaires (Etablissements, etc.);424.48
1303;13/05/2026 05:28:59;;Souscription en cours;Coordonnées personnelles;820.98
1304;13/05/2026 05:28:59;;Souscription en cours;Coordonnées personnelles;514.26
1305;13/05/2026 05:06:38;;Souscription non démarrée;Parcours non démarré;129.41
1306;13/05/2026 05:06:38;;Souscription non démarrée;Parcours non démarré;559.66
1307;13/05/2026 04:37:47;;Souscription non démarrée;Parcours non démarré;617.50
1308;13/05/2026 04:37:47;;Souscription non démarrée;Parcours non démarré;681.39
1309;13/05/2026 02:57:19;;Souscription non démarrée;Parcours non démarré;599.87
1310;13/05/2026 02:57:19;;Souscription non démarrée;Parcours non démarré;477.95
1311;13/05/2026 02:49:01;;En attente d'analyse Agent - Dossier avec erreurs;Signature Contrat;242.19
1312;13/05/2026 02:49:01;;En attente d'analyse Agent - Dossier avec erreurs;Signature Contrat;782.53
1313;13/05/2026 01:34:51;Manon LEFEBVRE;Dossier refusé;Saisie société;258.28
1314;13/05/2026 01:34:51;Manon LEFEBVRE;Dossier refusé;Saisie société;327.83
1315;13/05/2026 00:38:09;;Dossier refusé;Saisie société;702.30
1316;13/05/2026 00:38:09;;Dossier refusé;Saisie société;230.36
1317;12/05/2026 23:28:32;;Dossier validé;Parcours terminé;110.90
1318;12/05/2026 23:28:32;;Dossier validé;Parcours terminé;646.23
1319;12/05/2026 23:28:16;;Souscription en cours;Coordonnées personnelles;959.84
1320;12/05/2026 23:28:16;;Souscription en cours;Coordonnées personnelles;680.42
1321;12/05/2026 23:10:08;;Souscription en cours;Vérification d'identité;319.49
1322;12/05/2026 23:10:08;;Souscription en cours;Vérification d'identité;572.17
1323;12/05/2026 23:07:25;;Souscription en cours;Coordonnées personnelles;970.22
1324;12/05/2026 23:07:25;;Souscription en cours;Coordonnées personnelles;343.46
1325;12/05/2026 22:53:48;;Dossier validé;Parcours terminé;423.85
1326;12/05/2026 22:53:48;;Dossier validé;Parcours terminé;324.20
1327;12/05/2026 22:20:10;;Souscription en cours;Coordonnées personnelles;919.50
1328;12/05/2026 22:20:10;;Souscription en cours;Coordonnées personnelles;951.69
1329;12/05/2026 22:14:41;;Dossier validé;Parcours terminé;965.20
1330;12/05/2026 22:14:41;;Dossier validé;Parcours terminé;850.70
1331;12/05/2026 22:01:53;;Souscription non démarrée;Parcours non démarré;468.08
1332;12/05/2026 22:01:53;;Souscription non démarrée;Parcours non démarré;965.72
1333;12/05/2026 21:53:11;;Souscription en cours;Signature Contrat;562.09
1334;12/05/2026 21:53:11;;Souscription en cours;Signature Contrat;147.93
1335;12/05/2026 21:51:27;;Dossier refusé;Saisie société;720.31
1336;12/05/2026 21:51:27;;Dossier refusé;Saisie société;914.18
1337;12/05/2026 21:47:20;;Dossier validé;Parcours terminé;504.53
1338;12/05/2026 21:47:20;;Dossier validé;Parcours terminé;725.75
1339;12/05/2026 21:43:13;;Dossier validé;Parcours terminé;599.64
1340;12/05/2026 21:43:13;;Dossier validé;Parcours terminé;176.76
1341;12/05/2026 21:40:42;;Souscription non démarrée;Parcours non démarré;397.88
1342;12/05/2026 21:40:42;;Souscription non démarrée;Parcours non démarré;932.84
1343;12/05/2026 21:32:02;;Dossier validé;Parcours terminé;181.19
1344;12/05/2026 21:32:02;;Dossier validé;Parcours terminé;165.27
1345;12/05/2026 21:24:19;;Dossier refusé;Saisie société;592.50
1346;12/05/2026 21:24:19;;Dossier refusé;Saisie société;545.92
1347;12/05/2026 21:16:21;;Dossier refusé;Saisie société;210.38
1348;12/05/2026 21:16:21;;Dossier refusé;Saisie société;703.31
1349;12/05/2026 21:07:03;;Dossier refusé;Signature Contrat;581.50
1350;12/05/2026 21:07:03;;Dossier refusé;Signature Contrat;206.02
1351;12/05/2026 20:56:56;;Dossier validé;Parcours terminé;487.66
1352;12/05/2026 20:56:56;;Dossier validé;Parcours terminé;543.91
1353;12/05/2026 20:50:23;;En attente d'analyse Agent - Dossier avec erreurs;Signature Contrat;577.46
1354;12/05/2026 20:50:23;;En attente d'analyse Agent - Dossier avec erreurs;Signature Contrat;768.35
1355;12/05/2026 20:39:58;;Dossier validé;Parcours terminé;643.42
1356;12/05/2026 20:39:58;;Dossier validé;Parcours terminé;294.02
1357;12/05/2026 20:31:45;;Souscription en cours;Coordonnées personnelles;995.05
1358;12/05/2026 20:31:45;;Souscription en cours;Coordonnées personnelles;848.63
1359;12/05/2026 20:26:03;;Souscription en cours;Coordonnées personnelles;299.03
1360;12/05/2026 20:26:03;;Souscription en cours;Coordonnées personnelles;674.54
1361;12/05/2026 20:24:25;;En attente d'analyse Agent - Dossier avec erreurs;Signature Contrat;823.97
1362;12/05/2026 20:24:25;;En attente d'analyse Agent - Dossier avec erreurs;Signature Contrat;372.38
1363;12/05/2026 20:23:20;;Souscription non démarrée;Parcours non démarré;509.16
1364;12/05/2026 20:23:20;;Souscription non démarrée;Parcours non démarré;669.91
1365;12/05/2026 20:12:16;;Souscription en cours;Coordonnées personnelles;337.62
1366;12/05/2026 20:12:16;;Souscription en cours;Coordonnées personnelles;478.42
1367;12/05/2026 20:10:07;;Souscription en cours;Criblages BE(s);692.22
1368;12/05/2026 20:10:07;;Souscription en cours;Criblages BE(s);946.75
1369;12/05/2026 20:08:12;;Souscription en cours;Coordonnées personnelles;773.04
1370;12/05/2026 20:08:12;;Souscription en cours;Coordonnées personnelles;624.02
1371;12/05/2026 19:54:44;;Souscription non démarrée;Parcours non démarré;662.51
1372;12/05/2026 19:54:44;;Souscription non démarrée;Parcours non démarré;527.23
1373;12/05/2026 19:53:08;;Dossier validé;Parcours terminé;938.81
1374;12/05/2026 19:53:08;;Dossier validé;Parcours terminé;282.28
1375;12/05/2026 19:50:00;;Dossier validé;Parcours terminé;156.95
1376;12/05/2026 19:50:00;;Dossier validé;Parcours terminé;206.89
1377;12/05/2026 19:47:21;;Souscription en cours;Choix de l'offre et livraison;802.45
1378;12/05/2026 19:47:21;;Souscription en cours;Choix de l'offre et livraison;907.28
1379;12/05/2026 19:47:13;;Dossier validé;Parcours terminé;542.77
1380;12/05/2026 19:47:13;;Dossier validé;Parcours terminé;354.05
1381;12/05/2026 19:37:48;;Dossier validé;Parcours terminé;793.14
1382;12/05/2026 19:37:48;;Dossier validé;Parcours terminé;113.91
1383;12/05/2026 19:26:12;;En attente d'analyse Agent - Dossier avec erreurs;Signature Contrat;181.48
1384;12/05/2026 19:26:12;;En attente d'analyse Agent - Dossier avec erreurs;Signature Contrat;342.71
1385;12/05/2026 19:24:00;Hugo MARTIN;Dossier validé;Parcours terminé;834.95
1386;12/05/2026 19:24:00;Hugo MARTIN;Dossier validé;Parcours terminé;305.92
1387;12/05/2026 18:56:14;;Souscription en cours;Signature Contrat;362.51
1388;12/05/2026 18:56:14;;Souscription en cours;Signature Contrat;169.82
1389;12/05/2026 18:54:23;;Souscription non démarrée;Parcours non démarré;971.45
1390;12/05/2026 18:54:23;;Souscription non démarrée;Parcours non démarré;687.26
1391;12/05/2026 18:49:00;;Dossier refusé;Saisie société;975.10
1392;12/05/2026 18:49:00;;Dossier refusé;Saisie société;210.77
1393;12/05/2026 18:48:52;;En attente d'analyse Agent - Dossier avec erreurs;Signature Contrat;374.62
1394;12/05/2026 18:48:52;;En attente d'analyse Agent - Dossier avec erreurs;Signature Contrat;396.07
1395;12/05/2026 18:46:26;;Souscription en cours;Informations complémentaires (Etablissements, etc.);410.71
1396;12/05/2026 18:46:26;;Souscription en cours;Informations complémentaires (Etablissements, etc.);202.31
1397;12/05/2026 18:42:42;;Souscription en cours;Choix de l'offre et livraison;401.20
1398;12/05/2026 18:42:42;;Souscription en cours;Choix de l'offre et livraison;442.14
1399;12/05/2026 18:40:02;;Souscription en cours;Coordonnées personnelles;501.32
1400;12/05/2026 18:40:02;;Souscription en cours;Coordonnées personnelles;587.66
1401;12/05/2026 18:33:53;Adam LAURENT;Dossier validé;Parcours terminé;404.50
1402;12/05/2026 18:33:53;Adam LAURENT;Dossier validé;Parcours terminé;293.22
1403;12/05/2026 18:26:38;;Souscription en cours;Coordonnées personnelles;166.82
1404;12/05/2026 18:26:38;;Souscription en cours;Coordonnées personnelles;135.12
1405;12/05/2026 18:15:40;;Souscription non démarrée;Parcours non démarré;696.42
1406;12/05/2026 18:15:40;;Souscription non démarrée;Parcours non démarré;647.66
1407;12/05/2026 18:04:03;;Dossier validé;Parcours terminé;344.91
1408;12/05/2026 18:04:03;;Dossier validé;Parcours terminé;995.97
1409;12/05/2026 18:01:36;;Dossier refusé;Saisie société;986.54
1410;12/05/2026 18:01:36;;Dossier refusé;Saisie société;205.75
1411;12/05/2026 17:55:47;;Dossier refusé;Saisie société;312.17
1412;12/05/2026 17:55:47;;Dossier refusé;Saisie société;639.64
1413;12/05/2026 17:41:56;;Souscription en cours;Choix de l'offre et livraison;276.79
1414;12/05/2026 17:41:56;;Souscription en cours;Choix de l'offre et livraison;839.21
1415;12/05/2026 17:28:25;;Souscription en cours;Vérification d'identité;745.58
1416;12/05/2026 17:28:25;;Souscription en cours;Vérification d'identité;628.50
1417;12/05/2026 17:23:35;;Souscription en cours;Vérification d'identité;946.76
1418;12/05/2026 17:23:35;;Souscription en cours;Vérification d'identité;845.36
1419;12/05/2026 17:15:47;Hugo MARTIN;Dossier validé;Parcours terminé;154.96
1420;12/05/2026 17:15:47;Hugo MARTIN;Dossier validé;Parcours terminé;132.35
1421;12/05/2026 17:12:27;;Dossier validé;Parcours terminé;754.86
1422;12/05/2026 17:12:27;;Dossier validé;Parcours terminé;936.59
1423;12/05/2026 17:10:38;;Souscription en cours;Coordonnées personnelles;172.25
1424;12/05/2026 17:10:38;;Souscription en cours;Coordonnées personnelles;328.22
1425;12/05/2026 17:10:05;;Dossier refusé;Signature Contrat;955.91
1426;12/05/2026 17:10:05;;Dossier refusé;Signature Contrat;142.68
1427;12/05/2026 17:08:44;;Souscription en cours;Signature Contrat;550.27
1428;12/05/2026 17:08:44;;Souscription en cours;Signature Contrat;857.36
1429;12/05/2026 17:08:25;;Souscription non démarrée;Parcours non démarré;820.86
1430;12/05/2026 17:08:25;;Souscription non démarrée;Parcours non démarré;986.48
1431;12/05/2026 17:06:20;;Souscription en cours;Choix de l'offre et livraison;622.78
1432;12/05/2026 17:06:20;;Souscription en cours;Choix de l'offre et livraison;917.66
1433;12/05/2026 16:50:40;;Souscription en cours;Coordonnées personnelles;448.86
1434;12/05/2026 16:50:40;;Souscription en cours;Coordonnées personnelles;889.93
1435;12/05/2026 16:32:47;;Souscription en cours;Vérification d'identité;121.84
1436;12/05/2026 16:32:47;;Souscription en cours;Vérification d'identité;574.32
1437;12/05/2026 16:19:17;;Dossier refusé;Saisie société;157.69
1438;12/05/2026 16:19:17;;Dossier refusé;Saisie société;277.14
1439;12/05/2026 16:13:44;;Souscription en cours;Vérification d'identité;747.58
1440;12/05/2026 16:13:44;;Souscription en cours;Vérification d'identité;374.68
1441;12/05/2026 16:10:08;;Dossier refusé;Saisie société;600.82
1442;12/05/2026 16:10:08;;Dossier refusé;Saisie société;502.70
1443;12/05/2026 16:08:29;;Souscription en cours;Coordonnées personnelles;876.52
1444;12/05/2026 16:08:29;;Souscription en cours;Coordonnées personnelles;195.75
1445;12/05/2026 16:06:18;;Dossier validé;Parcours terminé;531.66
1446;12/05/2026 16:06:18;;Dossier validé;Parcours terminé;532.68
1447;12/05/2026 16:01:41;;Dossier refusé;Choix de l'offre et livraison;864.84
1448;12/05/2026 16:01:41;;Dossier refusé;Choix de l'offre et livraison;850.07
1449;12/05/2026 15:53:38;;Souscription en cours;Vérification d'identité;144.64
1450;12/05/2026 15:53:38;;Souscription en cours;Vérification d'identité;535.39
1451;12/05/2026 15:47:02;;Souscription en cours;Coordonnées personnelles;825.20
1452;12/05/2026 15:47:02;;Souscription en cours;Coordonnées personnelles;502.25
1453;12/05/2026 15:39:50;;En attente d'analyse Agent - Dossier avec erreurs;Signature Contrat;957.20
1454;12/05/2026 15:39:50;;En attente d'analyse Agent - Dossier avec erreurs;Signature Contrat;346.81
1455;12/05/2026 15:36:07;;Dossier validé;Parcours terminé;164.22
1456;12/05/2026 15:36:07;;Dossier validé;Parcours terminé;692.23
1457;12/05/2026 15:35:03;;En attente d'analyse Agent - Dossier avec erreurs;Signature Contrat;527.29
1458;12/05/2026 15:35:03;;En attente d'analyse Agent - Dossier avec erreurs;Signature Contrat;296.43
1459;12/05/2026 15:33:08;;Souscription non démarrée;Parcours non démarré;664.80
1460;12/05/2026 15:33:08;;Souscription non démarrée;Parcours non démarré;495.43
1461;12/05/2026 15:29:48;;Souscription en cours;Coordonnées personnelles;422.70
1462;12/05/2026 15:29:48;;Souscription en cours;Coordonnées personnelles;184.96
1463;12/05/2026 15:20:47;;Souscription en cours;Coordonnées personnelles;828.39
1464;12/05/2026 15:20:47;;Souscription en cours;Coordonnées personnelles;449.68
1465;12/05/2026 15:18:25;;Dossier validé;Parcours terminé;143.04
1466;12/05/2026 15:18:25;;Dossier validé;Parcours terminé;124.98
1467;12/05/2026 15:11:39;;Souscription en cours;Vérification d'identité;817.79
1468;12/05/2026 15:11:39;;Souscription en cours;Vérification d'identité;241.94
1469;12/05/2026 15:11:15;;En attente d'analyse Agent - Dossier avec erreurs;Signature Contrat;238.27
1470;12/05/2026 15:11:15;;En attente d'analyse Agent - Dossier avec erreurs;Signature Contrat;248.51
1471;12/05/2026 15:01:02;;Souscription en cours;Choix de l'offre et livraison;717.27
1472;12/05/2026 15:01:02;;Souscription en cours;Choix de l'offre et livraison;496.41
1473;12/05/2026 14:59:15;;Dossier refusé;Saisie société;502.39
1474;12/05/2026 14:59:15;;Dossier refusé;Saisie société;612.47
1475;12/05/2026 14:58:49;;Souscription en cours;Informations complémentaires (CA, Profession, etc.);739.95
1476;12/05/2026 14:58:49;;Souscription en cours;Informations complémentaires (CA, Profession, etc.);484.15
1477;12/05/2026 14:57:59;;Souscription en cours;Coordonnées personnelles;697.15
1478;12/05/2026 14:57:59;;Souscription en cours;Coordonnées personnelles;384.92
1479;12/05/2026 14:57:06;;Dossier validé;Parcours terminé;257.44
1480;12/05/2026 14:57:06;;Dossier validé;Parcours terminé;835.91
1481;12/05/2026 14:54:49;;Dossier validé;Parcours terminé;427.68
1482;12/05/2026 14:54:49;;Dossier validé;Parcours terminé;440.77
1483;12/05/2026 14:36:17;;Souscription en cours;Coordonnées personnelles;781.27
1484;12/05/2026 14:36:17;;Souscription en cours;Coordonnées personnelles;300.27
1485;12/05/2026 14:31:40;;Dossier validé;Parcours terminé;134.63
1486;12/05/2026 14:31:40;;Dossier validé;Parcours terminé;284.52
1487;12/05/2026 14:31:14;;Dossier refusé;Saisie société;831.60
1488;12/05/2026 14:31:14;;Dossier refusé;Saisie société;518.57
1489;12/05/2026 14:20:24;;Souscription en cours;Informations complémentaires (CA, Profession, etc.);306.18
1490;12/05/2026 14:20:24;;Souscription en cours;Informations complémentaires (CA, Profession, etc.);349.82
1491;12/05/2026 14:07:44;;Souscription en cours;Signature Contrat;378.62
1492;12/05/2026 14:07:44;;Souscription en cours;Signature Contrat;587.27
1493;12/05/2026 13:53:38;;Dossier refusé;Informations complémentaires (CA, Profession, etc.);456.23
1494;12/05/2026 13:53:38;;Dossier refusé;Informations complémentaires (CA, Profession, etc.);767.85
1495;12/05/2026 13:50:49;;Dossier validé;Parcours terminé;183.72
1496;12/05/2026 13:50:49;;Dossier validé;Parcours terminé;856.15
1497;12/05/2026 13:38:12;;Dossier validé;Parcours terminé;212.57
1498;12/05/2026 13:38:12;;Dossier validé;Parcours terminé;538.62
1499;12/05/2026 13:34:23;Zoé MULLER;Dossier validé;Parcours terminé;381.49
1500;12/05/2026 13:34:23;Zoé MULLER;Dossier validé;Parcours terminé;125.31
1501;12/05/2026 13:22:08;;Souscription en cours;Coordonnées personnelles;328.31
1502;12/05/2026 13:22:08;;Souscription en cours;Coordonnées personnelles;163.92
1503;12/05/2026 13:18:59;;Souscription en cours;Coordonnées personnelles;923.24
1504;12/05/2026 13:18:59;;Souscription en cours;Coordonnées personnelles;422.41
1505;12/05/2026 13:10:01;;Souscription en cours;Coordonnées personnelles;964.61
1506;12/05/2026 13:10:01;;Souscription en cours;Coordonnées personnelles;784.22
1507;12/05/2026 12:47:40;;Souscription non démarrée;Parcours non démarré;668.53
1508;12/05/2026 12:47:40;;Souscription non démarrée;Parcours non démarré;371.58
1509;12/05/2026 12:46:07;;Dossier validé;Parcours terminé;345.25
1510;12/05/2026 12:46:07;;Dossier validé;Parcours terminé;238.45
1511;12/05/2026 12:44:16;;Dossier refusé;Saisie société;710.66
1512;12/05/2026 12:44:16;;Dossier refusé;Saisie société;246.75
1513;12/05/2026 12:33:00;;Dossier validé;Parcours terminé;486.84
1514;12/05/2026 12:33:00;;Dossier validé;Parcours terminé;779.27
1515;12/05/2026 12:27:35;;Souscription en cours;Choix de l'offre et livraison;629.73
1516;12/05/2026 12:27:35;;Souscription en cours;Choix de l'offre et livraison;903.91
1517;12/05/2026 12:10:52;;Souscription en cours;Informations complémentaires (CA, Profession, etc.);355.18
1518;12/05/2026 12:10:52;;Souscription en cours;Informations complémentaires (CA, Profession, etc.);312.97
1519;12/05/2026 12:04:05;;Dossier validé;Parcours terminé;280.82
1520;12/05/2026 12:04:05;;Dossier validé;Parcours terminé;223.37
1521;12/05/2026 11:56:17;;Souscription en cours;Coordonnées personnelles;790.12
1522;12/05/2026 11:56:17;;Souscription en cours;Coordonnées personnelles;828.62
1523;12/05/2026 11:55:23;;Souscription en cours;Coordonnées personnelles;750.39
1524;12/05/2026 11:55:23;;Souscription en cours;Coordonnées personnelles;799.55
1525;12/05/2026 11:42:15;;En attente d'analyse Agent - Dossier avec erreurs;Signature Contrat;296.01
1526;12/05/2026 11:42:15;;En attente d'analyse Agent - Dossier avec erreurs;Signature Contrat;340.18
1527;12/05/2026 11:37:17;;Souscription en cours;Coordonnées personnelles;287.64
1528;12/05/2026 11:37:17;;Souscription en cours;Coordonnées personnelles;935.15
1529;12/05/2026 11:36:00;;Dossier validé;Parcours terminé;173.93
1530;12/05/2026 11:36:00;;Dossier validé;Parcours terminé;802.11
1531;12/05/2026 11:29:24;;Souscription en cours;Coordonnées personnelles;965.60
1532;12/05/2026 11:29:24;;Souscription en cours;Coordonnées personnelles;645.97
1533;12/05/2026 11:27:25;;Souscription en cours;Coordonnées personnelles;304.14
1534;12/05/2026 11:27:25;;Souscription en cours;Coordonnées personnelles;621.15
1535;12/05/2026 11:26:19;;Dossier validé;Parcours terminé;630.32
1536;12/05/2026 11:26:19;;Dossier validé;Parcours terminé;302.06
1537;12/05/2026 11:09:49;;Dossier validé;Parcours terminé;185.28
1538;12/05/2026 11:09:49;;Dossier validé;Parcours terminé;411.57
1539;12/05/2026 11:07:47;;Dossier validé;Parcours terminé;277.14
1540;12/05/2026 11:07:47;;Dossier validé;Parcours terminé;926.27
1541;12/05/2026 10:52:49;Adam LAURENT;Dossier validé;Parcours terminé;572.17
1542;12/05/2026 10:52:49;Adam LAURENT;Dossier validé;Parcours terminé;124.41
1543;12/05/2026 10:41:31;;Souscription en cours;Choix de l'offre et livraison;852.53
1544;12/05/2026 10:41:31;;Souscription en cours;Choix de l'offre et livraison;504.04
1545;12/05/2026 10:29:59;;Dossier validé;Parcours terminé;953.72
1546;12/05/2026 10:29:59;;Dossier validé;Parcours terminé;331.35
1547;12/05/2026 10:29:10;;Souscription en cours;Vérification d'identité;874.70
1548;12/05/2026 10:29:10;;Souscription en cours;Vérification d'identité;288.22
1549;12/05/2026 10:18:53;;Dossier refusé;Saisie société;583.27
1550;12/05/2026 10:18:53;;Dossier refusé;Saisie société;390.25
1551;12/05/2026 10:16:10;;Souscription en cours;Criblages BE(s);214.25
1552;12/05/2026 10:16:10;;Souscription en cours;Criblages BE(s);930.18
1553;12/05/2026 09:57:22;;Souscription non démarrée;Parcours non démarré;572.34
1554;12/05/2026 09:57:22;;Souscription non démarrée;Parcours non démarré;841.43
1555;12/05/2026 09:42:40;;Dossier validé;Parcours terminé;749.50
1556;12/05/2026 09:42:40;;Dossier validé;Parcours terminé;956.40
1557;12/05/2026 09:25:30;;Souscription en cours;Signature Contrat;383.20
1558;12/05/2026 09:25:30;;Souscription en cours;Signature Contrat;523.01
1559;12/05/2026 09:12:08;;Dossier validé;Parcours terminé;861.94
1560;12/05/2026 09:12:08;;Dossier validé;Parcours terminé;181.20
1561;12/05/2026 09:11:34;;Souscription en cours;Signature Contrat;381.31
1562;12/05/2026 09:11:34;;Souscription en cours;Signature Contrat;475.79
1563;12/05/2026 09:06:46;;Dossier refusé;Parcours non démarré;659.76
1564;12/05/2026 09:06:46;;Dossier refusé;Parcours non démarré;813.05
1565;12/05/2026 08:52:36;;Souscription en cours;Vérification d'identité;670.76
1566;12/05/2026 08:52:36;;Souscription en cours;Vérification d'identité;694.10
1567;12/05/2026 08:44:35;;Souscription en cours;Vérification d'identité;797.54
1568;12/05/2026 08:44:35;;Souscription en cours;Vérification d'identité;435.59
1569;12/05/2026 08:43:06;;Dossier validé;Parcours terminé;320.28
1570;12/05/2026 08:43:06;;Dossier validé;Parcours terminé;358.80
1571;12/05/2026 08:36:59;;Dossier validé;Parcours terminé;628.65
1572;12/05/2026 08:36:59;;Dossier validé;Parcours terminé;355.74
1573;12/05/2026 08:34:18;Rayan MICHEL;Dossier validé;Parcours terminé;897.90
1574;12/05/2026 08:34:18;Rayan MICHEL;Dossier validé;Parcours terminé;583.91
1575;12/05/2026 08:33:15;;Dossier refusé;Saisie société;813.15
1576;12/05/2026 08:33:15;;Dossier refusé;Saisie société;644.38
1577;12/05/2026 07:59:03;;Souscription non démarrée;Parcours non démarré;444.46
1578;12/05/2026 07:59:03;;Souscription non démarrée;Parcours non démarré;841.78
1579;12/05/2026 07:44:41;;Dossier refusé;Saisie société;814.95
1580;12/05/2026 07:44:41;;Dossier refusé;Saisie société;390.97
1581;12/05/2026 07:05:01;;Souscription en cours;Choix de l'offre et livraison;225.46
1582;12/05/2026 07:05:01;;Souscription en cours;Choix de l'offre et livraison;615.66
1583;12/05/2026 05:57:50;Inès MICHEL;Dossier validé;Parcours terminé;330.29
1584;12/05/2026 05:57:50;Inès MICHEL;Dossier validé;Parcours terminé;403.72
1585;12/05/2026 04:14:55;;Souscription en cours;Coordonnées personnelles;991.94
1586;12/05/2026 04:14:55;;Souscription en cours;Coordonnées personnelles;353.28
1587;12/05/2026 03:24:10;;Dossier validé;Parcours terminé;489.84
1588;12/05/2026 03:24:10;;Dossier validé;Parcours terminé;121.78
1589;12/05/2026 02:59:06;;Souscription en cours;Choix de l'offre et livraison;851.13
1590;12/05/2026 02:59:06;;Souscription en cours;Choix de l'offre et livraison;482.50
1591;12/05/2026 02:50:26;;Souscription en cours;Coordonnées personnelles;185.83
1592;12/05/2026 02:50:26;;Souscription en cours;Coordonnées personnelles;838.45
1593;12/05/2026 01:06:15;;Souscription en cours;Choix de l'offre et livraison;632.04
1594;12/05/2026 01:06:15;;Souscription en cours;Choix de l'offre et livraison;823.67
1595;12/05/2026 00:12:12;;Dossier refusé;Bénéficiaire effectifs;315.66
1596;12/05/2026 00:12:12;;Dossier refusé;Bénéficiaire effectifs;999.43
1597;12/05/2026 00:05:15;;Dossier validé;Parcours terminé;956.13
1598;12/05/2026 00:05:15;;Dossier validé;Parcours terminé;921.10
1599;11/05/2026 23:32:57;;Dossier validé;Parcours terminé;242.26
1600;11/05/2026 23:32:57;;Dossier validé;Parcours terminé;873.46
1601;11/05/2026 23:08:37;;Souscription en cours;Bénéficiaire effectifs;969.19
1602;11/05/2026 23:08:37;;Souscription en cours;Bénéficiaire effectifs;876.82
1603;11/05/2026 22:46:37;;Dossier refusé;Bénéficiaire effectifs;226.54
1604;11/05/2026 22:46:37;;Dossier refusé;Bénéficiaire effectifs;829.48
1605;11/05/2026 22:28:12;;Dossier validé;Parcours terminé;109.77
1606;11/05/2026 22:28:12;;Dossier validé;Parcours terminé;549.40
1607;11/05/2026 22:03:37;;Souscription en cours;Informations complémentaires (Etablissements, etc.);989.54
1608;11/05/2026 22:03:37;;Souscription en cours;Informations complémentaires (Etablissements, etc.);477.72
1609;11/05/2026 22:00:52;;Souscription non démarrée;Parcours non démarré;254.33
1610;11/05/2026 22:00:52;;Souscription non démarrée;Parcours non démarré;990.62
1611;11/05/2026 21:44:35;;Dossier validé;Parcours terminé;628.90
1612;11/05/2026 21:44:35;;Dossier validé;Parcours terminé;330.27
1613;11/05/2026 21:16:28;;Souscription non démarrée;Parcours non démarré;869.64
1614;11/05/2026 21:16:28;;Souscription non démarrée;Parcours non démarré;721.58
1615;11/05/2026 20:42:39;;Dossier validé;Parcours terminé;321.02
1616;11/05/2026 20:42:39;;Dossier validé;Parcours terminé;288.18
1617;11/05/2026 20:07:06;;Souscription non démarrée;Parcours non démarré;128.92
1618;11/05/2026 20:07:06;;Souscription non démarrée;Parcours non démarré;315.10
1619;11/05/2026 19:53:04;;Dossier validé;Parcours terminé;615.81
1620;11/05/2026 19:53:04;;Dossier validé;Parcours terminé;986.25
1621;11/05/2026 19:42:57;;Dossier validé;Parcours terminé;885.10
1622;11/05/2026 19:42:57;;Dossier validé;Parcours terminé;867.26
1623;11/05/2026 19:32:38;Manon LEFEBVRE;Dossier refusé;Signature Contrat;375.60
1624;11/05/2026 19:32:38;Manon LEFEBVRE;Dossier refusé;Signature Contrat;280.22
1625;11/05/2026 19:31:35;;En attente d'analyse Agent - Dossier avec erreurs;Signature Contrat;959.09
1626;11/05/2026 19:31:35;;En attente d'analyse Agent - Dossier avec erreurs;Signature Contrat;230.34
1627;11/05/2026 19:08:54;;Dossier refusé;Saisie société;619.08
1628;11/05/2026 19:08:54;;Dossier refusé;Saisie société;267.94
1629;11/05/2026 18:12:27;;Souscription en cours;Choix de l'offre et livraison;694.34
1630;11/05/2026 18:12:27;;Souscription en cours;Choix de l'offre et livraison;262.00
1631;11/05/2026 18:06:00;;Dossier validé;Parcours terminé;151.78
1632;11/05/2026 18:06:00;;Dossier validé;Parcours terminé;389.44
1633;11/05/2026 18:01:27;;Dossier refusé;Saisie société;930.29
1634;11/05/2026 18:01:27;;Dossier refusé;Saisie société;170.19
1635;11/05/2026 17:57:09;;Souscription non démarrée;Parcours non démarré;533.35
1636;11/05/2026 17:57:09;;Souscription non démarrée;Parcours non démarré;763.67
1637;11/05/2026 17:49:49;;Souscription en cours;Informations complémentaires (Etablissements, etc.);284.19
1638;11/05/2026 17:49:49;;Souscription en cours;Informations complémentaires (Etablissements, etc.);794.65
1639;11/05/2026 17:41:43;;Souscription en cours;Synchronisation référentiel personne NOVA;262.85
1640;11/05/2026 17:41:43;;Souscription en cours;Synchronisation référentiel personne NOVA;678.12
1641;11/05/2026 17:38:56;;Dossier refusé;Saisie société;744.97
1642;11/05/2026 17:38:56;;Dossier refusé;Saisie société;734.13
1643;11/05/2026 17:35:44;;Dossier refusé;Saisie société;641.95
1644;11/05/2026 17:35:44;;Dossier refusé;Saisie société;133.18
1645;11/05/2026 17:27:42;;Souscription en cours;Informations complémentaires (CA, Profession, etc.);974.73
1646;11/05/2026 17:27:42;;Souscription en cours;Informations complémentaires (CA, Profession, etc.);280.01
1647;11/05/2026 17:14:17;;Souscription en cours;Coordonnées personnelles;642.74
1648;11/05/2026 17:14:17;;Souscription en cours;Coordonnées personnelles;555.34
1649;11/05/2026 17:14:02;;Dossier validé;Parcours terminé;191.65
1650;11/05/2026 17:14:02;;Dossier validé;Parcours terminé;889.11
1651;11/05/2026 17:07:54;;Souscription en cours;Signature Contrat;493.68
1652;11/05/2026 17:07:54;;Souscription en cours;Signature Contrat;820.51
1653;11/05/2026 16:51:29;;Souscription en cours;Coordonnées personnelles;211.07
1654;11/05/2026 16:51:29;;Souscription en cours;Coordonnées personnelles;510.07
1655;11/05/2026 16:45:04;;Souscription en cours;Vérification d'identité;353.59
1656;11/05/2026 16:45:04;;Souscription en cours;Vérification d'identité;204.98
1657;11/05/2026 16:41:45;;Souscription en cours;Bénéficiaire effectifs;326.41
1658;11/05/2026 16:41:45;;Souscription en cours;Bénéficiaire effectifs;129.09
1659;11/05/2026 16:37:14;;Dossier refusé;Parcours non démarré;136.62
1660;11/05/2026 16:37:14;;Dossier refusé;Parcours non démarré;867.21
1661;11/05/2026 16:33:52;;Souscription en cours;Informations complémentaires (Etablissements, etc.);805.39
1662;11/05/2026 16:33:52;;Souscription en cours;Informations complémentaires (Etablissements, etc.);734.07
1663;11/05/2026 16:31:56;;En attente d'analyse Agent - Dossier avec erreurs;Signature Contrat;456.15
1664;11/05/2026 16:31:56;;En attente d'analyse Agent - Dossier avec erreurs;Signature Contrat;454.62
1665;11/05/2026 16:31:19;;Souscription en cours;Signature Contrat;346.15
1666;11/05/2026 16:31:19;;Souscription en cours;Signature Contrat;601.73
1667;11/05/2026 16:27:05;;Souscription en cours;Vérification d'identité;891.18
1668;11/05/2026 16:27:05;;Souscription en cours;Vérification d'identité;585.25
1669;11/05/2026 16:26:44;;Souscription en cours;Coordonnées personnelles;567.81
1670;11/05/2026 16:26:44;;Souscription en cours;Coordonnées personnelles;389.60
1671;11/05/2026 15:59:02;;En attente d'analyse Agent - Dossier avec erreurs;Signature Contrat;529.44
1672;11/05/2026 15:59:02;;En attente d'analyse Agent - Dossier avec erreurs;Signature Contrat;398.09
1673;11/05/2026 15:29:41;;Souscription en cours;Vérification d'identité;287.26
1674;11/05/2026 15:29:41;;Souscription en cours;Vérification d'identité;886.72
1675;11/05/2026 15:22:04;;En attente d'analyse Agent - Dossier avec erreurs;Signature Contrat;360.68
1676;11/05/2026 15:22:04;;En attente d'analyse Agent - Dossier avec erreurs;Signature Contrat;988.37
1677;11/05/2026 15:16:33;;Souscription non démarrée;Parcours non démarré;458.91
1678;11/05/2026 15:16:33;;Souscription non démarrée;Parcours non démarré;789.63
1679;11/05/2026 14:55:40;;Dossier validé;Parcours terminé;981.29
1680;11/05/2026 14:55:40;;Dossier validé;Parcours terminé;465.91
1681;11/05/2026 14:51:25;Z5735392;Dossier validé;Parcours terminé;457.99
1682;11/05/2026 14:51:25;Z5735392;Dossier validé;Parcours terminé;857.19
1683;11/05/2026 14:42:49;;Dossier refusé;Saisie société;771.05
1684;11/05/2026 14:42:49;;Dossier refusé;Saisie société;214.34
1685;11/05/2026 14:40:04;;Dossier validé;Parcours terminé;607.15
1686;11/05/2026 14:40:04;;Dossier validé;Parcours terminé;620.71
1687;11/05/2026 14:36:00;;Dossier validé;Parcours terminé;238.20
1688;11/05/2026 14:36:00;;Dossier validé;Parcours terminé;535.51
1689;11/05/2026 14:34:05;;Dossier validé;Parcours terminé;905.88
1690;11/05/2026 14:34:05;;Dossier validé;Parcours terminé;533.59
1691;11/05/2026 14:26:07;;Souscription non démarrée;Parcours non démarré;407.29
1692;11/05/2026 14:26:07;;Souscription non démarrée;Parcours non démarré;585.12
1693;11/05/2026 14:25:13;;Dossier validé;Parcours terminé;756.13
1694;11/05/2026 14:25:13;;Dossier validé;Parcours terminé;283.08
1695;11/05/2026 14:24:20;;Dossier validé;Parcours terminé;324.41
1696;11/05/2026 14:24:20;;Dossier validé;Parcours terminé;478.54
1697;11/05/2026 14:20:24;;Souscription en cours;Signature Contrat;273.42
1698;11/05/2026 14:20:24;;Souscription en cours;Signature Contrat;796.61
1699;11/05/2026 14:17:13;;Souscription en cours;Coordonnées personnelles;515.95
1700;11/05/2026 14:17:13;;Souscription en cours;Coordonnées personnelles;708.49
1701;11/05/2026 14:06:31;;Dossier validé;Parcours terminé;261.26
1702;11/05/2026 14:06:31;;Dossier validé;Parcours terminé;378.78
1703;11/05/2026 14:06:27;;Souscription en cours;Vérification d'identité;857.28
1704;11/05/2026 14:06:27;;Souscription en cours;Vérification d'identité;758.76
1705;11/05/2026 13:54:05;;Dossier validé;Parcours terminé;979.17
1706;11/05/2026 13:54:05;;Dossier validé;Parcours terminé;410.53
1707;11/05/2026 13:30:40;;Souscription en cours;Coordonnées personnelles;747.87
1708;11/05/2026 13:30:40;;Souscription en cours;Coordonnées personnelles;491.28
1709;11/05/2026 13:13:14;;Souscription en cours;Coordonnées personnelles;511.80
1710;11/05/2026 13:13:14;;Souscription en cours;Coordonnées personnelles;688.48
1711;11/05/2026 13:03:01;;Dossier refusé;Saisie société;415.17
1712;11/05/2026 13:03:01;;Dossier refusé;Saisie société;939.09
1713;11/05/2026 13:02:42;;Dossier validé;Parcours terminé;191.69
1714;11/05/2026 13:02:42;;Dossier validé;Parcours terminé;435.64
1715;11/05/2026 13:00:07;;Dossier validé;Parcours terminé;338.02
1716;11/05/2026 13:00:07;;Dossier validé;Parcours terminé;877.53
1717;11/05/2026 12:50:55;;Souscription non démarrée;Parcours non démarré;914.02
1718;11/05/2026 12:50:55;;Souscription non démarrée;Parcours non démarré;589.13
1719;11/05/2026 12:42:16;;En attente d'analyse Agent - Dossier avec erreurs;Signature Contrat;191.74
1720;11/05/2026 12:42:16;;En attente d'analyse Agent - Dossier avec erreurs;Signature Contrat;778.79
1721;11/05/2026 12:36:56;;Souscription en cours;Coordonnées personnelles;385.59
1722;11/05/2026 12:36:56;;Souscription en cours;Coordonnées personnelles;460.14
1723;11/05/2026 12:31:23;;Dossier validé;Parcours terminé;721.54
1724;11/05/2026 12:31:23;;Dossier validé;Parcours terminé;618.02
1725;11/05/2026 12:18:31;;Souscription en cours;Signature Contrat;383.88
1726;11/05/2026 12:18:31;;Souscription en cours;Signature Contrat;741.82
1727;11/05/2026 12:08:04;;Dossier refusé;Saisie société;705.84
1728;11/05/2026 12:08:04;;Dossier refusé;Saisie société;943.50
1729;11/05/2026 12:03:16;;Souscription en cours;Coordonnées personnelles;446.67
1730;11/05/2026 12:03:16;;Souscription en cours;Coordonnées personnelles;440.95
1731;11/05/2026 11:58:07;;Dossier validé;Parcours terminé;436.68
1732;11/05/2026 11:58:07;;Dossier validé;Parcours terminé;859.96
1733;11/05/2026 11:54:47;;Souscription en cours;Coordonnées personnelles;718.12
1734;11/05/2026 11:54:47;;Souscription en cours;Coordonnées personnelles;242.54
1735;11/05/2026 11:50:04;;En attente d'analyse Agent - Dossier avec erreurs;Signature Contrat;265.03
1736;11/05/2026 11:50:04;;En attente d'analyse Agent - Dossier avec erreurs;Signature Contrat;660.23
1737;11/05/2026 11:37:33;;En attente d'analyse Agent - Dossier avec erreurs;Signature Contrat;767.79
1738;11/05/2026 11:37:33;;En attente d'analyse Agent - Dossier avec erreurs;Signature Contrat;250.22
1739;11/05/2026 11:30:04;;Souscription en cours;Signature Contrat;563.70
1740;11/05/2026 11:30:04;;Souscription en cours;Signature Contrat;875.61
1741;11/05/2026 11:29:25;;Souscription en cours;Coordonnées personnelles;513.43
1742;11/05/2026 11:29:25;;Souscription en cours;Coordonnées personnelles;768.83
1743;11/05/2026 11:04:49;;En attente d'analyse Agent - Dossier avec erreurs;Signature Contrat;946.38
1744;11/05/2026 11:04:49;;En attente d'analyse Agent - Dossier avec erreurs;Signature Contrat;574.48
1745;11/05/2026 10:52:24;;Dossier validé;Parcours terminé;260.52
1746;11/05/2026 10:52:24;;Dossier validé;Parcours terminé;472.15
1747;11/05/2026 10:48:34;;Souscription non démarrée;Parcours non démarré;718.96
1748;11/05/2026 10:48:34;;Souscription non démarrée;Parcours non démarré;279.17
1749;11/05/2026 10:04:24;;Dossier validé;Parcours terminé;849.97
1750;11/05/2026 10:04:24;;Dossier validé;Parcours terminé;985.63
1751;11/05/2026 09:54:01;;Souscription en cours;Bénéficiaire effectifs;668.36
1752;11/05/2026 09:54:01;;Souscription en cours;Bénéficiaire effectifs;449.32
1753;11/05/2026 09:49:25;;Dossier validé;Parcours terminé;124.25
1754;11/05/2026 09:49:25;;Dossier validé;Parcours terminé;353.35
1755;11/05/2026 09:44:37;;Souscription en cours;Coordonnées personnelles;971.84
1756;11/05/2026 09:44:37;;Souscription en cours;Coordonnées personnelles;217.92
1757;11/05/2026 09:43:43;;Souscription non démarrée;Parcours non démarré;990.92
1758;11/05/2026 09:43:43;;Souscription non démarrée;Parcours non démarré;981.74
1759;11/05/2026 09:27:35;;Souscription non démarrée;Parcours non démarré;466.06
1760;11/05/2026 09:27:35;;Souscription non démarrée;Parcours non démarré;767.51
1761;11/05/2026 09:03:19;;Souscription en cours;Coordonnées personnelles;504.17
1762;11/05/2026 09:03:19;;Souscription en cours;Coordonnées personnelles;556.12
1763;11/05/2026 09:02:41;;Dossier validé;Parcours terminé;486.25
1764;11/05/2026 09:02:41;;Dossier validé;Parcours terminé;727.81
1765;11/05/2026 08:57:28;;Dossier validé;Parcours terminé;691.73
1766;11/05/2026 08:57:28;;Dossier validé;Parcours terminé;792.56
1767;11/05/2026 08:55:27;;Dossier validé;Parcours terminé;515.27
1768;11/05/2026 08:55:27;;Dossier validé;Parcours terminé;623.18
1769;11/05/2026 08:47:21;;Souscription en cours;Choix de l'offre et livraison;542.53
1770;11/05/2026 08:47:21;;Souscription en cours;Choix de l'offre et livraison;214.96
1771;11/05/2026 08:24:24;;Dossier validé;Parcours terminé;721.80
1772;11/05/2026 08:24:24;;Dossier validé;Parcours terminé;207.21
1773;11/05/2026 07:47:39;;Dossier validé;Parcours terminé;672.81
1774;11/05/2026 07:47:39;;Dossier validé;Parcours terminé;629.52
1775;11/05/2026 07:29:59;;Souscription non démarrée;Parcours non démarré;559.97
1776;11/05/2026 07:29:59;;Souscription non démarrée;Parcours non démarré;795.81
1777;11/05/2026 06:51:58;;Souscription en cours;Signature Contrat;383.97
1778;11/05/2026 06:51:58;;Souscription en cours;Signature Contrat;671.82
1779;11/05/2026 04:42:04;;Souscription en cours;Signature Contrat;659.16
1780;11/05/2026 04:42:04;;Souscription en cours;Signature Contrat;836.21
1781;11/05/2026 02:23:35;;Dossier validé;Parcours terminé;318.58
1782;11/05/2026 02:23:35;;Dossier validé;Parcours terminé;512.05
1783;11/05/2026 01:51:51;;En attente d'analyse Agent - Dossier avec erreurs;Signature Contrat;390.78
1784;11/05/2026 01:51:51;;En attente d'analyse Agent - Dossier avec erreurs;Signature Contrat;705.70
1785;11/05/2026 01:48:36;;Souscription en cours;Synchronisation référentiel personne NOVA;862.16
1786;11/05/2026 01:48:36;;Souscription en cours;Synchronisation référentiel personne NOVA;691.87
1787;11/05/2026 00:21:05;;Dossier refusé;Saisie société;374.31
1788;11/05/2026 00:21:05;;Dossier refusé;Saisie société;722.41
1789;10/05/2026 23:52:26;;En attente d'analyse Agent - Dossier avec erreurs;Signature Contrat;787.66
1790;10/05/2026 23:52:26;;En attente d'analyse Agent - Dossier avec erreurs;Signature Contrat;278.07
1791;10/05/2026 23:13:24;;Souscription en cours;Informations complémentaires (Etablissements, etc.);657.67
1792;10/05/2026 23:13:24;;Souscription en cours;Informations complémentaires (Etablissements, etc.);747.90
1793;10/05/2026 22:08:12;;Souscription non démarrée;Parcours non démarré;812.69
1794;10/05/2026 22:08:12;;Souscription non démarrée;Parcours non démarré;907.34
1795;10/05/2026 22:06:04;;Souscription non démarrée;Parcours non démarré;230.89
1796;10/05/2026 22:06:04;;Souscription non démarrée;Parcours non démarré;466.94
1797;10/05/2026 22:03:58;;Souscription non démarrée;Parcours non démarré;889.51
1798;10/05/2026 22:03:58;;Souscription non démarrée;Parcours non démarré;702.07
1799;10/05/2026 21:39:58;;En attente d'analyse Agent - Dossier avec erreurs;Signature Contrat;945.91
1800;10/05/2026 21:39:58;;En attente d'analyse Agent - Dossier avec erreurs;Signature Contrat;811.95
1801;10/05/2026 21:34:20;;Dossier validé;Parcours terminé;653.37
1802;10/05/2026 21:34:20;;Dossier validé;Parcours terminé;279.14
1803;10/05/2026 21:25:30;;Dossier validé;Parcours terminé;975.06
1804;10/05/2026 21:25:30;;Dossier validé;Parcours terminé;582.74
1805;10/05/2026 21:16:01;;Souscription en cours;Coordonnées personnelles;126.20
1806;10/05/2026 21:16:01;;Souscription en cours;Coordonnées personnelles;323.49
1807;10/05/2026 21:01:00;;Souscription non démarrée;Parcours non démarré;745.07
1808;10/05/2026 21:01:00;;Souscription non démarrée;Parcours non démarré;928.40
1809;10/05/2026 20:19:43;;Dossier validé;Parcours terminé;952.34
1810;10/05/2026 20:19:43;;Dossier validé;Parcours terminé;267.46
1811;10/05/2026 19:20:24;;Souscription non démarrée;Parcours non démarré;309.36
1812;10/05/2026 19:20:24;;Souscription non démarrée;Parcours non démarré;852.72
1813;10/05/2026 19:08:20;;Souscription non démarrée;Parcours non démarré;198.42
1814;10/05/2026 19:08:20;;Souscription non démarrée;Parcours non démarré;477.21
1815;10/05/2026 17:10:23;;Souscription en cours;Vérification d'identité;333.62
1816;10/05/2026 17:10:23;;Souscription en cours;Vérification d'identité;658.14
1817;10/05/2026 16:53:49;;Souscription en cours;Choix de l'offre et livraison;705.70
1818;10/05/2026 16:53:49;;Souscription en cours;Choix de l'offre et livraison;288.06
1819;10/05/2026 16:51:57;;Souscription en cours;Signature Contrat;331.61
1820;10/05/2026 16:51:57;;Souscription en cours;Signature Contrat;296.15
1821;10/05/2026 16:28:27;;Dossier validé;Parcours terminé;558.13
1822;10/05/2026 16:28:27;;Dossier validé;Parcours terminé;901.26
1823;10/05/2026 16:15:55;;Souscription en cours;Coordonnées personnelles;340.51
1824;10/05/2026 16:15:55;;Souscription en cours;Coordonnées personnelles;390.78
1825;10/05/2026 15:59:50;;Souscription en cours;Coordonnées personnelles;167.09
1826;10/05/2026 15:59:50;;Souscription en cours;Coordonnées personnelles;863.63
1827;10/05/2026 15:58:47;;Dossier validé;Parcours terminé;955.51
1828;10/05/2026 15:58:47;;Dossier validé;Parcours terminé;104.82
1829;10/05/2026 15:57:41;;Dossier validé;Parcours terminé;288.96
1830;10/05/2026 15:57:41;;Dossier validé;Parcours terminé;145.72
1831;10/05/2026 15:44:43;;Dossier validé;Parcours terminé;293.29
1832;10/05/2026 15:44:43;;Dossier validé;Parcours terminé;774.61
1833;10/05/2026 15:40:33;;En attente d'analyse Agent - Dossier avec erreurs;Signature Contrat;271.29
1834;10/05/2026 15:40:33;;En attente d'analyse Agent - Dossier avec erreurs;Signature Contrat;666.13
1835;10/05/2026 15:24:05;;Dossier refusé;Signature Contrat;823.78
1836;10/05/2026 15:24:05;;Dossier refusé;Signature Contrat;147.19
1837;10/05/2026 15:10:49;;Dossier validé;Parcours terminé;804.37
1838;10/05/2026 15:10:49;;Dossier validé;Parcours terminé;128.10
1839;10/05/2026 15:10:23;;Souscription en cours;Choix de l'offre et livraison;888.13
1840;10/05/2026 15:10:23;;Souscription en cours;Choix de l'offre et livraison;225.12
1841;10/05/2026 14:52:51;;Souscription en cours;Coordonnées personnelles;708.34
1842;10/05/2026 14:52:51;;Souscription en cours;Coordonnées personnelles;386.51
1843;10/05/2026 14:06:24;;Souscription en cours;Signature Contrat;216.47
1844;10/05/2026 14:06:24;;Souscription en cours;Signature Contrat;337.21
1845;10/05/2026 13:54:14;;Souscription en cours;Coordonnées personnelles;834.66
1846;10/05/2026 13:54:14;;Souscription en cours;Coordonnées personnelles;308.71
1847;10/05/2026 13:20:03;;Dossier validé;Parcours terminé;968.33
1848;10/05/2026 13:20:03;;Dossier validé;Parcours terminé;846.16
1849;10/05/2026 13:15:49;;Dossier validé;Parcours terminé;383.19
1850;10/05/2026 13:15:49;;Dossier validé;Parcours terminé;874.46
1851;10/05/2026 12:53:24;;Souscription en cours;Coordonnées personnelles;729.92
1852;10/05/2026 12:53:24;;Souscription en cours;Coordonnées personnelles;348.58
1853;10/05/2026 12:44:17;;Souscription en cours;Informations complémentaires (Etablissements, etc.);399.06
1854;10/05/2026 12:44:17;;Souscription en cours;Informations complémentaires (Etablissements, etc.);342.01
1855;10/05/2026 12:39:23;;Souscription en cours;Coordonnées personnelles;464.88
1856;10/05/2026 12:39:23;;Souscription en cours;Coordonnées personnelles;746.26
1857;10/05/2026 12:32:49;;Souscription non démarrée;Parcours non démarré;104.10
1858;10/05/2026 12:32:49;;Souscription non démarrée;Parcours non démarré;722.69
1859;10/05/2026 12:32:40;;Dossier validé;Parcours terminé;362.97
1860;10/05/2026 12:32:40;;Dossier validé;Parcours terminé;796.68
1861;10/05/2026 12:21:40;;Dossier validé;Parcours terminé;522.93
1862;10/05/2026 12:21:40;;Dossier validé;Parcours terminé;737.92
1863;10/05/2026 12:16:56;;Souscription non démarrée;Parcours non démarré;783.90
1864;10/05/2026 12:16:56;;Souscription non démarrée;Parcours non démarré;348.26
1865;10/05/2026 12:13:25;;Dossier refusé;Saisie société;452.19
1866;10/05/2026 12:13:25;;Dossier refusé;Saisie société;141.51
1867;10/05/2026 11:51:42;;Souscription non démarrée;Parcours non démarré;260.39
1868;10/05/2026 11:51:42;;Souscription non démarrée;Parcours non démarré;202.30
1869;10/05/2026 11:09:38;;Dossier validé;Parcours terminé;356.21
1870;10/05/2026 11:09:38;;Dossier validé;Parcours terminé;576.67
1871;10/05/2026 11:04:36;;En attente d'analyse Agent - Dossier avec erreurs;Signature Contrat;858.05
1872;10/05/2026 11:04:36;;En attente d'analyse Agent - Dossier avec erreurs;Signature Contrat;540.23
1873;10/05/2026 11:02:58;;Dossier validé;Parcours terminé;540.42
1874;10/05/2026 11:02:58;;Dossier validé;Parcours terminé;570.34
1875;10/05/2026 10:50:49;;Dossier validé;Parcours terminé;108.89
1876;10/05/2026 10:50:49;;Dossier validé;Parcours terminé;567.49
1877;10/05/2026 10:36:34;;Dossier validé;Parcours terminé;558.77
1878;10/05/2026 10:36:34;;Dossier validé;Parcours terminé;696.67
1879;10/05/2026 10:27:44;;Souscription en cours;Choix de l'offre et livraison;441.49
1880;10/05/2026 10:27:44;;Souscription en cours;Choix de l'offre et livraison;782.59
1881;10/05/2026 10:24:44;;Dossier refusé;Saisie société;108.74
1882;10/05/2026 10:24:44;;Dossier refusé;Saisie société;159.34
1883;10/05/2026 10:05:43;;Souscription en cours;Signature Contrat;847.95
1884;10/05/2026 10:05:43;;Souscription en cours;Signature Contrat;178.47
1885;10/05/2026 09:36:12;;Souscription en cours;Signature Contrat;953.85
1886;10/05/2026 09:36:12;;Souscription en cours;Signature Contrat;508.02
1887;10/05/2026 09:12:08;;Dossier refusé;Saisie société;604.83
1888;10/05/2026 09:12:08;;Dossier refusé;Saisie société;550.94
1889;10/05/2026 08:42:52;;Souscription non démarrée;Parcours non démarré;897.59
1890;10/05/2026 08:42:52;;Souscription non démarrée;Parcours non démarré;179.73
1891;10/05/2026 08:36:36;;Souscription en cours;Coordonnées personnelles;988.16
1892;10/05/2026 08:36:36;;Souscription en cours;Coordonnées personnelles;847.80
1893;10/05/2026 08:20:50;;Souscription en cours;Choix de l'offre et livraison;927.99
1894;10/05/2026 08:20:50;;Souscription en cours;Choix de l'offre et livraison;511.36
1895;10/05/2026 08:09:28;;Souscription en cours;Coordonnées personnelles;674.90
1896;10/05/2026 08:09:28;;Souscription en cours;Coordonnées personnelles;799.69
1897;10/05/2026 06:06:22;;Souscription en cours;Choix de l'offre et livraison;642.00
1898;10/05/2026 06:06:22;;Souscription en cours;Choix de l'offre et livraison;692.21
1899;10/05/2026 04:44:14;;Souscription non démarrée;Parcours non démarré;377.85
1900;10/05/2026 04:44:14;;Souscription non démarrée;Parcours non démarré;987.09
1901;09/05/2026 23:38:54;;Dossier validé;Parcours terminé;585.11
1902;09/05/2026 23:38:54;;Dossier validé;Parcours terminé;353.60
1903;09/05/2026 23:31:46;;Dossier validé;Parcours terminé;698.88
1904;09/05/2026 23:31:46;;Dossier validé;Parcours terminé;244.58
1905;09/05/2026 22:51:25;;Souscription en cours;Signature Contrat;361.33
1906;09/05/2026 22:51:25;;Souscription en cours;Signature Contrat;561.56
1907;09/05/2026 22:36:29;;Dossier refusé;Informations complémentaires (CA, Profession, etc.);651.50
1908;09/05/2026 22:36:29;;Dossier refusé;Informations complémentaires (CA, Profession, etc.);260.37
1909;09/05/2026 22:32:23;;Dossier validé;Parcours terminé;906.48
1910;09/05/2026 22:32:23;;Dossier validé;Parcours terminé;790.51
1911;09/05/2026 22:25:18;;Dossier validé;Parcours terminé;942.15
1912;09/05/2026 22:25:18;;Dossier validé;Parcours terminé;738.48
1913;09/05/2026 22:01:39;;Souscription en cours;Coordonnées personnelles;486.58
1914;09/05/2026 22:01:39;;Souscription en cours;Coordonnées personnelles;446.01
1915;09/05/2026 21:55:28;;Dossier validé;Parcours terminé;483.41
1916;09/05/2026 21:55:28;;Dossier validé;Parcours terminé;389.35
1917;09/05/2026 21:48:15;;Dossier validé;Parcours terminé;368.03
1918;09/05/2026 21:48:15;;Dossier validé;Parcours terminé;786.18
1919;09/05/2026 21:10:13;;Souscription en cours;Choix de l'offre et livraison;703.46
1920;09/05/2026 21:10:13;;Souscription en cours;Choix de l'offre et livraison;510.09
1921;09/05/2026 21:06:54;;Souscription en cours;Vérification d'identité;865.94
1922;09/05/2026 21:06:54;;Souscription en cours;Vérification d'identité;867.81
1923;09/05/2026 21:04:33;;Dossier refusé;Saisie société;306.02
1924;09/05/2026 21:04:33;;Dossier refusé;Saisie société;651.96
1925;09/05/2026 21:04:07;;Souscription non démarrée;Parcours non démarré;844.13
1926;09/05/2026 21:04:07;;Souscription non démarrée;Parcours non démarré;967.17
1927;09/05/2026 20:38:18;;Souscription en cours;Choix de l'offre et livraison;108.02
1928;09/05/2026 20:38:18;;Souscription en cours;Choix de l'offre et livraison;635.99
1929;09/05/2026 20:37:13;;Souscription en cours;Signature Contrat;104.57
1930;09/05/2026 20:37:13;;Souscription en cours;Signature Contrat;769.34
1931;09/05/2026 19:43:10;;Souscription en cours;Choix de l'offre et livraison;367.63
1932;09/05/2026 19:43:10;;Souscription en cours;Choix de l'offre et livraison;811.20
1933;09/05/2026 19:30:21;;Dossier validé;Parcours terminé;194.55
1934;09/05/2026 19:30:21;;Dossier validé;Parcours terminé;964.77
1935;09/05/2026 19:28:55;;Souscription non démarrée;Parcours non démarré;755.85
1936;09/05/2026 19:28:55;;Souscription non démarrée;Parcours non démarré;254.63
1937;09/05/2026 18:59:41;;Souscription en cours;Coordonnées personnelles;436.74
1938;09/05/2026 18:59:41;;Souscription en cours;Coordonnées personnelles;908.51
1939;09/05/2026 18:41:51;;Dossier validé;Parcours terminé;417.29
1940;09/05/2026 18:41:51;;Dossier validé;Parcours terminé;333.08
1941;09/05/2026 18:27:42;;Souscription en cours;Synchronisation référentiel personne NOVA;205.18
1942;09/05/2026 18:27:42;;Souscription en cours;Synchronisation référentiel personne NOVA;408.35
1943;09/05/2026 18:16:19;;Souscription en cours;Coordonnées personnelles;977.41
1944;09/05/2026 18:16:19;;Souscription en cours;Coordonnées personnelles;870.97
1945;09/05/2026 18:13:29;;Souscription en cours;Coordonnées personnelles;701.50
1946;09/05/2026 18:13:29;;Souscription en cours;Coordonnées personnelles;282.54
1947;09/05/2026 17:34:15;;Dossier validé;Parcours terminé;977.85
1948;09/05/2026 17:34:15;;Dossier validé;Parcours terminé;546.63
1949;09/05/2026 17:27:18;;Souscription en cours;Choix de l'offre et livraison;574.37
1950;09/05/2026 17:27:18;;Souscription en cours;Choix de l'offre et livraison;321.35
1951;09/05/2026 17:21:43;;En attente d'analyse Agent - Dossier avec erreurs;Signature Contrat;170.58
1952;09/05/2026 17:21:43;;En attente d'analyse Agent - Dossier avec erreurs;Signature Contrat;493.76
1953;09/05/2026 16:51:52;;Souscription en cours;Coordonnées personnelles;907.04
1954;09/05/2026 16:51:52;;Souscription en cours;Coordonnées personnelles;481.10
1955;09/05/2026 16:44:04;;Dossier refusé;Choix de l'offre et livraison;465.53
1956;09/05/2026 16:44:04;;Dossier refusé;Choix de l'offre et livraison;513.31
1957;09/05/2026 16:41:01;;Souscription non démarrée;Parcours non démarré;885.03
1958;09/05/2026 16:41:01;;Souscription non démarrée;Parcours non démarré;747.31
1959;09/05/2026 16:38:44;;Souscription non démarrée;Parcours non démarré;943.01
1960;09/05/2026 16:38:44;;Souscription non démarrée;Parcours non démarré;822.22
1961;09/05/2026 16:33:49;;Souscription en cours;Coordonnées personnelles;205.60
1962;09/05/2026 16:33:49;;Souscription en cours;Coordonnées personnelles;689.50
1963;09/05/2026 16:20:22;;Souscription en cours;Synchronisation référentiel personne NOVA;457.49
1964;09/05/2026 16:20:22;;Souscription en cours;Synchronisation référentiel personne NOVA;833.48
1965;09/05/2026 16:19:21;;Souscription en cours;Vérification d'identité;686.63
1966;09/05/2026 16:19:21;;Souscription en cours;Vérification d'identité;658.92
1967;09/05/2026 16:16:32;;Dossier validé;Parcours terminé;411.01
1968;09/05/2026 16:16:32;;Dossier validé;Parcours terminé;924.73
1969;09/05/2026 16:12:49;;Dossier validé;Parcours terminé;645.94
1970;09/05/2026 16:12:49;;Dossier validé;Parcours terminé;380.38
1971;09/05/2026 15:53:42;;Souscription en cours;Coordonnées personnelles;721.76
1972;09/05/2026 15:53:42;;Souscription en cours;Coordonnées personnelles;422.38
1973;09/05/2026 15:52:07;;Dossier validé;Parcours terminé;883.21
1974;09/05/2026 15:52:07;;Dossier validé;Parcours terminé;614.42
1975;09/05/2026 15:46:47;;Souscription en cours;Choix de l'offre et livraison;780.49
1976;09/05/2026 15:46:47;;Souscription en cours;Choix de l'offre et livraison;716.19
1977;09/05/2026 15:41:51;;Dossier validé;Parcours terminé;139.35
1978;09/05/2026 15:41:51;;Dossier validé;Parcours terminé;536.56
1979;09/05/2026 15:33:12;;Dossier validé;Parcours terminé;124.68
1980;09/05/2026 15:33:12;;Dossier validé;Parcours terminé;191.39
1981;09/05/2026 15:16:54;;Dossier validé;Parcours terminé;657.35
1982;09/05/2026 15:16:54;;Dossier validé;Parcours terminé;702.97
1983;09/05/2026 15:16:54;;Souscription en cours;Coordonnées personnelles;328.76
1984;09/05/2026 15:16:54;;Souscription en cours;Coordonnées personnelles;409.52
1985;09/05/2026 15:16:09;;Souscription en cours;Coordonnées personnelles;617.80
1986;09/05/2026 15:16:09;;Souscription en cours;Coordonnées personnelles;524.21
1987;09/05/2026 15:07:58;;Dossier validé;Parcours terminé;586.73
1988;09/05/2026 15:07:58;;Dossier validé;Parcours terminé;460.75
1989;09/05/2026 15:05:55;;Souscription non démarrée;Parcours non démarré;866.35
1990;09/05/2026 15:05:55;;Souscription non démarrée;Parcours non démarré;775.04
1991;09/05/2026 15:03:40;;Dossier validé;Parcours terminé;166.80
1992;09/05/2026 15:03:40;;Dossier validé;Parcours terminé;222.68
1993;09/05/2026 15:03:20;;Souscription en cours;Vérification d'identité;624.70
1994;09/05/2026 15:03:20;;Souscription en cours;Vérification d'identité;906.36
1995;09/05/2026 14:42:22;;Souscription en cours;Coordonnées personnelles;778.59
1996;09/05/2026 14:42:22;;Souscription en cours;Coordonnées personnelles;687.10
1997;09/05/2026 14:22:06;;Dossier refusé;Signature Contrat;781.71
1998;09/05/2026 14:22:06;;Dossier refusé;Signature Contrat;110.17
1999;09/05/2026 14:12:54;;Souscription non démarrée;Parcours non démarré;749.34
2000;09/05/2026 14:12:54;;Souscription non démarrée;Parcours non démarré;277.81
2001;09/05/2026 14:11:40;;Souscription en cours;Signature Contrat;512.68
2002;09/05/2026 14:11:40;;Souscription en cours;Signature Contrat;256.44
2003;09/05/2026 13:28:15;;Dossier validé;Parcours terminé;369.21
2004;09/05/2026 13:28:15;;Dossier validé;Parcours terminé;914.55
2005;09/05/2026 13:07:47;;Dossier validé;Parcours terminé;766.46
2006;09/05/2026 13:07:47;;Dossier validé;Parcours terminé;506.49
2007;09/05/2026 13:05:40;;Souscription en cours;Coordonnées personnelles;988.65
2008;09/05/2026 13:05:40;;Souscription en cours;Coordonnées personnelles;618.10
2009;09/05/2026 13:05:20;;En attente d'analyse Agent - Dossier avec erreurs;Signature Contrat;530.33
2010;09/05/2026 13:05:20;;En attente d'analyse Agent - Dossier avec erreurs;Signature Contrat;887.29
2011;09/05/2026 13:03:06;;Dossier validé;Parcours terminé;696.51
2012;09/05/2026 13:03:06;;Dossier validé;Parcours terminé;328.56
2013;09/05/2026 12:58:53;Rayan MICHEL;Dossier validé;Parcours terminé;290.41
2014;09/05/2026 12:58:53;Rayan MICHEL;Dossier validé;Parcours terminé;599.97
2015;09/05/2026 12:56:06;;Souscription en cours;Bénéficiaire effectifs;395.57
2016;09/05/2026 12:56:06;;Souscription en cours;Bénéficiaire effectifs;974.31
2017;09/05/2026 12:48:29;;Souscription non démarrée;Parcours non démarré;276.46
2018;09/05/2026 12:48:29;;Souscription non démarrée;Parcours non démarré;755.68
2019;09/05/2026 12:47:51;;Souscription en cours;Coordonnées personnelles;261.35
2020;09/05/2026 12:47:51;;Souscription en cours;Coordonnées personnelles;353.56
2021;09/05/2026 12:31:37;Hugo MARTIN;Dossier refusé;Signature Contrat;651.39
2022;09/05/2026 12:31:37;Hugo MARTIN;Dossier refusé;Signature Contrat;539.87
2023;09/05/2026 12:28:54;;Dossier validé;Parcours terminé;936.89
2024;09/05/2026 12:28:54;;Dossier validé;Parcours terminé;596.02
2025;09/05/2026 12:27:37;;Dossier validé;Parcours terminé;915.56
2026;09/05/2026 12:27:37;;Dossier validé;Parcours terminé;256.61
2027;09/05/2026 12:24:56;;Dossier refusé;Signature Contrat;960.74
2028;09/05/2026 12:24:56;;Dossier refusé;Signature Contrat;497.77
2029;09/05/2026 11:53:27;;Souscription en cours;Coordonnées personnelles;244.57
2030;09/05/2026 11:53:27;;Souscription en cours;Coordonnées personnelles;536.41
2031;09/05/2026 11:53:06;;Dossier refusé;Saisie société;552.47
2032;09/05/2026 11:53:06;;Dossier refusé;Saisie société;481.98
2033;09/05/2026 11:40:31;;Dossier refusé;Saisie société;919.46
2034;09/05/2026 11:40:31;;Dossier refusé;Saisie société;241.02
2035;09/05/2026 11:38:21;;Dossier refusé;Saisie société;289.62
2036;09/05/2026 11:38:21;;Dossier refusé;Saisie société;582.56
2037;09/05/2026 11:32:35;;Souscription en cours;Signature Contrat;786.50
2038;09/05/2026 11:32:35;;Souscription en cours;Signature Contrat;421.60
2039;09/05/2026 11:31:27;;Souscription en cours;Informations complémentaires (Etablissements, etc.);839.70
2040;09/05/2026 11:31:27;;Souscription en cours;Informations complémentaires (Etablissements, etc.);324.94
2041;09/05/2026 11:23:42;;Dossier validé;Parcours terminé;866.51
2042;09/05/2026 11:23:42;;Dossier validé;Parcours terminé;257.67
2043;09/05/2026 11:20:19;;Dossier refusé;Signature Contrat;694.97
2044;09/05/2026 11:20:19;;Dossier refusé;Signature Contrat;118.55
2045;09/05/2026 11:18:56;;Souscription en cours;Choix de l'offre et livraison;525.44
2046;09/05/2026 11:18:56;;Souscription en cours;Choix de l'offre et livraison;904.69
2047;09/05/2026 11:14:04;;Souscription en cours;Coordonnées personnelles;450.35
2048;09/05/2026 11:14:04;;Souscription en cours;Coordonnées personnelles;948.71
2049;09/05/2026 11:11:17;Hugo MARTIN;Dossier refusé;Signature Contrat;740.99
2050;09/05/2026 11:11:17;Hugo MARTIN;Dossier refusé;Signature Contrat;913.54
2051;09/05/2026 11:09:00;;Souscription en cours;Signature Contrat;443.80
2052;09/05/2026 11:09:00;;Souscription en cours;Signature Contrat;289.64
2053;09/05/2026 11:04:21;Hugo MARTIN;Dossier validé;Parcours terminé;237.98
2054;09/05/2026 11:04:21;Hugo MARTIN;Dossier validé;Parcours terminé;642.63
2055;09/05/2026 11:01:20;;Souscription en cours;Coordonnées personnelles;728.11
2056;09/05/2026 11:01:20;;Souscription en cours;Coordonnées personnelles;609.08
2057;09/05/2026 10:54:54;;Souscription en cours;Choix de l'offre et livraison;775.06
2058;09/05/2026 10:54:54;;Souscription en cours;Choix de l'offre et livraison;218.41
2059;09/05/2026 10:51:22;;Dossier refusé;Saisie société;349.69
2060;09/05/2026 10:51:22;;Dossier refusé;Saisie société;117.58
2061;09/05/2026 10:48:18;;Souscription en cours;Choix de l'offre et livraison;205.75
2062;09/05/2026 10:48:18;;Souscription en cours;Choix de l'offre et livraison;514.10
2063;09/05/2026 10:46:55;;Dossier refusé;Saisie société;334.98
2064;09/05/2026 10:46:55;;Dossier refusé;Saisie société;145.66
2065;09/05/2026 10:45:23;;Dossier refusé;Choix de l'offre et livraison;546.75
2066;09/05/2026 10:45:23;;Dossier refusé;Choix de l'offre et livraison;115.95
2067;09/05/2026 10:43:43;;Dossier validé;Parcours terminé;729.12
2068;09/05/2026 10:43:43;;Dossier validé;Parcours terminé;679.56
2069;09/05/2026 10:42:58;;Dossier validé;Parcours terminé;614.34
2070;09/05/2026 10:42:58;;Dossier validé;Parcours terminé;305.90
2071;09/05/2026 10:38:30;;Dossier validé;Parcours terminé;498.07
2072;09/05/2026 10:38:30;;Dossier validé;Parcours terminé;785.61
2073;09/05/2026 10:33:38;;Souscription en cours;Coordonnées personnelles;519.82
2074;09/05/2026 10:33:38;;Souscription en cours;Coordonnées personnelles;140.39
2075;09/05/2026 10:21:36;;Souscription en cours;Choix de l'offre et livraison;990.86
2076;09/05/2026 10:21:36;;Souscription en cours;Choix de l'offre et livraison;690.21
2077;09/05/2026 10:20:32;;Dossier refusé;Saisie société;299.33
2078;09/05/2026 10:20:32;;Dossier refusé;Saisie société;294.49
2079;09/05/2026 10:19:27;;Dossier validé;Parcours terminé;897.23
2080;09/05/2026 10:19:27;;Dossier validé;Parcours terminé;896.61
2081;09/05/2026 10:16:26;;Dossier validé;Parcours terminé;311.59
2082;09/05/2026 10:16:26;;Dossier validé;Parcours terminé;573.48
2083;09/05/2026 10:13:11;;Dossier validé;Parcours terminé;109.09
2084;09/05/2026 10:13:11;;Dossier validé;Parcours terminé;158.38
2085;09/05/2026 10:11:00;;Dossier validé;Parcours terminé;611.21
2086;09/05/2026 10:11:00;;Dossier validé;Parcours terminé;494.00
2087;09/05/2026 10:08:09;;Dossier refusé;Saisie société;158.14
2088;09/05/2026 10:08:09;;Dossier refusé;Saisie société;821.99
2089;09/05/2026 09:48:52;;Souscription en cours;Coordonnées personnelles;144.14
2090;09/05/2026 09:48:52;;Souscription en cours;Coordonnées personnelles;470.07
2091;09/05/2026 09:42:18;;Dossier validé;Parcours terminé;924.81
2092;09/05/2026 09:42:18;;Dossier validé;Parcours terminé;699.81
2093;09/05/2026 09:37:46;;Dossier validé;Parcours terminé;800.80
2094;09/05/2026 09:37:46;;Dossier validé;Parcours terminé;341.17
2095;09/05/2026 09:36:23;;Souscription en cours;Coordonnées personnelles;979.50
2096;09/05/2026 09:36:23;;Souscription en cours;Coordonnées personnelles;370.50
2097;09/05/2026 09:33:25;;En attente d'analyse Agent - Dossier avec erreurs;Signature Contrat;158.03
2098;09/05/2026 09:33:25;;En attente d'analyse Agent - Dossier avec erreurs;Signature Contrat;722.69
2099;09/05/2026 09:28:07;;Souscription en cours;Coordonnées personnelles;258.14
2100;09/05/2026 09:28:07;;Souscription en cours;Coordonnées personnelles;184.52
2101;09/05/2026 09:26:09;;Souscription en cours;Coordonnées personnelles;205.06
2102;09/05/2026 09:26:09;;Souscription en cours;Coordonnées personnelles;286.19
2103;09/05/2026 09:11:18;;Dossier validé;Parcours terminé;285.37
2104;09/05/2026 09:11:18;;Dossier validé;Parcours terminé;177.42
2105;09/05/2026 08:44:41;;Souscription en cours;Coordonnées personnelles;500.38
2106;09/05/2026 08:44:41;;Souscription en cours;Coordonnées personnelles;660.59
2107;09/05/2026 08:24:37;;Souscription en cours;Coordonnées personnelles;570.95
2108;09/05/2026 08:24:37;;Souscription en cours;Coordonnées personnelles;982.53
2109;09/05/2026 08:16:08;;Dossier validé;Parcours terminé;996.27
2110;09/05/2026 08:16:08;;Dossier validé;Parcours terminé;597.55
2111;09/05/2026 08:12:47;;Souscription en cours;Signature Contrat;893.59
2112;09/05/2026 08:12:47;;Souscription en cours;Signature Contrat;358.23
2113;09/05/2026 07:57:57;;Dossier validé;Parcours terminé;483.34
2114;09/05/2026 07:57:57;;Dossier validé;Parcours terminé;548.89
2115;09/05/2026 07:41:14;;Dossier validé;Parcours terminé;141.56
2116;09/05/2026 07:41:14;;Dossier validé;Parcours terminé;277.98
2117;09/05/2026 03:17:48;;Souscription en cours;Vérification d'identité;618.62
2118;09/05/2026 03:17:48;;Souscription en cours;Vérification d'identité;975.86
2119;09/05/2026 02:36:18;;Dossier validé;Parcours terminé;572.13
2120;09/05/2026 02:36:18;;Dossier validé;Parcours terminé;264.45
2121;09/05/2026 02:27:22;;Souscription en cours;Vérification d'identité;837.97
2122;09/05/2026 02:27:22;;Souscription en cours;Vérification d'identité;477.38
2123;09/05/2026 02:05:59;;Souscription en cours;Choix de l'offre et livraison;409.70
2124;09/05/2026 02:05:59;;Souscription en cours;Choix de l'offre et livraison;187.32
2125;09/05/2026 01:08:20;;Souscription en cours;Choix de l'offre et livraison;742.51
2126;09/05/2026 01:08:20;;Souscription en cours;Choix de l'offre et livraison;580.46
2127;09/05/2026 00:52:01;;Souscription en cours;Informations complémentaires (Etablissements, etc.);793.53
2128;09/05/2026 00:52:01;;Souscription en cours;Informations complémentaires (Etablissements, etc.);575.63
2129;09/05/2026 00:47:16;;Souscription en cours;Coordonnées personnelles;895.90
2130;09/05/2026 00:47:16;;Souscription en cours;Coordonnées personnelles;272.70
2131;09/05/2026 00:19:44;;Dossier validé;Parcours terminé;976.74
2132;09/05/2026 00:19:44;;Dossier validé;Parcours terminé;647.56
2133;08/05/2026 22:46:10;;Dossier validé;Parcours terminé;478.58
2134;08/05/2026 22:46:10;;Dossier validé;Parcours terminé;457.48
2135;08/05/2026 22:41:57;;Souscription en cours;Informations complémentaires (CA, Profession, etc.);187.40
2136;08/05/2026 22:41:57;;Souscription en cours;Informations complémentaires (CA, Profession, etc.);850.66
2137;08/05/2026 22:19:04;;Dossier validé;Parcours terminé;651.18
2138;08/05/2026 22:19:04;;Dossier validé;Parcours terminé;247.50
2139;08/05/2026 21:53:41;;Souscription en cours;Choix de l'offre et livraison;824.54
2140;08/05/2026 21:53:41;;Souscription en cours;Choix de l'offre et livraison;699.50
2141;08/05/2026 21:36:36;;En attente d'analyse Agent - Dossier avec erreurs;Signature Contrat;149.02
2142;08/05/2026 21:36:36;;En attente d'analyse Agent - Dossier avec erreurs;Signature Contrat;590.36
2143;08/05/2026 21:32:58;;Souscription en cours;Vérification d'identité;995.39
2144;08/05/2026 21:32:58;;Souscription en cours;Vérification d'identité;646.90
2145;08/05/2026 21:27:56;;Dossier validé;Parcours terminé;348.01
2146;08/05/2026 21:27:56;;Dossier validé;Parcours terminé;561.57
2147;08/05/2026 21:17:54;;Souscription en cours;Synchronisation référentiel personne NOVA;455.31
2148;08/05/2026 21:17:54;;Souscription en cours;Synchronisation référentiel personne NOVA;280.06
2149;08/05/2026 21:06:17;;Dossier validé;Parcours terminé;123.64
2150;08/05/2026 21:06:17;;Dossier validé;Parcours terminé;386.26
2151;08/05/2026 21:04:32;;Souscription en cours;Coordonnées personnelles;799.93
2152;08/05/2026 21:04:32;;Souscription en cours;Coordonnées personnelles;737.10
2153;08/05/2026 20:38:01;;Dossier refusé;Saisie société;765.62
2154;08/05/2026 20:38:01;;Dossier refusé;Saisie société;839.53
2155;08/05/2026 20:36:50;;Dossier validé;Parcours terminé;116.18
2156;08/05/2026 20:36:50;;Dossier validé;Parcours terminé;640.32
2157;08/05/2026 20:13:51;;Dossier validé;Parcours terminé;217.49
2158;08/05/2026 20:13:51;;Dossier validé;Parcours terminé;536.85
2159;08/05/2026 20:00:17;;Souscription en cours;Signature Contrat;101.46
2160;08/05/2026 20:00:17;;Souscription en cours;Signature Contrat;853.36
2161;08/05/2026 20:00:09;;Souscription en cours;Signature Contrat;116.41
2162;08/05/2026 20:00:09;;Souscription en cours;Signature Contrat;691.89
2163;08/05/2026 19:55:20;;Souscription en cours;Choix de l'offre et livraison;890.89
2164;08/05/2026 19:55:20;;Souscription en cours;Choix de l'offre et livraison;679.60
2165;08/05/2026 19:43:29;;Dossier validé;Parcours terminé;157.07
2166;08/05/2026 19:43:29;;Dossier validé;Parcours terminé;115.67
2167;08/05/2026 19:00:42;;Dossier refusé;Saisie société;524.53
2168;08/05/2026 19:00:42;;Dossier refusé;Saisie société;588.81
2169;08/05/2026 18:54:01;;Dossier validé;Parcours terminé;918.53
2170;08/05/2026 18:54:01;;Dossier validé;Parcours terminé;403.06
2171;08/05/2026 18:52:46;;Dossier validé;Parcours terminé;650.51
2172;08/05/2026 18:52:46;;Dossier validé;Parcours terminé;323.40
2173;08/05/2026 18:47:35;;Souscription en cours;Coordonnées personnelles;644.77
2174;08/05/2026 18:47:35;;Souscription en cours;Coordonnées personnelles;312.92
2175;08/05/2026 18:47:30;;Dossier validé;Parcours terminé;186.96
2176;08/05/2026 18:47:30;;Dossier validé;Parcours terminé;645.44
2177;08/05/2026 18:46:31;Manon LEFEBVRE;Dossier refusé;Saisie société;846.26
2178;08/05/2026 18:46:31;Manon LEFEBVRE;Dossier refusé;Saisie société;708.72
2179;08/05/2026 18:45:47;;Souscription en cours;Synchronisation référentiel personne NOVA;718.42
2180;08/05/2026 18:45:47;;Souscription en cours;Synchronisation référentiel personne NOVA;671.76
2181;08/05/2026 18:38:55;;Dossier validé;Parcours terminé;334.87
2182;08/05/2026 18:38:55;;Dossier validé;Parcours terminé;533.33
2183;08/05/2026 18:38:54;;Dossier validé;Parcours terminé;456.84
2184;08/05/2026 18:38:54;;Dossier validé;Parcours terminé;149.22
2185;08/05/2026 18:30:18;;Dossier validé;Parcours terminé;833.62
2186;08/05/2026 18:30:18;;Dossier validé;Parcours terminé;943.53
2187;08/05/2026 18:23:23;;Dossier validé;Parcours terminé;866.82
2188;08/05/2026 18:23:23;;Dossier validé;Parcours terminé;528.33
2189;08/05/2026 18:14:03;;Souscription en cours;Coordonnées personnelles;296.62
2190;08/05/2026 18:14:03;;Souscription en cours;Coordonnées personnelles;530.44
2191;08/05/2026 18:05:12;;Souscription en cours;Coordonnées personnelles;994.80
2192;08/05/2026 18:05:12;;Souscription en cours;Coordonnées personnelles;820.11
2193;08/05/2026 18:01:48;;Souscription en cours;Coordonnées personnelles;870.39
2194;08/05/2026 18:01:48;;Souscription en cours;Coordonnées personnelles;482.00
2195;08/05/2026 17:57:29;;Dossier validé;Parcours terminé;379.34
2196;08/05/2026 17:57:29;;Dossier validé;Parcours terminé;129.03
2197;08/05/2026 17:50:17;;Dossier validé;Parcours terminé;278.04
2198;08/05/2026 17:50:17;;Dossier validé;Parcours terminé;528.56
2199;08/05/2026 17:46:14;;Dossier validé;Parcours terminé;417.96
2200;08/05/2026 17:46:14;;Dossier validé;Parcours terminé;825.06
2201;08/05/2026 17:42:07;;Souscription non démarrée;Parcours non démarré;359.97
2202;08/05/2026 17:42:07;;Souscription non démarrée;Parcours non démarré;362.95
2203;08/05/2026 17:31:31;;Souscription en cours;Vérification d'identité;785.25
2204;08/05/2026 17:31:31;;Souscription en cours;Vérification d'identité;740.11
2205;08/05/2026 17:20:22;;Souscription en cours;Informations complémentaires (Etablissements, etc.);968.69
2206;08/05/2026 17:20:22;;Souscription en cours;Informations complémentaires (Etablissements, etc.);914.43
2207;08/05/2026 16:58:03;;Dossier validé;Parcours terminé;507.72
2208;08/05/2026 16:58:03;;Dossier validé;Parcours terminé;367.95
2209;08/05/2026 16:43:46;;Souscription non démarrée;Parcours non démarré;438.97
2210;08/05/2026 16:43:46;;Souscription non démarrée;Parcours non démarré;278.69
2211;08/05/2026 16:34:48;;Dossier validé;Parcours terminé;999.27
2212;08/05/2026 16:34:48;;Dossier validé;Parcours terminé;466.39
2213;08/05/2026 16:34:27;;Dossier refusé;Signature Contrat;873.00
2214;08/05/2026 16:34:27;;Dossier refusé;Signature Contrat;483.56
2215;08/05/2026 16:21:57;;Dossier refusé;Saisie société;755.27
2216;08/05/2026 16:21:57;;Dossier refusé;Saisie société;302.20
2217;08/05/2026 16:20:48;;Dossier validé;Parcours terminé;797.29
2218;08/05/2026 16:20:48;;Dossier validé;Parcours terminé;882.63
2219;08/05/2026 16:14:40;;Souscription en cours;Choix de l'offre et livraison;361.55
2220;08/05/2026 16:14:40;;Souscription en cours;Choix de l'offre et livraison;630.56
2221;08/05/2026 16:12:53;;Souscription en cours;Vérification d'identité;274.67
2222;08/05/2026 16:12:53;;Souscription en cours;Vérification d'identité;946.99
2223;08/05/2026 16:04:11;;Souscription en cours;Informations complémentaires (Etablissements, etc.);344.52
2224;08/05/2026 16:04:11;;Souscription en cours;Informations complémentaires (Etablissements, etc.);618.45
2225;08/05/2026 15:56:29;;Dossier refusé;Saisie société;813.24
2226;08/05/2026 15:56:29;;Dossier refusé;Saisie société;148.56
2227;08/05/2026 15:56:26;;Dossier validé;Parcours terminé;621.82
2228;08/05/2026 15:56:26;;Dossier validé;Parcours terminé;177.09
2229;08/05/2026 15:53:27;;Dossier validé;Parcours terminé;423.40
2230;08/05/2026 15:53:27;;Dossier validé;Parcours terminé;131.51
2231;08/05/2026 15:38:52;;Souscription en cours;Coordonnées personnelles;538.79
2232;08/05/2026 15:38:52;;Souscription en cours;Coordonnées personnelles;924.46
2233;08/05/2026 15:37:51;;Dossier validé;Parcours terminé;569.33
2234;08/05/2026 15:37:51;;Dossier validé;Parcours terminé;168.55
2235;08/05/2026 15:26:29;;Dossier validé;Parcours terminé;589.46
2236;08/05/2026 15:26:29;;Dossier validé;Parcours terminé;492.24
2237;08/05/2026 15:25:42;;En attente d'analyse Agent - Dossier avec erreurs;Signature Contrat;785.32
2238;08/05/2026 15:25:42;;En attente d'analyse Agent - Dossier avec erreurs;Signature Contrat;863.11
2239;08/05/2026 15:22:04;;Souscription en cours;Vérification d'identité;976.03
2240;08/05/2026 15:22:04;;Souscription en cours;Vérification d'identité;441.48
2241;08/05/2026 15:17:06;;Dossier validé;Parcours terminé;568.85
2242;08/05/2026 15:17:06;;Dossier validé;Parcours terminé;334.15
2243;08/05/2026 15:11:52;;Dossier validé;Parcours terminé;824.05
2244;08/05/2026 15:11:52;;Dossier validé;Parcours terminé;617.68
2245;08/05/2026 15:08:21;;Dossier validé;Parcours terminé;694.23
2246;08/05/2026 15:08:21;;Dossier validé;Parcours terminé;941.90
2247;08/05/2026 14:55:45;;En attente d'analyse Agent - Dossier avec erreurs;Signature Contrat;805.42
2248;08/05/2026 14:55:45;;En attente d'analyse Agent - Dossier avec erreurs;Signature Contrat;256.93
2249;08/05/2026 14:55:32;;En attente d'analyse Agent - Dossier avec erreurs;Signature Contrat;590.15
2250;08/05/2026 14:55:32;;En attente d'analyse Agent - Dossier avec erreurs;Signature Contrat;935.37
2251;08/05/2026 14:43:18;Hugo MARTIN;Dossier validé;Parcours terminé;466.33
2252;08/05/2026 14:43:18;Hugo MARTIN;Dossier validé;Parcours terminé;331.70
2253;08/05/2026 14:42:57;;Dossier validé;Parcours terminé;682.98
2254;08/05/2026 14:42:57;;Dossier validé;Parcours terminé;498.92
2255;08/05/2026 14:37:17;;Souscription non démarrée;Parcours non démarré;932.97
2256;08/05/2026 14:37:17;;Souscription non démarrée;Parcours non démarré;763.86
2257;08/05/2026 14:23:54;;Dossier validé;Parcours terminé;916.31
2258;08/05/2026 14:23:54;;Dossier validé;Parcours terminé;328.16
2259;08/05/2026 14:22:30;;Souscription en cours;Coordonnées personnelles;720.11
2260;08/05/2026 14:22:30;;Souscription en cours;Coordonnées personnelles;652.85
2261;08/05/2026 14:22:15;;Souscription en cours;Coordonnées personnelles;324.85
2262;08/05/2026 14:22:15;;Souscription en cours;Coordonnées personnelles;472.60
2263;08/05/2026 14:21:41;;Dossier validé;Parcours terminé;901.74
2264;08/05/2026 14:21:41;;Dossier validé;Parcours terminé;865.43
2265;08/05/2026 14:17:26;Hugo MARTIN;Dossier validé;Parcours terminé;411.75
2266;08/05/2026 14:17:26;Hugo MARTIN;Dossier validé;Parcours terminé;237.43
2267;08/05/2026 14:08:47;;En attente d'analyse Agent - Dossier avec erreurs;Signature Contrat;551.78
2268;08/05/2026 14:08:47;;En attente d'analyse Agent - Dossier avec erreurs;Signature Contrat;276.22
2269;08/05/2026 13:59:30;;Souscription en cours;Signature Contrat;877.31
2270;08/05/2026 13:59:30;;Souscription en cours;Signature Contrat;208.29
2271;08/05/2026 13:57:07;;Souscription en cours;Informations complémentaires (Etablissements, etc.);640.60
2272;08/05/2026 13:57:07;;Souscription en cours;Informations complémentaires (Etablissements, etc.);776.02
2273;08/05/2026 13:44:27;;Dossier validé;Parcours terminé;611.63
2274;08/05/2026 13:44:27;;Dossier validé;Parcours terminé;882.98
2275;08/05/2026 13:30:53;;Souscription en cours;Choix de l'offre et livraison;723.31
2276;08/05/2026 13:30:53;;Souscription en cours;Choix de l'offre et livraison;697.16
2277;08/05/2026 13:24:50;;Souscription en cours;Choix de l'offre et livraison;907.04
2278;08/05/2026 13:24:50;;Souscription en cours;Choix de l'offre et livraison;147.75
2279;08/05/2026 13:18:53;;Dossier validé;Parcours terminé;991.01
2280;08/05/2026 13:18:53;;Dossier validé;Parcours terminé;513.19
2281;08/05/2026 13:10:38;Inès MICHEL;Dossier validé;Parcours terminé;771.69
2282;08/05/2026 13:10:38;Inès MICHEL;Dossier validé;Parcours terminé;530.41
2283;08/05/2026 13:08:38;;Dossier validé;Parcours terminé;425.72
2284;08/05/2026 13:08:38;;Dossier validé;Parcours terminé;139.96
2285;08/05/2026 13:01:47;;Souscription en cours;Coordonnées personnelles;639.16
2286;08/05/2026 13:01:47;;Souscription en cours;Coordonnées personnelles;983.24
2287;08/05/2026 12:58:07;;Souscription en cours;Signature Contrat;866.04
2288;08/05/2026 12:58:07;;Souscription en cours;Signature Contrat;215.64
2289;08/05/2026 12:50:41;;Souscription en cours;Choix de l'offre et livraison;963.18
2290;08/05/2026 12:50:41;;Souscription en cours;Choix de l'offre et livraison;225.94
2291;08/05/2026 12:46:59;;Dossier refusé;Saisie société;770.54
2292;08/05/2026 12:46:59;;Dossier refusé;Saisie société;495.53
2293;08/05/2026 12:40:40;;Dossier validé;Parcours terminé;539.51
2294;08/05/2026 12:40:40;;Dossier validé;Parcours terminé;130.34
2295;08/05/2026 12:40:38;;Souscription en cours;Vérification d'identité;618.01
2296;08/05/2026 12:40:38;;Souscription en cours;Vérification d'identité;586.95
2297;08/05/2026 12:00:03;;Dossier validé;Parcours terminé;143.07
2298;08/05/2026 12:00:03;;Dossier validé;Parcours terminé;411.57
2299;08/05/2026 11:56:51;;Souscription en cours;Informations complémentaires (CA, Profession, etc.);984.98
2300;08/05/2026 11:56:51;;Souscription en cours;Informations complémentaires (CA, Profession, etc.);656.68
2301;08/05/2026 11:51:50;Z5735392;Dossier validé;Parcours terminé;586.00
2302;08/05/2026 11:51:50;Z5735392;Dossier validé;Parcours terminé;726.51
2303;08/05/2026 11:47:45;;Dossier validé;Parcours terminé;649.71
2304;08/05/2026 11:47:45;;Dossier validé;Parcours terminé;526.39
2305;08/05/2026 11:41:18;;Dossier refusé;Saisie société;482.28
2306;08/05/2026 11:41:18;;Dossier refusé;Saisie société;986.32
2307;08/05/2026 11:33:33;;Dossier validé;Parcours terminé;323.65
2308;08/05/2026 11:33:33;;Dossier validé;Parcours terminé;656.10
2309;08/05/2026 11:29:43;;Souscription en cours;Signature Contrat;531.33
2310;08/05/2026 11:29:43;;Souscription en cours;Signature Contrat;428.46
2311;08/05/2026 11:24:52;;Dossier validé;Parcours terminé;566.92
2312;08/05/2026 11:24:52;;Dossier validé;Parcours terminé;835.00
2313;08/05/2026 11:21:26;;Souscription en cours;Coordonnées personnelles;550.14
2314;08/05/2026 11:21:26;;Souscription en cours;Coordonnées personnelles;638.28
2315;08/05/2026 11:20:51;;Souscription en cours;Choix de l'offre et livraison;735.70
2316;08/05/2026 11:20:51;;Souscription en cours;Choix de l'offre et livraison;645.74
2317;08/05/2026 11:04:45;;Souscription en cours;Signature Contrat;876.11
2318;08/05/2026 11:04:45;;Souscription en cours;Signature Contrat;978.22
2319;08/05/2026 11:04:31;Hugo MARTIN;Dossier validé;Parcours terminé;781.93
2320;08/05/2026 11:04:31;Hugo MARTIN;Dossier validé;Parcours terminé;392.11
2321;08/05/2026 11:03:51;;Dossier validé;Parcours terminé;261.78
2322;08/05/2026 11:03:51;;Dossier validé;Parcours terminé;807.22
2323;08/05/2026 11:00:23;;Souscription en cours;Choix de l'offre et livraison;399.55
2324;08/05/2026 11:00:23;;Souscription en cours;Choix de l'offre et livraison;745.12
2325;08/05/2026 10:31:38;;Dossier refusé;Saisie société;230.91
2326;08/05/2026 10:31:38;;Dossier refusé;Saisie société;661.14
2327;08/05/2026 10:23:13;;Souscription en cours;Coordonnées personnelles;985.66
2328;08/05/2026 10:23:13;;Souscription en cours;Coordonnées personnelles;161.59
2329;08/05/2026 10:19:35;;Souscription en cours;Informations complémentaires (CA, Profession, etc.);384.66
2330;08/05/2026 10:19:35;;Souscription en cours;Informations complémentaires (CA, Profession, etc.);539.98
2331;08/05/2026 10:05:49;;Souscription en cours;Coordonnées personnelles;382.27
2332;08/05/2026 10:05:49;;Souscription en cours;Coordonnées personnelles;886.12
2333;08/05/2026 10:02:15;;Souscription en cours;Coordonnées personnelles;737.64
2334;08/05/2026 10:02:15;;Souscription en cours;Coordonnées personnelles;459.81
2335;08/05/2026 10:00:27;;Dossier validé;Parcours terminé;201.90
2336;08/05/2026 10:00:27;;Dossier validé;Parcours terminé;538.40
2337;08/05/2026 09:58:53;;Dossier validé;Parcours terminé;313.97
2338;08/05/2026 09:58:53;;Dossier validé;Parcours terminé;403.72
2339;08/05/2026 09:51:04;;Dossier refusé;Choix de l'offre et livraison;605.22
2340;08/05/2026 09:51:04;;Dossier refusé;Choix de l'offre et livraison;713.88
2341;08/05/2026 09:42:05;;Dossier validé;Parcours terminé;932.67
2342;08/05/2026 09:42:05;;Dossier validé;Parcours terminé;268.92
2343;08/05/2026 08:25:37;;En attente d'analyse Agent - Dossier avec erreurs;Signature Contrat;747.42
2344;08/05/2026 08:25:37;;En attente d'analyse Agent - Dossier avec erreurs;Signature Contrat;732.72
2345;08/05/2026 08:22:08;;Dossier validé;Parcours terminé;473.78
2346;08/05/2026 08:22:08;;Dossier validé;Parcours terminé;668.16
2347;08/05/2026 08:20:44;;Dossier refusé;Saisie société;920.53
2348;08/05/2026 08:20:44;;Dossier refusé;Saisie société;674.20
2349;08/05/2026 08:18:58;Adam LAURENT;Dossier validé;Parcours terminé;966.79
2350;08/05/2026 08:18:58;Adam LAURENT;Dossier validé;Parcours terminé;618.22
2351;08/05/2026 08:02:00;;Dossier validé;Parcours terminé;999.69
2352;08/05/2026 08:02:00;;Dossier validé;Parcours terminé;725.43
2353;08/05/2026 07:54:06;;En attente d'analyse Agent - Dossier avec erreurs;Signature Contrat;399.24
2354;08/05/2026 07:54:06;;En attente d'analyse Agent - Dossier avec erreurs;Signature Contrat;938.25
2355;08/05/2026 07:14:58;;Souscription en cours;Choix de l'offre et livraison;675.66
2356;08/05/2026 07:14:58;;Souscription en cours;Choix de l'offre et livraison;535.67
2357;08/05/2026 07:03:39;;Dossier validé;Parcours terminé;424.29
2358;08/05/2026 07:03:39;;Dossier validé;Parcours terminé;845.19
2359;08/05/2026 06:56:35;;Dossier refusé;Saisie société;222.13
2360;08/05/2026 06:56:35;;Dossier refusé;Saisie société;418.63
2361;08/05/2026 06:27:08;;Souscription non démarrée;Parcours non démarré;653.79
2362;08/05/2026 06:27:08;;Souscription non démarrée;Parcours non démarré;402.22
2363;08/05/2026 04:58:15;;Dossier validé;Parcours terminé;578.10
2364;08/05/2026 04:58:15;;Dossier validé;Parcours terminé;890.77
2365;08/05/2026 02:36:32;;En attente d'analyse Agent - Dossier avec erreurs;Signature Contrat;246.63
2366;08/05/2026 02:36:32;;En attente d'analyse Agent - Dossier avec erreurs;Signature Contrat;315.88
2367;08/05/2026 01:16:16;;En attente d'analyse Agent - Dossier avec erreurs;Signature Contrat;697.56
2368;08/05/2026 01:16:16;;En attente d'analyse Agent - Dossier avec erreurs;Signature Contrat;424.00
2369;08/05/2026 00:52:04;;Dossier validé;Parcours terminé;906.33
2370;08/05/2026 00:52:04;;Dossier validé;Parcours terminé;650.40
2371;08/05/2026 00:20:15;;Souscription en cours;Coordonnées personnelles;416.22
2372;08/05/2026 00:20:15;;Souscription en cours;Coordonnées personnelles;358.13
2373;08/05/2026 00:03:47;;Souscription en cours;Coordonnées personnelles;389.45
2374;08/05/2026 00:03:47;;Souscription en cours;Coordonnées personnelles;638.27
2375;07/05/2026 23:59:58;;Dossier refusé;Saisie société;375.03
2376;07/05/2026 23:59:58;;Dossier refusé;Saisie société;264.63
2377;07/05/2026 23:27:51;;Dossier validé;Parcours terminé;996.41
2378;07/05/2026 23:27:51;;Dossier validé;Parcours terminé;908.45
2379;07/05/2026 22:59:45;;Dossier validé;Parcours terminé;875.65
2380;07/05/2026 22:59:45;;Dossier validé;Parcours terminé;192.90
2381;07/05/2026 22:54:24;;Dossier validé;Parcours terminé;429.79
2382;07/05/2026 22:54:24;;Dossier validé;Parcours terminé;841.61
2383;07/05/2026 22:53:21;Manon LEFEBVRE;Dossier refusé;Saisie société;895.86
2384;07/05/2026 22:53:21;Manon LEFEBVRE;Dossier refusé;Saisie société;599.29
2385;07/05/2026 22:28:10;;Souscription en cours;Coordonnées personnelles;925.74
2386;07/05/2026 22:28:10;;Souscription en cours;Coordonnées personnelles;125.90
2387;07/05/2026 22:20:27;;Souscription en cours;Choix de l'offre et livraison;128.97
2388;07/05/2026 22:20:27;;Souscription en cours;Choix de l'offre et livraison;299.06
2389;07/05/2026 22:08:36;;Souscription en cours;Coordonnées personnelles;738.22
2390;07/05/2026 22:08:36;;Souscription en cours;Coordonnées personnelles;949.12
2391;07/05/2026 22:04:21;;Dossier refusé;Saisie société;195.21
2392;07/05/2026 22:04:21;;Dossier refusé;Saisie société;701.15
2393;07/05/2026 21:46:29;;Dossier validé;Parcours terminé;126.13
2394;07/05/2026 21:46:29;;Dossier validé;Parcours terminé;637.98
2395;07/05/2026 21:44:21;;Souscription en cours;Coordonnées personnelles;498.42
2396;07/05/2026 21:44:21;;Souscription en cours;Coordonnées personnelles;198.77
2397;07/05/2026 21:40:32;;Souscription en cours;Informations complémentaires (CA, Profession, etc.);851.78
2398;07/05/2026 21:40:32;;Souscription en cours;Informations complémentaires (CA, Profession, etc.);634.21
2399;07/05/2026 21:33:50;;Dossier validé;Parcours terminé;139.23
2400;07/05/2026 21:33:50;;Dossier validé;Parcours terminé;903.34
2401;07/05/2026 21:28:37;;Souscription en cours;Signature Contrat;676.22
2402;07/05/2026 21:28:37;;Souscription en cours;Signature Contrat;405.80
2403;07/05/2026 21:24:12;;Dossier refusé;Choix de l'offre et livraison;140.86
2404;07/05/2026 21:24:12;;Dossier refusé;Choix de l'offre et livraison;163.98
2405;07/05/2026 21:09:40;;Souscription en cours;Signature Contrat;460.51
2406;07/05/2026 21:09:40;;Souscription en cours;Signature Contrat;555.14
2407;07/05/2026 20:54:26;;Dossier validé;Parcours terminé;541.99
2408;07/05/2026 20:54:26;;Dossier validé;Parcours terminé;610.86
2409;07/05/2026 20:48:41;;Souscription non démarrée;Parcours non démarré;979.29
2410;07/05/2026 20:48:41;;Souscription non démarrée;Parcours non démarré;865.81
2411;07/05/2026 20:37:27;;Dossier refusé;Saisie société;307.87
2412;07/05/2026 20:37:27;;Dossier refusé;Saisie société;298.90
2413;07/05/2026 20:33:37;;Dossier validé;Parcours terminé;644.56
2414;07/05/2026 20:33:37;;Dossier validé;Parcours terminé;498.70
2415;07/05/2026 20:23:02;;Dossier refusé;Synchronisation référentiel personne NOVA;487.65
2416;07/05/2026 20:23:02;;Dossier refusé;Synchronisation référentiel personne NOVA;760.14
2417;07/05/2026 20:03:20;;Dossier refusé;Saisie société;363.50
2418;07/05/2026 20:03:20;;Dossier refusé;Saisie société;414.64
2419;07/05/2026 19:42:00;;Dossier validé;Parcours terminé;347.70
2420;07/05/2026 19:42:00;;Dossier validé;Parcours terminé;177.34
2421;07/05/2026 19:35:17;;Souscription en cours;Coordonnées personnelles;316.08
2422;07/05/2026 19:35:17;;Souscription en cours;Coordonnées personnelles;703.06
2423;07/05/2026 19:12:00;;Dossier validé;Parcours terminé;963.67
2424;07/05/2026 19:12:00;;Dossier validé;Parcours terminé;176.12
2425;07/05/2026 18:46:59;;Souscription en cours;Signature Contrat;523.47
2426;07/05/2026 18:46:59;;Souscription en cours;Signature Contrat;290.98
2427;07/05/2026 18:43:01;;Souscription non démarrée;Parcours non démarré;458.07
2428;07/05/2026 18:43:01;;Souscription non démarrée;Parcours non démarré;810.33
2429;07/05/2026 18:24:05;;Souscription en cours;Coordonnées personnelles;590.34
2430;07/05/2026 18:24:05;;Souscription en cours;Coordonnées personnelles;203.41
2431;07/05/2026 18:18:42;;Dossier refusé;Signature Contrat;846.35
2432;07/05/2026 18:18:42;;Dossier refusé;Signature Contrat;927.47
2433;07/05/2026 18:14:04;;Souscription en cours;Coordonnées personnelles;120.99
2434;07/05/2026 18:14:04;;Souscription en cours;Coordonnées personnelles;932.44
2435;07/05/2026 17:42:20;;Dossier validé;Parcours terminé;847.91
2436;07/05/2026 17:42:20;;Dossier validé;Parcours terminé;334.07
2437;07/05/2026 17:37:45;;Souscription non démarrée;Parcours non démarré;705.62
2438;07/05/2026 17:37:45;;Souscription non démarrée;Parcours non démarré;927.55
2439;07/05/2026 17:14:31;;Souscription en cours;Choix de l'offre et livraison;286.98
2440;07/05/2026 17:14:31;;Souscription en cours;Choix de l'offre et livraison;280.42
2441;07/05/2026 17:12:01;;Dossier validé;Parcours terminé;967.04
2442;07/05/2026 17:12:01;;Dossier validé;Parcours terminé;594.20
2443;07/05/2026 17:11:52;;Souscription en cours;Coordonnées personnelles;587.31
2444;07/05/2026 17:11:52;;Souscription en cours;Coordonnées personnelles;198.74
2445;07/05/2026 17:08:25;;Dossier refusé;Signature Contrat;422.70
2446;07/05/2026 17:08:25;;Dossier refusé;Signature Contrat;563.74
2447;07/05/2026 17:08:17;;Souscription en cours;Informations complémentaires (Etablissements, etc.);356.44
2448;07/05/2026 17:08:17;;Souscription en cours;Informations complémentaires (Etablissements, etc.);316.74
2449;07/05/2026 17:01:14;;Souscription en cours;Choix de l'offre et livraison;197.51
2450;07/05/2026 17:01:14;;Souscription en cours;Choix de l'offre et livraison;704.10
2451;07/05/2026 16:59:58;;Dossier validé;Parcours terminé;821.51
2452;07/05/2026 16:59:58;;Dossier validé;Parcours terminé;166.56
2453;07/05/2026 16:45:56;Inès MICHEL;Dossier refusé;Coordonnées personnelles;303.85
2454;07/05/2026 16:45:56;Inès MICHEL;Dossier refusé;Coordonnées personnelles;258.01
2455;07/05/2026 16:40:48;;Souscription en cours;Synchronisation référentiel personne NOVA;516.75
2456;07/05/2026 16:40:48;;Souscription en cours;Synchronisation référentiel personne NOVA;869.32
2457;07/05/2026 16:37:34;;Dossier validé;Parcours terminé;861.41
2458;07/05/2026 16:37:34;;Dossier validé;Parcours terminé;328.70
2459;07/05/2026 16:30:03;;Dossier refusé;Choix de l'offre et livraison;375.09
2460;07/05/2026 16:30:03;;Dossier refusé;Choix de l'offre et livraison;750.60
2461;07/05/2026 16:18:12;;Dossier validé;Parcours terminé;529.22
2462;07/05/2026 16:18:12;;Dossier validé;Parcours terminé;603.40
2463;07/05/2026 16:16:51;;Souscription en cours;Coordonnées personnelles;898.36
2464;07/05/2026 16:16:51;;Souscription en cours;Coordonnées personnelles;592.75
2465;07/05/2026 16:11:53;;Souscription en cours;Signature Contrat;256.28
2466;07/05/2026 16:11:53;;Souscription en cours;Signature Contrat;779.62
2467;07/05/2026 16:06:29;;Souscription en cours;Coordonnées personnelles;836.22
2468;07/05/2026 16:06:29;;Souscription en cours;Coordonnées personnelles;255.26
2469;07/05/2026 16:02:08;;Souscription en cours;Signature Contrat;366.25
2470;07/05/2026 16:02:08;;Souscription en cours;Signature Contrat;268.97
2471;07/05/2026 16:01:45;;Dossier validé;Parcours terminé;459.37
2472;07/05/2026 16:01:45;;Dossier validé;Parcours terminé;171.86
2473;07/05/2026 15:53:46;;Souscription en cours;Choix de l'offre et livraison;898.05
2474;07/05/2026 15:53:46;;Souscription en cours;Choix de l'offre et livraison;433.34
2475;07/05/2026 15:49:00;;Souscription en cours;Signature Contrat;922.45
2476;07/05/2026 15:49:00;;Souscription en cours;Signature Contrat;623.62
2477;07/05/2026 15:48:35;;Dossier validé;Parcours terminé;128.33
2478;07/05/2026 15:48:35;;Dossier validé;Parcours terminé;259.48
2479;07/05/2026 15:46:59;;Souscription en cours;Choix de l'offre et livraison;396.83
2480;07/05/2026 15:46:59;;Souscription en cours;Choix de l'offre et livraison;713.24
2481;07/05/2026 15:40:37;;Souscription non démarrée;Parcours non démarré;342.98
2482;07/05/2026 15:40:37;;Souscription non démarrée;Parcours non démarré;127.27
2483;07/05/2026 15:36:10;;Dossier validé;Parcours terminé;775.46
2484;07/05/2026 15:36:10;;Dossier validé;Parcours terminé;955.35
2485;07/05/2026 15:32:39;;Souscription en cours;Coordonnées personnelles;626.08
2486;07/05/2026 15:32:39;;Souscription en cours;Coordonnées personnelles;520.10
2487;07/05/2026 15:30:45;;Souscription en cours;Coordonnées personnelles;334.57
2488;07/05/2026 15:30:45;;Souscription en cours;Coordonnées personnelles;890.35
2489;07/05/2026 15:29:11;;Dossier refusé;Saisie société;508.93
2490;07/05/2026 15:29:11;;Dossier refusé;Saisie société;837.24
2491;07/05/2026 15:27:26;;Dossier validé;Parcours terminé;732.24
2492;07/05/2026 15:27:26;;Dossier validé;Parcours terminé;120.79
2493;07/05/2026 15:23:07;;Dossier validé;Parcours terminé;691.33
2494;07/05/2026 15:23:07;;Dossier validé;Parcours terminé;107.09
2495;07/05/2026 15:17:12;;Souscription non démarrée;Parcours non démarré;586.26
2496;07/05/2026 15:17:12;;Souscription non démarrée;Parcours non démarré;537.90
2497;07/05/2026 15:16:43;;Dossier refusé;Signature Contrat;471.32
2498;07/05/2026 15:16:43;;Dossier refusé;Signature Contrat;797.51
2499;07/05/2026 15:15:25;;Dossier validé;Parcours terminé;422.54
2500;07/05/2026 15:15:25;;Dossier validé;Parcours terminé;473.25
2501;07/05/2026 15:14:24;;Souscription non démarrée;Parcours non démarré;509.79
2502;07/05/2026 15:14:24;;Souscription non démarrée;Parcours non démarré;848.55
2503;07/05/2026 15:12:25;;Dossier validé;Parcours terminé;832.05
2504;07/05/2026 15:12:25;;Dossier validé;Parcours terminé;990.82
2505;07/05/2026 15:09:40;;Souscription en cours;Choix de l'offre et livraison;133.76
2506;07/05/2026 15:09:40;;Souscription en cours;Choix de l'offre et livraison;911.09
2507;07/05/2026 15:07:30;;Souscription en cours;Choix de l'offre et livraison;768.78
2508;07/05/2026 15:07:30;;Souscription en cours;Choix de l'offre et livraison;847.31
2509;07/05/2026 15:03:22;;Souscription en cours;Signature Contrat;172.40
2510;07/05/2026 15:03:22;;Souscription en cours;Signature Contrat;362.15
2511;07/05/2026 14:57:02;;Souscription non démarrée;Parcours non démarré;792.49
2512;07/05/2026 14:57:02;;Souscription non démarrée;Parcours non démarré;172.26
2513;07/05/2026 14:50:56;;Souscription en cours;Signature Contrat;131.13
2514;07/05/2026 14:50:56;;Souscription en cours;Signature Contrat;487.05
2515;07/05/2026 14:46:48;;Souscription en cours;Vérification d'identité;652.46
2516;07/05/2026 14:46:48;;Souscription en cours;Vérification d'identité;823.56
2517;07/05/2026 14:44:48;;Souscription en cours;Coordonnées personnelles;746.13
2518;07/05/2026 14:44:48;;Souscription en cours;Coordonnées personnelles;133.99
2519;07/05/2026 14:44:47;;Dossier validé;Parcours terminé;622.92
2520;07/05/2026 14:44:47;;Dossier validé;Parcours terminé;750.37
2521;07/05/2026 14:42:45;;Souscription en cours;Coordonnées personnelles;967.65
2522;07/05/2026 14:42:45;;Souscription en cours;Coordonnées personnelles;936.99
2523;07/05/2026 14:37:12;;Dossier validé;Parcours terminé;512.59
2524;07/05/2026 14:37:12;;Dossier validé;Parcours terminé;494.65
2525;07/05/2026 14:29:08;;Souscription non démarrée;Parcours non démarré;937.77
2526;07/05/2026 14:29:08;;Souscription non démarrée;Parcours non démarré;591.40
2527;07/05/2026 14:19:33;;Dossier validé;Parcours terminé;485.06
2528;07/05/2026 14:19:33;;Dossier validé;Parcours terminé;845.19
2529;07/05/2026 14:17:06;;Souscription non démarrée;Parcours non démarré;998.72
2530;07/05/2026 14:17:06;;Souscription non démarrée;Parcours non démarré;775.48
2531;07/05/2026 14:10:40;;Dossier validé;Parcours terminé;350.27
2532;07/05/2026 14:10:40;;Dossier validé;Parcours terminé;749.22
2533;07/05/2026 14:01:17;;Souscription en cours;Coordonnées personnelles;979.97
2534;07/05/2026 14:01:17;;Souscription en cours;Coordonnées personnelles;802.26
2535;07/05/2026 13:51:54;;Souscription en cours;Choix de l'offre et livraison;883.62
2536;07/05/2026 13:51:54;;Souscription en cours;Choix de l'offre et livraison;656.54
2537;07/05/2026 13:29:46;;Souscription en cours;Signature Contrat;667.41
2538;07/05/2026 13:29:46;;Souscription en cours;Signature Contrat;935.92
2539;07/05/2026 13:24:25;;Souscription en cours;Signature Contrat;297.02
2540;07/05/2026 13:24:25;;Souscription en cours;Signature Contrat;326.58
2541;07/05/2026 13:18:35;;Dossier validé;Parcours terminé;963.50
2542;07/05/2026 13:18:35;;Dossier validé;Parcours terminé;112.55
2543;07/05/2026 13:09:35;;Souscription en cours;Coordonnées personnelles;733.48
2544;07/05/2026 13:09:35;;Souscription en cours;Coordonnées personnelles;474.54
2545;07/05/2026 13:06:32;;Souscription en cours;Signature Contrat;961.16
2546;07/05/2026 13:06:32;;Souscription en cours;Signature Contrat;673.40
2547;07/05/2026 12:58:29;;En attente d'analyse Agent - Dossier avec erreurs;Signature Contrat;248.55
2548;07/05/2026 12:58:29;;En attente d'analyse Agent - Dossier avec erreurs;Signature Contrat;295.87
2549;07/05/2026 12:55:40;;Dossier validé;Parcours terminé;174.84
2550;07/05/2026 12:55:40;;Dossier validé;Parcours terminé;907.12
2551;07/05/2026 12:49:12;;Souscription en cours;Coordonnées personnelles;307.50
2552;07/05/2026 12:49:12;;Souscription en cours;Coordonnées personnelles;961.35
2553;07/05/2026 12:41:22;;Dossier refusé;Synchronisation référentiel personne NOVA;198.61
2554;07/05/2026 12:41:22;;Dossier refusé;Synchronisation référentiel personne NOVA;877.68
2555;07/05/2026 12:39:26;;Dossier validé;Parcours terminé;546.15
2556;07/05/2026 12:39:26;;Dossier validé;Parcours terminé;937.57
2557;07/05/2026 12:39:13;;Souscription non démarrée;Parcours non démarré;177.92
2558;07/05/2026 12:39:13;;Souscription non démarrée;Parcours non démarré;452.34
2559;07/05/2026 12:35:54;;Dossier refusé;Saisie société;936.74
2560;07/05/2026 12:35:54;;Dossier refusé;Saisie société;823.61
2561;07/05/2026 12:24:33;;Dossier validé;Parcours terminé;119.69
2562;07/05/2026 12:24:33;;Dossier validé;Parcours terminé;330.76
2563;07/05/2026 12:05:12;;Souscription non démarrée;Parcours non démarré;871.87
2564;07/05/2026 12:05:12;;Souscription non démarrée;Parcours non démarré;170.73
2565;07/05/2026 12:04:46;;Dossier validé;Parcours terminé;737.26
2566;07/05/2026 12:04:46;;Dossier validé;Parcours terminé;171.02
2567;07/05/2026 12:02:15;;Dossier validé;Parcours terminé;951.79
2568;07/05/2026 12:02:15;;Dossier validé;Parcours terminé;856.56
2569;07/05/2026 11:59:28;;Souscription en cours;Coordonnées personnelles;522.49
2570;07/05/2026 11:59:28;;Souscription en cours;Coordonnées personnelles;398.22
2571;07/05/2026 11:50:59;;Souscription en cours;Criblages BE(s);793.51
2572;07/05/2026 11:50:59;;Souscription en cours;Criblages BE(s);203.46
2573;07/05/2026 11:45:09;;Souscription en cours;Coordonnées personnelles;869.76
2574;07/05/2026 11:45:09;;Souscription en cours;Coordonnées personnelles;310.41
2575;07/05/2026 11:43:56;;Souscription en cours;Coordonnées personnelles;970.20
2576;07/05/2026 11:43:56;;Souscription en cours;Coordonnées personnelles;874.88
2577;07/05/2026 11:34:44;;Dossier validé;Parcours terminé;734.17
2578;07/05/2026 11:34:44;;Dossier validé;Parcours terminé;884.39
2579;07/05/2026 11:25:22;;Dossier validé;Parcours terminé;513.34
2580;07/05/2026 11:25:22;;Dossier validé;Parcours terminé;606.40
2581;07/05/2026 11:24:26;;Souscription en cours;Coordonnées personnelles;984.18
2582;07/05/2026 11:24:26;;Souscription en cours;Coordonnées personnelles;934.28
2583;07/05/2026 11:17:54;;Souscription en cours;Coordonnées personnelles;425.26
2584;07/05/2026 11:17:54;;Souscription en cours;Coordonnées personnelles;258.33
2585;07/05/2026 11:16:19;;Souscription en cours;Choix de l'offre et livraison;638.33
2586;07/05/2026 11:16:19;;Souscription en cours;Choix de l'offre et livraison;803.16
2587;07/05/2026 11:08:11;;Dossier validé;Parcours terminé;682.67
2588;07/05/2026 11:08:11;;Dossier validé;Parcours terminé;848.17
2589;07/05/2026 11:02:15;;Souscription en cours;Informations complémentaires (CA, Profession, etc.);462.16
2590;07/05/2026 11:02:15;;Souscription en cours;Informations complémentaires (CA, Profession, etc.);211.98
2591;07/05/2026 10:57:28;;Souscription en cours;Coordonnées personnelles;138.32
2592;07/05/2026 10:57:28;;Souscription en cours;Coordonnées personnelles;273.49
2593;07/05/2026 10:55:16;;Souscription en cours;Informations complémentaires (Etablissements, etc.);217.10
2594;07/05/2026 10:55:16;;Souscription en cours;Informations complémentaires (Etablissements, etc.);650.63
2595;07/05/2026 10:52:21;;Souscription en cours;Coordonnées personnelles;440.33
2596;07/05/2026 10:52:21;;Souscription en cours;Coordonnées personnelles;663.09
2597;07/05/2026 10:50:51;;Dossier refusé;Parcours terminé;255.88
2598;07/05/2026 10:50:51;;Dossier refusé;Parcours terminé;952.42
2599;07/05/2026 10:44:34;;Dossier validé;Parcours terminé;357.34
2600;07/05/2026 10:44:34;;Dossier validé;Parcours terminé;474.27
2601;07/05/2026 10:40:45;;Souscription en cours;Coordonnées personnelles;225.05
2602;07/05/2026 10:40:45;;Souscription en cours;Coordonnées personnelles;154.64
2603;07/05/2026 10:39:56;;Dossier refusé;Signature Contrat;462.21
2604;07/05/2026 10:39:56;;Dossier refusé;Signature Contrat;820.88
2605;07/05/2026 10:35:54;Hugo MARTIN;Dossier validé;Parcours terminé;146.27
2606;07/05/2026 10:35:54;Hugo MARTIN;Dossier validé;Parcours terminé;408.20
2607;07/05/2026 10:33:26;;Souscription en cours;Coordonnées personnelles;664.95
2608;07/05/2026 10:33:26;;Souscription en cours;Coordonnées personnelles;430.48
2609;07/05/2026 10:18:52;;Souscription en cours;Bénéficiaire effectifs;230.23
2610;07/05/2026 10:18:52;;Souscription en cours;Bénéficiaire effectifs;669.27
2611;07/05/2026 10:06:46;;Souscription en cours;Coordonnées personnelles;314.24
2612;07/05/2026 10:06:46;;Souscription en cours;Coordonnées personnelles;413.95
2613;07/05/2026 10:01:40;;Dossier validé;Parcours terminé;935.99
2614;07/05/2026 10:01:40;;Dossier validé;Parcours terminé;661.57
2615;07/05/2026 10:00:15;;Souscription en cours;Vérification d'identité;984.22
2616;07/05/2026 10:00:15;;Souscription en cours;Vérification d'identité;490.40
2617;07/05/2026 09:48:32;;Dossier validé;Parcours terminé;965.75
2618;07/05/2026 09:48:32;;Dossier validé;Parcours terminé;358.01
2619;07/05/2026 09:46:47;;Dossier validé;Parcours terminé;405.84
2620;07/05/2026 09:46:47;;Dossier validé;Parcours terminé;541.84
2621;07/05/2026 09:38:06;Hugo MARTIN;Dossier validé;Parcours terminé;696.31
2622;07/05/2026 09:38:06;Hugo MARTIN;Dossier validé;Parcours terminé;170.57
2623;07/05/2026 09:36:32;;Dossier refusé;Saisie société;151.13
2624;07/05/2026 09:36:32;;Dossier refusé;Saisie société;746.10
2625;07/05/2026 09:24:27;;Souscription en cours;Signature Contrat;770.34
2626;07/05/2026 09:24:27;;Souscription en cours;Signature Contrat;434.33
2627;07/05/2026 09:19:27;;Souscription en cours;Choix de l'offre et livraison;415.10
2628;07/05/2026 09:19:27;;Souscription en cours;Choix de l'offre et livraison;344.44
2629;07/05/2026 09:18:50;;Dossier validé;Parcours terminé;514.11
2630;07/05/2026 09:18:50;;Dossier validé;Parcours terminé;943.31
2631;07/05/2026 09:16:44;;Souscription en cours;Coordonnées personnelles;471.44
2632;07/05/2026 09:16:44;;Souscription en cours;Coordonnées personnelles;954.03
2633;07/05/2026 09:12:36;;Dossier refusé;Saisie société;472.17
2634;07/05/2026 09:12:36;;Dossier refusé;Saisie société;210.31
2635;07/05/2026 09:01:35;Zoé MULLER;Dossier validé;Parcours terminé;257.74
2636;07/05/2026 09:01:35;Zoé MULLER;Dossier validé;Parcours terminé;604.26
2637;07/05/2026 09:01:21;Hugo MARTIN;Dossier refusé;Saisie société;582.45
2638;07/05/2026 09:01:21;Hugo MARTIN;Dossier refusé;Saisie société;668.81
2639;07/05/2026 09:00:07;;Souscription en cours;Informations complémentaires (CA, Profession, etc.);999.99
2640;07/05/2026 09:00:07;;Souscription en cours;Informations complémentaires (CA, Profession, etc.);219.67
2641;07/05/2026 08:48:54;;Souscription en cours;Vérification d'identité;317.64
2642;07/05/2026 08:48:54;;Souscription en cours;Vérification d'identité;187.55
2643;07/05/2026 08:46:24;;Dossier validé;Parcours terminé;428.53
2644;07/05/2026 08:46:24;;Dossier validé;Parcours terminé;466.72
2645;07/05/2026 08:12:05;Z5681453;Dossier validé;Parcours terminé;211.04
2646;07/05/2026 08:12:05;Z5681453;Dossier validé;Parcours terminé;796.55
2647;07/05/2026 08:06:27;;En attente d'analyse Agent - Dossier avec erreurs;Signature Contrat;590.92
2648;07/05/2026 08:06:27;;En attente d'analyse Agent - Dossier avec erreurs;Signature Contrat;762.53
2649;07/05/2026 07:57:24;;Souscription en cours;Choix de l'offre et livraison;162.07
2650;07/05/2026 07:57:24;;Souscription en cours;Choix de l'offre et livraison;355.49
2651;07/05/2026 07:34:28;;Dossier validé;Parcours terminé;194.81
2652;07/05/2026 07:34:28;;Dossier validé;Parcours terminé;773.73
2653;07/05/2026 07:22:12;;Dossier validé;Parcours terminé;164.08
2654;07/05/2026 07:22:12;;Dossier validé;Parcours terminé;126.80
2655;07/05/2026 07:09:57;;Souscription en cours;Informations complémentaires (Etablissements, etc.);770.89
2656;07/05/2026 07:09:57;;Souscription en cours;Informations complémentaires (Etablissements, etc.);410.62
2657;07/05/2026 07:04:34;;Souscription en cours;Coordonnées personnelles;782.88
2658;07/05/2026 07:04:34;;Souscription en cours;Coordonnées personnelles;790.64
2659;07/05/2026 06:25:44;;En attente d'analyse Agent - Dossier avec erreurs;Signature Contrat;223.55
2660;07/05/2026 06:25:44;;En attente d'analyse Agent - Dossier avec erreurs;Signature Contrat;935.64
2661;07/05/2026 05:42:34;;Souscription en cours;Vérification d'identité;958.83
2662;07/05/2026 05:42:34;;Souscription en cours;Vérification d'identité;188.46
2663;07/05/2026 04:28:36;;Souscription en cours;Signature Contrat;610.44
2664;07/05/2026 04:28:36;;Souscription en cours;Signature Contrat;898.84
2665;07/05/2026 02:42:42;;Dossier validé;Parcours terminé;726.89
2666;07/05/2026 02:42:42;;Dossier validé;Parcours terminé;821.31
2667;07/05/2026 02:28:04;;Souscription en cours;Choix de l'offre et livraison;594.45
2668;07/05/2026 02:28:04;;Souscription en cours;Choix de l'offre et livraison;432.22
2669;07/05/2026 02:27:24;;Dossier validé;Parcours terminé;555.00
2670;07/05/2026 02:27:24;;Dossier validé;Parcours terminé;407.07
2671;07/05/2026 01:50:01;Z5681453;Dossier validé;Parcours terminé;431.41
2672;07/05/2026 01:50:01;Z5681453;Dossier validé;Parcours terminé;590.66
2673;06/05/2026 23:05:03;;Souscription non démarrée;Parcours non démarré;362.92
2674;06/05/2026 23:05:03;;Souscription non démarrée;Parcours non démarré;485.04
2675;06/05/2026 22:46:31;;Souscription en cours;Informations complémentaires (CA, Profession, etc.);776.00
2676;06/05/2026 22:46:31;;Souscription en cours;Informations complémentaires (CA, Profession, etc.);925.24
2677;06/05/2026 22:41:12;;Souscription en cours;Bénéficiaire effectifs;136.35
2678;06/05/2026 22:41:12;;Souscription en cours;Bénéficiaire effectifs;295.22
2679;06/05/2026 22:06:02;;Souscription en cours;Signature Contrat;507.13
2680;06/05/2026 22:06:02;;Souscription en cours;Signature Contrat;332.99
2681;06/05/2026 22:01:46;;En attente d'analyse Agent - Dossier avec erreurs;Signature Contrat;827.16
2682;06/05/2026 22:01:46;;En attente d'analyse Agent - Dossier avec erreurs;Signature Contrat;586.91
2683;06/05/2026 21:51:30;;Souscription en cours;Coordonnées personnelles;853.06
2684;06/05/2026 21:51:30;;Souscription en cours;Coordonnées personnelles;615.99
2685;06/05/2026 21:48:33;;Souscription en cours;Choix de l'offre et livraison;140.73
2686;06/05/2026 21:48:33;;Souscription en cours;Choix de l'offre et livraison;186.52
2687;06/05/2026 21:39:57;Hugo MARTIN;Dossier validé;Parcours terminé;807.12
2688;06/05/2026 21:39:57;Hugo MARTIN;Dossier validé;Parcours terminé;423.74
2689;06/05/2026 21:32:04;;Souscription en cours;Choix de l'offre et livraison;546.42
2690;06/05/2026 21:32:04;;Souscription en cours;Choix de l'offre et livraison;646.04
2691;06/05/2026 21:27:51;;Dossier validé;Parcours terminé;749.77
2692;06/05/2026 21:27:51;;Dossier validé;Parcours terminé;374.66
2693;06/05/2026 21:13:19;;Dossier refusé;Saisie société;974.05
2694;06/05/2026 21:13:19;;Dossier refusé;Saisie société;568.09
2695;06/05/2026 20:59:57;;Souscription non démarrée;Parcours non démarré;305.16
2696;06/05/2026 20:59:57;;Souscription non démarrée;Parcours non démarré;755.96
2697;06/05/2026 20:57:59;Zoé MULLER;Dossier refusé;Signature Contrat;879.59
2698;06/05/2026 20:57:59;Zoé MULLER;Dossier refusé;Signature Contrat;430.77
2699;06/05/2026 20:55:15;;Souscription en cours;Informations complémentaires (CA, Profession, etc.);175.24
2700;06/05/2026 20:55:15;;Souscription en cours;Informations complémentaires (CA, Profession, etc.);384.02
2701;06/05/2026 20:32:46;;Souscription en cours;Choix de l'offre et livraison;296.55
2702;06/05/2026 20:32:46;;Souscription en cours;Choix de l'offre et livraison;463.03
2703;06/05/2026 20:30:47;;Souscription non démarrée;Parcours non démarré;233.75
2704;06/05/2026 20:30:47;;Souscription non démarrée;Parcours non démarré;191.75
2705;06/05/2026 20:23:29;;Souscription en cours;Choix de l'offre et livraison;570.57
2706;06/05/2026 20:23:29;;Souscription en cours;Choix de l'offre et livraison;198.91
2707;06/05/2026 20:22:26;;Dossier refusé;Signature Contrat;422.87
2708;06/05/2026 20:22:26;;Dossier refusé;Signature Contrat;472.31
2709;06/05/2026 20:14:06;;Dossier validé;Parcours terminé;531.74
2710;06/05/2026 20:14:06;;Dossier validé;Parcours terminé;573.92
2711;06/05/2026 20:09:43;;Souscription en cours;Coordonnées personnelles;667.31
2712;06/05/2026 20:09:43;;Souscription en cours;Coordonnées personnelles;455.93
2713;06/05/2026 20:06:25;;Souscription en cours;Vérification d'identité;641.21
2714;06/05/2026 20:06:25;;Souscription en cours;Vérification d'identité;141.97
2715;06/05/2026 20:02:08;;En attente d'analyse Agent - Dossier avec erreurs;Signature Contrat;433.22
2716;06/05/2026 20:02:08;;En attente d'analyse Agent - Dossier avec erreurs;Signature Contrat;594.48
2717;06/05/2026 19:28:23;;Souscription en cours;Coordonnées personnelles;871.91
2718;06/05/2026 19:28:23;;Souscription en cours;Coordonnées personnelles;546.01
2719;06/05/2026 19:25:39;Zoé MULLER;Dossier refusé;Saisie société;206.07
2720;06/05/2026 19:25:39;Zoé MULLER;Dossier refusé;Saisie société;142.04
2721;06/05/2026 18:56:10;;Souscription non démarrée;Parcours non démarré;855.83
2722;06/05/2026 18:56:10;;Souscription non démarrée;Parcours non démarré;209.90
2723;06/05/2026 18:45:02;;Souscription en cours;Choix de l'offre et livraison;897.72
2724;06/05/2026 18:45:02;;Souscription en cours;Choix de l'offre et livraison;195.85
2725;06/05/2026 18:35:00;;Souscription en cours;Signature Contrat;602.48
2726;06/05/2026 18:35:00;;Souscription en cours;Signature Contrat;542.55
2727;06/05/2026 18:24:18;;Dossier refusé;Parcours non démarré;734.51
2728;06/05/2026 18:24:18;;Dossier refusé;Parcours non démarré;973.41
2729;06/05/2026 18:17:34;Hugo DUBOIS;Dossier validé;Parcours terminé;821.98
2730;06/05/2026 18:17:34;Hugo DUBOIS;Dossier validé;Parcours terminé;991.36
2731;06/05/2026 18:02:24;;Souscription en cours;Vérification d'identité;703.97
2732;06/05/2026 18:02:24;;Souscription en cours;Vérification d'identité;215.29
2733;06/05/2026 17:56:05;;Dossier validé;Parcours terminé;841.90
2734;06/05/2026 17:56:05;;Dossier validé;Parcours terminé;157.60
2735;06/05/2026 17:49:29;Hugo MARTIN;Dossier validé;Parcours terminé;734.00
2736;06/05/2026 17:49:29;Hugo MARTIN;Dossier validé;Parcours terminé;173.10
2737;06/05/2026 17:45:49;;Souscription en cours;Coordonnées personnelles;514.94
2738;06/05/2026 17:45:49;;Souscription en cours;Coordonnées personnelles;657.15
2739;06/05/2026 17:27:44;;Souscription en cours;Vérification d'identité;233.48
2740;06/05/2026 17:27:44;;Souscription en cours;Vérification d'identité;450.37
2741;06/05/2026 17:11:53;;Souscription en cours;Coordonnées personnelles;441.98
2742;06/05/2026 17:11:53;;Souscription en cours;Coordonnées personnelles;681.58
2743;06/05/2026 17:09:12;;Dossier validé;Parcours terminé;674.10
2744;06/05/2026 17:09:12;;Dossier validé;Parcours terminé;787.18
2745;06/05/2026 17:07:33;;Souscription non démarrée;Parcours non démarré;639.26
2746;06/05/2026 17:07:33;;Souscription non démarrée;Parcours non démarré;160.31
2747;06/05/2026 17:06:16;;Souscription en cours;Coordonnées personnelles;373.45
2748;06/05/2026 17:06:16;;Souscription en cours;Coordonnées personnelles;826.15
2749;06/05/2026 17:04:23;;Dossier validé;Parcours terminé;435.78
2750;06/05/2026 17:04:23;;Dossier validé;Parcours terminé;350.83
2751;06/05/2026 17:04:02;;Souscription en cours;Signature Contrat;543.11
2752;06/05/2026 17:04:02;;Souscription en cours;Signature Contrat;596.69
2753;06/05/2026 16:47:48;;Souscription non démarrée;Parcours non démarré;398.48
2754;06/05/2026 16:47:48;;Souscription non démarrée;Parcours non démarré;524.36
2755;06/05/2026 16:45:19;;Dossier validé;Parcours terminé;850.05
2756;06/05/2026 16:45:19;;Dossier validé;Parcours terminé;144.10
2757;06/05/2026 16:43:41;;Dossier refusé;Saisie société;278.68
2758;06/05/2026 16:43:41;;Dossier refusé;Saisie société;227.26
2759;06/05/2026 16:34:01;;Dossier validé;Parcours terminé;707.36
2760;06/05/2026 16:34:01;;Dossier validé;Parcours terminé;362.87
2761;06/05/2026 16:32:35;;Dossier validé;Parcours terminé;778.92
2762;06/05/2026 16:32:35;;Dossier validé;Parcours terminé;745.02
2763;06/05/2026 16:21:50;;Souscription en cours;Choix de l'offre et livraison;122.34
2764;06/05/2026 16:21:50;;Souscription en cours;Choix de l'offre et livraison;465.00
2765;06/05/2026 16:17:12;;Dossier validé;Parcours terminé;253.85
2766;06/05/2026 16:17:12;;Dossier validé;Parcours terminé;555.31
2767;06/05/2026 16:07:23;;Souscription en cours;Informations complémentaires (CA, Profession, etc.);659.86
2768;06/05/2026 16:07:23;;Souscription en cours;Informations complémentaires (CA, Profession, etc.);829.21
2769;06/05/2026 15:58:22;;Dossier validé;Parcours terminé;605.25
2770;06/05/2026 15:58:22;;Dossier validé;Parcours terminé;686.25
2771;06/05/2026 15:51:18;;Dossier validé;Parcours terminé;893.19
2772;06/05/2026 15:51:18;;Dossier validé;Parcours terminé;197.87
2773;06/05/2026 15:46:46;;Souscription en cours;Choix de l'offre et livraison;809.66
2774;06/05/2026 15:46:46;;Souscription en cours;Choix de l'offre et livraison;899.59
2775;06/05/2026 15:44:07;;Souscription en cours;Choix de l'offre et livraison;689.49
2776;06/05/2026 15:44:07;;Souscription en cours;Choix de l'offre et livraison;637.29
2777;06/05/2026 15:43:41;;Souscription en cours;Choix de l'offre et livraison;493.37
2778;06/05/2026 15:43:41;;Souscription en cours;Choix de l'offre et livraison;783.88
2779;06/05/2026 15:43:22;;Souscription en cours;Signature Contrat;763.16
2780;06/05/2026 15:43:22;;Souscription en cours;Signature Contrat;690.73
2781;06/05/2026 15:20:33;;Souscription en cours;Informations complémentaires (CA, Profession, etc.);210.35
2782;06/05/2026 15:20:33;;Souscription en cours;Informations complémentaires (CA, Profession, etc.);674.97
2783;06/05/2026 15:18:55;;Souscription en cours;Signature Contrat;335.05
2784;06/05/2026 15:18:55;;Souscription en cours;Signature Contrat;122.03
2785;06/05/2026 15:15:12;;Dossier validé;Parcours terminé;454.07
2786;06/05/2026 15:15:12;;Dossier validé;Parcours terminé;580.06
2787;06/05/2026 15:15:11;;Souscription en cours;Choix de l'offre et livraison;209.89
2788;06/05/2026 15:15:11;;Souscription en cours;Choix de l'offre et livraison;725.76
2789;06/05/2026 14:46:39;;Dossier validé;Parcours terminé;310.53
2790;06/05/2026 14:46:39;;Dossier validé;Parcours terminé;248.61
2791;06/05/2026 14:46:39;;Souscription non démarrée;Parcours non démarré;353.27
2792;06/05/2026 14:46:39;;Souscription non démarrée;Parcours non démarré;698.23
2793;06/05/2026 14:40:29;;Souscription en cours;Vérification d'identité;730.18
2794;06/05/2026 14:40:29;;Souscription en cours;Vérification d'identité;441.22
2795;06/05/2026 14:26:59;Manon LEFEBVRE;Dossier refusé;Informations complémentaires (Etablissements, etc.);880.92
2796;06/05/2026 14:26:59;Manon LEFEBVRE;Dossier refusé;Informations complémentaires (Etablissements, etc.);467.72
2797;06/05/2026 14:26:59;;Souscription en cours;Informations complémentaires (CA, Profession, etc.);956.75
2798;06/05/2026 14:26:59;;Souscription en cours;Informations complémentaires (CA, Profession, etc.);207.87
2799;06/05/2026 14:12:31;;Dossier validé;Parcours terminé;771.47
2800;06/05/2026 14:12:31;;Dossier validé;Parcours terminé;729.46
2801;06/05/2026 14:09:41;;En attente d'analyse Agent - Dossier avec erreurs;Signature Contrat;604.52
2802;06/05/2026 14:09:41;;En attente d'analyse Agent - Dossier avec erreurs;Signature Contrat;786.54
2803;06/05/2026 13:56:01;;Souscription en cours;Choix de l'offre et livraison;211.79
2804;06/05/2026 13:56:01;;Souscription en cours;Choix de l'offre et livraison;919.57
2805;06/05/2026 13:40:20;;Souscription en cours;Coordonnées personnelles;272.82
2806;06/05/2026 13:40:20;;Souscription en cours;Coordonnées personnelles;238.19
2807;06/05/2026 13:37:21;Inès MICHEL;Dossier validé;Parcours terminé;403.67
2808;06/05/2026 13:37:21;Inès MICHEL;Dossier validé;Parcours terminé;390.37
2809;06/05/2026 13:35:54;;Dossier validé;Parcours terminé;169.93
2810;06/05/2026 13:35:54;;Dossier validé;Parcours terminé;473.92
2811;06/05/2026 13:31:34;;En attente d'analyse Agent - Dossier avec erreurs;Signature Contrat;262.55
2812;06/05/2026 13:31:34;;En attente d'analyse Agent - Dossier avec erreurs;Signature Contrat;397.88
2813;06/05/2026 13:30:24;;Dossier validé;Parcours terminé;447.43
2814;06/05/2026 13:30:24;;Dossier validé;Parcours terminé;413.27
2815;06/05/2026 13:29:29;;Souscription en cours;Coordonnées personnelles;229.23
2816;06/05/2026 13:29:29;;Souscription en cours;Coordonnées personnelles;461.29
2817;06/05/2026 13:20:35;;Dossier validé;Parcours terminé;637.18
2818;06/05/2026 13:20:35;;Dossier validé;Parcours terminé;331.14
2819;06/05/2026 13:16:49;;Dossier refusé;Saisie société;711.59
2820;06/05/2026 13:16:49;;Dossier refusé;Saisie société;669.23
2821;06/05/2026 12:57:41;;Souscription en cours;Informations complémentaires (CA, Profession, etc.);177.52
2822;06/05/2026 12:57:41;;Souscription en cours;Informations complémentaires (CA, Profession, etc.);345.08
2823;06/05/2026 12:56:48;Adam LAURENT;Dossier refusé;Saisie société;908.16
2824;06/05/2026 12:56:48;Adam LAURENT;Dossier refusé;Saisie société;402.30
2825;06/05/2026 12:50:45;;Dossier validé;Parcours terminé;616.27
2826;06/05/2026 12:50:45;;Dossier validé;Parcours terminé;973.88
2827;06/05/2026 12:27:36;;Dossier refusé;Signature Contrat;847.88
2828;06/05/2026 12:27:36;;Dossier refusé;Signature Contrat;980.15
2829;06/05/2026 12:26:55;;Dossier refusé;Saisie société;232.05
2830;06/05/2026 12:26:55;;Dossier refusé;Saisie société;771.29
2831;06/05/2026 12:24:49;;Dossier validé;Parcours terminé;633.43
2832;06/05/2026 12:24:49;;Dossier validé;Parcours terminé;256.83
2833;06/05/2026 12:24:06;;En attente d'analyse Agent - Dossier avec erreurs;Signature Contrat;495.00
2834;06/05/2026 12:24:06;;En attente d'analyse Agent - Dossier avec erreurs;Signature Contrat;574.52
2835;06/05/2026 12:13:37;;En attente d'analyse Agent - Dossier avec erreurs;Signature Contrat;325.84
2836;06/05/2026 12:13:37;;En attente d'analyse Agent - Dossier avec erreurs;Signature Contrat;954.83
2837;06/05/2026 12:05:25;;Dossier validé;Parcours terminé;130.71
2838;06/05/2026 12:05:25;;Dossier validé;Parcours terminé;733.86
2839;06/05/2026 11:50:55;;Souscription en cours;Signature Contrat;472.60
2840;06/05/2026 11:50:55;;Souscription en cours;Signature Contrat;201.75
2841;06/05/2026 11:46:31;;Dossier validé;Parcours terminé;671.39
2842;06/05/2026 11:46:31;;Dossier validé;Parcours terminé;899.80
2843;06/05/2026 11:36:50;;Souscription en cours;Coordonnées personnelles;990.23
2844;06/05/2026 11:36:50;;Souscription en cours;Coordonnées personnelles;175.35
2845;06/05/2026 11:34:08;;En attente d'analyse Agent - Dossier avec erreurs;Signature Contrat;125.67
2846;06/05/2026 11:34:08;;En attente d'analyse Agent - Dossier avec erreurs;Signature Contrat;745.09
2847;06/05/2026 11:33:54;Inès MICHEL;Dossier refusé;Signature Contrat;426.07
2848;06/05/2026 11:33:54;Inès MICHEL;Dossier refusé;Signature Contrat;258.87
2849;06/05/2026 11:33:19;;Souscription en cours;Synchronisation référentiel personne NOVA;785.64
2850;06/05/2026 11:33:19;;Souscription en cours;Synchronisation référentiel personne NOVA;372.01
2851;06/05/2026 11:33:07;;Souscription en cours;Coordonnées personnelles;368.46
2852;06/05/2026 11:33:07;;Souscription en cours;Coordonnées personnelles;282.95
2853;06/05/2026 11:28:47;;Souscription non démarrée;Parcours non démarré;676.92
2854;06/05/2026 11:28:47;;Souscription non démarrée;Parcours non démarré;175.29
2855;06/05/2026 11:25:03;;Souscription en cours;Signature Contrat;212.65
2856;06/05/2026 11:25:03;;Souscription en cours;Signature Contrat;209.73
2857;06/05/2026 11:23:44;;Souscription en cours;Criblages BE(s);904.32
2858;06/05/2026 11:23:44;;Souscription en cours;Criblages BE(s);374.21
2859;06/05/2026 11:23:06;;Dossier refusé;Saisie société;327.11
2860;06/05/2026 11:23:06;;Dossier refusé;Saisie société;599.03
2861;06/05/2026 11:20:37;;Souscription en cours;Coordonnées personnelles;369.42
2862;06/05/2026 11:20:37;;Souscription en cours;Coordonnées personnelles;333.41
2863;06/05/2026 11:10:39;;En attente d'analyse Agent - Dossier sans erreur;Parcours terminé;537.97
2864;06/05/2026 11:10:39;;En attente d'analyse Agent - Dossier sans erreur;Parcours terminé;308.86
2865;06/05/2026 11:06:28;;Dossier refusé;Signature Contrat;151.50
2866;06/05/2026 11:06:28;;Dossier refusé;Signature Contrat;883.35
2867;06/05/2026 10:54:49;;Souscription en cours;Coordonnées personnelles;192.78
2868;06/05/2026 10:54:49;;Souscription en cours;Coordonnées personnelles;793.11
2869;06/05/2026 10:53:35;;Dossier validé;Parcours terminé;741.34
2870;06/05/2026 10:53:35;;Dossier validé;Parcours terminé;738.54
2871;06/05/2026 10:51:00;;Souscription en cours;Coordonnées personnelles;923.74
2872;06/05/2026 10:51:00;;Souscription en cours;Coordonnées personnelles;803.92
2873;06/05/2026 10:47:20;;Dossier refusé;Saisie société;387.74
2874;06/05/2026 10:47:20;;Dossier refusé;Saisie société;264.68
2875;06/05/2026 10:45:48;;Souscription en cours;Informations complémentaires (Etablissements, etc.);644.61
2876;06/05/2026 10:45:48;;Souscription en cours;Informations complémentaires (Etablissements, etc.);316.41
2877;06/05/2026 10:43:19;;Souscription non démarrée;Parcours non démarré;479.37
2878;06/05/2026 10:43:19;;Souscription non démarrée;Parcours non démarré;151.01
2879;06/05/2026 10:29:59;;Dossier validé;Parcours terminé;752.35
2880;06/05/2026 10:29:59;;Dossier validé;Parcours terminé;897.49
2881;06/05/2026 10:22:16;;Souscription en cours;Signature Contrat;801.88
2882;06/05/2026 10:22:16;;Souscription en cours;Signature Contrat;898.14
2883;06/05/2026 10:18:47;;Dossier refusé;Saisie société;200.86
2884;06/05/2026 10:18:47;;Dossier refusé;Saisie société;453.90
2885;06/05/2026 10:13:03;;Dossier validé;Parcours terminé;366.35
2886;06/05/2026 10:13:03;;Dossier validé;Parcours terminé;284.58
2887;06/05/2026 10:12:05;;Dossier refusé;Informations complémentaires (CA, Profession, etc.);619.12
2888;06/05/2026 10:12:05;;Dossier refusé;Informations complémentaires (CA, Profession, etc.);625.30
2889;06/05/2026 09:49:51;;Souscription en cours;Signature Contrat;515.51
2890;06/05/2026 09:49:51;;Souscription en cours;Signature Contrat;966.74
2891;06/05/2026 09:48:19;;Souscription en cours;Signature Contrat;873.73
2892;06/05/2026 09:48:19;;Souscription en cours;Signature Contrat;988.22
2893;06/05/2026 09:48:08;;Souscription en cours;Coordonnées personnelles;353.78
2894;06/05/2026 09:48:08;;Souscription en cours;Coordonnées personnelles;279.22
2895;06/05/2026 09:42:51;;Souscription non démarrée;Parcours non démarré;499.76
2896;06/05/2026 09:42:51;;Souscription non démarrée;Parcours non démarré;482.32
2897;06/05/2026 09:28:29;;Dossier validé;Parcours terminé;355.43
2898;06/05/2026 09:28:29;;Dossier validé;Parcours terminé;939.05
2899;06/05/2026 09:26:20;;Souscription en cours;Coordonnées personnelles;631.26
2900;06/05/2026 09:26:20;;Souscription en cours;Coordonnées personnelles;655.99
2901;06/05/2026 09:12:54;;Dossier validé;Parcours terminé;797.14
2902;06/05/2026 09:12:54;;Dossier validé;Parcours terminé;690.54
2903;06/05/2026 09:03:23;;Souscription en cours;Signature Contrat;299.08
2904;06/05/2026 09:03:23;;Souscription en cours;Signature Contrat;480.04
2905;06/05/2026 08:52:50;Adam LAURENT;Dossier validé;Parcours terminé;156.06
2906;06/05/2026 08:52:50;Adam LAURENT;Dossier validé;Parcours terminé;818.41
2907;06/05/2026 08:38:42;;Souscription non démarrée;Parcours non démarré;480.05
2908;06/05/2026 08:38:42;;Souscription non démarrée;Parcours non démarré;551.44
2909;06/05/2026 08:29:05;;Dossier validé;Parcours terminé;279.31
2910;06/05/2026 08:29:05;;Dossier validé;Parcours terminé;742.26
2911;06/05/2026 08:26:11;;Dossier refusé;Parcours terminé;415.77
2912;06/05/2026 08:26:11;;Dossier refusé;Parcours terminé;764.40
2913;06/05/2026 08:25:53;;Souscription en cours;Choix de l'offre et livraison;271.85
2914;06/05/2026 08:25:53;;Souscription en cours;Choix de l'offre et livraison;355.31
2915;06/05/2026 08:21:33;;Dossier validé;Parcours terminé;792.54
2916;06/05/2026 08:21:33;;Dossier validé;Parcours terminé;341.17
2917;06/05/2026 08:10:31;;Dossier refusé;Saisie société;798.31
2918;06/05/2026 08:10:31;;Dossier refusé;Saisie société;450.30
2919;06/05/2026 08:05:15;;Dossier refusé;Saisie société;480.31
2920;06/05/2026 08:05:15;;Dossier refusé;Saisie société;696.31
2921;06/05/2026 07:57:43;;Souscription en cours;Signature Contrat;516.11
2922;06/05/2026 07:57:43;;Souscription en cours;Signature Contrat;807.07
2923;06/05/2026 07:13:37;;Souscription en cours;Vérification d'identité;672.34
2924;06/05/2026 07:13:37;;Souscription en cours;Vérification d'identité;696.71
2925;06/05/2026 06:09:53;;En attente d'analyse Agent - Dossier avec erreurs;Signature Contrat;112.02
2926;06/05/2026 06:09:53;;En attente d'analyse Agent - Dossier avec erreurs;Signature Contrat;947.63
2927;06/05/2026 04:58:36;;Souscription en cours;Signature Contrat;194.11
2928;06/05/2026 04:58:36;;Souscription en cours;Signature Contrat;145.66
2929;06/05/2026 03:16:55;;Souscription en cours;Signature Contrat;292.01
2930;06/05/2026 03:16:55;;Souscription en cours;Signature Contrat;753.80
2931;06/05/2026 03:07:29;Hugo MARTIN;Dossier validé;Parcours terminé;421.39
2932;06/05/2026 03:07:29;Hugo MARTIN;Dossier validé;Parcours terminé;925.04
2933;06/05/2026 03:07:25;;En attente d'analyse Agent - Dossier avec erreurs;Signature Contrat;990.71
2934;06/05/2026 03:07:25;;En attente d'analyse Agent - Dossier avec erreurs;Signature Contrat;954.14
2935;06/05/2026 01:35:54;;Souscription non démarrée;Parcours non démarré;528.42
2936;06/05/2026 01:35:54;;Souscription non démarrée;Parcours non démarré;953.59
2937;06/05/2026 01:16:11;;Dossier refusé;Informations complémentaires (CA, Profession, etc.);796.90
2938;06/05/2026 01:16:11;;Dossier refusé;Informations complémentaires (CA, Profession, etc.);600.28
2939;06/05/2026 01:02:27;;Souscription en cours;Coordonnées personnelles;288.37
2940;06/05/2026 01:02:27;;Souscription en cours;Coordonnées personnelles;679.25
2941;06/05/2026 00:35:02;;Souscription en cours;Coordonnées personnelles;924.30
2942;06/05/2026 00:35:02;;Souscription en cours;Coordonnées personnelles;599.30
2943;06/05/2026 00:00:07;;Dossier validé;Parcours terminé;149.73
2944;06/05/2026 00:00:07;;Dossier validé;Parcours terminé;205.56
2945;05/05/2026 23:58:08;;Souscription en cours;Signature Contrat;193.94
2946;05/05/2026 23:58:08;;Souscription en cours;Signature Contrat;760.54
2947;05/05/2026 23:54:42;;Souscription non démarrée;Parcours non démarré;752.56
2948;05/05/2026 23:54:42;;Souscription non démarrée;Parcours non démarré;364.22
2949;05/05/2026 23:48:16;;Dossier validé;Parcours terminé;944.57
2950;05/05/2026 23:48:16;;Dossier validé;Parcours terminé;320.30
2951;05/05/2026 23:24:28;;Souscription en cours;Informations complémentaires (CA, Profession, etc.);419.88
2952;05/05/2026 23:24:28;;Souscription en cours;Informations complémentaires (CA, Profession, etc.);502.08
2953;05/05/2026 22:45:28;;Souscription en cours;Coordonnées personnelles;472.90
2954;05/05/2026 22:45:28;;Souscription en cours;Coordonnées personnelles;372.98
2955;05/05/2026 22:39:17;;Dossier refusé;Signature Contrat;687.47
2956;05/05/2026 22:39:17;;Dossier refusé;Signature Contrat;381.99
2957;05/05/2026 22:30:23;;Souscription en cours;Informations complémentaires (Etablissements, etc.);384.59
2958;05/05/2026 22:30:23;;Souscription en cours;Informations complémentaires (Etablissements, etc.);266.53
2959;05/05/2026 22:24:33;;Souscription en cours;Choix de l'offre et livraison;471.25
2960;05/05/2026 22:24:33;;Souscription en cours;Choix de l'offre et livraison;228.90
2961;05/05/2026 22:22:41;;Dossier validé;Parcours terminé;207.53
2962;05/05/2026 22:22:41;;Dossier validé;Parcours terminé;161.46
2963;05/05/2026 21:19:23;;Dossier refusé;Signature Contrat;505.23
2964;05/05/2026 21:19:23;;Dossier refusé;Signature Contrat;709.54
2965;05/05/2026 21:12:20;;Dossier refusé;Signature Contrat;405.40
2966;05/05/2026 21:12:20;;Dossier refusé;Signature Contrat;906.11
2967;05/05/2026 20:55:14;;Souscription en cours;Choix de l'offre et livraison;656.68
2968;05/05/2026 20:55:14;;Souscription en cours;Choix de l'offre et livraison;440.11
2969;05/05/2026 20:54:38;;Dossier refusé;Parcours non démarré;574.28
2970;05/05/2026 20:54:38;;Dossier refusé;Parcours non démarré;288.08
2971;05/05/2026 20:39:12;;En attente d'analyse Agent - Dossier avec erreurs;Signature Contrat;437.08
2972;05/05/2026 20:39:12;;En attente d'analyse Agent - Dossier avec erreurs;Signature Contrat;542.18
2973;05/05/2026 20:39:09;;En attente d'analyse Agent - Dossier avec erreurs;Signature Contrat;943.20
2974;05/05/2026 20:39:09;;En attente d'analyse Agent - Dossier avec erreurs;Signature Contrat;278.68
2975;05/05/2026 20:31:47;;Souscription en cours;Coordonnées personnelles;131.76
2976;05/05/2026 20:31:47;;Souscription en cours;Coordonnées personnelles;874.36
2977;05/05/2026 20:27:05;;Souscription non démarrée;Parcours non démarré;628.02
2978;05/05/2026 20:27:05;;Souscription non démarrée;Parcours non démarré;536.89
2979;05/05/2026 20:16:34;;Souscription en cours;Coordonnées personnelles;873.67
2980;05/05/2026 20:16:34;;Souscription en cours;Coordonnées personnelles;898.52
2981;05/05/2026 20:06:31;;Dossier validé;Parcours terminé;175.04
2982;05/05/2026 20:06:31;;Dossier validé;Parcours terminé;170.44
2983;05/05/2026 20:01:48;;Souscription non démarrée;Parcours non démarré;400.75
2984;05/05/2026 20:01:48;;Souscription non démarrée;Parcours non démarré;451.17
2985;05/05/2026 19:54:01;;Dossier validé;Parcours terminé;555.04
2986;05/05/2026 19:54:01;;Dossier validé;Parcours terminé;978.59
2987;05/05/2026 19:48:10;;Dossier refusé;Saisie société;790.83
2988;05/05/2026 19:48:10;;Dossier refusé;Saisie société;363.29
2989;05/05/2026 19:36:49;;Souscription non démarrée;Parcours non démarré;429.15
2990;05/05/2026 19:36:49;;Souscription non démarrée;Parcours non démarré;548.13
2991;05/05/2026 19:21:05;;Dossier refusé;Saisie société;286.95
2992;05/05/2026 19:21:05;;Dossier refusé;Saisie société;274.41
2993;05/05/2026 19:19:46;;Souscription en cours;Coordonnées personnelles;885.87
2994;05/05/2026 19:19:46;;Souscription en cours;Coordonnées personnelles;895.54
2995;05/05/2026 19:16:23;;Souscription en cours;Choix de l'offre et livraison;318.83
2996;05/05/2026 19:16:23;;Souscription en cours;Choix de l'offre et livraison;667.91
2997;05/05/2026 19:12:21;;Dossier validé;Parcours terminé;777.99
2998;05/05/2026 19:12:21;;Dossier validé;Parcours terminé;179.07
2999;05/05/2026 19:10:11;;Souscription en cours;Synchronisation référentiel personne NOVA;172.30
3000;05/05/2026 19:10:11;;Souscription en cours;Synchronisation référentiel personne NOVA;271.98
3001;05/05/2026 19:09:11;;Souscription en cours;Vérification d'identité;475.65
3002;05/05/2026 19:09:11;;Souscription en cours;Vérification d'identité;169.04
3003;05/05/2026 18:51:20;;Dossier validé;Parcours terminé;587.59
3004;05/05/2026 18:51:20;;Dossier validé;Parcours terminé;410.20
3005;05/05/2026 18:47:57;;Souscription en cours;Informations complémentaires (CA, Profession, etc.);757.53
3006;05/05/2026 18:47:57;;Souscription en cours;Informations complémentaires (CA, Profession, etc.);184.64
3007;05/05/2026 18:43:00;;Souscription en cours;Coordonnées personnelles;146.75
3008;05/05/2026 18:43:00;;Souscription en cours;Coordonnées personnelles;289.72
3009;05/05/2026 18:36:41;;Souscription en cours;Coordonnées personnelles;164.61
3010;05/05/2026 18:36:41;;Souscription en cours;Coordonnées personnelles;165.55
3011;05/05/2026 18:36:08;;Dossier validé;Parcours terminé;579.71
3012;05/05/2026 18:36:08;;Dossier validé;Parcours terminé;408.27
3013;05/05/2026 18:20:01;;Souscription en cours;Coordonnées personnelles;966.16
3014;05/05/2026 18:20:01;;Souscription en cours;Coordonnées personnelles;913.83
3015;05/05/2026 18:15:53;;Souscription en cours;Choix de l'offre et livraison;550.61
3016;05/05/2026 18:15:53;;Souscription en cours;Choix de l'offre et livraison;806.86
3017;05/05/2026 18:11:59;;Souscription non démarrée;Parcours non démarré;904.99
3018;05/05/2026 18:11:59;;Souscription non démarrée;Parcours non démarré;952.79
3019;05/05/2026 18:02:36;;Souscription en cours;Coordonnées personnelles;600.78
3020;05/05/2026 18:02:36;;Souscription en cours;Coordonnées personnelles;580.49
3021;05/05/2026 17:51:35;;Souscription en cours;Coordonnées personnelles;114.48
3022;05/05/2026 17:51:35;;Souscription en cours;Coordonnées personnelles;749.29
3023;05/05/2026 17:40:09;;En attente d'analyse Agent - Dossier avec erreurs;Signature Contrat;998.64
3024;05/05/2026 17:40:09;;En attente d'analyse Agent - Dossier avec erreurs;Signature Contrat;531.72
3025;05/05/2026 17:40:09;;Souscription en cours;Bénéficiaire effectifs;392.06
3026;05/05/2026 17:40:09;;Souscription en cours;Bénéficiaire effectifs;269.49
3027;05/05/2026 17:29:03;;Dossier validé;Parcours terminé;696.51
3028;05/05/2026 17:29:03;;Dossier validé;Parcours terminé;650.82
3029;05/05/2026 17:28:28;;Souscription non démarrée;Parcours non démarré;559.52
3030;05/05/2026 17:28:28;;Souscription non démarrée;Parcours non démarré;823.17
3031;05/05/2026 17:22:42;;Souscription en cours;Coordonnées personnelles;382.21
3032;05/05/2026 17:22:42;;Souscription en cours;Coordonnées personnelles;483.32
3033;05/05/2026 17:14:02;;Souscription en cours;Coordonnées personnelles;459.26
3034;05/05/2026 17:14:02;;Souscription en cours;Coordonnées personnelles;186.30
3035;05/05/2026 17:08:36;;Souscription en cours;Coordonnées personnelles;826.48
3036;05/05/2026 17:08:36;;Souscription en cours;Coordonnées personnelles;952.68
3037;05/05/2026 17:04:12;;Dossier validé;Parcours terminé;825.14
3038;05/05/2026 17:04:12;;Dossier validé;Parcours terminé;851.88
3039;05/05/2026 17:03:18;Hugo DUBOIS;Dossier validé;Parcours terminé;602.20
3040;05/05/2026 17:03:18;Hugo DUBOIS;Dossier validé;Parcours terminé;220.32
3041;05/05/2026 16:56:24;;Dossier refusé;Vérification d'identité;983.59
3042;05/05/2026 16:56:24;;Dossier refusé;Vérification d'identité;291.08
3043;05/05/2026 16:50:30;;Souscription en cours;Informations complémentaires (CA, Profession, etc.);845.97
3044;05/05/2026 16:50:30;;Souscription en cours;Informations complémentaires (CA, Profession, etc.);432.99
3045;05/05/2026 16:47:59;;Dossier refusé;Saisie société;590.65
3046;05/05/2026 16:47:59;;Dossier refusé;Saisie société;838.63
3047;05/05/2026 16:45:44;;Souscription en cours;Synchronisation référentiel personne NOVA;774.83
3048;05/05/2026 16:45:44;;Souscription en cours;Synchronisation référentiel personne NOVA;698.17
3049;05/05/2026 16:43:46;Hugo DUBOIS;Dossier validé;Parcours terminé;688.39
3050;05/05/2026 16:43:46;Hugo DUBOIS;Dossier validé;Parcours terminé;791.18
3051;05/05/2026 16:41:18;;Souscription en cours;Coordonnées personnelles;523.44
3052;05/05/2026 16:41:18;;Souscription en cours;Coordonnées personnelles;831.64
3053;05/05/2026 16:34:26;;Souscription non démarrée;Parcours non démarré;369.73
3054;05/05/2026 16:34:26;;Souscription non démarrée;Parcours non démarré;874.81
3055;05/05/2026 16:18:29;;Souscription en cours;Vérification d'identité;163.20
3056;05/05/2026 16:18:29;;Souscription en cours;Vérification d'identité;846.43
3057;05/05/2026 16:16:37;;Dossier validé;Parcours terminé;413.08
3058;05/05/2026 16:16:37;;Dossier validé;Parcours terminé;806.83
3059;05/05/2026 16:15:03;;Souscription en cours;Informations complémentaires (CA, Profession, etc.);723.34
3060;05/05/2026 16:15:03;;Souscription en cours;Informations complémentaires (CA, Profession, etc.);266.99
3061;05/05/2026 16:05:06;;En attente d'analyse Agent - Dossier avec erreurs;Signature Contrat;618.66
3062;05/05/2026 16:05:06;;En attente d'analyse Agent - Dossier avec erreurs;Signature Contrat;158.71
3063;05/05/2026 15:44:10;;Dossier validé;Parcours terminé;154.07
3064;05/05/2026 15:44:10;;Dossier validé;Parcours terminé;755.76
3065;05/05/2026 15:39:17;;Souscription en cours;Coordonnées personnelles;475.80
3066;05/05/2026 15:39:17;;Souscription en cours;Coordonnées personnelles;355.76
3067;05/05/2026 15:37:55;;Dossier validé;Parcours terminé;168.00
3068;05/05/2026 15:37:55;;Dossier validé;Parcours terminé;955.02
3069;05/05/2026 15:25:35;;Dossier validé;Parcours terminé;839.32
3070;05/05/2026 15:25:35;;Dossier validé;Parcours terminé;777.32
3071;05/05/2026 15:24:12;;En attente d'analyse Agent - Dossier avec erreurs;Signature Contrat;145.65
3072;05/05/2026 15:24:12;;En attente d'analyse Agent - Dossier avec erreurs;Signature Contrat;663.04
3073;05/05/2026 15:22:29;Adam LAURENT;Dossier validé;Parcours terminé;919.11
3074;05/05/2026 15:22:29;Adam LAURENT;Dossier validé;Parcours terminé;517.32
3075;05/05/2026 15:20:28;Hugo MARTIN;Dossier validé;Parcours terminé;283.63
3076;05/05/2026 15:20:28;Hugo MARTIN;Dossier validé;Parcours terminé;172.81
3077;05/05/2026 15:09:50;;Souscription en cours;Coordonnées personnelles;506.28
3078;05/05/2026 15:09:50;;Souscription en cours;Coordonnées personnelles;617.54
3079;05/05/2026 15:08:06;;Dossier validé;Parcours terminé;178.56
3080;05/05/2026 15:08:06;;Dossier validé;Parcours terminé;356.40
3081;05/05/2026 15:03:42;;Dossier validé;Parcours terminé;863.50
3082;05/05/2026 15:03:42;;Dossier validé;Parcours terminé;862.50
3083;05/05/2026 14:45:06;;Souscription en cours;Coordonnées personnelles;879.96
3084;05/05/2026 14:45:06;;Souscription en cours;Coordonnées personnelles;802.18
3085;05/05/2026 14:42:16;;Dossier validé;Parcours terminé;243.11
3086;05/05/2026 14:42:16;;Dossier validé;Parcours terminé;845.83
3087;05/05/2026 14:40:59;;Dossier validé;Parcours terminé;584.09
3088;05/05/2026 14:40:59;;Dossier validé;Parcours terminé;934.04
3089;05/05/2026 14:31:52;;Souscription en cours;Coordonnées personnelles;390.50
3090;05/05/2026 14:31:52;;Souscription en cours;Coordonnées personnelles;468.28
3091;05/05/2026 14:23:29;;Souscription en cours;Signature Contrat;499.50
3092;05/05/2026 14:23:29;;Souscription en cours;Signature Contrat;814.39
3093;05/05/2026 14:15:04;;Dossier validé;Parcours terminé;877.28
3094;05/05/2026 14:15:04;;Dossier validé;Parcours terminé;161.12
3095;05/05/2026 14:13:41;;Souscription en cours;Vérification d'identité;809.97
3096;05/05/2026 14:13:41;;Souscription en cours;Vérification d'identité;565.69
3097;05/05/2026 14:13:41;;Dossier validé;Parcours terminé;990.09
3098;05/05/2026 14:13:41;;Dossier validé;Parcours terminé;571.61
3099;05/05/2026 14:10:04;Hugo MARTIN;Dossier validé;Parcours terminé;831.77
3100;05/05/2026 14:10:04;Hugo MARTIN;Dossier validé;Parcours terminé;556.02
3101;05/05/2026 14:05:03;;Dossier validé;Parcours terminé;494.82
3102;05/05/2026 14:05:03;;Dossier validé;Parcours terminé;985.57
3103;05/05/2026 13:53:31;;Dossier validé;Parcours terminé;476.24
3104;05/05/2026 13:53:31;;Dossier validé;Parcours terminé;621.86
3105;05/05/2026 13:50:00;;Dossier refusé;Signature Contrat;206.99
3106;05/05/2026 13:50:00;;Dossier refusé;Signature Contrat;691.88
3107;05/05/2026 13:47:06;;Souscription en cours;Coordonnées personnelles;109.20
3108;05/05/2026 13:47:06;;Souscription en cours;Coordonnées personnelles;659.02
3109;05/05/2026 13:46:07;;Dossier validé;Parcours terminé;803.51
3110;05/05/2026 13:46:07;;Dossier validé;Parcours terminé;516.73
3111;05/05/2026 13:37:36;;Souscription non démarrée;Parcours non démarré;161.53
3112;05/05/2026 13:37:36;;Souscription non démarrée;Parcours non démarré;485.30
3113;05/05/2026 13:30:16;;Souscription non démarrée;Parcours non démarré;765.60
3114;05/05/2026 13:30:16;;Souscription non démarrée;Parcours non démarré;529.95
3115;05/05/2026 13:20:23;;Souscription en cours;Coordonnées personnelles;377.59
3116;05/05/2026 13:20:23;;Souscription en cours;Coordonnées personnelles;301.42
3117;05/05/2026 13:14:47;;Souscription en cours;Coordonnées personnelles;444.33
3118;05/05/2026 13:14:47;;Souscription en cours;Coordonnées personnelles;806.56
3119;05/05/2026 13:06:50;;Dossier validé;Parcours terminé;670.89
3120;05/05/2026 13:06:50;;Dossier validé;Parcours terminé;482.29
3121;05/05/2026 12:58:51;;Souscription non démarrée;Parcours non démarré;977.73
3122;05/05/2026 12:58:51;;Souscription non démarrée;Parcours non démarré;753.10
3123;05/05/2026 12:52:07;;Souscription en cours;Vérification d'identité;574.97
3124;05/05/2026 12:52:07;;Souscription en cours;Vérification d'identité;320.38
3125;05/05/2026 12:46:24;;Souscription non démarrée;Parcours non démarré;725.24
3126;05/05/2026 12:46:24;;Souscription non démarrée;Parcours non démarré;146.64
3127;05/05/2026 12:45:28;;Dossier validé;Parcours terminé;845.66
3128;05/05/2026 12:45:28;;Dossier validé;Parcours terminé;815.05
3129;05/05/2026 12:43:14;;Dossier validé;Parcours terminé;454.00
3130;05/05/2026 12:43:14;;Dossier validé;Parcours terminé;246.79
3131;05/05/2026 12:34:38;;Dossier refusé;Saisie société;672.31
3132;05/05/2026 12:34:38;;Dossier refusé;Saisie société;980.66
3133;05/05/2026 12:30:45;;En attente d'analyse Agent - Dossier avec erreurs;Signature Contrat;345.32
3134;05/05/2026 12:30:45;;En attente d'analyse Agent - Dossier avec erreurs;Signature Contrat;975.10
3135;05/05/2026 12:19:26;;Souscription en cours;Choix de l'offre et livraison;605.53
3136;05/05/2026 12:19:26;;Souscription en cours;Choix de l'offre et livraison;656.90
3137;05/05/2026 12:18:48;;Souscription non démarrée;Parcours non démarré;190.70
3138;05/05/2026 12:18:48;;Souscription non démarrée;Parcours non démarré;301.61
3139;05/05/2026 12:10:05;;En attente d'analyse Agent - Dossier avec erreurs;Signature Contrat;745.94
3140;05/05/2026 12:10:05;;En attente d'analyse Agent - Dossier avec erreurs;Signature Contrat;906.01
3141;05/05/2026 12:09:23;;Dossier validé;Parcours terminé;196.14
3142;05/05/2026 12:09:23;;Dossier validé;Parcours terminé;354.21
3143;05/05/2026 12:04:47;;Souscription en cours;Coordonnées personnelles;331.36
3144;05/05/2026 12:04:47;;Souscription en cours;Coordonnées personnelles;325.29
3145;05/05/2026 12:03:19;;Dossier refusé;Saisie société;432.81
3146;05/05/2026 12:03:19;;Dossier refusé;Saisie société;108.93
3147;05/05/2026 11:52:21;;En attente d'analyse Agent - Dossier avec erreurs;Signature Contrat;284.32
3148;05/05/2026 11:52:21;;En attente d'analyse Agent - Dossier avec erreurs;Signature Contrat;809.02
3149;05/05/2026 11:49:47;;Souscription en cours;Informations complémentaires (Etablissements, etc.);410.86
3150;05/05/2026 11:49:47;;Souscription en cours;Informations complémentaires (Etablissements, etc.);802.71
3151;05/05/2026 11:46:50;;Souscription non démarrée;Parcours non démarré;950.13
3152;05/05/2026 11:46:50;;Souscription non démarrée;Parcours non démarré;851.52
3153;05/05/2026 11:36:54;Hugo DUBOIS;Dossier validé;Parcours terminé;862.53
3154;05/05/2026 11:36:54;Hugo DUBOIS;Dossier validé;Parcours terminé;206.35
3155;05/05/2026 11:36:52;;Dossier validé;Parcours terminé;295.88
3156;05/05/2026 11:36:52;;Dossier validé;Parcours terminé;412.36
3157;05/05/2026 11:31:12;;Dossier validé;Parcours terminé;479.44
3158;05/05/2026 11:31:12;;Dossier validé;Parcours terminé;179.92
3159;05/05/2026 11:23:48;;Souscription en cours;Choix de l'offre et livraison;907.84
3160;05/05/2026 11:23:48;;Souscription en cours;Choix de l'offre et livraison;258.94
3161;05/05/2026 11:23:23;;Souscription en cours;Choix de l'offre et livraison;672.69
3162;05/05/2026 11:23:23;;Souscription en cours;Choix de l'offre et livraison;250.35
3163;05/05/2026 11:17:18;;Souscription en cours;Choix de l'offre et livraison;992.05
3164;05/05/2026 11:17:18;;Souscription en cours;Choix de l'offre et livraison;160.33
3165;05/05/2026 11:11:39;;Dossier validé;Parcours terminé;351.14
3166;05/05/2026 11:11:39;;Dossier validé;Parcours terminé;976.11
3167;05/05/2026 11:07:24;Manon LEFEBVRE;Dossier validé;Parcours terminé;327.24
3168;05/05/2026 11:07:24;Manon LEFEBVRE;Dossier validé;Parcours terminé;499.39
3169;05/05/2026 10:54:33;;Souscription en cours;Vérification d'identité;134.28
3170;05/05/2026 10:54:33;;Souscription en cours;Vérification d'identité;785.09
3171;05/05/2026 10:46:20;;Souscription en cours;Choix de l'offre et livraison;358.07
3172;05/05/2026 10:46:20;;Souscription en cours;Choix de l'offre et livraison;934.40
3173;05/05/2026 10:43:20;;Souscription non démarrée;Parcours non démarré;491.90
3174;05/05/2026 10:43:20;;Souscription non démarrée;Parcours non démarré;986.32
3175;05/05/2026 10:41:56;;Souscription en cours;Coordonnées personnelles;144.76
3176;05/05/2026 10:41:56;;Souscription en cours;Coordonnées personnelles;345.95
3177;05/05/2026 10:39:09;;Dossier refusé;Saisie société;488.04
3178;05/05/2026 10:39:09;;Dossier refusé;Saisie société;902.17
3179;05/05/2026 10:38:25;;Souscription en cours;Coordonnées personnelles;274.58
3180;05/05/2026 10:38:25;;Souscription en cours;Coordonnées personnelles;877.23
3181;05/05/2026 10:37:07;;Dossier validé;Parcours terminé;406.72
3182;05/05/2026 10:37:07;;Dossier validé;Parcours terminé;112.21
3183;05/05/2026 10:35:22;;Dossier validé;Parcours terminé;765.53
3184;05/05/2026 10:35:22;;Dossier validé;Parcours terminé;726.58
3185;05/05/2026 10:30:33;;Dossier validé;Parcours terminé;520.64
3186;05/05/2026 10:30:33;;Dossier validé;Parcours terminé;330.95
3187;05/05/2026 10:19:28;;Dossier refusé;Signature Contrat;221.71
3188;05/05/2026 10:19:28;;Dossier refusé;Signature Contrat;347.20
3189;05/05/2026 10:14:08;;Dossier validé;Parcours terminé;675.98
3190;05/05/2026 10:14:08;;Dossier validé;Parcours terminé;381.09
3191;05/05/2026 10:11:01;;Souscription non démarrée;Parcours non démarré;385.99
3192;05/05/2026 10:11:01;;Souscription non démarrée;Parcours non démarré;813.84
3193;05/05/2026 10:07:02;;Souscription non démarrée;Parcours non démarré;976.48
3194;05/05/2026 10:07:02;;Souscription non démarrée;Parcours non démarré;205.83
3195;05/05/2026 09:59:17;;Dossier refusé;Saisie société;623.77
3196;05/05/2026 09:59:17;;Dossier refusé;Saisie société;942.57
3197;05/05/2026 09:58:37;;En attente d'analyse Agent - Dossier avec erreurs;Signature Contrat;713.20
3198;05/05/2026 09:58:37;;En attente d'analyse Agent - Dossier avec erreurs;Signature Contrat;390.65
3199;05/05/2026 09:55:10;;Dossier validé;Parcours terminé;638.65
3200;05/05/2026 09:55:10;;Dossier validé;Parcours terminé;807.83
3201;05/05/2026 09:36:06;;Dossier refusé;Choix de l'offre et livraison;302.86
3202;05/05/2026 09:36:06;;Dossier refusé;Choix de l'offre et livraison;304.77
3203;05/05/2026 09:30:19;;Dossier validé;Parcours terminé;176.18
3204;05/05/2026 09:30:19;;Dossier validé;Parcours terminé;239.36
3205;05/05/2026 09:10:04;;Dossier refusé;Saisie société;529.35
3206;05/05/2026 09:10:04;;Dossier refusé;Saisie société;739.51
3207;05/05/2026 08:54:32;;Souscription en cours;Coordonnées personnelles;112.54
3208;05/05/2026 08:54:32;;Souscription en cours;Coordonnées personnelles;581.97
3209;05/05/2026 08:53:36;;Souscription en cours;Signature Contrat;610.85
3210;05/05/2026 08:53:36;;Souscription en cours;Signature Contrat;539.43
3211;05/05/2026 08:34:52;;Souscription en cours;Coordonnées personnelles;239.88
3212;05/05/2026 08:34:52;;Souscription en cours;Coordonnées personnelles;524.70
3213;05/05/2026 08:26:24;Zoé MULLER;Dossier refusé;Saisie société;540.84
3214;05/05/2026 08:26:24;Zoé MULLER;Dossier refusé;Saisie société;993.69
3215;05/05/2026 08:17:17;;Dossier refusé;Saisie société;996.49
3216;05/05/2026 08:17:17;;Dossier refusé;Saisie société;652.12
3217;05/05/2026 08:16:52;;Dossier validé;Parcours terminé;601.69
3218;05/05/2026 08:16:52;;Dossier validé;Parcours terminé;617.97
3219;05/05/2026 08:05:52;;Souscription en cours;Informations complémentaires (CA, Profession, etc.);826.45
3220;05/05/2026 08:05:52;;Souscription en cours;Informations complémentaires (CA, Profession, etc.);224.43
3221;05/05/2026 07:44:33;;Souscription en cours;Coordonnées personnelles;580.27
3222;05/05/2026 07:44:33;;Souscription en cours;Coordonnées personnelles;630.39
3223;05/05/2026 07:41:31;;Souscription non démarrée;Parcours non démarré;414.01
3224;05/05/2026 07:41:31;;Souscription non démarrée;Parcours non démarré;169.74
3225;05/05/2026 07:21:22;;Souscription en cours;Bénéficiaire effectifs;504.23
3226;05/05/2026 07:21:22;;Souscription en cours;Bénéficiaire effectifs;796.21
3227;05/05/2026 07:19:21;;Dossier refusé;Saisie société;769.91
3228;05/05/2026 07:19:21;;Dossier refusé;Saisie société;647.28
3229;05/05/2026 06:54:11;Zoé MULLER;Dossier validé;Parcours terminé;886.61
3230;05/05/2026 06:54:11;Zoé MULLER;Dossier validé;Parcours terminé;195.39
3231;05/05/2026 04:58:51;;Dossier validé;Parcours terminé;509.48
3232;05/05/2026 04:58:51;;Dossier validé;Parcours terminé;674.55
3233;05/05/2026 04:17:14;;Dossier validé;Parcours terminé;341.97
3234;05/05/2026 04:17:14;;Dossier validé;Parcours terminé;410.74
3235;05/05/2026 03:40:20;;Souscription en cours;Coordonnées personnelles;321.62
3236;05/05/2026 03:40:20;;Souscription en cours;Coordonnées personnelles;481.61
3237;05/05/2026 02:42:06;;Souscription en cours;Coordonnées personnelles;413.98
3238;05/05/2026 02:42:06;;Souscription en cours;Coordonnées personnelles;425.81
3239;05/05/2026 02:34:50;;Dossier validé;Parcours terminé;227.52
3240;05/05/2026 02:34:50;;Dossier validé;Parcours terminé;182.02
3241;05/05/2026 01:59:20;;Dossier validé;Parcours terminé;696.53
3242;05/05/2026 01:59:20;;Dossier validé;Parcours terminé;573.20
3243;05/05/2026 01:56:34;;Souscription en cours;Coordonnées personnelles;594.25
3244;05/05/2026 01:56:34;;Souscription en cours;Coordonnées personnelles;322.80
3245;05/05/2026 01:50:40;;Souscription non démarrée;Parcours non démarré;149.17
3246;05/05/2026 01:50:40;;Souscription non démarrée;Parcours non démarré;979.46
3247;05/05/2026 01:39:33;;Dossier refusé;Choix de l'offre et livraison;534.05
3248;05/05/2026 01:39:33;;Dossier refusé;Choix de l'offre et livraison;382.96
3249;05/05/2026 01:08:31;;Dossier validé;Parcours terminé;357.49
3250;05/05/2026 01:08:31;;Dossier validé;Parcours terminé;364.84
3251;05/05/2026 01:06:13;Manon LEFEBVRE;Dossier refusé;Saisie société;535.21
3252;05/05/2026 01:06:13;Manon LEFEBVRE;Dossier refusé;Saisie société;721.04
3253;05/05/2026 00:52:24;;Dossier validé;Parcours terminé;465.21
3254;05/05/2026 00:52:24;;Dossier validé;Parcours terminé;970.81
3255;05/05/2026 00:40:53;;Dossier validé;Parcours terminé;853.56
3256;05/05/2026 00:40:53;;Dossier validé;Parcours terminé;730.27
3257;05/05/2026 00:40:01;;Souscription en cours;Coordonnées personnelles;609.23
3258;05/05/2026 00:40:01;;Souscription en cours;Coordonnées personnelles;703.45
3259;04/05/2026 23:04:00;;Dossier validé;Parcours terminé;646.07
3260;04/05/2026 23:04:00;;Dossier validé;Parcours terminé;840.02
3261;04/05/2026 22:42:47;;Souscription en cours;Signature Contrat;399.31
3262;04/05/2026 22:42:47;;Souscription en cours;Signature Contrat;380.85
3263;04/05/2026 22:41:43;;Souscription en cours;Vérification d'identité;542.76
3264;04/05/2026 22:41:43;;Souscription en cours;Vérification d'identité;461.56
3265;04/05/2026 22:23:24;;Souscription non démarrée;Parcours non démarré;811.11
3266;04/05/2026 22:23:24;;Souscription non démarrée;Parcours non démarré;654.44
3267;04/05/2026 22:14:34;;Dossier validé;Parcours terminé;926.95
3268;04/05/2026 22:14:34;;Dossier validé;Parcours terminé;560.77
3269;04/05/2026 21:49:41;;Dossier validé;Parcours terminé;138.92
3270;04/05/2026 21:49:41;;Dossier validé;Parcours terminé;551.51
3271;04/05/2026 21:43:54;;Souscription non démarrée;Parcours non démarré;202.23
3272;04/05/2026 21:43:54;;Souscription non démarrée;Parcours non démarré;952.13
3273;04/05/2026 21:41:49;;Souscription en cours;Coordonnées personnelles;402.37
3274;04/05/2026 21:41:49;;Souscription en cours;Coordonnées personnelles;578.06
3275;04/05/2026 21:41:10;;Souscription en cours;Choix de l'offre et livraison;732.76
3276;04/05/2026 21:41:10;;Souscription en cours;Choix de l'offre et livraison;326.24
3277;04/05/2026 21:38:02;;Dossier refusé;Informations complémentaires (Etablissements, etc.);726.18
3278;04/05/2026 21:38:02;;Dossier refusé;Informations complémentaires (Etablissements, etc.);257.16
3279;04/05/2026 21:35:57;Hugo MARTIN;Dossier refusé;Saisie société;230.60
3280;04/05/2026 21:35:57;Hugo MARTIN;Dossier refusé;Saisie société;409.86
3281;04/05/2026 20:55:34;;Dossier validé;Parcours terminé;499.22
3282;04/05/2026 20:55:34;;Dossier validé;Parcours terminé;998.51
3283;04/05/2026 20:54:31;;Souscription en cours;Coordonnées personnelles;832.33
3284;04/05/2026 20:54:31;;Souscription en cours;Coordonnées personnelles;937.40
3285;04/05/2026 20:51:15;;Dossier validé;Parcours terminé;695.06
3286;04/05/2026 20:51:15;;Dossier validé;Parcours terminé;640.33
3287;04/05/2026 20:19:00;;Souscription non démarrée;Parcours non démarré;432.18
3288;04/05/2026 20:19:00;;Souscription non démarrée;Parcours non démarré;285.63
3289;04/05/2026 19:52:45;;Souscription en cours;Vérification d'identité;822.66
3290;04/05/2026 19:52:45;;Souscription en cours;Vérification d'identité;431.00
3291;04/05/2026 19:45:50;;Souscription en cours;Vérification d'identité;460.75
3292;04/05/2026 19:45:50;;Souscription en cours;Vérification d'identité;111.87
3293;04/05/2026 19:44:13;Hugo MARTIN;Dossier refusé;Saisie société;154.64
3294;04/05/2026 19:44:13;Hugo MARTIN;Dossier refusé;Saisie société;148.75
3295;04/05/2026 19:40:46;;Souscription en cours;Choix de l'offre et livraison;193.88
3296;04/05/2026 19:40:46;;Souscription en cours;Choix de l'offre et livraison;996.18
3297;04/05/2026 19:24:27;;Dossier validé;Parcours terminé;955.86
3298;04/05/2026 19:24:27;;Dossier validé;Parcours terminé;879.75
3299;04/05/2026 19:23:32;;En attente d'analyse Agent - Dossier avec erreurs;Signature Contrat;551.44
3300;04/05/2026 19:23:32;;En attente d'analyse Agent - Dossier avec erreurs;Signature Contrat;153.25
3301;04/05/2026 19:20:38;;Souscription non démarrée;Parcours non démarré;416.34
3302;04/05/2026 19:20:38;;Souscription non démarrée;Parcours non démarré;561.60
3303;04/05/2026 18:28:56;;Dossier validé;Parcours terminé;496.54
3304;04/05/2026 18:28:56;;Dossier validé;Parcours terminé;745.03
3305;04/05/2026 18:28:35;;Dossier refusé;Saisie société;677.53
3306;04/05/2026 18:28:35;;Dossier refusé;Saisie société;135.73
3307;04/05/2026 18:27:06;;Souscription en cours;Choix de l'offre et livraison;803.20
3308;04/05/2026 18:27:06;;Souscription en cours;Choix de l'offre et livraison;136.54
3309;04/05/2026 18:14:03;;Dossier validé;Parcours terminé;797.47
3310;04/05/2026 18:14:03;;Dossier validé;Parcours terminé;679.26
3311;04/05/2026 18:12:47;;En attente d'analyse Agent - Dossier avec erreurs;Signature Contrat;459.66
3312;04/05/2026 18:12:47;;En attente d'analyse Agent - Dossier avec erreurs;Signature Contrat;999.25
3313;04/05/2026 17:59:37;;Souscription en cours;Choix de l'offre et livraison;634.12
3314;04/05/2026 17:59:37;;Souscription en cours;Choix de l'offre et livraison;128.75
3315;04/05/2026 17:52:31;;Souscription non démarrée;Parcours non démarré;665.28
3316;04/05/2026 17:52:31;;Souscription non démarrée;Parcours non démarré;348.00
3317;04/05/2026 17:47:50;;Dossier refusé;Saisie société;673.48
3318;04/05/2026 17:47:50;;Dossier refusé;Saisie société;573.52
3319;04/05/2026 17:41:08;;Souscription en cours;Choix de l'offre et livraison;960.44
3320;04/05/2026 17:41:08;;Souscription en cours;Choix de l'offre et livraison;286.68
3321;04/05/2026 17:39:33;;Dossier validé;Parcours terminé;418.95
3322;04/05/2026 17:39:33;;Dossier validé;Parcours terminé;384.78
3323;04/05/2026 17:24:17;;Souscription en cours;Choix de l'offre et livraison;498.52
3324;04/05/2026 17:24:17;;Souscription en cours;Choix de l'offre et livraison;499.83
3325;04/05/2026 17:23:08;;Souscription en cours;Coordonnées personnelles;919.50
3326;04/05/2026 17:23:08;;Souscription en cours;Coordonnées personnelles;711.85
3327;04/05/2026 17:18:45;;Souscription en cours;Coordonnées personnelles;683.72
3328;04/05/2026 17:18:45;;Souscription en cours;Coordonnées personnelles;331.53
3329;04/05/2026 17:03:58;;Souscription en cours;Choix de l'offre et livraison;730.61
3330;04/05/2026 17:03:58;;Souscription en cours;Choix de l'offre et livraison;850.44
3331;04/05/2026 16:49:55;;Souscription en cours;Coordonnées personnelles;421.30
3332;04/05/2026 16:49:55;;Souscription en cours;Coordonnées personnelles;278.85
3333;04/05/2026 16:31:49;;Souscription en cours;Coordonnées personnelles;351.33
3334;04/05/2026 16:31:49;;Souscription en cours;Coordonnées personnelles;538.11
3335;04/05/2026 16:27:29;Hugo DUBOIS;Dossier validé;Parcours terminé;856.87
3336;04/05/2026 16:27:29;Hugo DUBOIS;Dossier validé;Parcours terminé;926.53
3337;04/05/2026 16:21:32;;Souscription en cours;Coordonnées personnelles;790.26
3338;04/05/2026 16:21:32;;Souscription en cours;Coordonnées personnelles;412.82
3339;04/05/2026 16:18:45;;Dossier validé;Parcours terminé;662.34
3340;04/05/2026 16:18:45;;Dossier validé;Parcours terminé;858.84
3341;04/05/2026 16:11:48;;Dossier refusé;Saisie société;504.35
3342;04/05/2026 16:11:48;;Dossier refusé;Saisie société;307.84
3343;04/05/2026 15:51:19;;Souscription en cours;Coordonnées personnelles;612.09
3344;04/05/2026 15:51:19;;Souscription en cours;Coordonnées personnelles;896.64
3345;04/05/2026 15:50:39;;Dossier refusé;Saisie société;676.41
3346;04/05/2026 15:50:39;;Dossier refusé;Saisie société;150.60
3347;04/05/2026 15:49:20;;Dossier validé;Parcours terminé;765.93
3348;04/05/2026 15:49:20;;Dossier validé;Parcours terminé;296.91
3349;04/05/2026 15:46:34;;Dossier refusé;Saisie société;596.68
3350;04/05/2026 15:46:34;;Dossier refusé;Saisie société;510.24
3351;04/05/2026 15:45:13;;Dossier refusé;Signature Contrat;549.18
3352;04/05/2026 15:45:13;;Dossier refusé;Signature Contrat;937.78
3353;04/05/2026 15:36:35;;Dossier validé;Parcours terminé;931.19
3354;04/05/2026 15:36:35;;Dossier validé;Parcours terminé;772.62
3355;04/05/2026 15:29:15;;Dossier validé;Parcours terminé;880.25
3356;04/05/2026 15:29:15;;Dossier validé;Parcours terminé;101.27
3357;04/05/2026 15:27:12;;En attente d'analyse Agent - Dossier avec erreurs;Signature Contrat;783.33
3358;04/05/2026 15:27:12;;En attente d'analyse Agent - Dossier avec erreurs;Signature Contrat;861.99
3359;04/05/2026 15:24:35;;Dossier refusé;Bénéficiaire effectifs;451.43
3360;04/05/2026 15:24:35;;Dossier refusé;Bénéficiaire effectifs;831.20
3361;04/05/2026 15:24:21;;Souscription non démarrée;Parcours non démarré;933.65
3362;04/05/2026 15:24:21;;Souscription non démarrée;Parcours non démarré;838.27
3363;04/05/2026 15:23:05;Hugo MARTIN;Dossier refusé;Saisie société;713.86
3364;04/05/2026 15:23:05;Hugo MARTIN;Dossier refusé;Saisie société;283.33
3365;04/05/2026 14:51:51;;Souscription en cours;Signature Contrat;558.61
3366;04/05/2026 14:51:51;;Souscription en cours;Signature Contrat;728.86
3367;04/05/2026 14:44:57;;En attente d'analyse Agent - Dossier avec erreurs;Signature Contrat;222.25
3368;04/05/2026 14:44:57;;En attente d'analyse Agent - Dossier avec erreurs;Signature Contrat;497.36
3369;04/05/2026 14:41:42;;Dossier refusé;Signature Contrat;904.85
3370;04/05/2026 14:41:42;;Dossier refusé;Signature Contrat;332.21
3371;04/05/2026 14:41:03;Hugo MARTIN;Dossier refusé;Saisie société;474.96
3372;04/05/2026 14:41:03;Hugo MARTIN;Dossier refusé;Saisie société;417.86
3373;04/05/2026 14:28:00;;Dossier validé;Parcours terminé;139.45
3374;04/05/2026 14:28:00;;Dossier validé;Parcours terminé;510.73
3375;04/05/2026 14:26:49;;Dossier validé;Parcours terminé;987.85
3376;04/05/2026 14:26:49;;Dossier validé;Parcours terminé;879.09
3377;04/05/2026 14:25:34;;Dossier refusé;Signature Contrat;564.15
3378;04/05/2026 14:25:34;;Dossier refusé;Signature Contrat;282.63
3379;04/05/2026 14:13:51;;Dossier validé;Parcours terminé;513.11
3380;04/05/2026 14:13:51;;Dossier validé;Parcours terminé;326.62
3381;04/05/2026 14:07:15;;Dossier refusé;Signature Contrat;768.52
3382;04/05/2026 14:07:15;;Dossier refusé;Signature Contrat;660.54
3383;04/05/2026 14:06:51;;Souscription non démarrée;Parcours non démarré;362.31
3384;04/05/2026 14:06:51;;Souscription non démarrée;Parcours non démarré;450.96
3385;04/05/2026 13:49:43;;Souscription en cours;Informations complémentaires (CA, Profession, etc.);399.68
3386;04/05/2026 13:49:43;;Souscription en cours;Informations complémentaires (CA, Profession, etc.);797.43
3387;04/05/2026 13:24:22;;Souscription non démarrée;Parcours non démarré;955.90
3388;04/05/2026 13:24:22;;Souscription non démarrée;Parcours non démarré;884.70
3389;04/05/2026 13:17:02;;Souscription non démarrée;Parcours non démarré;582.98
3390;04/05/2026 13:17:02;;Souscription non démarrée;Parcours non démarré;333.66
3391;04/05/2026 13:10:43;;Dossier validé;Parcours terminé;121.16
3392;04/05/2026 13:10:43;;Dossier validé;Parcours terminé;670.92
3393;04/05/2026 12:44:22;;Souscription en cours;Coordonnées personnelles;469.07
3394;04/05/2026 12:44:22;;Souscription en cours;Coordonnées personnelles;204.86
3395;04/05/2026 12:24:28;;Dossier validé;Parcours terminé;454.87
3396;04/05/2026 12:24:28;;Dossier validé;Parcours terminé;912.17
3397;04/05/2026 12:03:25;;Souscription en cours;Coordonnées personnelles;302.60
3398;04/05/2026 12:03:25;;Souscription en cours;Coordonnées personnelles;829.73
3399;04/05/2026 11:54:54;;Souscription en cours;Coordonnées personnelles;244.04
3400;04/05/2026 11:54:54;;Souscription en cours;Coordonnées personnelles;973.40
3401;04/05/2026 11:50:44;;Souscription en cours;Informations complémentaires (Etablissements, etc.);821.90
3402;04/05/2026 11:50:44;;Souscription en cours;Informations complémentaires (Etablissements, etc.);789.93
3403;04/05/2026 11:46:55;;Dossier validé;Parcours terminé;165.11
3404;04/05/2026 11:46:55;;Dossier validé;Parcours terminé;160.11
3405;04/05/2026 11:31:33;;Dossier validé;Parcours terminé;287.98
3406;04/05/2026 11:31:33;;Dossier validé;Parcours terminé;194.07
3407;04/05/2026 11:19:58;;Souscription en cours;Choix de l'offre et livraison;695.97
3408;04/05/2026 11:19:58;;Souscription en cours;Choix de l'offre et livraison;476.31
3409;04/05/2026 11:14:28;;Dossier validé;Parcours terminé;568.38
3410;04/05/2026 11:14:28;;Dossier validé;Parcours terminé;189.42
3411;04/05/2026 11:11:40;;Souscription en cours;Signature Contrat;789.21
3412;04/05/2026 11:11:40;;Souscription en cours;Signature Contrat;243.32
3413;04/05/2026 11:03:42;;Dossier validé;Parcours terminé;506.98
3414;04/05/2026 11:03:42;;Dossier validé;Parcours terminé;885.47
3415;04/05/2026 11:00:21;;Dossier validé;Parcours terminé;733.42
3416;04/05/2026 11:00:21;;Dossier validé;Parcours terminé;886.59
3417;04/05/2026 10:51:38;Adam MARTIN;Dossier validé;Parcours terminé;685.74
3418;04/05/2026 10:51:38;Adam MARTIN;Dossier validé;Parcours terminé;217.73
3419;04/05/2026 10:46:55;;Souscription en cours;Coordonnées personnelles;115.53
3420;04/05/2026 10:46:55;;Souscription en cours;Coordonnées personnelles;294.39
3421;04/05/2026 10:38:23;;Dossier refusé;Saisie société;270.26
3422;04/05/2026 10:38:23;;Dossier refusé;Saisie société;450.60
3423;04/05/2026 10:35:32;;Souscription en cours;Coordonnées personnelles;554.78
3424;04/05/2026 10:35:32;;Souscription en cours;Coordonnées personnelles;172.11
3425;04/05/2026 10:34:18;;Dossier validé;Parcours terminé;348.56
3426;04/05/2026 10:34:18;;Dossier validé;Parcours terminé;434.96
3427;04/05/2026 10:33:30;Zoé MULLER;Dossier validé;Parcours terminé;614.87
3428;04/05/2026 10:33:30;Zoé MULLER;Dossier validé;Parcours terminé;839.63
3429;04/05/2026 10:12:38;;Dossier refusé;Saisie société;278.53
3430;04/05/2026 10:12:38;;Dossier refusé;Saisie société;970.36
3431;04/05/2026 10:08:02;;Dossier validé;Parcours terminé;483.13
3432;04/05/2026 10:08:02;;Dossier validé;Parcours terminé;495.50
3433;04/05/2026 09:55:18;;Souscription en cours;Signature Contrat;146.95
3434;04/05/2026 09:55:18;;Souscription en cours;Signature Contrat;547.16
3435;04/05/2026 09:53:07;;Dossier refusé;Parcours non démarré;604.56
3436;04/05/2026 09:53:07;;Dossier refusé;Parcours non démarré;820.85
3437;04/05/2026 09:44:53;;Dossier validé;Parcours terminé;270.56
3438;04/05/2026 09:44:53;;Dossier validé;Parcours terminé;567.82
3439;04/05/2026 09:41:43;;Dossier validé;Parcours terminé;466.67
3440;04/05/2026 09:41:43;;Dossier validé;Parcours terminé;508.91
3441;04/05/2026 09:32:20;;Dossier validé;Parcours terminé;316.05
3442;04/05/2026 09:32:20;;Dossier validé;Parcours terminé;673.84
3443;04/05/2026 09:08:41;;Souscription en cours;Informations complémentaires (Etablissements, etc.);451.80
3444;04/05/2026 09:08:41;;Souscription en cours;Informations complémentaires (Etablissements, etc.);963.30
3445;04/05/2026 09:02:42;;Dossier validé;Parcours terminé;173.54
3446;04/05/2026 09:02:42;;Dossier validé;Parcours terminé;149.66
3447;04/05/2026 08:52:20;;Souscription non démarrée;Parcours non démarré;454.16
3448;04/05/2026 08:52:20;;Souscription non démarrée;Parcours non démarré;616.64
3449;04/05/2026 08:42:31;;Dossier validé;Parcours terminé;333.38
3450;04/05/2026 08:42:31;;Dossier validé;Parcours terminé;469.01
3451;04/05/2026 08:20:59;;Dossier validé;Parcours terminé;677.11
3452;04/05/2026 08:20:59;;Dossier validé;Parcours terminé;277.03
3453;04/05/2026 07:20:17;;Souscription en cours;Choix de l'offre et livraison;354.98
3454;04/05/2026 07:20:17;;Souscription en cours;Choix de l'offre et livraison;447.18
3455;04/05/2026 06:04:59;;Dossier refusé;Bénéficiaire effectifs;891.76
3456;04/05/2026 06:04:59;;Dossier refusé;Bénéficiaire effectifs;552.58
3457;04/05/2026 06:02:53;;Dossier validé;Parcours terminé;309.17
3458;04/05/2026 06:02:53;;Dossier validé;Parcours terminé;701.60
3459;04/05/2026 05:54:32;;Dossier refusé;Signature Contrat;221.49
3460;04/05/2026 05:54:32;;Dossier refusé;Signature Contrat;879.07
3461;04/05/2026 04:04:42;;Souscription en cours;Coordonnées personnelles;354.04
3462;04/05/2026 04:04:42;;Souscription en cours;Coordonnées personnelles;465.57
3463;04/05/2026 00:40:04;;Dossier refusé;Signature Contrat;634.98
3464;04/05/2026 00:40:04;;Dossier refusé;Signature Contrat;859.92
3465;04/05/2026 00:18:18;;Souscription en cours;Coordonnées personnelles;759.75
3466;04/05/2026 00:18:18;;Souscription en cours;Coordonnées personnelles;247.01
3467;04/05/2026 00:04:33;Manon LEFEBVRE;Dossier refusé;Saisie société;687.36
3468;04/05/2026 00:04:33;Manon LEFEBVRE;Dossier refusé;Saisie société;128.29
3469;03/05/2026 23:46:07;;Souscription en cours;Choix de l'offre et livraison;710.55
3470;03/05/2026 23:46:07;;Souscription en cours;Choix de l'offre et livraison;718.71
3471;03/05/2026 23:18:14;;Dossier validé;Parcours terminé;116.80
3472;03/05/2026 23:18:14;;Dossier validé;Parcours terminé;354.75
3473;03/05/2026 22:55:30;;Dossier validé;Parcours terminé;340.24
3474;03/05/2026 22:55:30;;Dossier validé;Parcours terminé;940.71
3475;03/05/2026 21:55:15;;En attente d'analyse Agent - Dossier avec erreurs;Signature Contrat;121.62
3476;03/05/2026 21:55:15;;En attente d'analyse Agent - Dossier avec erreurs;Signature Contrat;247.25
3477;03/05/2026 21:51:55;;Souscription en cours;Coordonnées personnelles;421.36
3478;03/05/2026 21:51:55;;Souscription en cours;Coordonnées personnelles;750.76
3479;03/05/2026 21:49:40;;Dossier refusé;Saisie société;120.78
3480;03/05/2026 21:49:40;;Dossier refusé;Saisie société;383.45
3481;03/05/2026 21:40:43;;Souscription non démarrée;Parcours non démarré;919.75
3482;03/05/2026 21:40:43;;Souscription non démarrée;Parcours non démarré;974.15
3483;03/05/2026 21:27:08;;Souscription en cours;Choix de l'offre et livraison;536.42
3484;03/05/2026 21:27:08;;Souscription en cours;Choix de l'offre et livraison;481.88
3485;03/05/2026 21:15:23;;Dossier validé;Parcours terminé;521.22
3486;03/05/2026 21:15:23;;Dossier validé;Parcours terminé;810.44
3487;03/05/2026 20:58:18;;Dossier validé;Parcours terminé;157.20
3488;03/05/2026 20:58:18;;Dossier validé;Parcours terminé;624.47
3489;03/05/2026 20:42:30;;Souscription non démarrée;Parcours non démarré;750.51
3490;03/05/2026 20:42:30;;Souscription non démarrée;Parcours non démarré;776.92
3491;03/05/2026 20:32:13;Hugo MARTIN;Dossier validé;Parcours terminé;842.50
3492;03/05/2026 20:32:13;Hugo MARTIN;Dossier validé;Parcours terminé;526.60
3493;03/05/2026 20:29:42;;Dossier refusé;Saisie société;533.73
3494;03/05/2026 20:29:42;;Dossier refusé;Saisie société;387.98
3495;03/05/2026 19:46:15;;Dossier validé;Parcours terminé;749.12
3496;03/05/2026 19:46:15;;Dossier validé;Parcours terminé;423.75
3497;03/05/2026 19:24:44;Adam MARTIN;Dossier validé;Parcours terminé;309.96
3498;03/05/2026 19:24:44;Adam MARTIN;Dossier validé;Parcours terminé;598.50
3499;03/05/2026 19:23:58;;Dossier validé;Parcours terminé;652.63
3500;03/05/2026 19:23:58;;Dossier validé;Parcours terminé;484.58
3501;03/05/2026 18:59:21;;Souscription en cours;Coordonnées personnelles;655.83
3502;03/05/2026 18:59:21;;Souscription en cours;Coordonnées personnelles;586.17
3503;03/05/2026 18:49:10;;Dossier validé;Parcours terminé;749.71
3504;03/05/2026 18:49:10;;Dossier validé;Parcours terminé;151.69
3505;03/05/2026 18:37:44;;Souscription en cours;Coordonnées personnelles;464.63
3506;03/05/2026 18:37:44;;Souscription en cours;Coordonnées personnelles;905.17
3507;03/05/2026 18:27:04;;Souscription non démarrée;Parcours non démarré;491.81
3508;03/05/2026 18:27:04;;Souscription non démarrée;Parcours non démarré;837.81
3509;03/05/2026 17:48:46;;Souscription en cours;Choix de l'offre et livraison;331.34
3510;03/05/2026 17:48:46;;Souscription en cours;Choix de l'offre et livraison;524.97
3511;03/05/2026 17:35:09;;Souscription en cours;Coordonnées personnelles;195.19
3512;03/05/2026 17:35:09;;Souscription en cours;Coordonnées personnelles;153.42
3513;03/05/2026 17:32:48;;Dossier validé;Parcours terminé;340.34
3514;03/05/2026 17:32:48;;Dossier validé;Parcours terminé;777.89
3515;03/05/2026 17:31:13;;Dossier refusé;Saisie société;955.10
3516;03/05/2026 17:31:13;;Dossier refusé;Saisie société;859.73
3517;03/05/2026 17:19:14;;Souscription en cours;Signature Contrat;322.86
3518;03/05/2026 17:19:14;;Souscription en cours;Signature Contrat;995.45
3519;03/05/2026 17:10:19;;Dossier refusé;Saisie société;538.49
3520;03/05/2026 17:10:19;;Dossier refusé;Saisie société;962.83
3521;03/05/2026 17:03:22;Rayan MICHEL;Dossier refusé;Saisie société;206.09
3522;03/05/2026 17:03:22;Rayan MICHEL;Dossier refusé;Saisie société;801.75
3523;03/05/2026 16:37:42;;Dossier validé;Parcours terminé;562.59
3524;03/05/2026 16:37:42;;Dossier validé;Parcours terminé;707.19
3525;03/05/2026 16:24:54;;Souscription en cours;Coordonnées personnelles;880.14
3526;03/05/2026 16:24:54;;Souscription en cours;Coordonnées personnelles;568.12
3527;03/05/2026 15:59:48;;Souscription non démarrée;Parcours non démarré;391.58
3528;03/05/2026 15:59:48;;Souscription non démarrée;Parcours non démarré;450.25
3529;03/05/2026 15:53:05;Z5681453;Dossier refusé;Signature Contrat;657.99
3530;03/05/2026 15:53:05;Z5681453;Dossier refusé;Signature Contrat;426.69
3531;03/05/2026 15:42:43;;Souscription en cours;Coordonnées personnelles;154.31
3532;03/05/2026 15:42:43;;Souscription en cours;Coordonnées personnelles;753.52
3533;03/05/2026 15:42:41;Adam LAURENT;Dossier validé;Parcours terminé;613.64
3534;03/05/2026 15:42:41;Adam LAURENT;Dossier validé;Parcours terminé;831.80
3535;03/05/2026 15:12:07;;Souscription non démarrée;Parcours non démarré;606.70
3536;03/05/2026 15:12:07;;Souscription non démarrée;Parcours non démarré;910.46
3537;03/05/2026 15:10:23;;Dossier validé;Parcours terminé;432.85
3538;03/05/2026 15:10:23;;Dossier validé;Parcours terminé;672.54
3539;03/05/2026 14:55:25;;Souscription en cours;Signature Contrat;116.42
3540;03/05/2026 14:55:25;;Souscription en cours;Signature Contrat;696.76
3541;03/05/2026 14:42:25;;Souscription en cours;Coordonnées personnelles;208.87
3542;03/05/2026 14:42:25;;Souscription en cours;Coordonnées personnelles;241.51
3543;03/05/2026 14:42:23;;Dossier validé;Parcours terminé;492.83
3544;03/05/2026 14:42:23;;Dossier validé;Parcours terminé;399.15
3545;03/05/2026 14:27:11;;Dossier validé;Parcours terminé;502.65
3546;03/05/2026 14:27:11;;Dossier validé;Parcours terminé;259.02
3547;03/05/2026 14:22:51;;Dossier validé;Parcours terminé;965.85
3548;03/05/2026 14:22:51;;Dossier validé;Parcours terminé;728.60
3549;03/05/2026 14:22:27;;Dossier validé;Parcours terminé;713.28
3550;03/05/2026 14:22:27;;Dossier validé;Parcours terminé;502.53
3551;03/05/2026 14:12:52;;Souscription non démarrée;Parcours non démarré;703.91
3552;03/05/2026 14:12:52;;Souscription non démarrée;Parcours non démarré;514.60
3553;03/05/2026 13:52:40;;Souscription non démarrée;Parcours non démarré;174.11
3554;03/05/2026 13:52:40;;Souscription non démarrée;Parcours non démarré;218.74
3555;03/05/2026 13:52:36;;Souscription non démarrée;Parcours non démarré;132.39
3556;03/05/2026 13:52:36;;Souscription non démarrée;Parcours non démarré;410.84
3557;03/05/2026 13:48:48;;Dossier validé;Parcours terminé;176.20
3558;03/05/2026 13:48:48;;Dossier validé;Parcours terminé;465.10
3559;03/05/2026 12:51:02;;Souscription en cours;Informations complémentaires (Etablissements, etc.);238.12
3560;03/05/2026 12:51:02;;Souscription en cours;Informations complémentaires (Etablissements, etc.);496.43
3561;03/05/2026 12:49:35;;Souscription en cours;Coordonnées personnelles;900.49
3562;03/05/2026 12:49:35;;Souscription en cours;Coordonnées personnelles;694.98
3563;03/05/2026 12:44:17;;Dossier validé;Parcours terminé;739.35
3564;03/05/2026 12:44:17;;Dossier validé;Parcours terminé;448.25
3565;03/05/2026 12:34:29;;Dossier refusé;Signature Contrat;948.75
3566;03/05/2026 12:34:29;;Dossier refusé;Signature Contrat;812.16
3567;03/05/2026 12:27:44;;Dossier validé;Parcours terminé;317.90
3568;03/05/2026 12:27:44;;Dossier validé;Parcours terminé;764.23
3569;03/05/2026 12:18:07;;En attente d'analyse Agent - Dossier avec erreurs;Signature Contrat;624.00
3570;03/05/2026 12:18:07;;En attente d'analyse Agent - Dossier avec erreurs;Signature Contrat;996.38
3571;03/05/2026 12:16:42;;Dossier validé;Parcours terminé;172.38
3572;03/05/2026 12:16:42;;Dossier validé;Parcours terminé;284.87
3573;03/05/2026 12:09:04;;En attente d'analyse Agent - Dossier avec erreurs;Signature Contrat;372.95
3574;03/05/2026 12:09:04;;En attente d'analyse Agent - Dossier avec erreurs;Signature Contrat;410.34
3575;03/05/2026 12:03:25;;Souscription en cours;Choix de l'offre et livraison;929.77
3576;03/05/2026 12:03:25;;Souscription en cours;Choix de l'offre et livraison;632.75
3577;03/05/2026 11:51:24;Adam LAURENT;Dossier validé;Parcours terminé;767.55
3578;03/05/2026 11:51:24;Adam LAURENT;Dossier validé;Parcours terminé;798.74
3579;03/05/2026 11:48:44;;Dossier validé;Parcours terminé;334.12
3580;03/05/2026 11:48:44;;Dossier validé;Parcours terminé;372.15
3581;03/05/2026 11:47:03;;Souscription non démarrée;Parcours non démarré;134.78
3582;03/05/2026 11:47:03;;Souscription non démarrée;Parcours non démarré;956.82
3583;03/05/2026 11:35:08;;Dossier validé;Parcours terminé;355.63
3584;03/05/2026 11:35:08;;Dossier validé;Parcours terminé;922.26
3585;03/05/2026 11:32:30;;Souscription en cours;Coordonnées personnelles;264.68
3586;03/05/2026 11:32:30;;Souscription en cours;Coordonnées personnelles;693.93
3587;03/05/2026 11:24:31;;Dossier validé;Parcours terminé;899.67
3588;03/05/2026 11:24:31;;Dossier validé;Parcours terminé;364.11
3589;03/05/2026 11:23:09;;Souscription en cours;Signature Contrat;926.61
3590;03/05/2026 11:23:09;;Souscription en cours;Signature Contrat;720.77
3591;03/05/2026 11:09:56;Manon LEFEBVRE;Dossier refusé;Signature Contrat;631.26
3592;03/05/2026 11:09:56;Manon LEFEBVRE;Dossier refusé;Signature Contrat;111.22
3593;03/05/2026 11:09:17;;Dossier validé;Parcours terminé;546.68
3594;03/05/2026 11:09:17;;Dossier validé;Parcours terminé;149.35
3595;03/05/2026 11:02:42;;Dossier validé;Parcours terminé;800.73
3596;03/05/2026 11:02:42;;Dossier validé;Parcours terminé;300.16
3597;03/05/2026 10:58:44;;Dossier validé;Parcours terminé;839.13
3598;03/05/2026 10:58:44;;Dossier validé;Parcours terminé;991.47
3599;03/05/2026 10:42:45;Hugo MARTIN;Dossier refusé;Choix de l'offre et livraison;203.81
3600;03/05/2026 10:42:45;Hugo MARTIN;Dossier refusé;Choix de l'offre et livraison;693.29
3601;03/05/2026 10:41:12;;Dossier validé;Parcours terminé;635.21
3602;03/05/2026 10:41:12;;Dossier validé;Parcours terminé;473.60
3603;03/05/2026 10:37:42;;Souscription en cours;Choix de l'offre et livraison;489.40
3604;03/05/2026 10:37:42;;Souscription en cours;Choix de l'offre et livraison;868.27
3605;03/05/2026 10:32:37;;Dossier validé;Parcours terminé;373.42
3606;03/05/2026 10:32:37;;Dossier validé;Parcours terminé;439.02
3607;03/05/2026 10:29:04;;Souscription en cours;Vérification d'identité;515.88
3608;03/05/2026 10:29:04;;Souscription en cours;Vérification d'identité;524.09
3609;03/05/2026 10:24:28;;Souscription en cours;Coordonnées personnelles;483.17
3610;03/05/2026 10:24:28;;Souscription en cours;Coordonnées personnelles;861.48
3611;03/05/2026 10:22:41;;Dossier refusé;Saisie société;706.74
3612;03/05/2026 10:22:41;;Dossier refusé;Saisie société;491.57
3613;03/05/2026 10:13:04;;Souscription en cours;Coordonnées personnelles;203.53
3614;03/05/2026 10:13:04;;Souscription en cours;Coordonnées personnelles;428.60
3615;03/05/2026 10:00:48;;Souscription en cours;Vérification d'identité;816.12
3616;03/05/2026 10:00:48;;Souscription en cours;Vérification d'identité;226.86
3617;03/05/2026 09:39:43;;Dossier validé;Parcours terminé;498.10
3618;03/05/2026 09:39:43;;Dossier validé;Parcours terminé;765.71
3619;03/05/2026 09:20:13;;Souscription en cours;Informations complémentaires (CA, Profession, etc.);528.70
3620;03/05/2026 09:20:13;;Souscription en cours;Informations complémentaires (CA, Profession, etc.);362.07
3621;03/05/2026 09:17:49;;Souscription en cours;Choix de l'offre et livraison;735.79
3622;03/05/2026 09:17:49;;Souscription en cours;Choix de l'offre et livraison;874.05
3623;03/05/2026 08:47:20;;Souscription en cours;Choix de l'offre et livraison;979.94
3624;03/05/2026 08:47:20;;Souscription en cours;Choix de l'offre et livraison;835.40
3625;03/05/2026 08:25:23;;En attente d'analyse Agent - Dossier avec erreurs;Signature Contrat;330.49
3626;03/05/2026 08:25:23;;En attente d'analyse Agent - Dossier avec erreurs;Signature Contrat;930.23
3627;03/05/2026 08:04:57;;Dossier validé;Parcours terminé;775.51
3628;03/05/2026 08:04:57;;Dossier validé;Parcours terminé;505.27
3629;03/05/2026 08:02:20;;Souscription en cours;Vérification d'identité;502.04
3630;03/05/2026 08:02:20;;Souscription en cours;Vérification d'identité;522.01
3631;03/05/2026 07:56:53;;Souscription en cours;Choix de l'offre et livraison;384.78
3632;03/05/2026 07:56:53;;Souscription en cours;Choix de l'offre et livraison;343.22
3633;03/05/2026 07:49:30;;Dossier refusé;Signature Contrat;229.92
3634;03/05/2026 07:49:30;;Dossier refusé;Signature Contrat;380.44
3635;03/05/2026 04:29:44;;Dossier validé;Parcours terminé;178.92
3636;03/05/2026 04:29:44;;Dossier validé;Parcours terminé;403.18
3637;03/05/2026 03:08:34;;Dossier validé;Parcours terminé;757.28
3638;03/05/2026 03:08:34;;Dossier validé;Parcours terminé;586.42
3639;03/05/2026 03:07:24;;Souscription en cours;Signature Contrat;233.85
3640;03/05/2026 03:07:24;;Souscription en cours;Signature Contrat;566.20
3641;03/05/2026 02:31:55;;Dossier validé;Parcours terminé;463.00
3642;03/05/2026 02:31:55;;Dossier validé;Parcours terminé;875.55
3643;03/05/2026 01:35:21;;Souscription en cours;Synchronisation référentiel personne NOVA;527.49
3644;03/05/2026 01:35:21;;Souscription en cours;Synchronisation référentiel personne NOVA;289.01
3645;03/05/2026 00:35:18;;Souscription en cours;Synchronisation référentiel personne NOVA;990.17
3646;03/05/2026 00:35:18;;Souscription en cours;Synchronisation référentiel personne NOVA;742.46
3647;03/05/2026 00:10:47;;Dossier refusé;Saisie société;218.98
3648;03/05/2026 00:10:47;;Dossier refusé;Saisie société;615.30
3649;03/05/2026 00:02:57;;Dossier validé;Parcours terminé;141.42
3650;03/05/2026 00:02:57;;Dossier validé;Parcours terminé;795.01
