Numéro;Date de création;Responsable;Statut;Étape en cours;Valeur
1;14/06/2026 23:10:34;;Souscription en cours;Coordonnées personnelles;514.18
2;14/06/2026 23:10:34;;Souscription en cours;Coordonnées personnelles;890.49
3;14/06/2026 23:03:17;;Souscription en cours;Synchronisation référentiel personne NOVA;272.44
4;14/06/2026 23:03:17;;Souscription en cours;Synchronisation référentiel personne NOVA;479.58
5;14/06/2026 22:31:53;;Souscription en cours;Informations complémentaires (CA, Profession, etc.);718.42
6;14/06/2026 22:31:53;;Souscription en cours;Informations complémentaires (CA, Profession, etc.);839.34
7;14/06/2026 22:31:19;;Souscription en cours;Choix de l'offre et livraison;917.00
8;14/06/2026 22:31:19;;Souscription en cours;Choix de l'offre et livraison;519.20
9;14/06/2026 21:55:53;;Souscription en cours;Signature Contrat;819.29
10;14/06/2026 21:55:53;;Souscription en cours;Signature Contrat;730.91
11;14/06/2026 21:45:53;;Souscription en cours;Coordonnées personnelles;711.69
12;14/06/2026 21:45:53;;Souscription en cours;Coordonnées personnelles;581.00
13;14/06/2026 20:44:37;;Souscription en cours;Coordonnées personnelles;784.93
14;14/06/2026 20:44:37;;Souscription en cours;Coordonnées personnelles;100.41
15;14/06/2026 20:03:09;;Souscription en cours;Coordonnées personnelles;691.17
16;14/06/2026 20:03:09;;Souscription en cours;Coordonnées personnelles;939.59
17;14/06/2026 19:40:11;;Souscription en cours;Signature Contrat;124.93
18;14/06/2026 19:40:11;;Souscription en cours;Signature Contrat;952.96
19;14/06/2026 19:12:37;;Souscription en cours;Vérification d'identité;740.50
20;14/06/2026 19:12:37;;Souscription en cours;Vérification d'identité;314.20
21;14/06/2026 18:51:02;;Souscription en cours;Coordonnées personnelles;582.19
22;14/06/2026 18:51:02;;Souscription en cours;Coordonnées personnelles;522.86
23;14/06/2026 18:22:15;;Souscription en cours;Coordonnées personnelles;407.23
24;14/06/2026 18:22:15;;Souscription en cours;Coordonnées personnelles;672.35
25;14/06/2026 17:45:40;;Souscription en cours;Coordonnées personnelles;826.46
26;14/06/2026 17:45:40;;Souscription en cours;Coordonnées personnelles;576.44
27;14/06/2026 17:39:56;;Souscription en cours;Signature Contrat;347.06
28;14/06/2026 17:39:56;;Souscription en cours;Signature Contrat;438.30
29;14/06/2026 17:31:59;;Souscription non démarrée;Parcours non démarré;355.94
30;14/06/2026 17:31:59;;Souscription non démarrée;Parcours non démarré;832.80
31;14/06/2026 17:30:15;;Souscription en cours;Coordonnées personnelles;278.63
32;14/06/2026 17:30:15;;Souscription en cours;Coordonnées personnelles;220.76
33;14/06/2026 17:22:30;;Souscription en cours;Signature Contrat;162.58
34;14/06/2026 17:22:30;;Souscription en cours;Signature Contrat;540.17
35;14/06/2026 16:54:52;;Souscription en cours;Coordonnées personnelles;365.21
36;14/06/2026 16:54:52;;Souscription en cours;Coordonnées personnelles;678.77
37;14/06/2026 16:49:51;;Souscription en cours;Synchronisation référentiel personne NOVA;885.11
38;14/06/2026 16:49:51;;Souscription en cours;Synchronisation référentiel personne NOVA;629.13
39;14/06/2026 16:33:58;;Souscription en cours;Coordonnées personnelles;596.25
40;14/06/2026 16:33:58;;Souscription en cours;Coordonnées personnelles;255.31
41;14/06/2026 16:28:15;;Souscription en cours;Coordonnées personnelles;343.80
42;14/06/2026 16:28:15;;Souscription en cours;Coordonnées personnelles;947.79
43;14/06/2026 16:22:38;;Souscription non démarrée;Parcours non démarré;342.38
44;14/06/2026 16:22:38;;Souscription non démarrée;Parcours non démarré;308.98
45;14/06/2026 16:20:28;;Souscription en cours;Choix de l'offre et livraison;378.21
46;14/06/2026 16:20:28;;Souscription en cours;Choix de l'offre et livraison;884.64
47;14/06/2026 16:19:48;;Souscription en cours;Choix de l'offre et livraison;656.57
48;14/06/2026 16:19:48;;Souscription en cours;Choix de l'offre et livraison;630.16
49;14/06/2026 16:19:45;;Souscription en cours;Coordonnées personnelles;848.24
50;14/06/2026 16:19:45;;Souscription en cours;Coordonnées personnelles;338.55
51;14/06/2026 16:15:46;;Souscription en cours;Coordonnées personnelles;439.55
52;14/06/2026 16:15:46;;Souscription en cours;Coordonnées personnelles;486.20
53;14/06/2026 16:11:52;;Souscription non démarrée;Parcours non démarré;635.47
54;14/06/2026 16:11:52;;Souscription non démarrée;Parcours non démarré;711.71
55;14/06/2026 15:50:13;;Souscription en cours;Coordonnées personnelles;310.45
56;14/06/2026 15:50:13;;Souscription en cours;Coordonnées personnelles;494.84
57;14/06/2026 15:42:12;;Souscription en cours;Coordonnées personnelles;167.19
58;14/06/2026 15:42:12;;Souscription en cours;Coordonnées personnelles;874.97
59;14/06/2026 15:41:30;;Souscription non démarrée;Parcours non démarré;337.73
60;14/06/2026 15:41:30;;Souscription non démarrée;Parcours non démarré;664.52
61;14/06/2026 15:14:35;;Souscription en cours;Choix de l'offre et livraison;464.49
62;14/06/2026 15:14:35;;Souscription en cours;Choix de l'offre et livraison;645.05
63;14/06/2026 15:13:06;;Souscription en cours;Choix de l'offre et livraison;856.33
64;14/06/2026 15:13:06;;Souscription en cours;Choix de l'offre et livraison;468.85
65;14/06/2026 14:52:50;;Souscription en cours;Coordonnées personnelles;490.54
66;14/06/2026 14:52:50;;Souscription en cours;Coordonnées personnelles;763.62
67;14/06/2026 14:48:29;;Souscription en cours;Bénéficiaire effectifs;968.94
68;14/06/2026 14:48:29;;Souscription en cours;Bénéficiaire effectifs;232.56
69;14/06/2026 14:04:54;;Souscription en cours;Signature Contrat;338.55
70;14/06/2026 14:04:54;;Souscription en cours;Signature Contrat;454.03
71;14/06/2026 13:32:32;;Souscription en cours;Signature Contrat;476.49
72;14/06/2026 13:32:32;;Souscription en cours;Signature Contrat;774.30
73;14/06/2026 13:24:25;;Souscription en cours;Choix de l'offre et livraison;616.59
74;14/06/2026 13:24:25;;Souscription en cours;Choix de l'offre et livraison;807.61
75;14/06/2026 13:06:21;;Souscription en cours;Informations complémentaires (CA, Profession, etc.);588.34
76;14/06/2026 13:06:21;;Souscription en cours;Informations complémentaires (CA, Profession, etc.);998.14
77;14/06/2026 12:45:42;;Souscription en cours;Vérification d'identité;833.96
78;14/06/2026 12:45:42;;Souscription en cours;Vérification d'identité;900.66
79;14/06/2026 12:42:53;;Souscription en cours;Coordonnées personnelles;563.63
80;14/06/2026 12:42:53;;Souscription en cours;Coordonnées personnelles;191.40
81;14/06/2026 12:11:02;;En attente d'analyse Agent - Dossier avec erreurs;Signature Contrat;187.67
82;14/06/2026 12:11:02;;En attente d'analyse Agent - Dossier avec erreurs;Signature Contrat;838.86
83;14/06/2026 12:07:54;;Souscription en cours;Informations complémentaires (Etablissements, etc.);957.84
84;14/06/2026 12:07:54;;Souscription en cours;Informations complémentaires (Etablissements, etc.);284.17
85;14/06/2026 12:06:09;;En attente d'analyse Agent - Dossier avec erreurs;Signature Contrat;157.55
86;14/06/2026 12:06:09;;En attente d'analyse Agent - Dossier avec erreurs;Signature Contrat;255.60
87;14/06/2026 12:01:51;;Souscription en cours;Signature Contrat;625.57
88;14/06/2026 12:01:51;;Souscription en cours;Signature Contrat;899.03
89;14/06/2026 11:59:07;;Souscription en cours;Choix de l'offre et livraison;752.33
90;14/06/2026 11:59:07;;Souscription en cours;Choix de l'offre et livraison;486.59
91;14/06/2026 11:39:53;;Dossier validé;Parcours terminé;562.10
92;14/06/2026 11:39:53;;Dossier validé;Parcours terminé;520.29
93;14/06/2026 11:30:16;;Souscription en cours;Vérification d'identité;235.39
94;14/06/2026 11:30:16;;Souscription en cours;Vérification d'identité;798.23
95;14/06/2026 11:21:46;;Souscription en cours;Coordonnées personnelles;325.11
96;14/06/2026 11:21:46;;Souscription en cours;Coordonnées personnelles;234.15
97;14/06/2026 11:21:23;;Souscription en cours;Informations complémentaires (CA, Profession, etc.);715.57
98;14/06/2026 11:21:23;;Souscription en cours;Informations complémentaires (CA, Profession, etc.);262.61
99;14/06/2026 10:44:37;;Souscription en cours;Coordonnées personnelles;379.30
100;14/06/2026 10:44:37;;Souscription en cours;Coordonnées personnelles;508.18
101;14/06/2026 10:28:36;;Souscription en cours;Informations complémentaires (Etablissements, etc.);513.82
102;14/06/2026 10:28:36;;Souscription en cours;Informations complémentaires (Etablissements, etc.);383.85
103;14/06/2026 10:24:32;;Souscription en cours;Coordonnées personnelles;704.82
104;14/06/2026 10:24:32;;Souscription en cours;Coordonnées personnelles;267.20
105;14/06/2026 10:21:50;;Souscription en cours;Coordonnées personnelles;424.31
106;14/06/2026 10:21:50;;Souscription en cours;Coordonnées personnelles;784.47
107;14/06/2026 10:15:02;;Souscription en cours;Choix de l'offre et livraison;898.74
108;14/06/2026 10:15:02;;Souscription en cours;Choix de l'offre et livraison;374.97
109;14/06/2026 09:48:56;;Souscription en cours;Vérification d'identité;149.64
110;14/06/2026 09:48:56;;Souscription en cours;Vérification d'identité;397.40
111;14/06/2026 09:41:24;;Souscription en cours;Bénéficiaire effectifs;985.41
112;14/06/2026 09:41:24;;Souscription en cours;Bénéficiaire effectifs;597.36
113;14/06/2026 09:02:20;;Souscription en cours;Coordonnées personnelles;493.14
114;14/06/2026 09:02:20;;Souscription en cours;Coordonnées personnelles;265.68
115;14/06/2026 08:34:29;;Souscription en cours;Choix de l'offre et livraison;741.50
116;14/06/2026 08:34:29;;Souscription en cours;Choix de l'offre et livraison;154.81
117;14/06/2026 07:30:43;;Souscription en cours;Coordonnées personnelles;593.98
118;14/06/2026 07:30:43;;Souscription en cours;Coordonnées personnelles;847.82
119;14/06/2026 06:05:56;;Souscription en cours;Coordonnées personnelles;407.10
120;14/06/2026 06:05:56;;Souscription en cours;Coordonnées personnelles;646.12
121;14/06/2026 05:53:18;;Souscription non démarrée;Parcours non démarré;955.95
122;14/06/2026 05:53:18;;Souscription non démarrée;Parcours non démarré;406.40
123;14/06/2026 00:28:20;;Souscription en cours;Coordonnées personnelles;297.01
124;14/06/2026 00:28:20;;Souscription en cours;Coordonnées personnelles;887.63
125;14/06/2026 00:00:11;;Souscription en cours;Vérification d'identité;179.17
126;14/06/2026 00:00:11;;Souscription en cours;Vérification d'identité;227.40
127;13/06/2026 23:47:34;;Souscription en cours;Informations complémentaires (CA, Profession, etc.);682.52
128;13/06/2026 23:47:34;;Souscription en cours;Informations complémentaires (CA, Profession, etc.);406.14
129;13/06/2026 23:41:31;;Souscription en cours;Synchronisation référentiel personne NOVA;636.14
130;13/06/2026 23:41:31;;Souscription en cours;Synchronisation référentiel personne NOVA;567.68
131;13/06/2026 23:06:07;;En attente d'analyse Agent - Dossier avec erreurs;Signature Contrat;535.60
132;13/06/2026 23:06:07;;En attente d'analyse Agent - Dossier avec erreurs;Signature Contrat;438.30
133;13/06/2026 20:37:58;;Dossier validé;Parcours terminé;521.91
134;13/06/2026 20:37:58;;Dossier validé;Parcours terminé;386.89
135;13/06/2026 20:35:39;;Souscription en cours;Coordonnées personnelles;668.58
136;13/06/2026 20:35:39;;Souscription en cours;Coordonnées personnelles;566.95
137;13/06/2026 19:41:15;;Souscription non démarrée;Parcours non démarré;359.42
138;13/06/2026 19:41:15;;Souscription non démarrée;Parcours non démarré;946.79
139;13/06/2026 19:40:41;;Dossier validé;Parcours terminé;602.38
140;13/06/2026 19:40:41;;Dossier validé;Parcours terminé;338.60
141;13/06/2026 19:25:08;;Souscription en cours;Coordonnées personnelles;801.81
142;13/06/2026 19:25:08;;Souscription en cours;Coordonnées personnelles;551.89
143;13/06/2026 19:23:28;;Souscription en cours;Choix de l'offre et livraison;805.46
144;13/06/2026 19:23:28;;Souscription en cours;Choix de l'offre et livraison;523.36
145;13/06/2026 19:14:59;;Souscription en cours;Choix de l'offre et livraison;852.80
146;13/06/2026 19:14:59;;Souscription en cours;Choix de l'offre et livraison;676.14
147;13/06/2026 18:09:57;;Souscription en cours;Vérification d'identité;608.19
148;13/06/2026 18:09:57;;Souscription en cours;Vérification d'identité;697.02
149;13/06/2026 18:00:20;;Souscription en cours;Informations complémentaires (Etablissements, etc.);750.07
150;13/06/2026 18:00:20;;Souscription en cours;Informations complémentaires (Etablissements, etc.);701.75
151;13/06/2026 17:57:44;;Souscription en cours;Choix de l'offre et livraison;297.79
152;13/06/2026 17:57:44;;Souscription en cours;Choix de l'offre et livraison;343.42
153;13/06/2026 17:55:06;;Souscription non démarrée;Parcours non démarré;836.28
154;13/06/2026 17:55:06;;Souscription non démarrée;Parcours non démarré;877.24
155;13/06/2026 17:51:25;;Souscription en cours;Choix de l'offre et livraison;850.94
156;13/06/2026 17:51:25;;Souscription en cours;Choix de l'offre et livraison;711.57
157;13/06/2026 17:16:17;;Souscription non démarrée;Parcours non démarré;263.29
158;13/06/2026 17:16:17;;Souscription non démarrée;Parcours non démarré;740.02
159;13/06/2026 16:56:58;;Souscription en cours;Vérification d'identité;207.74
160;13/06/2026 16:56:58;;Souscription en cours;Vérification d'identité;206.59
161;13/06/2026 16:51:02;;Souscription en cours;Coordonnées personnelles;544.90
162;13/06/2026 16:51:02;;Souscription en cours;Coordonnées personnelles;503.50
163;13/06/2026 16:46:27;;Souscription en cours;Coordonnées personnelles;402.49
164;13/06/2026 16:46:27;;Souscription en cours;Coordonnées personnelles;116.83
165;13/06/2026 16:12:55;;Souscription en cours;Signature Contrat;472.02
166;13/06/2026 16:12:55;;Souscription en cours;Signature Contrat;220.40
167;13/06/2026 15:56:41;;Souscription en cours;Informations complémentaires (CA, Profession, etc.);168.18
168;13/06/2026 15:56:41;;Souscription en cours;Informations complémentaires (CA, Profession, etc.);437.00
169;13/06/2026 15:48:25;;En attente d'analyse Agent - Dossier avec erreurs;Signature Contrat;254.78
170;13/06/2026 15:48:25;;En attente d'analyse Agent - Dossier avec erreurs;Signature Contrat;442.78
171;13/06/2026 15:46:03;;Souscription non démarrée;Parcours non démarré;105.07
172;13/06/2026 15:46:03;;Souscription non démarrée;Parcours non démarré;725.48
173;13/06/2026 15:44:04;;Souscription en cours;Coordonnées personnelles;680.61
174;13/06/2026 15:44:04;;Souscription en cours;Coordonnées personnelles;814.84
175;13/06/2026 15:40:23;;Souscription en cours;Coordonnées personnelles;334.70
176;13/06/2026 15:40:23;;Souscription en cours;Coordonnées personnelles;977.31
177;13/06/2026 15:34:09;;Souscription en cours;Coordonnées personnelles;810.93
178;13/06/2026 15:34:09;;Souscription en cours;Coordonnées personnelles;622.10
179;13/06/2026 15:26:45;;En attente d'analyse Agent - Dossier avec erreurs;Signature Contrat;229.28
180;13/06/2026 15:26:45;;En attente d'analyse Agent - Dossier avec erreurs;Signature Contrat;753.59
181;13/06/2026 15:22:09;;Dossier refusé;Informations complémentaires (Etablissements, etc.);847.30
182;13/06/2026 15:22:09;;Dossier refusé;Informations complémentaires (Etablissements, etc.);965.62
183;13/06/2026 15:10:20;;Souscription en cours;Coordonnées personnelles;100.80
184;13/06/2026 15:10:20;;Souscription en cours;Coordonnées personnelles;231.43
185;13/06/2026 14:50:41;;Souscription en cours;Coordonnées personnelles;550.92
186;13/06/2026 14:50:41;;Souscription en cours;Coordonnées personnelles;843.06
187;13/06/2026 14:50:05;;Souscription en cours;Coordonnées personnelles;722.33
188;13/06/2026 14:50:05;;Souscription en cours;Coordonnées personnelles;925.90
189;13/06/2026 14:33:30;;Dossier validé;Parcours terminé;529.97
190;13/06/2026 14:33:30;;Dossier validé;Parcours terminé;741.77
191;13/06/2026 14:24:03;;En attente d'analyse Agent - Dossier avec erreurs;Signature Contrat;555.47
192;13/06/2026 14:24:03;;En attente d'analyse Agent - Dossier avec erreurs;Signature Contrat;769.32
193;13/06/2026 14:19:42;;Dossier refusé;Saisie société;626.28
194;13/06/2026 14:19:42;;Dossier refusé;Saisie société;293.11
195;13/06/2026 14:11:35;;Souscription en cours;Vérification d'identité;249.81
196;13/06/2026 14:11:35;;Souscription en cours;Vérification d'identité;880.12
197;13/06/2026 14:10:31;Z5735392;Dossier validé;Parcours terminé;622.81
198;13/06/2026 14:10:31;Z5735392;Dossier validé;Parcours terminé;517.32
199;13/06/2026 14:03:04;Manon LEFEBVRE;Dossier validé;Parcours terminé;245.53
200;13/06/2026 14:03:04;Manon LEFEBVRE;Dossier validé;Parcours terminé;487.66
201;13/06/2026 13:58:53;;Souscription en cours;Signature Contrat;116.06
202;13/06/2026 13:58:53;;Souscription en cours;Signature Contrat;175.22
203;13/06/2026 13:46:00;;Souscription en cours;Coordonnées personnelles;972.86
204;13/06/2026 13:46:00;;Souscription en cours;Coordonnées personnelles;597.74
205;13/06/2026 13:30:30;;En attente d'analyse Agent - Dossier avec erreurs;Signature Contrat;781.90
206;13/06/2026 13:30:30;;En attente d'analyse Agent - Dossier avec erreurs;Signature Contrat;689.16
207;13/06/2026 13:28:55;;Souscription en cours;Informations complémentaires (Etablissements, etc.);158.17
208;13/06/2026 13:28:55;;Souscription en cours;Informations complémentaires (Etablissements, etc.);659.27
209;13/06/2026 13:23:33;;Dossier refusé;Saisie société;957.48
210;13/06/2026 13:23:33;;Dossier refusé;Saisie société;167.14
211;13/06/2026 13:02:16;;Souscription en cours;Coordonnées personnelles;333.16
212;13/06/2026 13:02:16;;Souscription en cours;Coordonnées personnelles;173.88
213;13/06/2026 12:56:42;;Souscription en cours;Criblages BE(s);989.35
214;13/06/2026 12:56:42;;Souscription en cours;Criblages BE(s);814.07
215;13/06/2026 12:51:05;;Souscription non démarrée;Parcours non démarré;522.86
216;13/06/2026 12:51:05;;Souscription non démarrée;Parcours non démarré;861.35
217;13/06/2026 12:30:54;;Souscription non démarrée;Parcours non démarré;634.11
218;13/06/2026 12:30:54;;Souscription non démarrée;Parcours non démarré;528.63
219;13/06/2026 11:43:22;;Dossier validé;Parcours terminé;725.66
220;13/06/2026 11:43:22;;Dossier validé;Parcours terminé;372.69
221;13/06/2026 11:42:24;;Souscription en cours;Coordonnées personnelles;448.22
222;13/06/2026 11:42:24;;Souscription en cours;Coordonnées personnelles;494.43
223;13/06/2026 11:38:51;;Dossier validé;Parcours terminé;176.56
224;13/06/2026 11:38:51;;Dossier validé;Parcours terminé;454.27
225;13/06/2026 11:38:31;;En attente d'analyse Agent - Dossier avec erreurs;Signature Contrat;814.58
226;13/06/2026 11:38:31;;En attente d'analyse Agent - Dossier avec erreurs;Signature Contrat;804.18
227;13/06/2026 11:15:54;;Souscription en cours;Coordonnées personnelles;518.21
228;13/06/2026 11:15:54;;Souscription en cours;Coordonnées personnelles;120.77
229;13/06/2026 11:13:59;;Souscription en cours;Coordonnées personnelles;106.93
230;13/06/2026 11:13:59;;Souscription en cours;Coordonnées personnelles;554.31
231;13/06/2026 11:06:40;;Souscription en cours;Choix de l'offre et livraison;112.04
232;13/06/2026 11:06:40;;Souscription en cours;Choix de l'offre et livraison;235.09
233;13/06/2026 11:04:23;;Souscription en cours;Choix de l'offre et livraison;937.70
234;13/06/2026 11:04:23;;Souscription en cours;Choix de l'offre et livraison;974.19
235;13/06/2026 10:57:39;;Souscription en cours;Coordonnées personnelles;408.12
236;13/06/2026 10:57:39;;Souscription en cours;Coordonnées personnelles;852.48
237;13/06/2026 10:55:09;;En attente d'analyse Agent - Dossier avec erreurs;Signature Contrat;189.56
238;13/06/2026 10:55:09;;En attente d'analyse Agent - Dossier avec erreurs;Signature Contrat;251.58
239;13/06/2026 10:53:23;;Souscription en cours;Bénéficiaire effectifs;564.27
240;13/06/2026 10:53:23;;Souscription en cours;Bénéficiaire effectifs;260.01
241;13/06/2026 10:18:03;;Souscription en cours;Informations complémentaires (CA, Profession, etc.);506.15
242;13/06/2026 10:18:03;;Souscription en cours;Informations complémentaires (CA, Profession, etc.);552.43
243;13/06/2026 10:10:34;;En attente d'analyse Agent - Dossier avec erreurs;Signature Contrat;103.33
244;13/06/2026 10:10:34;;En attente d'analyse Agent - Dossier avec erreurs;Signature Contrat;216.52
245;13/06/2026 10:03:03;;Souscription en cours;Bénéficiaire effectifs;556.62
246;13/06/2026 10:03:03;;Souscription en cours;Bénéficiaire effectifs;192.13
247;13/06/2026 10:00:06;;Souscription non démarrée;Parcours non démarré;845.28
248;13/06/2026 10:00:06;;Souscription non démarrée;Parcours non démarré;964.28
249;13/06/2026 09:42:22;;Souscription en cours;Coordonnées personnelles;304.29
250;13/06/2026 09:42:22;;Souscription en cours;Coordonnées personnelles;773.37
251;13/06/2026 09:25:12;;Dossier validé;Parcours terminé;531.57
252;13/06/2026 09:25:12;;Dossier validé;Parcours terminé;823.33
253;13/06/2026 09:05:18;;Souscription en cours;Coordonnées personnelles;164.83
254;13/06/2026 09:05:18;;Souscription en cours;Coordonnées personnelles;330.32
255;13/06/2026 09:00:21;;Dossier refusé;Saisie société;719.84
256;13/06/2026 09:00:21;;Dossier refusé;Saisie société;397.15
257;13/06/2026 08:38:33;;Souscription en cours;Coordonnées personnelles;124.56
258;13/06/2026 08:38:33;;Souscription en cours;Coordonnées personnelles;781.58
259;13/06/2026 08:29:45;;Souscription en cours;Informations complémentaires (CA, Profession, etc.);469.54
260;13/06/2026 08:29:45;;Souscription en cours;Informations complémentaires (CA, Profession, etc.);626.80
261;13/06/2026 08:15:50;;Souscription en cours;Informations complémentaires (CA, Profession, etc.);827.38
262;13/06/2026 08:15:50;;Souscription en cours;Informations complémentaires (CA, Profession, etc.);381.10
263;13/06/2026 08:15:41;;Souscription en cours;Coordonnées personnelles;269.57
264;13/06/2026 08:15:41;;Souscription en cours;Coordonnées personnelles;212.69
265;13/06/2026 06:14:03;;Souscription en cours;Coordonnées personnelles;345.60
266;13/06/2026 06:14:03;;Souscription en cours;Coordonnées personnelles;146.47
267;13/06/2026 04:57:30;;Souscription en cours;Coordonnées personnelles;466.95
268;13/06/2026 04:57:30;;Souscription en cours;Coordonnées personnelles;666.23
269;13/06/2026 01:21:12;;En attente d'analyse Agent - Dossier avec erreurs;Signature Contrat;346.46
270;13/06/2026 01:21:12;;En attente d'analyse Agent - Dossier avec erreurs;Signature Contrat;625.50
271;12/06/2026 23:58:31;;Dossier validé;Parcours terminé;499.90
272;12/06/2026 23:58:31;;Dossier validé;Parcours terminé;369.90
273;12/06/2026 23:52:55;;Souscription en cours;Coordonnées personnelles;577.28
274;12/06/2026 23:52:55;;Souscription en cours;Coordonnées personnelles;832.86
275;12/06/2026 23:52:28;;Souscription en cours;Coordonnées personnelles;536.60
276;12/06/2026 23:52:28;;Souscription en cours;Coordonnées personnelles;380.41
277;12/06/2026 23:21:02;;Souscription en cours;Signature Contrat;401.09
278;12/06/2026 23:21:02;;Souscription en cours;Signature Contrat;518.88
279;12/06/2026 23:17:48;;Dossier validé;Parcours terminé;920.22
280;12/06/2026 23:17:48;;Dossier validé;Parcours terminé;848.01
281;12/06/2026 22:28:24;;Dossier refusé;Saisie société;849.91
282;12/06/2026 22:28:24;;Dossier refusé;Saisie société;449.80
283;12/06/2026 21:49:45;;Souscription non démarrée;Parcours non démarré;314.86
284;12/06/2026 21:49:45;;Souscription non démarrée;Parcours non démarré;884.33
285;12/06/2026 21:39:29;;Souscription en cours;Signature Contrat;931.95
286;12/06/2026 21:39:29;;Souscription en cours;Signature Contrat;129.12
287;12/06/2026 21:34:42;;Dossier refusé;Saisie société;554.13
288;12/06/2026 21:34:42;;Dossier refusé;Saisie société;106.89
289;12/06/2026 21:12:21;;Souscription non démarrée;Parcours non démarré;536.95
290;12/06/2026 21:12:21;;Souscription non démarrée;Parcours non démarré;686.48
291;12/06/2026 20:57:33;;Souscription en cours;Coordonnées personnelles;899.57
292;12/06/2026 20:57:33;;Souscription en cours;Coordonnées personnelles;311.75
293;12/06/2026 20:44:21;;Souscription en cours;Coordonnées personnelles;946.69
294;12/06/2026 20:44:21;;Souscription en cours;Coordonnées personnelles;819.90
295;12/06/2026 20:33:18;;Souscription en cours;Choix de l'offre et livraison;901.96
296;12/06/2026 20:33:18;;Souscription en cours;Choix de l'offre et livraison;378.25
297;12/06/2026 20:31:48;Z5750800;Dossier refusé;Informations complémentaires (Etablissements, etc.);849.03
298;12/06/2026 20:31:48;Z5750800;Dossier refusé;Informations complémentaires (Etablissements, etc.);591.18
299;12/06/2026 20:14:01;;Souscription en cours;Coordonnées personnelles;545.63
300;12/06/2026 20:14:01;;Souscription en cours;Coordonnées personnelles;661.54
301;12/06/2026 19:59:17;Z5750800;Dossier validé;Parcours terminé;665.47
302;12/06/2026 19:59:17;Z5750800;Dossier validé;Parcours terminé;309.69
303;12/06/2026 19:50:51;;Souscription en cours;Coordonnées personnelles;447.68
304;12/06/2026 19:50:51;;Souscription en cours;Coordonnées personnelles;693.51
305;12/06/2026 19:43:57;;Dossier validé;Parcours terminé;704.65
306;12/06/2026 19:43:57;;Dossier validé;Parcours terminé;114.25
307;12/06/2026 19:43:45;;Souscription en cours;Coordonnées personnelles;715.69
308;12/06/2026 19:43:45;;Souscription en cours;Coordonnées personnelles;766.25
309;12/06/2026 19:27:41;;En attente d'analyse Agent - Dossier avec erreurs;Signature Contrat;351.33
310;12/06/2026 19:27:41;;En attente d'analyse Agent - Dossier avec erreurs;Signature Contrat;162.71
311;12/06/2026 19:24:17;;Souscription en cours;Coordonnées personnelles;690.84
312;12/06/2026 19:24:17;;Souscription en cours;Coordonnées personnelles;624.88
313;12/06/2026 19:19:20;;Souscription non démarrée;Parcours non démarré;810.25
314;12/06/2026 19:19:20;;Souscription non démarrée;Parcours non démarré;550.45
315;12/06/2026 18:43:10;;Souscription en cours;Choix de l'offre et livraison;822.03
316;12/06/2026 18:43:10;;Souscription en cours;Choix de l'offre et livraison;860.62
317;12/06/2026 18:39:46;;Souscription en cours;Signature Contrat;122.29
318;12/06/2026 18:39:46;;Souscription en cours;Signature Contrat;530.90
319;12/06/2026 18:26:04;;Souscription en cours;Choix de l'offre et livraison;514.43
320;12/06/2026 18:26:04;;Souscription en cours;Choix de l'offre et livraison;170.09
321;12/06/2026 18:24:31;;Souscription en cours;Signature Contrat;342.95
322;12/06/2026 18:24:31;;Souscription en cours;Signature Contrat;456.93
323;12/06/2026 18:16:30;;Dossier validé;Parcours terminé;525.18
324;12/06/2026 18:16:30;;Dossier validé;Parcours terminé;473.32
325;12/06/2026 18:11:23;;Dossier refusé;Signature Contrat;513.02
326;12/06/2026 18:11:23;;Dossier refusé;Signature Contrat;200.34
327;12/06/2026 18:08:42;;Souscription en cours;Informations complémentaires (CA, Profession, etc.);723.34
328;12/06/2026 18:08:42;;Souscription en cours;Informations complémentaires (CA, Profession, etc.);696.15
329;12/06/2026 18:07:17;;Souscription en cours;Coordonnées personnelles;870.92
330;12/06/2026 18:07:17;;Souscription en cours;Coordonnées personnelles;689.91
331;12/06/2026 18:00:18;;Dossier validé;Parcours terminé;790.88
332;12/06/2026 18:00:18;;Dossier validé;Parcours terminé;864.28
333;12/06/2026 17:59:31;;En attente d'analyse Agent - Dossier avec erreurs;Signature Contrat;887.61
334;12/06/2026 17:59:31;;En attente d'analyse Agent - Dossier avec erreurs;Signature Contrat;607.55
335;12/06/2026 17:39:43;;Dossier refusé;Choix de l'offre et livraison;979.00
336;12/06/2026 17:39:43;;Dossier refusé;Choix de l'offre et livraison;580.05
337;12/06/2026 17:30:36;;Souscription non démarrée;Parcours non démarré;145.69
338;12/06/2026 17:30:36;;Souscription non démarrée;Parcours non démarré;273.70
339;12/06/2026 17:29:14;;Souscription non démarrée;Parcours non démarré;651.67
340;12/06/2026 17:29:14;;Souscription non démarrée;Parcours non démarré;215.51
341;12/06/2026 17:27:27;;En attente d'analyse Agent - Dossier avec erreurs;Signature Contrat;742.74
342;12/06/2026 17:27:27;;En attente d'analyse Agent - Dossier avec erreurs;Signature Contrat;671.84
343;12/06/2026 17:25:19;;Souscription non démarrée;Parcours non démarré;570.85
344;12/06/2026 17:25:19;;Souscription non démarrée;Parcours non démarré;698.68
345;12/06/2026 17:25:00;;Souscription en cours;Informations complémentaires (CA, Profession, etc.);737.43
346;12/06/2026 17:25:00;;Souscription en cours;Informations complémentaires (CA, Profession, etc.);203.21
347;12/06/2026 17:14:03;;Souscription en cours;Signature Contrat;279.11
348;12/06/2026 17:14:03;;Souscription en cours;Signature Contrat;742.00
349;12/06/2026 17:13:48;;Souscription en cours;Informations complémentaires (CA, Profession, etc.);198.41
350;12/06/2026 17:13:48;;Souscription en cours;Informations complémentaires (CA, Profession, etc.);699.22
351;12/06/2026 17:08:40;;Dossier validé;Parcours terminé;241.21
352;12/06/2026 17:08:40;;Dossier validé;Parcours terminé;837.49
353;12/06/2026 17:06:17;;Souscription en cours;Coordonnées personnelles;806.22
354;12/06/2026 17:06:17;;Souscription en cours;Coordonnées personnelles;340.16
355;12/06/2026 17:05:22;;Souscription en cours;Choix de l'offre et livraison;726.32
356;12/06/2026 17:05:22;;Souscription en cours;Choix de l'offre et livraison;885.60
357;12/06/2026 16:18:56;;Dossier validé;Parcours terminé;601.30
358;12/06/2026 16:18:56;;Dossier validé;Parcours terminé;403.33
359;12/06/2026 16:11:27;;Souscription en cours;Choix de l'offre et livraison;683.58
360;12/06/2026 16:11:27;;Souscription en cours;Choix de l'offre et livraison;976.36
361;12/06/2026 16:08:44;;Souscription en cours;Coordonnées personnelles;747.96
362;12/06/2026 16:08:44;;Souscription en cours;Coordonnées personnelles;244.93
363;12/06/2026 16:03:56;;Souscription en cours;Coordonnées personnelles;649.25
364;12/06/2026 16:03:56;;Souscription en cours;Coordonnées personnelles;376.80
365;12/06/2026 16:02:53;;Souscription en cours;Vérification d'identité;201.26
366;12/06/2026 16:02:53;;Souscription en cours;Vérification d'identité;865.29
367;12/06/2026 15:58:24;;Souscription en cours;Informations complémentaires (CA, Profession, etc.);739.19
368;12/06/2026 15:58:24;;Souscription en cours;Informations complémentaires (CA, Profession, etc.);724.17
369;12/06/2026 15:56:17;;Dossier validé;Parcours terminé;826.43
370;12/06/2026 15:56:17;;Dossier validé;Parcours terminé;498.51
371;12/06/2026 15:51:44;;Souscription en cours;Choix de l'offre et livraison;193.64
372;12/06/2026 15:51:44;;Souscription en cours;Choix de l'offre et livraison;548.07
373;12/06/2026 15:49:04;;Souscription en cours;Coordonnées personnelles;683.11
374;12/06/2026 15:49:04;;Souscription en cours;Coordonnées personnelles;176.69
375;12/06/2026 15:44:38;;En attente d'analyse Agent - Dossier avec erreurs;Signature Contrat;921.92
376;12/06/2026 15:44:38;;En attente d'analyse Agent - Dossier avec erreurs;Signature Contrat;340.47
377;12/06/2026 15:42:37;;Souscription en cours;Vérification d'identité;158.73
378;12/06/2026 15:42:37;;Souscription en cours;Vérification d'identité;812.95
379;12/06/2026 15:38:51;;Dossier validé;Parcours terminé;196.77
380;12/06/2026 15:38:51;;Dossier validé;Parcours terminé;291.09
381;12/06/2026 15:21:41;;Souscription en cours;Choix de l'offre et livraison;602.26
382;12/06/2026 15:21:41;;Souscription en cours;Choix de l'offre et livraison;286.19
383;12/06/2026 15:17:13;;En attente d'analyse Agent - Dossier avec erreurs;Signature Contrat;149.71
384;12/06/2026 15:17:13;;En attente d'analyse Agent - Dossier avec erreurs;Signature Contrat;632.68
385;12/06/2026 15:10:57;;Souscription en cours;Coordonnées personnelles;847.26
386;12/06/2026 15:10:57;;Souscription en cours;Coordonnées personnelles;628.40
387;12/06/2026 15:09:45;;Souscription en cours;Coordonnées personnelles;196.43
388;12/06/2026 15:09:45;;Souscription en cours;Coordonnées personnelles;925.91
389;12/06/2026 15:06:34;Louis MARTIN;Dossier validé;Parcours terminé;728.36
390;12/06/2026 15:06:34;Louis MARTIN;Dossier validé;Parcours terminé;396.80
391;12/06/2026 15:02:24;;Dossier validé;Parcours terminé;853.14
392;12/06/2026 15:02:24;;Dossier validé;Parcours terminé;698.48
393;12/06/2026 15:00:55;;Souscription en cours;Bénéficiaire effectifs;409.46
394;12/06/2026 15:00:55;;Souscription en cours;Bénéficiaire effectifs;807.59
395;12/06/2026 15:00:47;;Souscription en cours;Coordonnées personnelles;672.28
396;12/06/2026 15:00:47;;Souscription en cours;Coordonnées personnelles;204.88
397;12/06/2026 14:56:38;;Dossier refusé;Saisie société;511.61
398;12/06/2026 14:56:38;;Dossier refusé;Saisie société;596.12
399;12/06/2026 14:54:19;;Souscription en cours;Coordonnées personnelles;613.74
400;12/06/2026 14:54:19;;Souscription en cours;Coordonnées personnelles;147.89
401;12/06/2026 14:47:40;;Dossier validé;Parcours terminé;192.00
402;12/06/2026 14:47:40;;Dossier validé;Parcours terminé;474.12
403;12/06/2026 14:45:41;;Souscription en cours;Coordonnées personnelles;927.86
404;12/06/2026 14:45:41;;Souscription en cours;Coordonnées personnelles;112.64
405;12/06/2026 14:33:50;Hugo MARTIN;Dossier validé;Parcours terminé;959.86
406;12/06/2026 14:33:50;Hugo MARTIN;Dossier validé;Parcours terminé;274.12
407;12/06/2026 13:49:08;;Dossier validé;Parcours terminé;454.98
408;12/06/2026 13:49:08;;Dossier validé;Parcours terminé;511.52
409;12/06/2026 13:29:49;;Dossier validé;Parcours terminé;905.13
410;12/06/2026 13:29:49;;Dossier validé;Parcours terminé;485.38
411;12/06/2026 13:25:11;;Souscription en cours;Coordonnées personnelles;222.91
412;12/06/2026 13:25:11;;Souscription en cours;Coordonnées personnelles;246.90
413;12/06/2026 13:22:39;;En attente d'analyse Agent - Dossier avec erreurs;Signature Contrat;130.17
414;12/06/2026 13:22:39;;En attente d'analyse Agent - Dossier avec erreurs;Signature Contrat;728.62
415;12/06/2026 13:13:52;;En attente d'analyse Agent - Dossier sans erreur;Parcours terminé;703.73
416;12/06/2026 13:13:52;;En attente d'analyse Agent - Dossier sans erreur;Parcours terminé;560.87
417;12/06/2026 13:08:57;;En attente d'analyse Agent - Dossier avec erreurs;Signature Contrat;503.32
418;12/06/2026 13:08:57;;En attente d'analyse Agent - Dossier avec erreurs;Signature Contrat;872.94
419;12/06/2026 13:02:37;;Souscription en cours;Coordonnées personnelles;910.66
420;12/06/2026 13:02:37;;Souscription en cours;Coordonnées personnelles;418.50
421;12/06/2026 12:47:48;;Souscription non démarrée;Parcours non démarré;856.31
422;12/06/2026 12:47:48;;Souscription non démarrée;Parcours non démarré;409.54
423;12/06/2026 12:47:14;;En attente d'analyse Agent - Dossier avec erreurs;Signature Contrat;158.65
424;12/06/2026 12:47:14;;En attente d'analyse Agent - Dossier avec erreurs;Signature Contrat;384.72
425;12/06/2026 12:40:20;;En attente d'analyse Agent - Dossier sans erreur;Parcours terminé;686.75
426;12/06/2026 12:40:20;;En attente d'analyse Agent - Dossier sans erreur;Parcours terminé;557.39
427;12/06/2026 12:39:03;;Souscription en cours;Signature Contrat;987.01
428;12/06/2026 12:39:03;;Souscription en cours;Signature Contrat;268.12
429;12/06/2026 12:37:35;;Dossier refusé;Choix de l'offre et livraison;149.92
430;12/06/2026 12:37:35;;Dossier refusé;Choix de l'offre et livraison;450.16
431;12/06/2026 12:21:36;;Dossier validé;Parcours terminé;806.51
432;12/06/2026 12:21:36;;Dossier validé;Parcours terminé;163.93
433;12/06/2026 12:11:14;;Souscription en cours;Choix de l'offre et livraison;789.21
434;12/06/2026 12:11:14;;Souscription en cours;Choix de l'offre et livraison;904.17
435;12/06/2026 11:56:20;;Souscription en cours;Coordonnées personnelles;554.08
436;12/06/2026 11:56:20;;Souscription en cours;Coordonnées personnelles;157.70
437;12/06/2026 11:55:06;;Dossier validé;Parcours terminé;431.65
438;12/06/2026 11:55:06;;Dossier validé;Parcours terminé;994.40
439;12/06/2026 11:38:46;;En attente d'analyse Agent - Dossier avec erreurs;Signature Contrat;430.15
440;12/06/2026 11:38:46;;En attente d'analyse Agent - Dossier avec erreurs;Signature Contrat;147.44
441;12/06/2026 11:34:27;;Dossier validé;Parcours terminé;611.08
442;12/06/2026 11:34:27;;Dossier validé;Parcours terminé;808.77
443;12/06/2026 11:30:51;;Souscription en cours;Informations complémentaires (CA, Profession, etc.);130.36
444;12/06/2026 11:30:51;;Souscription en cours;Informations complémentaires (CA, Profession, etc.);402.95
445;12/06/2026 11:20:17;;Dossier refusé;Signature Contrat;506.54
446;12/06/2026 11:20:17;;Dossier refusé;Signature Contrat;872.40
447;12/06/2026 11:16:04;;Souscription en cours;Bénéficiaire effectifs;161.63
448;12/06/2026 11:16:04;;Souscription en cours;Bénéficiaire effectifs;557.26
449;12/06/2026 11:02:11;;Souscription en cours;Informations complémentaires (CA, Profession, etc.);800.15
450;12/06/2026 11:02:11;;Souscription en cours;Informations complémentaires (CA, Profession, etc.);206.88
451;12/06/2026 11:00:17;;Souscription en cours;Synchronisation référentiel personne NOVA;568.54
452;12/06/2026 11:00:17;;Souscription en cours;Synchronisation référentiel personne NOVA;706.96
453;12/06/2026 10:55:22;;Dossier refusé;Saisie société;987.78
454;12/06/2026 10:55:22;;Dossier refusé;Saisie société;926.69
455;12/06/2026 10:54:54;;Dossier validé;Parcours terminé;457.28
456;12/06/2026 10:54:54;;Dossier validé;Parcours terminé;471.06
457;12/06/2026 10:48:07;;Souscription en cours;Choix de l'offre et livraison;314.12
458;12/06/2026 10:48:07;;Souscription en cours;Choix de l'offre et livraison;952.46
459;12/06/2026 10:44:59;;Souscription en cours;Choix de l'offre et livraison;522.90
460;12/06/2026 10:44:59;;Souscription en cours;Choix de l'offre et livraison;116.74
461;12/06/2026 10:28:03;;Souscription en cours;Coordonnées personnelles;221.10
462;12/06/2026 10:28:03;;Souscription en cours;Coordonnées personnelles;298.98
463;12/06/2026 10:19:19;;Dossier refusé;Saisie société;418.34
464;12/06/2026 10:19:19;;Dossier refusé;Saisie société;969.74
465;12/06/2026 10:19:13;;Dossier validé;Parcours terminé;817.36
466;12/06/2026 10:19:13;;Dossier validé;Parcours terminé;883.27
467;12/06/2026 10:09:20;;En attente d'analyse Agent - Dossier avec erreurs;Signature Contrat;687.81
468;12/06/2026 10:09:20;;En attente d'analyse Agent - Dossier avec erreurs;Signature Contrat;108.90
469;12/06/2026 10:08:49;;Dossier refusé;Saisie société;656.91
470;12/06/2026 10:08:49;;Dossier refusé;Saisie société;197.59
471;12/06/2026 10:02:59;;Souscription en cours;Coordonnées personnelles;754.18
472;12/06/2026 10:02:59;;Souscription en cours;Coordonnées personnelles;605.04
473;12/06/2026 09:58:11;;Souscription en cours;Choix de l'offre et livraison;336.49
474;12/06/2026 09:58:11;;Souscription en cours;Choix de l'offre et livraison;672.00
475;12/06/2026 09:42:46;;Souscription en cours;Vérification d'identité;924.89
476;12/06/2026 09:42:46;;Souscription en cours;Vérification d'identité;470.06
477;12/06/2026 09:42:35;;Souscription en cours;Coordonnées personnelles;501.58
478;12/06/2026 09:42:35;;Souscription en cours;Coordonnées personnelles;151.23
479;12/06/2026 09:42:28;;Souscription en cours;Coordonnées personnelles;402.27
480;12/06/2026 09:42:28;;Souscription en cours;Coordonnées personnelles;172.79
481;12/06/2026 09:42:11;;Souscription en cours;Informations complémentaires (Etablissements, etc.);353.25
482;12/06/2026 09:42:11;;Souscription en cours;Informations complémentaires (Etablissements, etc.);629.81
483;12/06/2026 09:15:03;;Souscription non démarrée;Parcours non démarré;829.69
484;12/06/2026 09:15:03;;Souscription non démarrée;Parcours non démarré;339.07
485;12/06/2026 09:09:58;;Dossier validé;Parcours terminé;688.04
486;12/06/2026 09:09:58;;Dossier validé;Parcours terminé;241.17
487;12/06/2026 09:06:58;;Souscription en cours;Choix de l'offre et livraison;346.07
488;12/06/2026 09:06:58;;Souscription en cours;Choix de l'offre et livraison;747.89
489;12/06/2026 09:04:33;;Dossier refusé;Saisie société;291.67
490;12/06/2026 09:04:33;;Dossier refusé;Saisie société;727.09
491;12/06/2026 09:03:24;Hugo DUBOIS;Dossier validé;Parcours terminé;584.79
492;12/06/2026 09:03:24;Hugo DUBOIS;Dossier validé;Parcours terminé;822.13
493;12/06/2026 08:33:39;;Souscription en cours;Vérification d'identité;421.76
494;12/06/2026 08:33:39;;Souscription en cours;Vérification d'identité;928.38
495;12/06/2026 08:32:37;;En attente d'analyse Agent - Dossier avec erreurs;Signature Contrat;103.89
496;12/06/2026 08:32:37;;En attente d'analyse Agent - Dossier avec erreurs;Signature Contrat;844.10
497;12/06/2026 08:18:43;;Souscription en cours;Coordonnées personnelles;725.44
498;12/06/2026 08:18:43;;Souscription en cours;Coordonnées personnelles;683.26
499;12/06/2026 08:12:32;;Souscription non démarrée;Parcours non démarré;169.05
500;12/06/2026 08:12:32;;Souscription non démarrée;Parcours non démarré;442.40
501;12/06/2026 07:47:55;;Souscription en cours;Informations complémentaires (Etablissements, etc.);914.43
502;12/06/2026 07:47:55;;Souscription en cours;Informations complémentaires (Etablissements, etc.);675.64
503;12/06/2026 07:28:35;;Souscription en cours;Choix de l'offre et livraison;417.96
504;12/06/2026 07:28:35;;Souscription en cours;Choix de l'offre et livraison;436.24
505;12/06/2026 07:24:51;;Souscription non démarrée;Parcours non démarré;943.05
506;12/06/2026 07:24:51;;Souscription non démarrée;Parcours non démarré;510.02
507;12/06/2026 06:42:08;;Souscription en cours;Coordonnées personnelles;712.00
508;12/06/2026 06:42:08;;Souscription en cours;Coordonnées personnelles;475.10
509;12/06/2026 05:51:16;;Souscription en cours;Coordonnées personnelles;453.71
510;12/06/2026 05:51:16;;Souscription en cours;Coordonnées personnelles;588.27
511;12/06/2026 04:47:15;;En attente d'analyse Agent - Dossier avec erreurs;Signature Contrat;275.28
512;12/06/2026 04:47:15;;En attente d'analyse Agent - Dossier avec erreurs;Signature Contrat;249.26
513;12/06/2026 03:19:17;;Souscription en cours;Signature Contrat;475.43
514;12/06/2026 03:19:17;;Souscription en cours;Signature Contrat;146.47
515;12/06/2026 02:40:32;;Souscription en cours;Informations complémentaires (CA, Profession, etc.);488.45
516;12/06/2026 02:40:32;;Souscription en cours;Informations complémentaires (CA, Profession, etc.);908.87
517;12/06/2026 00:53:31;;Souscription non démarrée;Parcours non démarré;861.43
518;12/06/2026 00:53:31;;Souscription non démarrée;Parcours non démarré;639.18
519;12/06/2026 00:32:04;;Souscription en cours;Vérification d'identité;812.74
520;12/06/2026 00:32:04;;Souscription en cours;Vérification d'identité;116.83
521;12/06/2026 00:28:46;;Souscription non démarrée;Parcours non démarré;607.11
522;12/06/2026 00:28:46;;Souscription non démarrée;Parcours non démarré;788.98
523;12/06/2026 00:19:56;;Souscription non démarrée;Parcours non démarré;486.96
524;12/06/2026 00:19:56;;Souscription non démarrée;Parcours non démarré;511.51
525;11/06/2026 23:36:26;;Souscription en cours;Vérification d'identité;842.20
526;11/06/2026 23:36:26;;Souscription en cours;Vérification d'identité;664.06
527;11/06/2026 23:28:12;;Souscription en cours;Choix de l'offre et livraison;442.90
528;11/06/2026 23:28:12;;Souscription en cours;Choix de l'offre et livraison;469.23
529;11/06/2026 23:23:24;;Souscription non démarrée;Parcours non démarré;756.38
530;11/06/2026 23:23:24;;Souscription non démarrée;Parcours non démarré;967.16
531;11/06/2026 23:11:16;;Dossier refusé;Saisie société;512.37
532;11/06/2026 23:11:16;;Dossier refusé;Saisie société;616.87
533;11/06/2026 22:55:59;;Dossier validé;Parcours terminé;951.76
534;11/06/2026 22:55:59;;Dossier validé;Parcours terminé;970.17
535;11/06/2026 22:34:29;;Dossier validé;Parcours terminé;847.29
536;11/06/2026 22:34:29;;Dossier validé;Parcours terminé;588.72
537;11/06/2026 22:22:02;;En attente d'analyse Agent - Dossier avec erreurs;Signature Contrat;902.32
538;11/06/2026 22:22:02;;En attente d'analyse Agent - Dossier avec erreurs;Signature Contrat;825.39
539;11/06/2026 22:04:00;;Dossier validé;Parcours terminé;787.94
540;11/06/2026 22:04:00;;Dossier validé;Parcours terminé;451.29
541;11/06/2026 21:34:41;;Souscription en cours;Signature Contrat;562.72
542;11/06/2026 21:34:41;;Souscription en cours;Signature Contrat;719.47
543;11/06/2026 20:58:44;;En attente d'analyse Agent - Dossier sans erreur;Parcours terminé;358.80
544;11/06/2026 20:58:44;;En attente d'analyse Agent - Dossier sans erreur;Parcours terminé;650.90
545;11/06/2026 20:56:15;;Souscription en cours;Choix de l'offre et livraison;981.50
546;11/06/2026 20:56:15;;Souscription en cours;Choix de l'offre et livraison;219.83
547;11/06/2026 20:30:00;;Dossier refusé;Signature Contrat;710.91
548;11/06/2026 20:30:00;;Dossier refusé;Signature Contrat;584.93
549;11/06/2026 20:28:42;;Dossier validé;Parcours terminé;368.38
550;11/06/2026 20:28:42;;Dossier validé;Parcours terminé;699.95
551;11/06/2026 20:27:00;;Souscription en cours;Choix de l'offre et livraison;704.35
552;11/06/2026 20:27:00;;Souscription en cours;Choix de l'offre et livraison;734.61
553;11/06/2026 20:15:37;;Dossier refusé;Saisie société;476.20
554;11/06/2026 20:15:37;;Dossier refusé;Saisie société;185.42
555;11/06/2026 19:33:05;;Dossier validé;Parcours terminé;907.86
556;11/06/2026 19:33:05;;Dossier validé;Parcours terminé;740.34
557;11/06/2026 19:30:17;;Dossier validé;Parcours terminé;949.90
558;11/06/2026 19:30:17;;Dossier validé;Parcours terminé;191.26
559;11/06/2026 19:19:55;;Souscription en cours;Signature Contrat;340.06
560;11/06/2026 19:19:55;;Souscription en cours;Signature Contrat;912.43
561;11/06/2026 19:18:18;;Dossier refusé;Parcours terminé;196.35
562;11/06/2026 19:18:18;;Dossier refusé;Parcours terminé;967.24
563;11/06/2026 19:11:36;Z5681453;Dossier validé;Parcours terminé;695.98
564;11/06/2026 19:11:36;Z5681453;Dossier validé;Parcours terminé;347.40
565;11/06/2026 19:09:14;;Dossier validé;Parcours terminé;342.88
566;11/06/2026 19:09:14;;Dossier validé;Parcours terminé;335.02
567;11/06/2026 19:04:30;;Souscription en cours;Informations complémentaires (CA, Profession, etc.);562.16
568;11/06/2026 19:04:30;;Souscription en cours;Informations complémentaires (CA, Profession, etc.);630.59
569;11/06/2026 19:00:12;;Souscription en cours;Signature Contrat;251.92
570;11/06/2026 19:00:12;;Souscription en cours;Signature Contrat;639.69
571;11/06/2026 18:59:19;;Dossier validé;Parcours terminé;839.11
572;11/06/2026 18:59:19;;Dossier validé;Parcours terminé;767.86
573;11/06/2026 18:50:42;;Souscription en cours;Signature Contrat;587.01
574;11/06/2026 18:50:42;;Souscription en cours;Signature Contrat;413.49
575;11/06/2026 18:49:40;;Souscription en cours;Signature Contrat;996.85
576;11/06/2026 18:49:40;;Souscription en cours;Signature Contrat;521.31
577;11/06/2026 18:45:33;;Dossier validé;Parcours terminé;911.72
578;11/06/2026 18:45:33;;Dossier validé;Parcours terminé;553.84
579;11/06/2026 18:40:05;;Souscription en cours;Signature Contrat;601.01
580;11/06/2026 18:40:05;;Souscription en cours;Signature Contrat;983.43
581;11/06/2026 18:37:13;;Souscription en cours;Choix de l'offre et livraison;686.31
582;11/06/2026 18:37:13;;Souscription en cours;Choix de l'offre et livraison;897.92
583;11/06/2026 18:33:13;;Dossier refusé;Signature Contrat;116.70
584;11/06/2026 18:33:13;;Dossier refusé;Signature Contrat;205.51
585;11/06/2026 18:25:53;;Dossier refusé;Choix de l'offre et livraison;743.62
586;11/06/2026 18:25:53;;Dossier refusé;Choix de l'offre et livraison;561.24
587;11/06/2026 18:20:09;;Souscription en cours;Coordonnées personnelles;998.77
588;11/06/2026 18:20:09;;Souscription en cours;Coordonnées personnelles;906.51
589;11/06/2026 18:05:07;;En attente d'analyse Agent - Dossier avec erreurs;Signature Contrat;839.71
590;11/06/2026 18:05:07;;En attente d'analyse Agent - Dossier avec erreurs;Signature Contrat;999.88
591;11/06/2026 18:01:40;;Souscription en cours;Vérification d'identité;572.51
592;11/06/2026 18:01:40;;Souscription en cours;Vérification d'identité;722.24
593;11/06/2026 17:58:15;;Dossier validé;Parcours terminé;562.33
594;11/06/2026 17:58:15;;Dossier validé;Parcours terminé;913.06
595;11/06/2026 17:57:32;Manon LEFEBVRE;Dossier validé;Parcours terminé;791.40
596;11/06/2026 17:57:32;Manon LEFEBVRE;Dossier validé;Parcours terminé;519.42
597;11/06/2026 17:29:06;;Souscription en cours;Vérification d'identité;773.99
598;11/06/2026 17:29:06;;Souscription en cours;Vérification d'identité;577.79
599;11/06/2026 17:28:50;;Souscription en cours;Coordonnées personnelles;629.68
600;11/06/2026 17:28:50;;Souscription en cours;Coordonnées personnelles;841.38
601;11/06/2026 17:22:51;;Souscription non démarrée;Parcours non démarré;221.22
602;11/06/2026 17:22:51;;Souscription non démarrée;Parcours non démarré;314.87
603;11/06/2026 17:09:06;;Souscription en cours;Coordonnées personnelles;492.02
604;11/06/2026 17:09:06;;Souscription en cours;Coordonnées personnelles;406.98
605;11/06/2026 17:04:36;;Dossier validé;Parcours terminé;394.95
606;11/06/2026 17:04:36;;Dossier validé;Parcours terminé;236.91
607;11/06/2026 16:44:53;;Souscription non démarrée;Parcours non démarré;574.10
608;11/06/2026 16:44:53;;Souscription non démarrée;Parcours non démarré;729.79
609;11/06/2026 16:44:11;;Souscription en cours;Signature Contrat;934.16
610;11/06/2026 16:44:11;;Souscription en cours;Signature Contrat;929.59
611;11/06/2026 16:42:44;;Dossier validé;Parcours terminé;605.22
612;11/06/2026 16:42:44;;Dossier validé;Parcours terminé;493.91
613;11/06/2026 16:41:54;;Souscription en cours;Vérification d'identité;271.22
614;11/06/2026 16:41:54;;Souscription en cours;Vérification d'identité;686.94
615;11/06/2026 16:31:12;;Souscription en cours;Coordonnées personnelles;500.69
616;11/06/2026 16:31:12;;Souscription en cours;Coordonnées personnelles;289.69
617;11/06/2026 16:22:16;;En attente d'analyse Agent - Dossier avec erreurs;Signature Contrat;644.08
618;11/06/2026 16:22:16;;En attente d'analyse Agent - Dossier avec erreurs;Signature Contrat;260.93
619;11/06/2026 16:21:30;;Souscription en cours;Vérification d'identité;429.85
620;11/06/2026 16:21:30;;Souscription en cours;Vérification d'identité;515.69
621;11/06/2026 16:16:57;;Souscription en cours;Vérification d'identité;563.08
622;11/06/2026 16:16:57;;Souscription en cours;Vérification d'identité;629.23
623;11/06/2026 16:13:11;;Souscription en cours;Informations complémentaires (CA, Profession, etc.);888.86
624;11/06/2026 16:13:11;;Souscription en cours;Informations complémentaires (CA, Profession, etc.);223.21
625;11/06/2026 16:12:02;;Souscription en cours;Signature Contrat;115.20
626;11/06/2026 16:12:02;;Souscription en cours;Signature Contrat;703.08
627;11/06/2026 16:02:46;;Dossier validé;Parcours terminé;715.74
628;11/06/2026 16:02:46;;Dossier validé;Parcours terminé;667.01
629;11/06/2026 15:55:45;;Souscription en cours;Coordonnées personnelles;175.88
630;11/06/2026 15:55:45;;Souscription en cours;Coordonnées personnelles;351.43
631;11/06/2026 15:50:01;;Dossier refusé;Saisie société;884.72
632;11/06/2026 15:50:01;;Dossier refusé;Saisie société;237.60
633;11/06/2026 15:48:17;;Dossier validé;Parcours terminé;347.82
634;11/06/2026 15:48:17;;Dossier validé;Parcours terminé;278.46
635;11/06/2026 15:46:43;;Dossier refusé;Saisie société;415.89
636;11/06/2026 15:46:43;;Dossier refusé;Saisie société;191.45
637;11/06/2026 15:38:29;;Souscription en cours;Vérification d'identité;902.58
638;11/06/2026 15:38:29;;Souscription en cours;Vérification d'identité;574.00
639;11/06/2026 15:36:16;;Souscription en cours;Choix de l'offre et livraison;694.38
640;11/06/2026 15:36:16;;Souscription en cours;Choix de l'offre et livraison;131.11
641;11/06/2026 15:31:40;;Dossier refusé;Saisie société;412.24
642;11/06/2026 15:31:40;;Dossier refusé;Saisie société;516.58
643;11/06/2026 15:29:58;;Souscription en cours;Choix de l'offre et livraison;194.23
644;11/06/2026 15:29:58;;Souscription en cours;Choix de l'offre et livraison;617.99
645;11/06/2026 15:27:29;;Souscription en cours;Signature Contrat;700.03
646;11/06/2026 15:27:29;;Souscription en cours;Signature Contrat;321.54
647;11/06/2026 15:21:36;;Souscription en cours;Coordonnées personnelles;776.95
648;11/06/2026 15:21:36;;Souscription en cours;Coordonnées personnelles;447.13
649;11/06/2026 15:15:10;;Souscription en cours;Choix de l'offre et livraison;392.84
650;11/06/2026 15:15:10;;Souscription en cours;Choix de l'offre et livraison;976.89
651;11/06/2026 15:09:42;;Souscription en cours;Choix de l'offre et livraison;636.55
652;11/06/2026 15:09:42;;Souscription en cours;Choix de l'offre et livraison;469.06
653;11/06/2026 15:08:56;;Souscription en cours;Coordonnées personnelles;446.31
654;11/06/2026 15:08:56;;Souscription en cours;Coordonnées personnelles;868.18
655;11/06/2026 14:50:49;;Souscription en cours;Coordonnées personnelles;828.14
656;11/06/2026 14:50:49;;Souscription en cours;Coordonnées personnelles;940.93
657;11/06/2026 14:37:51;Hugo MARTIN;Dossier validé;Parcours terminé;337.56
658;11/06/2026 14:37:51;Hugo MARTIN;Dossier validé;Parcours terminé;507.22
659;11/06/2026 14:36:06;;Souscription en cours;Signature Contrat;356.34
660;11/06/2026 14:36:06;;Souscription en cours;Signature Contrat;558.99
661;11/06/2026 14:31:11;;Souscription en cours;Coordonnées personnelles;286.31
662;11/06/2026 14:31:11;;Souscription en cours;Coordonnées personnelles;908.80
663;11/06/2026 14:27:05;;Dossier validé;Parcours terminé;554.38
664;11/06/2026 14:27:05;;Dossier validé;Parcours terminé;605.93
665;11/06/2026 14:22:13;;Souscription non démarrée;Parcours non démarré;779.84
666;11/06/2026 14:22:13;;Souscription non démarrée;Parcours non démarré;109.07
667;11/06/2026 14:20:35;;Dossier refusé;Saisie société;527.90
668;11/06/2026 14:20:35;;Dossier refusé;Saisie société;438.31
669;11/06/2026 14:19:44;;Souscription en cours;Choix de l'offre et livraison;621.62
670;11/06/2026 14:19:44;;Souscription en cours;Choix de l'offre et livraison;516.54
671;11/06/2026 14:17:07;;Dossier validé;Parcours terminé;760.76
672;11/06/2026 14:17:07;;Dossier validé;Parcours terminé;839.56
673;11/06/2026 14:05:18;;Dossier validé;Parcours terminé;638.15
674;11/06/2026 14:05:18;;Dossier validé;Parcours terminé;432.62
675;11/06/2026 14:04:32;;En attente d'analyse Agent - Dossier avec erreurs;Signature Contrat;911.81
676;11/06/2026 14:04:32;;En attente d'analyse Agent - Dossier avec erreurs;Signature Contrat;125.93
677;11/06/2026 14:00:56;;Dossier refusé;Saisie société;162.48
678;11/06/2026 14:00:56;;Dossier refusé;Saisie société;620.36
679;11/06/2026 13:51:53;;Dossier validé;Parcours terminé;412.37
680;11/06/2026 13:51:53;;Dossier validé;Parcours terminé;292.46
681;11/06/2026 13:47:18;;Souscription non démarrée;Parcours non démarré;831.07
682;11/06/2026 13:47:18;;Souscription non démarrée;Parcours non démarré;136.91
683;11/06/2026 13:43:18;;Dossier refusé;Saisie société;732.58
684;11/06/2026 13:43:18;;Dossier refusé;Saisie société;997.88
685;11/06/2026 13:32:04;;Souscription non démarrée;Parcours non démarré;801.50
686;11/06/2026 13:32:04;;Souscription non démarrée;Parcours non démarré;547.89
687;11/06/2026 13:23:14;;Dossier validé;Parcours terminé;448.44
688;11/06/2026 13:23:14;;Dossier validé;Parcours terminé;347.17
689;11/06/2026 13:17:24;;Dossier validé;Parcours terminé;703.21
690;11/06/2026 13:17:24;;Dossier validé;Parcours terminé;991.37
691;11/06/2026 13:16:17;;Dossier refusé;Saisie société;609.12
692;11/06/2026 13:16:17;;Dossier refusé;Saisie société;565.24
693;11/06/2026 13:15:15;;Dossier refusé;Signature Contrat;659.00
694;11/06/2026 13:15:15;;Dossier refusé;Signature Contrat;463.17
695;11/06/2026 13:11:26;;Souscription non démarrée;Parcours non démarré;891.45
696;11/06/2026 13:11:26;;Souscription non démarrée;Parcours non démarré;356.90
697;11/06/2026 12:58:45;;Souscription en cours;Coordonnées personnelles;265.41
698;11/06/2026 12:58:45;;Souscription en cours;Coordonnées personnelles;636.32
699;11/06/2026 12:49:11;;Souscription en cours;Vérification d'identité;534.54
700;11/06/2026 12:49:11;;Souscription en cours;Vérification d'identité;510.81
701;11/06/2026 12:48:44;;Dossier refusé;Signature Contrat;971.39
702;11/06/2026 12:48:44;;Dossier refusé;Signature Contrat;733.11
703;11/06/2026 12:44:53;;Dossier refusé;Saisie société;507.42
704;11/06/2026 12:44:53;;Dossier refusé;Saisie société;225.98
705;11/06/2026 12:34:22;;Souscription en cours;Bénéficiaire effectifs;663.85
706;11/06/2026 12:34:22;;Souscription en cours;Bénéficiaire effectifs;866.34
707;11/06/2026 12:32:59;;Souscription en cours;Coordonnées personnelles;831.25
708;11/06/2026 12:32:59;;Souscription en cours;Coordonnées personnelles;761.03
709;11/06/2026 12:20:58;;Souscription en cours;Informations complémentaires (CA, Profession, etc.);583.75
710;11/06/2026 12:20:58;;Souscription en cours;Informations complémentaires (CA, Profession, etc.);570.27
711;11/06/2026 12:11:46;;Dossier refusé;Parcours non démarré;167.92
712;11/06/2026 12:11:46;;Dossier refusé;Parcours non démarré;331.97
713;11/06/2026 12:10:58;;Souscription en cours;Informations complémentaires (CA, Profession, etc.);395.24
714;11/06/2026 12:10:58;;Souscription en cours;Informations complémentaires (CA, Profession, etc.);797.83
715;11/06/2026 12:04:29;;Souscription en cours;Coordonnées personnelles;537.69
716;11/06/2026 12:04:29;;Souscription en cours;Coordonnées personnelles;633.06
717;11/06/2026 12:03:25;;Souscription en cours;Synchronisation référentiel personne NOVA;886.58
718;11/06/2026 12:03:25;;Souscription en cours;Synchronisation référentiel personne NOVA;235.62
719;11/06/2026 11:54:19;;En attente d'analyse Agent - Dossier avec erreurs;Signature Contrat;447.14
720;11/06/2026 11:54:19;;En attente d'analyse Agent - Dossier avec erreurs;Signature Contrat;441.46
721;11/06/2026 11:49:41;;Souscription en cours;Vérification d'identité;219.90
722;11/06/2026 11:49:41;;Souscription en cours;Vérification d'identité;890.05
723;11/06/2026 11:37:09;;Souscription en cours;Coordonnées personnelles;946.52
724;11/06/2026 11:37:09;;Souscription en cours;Coordonnées personnelles;650.95
725;11/06/2026 11:32:32;;Souscription en cours;Choix de l'offre et livraison;727.74
726;11/06/2026 11:32:32;;Souscription en cours;Choix de l'offre et livraison;665.98
727;11/06/2026 11:29:54;;Dossier validé;Parcours terminé;362.51
728;11/06/2026 11:29:54;;Dossier validé;Parcours terminé;380.64
729;11/06/2026 11:19:44;;Souscription non démarrée;Parcours non démarré;813.97
730;11/06/2026 11:19:44;;Souscription non démarrée;Parcours non démarré;497.95
731;11/06/2026 11:08:18;;Souscription non démarrée;Parcours non démarré;982.35
732;11/06/2026 11:08:18;;Souscription non démarrée;Parcours non démarré;544.19
733;11/06/2026 11:04:26;;Dossier validé;Parcours terminé;687.20
734;11/06/2026 11:04:26;;Dossier validé;Parcours terminé;991.02
735;11/06/2026 10:56:58;;Souscription en cours;Coordonnées personnelles;677.87
736;11/06/2026 10:56:58;;Souscription en cours;Coordonnées personnelles;674.06
737;11/06/2026 10:56:49;;Souscription en cours;Coordonnées personnelles;404.72
738;11/06/2026 10:56:49;;Souscription en cours;Coordonnées personnelles;451.05
739;11/06/2026 10:53:34;;Dossier validé;Parcours terminé;915.50
740;11/06/2026 10:53:34;;Dossier validé;Parcours terminé;868.63
741;11/06/2026 10:53:33;;Souscription en cours;Coordonnées personnelles;568.32
742;11/06/2026 10:53:33;;Souscription en cours;Coordonnées personnelles;899.77
743;11/06/2026 10:47:55;;Souscription en cours;Vérification d'identité;742.02
744;11/06/2026 10:47:55;;Souscription en cours;Vérification d'identité;219.42
745;11/06/2026 10:43:37;;Souscription en cours;Vérification d'identité;828.69
746;11/06/2026 10:43:37;;Souscription en cours;Vérification d'identité;337.03
747;11/06/2026 10:41:50;;Souscription en cours;Vérification d'identité;782.96
748;11/06/2026 10:41:50;;Souscription en cours;Vérification d'identité;261.61
749;11/06/2026 10:37:07;;Souscription en cours;Signature Contrat;916.18
750;11/06/2026 10:37:07;;Souscription en cours;Signature Contrat;612.16
751;11/06/2026 10:36:33;;Souscription non démarrée;Parcours non démarré;978.69
752;11/06/2026 10:36:33;;Souscription non démarrée;Parcours non démarré;868.59
753;11/06/2026 10:30:13;;Souscription en cours;Signature Contrat;721.04
754;11/06/2026 10:30:13;;Souscription en cours;Signature Contrat;368.99
755;11/06/2026 10:25:44;;Souscription en cours;Choix de l'offre et livraison;874.47
756;11/06/2026 10:25:44;;Souscription en cours;Choix de l'offre et livraison;677.94
757;11/06/2026 10:23:12;;Dossier validé;Parcours terminé;587.68
758;11/06/2026 10:23:12;;Dossier validé;Parcours terminé;867.89
759;11/06/2026 10:21:50;;Souscription en cours;Coordonnées personnelles;988.32
760;11/06/2026 10:21:50;;Souscription en cours;Coordonnées personnelles;242.98
761;11/06/2026 10:17:25;;Souscription en cours;Bénéficiaire effectifs;512.56
762;11/06/2026 10:17:25;;Souscription en cours;Bénéficiaire effectifs;194.40
763;11/06/2026 10:07:32;;Dossier validé;Parcours terminé;826.07
764;11/06/2026 10:07:32;;Dossier validé;Parcours terminé;184.44
765;11/06/2026 10:05:16;;Souscription en cours;Choix de l'offre et livraison;955.42
766;11/06/2026 10:05:16;;Souscription en cours;Choix de l'offre et livraison;892.33
767;11/06/2026 09:41:56;;Souscription en cours;Choix de l'offre et livraison;329.09
768;11/06/2026 09:41:56;;Souscription en cours;Choix de l'offre et livraison;458.10
769;11/06/2026 09:24:40;;Souscription en cours;Coordonnées personnelles;531.32
770;11/06/2026 09:24:40;;Souscription en cours;Coordonnées personnelles;729.51
771;11/06/2026 09:17:48;;Souscription en cours;Bénéficiaire effectifs;948.43
772;11/06/2026 09:17:48;;Souscription en cours;Bénéficiaire effectifs;784.62
773;11/06/2026 09:17:01;;Dossier validé;Parcours terminé;918.52
774;11/06/2026 09:17:01;;Dossier validé;Parcours terminé;119.31
775;11/06/2026 09:03:49;;Souscription en cours;Signature Contrat;568.47
776;11/06/2026 09:03:49;;Souscription en cours;Signature Contrat;570.41
777;11/06/2026 08:54:44;;Dossier refusé;Saisie société;292.90
778;11/06/2026 08:54:44;;Dossier refusé;Saisie société;896.65
779;11/06/2026 08:45:25;;Souscription en cours;Bénéficiaire effectifs;946.32
780;11/06/2026 08:45:25;;Souscription en cours;Bénéficiaire effectifs;134.39
781;11/06/2026 08:45:05;;Dossier validé;Parcours terminé;270.40
782;11/06/2026 08:45:05;;Dossier validé;Parcours terminé;485.15
783;11/06/2026 08:36:39;;Dossier validé;Parcours terminé;997.66
784;11/06/2026 08:36:39;;Dossier validé;Parcours terminé;461.03
785;11/06/2026 08:26:47;;Souscription non démarrée;Parcours non démarré;691.06
786;11/06/2026 08:26:47;;Souscription non démarrée;Parcours non démarré;392.36
787;11/06/2026 08:18:21;Louis MARTIN;Dossier validé;Parcours terminé;784.68
788;11/06/2026 08:18:21;Louis MARTIN;Dossier validé;Parcours terminé;485.42
789;11/06/2026 08:13:59;;Dossier validé;Parcours terminé;886.72
790;11/06/2026 08:13:59;;Dossier validé;Parcours terminé;675.97
791;11/06/2026 08:11:51;;Dossier validé;Parcours terminé;567.53
792;11/06/2026 08:11:51;;Dossier validé;Parcours terminé;901.49
793;11/06/2026 08:11:00;;Dossier validé;Parcours terminé;413.60
794;11/06/2026 08:11:00;;Dossier validé;Parcours terminé;438.02
795;11/06/2026 04:36:51;;En attente d'analyse Agent - Dossier avec erreurs;Signature Contrat;258.82
796;11/06/2026 04:36:51;;En attente d'analyse Agent - Dossier avec erreurs;Signature Contrat;213.97
797;11/06/2026 03:39:05;;Dossier validé;Parcours terminé;233.80
798;11/06/2026 03:39:05;;Dossier validé;Parcours terminé;749.93
799;11/06/2026 03:12:23;;Souscription en cours;Coordonnées personnelles;460.52
800;11/06/2026 03:12:23;;Souscription en cours;Coordonnées personnelles;217.07
801;11/06/2026 02:59:03;;Souscription en cours;Signature Contrat;731.40
802;11/06/2026 02:59:03;;Souscription en cours;Signature Contrat;517.66
803;11/06/2026 02:27:17;;En attente d'analyse Agent - Dossier avec erreurs;Signature Contrat;329.87
804;11/06/2026 02:27:17;;En attente d'analyse Agent - Dossier avec erreurs;Signature Contrat;343.82
805;11/06/2026 02:14:52;;Dossier validé;Parcours terminé;170.63
806;11/06/2026 02:14:52;;Dossier validé;Parcours terminé;655.13
807;11/06/2026 01:47:39;;Dossier validé;Parcours terminé;998.35
808;11/06/2026 01:47:39;;Dossier validé;Parcours terminé;733.81
809;11/06/2026 01:25:56;;Souscription en cours;Informations complémentaires (CA, Profession, etc.);412.86
810;11/06/2026 01:25:56;;Souscription en cours;Informations complémentaires (CA, Profession, etc.);160.69
811;11/06/2026 00:06:59;;Souscription en cours;Choix de l'offre et livraison;638.36
812;11/06/2026 00:06:59;;Souscription en cours;Choix de l'offre et livraison;359.28
813;10/06/2026 23:47:02;;Dossier validé;Parcours terminé;330.08
814;10/06/2026 23:47:02;;Dossier validé;Parcours terminé;591.05
815;10/06/2026 23:40:44;;Souscription non démarrée;Parcours non démarré;422.84
816;10/06/2026 23:40:44;;Souscription non démarrée;Parcours non démarré;707.88
817;10/06/2026 22:47:02;;Souscription en cours;Vérification d'identité;973.88
818;10/06/2026 22:47:02;;Souscription en cours;Vérification d'identité;627.12
819;10/06/2026 22:21:06;;Souscription en cours;Coordonnées personnelles;128.59
820;10/06/2026 22:21:06;;Souscription en cours;Coordonnées personnelles;727.32
821;10/06/2026 22:02:59;;Souscription en cours;Coordonnées personnelles;757.29
822;10/06/2026 22:02:59;;Souscription en cours;Coordonnées personnelles;904.42
823;10/06/2026 21:28:38;;Dossier validé;Parcours terminé;542.21
824;10/06/2026 21:28:38;;Dossier validé;Parcours terminé;726.29
825;10/06/2026 21:24:13;;Souscription en cours;Coordonnées personnelles;794.62
826;10/06/2026 21:24:13;;Souscription en cours;Coordonnées personnelles;454.73
827;10/06/2026 21:22:05;;Souscription en cours;Choix de l'offre et livraison;298.88
828;10/06/2026 21:22:05;;Souscription en cours;Choix de l'offre et livraison;951.95
829;10/06/2026 21:18:37;;Dossier refusé;Parcours non démarré;512.48
830;10/06/2026 21:18:37;;Dossier refusé;Parcours non démarré;307.24
831;10/06/2026 21:15:07;;Dossier refusé;Saisie société;566.83
832;10/06/2026 21:15:07;;Dossier refusé;Saisie société;136.43
833;10/06/2026 21:13:56;Zoé MULLER;Dossier validé;Parcours terminé;836.11
834;10/06/2026 21:13:56;Zoé MULLER;Dossier validé;Parcours terminé;461.19
835;10/06/2026 21:07:53;;Dossier validé;Parcours terminé;107.91
836;10/06/2026 21:07:53;;Dossier validé;Parcours terminé;536.06
837;10/06/2026 20:56:56;;Dossier validé;Parcours terminé;104.36
838;10/06/2026 20:56:56;;Dossier validé;Parcours terminé;253.46
839;10/06/2026 20:56:55;;Dossier validé;Parcours terminé;585.09
840;10/06/2026 20:56:55;;Dossier validé;Parcours terminé;743.62
841;10/06/2026 20:40:05;;Dossier refusé;Saisie société;671.26
842;10/06/2026 20:40:05;;Dossier refusé;Saisie société;582.98
843;10/06/2026 20:39:38;;Dossier refusé;Signature Contrat;432.63
844;10/06/2026 20:39:38;;Dossier refusé;Signature Contrat;457.17
845;10/06/2026 20:33:53;;Souscription en cours;Choix de l'offre et livraison;718.28
846;10/06/2026 20:33:53;;Souscription en cours;Choix de l'offre et livraison;207.16
847;10/06/2026 20:16:09;;Souscription en cours;Coordonnées personnelles;956.05
848;10/06/2026 20:16:09;;Souscription en cours;Coordonnées personnelles;947.38
849;10/06/2026 20:13:43;;Dossier validé;Parcours terminé;505.89
850;10/06/2026 20:13:43;;Dossier validé;Parcours terminé;663.07
851;10/06/2026 20:09:46;;Dossier validé;Parcours terminé;834.74
852;10/06/2026 20:09:46;;Dossier validé;Parcours terminé;832.78
853;10/06/2026 20:07:54;;Dossier validé;Parcours terminé;885.02
854;10/06/2026 20:07:54;;Dossier validé;Parcours terminé;103.49
855;10/06/2026 20:07:02;;Souscription en cours;Vérification d'identité;517.67
856;10/06/2026 20:07:02;;Souscription en cours;Vérification d'identité;108.43
857;10/06/2026 20:03:21;;Souscription en cours;Vérification d'identité;378.09
858;10/06/2026 20:03:21;;Souscription en cours;Vérification d'identité;791.64
859;10/06/2026 19:57:45;;Dossier refusé;Choix de l'offre et livraison;165.69
860;10/06/2026 19:57:45;;Dossier refusé;Choix de l'offre et livraison;325.64
861;10/06/2026 19:49:05;;Dossier refusé;Saisie société;567.50
862;10/06/2026 19:49:05;;Dossier refusé;Saisie société;653.92
863;10/06/2026 19:44:54;;Souscription en cours;Coordonnées personnelles;385.83
864;10/06/2026 19:44:54;;Souscription en cours;Coordonnées personnelles;661.83
865;10/06/2026 19:38:22;;Souscription non démarrée;Parcours non démarré;509.06
866;10/06/2026 19:38:22;;Souscription non démarrée;Parcours non démarré;149.86
867;10/06/2026 19:37:39;;Souscription en cours;Choix de l'offre et livraison;354.11
868;10/06/2026 19:37:39;;Souscription en cours;Choix de l'offre et livraison;742.81
869;10/06/2026 19:32:18;;Dossier validé;Parcours terminé;185.18
870;10/06/2026 19:32:18;;Dossier validé;Parcours terminé;994.88
871;10/06/2026 19:25:50;;Souscription en cours;Synchronisation référentiel personne NOVA;168.53
872;10/06/2026 19:25:50;;Souscription en cours;Synchronisation référentiel personne NOVA;784.17
873;10/06/2026 18:55:31;;Souscription non démarrée;Parcours non démarré;468.29
874;10/06/2026 18:55:31;;Souscription non démarrée;Parcours non démarré;166.02
875;10/06/2026 18:55:27;;Souscription en cours;Coordonnées personnelles;803.02
876;10/06/2026 18:55:27;;Souscription en cours;Coordonnées personnelles;741.11
877;10/06/2026 18:38:55;;Souscription en cours;Signature Contrat;997.58
878;10/06/2026 18:38:55;;Souscription en cours;Signature Contrat;933.61
879;10/06/2026 18:34:43;;Dossier validé;Parcours terminé;642.17
880;10/06/2026 18:34:43;;Dossier validé;Parcours terminé;657.66
881;10/06/2026 18:32:36;;Souscription non démarrée;Parcours non démarré;346.26
882;10/06/2026 18:32:36;;Souscription non démarrée;Parcours non démarré;501.86
883;10/06/2026 18:26:50;;Souscription en cours;Coordonnées personnelles;990.24
884;10/06/2026 18:26:50;;Souscription en cours;Coordonnées personnelles;108.20
885;10/06/2026 18:25:24;;Dossier validé;Parcours terminé;647.77
886;10/06/2026 18:25:24;;Dossier validé;Parcours terminé;583.82
887;10/06/2026 18:13:37;;Souscription en cours;Coordonnées personnelles;938.91
888;10/06/2026 18:13:37;;Souscription en cours;Coordonnées personnelles;466.55
889;10/06/2026 18:04:14;;Dossier validé;Parcours terminé;112.15
890;10/06/2026 18:04:14;;Dossier validé;Parcours terminé;847.45
891;10/06/2026 17:57:00;;En attente d'analyse Agent - Dossier avec erreurs;Signature Contrat;876.11
892;10/06/2026 17:57:00;;En attente d'analyse Agent - Dossier avec erreurs;Signature Contrat;572.60
893;10/06/2026 17:50:21;Z5681453;Dossier validé;Parcours terminé;570.61
894;10/06/2026 17:50:21;Z5681453;Dossier validé;Parcours terminé;396.58
895;10/06/2026 17:46:00;;Souscription en cours;Choix de l'offre et livraison;892.58
896;10/06/2026 17:46:00;;Souscription en cours;Choix de l'offre et livraison;614.45
897;10/06/2026 17:41:44;;Souscription en cours;Informations complémentaires (CA, Profession, etc.);709.23
898;10/06/2026 17:41:44;;Souscription en cours;Informations complémentaires (CA, Profession, etc.);733.80
899;10/06/2026 17:27:16;;Dossier validé;Parcours terminé;243.52
900;10/06/2026 17:27:16;;Dossier validé;Parcours terminé;572.79
901;10/06/2026 17:18:32;;Souscription en cours;Signature Contrat;527.74
902;10/06/2026 17:18:32;;Souscription en cours;Signature Contrat;985.09
903;10/06/2026 17:15:09;;Dossier validé;Parcours terminé;297.05
904;10/06/2026 17:15:09;;Dossier validé;Parcours terminé;897.31
905;10/06/2026 17:06:41;;Souscription en cours;Signature Contrat;635.72
906;10/06/2026 17:06:41;;Souscription en cours;Signature Contrat;799.80
907;10/06/2026 16:57:12;;Dossier validé;Parcours terminé;196.49
908;10/06/2026 16:57:12;;Dossier validé;Parcours terminé;960.23
909;10/06/2026 16:55:25;;Souscription en cours;Coordonnées personnelles;579.87
910;10/06/2026 16:55:25;;Souscription en cours;Coordonnées personnelles;805.48
911;10/06/2026 16:50:34;;Dossier validé;Parcours terminé;991.97
912;10/06/2026 16:50:34;;Dossier validé;Parcours terminé;532.56
913;10/06/2026 16:45:49;;Souscription en cours;Bénéficiaire effectifs;155.60
914;10/06/2026 16:45:49;;Souscription en cours;Bénéficiaire effectifs;673.27
915;10/06/2026 16:42:54;;Souscription en cours;Bénéficiaire effectifs;878.35
916;10/06/2026 16:42:54;;Souscription en cours;Bénéficiaire effectifs;717.24
917;10/06/2026 16:37:09;;Souscription non démarrée;Parcours non démarré;152.92
918;10/06/2026 16:37:09;;Souscription non démarrée;Parcours non démarré;256.39
919;10/06/2026 16:36:40;;Souscription en cours;Coordonnées personnelles;386.53
920;10/06/2026 16:36:40;;Souscription en cours;Coordonnées personnelles;317.01
921;10/06/2026 16:34:19;;Souscription en cours;Coordonnées personnelles;348.30
922;10/06/2026 16:34:19;;Souscription en cours;Coordonnées personnelles;894.49
923;10/06/2026 16:30:14;;Souscription en cours;Choix de l'offre et livraison;964.15
924;10/06/2026 16:30:14;;Souscription en cours;Choix de l'offre et livraison;376.52
925;10/06/2026 16:15:02;;Souscription non démarrée;Parcours non démarré;590.85
926;10/06/2026 16:15:02;;Souscription non démarrée;Parcours non démarré;682.44
927;10/06/2026 16:03:09;;Dossier refusé;Signature Contrat;369.46
928;10/06/2026 16:03:09;;Dossier refusé;Signature Contrat;860.43
929;10/06/2026 16:00:54;;Dossier validé;Parcours terminé;171.57
930;10/06/2026 16:00:54;;Dossier validé;Parcours terminé;374.57
931;10/06/2026 15:55:05;;Souscription en cours;Coordonnées personnelles;778.04
932;10/06/2026 15:55:05;;Souscription en cours;Coordonnées personnelles;366.01
933;10/06/2026 15:49:13;;En attente d'analyse Agent - Dossier avec erreurs;Signature Contrat;543.16
934;10/06/2026 15:49:13;;En attente d'analyse Agent - Dossier avec erreurs;Signature Contrat;317.43
935;10/06/2026 15:48:52;;Souscription en cours;Choix de l'offre et livraison;535.57
936;10/06/2026 15:48:52;;Souscription en cours;Choix de l'offre et livraison;640.58
937;10/06/2026 15:44:24;;Dossier refusé;Saisie société;563.76
938;10/06/2026 15:44:24;;Dossier refusé;Saisie société;281.53
939;10/06/2026 15:33:15;;Dossier validé;Parcours terminé;172.78
940;10/06/2026 15:33:15;;Dossier validé;Parcours terminé;327.11
941;10/06/2026 15:32:10;;Dossier refusé;Saisie société;228.74
942;10/06/2026 15:32:10;;Dossier refusé;Saisie société;215.69
943;10/06/2026 15:24:22;;Souscription en cours;Coordonnées personnelles;619.66
944;10/06/2026 15:24:22;;Souscription en cours;Coordonnées personnelles;141.00
945;10/06/2026 15:23:27;;Souscription non démarrée;Parcours non démarré;974.24
946;10/06/2026 15:23:27;;Souscription non démarrée;Parcours non démarré;201.23
947;10/06/2026 15:22:19;;Souscription en cours;Vérification d'identité;696.44
948;10/06/2026 15:22:19;;Souscription en cours;Vérification d'identité;629.33
949;10/06/2026 15:19:05;Adam LAURENT;Dossier refusé;Saisie société;755.59
950;10/06/2026 15:19:05;Adam LAURENT;Dossier refusé;Saisie société;468.19
951;10/06/2026 15:18:29;;En attente d'analyse Agent - Dossier avec erreurs;Signature Contrat;594.86
952;10/06/2026 15:18:29;;En attente d'analyse Agent - Dossier avec erreurs;Signature Contrat;147.07
953;10/06/2026 15:15:28;;Souscription non démarrée;Parcours non démarré;375.67
954;10/06/2026 15:15:28;;Souscription non démarrée;Parcours non démarré;564.64
955;10/06/2026 15:12:36;;Dossier validé;Parcours terminé;616.29
956;10/06/2026 15:12:36;;Dossier validé;Parcours terminé;949.51
957;10/06/2026 15:00:17;;Souscription en cours;Coordonnées personnelles;229.12
958;10/06/2026 15:00:17;;Souscription en cours;Coordonnées personnelles;184.16
959;10/06/2026 14:50:49;;Souscription en cours;Coordonnées personnelles;552.01
960;10/06/2026 14:50:49;;Souscription en cours;Coordonnées personnelles;335.06
961;10/06/2026 14:50:37;;Souscription en cours;Coordonnées personnelles;411.33
962;10/06/2026 14:50:37;;Souscription en cours;Coordonnées personnelles;528.41
963;10/06/2026 14:47:33;;Dossier validé;Parcours terminé;878.75
964;10/06/2026 14:47:33;;Dossier validé;Parcours terminé;597.63
965;10/06/2026 14:42:31;;Souscription en cours;Coordonnées personnelles;280.03
966;10/06/2026 14:42:31;;Souscription en cours;Coordonnées personnelles;591.40
967;10/06/2026 14:37:19;;Souscription en cours;Coordonnées personnelles;722.23
968;10/06/2026 14:37:19;;Souscription en cours;Coordonnées personnelles;338.30
969;10/06/2026 14:35:09;;Dossier validé;Parcours terminé;217.76
970;10/06/2026 14:35:09;;Dossier validé;Parcours terminé;441.60
971;10/06/2026 14:29:00;;Souscription en cours;Coordonnées personnelles;983.16
972;10/06/2026 14:29:00;;Souscription en cours;Coordonnées personnelles;132.26
973;10/06/2026 14:28:10;;Souscription en cours;Vérification d'identité;212.78
974;10/06/2026 14:28:10;;Souscription en cours;Vérification d'identité;952.61
975;10/06/2026 14:23:51;;Dossier validé;Parcours terminé;998.66
976;10/06/2026 14:23:51;;Dossier validé;Parcours terminé;250.08
977;10/06/2026 14:14:01;;Souscription en cours;Choix de l'offre et livraison;781.56
978;10/06/2026 14:14:01;;Souscription en cours;Choix de l'offre et livraison;959.63
979;10/06/2026 14:13:25;;En attente d'analyse Agent - Dossier avec erreurs;Signature Contrat;611.45
980;10/06/2026 14:13:25;;En attente d'analyse Agent - Dossier avec erreurs;Signature Contrat;449.06
981;10/06/2026 14:11:17;;Souscription en cours;Vérification d'identité;337.84
982;10/06/2026 14:11:17;;Souscription en cours;Vérification d'identité;884.80
983;10/06/2026 14:09:51;;Dossier validé;Parcours terminé;687.31
984;10/06/2026 14:09:51;;Dossier validé;Parcours terminé;415.49
985;10/06/2026 14:02:53;;Souscription en cours;Informations complémentaires (CA, Profession, etc.);198.48
986;10/06/2026 14:02:53;;Souscription en cours;Informations complémentaires (CA, Profession, etc.);730.55
987;10/06/2026 13:45:00;;Dossier validé;Parcours terminé;217.55
988;10/06/2026 13:45:00;;Dossier validé;Parcours terminé;642.05
989;10/06/2026 13:41:02;;Souscription en cours;Synchronisation référentiel personne NOVA;256.91
990;10/06/2026 13:41:02;;Souscription en cours;Synchronisation référentiel personne NOVA;949.56
991;10/06/2026 13:37:19;;Souscription en cours;Choix de l'offre et livraison;705.95
992;10/06/2026 13:37:19;;Souscription en cours;Choix de l'offre et livraison;760.30
993;10/06/2026 13:33:47;;Dossier validé;Parcours terminé;430.89
994;10/06/2026 13:33:47;;Dossier validé;Parcours terminé;818.46
995;10/06/2026 12:49:08;;Souscription en cours;Coordonnées personnelles;927.68
996;10/06/2026 12:49:08;;Souscription en cours;Coordonnées personnelles;641.28
997;10/06/2026 12:27:27;;Souscription en cours;Coordonnées personnelles;962.61
998;10/06/2026 12:27:27;;Souscription en cours;Coordonnées personnelles;348.62
999;10/06/2026 12:22:24;;Souscription en cours;Vérification d'identité;851.92
1000;10/06/2026 12:22:24;;Souscription en cours;Vérification d'identité;892.72
1001;10/06/2026 12:21:32;;Dossier validé;Parcours terminé;762.23
1002;10/06/2026 12:21:32;;Dossier validé;Parcours terminé;657.81
1003;10/06/2026 12:10:52;;Dossier validé;Parcours terminé;674.24
1004;10/06/2026 12:10:52;;Dossier validé;Parcours terminé;692.18
1005;10/06/2026 12:04:14;;Souscription en cours;Informations complémentaires (Etablissements, etc.);208.03
1006;10/06/2026 12:04:14;;Souscription en cours;Informations complémentaires (Etablissements, etc.);163.04
1007;10/06/2026 12:02:38;;Dossier validé;Parcours terminé;774.91
1008;10/06/2026 12:02:38;;Dossier validé;Parcours terminé;553.58
1009;10/06/2026 12:00:08;;Souscription en cours;Coordonnées personnelles;921.08
1010;10/06/2026 12:00:08;;Souscription en cours;Coordonnées personnelles;845.04
1011;10/06/2026 11:48:49;;Dossier validé;Parcours terminé;797.12
1012;10/06/2026 11:48:49;;Dossier validé;Parcours terminé;858.46
1013;10/06/2026 11:47:22;Zoé MULLER;Dossier validé;Parcours terminé;211.63
1014;10/06/2026 11:47:22;Zoé MULLER;Dossier validé;Parcours terminé;690.49
1015;10/06/2026 11:46:48;;Dossier validé;Parcours terminé;819.97
1016;10/06/2026 11:46:48;;Dossier validé;Parcours terminé;530.54
1017;10/06/2026 11:36:37;Adam LAURENT;Dossier refusé;Saisie société;279.61
1018;10/06/2026 11:36:37;Adam LAURENT;Dossier refusé;Saisie société;427.58
1019;10/06/2026 11:29:25;;Souscription en cours;Vérification d'identité;347.04
1020;10/06/2026 11:29:25;;Souscription en cours;Vérification d'identité;298.90
1021;10/06/2026 11:24:21;;Souscription en cours;Coordonnées personnelles;101.85
1022;10/06/2026 11:24:21;;Souscription en cours;Coordonnées personnelles;737.32
1023;10/06/2026 11:20:36;;Dossier refusé;Saisie société;685.80
1024;10/06/2026 11:20:36;;Dossier refusé;Saisie société;268.23
1025;10/06/2026 11:19:47;;Dossier validé;Parcours terminé;270.69
1026;10/06/2026 11:19:47;;Dossier validé;Parcours terminé;631.18
1027;10/06/2026 11:07:52;;Souscription en cours;Coordonnées personnelles;198.93
1028;10/06/2026 11:07:52;;Souscription en cours;Coordonnées personnelles;887.89
1029;10/06/2026 11:07:42;;Dossier refusé;Signature Contrat;665.74
1030;10/06/2026 11:07:42;;Dossier refusé;Signature Contrat;962.64
1031;10/06/2026 11:07:18;;Dossier validé;Parcours terminé;294.40
1032;10/06/2026 11:07:18;;Dossier validé;Parcours terminé;517.96
1033;10/06/2026 11:03:02;;En attente d'analyse Agent - Dossier avec erreurs;Signature Contrat;899.53
1034;10/06/2026 11:03:02;;En attente d'analyse Agent - Dossier avec erreurs;Signature Contrat;177.64
1035;10/06/2026 11:01:51;;Dossier validé;Parcours terminé;431.70
1036;10/06/2026 11:01:51;;Dossier validé;Parcours terminé;236.31
1037;10/06/2026 10:59:40;;Souscription en cours;Choix de l'offre et livraison;763.16
1038;10/06/2026 10:59:40;;Souscription en cours;Choix de l'offre et livraison;623.08
1039;10/06/2026 10:58:29;;Souscription en cours;Coordonnées personnelles;263.17
1040;10/06/2026 10:58:29;;Souscription en cours;Coordonnées personnelles;612.90
1041;10/06/2026 10:54:36;;Souscription en cours;Vérification d'identité;896.32
1042;10/06/2026 10:54:36;;Souscription en cours;Vérification d'identité;325.71
1043;10/06/2026 10:43:09;;Souscription en cours;Choix de l'offre et livraison;873.42
1044;10/06/2026 10:43:09;;Souscription en cours;Choix de l'offre et livraison;449.59
1045;10/06/2026 10:42:48;;Dossier validé;Parcours terminé;877.76
1046;10/06/2026 10:42:48;;Dossier validé;Parcours terminé;124.80
1047;10/06/2026 10:40:46;;Souscription non démarrée;Parcours non démarré;881.34
1048;10/06/2026 10:40:46;;Souscription non démarrée;Parcours non démarré;373.48
1049;10/06/2026 10:39:05;;Dossier validé;Parcours terminé;261.01
1050;10/06/2026 10:39:05;;Dossier validé;Parcours terminé;421.17
1051;10/06/2026 10:35:16;;Souscription en cours;Choix de l'offre et livraison;495.62
1052;10/06/2026 10:35:16;;Souscription en cours;Choix de l'offre et livraison;126.43
1053;10/06/2026 10:28:07;;Dossier validé;Parcours terminé;594.60
1054;10/06/2026 10:28:07;;Dossier validé;Parcours terminé;353.75
1055;10/06/2026 10:27:08;;Dossier validé;Parcours terminé;684.22
1056;10/06/2026 10:27:08;;Dossier validé;Parcours terminé;536.59
1057;10/06/2026 10:23:08;;Dossier validé;Parcours terminé;504.33
1058;10/06/2026 10:23:08;;Dossier validé;Parcours terminé;538.93
1059;10/06/2026 10:20:49;;Souscription en cours;Signature Contrat;877.40
1060;10/06/2026 10:20:49;;Souscription en cours;Signature Contrat;546.84
1061;10/06/2026 10:17:37;;Dossier validé;Parcours terminé;235.12
1062;10/06/2026 10:17:37;;Dossier validé;Parcours terminé;317.67
1063;10/06/2026 10:13:58;;Souscription non démarrée;Parcours non démarré;300.21
1064;10/06/2026 10:13:58;;Souscription non démarrée;Parcours non démarré;894.00
1065;10/06/2026 10:13:15;;Dossier validé;Parcours terminé;302.18
1066;10/06/2026 10:13:15;;Dossier validé;Parcours terminé;456.96
1067;10/06/2026 10:02:56;;Dossier refusé;Informations complémentaires (Etablissements, etc.);955.92
1068;10/06/2026 10:02:56;;Dossier refusé;Informations complémentaires (Etablissements, etc.);628.99
1069;10/06/2026 09:58:49;;Souscription en cours;Choix de l'offre et livraison;904.79
1070;10/06/2026 09:58:49;;Souscription en cours;Choix de l'offre et livraison;859.52
1071;10/06/2026 09:56:23;;Dossier validé;Parcours terminé;101.24
1072;10/06/2026 09:56:23;;Dossier validé;Parcours terminé;118.62
1073;10/06/2026 09:51:52;;Souscription en cours;Choix de l'offre et livraison;523.26
1074;10/06/2026 09:51:52;;Souscription en cours;Choix de l'offre et livraison;467.80
1075;10/06/2026 09:51:46;;Dossier refusé;Saisie société;297.70
1076;10/06/2026 09:51:46;;Dossier refusé;Saisie société;610.80
1077;10/06/2026 09:49:02;;Souscription non démarrée;Parcours non démarré;448.92
1078;10/06/2026 09:49:02;;Souscription non démarrée;Parcours non démarré;972.83
1079;10/06/2026 09:47:23;Zoé MULLER;Dossier validé;Parcours terminé;396.28
1080;10/06/2026 09:47:23;Zoé MULLER;Dossier validé;Parcours terminé;526.81
1081;10/06/2026 09:45:24;;Souscription en cours;Coordonnées personnelles;661.02
1082;10/06/2026 09:45:24;;Souscription en cours;Coordonnées personnelles;686.79
1083;10/06/2026 09:35:05;;Dossier validé;Parcours terminé;289.24
1084;10/06/2026 09:35:05;;Dossier validé;Parcours terminé;433.03
1085;10/06/2026 09:29:04;;Souscription en cours;Choix de l'offre et livraison;948.94
1086;10/06/2026 09:29:04;;Souscription en cours;Choix de l'offre et livraison;263.30
1087;10/06/2026 09:23:24;;Souscription en cours;Informations complémentaires (CA, Profession, etc.);705.56
1088;10/06/2026 09:23:24;;Souscription en cours;Informations complémentaires (CA, Profession, etc.);300.57
1089;10/06/2026 09:20:43;;Souscription en cours;Coordonnées personnelles;818.53
1090;10/06/2026 09:20:43;;Souscription en cours;Coordonnées personnelles;522.08
1091;10/06/2026 09:19:39;;Souscription en cours;Coordonnées personnelles;182.94
1092;10/06/2026 09:19:39;;Souscription en cours;Coordonnées personnelles;684.71
1093;10/06/2026 09:19:33;Hugo MARTIN;Dossier validé;Parcours terminé;875.14
1094;10/06/2026 09:19:33;Hugo MARTIN;Dossier validé;Parcours terminé;818.82
1095;10/06/2026 09:17:48;;Souscription en cours;Coordonnées personnelles;243.25
1096;10/06/2026 09:17:48;;Souscription en cours;Coordonnées personnelles;667.42
1097;10/06/2026 09:16:26;;Souscription en cours;Coordonnées personnelles;112.90
1098;10/06/2026 09:16:26;;Souscription en cours;Coordonnées personnelles;817.47
1099;10/06/2026 09:13:30;;En attente d'analyse Agent - Dossier avec erreurs;Signature Contrat;933.69
1100;10/06/2026 09:13:30;;En attente d'analyse Agent - Dossier avec erreurs;Signature Contrat;713.80
1101;10/06/2026 09:05:51;;Dossier validé;Parcours terminé;843.76
1102;10/06/2026 09:05:51;;Dossier validé;Parcours terminé;509.79
1103;10/06/2026 08:58:36;;Souscription en cours;Choix de l'offre et livraison;837.75
1104;10/06/2026 08:58:36;;Souscription en cours;Choix de l'offre et livraison;803.59
1105;10/06/2026 08:34:12;Hugo MARTIN;Dossier validé;Parcours terminé;456.80
1106;10/06/2026 08:34:12;Hugo MARTIN;Dossier validé;Parcours terminé;591.48
1107;10/06/2026 08:26:43;;Souscription en cours;Coordonnées personnelles;810.00
1108;10/06/2026 08:26:43;;Souscription en cours;Coordonnées personnelles;564.61
1109;10/06/2026 08:24:22;;Souscription en cours;Informations complémentaires (Etablissements, etc.);385.05
1110;10/06/2026 08:24:22;;Souscription en cours;Informations complémentaires (Etablissements, etc.);925.92
1111;10/06/2026 08:19:18;;Dossier refusé;Signature Contrat;386.27
1112;10/06/2026 08:19:18;;Dossier refusé;Signature Contrat;767.99
1113;10/06/2026 08:12:55;;Dossier validé;Parcours terminé;214.10
1114;10/06/2026 08:12:55;;Dossier validé;Parcours terminé;657.95
1115;10/06/2026 08:12:00;;Souscription en cours;Coordonnées personnelles;836.63
1116;10/06/2026 08:12:00;;Souscription en cours;Coordonnées personnelles;918.08
1117;10/06/2026 08:09:14;;Dossier refusé;Signature Contrat;129.57
1118;10/06/2026 08:09:14;;Dossier refusé;Signature Contrat;678.06
1119;10/06/2026 07:37:16;;Dossier validé;Parcours terminé;432.50
1120;10/06/2026 07:37:16;;Dossier validé;Parcours terminé;489.50
1121;10/06/2026 04:53:15;;Dossier validé;Parcours terminé;814.51
1122;10/06/2026 04:53:15;;Dossier validé;Parcours terminé;150.39
1123;10/06/2026 04:34:48;;Souscription en cours;Choix de l'offre et livraison;110.61
1124;10/06/2026 04:34:48;;Souscription en cours;Choix de l'offre et livraison;734.35
1125;10/06/2026 03:12:55;;Souscription en cours;Choix de l'offre et livraison;963.28
1126;10/06/2026 03:12:55;;Souscription en cours;Choix de l'offre et livraison;287.81
1127;10/06/2026 03:10:04;;Souscription en cours;Coordonnées personnelles;630.33
1128;10/06/2026 03:10:04;;Souscription en cours;Coordonnées personnelles;886.88
1129;10/06/2026 02:48:50;;Souscription en cours;Coordonnées personnelles;472.97
1130;10/06/2026 02:48:50;;Souscription en cours;Coordonnées personnelles;491.90
1131;10/06/2026 01:53:26;;Souscription en cours;Vérification d'identité;744.51
1132;10/06/2026 01:53:26;;Souscription en cours;Vérification d'identité;792.46
1133;10/06/2026 01:46:17;;Souscription en cours;Coordonnées personnelles;575.16
1134;10/06/2026 01:46:17;;Souscription en cours;Coordonnées personnelles;887.26
1135;10/06/2026 01:36:08;;Souscription en cours;Vérification d'identité;319.05
1136;10/06/2026 01:36:08;;Souscription en cours;Vérification d'identité;530.27
1137;10/06/2026 01:35:03;;Dossier refusé;Saisie société;420.76
1138;10/06/2026 01:35:03;;Dossier refusé;Saisie société;835.30
1139;10/06/2026 01:10:20;;Souscription en cours;Choix de l'offre et livraison;813.34
1140;10/06/2026 01:10:20;;Souscription en cours;Choix de l'offre et livraison;521.61
1141;10/06/2026 01:09:02;;Souscription en cours;Signature Contrat;349.31
1142;10/06/2026 01:09:02;;Souscription en cours;Signature Contrat;610.65
1143;10/06/2026 00:57:41;Adam LAURENT;Dossier validé;Parcours terminé;872.78
1144;10/06/2026 00:57:41;Adam LAURENT;Dossier validé;Parcours terminé;514.97
1145;10/06/2026 00:57:35;;Souscription en cours;Coordonnées personnelles;620.63
1146;10/06/2026 00:57:35;;Souscription en cours;Coordonnées personnelles;227.99
1147;10/06/2026 00:45:26;;Dossier validé;Parcours terminé;771.47
1148;10/06/2026 00:45:26;;Dossier validé;Parcours terminé;684.34
1149;10/06/2026 00:16:37;;Dossier validé;Parcours terminé;847.09
1150;10/06/2026 00:16:37;;Dossier validé;Parcours terminé;663.38
1151;10/06/2026 00:14:06;;Souscription en cours;Coordonnées personnelles;761.96
1152;10/06/2026 00:14:06;;Souscription en cours;Coordonnées personnelles;731.91
1153;09/06/2026 23:53:39;;Souscription en cours;Bénéficiaire effectifs;576.41
1154;09/06/2026 23:53:39;;Souscription en cours;Bénéficiaire effectifs;427.56
1155;09/06/2026 23:42:40;;En attente d'analyse Agent - Dossier avec erreurs;Signature Contrat;122.86
1156;09/06/2026 23:42:40;;En attente d'analyse Agent - Dossier avec erreurs;Signature Contrat;383.34
1157;09/06/2026 23:42:30;;Souscription en cours;Vérification d'identité;439.62
1158;09/06/2026 23:42:30;;Souscription en cours;Vérification d'identité;589.73
1159;09/06/2026 23:28:00;;Souscription en cours;Bénéficiaire effectifs;292.30
1160;09/06/2026 23:28:00;;Souscription en cours;Bénéficiaire effectifs;710.03
1161;09/06/2026 23:14:42;;Souscription en cours;Coordonnées personnelles;315.13
1162;09/06/2026 23:14:42;;Souscription en cours;Coordonnées personnelles;844.35
1163;09/06/2026 23:11:48;;Dossier validé;Parcours terminé;683.61
1164;09/06/2026 23:11:48;;Dossier validé;Parcours terminé;632.90
1165;09/06/2026 23:08:10;;Dossier validé;Parcours terminé;995.19
1166;09/06/2026 23:08:10;;Dossier validé;Parcours terminé;461.01
1167;09/06/2026 23:04:21;;Dossier validé;Parcours terminé;525.46
1168;09/06/2026 23:04:21;;Dossier validé;Parcours terminé;989.10
1169;09/06/2026 22:55:49;;Souscription non démarrée;Parcours non démarré;823.43
1170;09/06/2026 22:55:49;;Souscription non démarrée;Parcours non démarré;334.42
1171;09/06/2026 22:54:47;;Souscription non démarrée;Parcours non démarré;226.09
1172;09/06/2026 22:54:47;;Souscription non démarrée;Parcours non démarré;265.24
1173;09/06/2026 22:43:40;;Dossier validé;Parcours terminé;126.70
1174;09/06/2026 22:43:40;;Dossier validé;Parcours terminé;918.19
1175;09/06/2026 22:35:15;;Dossier validé;Parcours terminé;790.16
1176;09/06/2026 22:35:15;;Dossier validé;Parcours terminé;972.35
1177;09/06/2026 22:30:37;;Dossier validé;Parcours terminé;425.58
1178;09/06/2026 22:30:37;;Dossier validé;Parcours terminé;808.83
1179;09/06/2026 22:24:52;;Dossier refusé;Saisie société;737.65
1180;09/06/2026 22:24:52;;Dossier refusé;Saisie société;447.74
1181;09/06/2026 22:24:27;;Dossier validé;Parcours terminé;980.79
1182;09/06/2026 22:24:27;;Dossier validé;Parcours terminé;481.33
1183;09/06/2026 22:22:49;;Souscription en cours;Coordonnées personnelles;216.13
1184;09/06/2026 22:22:49;;Souscription en cours;Coordonnées personnelles;490.14
1185;09/06/2026 22:13:02;;Dossier validé;Parcours terminé;740.29
1186;09/06/2026 22:13:02;;Dossier validé;Parcours terminé;940.69
1187;09/06/2026 22:03:36;;Souscription non démarrée;Parcours non démarré;595.67
1188;09/06/2026 22:03:36;;Souscription non démarrée;Parcours non démarré;517.70
1189;09/06/2026 21:59:29;;Souscription en cours;Coordonnées personnelles;448.18
1190;09/06/2026 21:59:29;;Souscription en cours;Coordonnées personnelles;412.79
1191;09/06/2026 21:59:18;;Dossier validé;Parcours terminé;616.53
1192;09/06/2026 21:59:18;;Dossier validé;Parcours terminé;374.05
1193;09/06/2026 21:56:46;;Souscription en cours;Vérification d'identité;977.71
1194;09/06/2026 21:56:46;;Souscription en cours;Vérification d'identité;781.04
1195;09/06/2026 21:40:01;;Souscription non démarrée;Parcours non démarré;837.97
1196;09/06/2026 21:40:01;;Souscription non démarrée;Parcours non démarré;349.38
1197;09/06/2026 21:36:11;;Souscription en cours;Coordonnées personnelles;260.95
1198;09/06/2026 21:36:11;;Souscription en cours;Coordonnées personnelles;940.75
1199;09/06/2026 21:25:34;;Souscription en cours;Coordonnées personnelles;107.68
1200;09/06/2026 21:25:34;;Souscription en cours;Coordonnées personnelles;826.03
1201;09/06/2026 21:10:59;;Souscription en cours;Coordonnées personnelles;179.91
1202;09/06/2026 21:10:59;;Souscription en cours;Coordonnées personnelles;351.23
1203;09/06/2026 21:09:01;;Dossier validé;Parcours terminé;418.16
1204;09/06/2026 21:09:01;;Dossier validé;Parcours terminé;382.67
1205;09/06/2026 21:03:12;;Dossier refusé;Saisie société;678.00
1206;09/06/2026 21:03:12;;Dossier refusé;Saisie société;952.74
1207;09/06/2026 20:48:06;;Dossier refusé;Saisie société;902.94
1208;09/06/2026 20:48:06;;Dossier refusé;Saisie société;143.68
1209;09/06/2026 20:46:58;;Souscription en cours;Coordonnées personnelles;410.77
1210;09/06/2026 20:46:58;;Souscription en cours;Coordonnées personnelles;951.34
1211;09/06/2026 20:43:00;;Souscription en cours;Coordonnées personnelles;887.54
1212;09/06/2026 20:43:00;;Souscription en cours;Coordonnées personnelles;443.70
1213;09/06/2026 20:42:22;;Souscription en cours;Coordonnées personnelles;776.71
1214;09/06/2026 20:42:22;;Souscription en cours;Coordonnées personnelles;960.74
1215;09/06/2026 20:35:03;;Souscription en cours;Synchronisation référentiel personne NOVA;685.86
1216;09/06/2026 20:35:03;;Souscription en cours;Synchronisation référentiel personne NOVA;169.19
1217;09/06/2026 20:34:36;;Souscription en cours;Choix de l'offre et livraison;319.78
1218;09/06/2026 20:34:36;;Souscription en cours;Choix de l'offre et livraison;467.34
1219;09/06/2026 20:21:53;;Dossier refusé;Parcours non démarré;178.82
1220;09/06/2026 20:21:53;;Dossier refusé;Parcours non démarré;605.79
1221;09/06/2026 20:19:46;;Dossier refusé;Saisie société;897.68
1222;09/06/2026 20:19:46;;Dossier refusé;Saisie société;714.06
1223;09/06/2026 20:15:06;;En attente d'analyse Agent - Dossier avec erreurs;Signature Contrat;905.07
1224;09/06/2026 20:15:06;;En attente d'analyse Agent - Dossier avec erreurs;Signature Contrat;947.94
1225;09/06/2026 20:10:31;;Dossier validé;Parcours terminé;951.96
1226;09/06/2026 20:10:31;;Dossier validé;Parcours terminé;867.65
1227;09/06/2026 20:09:15;;Souscription en cours;Synchronisation référentiel personne NOVA;362.51
1228;09/06/2026 20:09:15;;Souscription en cours;Synchronisation référentiel personne NOVA;695.11
1229;09/06/2026 20:01:43;;Dossier validé;Parcours terminé;945.66
1230;09/06/2026 20:01:43;;Dossier validé;Parcours terminé;267.95
1231;09/06/2026 20:01:06;;Souscription en cours;Choix de l'offre et livraison;265.56
1232;09/06/2026 20:01:06;;Souscription en cours;Choix de l'offre et livraison;119.66
1233;09/06/2026 19:58:16;;Dossier validé;Parcours terminé;934.73
1234;09/06/2026 19:58:16;;Dossier validé;Parcours terminé;802.29
1235;09/06/2026 19:55:13;;Dossier validé;Parcours terminé;651.19
1236;09/06/2026 19:55:13;;Dossier validé;Parcours terminé;881.05
1237;09/06/2026 19:46:38;;Dossier validé;Parcours terminé;717.78
1238;09/06/2026 19:46:38;;Dossier validé;Parcours terminé;431.92
1239;09/06/2026 19:43:31;;Dossier validé;Parcours terminé;856.58
1240;09/06/2026 19:43:31;;Dossier validé;Parcours terminé;289.89
1241;09/06/2026 19:36:43;;Souscription non démarrée;Parcours non démarré;353.96
1242;09/06/2026 19:36:43;;Souscription non démarrée;Parcours non démarré;653.32
1243;09/06/2026 19:34:41;;Souscription en cours;Coordonnées personnelles;520.29
1244;09/06/2026 19:34:41;;Souscription en cours;Coordonnées personnelles;621.36
1245;09/06/2026 19:33:29;;Souscription en cours;Informations complémentaires (CA, Profession, etc.);792.24
1246;09/06/2026 19:33:29;;Souscription en cours;Informations complémentaires (CA, Profession, etc.);982.51
1247;09/06/2026 19:28:53;;Souscription en cours;Coordonnées personnelles;185.08
1248;09/06/2026 19:28:53;;Souscription en cours;Coordonnées personnelles;889.20
1249;09/06/2026 19:20:43;;Dossier validé;Parcours terminé;255.08
1250;09/06/2026 19:20:43;;Dossier validé;Parcours terminé;115.60
1251;09/06/2026 19:15:49;;Dossier validé;Parcours terminé;381.86
1252;09/06/2026 19:15:49;;Dossier validé;Parcours terminé;563.07
1253;09/06/2026 19:04:25;;Dossier validé;Parcours terminé;660.31
1254;09/06/2026 19:04:25;;Dossier validé;Parcours terminé;486.19
1255;09/06/2026 19:02:08;;Souscription en cours;Choix de l'offre et livraison;930.34
1256;09/06/2026 19:02:08;;Souscription en cours;Choix de l'offre et livraison;712.17
1257;09/06/2026 18:32:52;;Dossier refusé;Saisie société;308.55
1258;09/06/2026 18:32:52;;Dossier refusé;Saisie société;522.16
1259;09/06/2026 18:24:04;;Souscription en cours;Coordonnées personnelles;930.64
1260;09/06/2026 18:24:04;;Souscription en cours;Coordonnées personnelles;550.42
1261;09/06/2026 18:21:39;;Souscription non démarrée;Parcours non démarré;878.58
1262;09/06/2026 18:21:39;;Souscription non démarrée;Parcours non démarré;337.23
1263;09/06/2026 18:07:34;;Souscription en cours;Coordonnées personnelles;402.02
1264;09/06/2026 18:07:34;;Souscription en cours;Coordonnées personnelles;196.66
1265;09/06/2026 18:04:03;;Dossier refusé;Saisie société;909.52
1266;09/06/2026 18:04:03;;Dossier refusé;Saisie société;920.24
1267;09/06/2026 18:02:05;;Souscription non démarrée;Parcours non démarré;342.37
1268;09/06/2026 18:02:05;;Souscription non démarrée;Parcours non démarré;684.92
1269;09/06/2026 17:52:11;;Souscription en cours;Coordonnées personnelles;461.31
1270;09/06/2026 17:52:11;;Souscription en cours;Coordonnées personnelles;406.38
1271;09/06/2026 17:49:50;;En attente d'analyse Agent - Dossier avec erreurs;Signature Contrat;396.12
1272;09/06/2026 17:49:50;;En attente d'analyse Agent - Dossier avec erreurs;Signature Contrat;106.55
1273;09/06/2026 17:48:45;;Souscription non démarrée;Parcours non démarré;211.13
1274;09/06/2026 17:48:45;;Souscription non démarrée;Parcours non démarré;312.50
1275;09/06/2026 17:46:22;;Souscription non démarrée;Parcours non démarré;498.38
1276;09/06/2026 17:46:22;;Souscription non démarrée;Parcours non démarré;499.29
1277;09/06/2026 17:44:39;;Dossier validé;Parcours terminé;543.42
1278;09/06/2026 17:44:39;;Dossier validé;Parcours terminé;719.16
1279;09/06/2026 17:43:30;Hugo MARTIN;Dossier validé;Parcours terminé;268.58
1280;09/06/2026 17:43:30;Hugo MARTIN;Dossier validé;Parcours terminé;380.95
1281;09/06/2026 17:43:18;;Souscription non démarrée;Parcours non démarré;424.88
1282;09/06/2026 17:43:18;;Souscription non démarrée;Parcours non démarré;332.24
1283;09/06/2026 17:43:12;;Souscription en cours;Synchronisation référentiel personne NOVA;432.35
1284;09/06/2026 17:43:12;;Souscription en cours;Synchronisation référentiel personne NOVA;149.05
1285;09/06/2026 17:32:37;;En attente d'analyse Agent - Dossier avec erreurs;Signature Contrat;617.93
1286;09/06/2026 17:32:37;;En attente d'analyse Agent - Dossier avec erreurs;Signature Contrat;386.81
1287;09/06/2026 17:26:15;;Souscription en cours;Informations complémentaires (Etablissements, etc.);143.74
1288;09/06/2026 17:26:15;;Souscription en cours;Informations complémentaires (Etablissements, etc.);345.90
1289;09/06/2026 17:25:52;;Souscription non démarrée;Parcours non démarré;514.77
1290;09/06/2026 17:25:52;;Souscription non démarrée;Parcours non démarré;463.15
1291;09/06/2026 17:24:45;;En attente d'analyse Agent - Dossier avec erreurs;Signature Contrat;810.70
1292;09/06/2026 17:24:45;;En attente d'analyse Agent - Dossier avec erreurs;Signature Contrat;761.43
1293;09/06/2026 17:15:12;;Dossier validé;Parcours terminé;652.51
1294;09/06/2026 17:15:12;;Dossier validé;Parcours terminé;618.89
1295;09/06/2026 17:14:22;;Dossier validé;Parcours terminé;287.21
1296;09/06/2026 17:14:22;;Dossier validé;Parcours terminé;208.62
1297;09/06/2026 16:48:11;Adam LAURENT;Dossier validé;Parcours terminé;517.01
1298;09/06/2026 16:48:11;Adam LAURENT;Dossier validé;Parcours terminé;811.75
1299;09/06/2026 16:39:10;;Souscription non démarrée;Parcours non démarré;687.05
1300;09/06/2026 16:39:10;;Souscription non démarrée;Parcours non démarré;630.75
1301;09/06/2026 16:31:08;;Souscription en cours;Signature Contrat;960.95
1302;09/06/2026 16:31:08;;Souscription en cours;Signature Contrat;809.50
1303;09/06/2026 16:30:38;;Dossier validé;Parcours terminé;701.51
1304;09/06/2026 16:30:38;;Dossier validé;Parcours terminé;398.59
1305;09/06/2026 16:30:26;;Souscription non démarrée;Parcours non démarré;397.30
1306;09/06/2026 16:30:26;;Souscription non démarrée;Parcours non démarré;535.66
1307;09/06/2026 16:03:30;;En attente d'analyse Agent - Dossier avec erreurs;Signature Contrat;418.53
1308;09/06/2026 16:03:30;;En attente d'analyse Agent - Dossier avec erreurs;Signature Contrat;324.22
1309;09/06/2026 16:01:17;;Dossier validé;Parcours terminé;806.02
1310;09/06/2026 16:01:17;;Dossier validé;Parcours terminé;801.21
1311;09/06/2026 15:57:38;;Dossier refusé;Saisie société;253.49
1312;09/06/2026 15:57:38;;Dossier refusé;Saisie société;311.86
1313;09/06/2026 15:46:28;;Dossier validé;Parcours terminé;372.54
1314;09/06/2026 15:46:28;;Dossier validé;Parcours terminé;993.45
1315;09/06/2026 15:43:47;;Dossier validé;Parcours terminé;893.39
1316;09/06/2026 15:43:47;;Dossier validé;Parcours terminé;474.20
1317;09/06/2026 15:41:02;;Dossier validé;Parcours terminé;341.94
1318;09/06/2026 15:41:02;;Dossier validé;Parcours terminé;618.64
1319;09/06/2026 15:40:06;;Souscription en cours;Vérification d'identité;816.88
1320;09/06/2026 15:40:06;;Souscription en cours;Vérification d'identité;570.07
1321;09/06/2026 15:36:13;;Souscription non démarrée;Parcours non démarré;863.09
1322;09/06/2026 15:36:13;;Souscription non démarrée;Parcours non démarré;856.79
1323;09/06/2026 15:25:42;;Souscription en cours;Coordonnées personnelles;829.22
1324;09/06/2026 15:25:42;;Souscription en cours;Coordonnées personnelles;661.14
1325;09/06/2026 15:18:13;;Souscription en cours;Vérification d'identité;444.89
1326;09/06/2026 15:18:13;;Souscription en cours;Vérification d'identité;153.33
1327;09/06/2026 15:11:30;;Souscription non démarrée;Parcours non démarré;796.78
1328;09/06/2026 15:11:30;;Souscription non démarrée;Parcours non démarré;256.82
1329;09/06/2026 15:10:22;;Souscription en cours;Choix de l'offre et livraison;235.76
1330;09/06/2026 15:10:22;;Souscription en cours;Choix de l'offre et livraison;341.16
1331;09/06/2026 15:10:15;;Souscription en cours;Informations complémentaires (CA, Profession, etc.);982.16
1332;09/06/2026 15:10:15;;Souscription en cours;Informations complémentaires (CA, Profession, etc.);853.38
1333;09/06/2026 15:05:29;;Dossier validé;Parcours terminé;588.02
1334;09/06/2026 15:05:29;;Dossier validé;Parcours terminé;914.58
1335;09/06/2026 14:55:42;;Souscription non démarrée;Parcours non démarré;440.07
1336;09/06/2026 14:55:42;;Souscription non démarrée;Parcours non démarré;388.80
1337;09/06/2026 14:54:39;;Dossier validé;Parcours terminé;582.97
1338;09/06/2026 14:54:39;;Dossier validé;Parcours terminé;579.49
1339;09/06/2026 14:52:29;;Souscription en cours;Coordonnées personnelles;477.67
1340;09/06/2026 14:52:29;;Souscription en cours;Coordonnées personnelles;699.66
1341;09/06/2026 14:44:37;;Souscription en cours;Choix de l'offre et livraison;795.59
1342;09/06/2026 14:44:37;;Souscription en cours;Choix de l'offre et livraison;183.48
1343;09/06/2026 14:44:23;;Dossier validé;Parcours terminé;955.14
1344;09/06/2026 14:44:23;;Dossier validé;Parcours terminé;221.12
1345;09/06/2026 14:42:37;;Souscription en cours;Synchronisation référentiel personne NOVA;693.19
1346;09/06/2026 14:42:37;;Souscription en cours;Synchronisation référentiel personne NOVA;812.92
1347;09/06/2026 14:41:57;;Souscription en cours;Coordonnées personnelles;386.27
1348;09/06/2026 14:41:57;;Souscription en cours;Coordonnées personnelles;336.81
1349;09/06/2026 14:41:02;;Dossier validé;Parcours terminé;111.79
1350;09/06/2026 14:41:02;;Dossier validé;Parcours terminé;343.97
1351;09/06/2026 14:37:53;;Dossier validé;Parcours terminé;451.75
1352;09/06/2026 14:37:53;;Dossier validé;Parcours terminé;463.30
1353;09/06/2026 14:22:23;;Dossier validé;Parcours terminé;300.18
1354;09/06/2026 14:22:23;;Dossier validé;Parcours terminé;231.58
1355;09/06/2026 14:20:55;;Dossier validé;Parcours terminé;720.50
1356;09/06/2026 14:20:55;;Dossier validé;Parcours terminé;676.35
1357;09/06/2026 14:18:21;;Dossier validé;Parcours terminé;583.12
1358;09/06/2026 14:18:21;;Dossier validé;Parcours terminé;285.94
1359;09/06/2026 14:17:51;;Souscription en cours;Choix de l'offre et livraison;743.47
1360;09/06/2026 14:17:51;;Souscription en cours;Choix de l'offre et livraison;380.42
1361;09/06/2026 14:04:22;;Dossier validé;Parcours terminé;724.37
1362;09/06/2026 14:04:22;;Dossier validé;Parcours terminé;777.84
1363;09/06/2026 14:03:30;;Souscription en cours;Coordonnées personnelles;377.21
1364;09/06/2026 14:03:30;;Souscription en cours;Coordonnées personnelles;352.45
1365;09/06/2026 14:03:15;;Souscription en cours;Coordonnées personnelles;646.79
1366;09/06/2026 14:03:15;;Souscription en cours;Coordonnées personnelles;977.14
1367;09/06/2026 13:56:36;;Dossier validé;Parcours terminé;630.04
1368;09/06/2026 13:56:36;;Dossier validé;Parcours terminé;644.03
1369;09/06/2026 13:54:33;;Dossier refusé;Parcours non démarré;450.67
1370;09/06/2026 13:54:33;;Dossier refusé;Parcours non démarré;323.83
1371;09/06/2026 13:52:17;;Souscription non démarrée;Parcours non démarré;867.76
1372;09/06/2026 13:52:17;;Souscription non démarrée;Parcours non démarré;313.80
1373;09/06/2026 13:48:12;;Dossier validé;Parcours terminé;167.16
1374;09/06/2026 13:48:12;;Dossier validé;Parcours terminé;126.70
1375;09/06/2026 13:43:46;;Souscription non démarrée;Parcours non démarré;439.09
1376;09/06/2026 13:43:46;;Souscription non démarrée;Parcours non démarré;779.73
1377;09/06/2026 13:21:02;;Souscription en cours;Coordonnées personnelles;869.55
1378;09/06/2026 13:21:02;;Souscription en cours;Coordonnées personnelles;659.70
1379;09/06/2026 13:15:28;;Souscription en cours;Coordonnées personnelles;636.06
1380;09/06/2026 13:15:28;;Souscription en cours;Coordonnées personnelles;384.32
1381;09/06/2026 13:06:15;;Souscription non démarrée;Parcours non démarré;136.00
1382;09/06/2026 13:06:15;;Souscription non démarrée;Parcours non démarré;500.39
1383;09/06/2026 13:05:05;;Souscription non démarrée;Parcours non démarré;943.24
1384;09/06/2026 13:05:05;;Souscription non démarrée;Parcours non démarré;851.34
1385;09/06/2026 13:01:00;;Dossier validé;Parcours terminé;120.00
1386;09/06/2026 13:01:00;;Dossier validé;Parcours terminé;987.20
1387;09/06/2026 12:58:23;;Souscription en cours;Vérification d'identité;438.09
1388;09/06/2026 12:58:23;;Souscription en cours;Vérification d'identité;649.88
1389;09/06/2026 12:55:02;;Dossier refusé;Synchronisation référentiel personne NOVA;109.08
1390;09/06/2026 12:55:02;;Dossier refusé;Synchronisation référentiel personne NOVA;168.02
1391;09/06/2026 12:52:57;;Dossier validé;Parcours terminé;580.86
1392;09/06/2026 12:52:57;;Dossier validé;Parcours terminé;110.53
1393;09/06/2026 12:52:20;;Souscription non démarrée;Parcours non démarré;576.81
1394;09/06/2026 12:52:20;;Souscription non démarrée;Parcours non démarré;501.94
1395;09/06/2026 12:49:29;;Dossier validé;Parcours terminé;361.81
1396;09/06/2026 12:49:29;;Dossier validé;Parcours terminé;259.26
1397;09/06/2026 12:49:06;;Souscription en cours;Informations complémentaires (CA, Profession, etc.);210.95
1398;09/06/2026 12:49:06;;Souscription en cours;Informations complémentaires (CA, Profession, etc.);118.01
1399;09/06/2026 12:45:18;Hugo MARTIN;Dossier validé;Parcours terminé;755.23
1400;09/06/2026 12:45:18;Hugo MARTIN;Dossier validé;Parcours terminé;739.67
1401;09/06/2026 12:39:26;;Souscription en cours;Coordonnées personnelles;237.61
1402;09/06/2026 12:39:26;;Souscription en cours;Coordonnées personnelles;776.62
1403;09/06/2026 12:38:09;;Dossier refusé;Saisie société;863.56
1404;09/06/2026 12:38:09;;Dossier refusé;Saisie société;143.47
1405;09/06/2026 12:32:31;;Dossier validé;Parcours terminé;425.06
1406;09/06/2026 12:32:31;;Dossier validé;Parcours terminé;791.00
1407;09/06/2026 12:25:36;;Dossier validé;Parcours terminé;159.94
1408;09/06/2026 12:25:36;;Dossier validé;Parcours terminé;891.54
1409;09/06/2026 12:18:45;;Souscription en cours;Coordonnées personnelles;821.73
1410;09/06/2026 12:18:45;;Souscription en cours;Coordonnées personnelles;802.28
1411;09/06/2026 12:14:51;;Dossier validé;Parcours terminé;390.93
1412;09/06/2026 12:14:51;;Dossier validé;Parcours terminé;556.83
1413;09/06/2026 12:13:06;;En attente d'analyse Agent - Dossier avec erreurs;Signature Contrat;723.50
1414;09/06/2026 12:13:06;;En attente d'analyse Agent - Dossier avec erreurs;Signature Contrat;613.50
1415;09/06/2026 12:11:54;;Souscription en cours;Coordonnées personnelles;592.69
1416;09/06/2026 12:11:54;;Souscription en cours;Coordonnées personnelles;972.52
1417;09/06/2026 12:11:02;;Souscription en cours;Vérification d'identité;576.69
1418;09/06/2026 12:11:02;;Souscription en cours;Vérification d'identité;270.93
1419;09/06/2026 12:09:02;;Souscription en cours;Choix de l'offre et livraison;100.17
1420;09/06/2026 12:09:02;;Souscription en cours;Choix de l'offre et livraison;382.44
1421;09/06/2026 12:05:26;;Dossier refusé;Saisie société;267.60
1422;09/06/2026 12:05:26;;Dossier refusé;Saisie société;369.11
1423;09/06/2026 12:04:07;;Souscription non démarrée;Parcours non démarré;207.69
1424;09/06/2026 12:04:07;;Souscription non démarrée;Parcours non démarré;847.32
1425;09/06/2026 12:00:06;;Souscription en cours;Informations complémentaires (Etablissements, etc.);106.63
1426;09/06/2026 12:00:06;;Souscription en cours;Informations complémentaires (Etablissements, etc.);213.90
1427;09/06/2026 11:57:36;;En attente d'analyse Agent - Dossier avec erreurs;Signature Contrat;173.46
1428;09/06/2026 11:57:36;;En attente d'analyse Agent - Dossier avec erreurs;Signature Contrat;301.57
1429;09/06/2026 11:57:09;;Souscription en cours;Signature Contrat;369.60
1430;09/06/2026 11:57:09;;Souscription en cours;Signature Contrat;244.89
1431;09/06/2026 11:50:04;;Dossier validé;Parcours terminé;922.23
1432;09/06/2026 11:50:04;;Dossier validé;Parcours terminé;146.04
1433;09/06/2026 11:37:26;;Dossier validé;Parcours terminé;103.95
1434;09/06/2026 11:37:26;;Dossier validé;Parcours terminé;167.80
1435;09/06/2026 11:37:21;;Souscription en cours;Coordonnées personnelles;824.74
1436;09/06/2026 11:37:21;;Souscription en cours;Coordonnées personnelles;629.68
1437;09/06/2026 11:36:38;;Dossier validé;Parcours terminé;712.38
1438;09/06/2026 11:36:38;;Dossier validé;Parcours terminé;748.19
1439;09/06/2026 11:33:37;;Souscription en cours;Coordonnées personnelles;737.53
1440;09/06/2026 11:33:37;;Souscription en cours;Coordonnées personnelles;938.00
1441;09/06/2026 11:29:10;;Souscription en cours;Coordonnées personnelles;959.93
1442;09/06/2026 11:29:10;;Souscription en cours;Coordonnées personnelles;767.15
1443;09/06/2026 11:28:05;;Dossier refusé;Signature Contrat;420.26
1444;09/06/2026 11:28:05;;Dossier refusé;Signature Contrat;171.86
1445;09/06/2026 11:28:00;;Souscription en cours;Vérification d'identité;614.34
1446;09/06/2026 11:28:00;;Souscription en cours;Vérification d'identité;856.37
1447;09/06/2026 11:26:31;;Dossier validé;Parcours terminé;995.43
1448;09/06/2026 11:26:31;;Dossier validé;Parcours terminé;299.52
1449;09/06/2026 11:24:01;;Souscription en cours;Informations complémentaires (CA, Profession, etc.);584.27
1450;09/06/2026 11:24:01;;Souscription en cours;Informations complémentaires (CA, Profession, etc.);656.22
1451;09/06/2026 11:21:25;;Souscription en cours;Coordonnées personnelles;988.81
1452;09/06/2026 11:21:25;;Souscription en cours;Coordonnées personnelles;852.27
1453;09/06/2026 11:20:55;Inès MICHEL;Dossier validé;Parcours terminé;284.12
1454;09/06/2026 11:20:55;Inès MICHEL;Dossier validé;Parcours terminé;810.96
1455;09/06/2026 11:17:07;;En attente d'analyse Agent - Dossier avec erreurs;Signature Contrat;536.97
1456;09/06/2026 11:17:07;;En attente d'analyse Agent - Dossier avec erreurs;Signature Contrat;271.88
1457;09/06/2026 11:15:06;;Dossier validé;Parcours terminé;597.36
1458;09/06/2026 11:15:06;;Dossier validé;Parcours terminé;852.24
1459;09/06/2026 11:12:45;;Souscription en cours;Vérification d'identité;983.81
1460;09/06/2026 11:12:45;;Souscription en cours;Vérification d'identité;581.66
1461;09/06/2026 11:10:47;;Dossier validé;Parcours terminé;292.22
1462;09/06/2026 11:10:47;;Dossier validé;Parcours terminé;899.53
1463;09/06/2026 11:10:14;;Dossier validé;Parcours terminé;936.55
1464;09/06/2026 11:10:14;;Dossier validé;Parcours terminé;816.78
1465;09/06/2026 11:07:05;;Souscription en cours;Coordonnées personnelles;296.75
1466;09/06/2026 11:07:05;;Souscription en cours;Coordonnées personnelles;783.48
1467;09/06/2026 10:59:15;;Souscription en cours;Choix de l'offre et livraison;725.82
1468;09/06/2026 10:59:15;;Souscription en cours;Choix de l'offre et livraison;571.56
1469;09/06/2026 10:58:26;;Souscription non démarrée;Parcours non démarré;694.11
1470;09/06/2026 10:58:26;;Souscription non démarrée;Parcours non démarré;608.01
1471;09/06/2026 10:57:28;;Dossier validé;Parcours terminé;103.75
1472;09/06/2026 10:57:28;;Dossier validé;Parcours terminé;368.29
1473;09/06/2026 10:54:06;;Souscription en cours;Coordonnées personnelles;379.03
1474;09/06/2026 10:54:06;;Souscription en cours;Coordonnées personnelles;863.39
1475;09/06/2026 10:49:52;;Souscription non démarrée;Parcours non démarré;837.48
1476;09/06/2026 10:49:52;;Souscription non démarrée;Parcours non démarré;724.93
1477;09/06/2026 10:49:37;;En attente d'analyse Agent - Dossier avec erreurs;Signature Contrat;177.49
1478;09/06/2026 10:49:37;;En attente d'analyse Agent - Dossier avec erreurs;Signature Contrat;682.91
1479;09/06/2026 10:40:12;;Souscription en cours;Vérification d'identité;634.18
1480;09/06/2026 10:40:12;;Souscription en cours;Vérification d'identité;281.25
1481;09/06/2026 10:37:11;;Dossier validé;Parcours terminé;184.39
1482;09/06/2026 10:37:11;;Dossier validé;Parcours terminé;465.21
1483;09/06/2026 10:29:43;;Souscription en cours;Coordonnées personnelles;531.95
1484;09/06/2026 10:29:43;;Souscription en cours;Coordonnées personnelles;816.00
1485;09/06/2026 10:27:55;;En attente d'analyse Agent - Dossier avec erreurs;Signature Contrat;906.68
1486;09/06/2026 10:27:55;;En attente d'analyse Agent - Dossier avec erreurs;Signature Contrat;467.30
1487;09/06/2026 10:27:01;;Souscription en cours;Coordonnées personnelles;341.04
1488;09/06/2026 10:27:01;;Souscription en cours;Coordonnées personnelles;663.66
1489;09/06/2026 10:24:48;;Dossier validé;Parcours terminé;796.29
1490;09/06/2026 10:24:48;;Dossier validé;Parcours terminé;258.84
1491;09/06/2026 10:22:15;;Souscription en cours;Signature Contrat;993.40
1492;09/06/2026 10:22:15;;Souscription en cours;Signature Contrat;201.29
1493;09/06/2026 10:20:36;;En attente d'analyse Agent - Dossier avec erreurs;Signature Contrat;412.73
1494;09/06/2026 10:20:36;;En attente d'analyse Agent - Dossier avec erreurs;Signature Contrat;128.95
1495;09/06/2026 10:18:31;;Dossier validé;Parcours terminé;145.39
1496;09/06/2026 10:18:31;;Dossier validé;Parcours terminé;568.72
1497;09/06/2026 10:17:19;;Souscription non démarrée;Parcours non démarré;836.56
1498;09/06/2026 10:17:19;;Souscription non démarrée;Parcours non démarré;714.97
1499;09/06/2026 10:15:41;;Dossier validé;Parcours terminé;332.01
1500;09/06/2026 10:15:41;;Dossier validé;Parcours terminé;962.75
1501;09/06/2026 10:14:57;;Dossier validé;Parcours terminé;495.59
1502;09/06/2026 10:14:57;;Dossier validé;Parcours terminé;931.90
1503;09/06/2026 10:14:34;;Souscription en cours;Choix de l'offre et livraison;374.60
1504;09/06/2026 10:14:34;;Souscription en cours;Choix de l'offre et livraison;831.21
1505;09/06/2026 10:07:41;;Souscription en cours;Coordonnées personnelles;643.28
1506;09/06/2026 10:07:41;;Souscription en cours;Coordonnées personnelles;500.74
1507;09/06/2026 10:04:21;;Dossier refusé;Saisie société;572.99
1508;09/06/2026 10:04:21;;Dossier refusé;Saisie société;656.69
1509;09/06/2026 10:04:15;;Dossier validé;Parcours terminé;401.10
1510;09/06/2026 10:04:15;;Dossier validé;Parcours terminé;820.32
1511;09/06/2026 10:02:55;;Dossier validé;Parcours terminé;720.03
1512;09/06/2026 10:02:55;;Dossier validé;Parcours terminé;751.90
1513;09/06/2026 10:01:36;;Souscription en cours;Choix de l'offre et livraison;481.15
1514;09/06/2026 10:01:36;;Souscription en cours;Choix de l'offre et livraison;673.34
1515;09/06/2026 09:55:58;;Dossier refusé;Saisie société;392.16
1516;09/06/2026 09:55:58;;Dossier refusé;Saisie société;660.44
1517;09/06/2026 09:26:10;;Souscription en cours;Choix de l'offre et livraison;727.98
1518;09/06/2026 09:26:10;;Souscription en cours;Choix de l'offre et livraison;290.90
1519;09/06/2026 09:24:46;;Souscription en cours;Signature Contrat;560.87
1520;09/06/2026 09:24:46;;Souscription en cours;Signature Contrat;643.16
1521;09/06/2026 09:21:19;;Dossier validé;Parcours terminé;388.97
1522;09/06/2026 09:21:19;;Dossier validé;Parcours terminé;395.36
1523;09/06/2026 09:20:03;;En attente d'analyse Agent - Dossier avec erreurs;Signature Contrat;368.35
1524;09/06/2026 09:20:03;;En attente d'analyse Agent - Dossier avec erreurs;Signature Contrat;586.64
1525;09/06/2026 09:19:39;;Souscription en cours;Choix de l'offre et livraison;654.72
1526;09/06/2026 09:19:39;;Souscription en cours;Choix de l'offre et livraison;450.67
1527;09/06/2026 09:17:57;;Souscription en cours;Vérification d'identité;404.58
1528;09/06/2026 09:17:57;;Souscription en cours;Vérification d'identité;835.78
1529;09/06/2026 09:09:24;;Souscription en cours;Choix de l'offre et livraison;194.84
1530;09/06/2026 09:09:24;;Souscription en cours;Choix de l'offre et livraison;276.84
1531;09/06/2026 09:09:15;;Souscription en cours;Coordonnées personnelles;882.11
1532;09/06/2026 09:09:15;;Souscription en cours;Coordonnées personnelles;701.51
1533;09/06/2026 09:06:40;;Souscription non démarrée;Parcours non démarré;366.01
1534;09/06/2026 09:06:40;;Souscription non démarrée;Parcours non démarré;453.09
1535;09/06/2026 08:41:28;;Souscription en cours;Coordonnées personnelles;268.79
1536;09/06/2026 08:41:28;;Souscription en cours;Coordonnées personnelles;900.11
1537;09/06/2026 08:26:36;;Dossier validé;Parcours terminé;603.78
1538;09/06/2026 08:26:36;;Dossier validé;Parcours terminé;491.31
1539;09/06/2026 08:20:58;;Dossier validé;Parcours terminé;352.63
1540;09/06/2026 08:20:58;;Dossier validé;Parcours terminé;439.27
1541;09/06/2026 08:14:00;;Souscription en cours;Coordonnées personnelles;236.69
1542;09/06/2026 08:14:00;;Souscription en cours;Coordonnées personnelles;913.02
1543;09/06/2026 08:06:50;;Dossier validé;Parcours terminé;970.38
1544;09/06/2026 08:06:50;;Dossier validé;Parcours terminé;256.01
1545;09/06/2026 08:06:07;;Dossier refusé;Saisie société;946.02
1546;09/06/2026 08:06:07;;Dossier refusé;Saisie société;224.56
1547;09/06/2026 07:49:41;;Dossier refusé;Saisie société;413.57
1548;09/06/2026 07:49:41;;Dossier refusé;Saisie société;500.89
1549;09/06/2026 07:38:15;;Souscription en cours;Coordonnées personnelles;364.59
1550;09/06/2026 07:38:15;;Souscription en cours;Coordonnées personnelles;504.25
1551;09/06/2026 07:21:19;;Dossier validé;Parcours terminé;211.77
1552;09/06/2026 07:21:19;;Dossier validé;Parcours terminé;450.59
1553;09/06/2026 07:16:01;;Dossier validé;Parcours terminé;176.50
1554;09/06/2026 07:16:01;;Dossier validé;Parcours terminé;638.08
1555;09/06/2026 05:44:37;;Dossier validé;Parcours terminé;759.56
1556;09/06/2026 05:44:37;;Dossier validé;Parcours terminé;702.07
1557;09/06/2026 03:57:05;;Souscription en cours;Coordonnées personnelles;527.47
1558;09/06/2026 03:57:05;;Souscription en cours;Coordonnées personnelles;726.10
1559;09/06/2026 03:35:11;;Souscription en cours;Synchronisation référentiel personne NOVA;278.52
1560;09/06/2026 03:35:11;;Souscription en cours;Synchronisation référentiel personne NOVA;115.29
1561;09/06/2026 02:55:49;;Souscription en cours;Coordonnées personnelles;628.67
1562;09/06/2026 02:55:49;;Souscription en cours;Coordonnées personnelles;353.17
1563;09/06/2026 02:36:02;;Souscription en cours;Vérification d'identité;831.77
1564;09/06/2026 02:36:02;;Souscription en cours;Vérification d'identité;846.33
1565;09/06/2026 02:35:12;;Dossier refusé;Choix de l'offre et livraison;598.00
1566;09/06/2026 02:35:12;;Dossier refusé;Choix de l'offre et livraison;587.89
1567;09/06/2026 02:09:12;;Souscription non démarrée;Parcours non démarré;407.26
1568;09/06/2026 02:09:12;;Souscription non démarrée;Parcours non démarré;348.94
1569;09/06/2026 02:08:57;;Dossier validé;Parcours terminé;598.49
1570;09/06/2026 02:08:57;;Dossier validé;Parcours terminé;194.92
1571;09/06/2026 01:50:03;;Souscription en cours;Coordonnées personnelles;732.19
1572;09/06/2026 01:50:03;;Souscription en cours;Coordonnées personnelles;608.24
1573;09/06/2026 01:33:20;Z5750800;Dossier validé;Parcours terminé;898.66
1574;09/06/2026 01:33:20;Z5750800;Dossier validé;Parcours terminé;315.95
1575;09/06/2026 01:25:32;;Dossier validé;Parcours terminé;142.09
1576;09/06/2026 01:25:32;;Dossier validé;Parcours terminé;246.10
1577;09/06/2026 01:18:36;;Dossier validé;Parcours terminé;187.21
1578;09/06/2026 01:18:36;;Dossier validé;Parcours terminé;889.40
1579;09/06/2026 01:02:59;;Dossier refusé;Saisie société;373.40
1580;09/06/2026 01:02:59;;Dossier refusé;Saisie société;288.44
1581;09/06/2026 01:00:54;;Dossier validé;Parcours terminé;137.23
1582;09/06/2026 01:00:54;;Dossier validé;Parcours terminé;303.91
1583;09/06/2026 00:47:03;;Dossier validé;Parcours terminé;620.15
1584;09/06/2026 00:47:03;;Dossier validé;Parcours terminé;995.56
1585;09/06/2026 00:19:08;;Souscription en cours;Signature Contrat;825.57
1586;09/06/2026 00:19:08;;Souscription en cours;Signature Contrat;985.61
1587;09/06/2026 00:09:46;;Dossier refusé;Informations complémentaires (Etablissements, etc.);839.37
1588;09/06/2026 00:09:46;;Dossier refusé;Informations complémentaires (Etablissements, etc.);961.57
1589;08/06/2026 23:59:40;;Dossier validé;Parcours terminé;440.55
1590;08/06/2026 23:59:40;;Dossier validé;Parcours terminé;113.93
1591;08/06/2026 23:50:18;Hugo MARTIN;Dossier refusé;Bénéficiaire effectifs;634.24
1592;08/06/2026 23:50:18;Hugo MARTIN;Dossier refusé;Bénéficiaire effectifs;690.73
1593;08/06/2026 23:40:58;;Souscription en cours;Coordonnées personnelles;234.17
1594;08/06/2026 23:40:58;;Souscription en cours;Coordonnées personnelles;951.06
1595;08/06/2026 23:28:59;;Souscription en cours;Coordonnées personnelles;537.41
1596;08/06/2026 23:28:59;;Souscription en cours;Coordonnées personnelles;603.17
1597;08/06/2026 22:52:53;;Dossier validé;Parcours terminé;422.48
1598;08/06/2026 22:52:53;;Dossier validé;Parcours terminé;109.44
1599;08/06/2026 22:41:05;;Dossier refusé;Bénéficiaire effectifs;822.17
1600;08/06/2026 22:41:05;;Dossier refusé;Bénéficiaire effectifs;929.61
1601;08/06/2026 22:34:11;;En attente d'analyse Agent - Dossier avec erreurs;Signature Contrat;670.85
1602;08/06/2026 22:34:11;;En attente d'analyse Agent - Dossier avec erreurs;Signature Contrat;912.62
1603;08/06/2026 22:26:01;;Dossier validé;Parcours terminé;985.70
1604;08/06/2026 22:26:01;;Dossier validé;Parcours terminé;499.28
1605;08/06/2026 21:54:42;;Dossier refusé;Signature Contrat;419.31
1606;08/06/2026 21:54:42;;Dossier refusé;Signature Contrat;100.61
1607;08/06/2026 21:54:22;;Souscription en cours;Coordonnées personnelles;701.43
1608;08/06/2026 21:54:22;;Souscription en cours;Coordonnées personnelles;424.42
1609;08/06/2026 21:51:13;Hugo MARTIN;Dossier validé;Parcours terminé;118.63
1610;08/06/2026 21:51:13;Hugo MARTIN;Dossier validé;Parcours terminé;772.86
1611;08/06/2026 21:44:39;;Dossier refusé;Saisie société;947.11
1612;08/06/2026 21:44:39;;Dossier refusé;Saisie société;949.71
1613;08/06/2026 21:32:09;;Souscription non démarrée;Parcours non démarré;470.28
1614;08/06/2026 21:32:09;;Souscription non démarrée;Parcours non démarré;884.09
1615;08/06/2026 21:27:59;;Souscription non démarrée;Parcours non démarré;447.82
1616;08/06/2026 21:27:59;;Souscription non démarrée;Parcours non démarré;151.45
1617;08/06/2026 21:20:47;;Dossier refusé;Saisie société;662.80
1618;08/06/2026 21:20:47;;Dossier refusé;Saisie société;889.64
1619;08/06/2026 21:17:14;;Dossier validé;Parcours terminé;292.04
1620;08/06/2026 21:17:14;;Dossier validé;Parcours terminé;173.17
1621;08/06/2026 21:12:03;;Souscription en cours;Vérification d'identité;301.87
1622;08/06/2026 21:12:03;;Souscription en cours;Vérification d'identité;756.36
1623;08/06/2026 21:10:55;;En attente d'analyse Agent - Dossier avec erreurs;Signature Contrat;373.91
1624;08/06/2026 21:10:55;;En attente d'analyse Agent - Dossier avec erreurs;Signature Contrat;824.49
1625;08/06/2026 21:10:34;;Souscription en cours;Informations complémentaires (CA, Profession, etc.);482.89
1626;08/06/2026 21:10:34;;Souscription en cours;Informations complémentaires (CA, Profession, etc.);122.17
1627;08/06/2026 21:02:56;;Dossier validé;Parcours terminé;320.45
1628;08/06/2026 21:02:56;;Dossier validé;Parcours terminé;701.33
1629;08/06/2026 20:55:18;;Dossier refusé;Signature Contrat;843.09
1630;08/06/2026 20:55:18;;Dossier refusé;Signature Contrat;872.08
1631;08/06/2026 20:44:20;;Souscription en cours;Coordonnées personnelles;559.10
1632;08/06/2026 20:44:20;;Souscription en cours;Coordonnées personnelles;283.92
1633;08/06/2026 20:28:51;;Dossier validé;Parcours terminé;453.72
1634;08/06/2026 20:28:51;;Dossier validé;Parcours terminé;435.61
1635;08/06/2026 20:09:26;;Souscription en cours;Vérification d'identité;907.94
1636;08/06/2026 20:09:26;;Souscription en cours;Vérification d'identité;441.50
1637;08/06/2026 20:06:30;;Souscription non démarrée;Parcours non démarré;461.64
1638;08/06/2026 20:06:30;;Souscription non démarrée;Parcours non démarré;559.22
1639;08/06/2026 19:58:50;;Souscription en cours;Bénéficiaire effectifs;699.43
1640;08/06/2026 19:58:50;;Souscription en cours;Bénéficiaire effectifs;926.43
1641;08/06/2026 19:53:45;;Dossier validé;Parcours terminé;878.69
1642;08/06/2026 19:53:45;;Dossier validé;Parcours terminé;710.58
1643;08/06/2026 19:52:42;;Dossier validé;Parcours terminé;458.09
1644;08/06/2026 19:52:42;;Dossier validé;Parcours terminé;558.02
1645;08/06/2026 19:44:17;;Dossier validé;Parcours terminé;368.45
1646;08/06/2026 19:44:17;;Dossier validé;Parcours terminé;387.34
1647;08/06/2026 19:42:18;;Dossier validé;Parcours terminé;556.14
1648;08/06/2026 19:42:18;;Dossier validé;Parcours terminé;426.30
1649;08/06/2026 19:30:41;;Souscription en cours;Informations complémentaires (CA, Profession, etc.);469.90
1650;08/06/2026 19:30:41;;Souscription en cours;Informations complémentaires (CA, Profession, etc.);384.99
1651;08/06/2026 19:27:23;;Souscription non démarrée;Parcours non démarré;960.96
1652;08/06/2026 19:27:23;;Souscription non démarrée;Parcours non démarré;722.26
1653;08/06/2026 19:26:59;;Dossier validé;Parcours terminé;348.66
1654;08/06/2026 19:26:59;;Dossier validé;Parcours terminé;712.04
1655;08/06/2026 19:18:38;;Souscription non démarrée;Parcours non démarré;470.09
1656;08/06/2026 19:18:38;;Souscription non démarrée;Parcours non démarré;273.92
1657;08/06/2026 19:14:39;;Souscription en cours;Choix de l'offre et livraison;169.67
1658;08/06/2026 19:14:39;;Souscription en cours;Choix de l'offre et livraison;333.87
1659;08/06/2026 18:53:32;;Souscription en cours;Choix de l'offre et livraison;721.85
1660;08/06/2026 18:53:32;;Souscription en cours;Choix de l'offre et livraison;754.04
1661;08/06/2026 18:48:06;;En attente d'analyse Agent - Dossier avec erreurs;Signature Contrat;490.84
1662;08/06/2026 18:48:06;;En attente d'analyse Agent - Dossier avec erreurs;Signature Contrat;510.88
1663;08/06/2026 18:06:55;Hugo DUBOIS;Dossier refusé;Signature Contrat;798.56
1664;08/06/2026 18:06:55;Hugo DUBOIS;Dossier refusé;Signature Contrat;248.94
1665;08/06/2026 17:57:24;;Souscription en cours;Coordonnées personnelles;170.32
1666;08/06/2026 17:57:24;;Souscription en cours;Coordonnées personnelles;139.28
1667;08/06/2026 17:49:18;;Souscription en cours;Signature Contrat;736.42
1668;08/06/2026 17:49:18;;Souscription en cours;Signature Contrat;497.61
1669;08/06/2026 17:39:46;;Dossier validé;Parcours terminé;776.14
1670;08/06/2026 17:39:46;;Dossier validé;Parcours terminé;627.27
1671;08/06/2026 17:24:14;;Souscription en cours;Signature Contrat;838.95
1672;08/06/2026 17:24:14;;Souscription en cours;Signature Contrat;180.82
1673;08/06/2026 16:53:06;;Souscription en cours;Signature Contrat;209.26
1674;08/06/2026 16:53:06;;Souscription en cours;Signature Contrat;662.85
1675;08/06/2026 16:47:57;;Dossier validé;Parcours terminé;450.05
1676;08/06/2026 16:47:57;;Dossier validé;Parcours terminé;595.12
1677;08/06/2026 16:41:44;;Dossier validé;Parcours terminé;977.21
1678;08/06/2026 16:41:44;;Dossier validé;Parcours terminé;760.02
1679;08/06/2026 16:36:39;;Dossier validé;Parcours terminé;299.80
1680;08/06/2026 16:36:39;;Dossier validé;Parcours terminé;975.25
1681;08/06/2026 16:31:10;;Dossier validé;Parcours terminé;129.82
1682;08/06/2026 16:31:10;;Dossier validé;Parcours terminé;418.36
1683;08/06/2026 16:29:44;;Souscription en cours;Synchronisation référentiel personne NOVA;269.11
1684;08/06/2026 16:29:44;;Souscription en cours;Synchronisation référentiel personne NOVA;234.39
1685;08/06/2026 16:05:06;;Souscription en cours;Coordonnées personnelles;739.85
1686;08/06/2026 16:05:06;;Souscription en cours;Coordonnées personnelles;813.80
1687;08/06/2026 16:02:40;;Souscription en cours;Coordonnées personnelles;552.31
1688;08/06/2026 16:02:40;;Souscription en cours;Coordonnées personnelles;395.32
1689;08/06/2026 16:01:18;;Dossier refusé;Saisie société;768.64
1690;08/06/2026 16:01:18;;Dossier refusé;Saisie société;838.23
1691;08/06/2026 15:48:55;;Dossier validé;Parcours terminé;261.28
1692;08/06/2026 15:48:55;;Dossier validé;Parcours terminé;619.21
1693;08/06/2026 15:43:28;;Souscription en cours;Coordonnées personnelles;747.90
1694;08/06/2026 15:43:28;;Souscription en cours;Coordonnées personnelles;532.21
1695;08/06/2026 15:28:15;;En attente d'analyse Agent - Dossier avec erreurs;Signature Contrat;364.45
1696;08/06/2026 15:28:15;;En attente d'analyse Agent - Dossier avec erreurs;Signature Contrat;353.49
1697;08/06/2026 15:27:38;;En attente d'analyse Agent - Dossier avec erreurs;Signature Contrat;719.82
1698;08/06/2026 15:27:38;;En attente d'analyse Agent - Dossier avec erreurs;Signature Contrat;320.00
1699;08/06/2026 15:26:50;;Souscription en cours;Vérification d'identité;562.35
1700;08/06/2026 15:26:50;;Souscription en cours;Vérification d'identité;283.71
1701;08/06/2026 15:25:36;;Souscription en cours;Vérification d'identité;810.98
1702;08/06/2026 15:25:36;;Souscription en cours;Vérification d'identité;215.65
1703;08/06/2026 15:25:34;;Souscription en cours;Coordonnées personnelles;574.64
1704;08/06/2026 15:25:34;;Souscription en cours;Coordonnées personnelles;757.78
1705;08/06/2026 15:22:33;;Souscription en cours;Coordonnées personnelles;880.79
1706;08/06/2026 15:22:33;;Souscription en cours;Coordonnées personnelles;438.22
1707;08/06/2026 15:18:05;;Souscription en cours;Coordonnées personnelles;110.75
1708;08/06/2026 15:18:05;;Souscription en cours;Coordonnées personnelles;846.75
1709;08/06/2026 15:14:23;;Dossier validé;Parcours terminé;933.87
1710;08/06/2026 15:14:23;;Dossier validé;Parcours terminé;689.65
1711;08/06/2026 14:59:56;Hugo MARTIN;Dossier validé;Parcours terminé;579.08
1712;08/06/2026 14:59:56;Hugo MARTIN;Dossier validé;Parcours terminé;730.12
1713;08/06/2026 14:52:55;;Souscription en cours;Coordonnées personnelles;421.04
1714;08/06/2026 14:52:55;;Souscription en cours;Coordonnées personnelles;757.30
1715;08/06/2026 14:44:03;;Souscription en cours;Vérification d'identité;509.64
1716;08/06/2026 14:44:03;;Souscription en cours;Vérification d'identité;808.36
1717;08/06/2026 14:34:41;;Dossier validé;Parcours terminé;468.79
1718;08/06/2026 14:34:41;;Dossier validé;Parcours terminé;765.81
1719;08/06/2026 14:31:49;;En attente d'analyse Agent - Dossier avec erreurs;Signature Contrat;132.79
1720;08/06/2026 14:31:49;;En attente d'analyse Agent - Dossier avec erreurs;Signature Contrat;962.47
1721;08/06/2026 14:20:14;;Dossier refusé;Saisie société;656.99
1722;08/06/2026 14:20:14;;Dossier refusé;Saisie société;547.30
1723;08/06/2026 14:12:43;;Souscription en cours;Vérification d'identité;866.20
1724;08/06/2026 14:12:43;;Souscription en cours;Vérification d'identité;114.41
1725;08/06/2026 14:11:15;;Souscription en cours;Coordonnées personnelles;179.04
1726;08/06/2026 14:11:15;;Souscription en cours;Coordonnées personnelles;746.98
1727;08/06/2026 14:10:55;;Dossier validé;Parcours terminé;831.13
1728;08/06/2026 14:10:55;;Dossier validé;Parcours terminé;952.64
1729;08/06/2026 13:56:49;;Souscription en cours;Informations complémentaires (CA, Profession, etc.);680.43
1730;08/06/2026 13:56:49;;Souscription en cours;Informations complémentaires (CA, Profession, etc.);984.05
1731;08/06/2026 13:53:26;;Dossier validé;Parcours terminé;456.26
1732;08/06/2026 13:53:26;;Dossier validé;Parcours terminé;113.45
1733;08/06/2026 13:47:12;;Souscription en cours;Informations complémentaires (Etablissements, etc.);596.19
1734;08/06/2026 13:47:12;;Souscription en cours;Informations complémentaires (Etablissements, etc.);476.03
1735;08/06/2026 13:42:52;;Dossier validé;Parcours terminé;711.83
1736;08/06/2026 13:42:52;;Dossier validé;Parcours terminé;131.62
1737;08/06/2026 13:32:45;Rayan MICHEL;Dossier refusé;Parcours non démarré;732.84
1738;08/06/2026 13:32:45;Rayan MICHEL;Dossier refusé;Parcours non démarré;781.86
1739;08/06/2026 13:08:09;;Souscription non démarrée;Parcours non démarré;955.81
1740;08/06/2026 13:08:09;;Souscription non démarrée;Parcours non démarré;945.26
1741;08/06/2026 13:05:02;;Dossier validé;Parcours terminé;501.29
1742;08/06/2026 13:05:02;;Dossier validé;Parcours terminé;566.15
1743;08/06/2026 13:02:04;;Souscription non démarrée;Parcours non démarré;761.47
1744;08/06/2026 13:02:04;;Souscription non démarrée;Parcours non démarré;186.82
1745;08/06/2026 12:58:05;;Souscription en cours;Coordonnées personnelles;293.47
1746;08/06/2026 12:58:05;;Souscription en cours;Coordonnées personnelles;489.98
1747;08/06/2026 12:46:26;;Souscription en cours;Informations complémentaires (Etablissements, etc.);388.35
1748;08/06/2026 12:46:26;;Souscription en cours;Informations complémentaires (Etablissements, etc.);456.21
1749;08/06/2026 12:37:03;;Souscription en cours;Synchronisation référentiel personne NOVA;845.92
1750;08/06/2026 12:37:03;;Souscription en cours;Synchronisation référentiel personne NOVA;919.62
1751;08/06/2026 12:32:59;;Souscription non démarrée;Parcours non démarré;580.76
1752;08/06/2026 12:32:59;;Souscription non démarrée;Parcours non démarré;517.72
1753;08/06/2026 12:24:19;;Dossier validé;Parcours terminé;448.06
1754;08/06/2026 12:24:19;;Dossier validé;Parcours terminé;437.77
1755;08/06/2026 12:20:19;;Dossier validé;Parcours terminé;501.96
1756;08/06/2026 12:20:19;;Dossier validé;Parcours terminé;378.64
1757;08/06/2026 12:09:00;;Dossier refusé;Saisie société;683.36
1758;08/06/2026 12:09:00;;Dossier refusé;Saisie société;275.55
1759;08/06/2026 12:06:42;;Dossier refusé;Choix de l'offre et livraison;733.57
1760;08/06/2026 12:06:42;;Dossier refusé;Choix de l'offre et livraison;303.62
1761;08/06/2026 12:03:01;;Souscription en cours;Choix de l'offre et livraison;953.93
1762;08/06/2026 12:03:01;;Souscription en cours;Choix de l'offre et livraison;815.13
1763;08/06/2026 11:57:13;;Souscription en cours;Coordonnées personnelles;331.40
1764;08/06/2026 11:57:13;;Souscription en cours;Coordonnées personnelles;587.51
1765;08/06/2026 11:46:47;;Dossier validé;Parcours terminé;147.40
1766;08/06/2026 11:46:47;;Dossier validé;Parcours terminé;568.20
1767;08/06/2026 11:41:40;;Souscription non démarrée;Parcours non démarré;151.98
1768;08/06/2026 11:41:40;;Souscription non démarrée;Parcours non démarré;471.38
1769;08/06/2026 11:30:08;;Souscription en cours;Vérification client existant NOVA;585.19
1770;08/06/2026 11:30:08;;Souscription en cours;Vérification client existant NOVA;703.76
1771;08/06/2026 11:17:12;;Souscription en cours;Coordonnées personnelles;197.56
1772;08/06/2026 11:17:12;;Souscription en cours;Coordonnées personnelles;908.65
1773;08/06/2026 11:14:57;;Dossier refusé;Saisie société;131.68
1774;08/06/2026 11:14:57;;Dossier refusé;Saisie société;122.03
1775;08/06/2026 10:57:40;Z5735392;Dossier validé;Parcours terminé;210.16
1776;08/06/2026 10:57:40;Z5735392;Dossier validé;Parcours terminé;874.86
1777;08/06/2026 10:57:27;;Souscription en cours;Coordonnées personnelles;244.51
1778;08/06/2026 10:57:27;;Souscription en cours;Coordonnées personnelles;896.89
1779;08/06/2026 10:49:16;;Dossier refusé;Saisie société;815.06
1780;08/06/2026 10:49:16;;Dossier refusé;Saisie société;597.79
1781;08/06/2026 10:41:21;;Souscription en cours;Coordonnées personnelles;984.35
1782;08/06/2026 10:41:21;;Souscription en cours;Coordonnées personnelles;949.52
1783;08/06/2026 10:38:02;;Souscription en cours;Choix de l'offre et livraison;152.36
1784;08/06/2026 10:38:02;;Souscription en cours;Choix de l'offre et livraison;870.88
1785;08/06/2026 10:37:06;;Dossier validé;Parcours terminé;659.53
1786;08/06/2026 10:37:06;;Dossier validé;Parcours terminé;538.78
1787;08/06/2026 10:36:44;;Souscription en cours;Coordonnées personnelles;500.38
1788;08/06/2026 10:36:44;;Souscription en cours;Coordonnées personnelles;517.55
1789;08/06/2026 10:33:25;;Souscription en cours;Coordonnées personnelles;667.80
1790;08/06/2026 10:33:25;;Souscription en cours;Coordonnées personnelles;262.71
1791;08/06/2026 10:15:25;;Souscription en cours;Vérification d'identité;184.70
1792;08/06/2026 10:15:25;;Souscription en cours;Vérification d'identité;202.34
1793;08/06/2026 10:07:33;Hugo MARTIN;Dossier refusé;Signature Contrat;525.17
1794;08/06/2026 10:07:33;Hugo MARTIN;Dossier refusé;Signature Contrat;456.08
1795;08/06/2026 10:01:32;;Souscription en cours;Choix de l'offre et livraison;705.97
1796;08/06/2026 10:01:32;;Souscription en cours;Choix de l'offre et livraison;447.56
1797;08/06/2026 09:57:13;;Souscription non démarrée;Parcours non démarré;998.78
1798;08/06/2026 09:57:13;;Souscription non démarrée;Parcours non démarré;524.22
1799;08/06/2026 09:45:25;;Souscription en cours;Coordonnées personnelles;914.37
1800;08/06/2026 09:45:25;;Souscription en cours;Coordonnées personnelles;311.49
1801;08/06/2026 09:41:10;;Dossier validé;Parcours terminé;274.04
1802;08/06/2026 09:41:10;;Dossier validé;Parcours terminé;661.02
1803;08/06/2026 09:29:36;;Dossier refusé;Informations complémentaires (Etablissements, etc.);596.38
1804;08/06/2026 09:29:36;;Dossier refusé;Informations complémentaires (Etablissements, etc.);585.35
1805;08/06/2026 09:25:02;;Dossier validé;Parcours terminé;763.03
1806;08/06/2026 09:25:02;;Dossier validé;Parcours terminé;559.56
1807;08/06/2026 09:17:35;;Souscription non démarrée;Parcours non démarré;838.43
1808;08/06/2026 09:17:35;;Souscription non démarrée;Parcours non démarré;230.58
1809;08/06/2026 09:09:15;;Souscription en cours;Coordonnées personnelles;638.03
1810;08/06/2026 09:09:15;;Souscription en cours;Coordonnées personnelles;455.59
1811;08/06/2026 09:06:11;;Dossier validé;Parcours terminé;824.30
1812;08/06/2026 09:06:11;;Dossier validé;Parcours terminé;566.52
1813;08/06/2026 09:05:29;;Souscription en cours;Informations complémentaires (Etablissements, etc.);411.92
1814;08/06/2026 09:05:29;;Souscription en cours;Informations complémentaires (Etablissements, etc.);220.27
1815;08/06/2026 08:20:36;;Souscription en cours;Choix de l'offre et livraison;833.69
1816;08/06/2026 08:20:36;;Souscription en cours;Choix de l'offre et livraison;125.02
1817;08/06/2026 08:17:53;;Souscription non démarrée;Parcours non démarré;847.21
1818;08/06/2026 08:17:53;;Souscription non démarrée;Parcours non démarré;106.56
1819;08/06/2026 07:41:02;;Dossier validé;Parcours terminé;554.13
1820;08/06/2026 07:41:02;;Dossier validé;Parcours terminé;781.07
1821;08/06/2026 06:15:15;;Dossier validé;Parcours terminé;641.34
1822;08/06/2026 06:15:15;;Dossier validé;Parcours terminé;134.88
1823;08/06/2026 04:35:12;;Souscription en cours;Signature Contrat;531.27
1824;08/06/2026 04:35:12;;Souscription en cours;Signature Contrat;684.97
1825;08/06/2026 02:56:46;;Souscription en cours;Choix de l'offre et livraison;838.97
1826;08/06/2026 02:56:46;;Souscription en cours;Choix de l'offre et livraison;771.40
1827;08/06/2026 02:51:19;;Souscription en cours;Coordonnées personnelles;845.07
1828;08/06/2026 02:51:19;;Souscription en cours;Coordonnées personnelles;776.20
1829;08/06/2026 02:34:26;Manon LEFEBVRE;Dossier refusé;Signature Contrat;314.97
1830;08/06/2026 02:34:26;Manon LEFEBVRE;Dossier refusé;Signature Contrat;390.98
1831;08/06/2026 02:26:30;;Dossier validé;Parcours terminé;449.41
1832;08/06/2026 02:26:30;;Dossier validé;Parcours terminé;838.81
1833;08/06/2026 02:15:02;;Dossier validé;Parcours terminé;838.60
1834;08/06/2026 02:15:02;;Dossier validé;Parcours terminé;893.02
1835;08/06/2026 01:21:15;;Souscription en cours;Coordonnées personnelles;930.00
1836;08/06/2026 01:21:15;;Souscription en cours;Coordonnées personnelles;328.01
1837;08/06/2026 01:14:07;;Dossier validé;Parcours terminé;696.50
1838;08/06/2026 01:14:07;;Dossier validé;Parcours terminé;953.47
1839;08/06/2026 00:38:16;;Souscription non démarrée;Parcours non démarré;756.87
1840;08/06/2026 00:38:16;;Souscription non démarrée;Parcours non démarré;637.15
1841;08/06/2026 00:20:00;;Souscription non démarrée;Parcours non démarré;654.84
1842;08/06/2026 00:20:00;;Souscription non démarrée;Parcours non démarré;601.10
1843;07/06/2026 23:41:51;;Souscription en cours;Choix de l'offre et livraison;249.31
1844;07/06/2026 23:41:51;;Souscription en cours;Choix de l'offre et livraison;707.73
1845;07/06/2026 23:30:14;;Souscription non démarrée;Parcours non démarré;301.47
1846;07/06/2026 23:30:14;;Souscription non démarrée;Parcours non démarré;491.29
1847;07/06/2026 22:54:37;;Dossier validé;Parcours terminé;712.72
1848;07/06/2026 22:54:37;;Dossier validé;Parcours terminé;320.59
1849;07/06/2026 22:54:30;;Dossier refusé;Signature Contrat;291.61
1850;07/06/2026 22:54:30;;Dossier refusé;Signature Contrat;246.99
1851;07/06/2026 22:51:00;;Souscription en cours;Synchronisation référentiel personne NOVA;946.61
1852;07/06/2026 22:51:00;;Souscription en cours;Synchronisation référentiel personne NOVA;369.55
1853;07/06/2026 22:33:13;;Souscription en cours;Signature Contrat;252.80
1854;07/06/2026 22:33:13;;Souscription en cours;Signature Contrat;771.91
1855;07/06/2026 20:59:45;;Dossier validé;Parcours terminé;398.71
1856;07/06/2026 20:59:45;;Dossier validé;Parcours terminé;554.81
1857;07/06/2026 20:12:03;;Souscription en cours;Coordonnées personnelles;994.19
1858;07/06/2026 20:12:03;;Souscription en cours;Coordonnées personnelles;658.27
1859;07/06/2026 19:29:55;Z5735392;Dossier validé;Parcours terminé;166.50
1860;07/06/2026 19:29:55;Z5735392;Dossier validé;Parcours terminé;406.02
1861;07/06/2026 19:22:12;;Dossier validé;Parcours terminé;699.99
1862;07/06/2026 19:22:12;;Dossier validé;Parcours terminé;785.50
1863;07/06/2026 19:09:13;;Dossier validé;Parcours terminé;185.37
1864;07/06/2026 19:09:13;;Dossier validé;Parcours terminé;866.95
1865;07/06/2026 18:44:08;;Dossier validé;Parcours terminé;260.86
1866;07/06/2026 18:44:08;;Dossier validé;Parcours terminé;353.94
1867;07/06/2026 18:01:58;;Souscription en cours;Coordonnées personnelles;831.39
1868;07/06/2026 18:01:58;;Souscription en cours;Coordonnées personnelles;952.99
1869;07/06/2026 17:53:33;;Dossier refusé;Saisie société;605.77
1870;07/06/2026 17:53:33;;Dossier refusé;Saisie société;614.96
1871;07/06/2026 17:34:29;;Souscription en cours;Coordonnées personnelles;810.01
1872;07/06/2026 17:34:29;;Souscription en cours;Coordonnées personnelles;323.61
1873;07/06/2026 17:25:23;;Souscription non démarrée;Parcours non démarré;354.80
1874;07/06/2026 17:25:23;;Souscription non démarrée;Parcours non démarré;417.16
1875;07/06/2026 17:09:41;;Dossier validé;Parcours terminé;246.42
1876;07/06/2026 17:09:41;;Dossier validé;Parcours terminé;129.22
1877;07/06/2026 17:09:05;;Souscription en cours;Vérification d'identité;335.39
1878;07/06/2026 17:09:05;;Souscription en cours;Vérification d'identité;589.06
1879;07/06/2026 17:06:11;;Souscription non démarrée;Parcours non démarré;652.56
1880;07/06/2026 17:06:11;;Souscription non démarrée;Parcours non démarré;889.02
1881;07/06/2026 16:48:08;;Dossier refusé;Saisie société;319.05
1882;07/06/2026 16:48:08;;Dossier refusé;Saisie société;133.63
1883;07/06/2026 16:47:35;;Dossier validé;Parcours terminé;816.96
1884;07/06/2026 16:47:35;;Dossier validé;Parcours terminé;813.66
1885;07/06/2026 16:43:23;;Dossier refusé;Signature Contrat;142.47
1886;07/06/2026 16:43:23;;Dossier refusé;Signature Contrat;149.76
1887;07/06/2026 16:20:33;;Dossier validé;Parcours terminé;651.88
1888;07/06/2026 16:20:33;;Dossier validé;Parcours terminé;276.89
1889;07/06/2026 16:12:29;;Souscription non démarrée;Parcours non démarré;977.52
1890;07/06/2026 16:12:29;;Souscription non démarrée;Parcours non démarré;485.99
1891;07/06/2026 16:02:39;;Dossier refusé;Choix de l'offre et livraison;495.36
1892;07/06/2026 16:02:39;;Dossier refusé;Choix de l'offre et livraison;482.67
1893;07/06/2026 16:02:39;;En attente d'analyse Agent - Dossier avec erreurs;Signature Contrat;977.21
1894;07/06/2026 16:02:39;;En attente d'analyse Agent - Dossier avec erreurs;Signature Contrat;382.96
1895;07/06/2026 15:21:43;;Souscription en cours;Coordonnées personnelles;252.95
1896;07/06/2026 15:21:43;;Souscription en cours;Coordonnées personnelles;903.82
1897;07/06/2026 15:16:59;;Dossier validé;Parcours terminé;810.17
1898;07/06/2026 15:16:59;;Dossier validé;Parcours terminé;869.15
1899;07/06/2026 15:13:48;;Souscription en cours;Coordonnées personnelles;162.37
1900;07/06/2026 15:13:48;;Souscription en cours;Coordonnées personnelles;383.98
1901;07/06/2026 15:08:44;;Souscription en cours;Coordonnées personnelles;453.29
1902;07/06/2026 15:08:44;;Souscription en cours;Coordonnées personnelles;682.15
1903;07/06/2026 15:04:30;;Dossier refusé;Signature Contrat;205.61
1904;07/06/2026 15:04:30;;Dossier refusé;Signature Contrat;146.39
1905;07/06/2026 15:03:28;;Souscription en cours;Signature Contrat;663.90
1906;07/06/2026 15:03:28;;Souscription en cours;Signature Contrat;571.80
1907;07/06/2026 15:01:08;;Dossier refusé;Saisie société;589.25
1908;07/06/2026 15:01:08;;Dossier refusé;Saisie société;975.16
1909;07/06/2026 14:56:03;;Souscription en cours;Coordonnées personnelles;658.44
1910;07/06/2026 14:56:03;;Souscription en cours;Coordonnées personnelles;329.24
1911;07/06/2026 14:50:44;;Souscription en cours;Vérification d'identité;471.85
1912;07/06/2026 14:50:44;;Souscription en cours;Vérification d'identité;537.26
1913;07/06/2026 14:46:47;;Dossier refusé;Bénéficiaire effectifs;872.49
1914;07/06/2026 14:46:47;;Dossier refusé;Bénéficiaire effectifs;621.46
1915;07/06/2026 14:38:49;;Dossier validé;Parcours terminé;637.38
1916;07/06/2026 14:38:49;;Dossier validé;Parcours terminé;522.32
1917;07/06/2026 14:23:56;;Souscription en cours;Informations complémentaires (Etablissements, etc.);192.39
1918;07/06/2026 14:23:56;;Souscription en cours;Informations complémentaires (Etablissements, etc.);312.39
1919;07/06/2026 14:19:56;;Dossier validé;Parcours terminé;168.98
1920;07/06/2026 14:19:56;;Dossier validé;Parcours terminé;388.04
1921;07/06/2026 14:11:09;;Dossier validé;Parcours terminé;198.53
1922;07/06/2026 14:11:09;;Dossier validé;Parcours terminé;756.70
1923;07/06/2026 13:53:36;;Souscription en cours;Coordonnées personnelles;348.16
1924;07/06/2026 13:53:36;;Souscription en cours;Coordonnées personnelles;144.57
1925;07/06/2026 13:16:30;;Souscription en cours;Coordonnées personnelles;783.50
1926;07/06/2026 13:16:30;;Souscription en cours;Coordonnées personnelles;924.48
1927;07/06/2026 13:03:28;Hugo MARTIN;Dossier validé;Parcours terminé;681.64
1928;07/06/2026 13:03:28;Hugo MARTIN;Dossier validé;Parcours terminé;852.35
1929;07/06/2026 13:00:39;;En attente d'analyse Agent - Dossier avec erreurs;Signature Contrat;382.15
1930;07/06/2026 13:00:39;;En attente d'analyse Agent - Dossier avec erreurs;Signature Contrat;932.72
1931;07/06/2026 12:45:48;;Souscription non démarrée;Parcours non démarré;441.38
1932;07/06/2026 12:45:48;;Souscription non démarrée;Parcours non démarré;281.21
1933;07/06/2026 12:36:36;;Dossier refusé;Coordonnées personnelles;547.54
1934;07/06/2026 12:36:36;;Dossier refusé;Coordonnées personnelles;869.97
1935;07/06/2026 12:32:27;;Dossier validé;Parcours terminé;878.30
1936;07/06/2026 12:32:27;;Dossier validé;Parcours terminé;247.58
1937;07/06/2026 12:28:42;;Dossier refusé;Parcours non démarré;498.79
1938;07/06/2026 12:28:42;;Dossier refusé;Parcours non démarré;961.48
1939;07/06/2026 12:23:46;;Souscription en cours;Coordonnées personnelles;882.10
1940;07/06/2026 12:23:46;;Souscription en cours;Coordonnées personnelles;487.68
1941;07/06/2026 11:55:01;;Dossier validé;Parcours terminé;727.88
1942;07/06/2026 11:55:01;;Dossier validé;Parcours terminé;393.97
1943;07/06/2026 11:47:43;;Souscription en cours;Choix de l'offre et livraison;494.24
1944;07/06/2026 11:47:43;;Souscription en cours;Choix de l'offre et livraison;997.23
1945;07/06/2026 11:46:55;;Souscription en cours;Choix de l'offre et livraison;111.26
1946;07/06/2026 11:46:55;;Souscription en cours;Choix de l'offre et livraison;658.17
1947;07/06/2026 11:46:06;;Souscription en cours;Vérification d'identité;907.95
1948;07/06/2026 11:46:06;;Souscription en cours;Vérification d'identité;482.29
1949;07/06/2026 11:43:17;;Dossier validé;Parcours terminé;976.83
1950;07/06/2026 11:43:17;;Dossier validé;Parcours terminé;136.62
1951;07/06/2026 11:36:01;Hugo MARTIN;Dossier validé;Parcours terminé;832.54
1952;07/06/2026 11:36:01;Hugo MARTIN;Dossier validé;Parcours terminé;783.28
1953;07/06/2026 11:28:39;;Souscription en cours;Signature Contrat;489.03
1954;07/06/2026 11:28:39;;Souscription en cours;Signature Contrat;132.06
1955;07/06/2026 11:27:33;;Dossier refusé;Choix de l'offre et livraison;854.97
1956;07/06/2026 11:27:33;;Dossier refusé;Choix de l'offre et livraison;599.94
1957;07/06/2026 11:16:40;;Souscription en cours;Coordonnées personnelles;603.08
1958;07/06/2026 11:16:40;;Souscription en cours;Coordonnées personnelles;456.73
1959;07/06/2026 11:16:18;;Souscription en cours;Vérification d'identité;126.68
1960;07/06/2026 11:16:18;;Souscription en cours;Vérification d'identité;317.61
1961;07/06/2026 11:14:55;;En attente d'analyse Agent - Dossier avec erreurs;Signature Contrat;688.77
1962;07/06/2026 11:14:55;;En attente d'analyse Agent - Dossier avec erreurs;Signature Contrat;808.88
1963;07/06/2026 11:07:49;;Souscription en cours;Coordonnées personnelles;194.43
1964;07/06/2026 11:07:49;;Souscription en cours;Coordonnées personnelles;983.49
1965;07/06/2026 11:04:40;;Souscription en cours;Coordonnées personnelles;176.51
1966;07/06/2026 11:04:40;;Souscription en cours;Coordonnées personnelles;414.75
1967;07/06/2026 10:56:03;;Souscription en cours;Coordonnées personnelles;184.39
1968;07/06/2026 10:56:03;;Souscription en cours;Coordonnées personnelles;911.26
1969;07/06/2026 10:27:35;;Souscription en cours;Synchronisation référentiel personne NOVA;740.71
1970;07/06/2026 10:27:35;;Souscription en cours;Synchronisation référentiel personne NOVA;995.27
1971;07/06/2026 10:24:08;;Souscription en cours;Choix de l'offre et livraison;845.23
1972;07/06/2026 10:24:08;;Souscription en cours;Choix de l'offre et livraison;615.73
1973;07/06/2026 10:17:52;;Souscription non démarrée;Parcours non démarré;498.71
1974;07/06/2026 10:17:52;;Souscription non démarrée;Parcours non démarré;264.88
1975;07/06/2026 10:15:19;;Dossier validé;Parcours terminé;260.13
1976;07/06/2026 10:15:19;;Dossier validé;Parcours terminé;626.90
1977;07/06/2026 10:15:16;;Dossier validé;Parcours terminé;776.44
1978;07/06/2026 10:15:16;;Dossier validé;Parcours terminé;941.42
1979;07/06/2026 10:14:08;;Souscription en cours;Informations complémentaires (CA, Profession, etc.);395.85
1980;07/06/2026 10:14:08;;Souscription en cours;Informations complémentaires (CA, Profession, etc.);906.41
1981;07/06/2026 10:00:41;;Dossier refusé;Parcours non démarré;661.95
1982;07/06/2026 10:00:41;;Dossier refusé;Parcours non démarré;556.17
1983;07/06/2026 09:25:24;;Dossier validé;Parcours terminé;136.36
1984;07/06/2026 09:25:24;;Dossier validé;Parcours terminé;455.20
1985;07/06/2026 09:03:14;;Souscription en cours;Coordonnées personnelles;278.66
1986;07/06/2026 09:03:14;;Souscription en cours;Coordonnées personnelles;593.12
1987;07/06/2026 08:53:37;;Souscription en cours;Coordonnées personnelles;820.48
1988;07/06/2026 08:53:37;;Souscription en cours;Coordonnées personnelles;891.50
1989;07/06/2026 08:22:06;;Souscription en cours;Coordonnées personnelles;495.47
1990;07/06/2026 08:22:06;;Souscription en cours;Coordonnées personnelles;676.34
1991;07/06/2026 07:44:34;;Souscription en cours;Choix de l'offre et livraison;175.32
1992;07/06/2026 07:44:34;;Souscription en cours;Choix de l'offre et livraison;859.01
1993;07/06/2026 07:30:10;;Souscription en cours;Vérification d'identité;205.34
1994;07/06/2026 07:30:10;;Souscription en cours;Vérification d'identité;636.78
1995;07/06/2026 04:52:16;;Dossier validé;Parcours terminé;829.95
1996;07/06/2026 04:52:16;;Dossier validé;Parcours terminé;460.57
1997;07/06/2026 03:59:26;;Souscription en cours;Signature Contrat;857.20
1998;07/06/2026 03:59:26;;Souscription en cours;Signature Contrat;622.40
1999;07/06/2026 02:30:19;;Souscription en cours;Vérification d'identité;726.86
2000;07/06/2026 02:30:19;;Souscription en cours;Vérification d'identité;292.57
2001;07/06/2026 01:40:01;;Souscription en cours;Coordonnées personnelles;763.26
2002;07/06/2026 01:40:01;;Souscription en cours;Coordonnées personnelles;417.58
2003;07/06/2026 01:06:34;;Dossier validé;Parcours terminé;357.85
2004;07/06/2026 01:06:34;;Dossier validé;Parcours terminé;635.82
2005;06/06/2026 23:54:43;Manon LEFEBVRE;Dossier validé;Parcours terminé;830.41
2006;06/06/2026 23:54:43;Manon LEFEBVRE;Dossier validé;Parcours terminé;439.17
2007;06/06/2026 23:08:33;;En attente d'analyse Agent - Dossier avec erreurs;Signature Contrat;191.54
2008;06/06/2026 23:08:33;;En attente d'analyse Agent - Dossier avec erreurs;Signature Contrat;620.73
2009;06/06/2026 22:55:25;;Dossier validé;Parcours terminé;768.18
2010;06/06/2026 22:55:25;;Dossier validé;Parcours terminé;119.49
2011;06/06/2026 22:46:16;;Dossier validé;Parcours terminé;677.70
2012;06/06/2026 22:46:16;;Dossier validé;Parcours terminé;956.91
2013;06/06/2026 22:42:15;;Souscription en cours;Choix de l'offre et livraison;397.00
2014;06/06/2026 22:42:15;;Souscription en cours;Choix de l'offre et livraison;535.44
2015;06/06/2026 22:17:01;Adam LAURENT;Dossier validé;Parcours terminé;166.11
2016;06/06/2026 22:17:01;Adam LAURENT;Dossier validé;Parcours terminé;964.35
2017;06/06/2026 22:13:13;;Souscription non démarrée;Parcours non démarré;169.31
2018;06/06/2026 22:13:13;;Souscription non démarrée;Parcours non démarré;288.47
2019;06/06/2026 21:46:56;;Dossier validé;Parcours terminé;214.48
2020;06/06/2026 21:46:56;;Dossier validé;Parcours terminé;746.95
2021;06/06/2026 21:32:21;;Souscription en cours;Coordonnées personnelles;229.96
2022;06/06/2026 21:32:21;;Souscription en cours;Coordonnées personnelles;888.63
2023;06/06/2026 21:24:55;;Dossier validé;Parcours terminé;699.15
2024;06/06/2026 21:24:55;;Dossier validé;Parcours terminé;215.44
2025;06/06/2026 21:14:53;;Dossier validé;Parcours terminé;837.03
2026;06/06/2026 21:14:53;;Dossier validé;Parcours terminé;692.67
2027;06/06/2026 21:10:05;;Souscription en cours;Vérification d'identité;432.61
2028;06/06/2026 21:10:05;;Souscription en cours;Vérification d'identité;388.65
2029;06/06/2026 21:08:07;;Souscription non démarrée;Parcours non démarré;899.89
2030;06/06/2026 21:08:07;;Souscription non démarrée;Parcours non démarré;429.64
2031;06/06/2026 20:59:45;;Dossier refusé;Choix de l'offre et livraison;985.13
2032;06/06/2026 20:59:45;;Dossier refusé;Choix de l'offre et livraison;672.27
2033;06/06/2026 20:58:17;;Dossier validé;Parcours terminé;759.53
2034;06/06/2026 20:58:17;;Dossier validé;Parcours terminé;536.42
2035;06/06/2026 20:42:27;;Souscription en cours;Coordonnées personnelles;750.31
2036;06/06/2026 20:42:27;;Souscription en cours;Coordonnées personnelles;869.35
2037;06/06/2026 20:40:15;;Dossier validé;Parcours terminé;160.48
2038;06/06/2026 20:40:15;;Dossier validé;Parcours terminé;527.53
2039;06/06/2026 20:39:16;;Dossier validé;Parcours terminé;982.34
2040;06/06/2026 20:39:16;;Dossier validé;Parcours terminé;727.90
2041;06/06/2026 20:36:42;;Dossier validé;Parcours terminé;372.76
2042;06/06/2026 20:36:42;;Dossier validé;Parcours terminé;609.94
2043;06/06/2026 20:31:29;Hugo MARTIN;Dossier validé;Parcours terminé;603.23
2044;06/06/2026 20:31:29;Hugo MARTIN;Dossier validé;Parcours terminé;164.61
2045;06/06/2026 20:20:38;;Souscription en cours;Vérification d'identité;993.14
2046;06/06/2026 20:20:38;;Souscription en cours;Vérification d'identité;119.37
2047;06/06/2026 20:18:57;Hugo MARTIN;Dossier validé;Parcours terminé;428.54
2048;06/06/2026 20:18:57;Hugo MARTIN;Dossier validé;Parcours terminé;649.81
2049;06/06/2026 19:56:51;;Souscription non démarrée;Parcours non démarré;910.37
2050;06/06/2026 19:56:51;;Souscription non démarrée;Parcours non démarré;541.53
2051;06/06/2026 19:54:07;;Souscription en cours;Vérification d'identité;834.00
2052;06/06/2026 19:54:07;;Souscription en cours;Vérification d'identité;175.05
2053;06/06/2026 19:49:25;;Dossier validé;Parcours terminé;510.97
2054;06/06/2026 19:49:25;;Dossier validé;Parcours terminé;731.19
2055;06/06/2026 19:44:15;;Souscription en cours;Coordonnées personnelles;978.93
2056;06/06/2026 19:44:15;;Souscription en cours;Coordonnées personnelles;995.18
2057;06/06/2026 19:38:57;;Souscription en cours;Signature Contrat;322.49
2058;06/06/2026 19:38:57;;Souscription en cours;Signature Contrat;606.03
2059;06/06/2026 19:25:48;;Souscription en cours;Coordonnées personnelles;638.90
2060;06/06/2026 19:25:48;;Souscription en cours;Coordonnées personnelles;358.23
2061;06/06/2026 19:00:06;;Dossier refusé;Saisie société;381.06
2062;06/06/2026 19:00:06;;Dossier refusé;Saisie société;555.20
2063;06/06/2026 18:59:34;;Souscription en cours;Criblages BE(s);886.96
2064;06/06/2026 18:59:34;;Souscription en cours;Criblages BE(s);236.49
2065;06/06/2026 18:54:50;;Souscription en cours;Choix de l'offre et livraison;490.31
2066;06/06/2026 18:54:50;;Souscription en cours;Choix de l'offre et livraison;991.70
2067;06/06/2026 18:52:19;;Souscription en cours;Coordonnées personnelles;979.86
2068;06/06/2026 18:52:19;;Souscription en cours;Coordonnées personnelles;467.26
2069;06/06/2026 18:15:50;;Souscription en cours;Coordonnées personnelles;678.14
2070;06/06/2026 18:15:50;;Souscription en cours;Coordonnées personnelles;273.10
2071;06/06/2026 18:08:48;;Souscription en cours;Choix de l'offre et livraison;167.57
2072;06/06/2026 18:08:48;;Souscription en cours;Choix de l'offre et livraison;363.79
2073;06/06/2026 18:01:09;;Dossier validé;Parcours terminé;120.52
2074;06/06/2026 18:01:09;;Dossier validé;Parcours terminé;526.72
2075;06/06/2026 17:54:05;;Souscription en cours;Choix de l'offre et livraison;411.92
2076;06/06/2026 17:54:05;;Souscription en cours;Choix de l'offre et livraison;574.36
2077;06/06/2026 17:48:53;;Dossier validé;Parcours terminé;446.20
2078;06/06/2026 17:48:53;;Dossier validé;Parcours terminé;557.13
2079;06/06/2026 17:44:35;;Souscription en cours;Informations complémentaires (CA, Profession, etc.);675.56
2080;06/06/2026 17:44:35;;Souscription en cours;Informations complémentaires (CA, Profession, etc.);705.16
2081;06/06/2026 17:41:15;;Souscription non démarrée;Parcours non démarré;315.99
2082;06/06/2026 17:41:15;;Souscription non démarrée;Parcours non démarré;216.94
2083;06/06/2026 17:39:31;;Souscription en cours;Signature Contrat;381.31
2084;06/06/2026 17:39:31;;Souscription en cours;Signature Contrat;436.95
2085;06/06/2026 17:35:34;;Souscription non démarrée;Parcours non démarré;397.65
2086;06/06/2026 17:35:34;;Souscription non démarrée;Parcours non démarré;516.43
2087;06/06/2026 17:35:05;;Dossier validé;Parcours terminé;580.96
2088;06/06/2026 17:35:05;;Dossier validé;Parcours terminé;275.20
2089;06/06/2026 17:18:31;;Souscription en cours;Coordonnées personnelles;650.63
2090;06/06/2026 17:18:31;;Souscription en cours;Coordonnées personnelles;788.24
2091;06/06/2026 17:15:38;;Souscription en cours;Coordonnées personnelles;858.94
2092;06/06/2026 17:15:38;;Souscription en cours;Coordonnées personnelles;466.16
2093;06/06/2026 17:08:41;;Souscription en cours;Coordonnées personnelles;817.61
2094;06/06/2026 17:08:41;;Souscription en cours;Coordonnées personnelles;858.82
2095;06/06/2026 17:04:21;;Souscription non démarrée;Parcours non démarré;953.55
2096;06/06/2026 17:04:21;;Souscription non démarrée;Parcours non démarré;757.59
2097;06/06/2026 17:03:36;;Dossier validé;Parcours terminé;492.92
2098;06/06/2026 17:03:36;;Dossier validé;Parcours terminé;542.59
2099;06/06/2026 16:59:12;;Dossier validé;Parcours terminé;747.85
2100;06/06/2026 16:59:12;;Dossier validé;Parcours terminé;370.69
2101;06/06/2026 16:55:31;;Dossier refusé;Saisie société;253.43
2102;06/06/2026 16:55:31;;Dossier refusé;Saisie société;571.60
2103;06/06/2026 16:41:11;;Dossier refusé;Synchronisation référentiel personne NOVA;526.59
2104;06/06/2026 16:41:11;;Dossier refusé;Synchronisation référentiel personne NOVA;345.60
2105;06/06/2026 16:39:25;;Dossier validé;Parcours terminé;230.99
2106;06/06/2026 16:39:25;;Dossier validé;Parcours terminé;594.01
2107;06/06/2026 16:38:53;;Souscription en cours;Coordonnées personnelles;199.53
2108;06/06/2026 16:38:53;;Souscription en cours;Coordonnées personnelles;550.36
2109;06/06/2026 16:38:13;;Souscription en cours;Choix de l'offre et livraison;675.07
2110;06/06/2026 16:38:13;;Souscription en cours;Choix de l'offre et livraison;493.68
2111;06/06/2026 16:34:59;;Dossier validé;Parcours terminé;723.00
2112;06/06/2026 16:34:59;;Dossier validé;Parcours terminé;914.08
2113;06/06/2026 16:27:57;;Dossier refusé;Saisie société;444.07
2114;06/06/2026 16:27:57;;Dossier refusé;Saisie société;672.36
2115;06/06/2026 16:18:16;;Dossier validé;Parcours terminé;189.96
2116;06/06/2026 16:18:16;;Dossier validé;Parcours terminé;603.40
2117;06/06/2026 16:11:51;;Dossier validé;Parcours terminé;428.74
2118;06/06/2026 16:11:51;;Dossier validé;Parcours terminé;136.50
2119;06/06/2026 16:11:14;;Souscription en cours;Coordonnées personnelles;629.62
2120;06/06/2026 16:11:14;;Souscription en cours;Coordonnées personnelles;384.36
2121;06/06/2026 16:08:42;;Dossier validé;Parcours terminé;599.89
2122;06/06/2026 16:08:42;;Dossier validé;Parcours terminé;886.45
2123;06/06/2026 16:07:23;;Souscription en cours;Choix de l'offre et livraison;944.52
2124;06/06/2026 16:07:23;;Souscription en cours;Choix de l'offre et livraison;451.24
2125;06/06/2026 16:04:21;;Souscription en cours;Coordonnées personnelles;688.80
2126;06/06/2026 16:04:21;;Souscription en cours;Coordonnées personnelles;758.92
2127;06/06/2026 15:53:47;;Souscription en cours;Informations complémentaires (CA, Profession, etc.);421.35
2128;06/06/2026 15:53:47;;Souscription en cours;Informations complémentaires (CA, Profession, etc.);965.50
2129;06/06/2026 15:46:23;;Souscription en cours;Coordonnées personnelles;862.31
2130;06/06/2026 15:46:23;;Souscription en cours;Coordonnées personnelles;624.56
2131;06/06/2026 15:45:18;Hugo MARTIN;Dossier validé;Parcours terminé;618.64
2132;06/06/2026 15:45:18;Hugo MARTIN;Dossier validé;Parcours terminé;198.55
2133;06/06/2026 15:43:33;;Souscription en cours;Coordonnées personnelles;118.71
2134;06/06/2026 15:43:33;;Souscription en cours;Coordonnées personnelles;111.99
2135;06/06/2026 15:34:24;;Dossier refusé;Saisie société;270.14
2136;06/06/2026 15:34:24;;Dossier refusé;Saisie société;989.73
2137;06/06/2026 15:33:54;;Dossier validé;Parcours terminé;373.86
2138;06/06/2026 15:33:54;;Dossier validé;Parcours terminé;382.15
2139;06/06/2026 15:33:48;;Souscription en cours;Coordonnées personnelles;883.74
2140;06/06/2026 15:33:48;;Souscription en cours;Coordonnées personnelles;459.76
2141;06/06/2026 15:29:13;;Dossier validé;Parcours terminé;405.12
2142;06/06/2026 15:29:13;;Dossier validé;Parcours terminé;665.87
2143;06/06/2026 15:28:19;;Dossier refusé;Signature Contrat;457.01
2144;06/06/2026 15:28:19;;Dossier refusé;Signature Contrat;151.40
2145;06/06/2026 15:26:53;;Souscription non démarrée;Parcours non démarré;753.61
2146;06/06/2026 15:26:53;;Souscription non démarrée;Parcours non démarré;857.47
2147;06/06/2026 15:22:35;;Dossier validé;Parcours terminé;293.46
2148;06/06/2026 15:22:35;;Dossier validé;Parcours terminé;454.91
2149;06/06/2026 15:20:19;;En attente d'analyse Agent - Dossier avec erreurs;Signature Contrat;957.85
2150;06/06/2026 15:20:19;;En attente d'analyse Agent - Dossier avec erreurs;Signature Contrat;467.63
2151;06/06/2026 15:20:07;;Souscription en cours;Coordonnées personnelles;709.77
2152;06/06/2026 15:20:07;;Souscription en cours;Coordonnées personnelles;481.21
2153;06/06/2026 15:19:20;;Souscription non démarrée;Parcours non démarré;789.42
2154;06/06/2026 15:19:20;;Souscription non démarrée;Parcours non démarré;879.49
2155;06/06/2026 15:14:12;;En attente d'analyse Agent - Dossier avec erreurs;Signature Contrat;377.58
2156;06/06/2026 15:14:12;;En attente d'analyse Agent - Dossier avec erreurs;Signature Contrat;529.62
2157;06/06/2026 15:07:00;;Souscription en cours;Informations complémentaires (CA, Profession, etc.);817.53
2158;06/06/2026 15:07:00;;Souscription en cours;Informations complémentaires (CA, Profession, etc.);380.86
2159;06/06/2026 15:03:56;;Souscription non démarrée;Parcours non démarré;878.77
2160;06/06/2026 15:03:56;;Souscription non démarrée;Parcours non démarré;396.29
2161;06/06/2026 15:02:26;;Souscription en cours;Coordonnées personnelles;951.01
2162;06/06/2026 15:02:26;;Souscription en cours;Coordonnées personnelles;788.77
2163;06/06/2026 15:00:48;Hugo MARTIN;Dossier validé;Parcours terminé;629.36
2164;06/06/2026 15:00:48;Hugo MARTIN;Dossier validé;Parcours terminé;441.24
2165;06/06/2026 14:58:40;;Dossier validé;Parcours terminé;661.37
2166;06/06/2026 14:58:40;;Dossier validé;Parcours terminé;576.57
2167;06/06/2026 14:56:18;;Dossier validé;Parcours terminé;457.22
2168;06/06/2026 14:56:18;;Dossier validé;Parcours terminé;728.61
2169;06/06/2026 14:30:44;;Souscription en cours;Coordonnées personnelles;190.85
2170;06/06/2026 14:30:44;;Souscription en cours;Coordonnées personnelles;231.27
2171;06/06/2026 14:30:00;;Souscription non démarrée;Parcours non démarré;717.68
2172;06/06/2026 14:30:00;;Souscription non démarrée;Parcours non démarré;437.15
2173;06/06/2026 14:21:37;;Souscription en cours;Informations complémentaires (CA, Profession, etc.);950.26
2174;06/06/2026 14:21:37;;Souscription en cours;Informations complémentaires (CA, Profession, etc.);501.77
2175;06/06/2026 14:20:04;;Dossier validé;Parcours terminé;333.82
2176;06/06/2026 14:20:04;;Dossier validé;Parcours terminé;945.97
2177;06/06/2026 14:18:51;;Souscription en cours;Synchronisation référentiel personne NOVA;983.97
2178;06/06/2026 14:18:51;;Souscription en cours;Synchronisation référentiel personne NOVA;650.09
2179;06/06/2026 14:13:56;;Souscription non démarrée;Parcours non démarré;982.44
2180;06/06/2026 14:13:56;;Souscription non démarrée;Parcours non démarré;419.57
2181;06/06/2026 14:12:00;;Souscription en cours;Coordonnées personnelles;298.99
2182;06/06/2026 14:12:00;;Souscription en cours;Coordonnées personnelles;637.83
2183;06/06/2026 14:07:44;;Dossier validé;Parcours terminé;914.27
2184;06/06/2026 14:07:44;;Dossier validé;Parcours terminé;186.10
2185;06/06/2026 13:56:58;;Souscription en cours;Choix de l'offre et livraison;665.10
2186;06/06/2026 13:56:58;;Souscription en cours;Choix de l'offre et livraison;978.66
2187;06/06/2026 13:55:42;;Dossier validé;Parcours terminé;277.67
2188;06/06/2026 13:55:42;;Dossier validé;Parcours terminé;598.57
2189;06/06/2026 13:42:51;;Dossier refusé;Synchronisation référentiel personne NOVA;446.11
2190;06/06/2026 13:42:51;;Dossier refusé;Synchronisation référentiel personne NOVA;801.94
2191;06/06/2026 13:37:01;;En attente d'analyse Agent - Dossier avec erreurs;Signature Contrat;209.92
2192;06/06/2026 13:37:01;;En attente d'analyse Agent - Dossier avec erreurs;Signature Contrat;374.10
2193;06/06/2026 13:15:16;Hugo MARTIN;Dossier refusé;Saisie société;897.36
2194;06/06/2026 13:15:16;Hugo MARTIN;Dossier refusé;Saisie société;665.68
2195;06/06/2026 12:58:30;;Souscription en cours;Vérification d'identité;416.17
2196;06/06/2026 12:58:30;;Souscription en cours;Vérification d'identité;213.36
2197;06/06/2026 12:48:44;;Dossier validé;Parcours terminé;789.50
2198;06/06/2026 12:48:44;;Dossier validé;Parcours terminé;860.16
2199;06/06/2026 12:40:57;Adam LAURENT;Dossier refusé;Saisie société;900.06
2200;06/06/2026 12:40:57;Adam LAURENT;Dossier refusé;Saisie société;219.69
2201;06/06/2026 12:26:05;;Dossier validé;Parcours terminé;703.41
2202;06/06/2026 12:26:05;;Dossier validé;Parcours terminé;720.40
2203;06/06/2026 12:17:01;;Dossier refusé;Informations complémentaires (Etablissements, etc.);542.59
2204;06/06/2026 12:17:01;;Dossier refusé;Informations complémentaires (Etablissements, etc.);595.80
2205;06/06/2026 12:08:31;;Dossier refusé;Saisie société;616.17
2206;06/06/2026 12:08:31;;Dossier refusé;Saisie société;312.73
2207;06/06/2026 12:07:17;;Souscription en cours;Choix de l'offre et livraison;339.22
2208;06/06/2026 12:07:17;;Souscription en cours;Choix de l'offre et livraison;679.60
2209;06/06/2026 12:04:33;;En attente d'analyse Agent - Dossier avec erreurs;Signature Contrat;673.96
2210;06/06/2026 12:04:33;;En attente d'analyse Agent - Dossier avec erreurs;Signature Contrat;687.65
2211;06/06/2026 11:46:16;;Dossier validé;Parcours terminé;942.38
2212;06/06/2026 11:46:16;;Dossier validé;Parcours terminé;394.83
2213;06/06/2026 11:39:21;;Souscription en cours;Coordonnées personnelles;851.66
2214;06/06/2026 11:39:21;;Souscription en cours;Coordonnées personnelles;398.39
2215;06/06/2026 11:38:27;Hugo MARTIN;Dossier validé;Parcours terminé;218.92
2216;06/06/2026 11:38:27;Hugo MARTIN;Dossier validé;Parcours terminé;174.74
2217;06/06/2026 11:37:21;;Souscription en cours;Choix de l'offre et livraison;830.73
2218;06/06/2026 11:37:21;;Souscription en cours;Choix de l'offre et livraison;167.93
2219;06/06/2026 11:36:03;;Dossier validé;Parcours terminé;105.59
2220;06/06/2026 11:36:03;;Dossier validé;Parcours terminé;671.20
2221;06/06/2026 11:26:49;;Dossier refusé;Saisie société;190.35
2222;06/06/2026 11:26:49;;Dossier refusé;Saisie société;562.43
2223;06/06/2026 11:20:41;;Souscription en cours;Choix de l'offre et livraison;649.26
2224;06/06/2026 11:20:41;;Souscription en cours;Choix de l'offre et livraison;706.63
2225;06/06/2026 11:20:30;;Dossier refusé;Saisie société;547.12
2226;06/06/2026 11:20:30;;Dossier refusé;Saisie société;464.41
2227;06/06/2026 11:11:53;;Dossier refusé;Saisie société;868.94
2228;06/06/2026 11:11:53;;Dossier refusé;Saisie société;332.84
2229;06/06/2026 11:11:15;;Dossier validé;Parcours terminé;655.99
2230;06/06/2026 11:11:15;;Dossier validé;Parcours terminé;574.63
2231;06/06/2026 11:09:55;Hugo MARTIN;Dossier refusé;Informations complémentaires (CA, Profession, etc.);767.74
2232;06/06/2026 11:09:55;Hugo MARTIN;Dossier refusé;Informations complémentaires (CA, Profession, etc.);652.87
2233;06/06/2026 11:09:38;;En attente d'analyse Agent - Dossier avec erreurs;Signature Contrat;436.57
2234;06/06/2026 11:09:38;;En attente d'analyse Agent - Dossier avec erreurs;Signature Contrat;830.70
2235;06/06/2026 11:08:30;Hugo MARTIN;Dossier validé;Parcours terminé;777.37
2236;06/06/2026 11:08:30;Hugo MARTIN;Dossier validé;Parcours terminé;806.57
2237;06/06/2026 11:07:27;;Dossier validé;Parcours terminé;465.45
2238;06/06/2026 11:07:27;;Dossier validé;Parcours terminé;211.86
2239;06/06/2026 10:59:20;;Souscription en cours;Informations complémentaires (CA, Profession, etc.);506.25
2240;06/06/2026 10:59:20;;Souscription en cours;Informations complémentaires (CA, Profession, etc.);566.11
2241;06/06/2026 10:43:28;;Dossier validé;Parcours terminé;551.68
2242;06/06/2026 10:43:28;;Dossier validé;Parcours terminé;190.97
2243;06/06/2026 10:41:17;;Dossier refusé;Saisie société;162.04
2244;06/06/2026 10:41:17;;Dossier refusé;Saisie société;402.55
2245;06/06/2026 10:39:49;;Souscription en cours;Coordonnées personnelles;583.87
2246;06/06/2026 10:39:49;;Souscription en cours;Coordonnées personnelles;565.84
2247;06/06/2026 10:32:25;;Dossier validé;Parcours terminé;293.52
2248;06/06/2026 10:32:25;;Dossier validé;Parcours terminé;407.61
2249;06/06/2026 10:30:07;;Dossier validé;Parcours terminé;360.74
2250;06/06/2026 10:30:07;;Dossier validé;Parcours terminé;326.17
2251;06/06/2026 10:26:59;;Souscription non démarrée;Parcours non démarré;811.82
2252;06/06/2026 10:26:59;;Souscription non démarrée;Parcours non démarré;230.15
2253;06/06/2026 10:26:36;;Dossier refusé;Signature Contrat;480.81
2254;06/06/2026 10:26:36;;Dossier refusé;Signature Contrat;273.32
2255;06/06/2026 10:12:24;;Dossier validé;Parcours terminé;236.05
2256;06/06/2026 10:12:24;;Dossier validé;Parcours terminé;457.68
2257;06/06/2026 10:11:01;;Dossier validé;Parcours terminé;103.79
2258;06/06/2026 10:11:01;;Dossier validé;Parcours terminé;184.85
2259;06/06/2026 10:10:39;;Dossier refusé;Saisie société;178.75
2260;06/06/2026 10:10:39;;Dossier refusé;Saisie société;888.28
2261;06/06/2026 10:03:52;;Dossier validé;Parcours terminé;870.28
2262;06/06/2026 10:03:52;;Dossier validé;Parcours terminé;185.54
2263;06/06/2026 09:59:07;;Dossier refusé;Signature Contrat;694.42
2264;06/06/2026 09:59:07;;Dossier refusé;Signature Contrat;465.75
2265;06/06/2026 09:50:59;;En attente d'analyse Agent - Dossier avec erreurs;Signature Contrat;463.64
2266;06/06/2026 09:50:59;;En attente d'analyse Agent - Dossier avec erreurs;Signature Contrat;226.75
2267;06/06/2026 09:50:52;;En attente d'analyse Agent - Dossier avec erreurs;Signature Contrat;467.66
2268;06/06/2026 09:50:52;;En attente d'analyse Agent - Dossier avec erreurs;Signature Contrat;430.10
2269;06/06/2026 09:40:42;;Souscription en cours;Coordonnées personnelles;454.08
2270;06/06/2026 09:40:42;;Souscription en cours;Coordonnées personnelles;454.92
2271;06/06/2026 09:28:17;;Souscription en cours;Coordonnées personnelles;497.88
2272;06/06/2026 09:28:17;;Souscription en cours;Coordonnées personnelles;136.40
2273;06/06/2026 09:20:39;;En attente d'analyse Agent - Dossier avec erreurs;Signature Contrat;301.41
2274;06/06/2026 09:20:39;;En attente d'analyse Agent - Dossier avec erreurs;Signature Contrat;775.23
2275;06/06/2026 09:19:11;;Dossier validé;Parcours terminé;961.66
2276;06/06/2026 09:19:11;;Dossier validé;Parcours terminé;991.19
2277;06/06/2026 09:18:00;;Souscription non démarrée;Parcours non démarré;951.55
2278;06/06/2026 09:18:00;;Souscription non démarrée;Parcours non démarré;329.72
2279;06/06/2026 09:17:29;;Souscription en cours;Coordonnées personnelles;722.62
2280;06/06/2026 09:17:29;;Souscription en cours;Coordonnées personnelles;958.58
2281;06/06/2026 09:10:49;;Souscription en cours;Choix de l'offre et livraison;801.53
2282;06/06/2026 09:10:49;;Souscription en cours;Choix de l'offre et livraison;763.59
2283;06/06/2026 09:08:28;;Dossier validé;Parcours terminé;314.50
2284;06/06/2026 09:08:28;;Dossier validé;Parcours terminé;454.47
2285;06/06/2026 09:07:32;;Dossier validé;Parcours terminé;688.15
2286;06/06/2026 09:07:32;;Dossier validé;Parcours terminé;584.35
2287;06/06/2026 08:48:11;;Dossier refusé;Saisie société;408.64
2288;06/06/2026 08:48:11;;Dossier refusé;Saisie société;139.52
2289;06/06/2026 08:33:46;;Dossier refusé;Signature Contrat;592.00
2290;06/06/2026 08:33:46;;Dossier refusé;Signature Contrat;361.97
2291;06/06/2026 08:10:32;;Souscription en cours;Informations complémentaires (Etablissements, etc.);134.58
2292;06/06/2026 08:10:32;;Souscription en cours;Informations complémentaires (Etablissements, etc.);842.64
2293;06/06/2026 07:50:51;;Souscription en cours;Coordonnées personnelles;997.11
2294;06/06/2026 07:50:51;;Souscription en cours;Coordonnées personnelles;274.44
2295;06/06/2026 07:05:32;;Souscription en cours;Coordonnées personnelles;909.23
2296;06/06/2026 07:05:32;;Souscription en cours;Coordonnées personnelles;212.70
2297;06/06/2026 05:46:27;;Souscription en cours;Coordonnées personnelles;449.97
2298;06/06/2026 05:46:27;;Souscription en cours;Coordonnées personnelles;928.64
2299;06/06/2026 04:34:09;;Souscription non démarrée;Parcours non démarré;536.14
2300;06/06/2026 04:34:09;;Souscription non démarrée;Parcours non démarré;142.88
2301;06/06/2026 04:21:23;;Dossier validé;Parcours terminé;926.64
2302;06/06/2026 04:21:23;;Dossier validé;Parcours terminé;335.68
2303;06/06/2026 03:38:56;;Souscription en cours;Coordonnées personnelles;785.69
2304;06/06/2026 03:38:56;;Souscription en cours;Coordonnées personnelles;812.13
2305;06/06/2026 02:22:10;;Dossier validé;Parcours terminé;590.01
2306;06/06/2026 02:22:10;;Dossier validé;Parcours terminé;851.40
2307;06/06/2026 02:03:25;;Dossier validé;Parcours terminé;860.68
2308;06/06/2026 02:03:25;;Dossier validé;Parcours terminé;136.11
2309;06/06/2026 01:46:14;;Dossier validé;Parcours terminé;426.51
2310;06/06/2026 01:46:14;;Dossier validé;Parcours terminé;976.16
2311;06/06/2026 01:05:35;;Dossier validé;Parcours terminé;935.06
2312;06/06/2026 01:05:35;;Dossier validé;Parcours terminé;816.04
2313;06/06/2026 00:42:34;;Dossier validé;Parcours terminé;333.48
2314;06/06/2026 00:42:34;;Dossier validé;Parcours terminé;177.17
2315;06/06/2026 00:28:43;;Souscription en cours;Synchronisation référentiel personne NOVA;630.64
2316;06/06/2026 00:28:43;;Souscription en cours;Synchronisation référentiel personne NOVA;709.51
2317;06/06/2026 00:14:15;;Souscription non démarrée;Parcours non démarré;809.69
2318;06/06/2026 00:14:15;;Souscription non démarrée;Parcours non démarré;222.13
2319;05/06/2026 23:55:05;;Souscription en cours;Coordonnées personnelles;401.16
2320;05/06/2026 23:55:05;;Souscription en cours;Coordonnées personnelles;382.80
2321;05/06/2026 23:51:58;;Dossier validé;Parcours terminé;158.58
2322;05/06/2026 23:51:58;;Dossier validé;Parcours terminé;792.72
2323;05/06/2026 23:45:21;;Dossier refusé;Signature Contrat;244.17
2324;05/06/2026 23:45:21;;Dossier refusé;Signature Contrat;474.86
2325;05/06/2026 23:39:15;;Dossier validé;Parcours terminé;522.78
2326;05/06/2026 23:39:15;;Dossier validé;Parcours terminé;469.83
2327;05/06/2026 22:55:26;;Souscription non démarrée;Parcours non démarré;326.16
2328;05/06/2026 22:55:26;;Souscription non démarrée;Parcours non démarré;222.74
2329;05/06/2026 22:40:51;;Dossier validé;Parcours terminé;764.43
2330;05/06/2026 22:40:51;;Dossier validé;Parcours terminé;526.27
2331;05/06/2026 22:29:37;;Souscription en cours;Vérification d'identité;673.76
2332;05/06/2026 22:29:37;;Souscription en cours;Vérification d'identité;795.30
2333;05/06/2026 22:04:19;;Souscription non démarrée;Parcours non démarré;938.52
2334;05/06/2026 22:04:19;;Souscription non démarrée;Parcours non démarré;773.69
2335;05/06/2026 21:48:35;;Souscription en cours;Signature Contrat;254.15
2336;05/06/2026 21:48:35;;Souscription en cours;Signature Contrat;642.87
2337;05/06/2026 21:29:30;;Dossier validé;Parcours terminé;544.89
2338;05/06/2026 21:29:30;;Dossier validé;Parcours terminé;548.45
2339;05/06/2026 21:17:57;;Souscription non démarrée;Parcours non démarré;737.42
2340;05/06/2026 21:17:57;;Souscription non démarrée;Parcours non démarré;870.78
2341;05/06/2026 21:14:05;;Souscription en cours;Choix de l'offre et livraison;838.16
2342;05/06/2026 21:14:05;;Souscription en cours;Choix de l'offre et livraison;127.19
2343;05/06/2026 21:05:00;;Dossier refusé;Signature Contrat;715.62
2344;05/06/2026 21:05:00;;Dossier refusé;Signature Contrat;305.72
2345;05/06/2026 20:54:58;;Dossier refusé;Signature Contrat;107.23
2346;05/06/2026 20:54:58;;Dossier refusé;Signature Contrat;171.60
2347;05/06/2026 20:52:22;;Souscription en cours;Choix de l'offre et livraison;118.72
2348;05/06/2026 20:52:22;;Souscription en cours;Choix de l'offre et livraison;404.00
2349;05/06/2026 20:48:14;;Souscription en cours;Coordonnées personnelles;575.77
2350;05/06/2026 20:48:14;;Souscription en cours;Coordonnées personnelles;755.64
2351;05/06/2026 20:44:31;;Souscription en cours;Choix de l'offre et livraison;994.80
2352;05/06/2026 20:44:31;;Souscription en cours;Choix de l'offre et livraison;706.88
2353;05/06/2026 20:39:45;;En attente d'analyse Agent - Dossier avec erreurs;Signature Contrat;905.85
2354;05/06/2026 20:39:45;;En attente d'analyse Agent - Dossier avec erreurs;Signature Contrat;255.88
2355;05/06/2026 20:37:56;;Dossier validé;Parcours terminé;472.04
2356;05/06/2026 20:37:56;;Dossier validé;Parcours terminé;276.75
2357;05/06/2026 20:27:01;;Dossier validé;Parcours terminé;858.02
2358;05/06/2026 20:27:01;;Dossier validé;Parcours terminé;499.01
2359;05/06/2026 20:22:42;;Dossier validé;Parcours terminé;538.27
2360;05/06/2026 20:22:42;;Dossier validé;Parcours terminé;135.21
2361;05/06/2026 20:17:07;;Souscription en cours;Informations complémentaires (CA, Profession, etc.);918.00
2362;05/06/2026 20:17:07;;Souscription en cours;Informations complémentaires (CA, Profession, etc.);872.19
2363;05/06/2026 20:15:32;;Dossier validé;Parcours terminé;863.30
2364;05/06/2026 20:15:32;;Dossier validé;Parcours terminé;963.62
2365;05/06/2026 19:57:24;;Dossier validé;Parcours terminé;361.63
2366;05/06/2026 19:57:24;;Dossier validé;Parcours terminé;555.04
2367;05/06/2026 19:56:01;;En attente d'analyse Agent - Dossier avec erreurs;Signature Contrat;298.38
2368;05/06/2026 19:56:01;;En attente d'analyse Agent - Dossier avec erreurs;Signature Contrat;897.47
2369;05/06/2026 19:42:56;;Souscription en cours;Coordonnées personnelles;157.57
2370;05/06/2026 19:42:56;;Souscription en cours;Coordonnées personnelles;878.91
2371;05/06/2026 19:35:55;;Souscription en cours;Coordonnées personnelles;795.12
2372;05/06/2026 19:35:55;;Souscription en cours;Coordonnées personnelles;611.42
2373;05/06/2026 19:29:10;;Dossier validé;Parcours terminé;773.86
2374;05/06/2026 19:29:10;;Dossier validé;Parcours terminé;889.79
2375;05/06/2026 19:26:58;;Souscription en cours;Signature Contrat;733.58
2376;05/06/2026 19:26:58;;Souscription en cours;Signature Contrat;764.48
2377;05/06/2026 19:12:50;;Souscription en cours;Informations complémentaires (Etablissements, etc.);517.04
2378;05/06/2026 19:12:50;;Souscription en cours;Informations complémentaires (Etablissements, etc.);460.68
2379;05/06/2026 19:08:04;;En attente d'analyse Agent - Dossier avec erreurs;Signature Contrat;508.81
2380;05/06/2026 19:08:04;;En attente d'analyse Agent - Dossier avec erreurs;Signature Contrat;303.33
2381;05/06/2026 19:07:35;;Souscription en cours;Coordonnées personnelles;849.56
2382;05/06/2026 19:07:35;;Souscription en cours;Coordonnées personnelles;346.90
2383;05/06/2026 19:05:59;;Souscription en cours;Coordonnées personnelles;212.19
2384;05/06/2026 19:05:59;;Souscription en cours;Coordonnées personnelles;662.67
2385;05/06/2026 19:01:41;;Dossier validé;Parcours terminé;355.28
2386;05/06/2026 19:01:41;;Dossier validé;Parcours terminé;107.55
2387;05/06/2026 18:59:53;;Souscription en cours;Choix de l'offre et livraison;226.67
2388;05/06/2026 18:59:53;;Souscription en cours;Choix de l'offre et livraison;767.76
2389;05/06/2026 18:58:53;;Dossier validé;Parcours terminé;902.19
2390;05/06/2026 18:58:53;;Dossier validé;Parcours terminé;883.01
2391;05/06/2026 18:46:19;;Souscription en cours;Coordonnées personnelles;368.90
2392;05/06/2026 18:46:19;;Souscription en cours;Coordonnées personnelles;840.83
2393;05/06/2026 18:43:18;;Souscription en cours;Choix de l'offre et livraison;769.47
2394;05/06/2026 18:43:18;;Souscription en cours;Choix de l'offre et livraison;256.41
2395;05/06/2026 18:42:05;;Souscription en cours;Coordonnées personnelles;573.13
2396;05/06/2026 18:42:05;;Souscription en cours;Coordonnées personnelles;788.73
2397;05/06/2026 18:38:10;;Souscription en cours;Coordonnées personnelles;286.60
2398;05/06/2026 18:38:10;;Souscription en cours;Coordonnées personnelles;418.83
2399;05/06/2026 18:35:42;;Souscription en cours;Criblages BE(s);226.63
2400;05/06/2026 18:35:42;;Souscription en cours;Criblages BE(s);214.93
2401;05/06/2026 18:32:28;;Souscription en cours;Signature Contrat;379.46
2402;05/06/2026 18:32:28;;Souscription en cours;Signature Contrat;958.42
2403;05/06/2026 18:31:03;;Dossier validé;Parcours terminé;510.31
2404;05/06/2026 18:31:03;;Dossier validé;Parcours terminé;820.71
2405;05/06/2026 18:30:39;;Souscription non démarrée;Parcours non démarré;730.37
2406;05/06/2026 18:30:39;;Souscription non démarrée;Parcours non démarré;497.21
2407;05/06/2026 18:30:07;;Souscription non démarrée;Parcours non démarré;954.44
2408;05/06/2026 18:30:07;;Souscription non démarrée;Parcours non démarré;552.70
2409;05/06/2026 18:29:41;;Dossier refusé;Signature Contrat;304.38
2410;05/06/2026 18:29:41;;Dossier refusé;Signature Contrat;910.79
2411;05/06/2026 18:27:51;;Dossier validé;Parcours terminé;954.48
2412;05/06/2026 18:27:51;;Dossier validé;Parcours terminé;678.87
2413;05/06/2026 18:20:40;;Souscription en cours;Coordonnées personnelles;352.35
2414;05/06/2026 18:20:40;;Souscription en cours;Coordonnées personnelles;283.00
2415;05/06/2026 18:14:47;;Dossier validé;Parcours terminé;202.25
2416;05/06/2026 18:14:47;;Dossier validé;Parcours terminé;250.86
2417;05/06/2026 18:06:20;;Dossier validé;Parcours terminé;211.84
2418;05/06/2026 18:06:20;;Dossier validé;Parcours terminé;393.96
2419;05/06/2026 17:55:19;;Dossier validé;Parcours terminé;274.32
2420;05/06/2026 17:55:19;;Dossier validé;Parcours terminé;252.86
2421;05/06/2026 17:54:28;;Souscription en cours;Choix de l'offre et livraison;298.28
2422;05/06/2026 17:54:28;;Souscription en cours;Choix de l'offre et livraison;591.48
2423;05/06/2026 17:46:00;;Souscription non démarrée;Parcours non démarré;152.21
2424;05/06/2026 17:46:00;;Souscription non démarrée;Parcours non démarré;560.08
2425;05/06/2026 17:37:44;;Souscription non démarrée;Parcours non démarré;925.09
2426;05/06/2026 17:37:44;;Souscription non démarrée;Parcours non démarré;137.34
2427;05/06/2026 17:36:26;;Dossier validé;Parcours terminé;754.13
2428;05/06/2026 17:36:26;;Dossier validé;Parcours terminé;850.13
2429;05/06/2026 17:34:11;;Dossier validé;Parcours terminé;939.34
2430;05/06/2026 17:34:11;;Dossier validé;Parcours terminé;779.21
2431;05/06/2026 17:33:42;;Souscription en cours;Informations complémentaires (CA, Profession, etc.);517.08
2432;05/06/2026 17:33:42;;Souscription en cours;Informations complémentaires (CA, Profession, etc.);924.45
2433;05/06/2026 17:30:34;;Souscription en cours;Choix de l'offre et livraison;350.30
2434;05/06/2026 17:30:34;;Souscription en cours;Choix de l'offre et livraison;513.54
2435;05/06/2026 17:22:58;;Souscription en cours;Bénéficiaire effectifs;684.58
2436;05/06/2026 17:22:58;;Souscription en cours;Bénéficiaire effectifs;476.41
2437;05/06/2026 17:15:17;;Souscription en cours;Coordonnées personnelles;728.10
2438;05/06/2026 17:15:17;;Souscription en cours;Coordonnées personnelles;276.76
2439;05/06/2026 17:05:58;Z5735392;Dossier validé;Parcours terminé;302.29
2440;05/06/2026 17:05:58;Z5735392;Dossier validé;Parcours terminé;628.70
2441;05/06/2026 16:57:23;;Dossier validé;Parcours terminé;416.87
2442;05/06/2026 16:57:23;;Dossier validé;Parcours terminé;854.82
2443;05/06/2026 16:51:23;;Dossier validé;Parcours terminé;411.89
2444;05/06/2026 16:51:23;;Dossier validé;Parcours terminé;309.27
2445;05/06/2026 16:46:10;;Dossier validé;Parcours terminé;326.87
2446;05/06/2026 16:46:10;;Dossier validé;Parcours terminé;458.22
2447;05/06/2026 16:44:38;;Souscription en cours;Vérification d'identité;520.20
2448;05/06/2026 16:44:38;;Souscription en cours;Vérification d'identité;621.86
2449;05/06/2026 16:42:55;;Souscription en cours;Choix de l'offre et livraison;810.24
2450;05/06/2026 16:42:55;;Souscription en cours;Choix de l'offre et livraison;960.70
2451;05/06/2026 16:38:05;;Souscription en cours;Choix de l'offre et livraison;258.83
2452;05/06/2026 16:38:05;;Souscription en cours;Choix de l'offre et livraison;548.40
2453;05/06/2026 16:33:51;;Souscription non démarrée;Parcours non démarré;379.36
2454;05/06/2026 16:33:51;;Souscription non démarrée;Parcours non démarré;919.75
2455;05/06/2026 16:32:49;;Souscription en cours;Informations complémentaires (CA, Profession, etc.);444.18
2456;05/06/2026 16:32:49;;Souscription en cours;Informations complémentaires (CA, Profession, etc.);855.98
2457;05/06/2026 16:23:35;;En attente d'analyse Agent - Dossier avec erreurs;Signature Contrat;241.44
2458;05/06/2026 16:23:35;;En attente d'analyse Agent - Dossier avec erreurs;Signature Contrat;173.80
2459;05/06/2026 16:21:44;;Dossier validé;Parcours terminé;363.00
2460;05/06/2026 16:21:44;;Dossier validé;Parcours terminé;602.79
2461;05/06/2026 16:19:35;;Dossier validé;Parcours terminé;205.97
2462;05/06/2026 16:19:35;;Dossier validé;Parcours terminé;867.74
2463;05/06/2026 16:18:33;;Souscription en cours;Choix de l'offre et livraison;696.51
2464;05/06/2026 16:18:33;;Souscription en cours;Choix de l'offre et livraison;683.94
2465;05/06/2026 16:16:46;;Souscription non démarrée;Parcours non démarré;619.02
2466;05/06/2026 16:16:46;;Souscription non démarrée;Parcours non démarré;999.31
2467;05/06/2026 16:09:38;;Dossier validé;Parcours terminé;997.79
2468;05/06/2026 16:09:38;;Dossier validé;Parcours terminé;858.93
2469;05/06/2026 16:06:48;;Souscription non démarrée;Parcours non démarré;625.43
2470;05/06/2026 16:06:48;;Souscription non démarrée;Parcours non démarré;980.73
2471;05/06/2026 16:06:01;;Dossier validé;Parcours terminé;920.31
2472;05/06/2026 16:06:01;;Dossier validé;Parcours terminé;480.57
2473;05/06/2026 15:59:59;;Souscription en cours;Synchronisation référentiel personne NOVA;756.80
2474;05/06/2026 15:59:59;;Souscription en cours;Synchronisation référentiel personne NOVA;130.82
2475;05/06/2026 15:57:43;;Dossier validé;Parcours terminé;670.37
2476;05/06/2026 15:57:43;;Dossier validé;Parcours terminé;185.35
2477;05/06/2026 15:55:00;;Souscription non démarrée;Parcours non démarré;472.73
2478;05/06/2026 15:55:00;;Souscription non démarrée;Parcours non démarré;636.88
2479;05/06/2026 15:39:18;;Souscription en cours;Bénéficiaire effectifs;113.34
2480;05/06/2026 15:39:18;;Souscription en cours;Bénéficiaire effectifs;585.97
2481;05/06/2026 15:37:37;;Dossier refusé;Parcours terminé;646.74
2482;05/06/2026 15:37:37;;Dossier refusé;Parcours terminé;135.26
2483;05/06/2026 15:34:32;;Souscription en cours;Choix de l'offre et livraison;192.18
2484;05/06/2026 15:34:32;;Souscription en cours;Choix de l'offre et livraison;703.98
2485;05/06/2026 15:33:02;Hugo MARTIN;Dossier refusé;Parcours non démarré;545.09
2486;05/06/2026 15:33:02;Hugo MARTIN;Dossier refusé;Parcours non démarré;245.03
2487;05/06/2026 15:32:42;Hugo MARTIN;Dossier validé;Parcours terminé;398.33
2488;05/06/2026 15:32:42;Hugo MARTIN;Dossier validé;Parcours terminé;498.66
2489;05/06/2026 15:30:09;;Dossier refusé;Saisie société;543.19
2490;05/06/2026 15:30:09;;Dossier refusé;Saisie société;190.18
2491;05/06/2026 15:29:24;;Dossier refusé;Parcours terminé;352.29
2492;05/06/2026 15:29:24;;Dossier refusé;Parcours terminé;886.27
2493;05/06/2026 15:28:49;;Dossier validé;Parcours terminé;508.20
2494;05/06/2026 15:28:49;;Dossier validé;Parcours terminé;647.59
2495;05/06/2026 15:27:32;;Dossier validé;Parcours terminé;447.42
2496;05/06/2026 15:27:32;;Dossier validé;Parcours terminé;608.92
2497;05/06/2026 15:22:44;;Souscription non démarrée;Parcours non démarré;935.40
2498;05/06/2026 15:22:44;;Souscription non démarrée;Parcours non démarré;970.21
2499;05/06/2026 15:11:43;;Dossier validé;Parcours terminé;905.53
2500;05/06/2026 15:11:43;;Dossier validé;Parcours terminé;348.25
2501;05/06/2026 15:11:00;;Souscription en cours;Informations complémentaires (Etablissements, etc.);697.32
2502;05/06/2026 15:11:00;;Souscription en cours;Informations complémentaires (Etablissements, etc.);958.62
2503;05/06/2026 15:09:30;;Souscription en cours;Informations complémentaires (Etablissements, etc.);816.67
2504;05/06/2026 15:09:30;;Souscription en cours;Informations complémentaires (Etablissements, etc.);400.69
2505;05/06/2026 15:01:46;;Dossier validé;Parcours terminé;190.71
2506;05/06/2026 15:01:46;;Dossier validé;Parcours terminé;578.11
2507;05/06/2026 15:01:07;;Souscription en cours;Vérification d'identité;945.44
2508;05/06/2026 15:01:07;;Souscription en cours;Vérification d'identité;210.92
2509;05/06/2026 14:52:24;;Souscription en cours;Informations complémentaires (CA, Profession, etc.);972.39
2510;05/06/2026 14:52:24;;Souscription en cours;Informations complémentaires (CA, Profession, etc.);751.60
2511;05/06/2026 14:48:56;;Souscription en cours;Vérification d'identité;606.25
2512;05/06/2026 14:48:56;;Souscription en cours;Vérification d'identité;824.03
2513;05/06/2026 14:43:02;;Dossier validé;Parcours terminé;471.20
2514;05/06/2026 14:43:02;;Dossier validé;Parcours terminé;162.34
2515;05/06/2026 14:38:14;;Souscription en cours;Coordonnées personnelles;459.09
2516;05/06/2026 14:38:14;;Souscription en cours;Coordonnées personnelles;889.24
2517;05/06/2026 14:37:03;;Dossier validé;Parcours terminé;597.41
2518;05/06/2026 14:37:03;;Dossier validé;Parcours terminé;692.30
2519;05/06/2026 14:29:31;;Dossier validé;Parcours terminé;335.09
2520;05/06/2026 14:29:31;;Dossier validé;Parcours terminé;768.26
2521;05/06/2026 14:26:26;;Dossier refusé;Signature Contrat;336.03
2522;05/06/2026 14:26:26;;Dossier refusé;Signature Contrat;715.28
2523;05/06/2026 14:20:53;;Souscription en cours;Coordonnées personnelles;101.42
2524;05/06/2026 14:20:53;;Souscription en cours;Coordonnées personnelles;586.51
2525;05/06/2026 14:17:30;;Dossier validé;Parcours terminé;448.96
2526;05/06/2026 14:17:30;;Dossier validé;Parcours terminé;572.72
2527;05/06/2026 14:16:56;;Souscription en cours;Signature Contrat;677.73
2528;05/06/2026 14:16:56;;Souscription en cours;Signature Contrat;733.93
2529;05/06/2026 14:06:10;;Souscription en cours;Coordonnées personnelles;347.33
2530;05/06/2026 14:06:10;;Souscription en cours;Coordonnées personnelles;446.72
2531;05/06/2026 14:00:23;;En attente d'analyse Agent - Dossier avec erreurs;Signature Contrat;396.82
2532;05/06/2026 14:00:23;;En attente d'analyse Agent - Dossier avec erreurs;Signature Contrat;958.19
2533;05/06/2026 13:58:14;;Dossier refusé;Signature Contrat;624.15
2534;05/06/2026 13:58:14;;Dossier refusé;Signature Contrat;219.13
2535;05/06/2026 13:53:35;;Dossier validé;Parcours terminé;188.84
2536;05/06/2026 13:53:35;;Dossier validé;Parcours terminé;121.78
2537;05/06/2026 13:45:55;;Souscription en cours;Synchronisation référentiel personne NOVA;839.41
2538;05/06/2026 13:45:55;;Souscription en cours;Synchronisation référentiel personne NOVA;899.34
2539;05/06/2026 13:40:28;;Souscription en cours;Coordonnées personnelles;214.94
2540;05/06/2026 13:40:28;;Souscription en cours;Coordonnées personnelles;961.25
2541;05/06/2026 13:38:30;;Souscription en cours;Coordonnées personnelles;814.70
2542;05/06/2026 13:38:30;;Souscription en cours;Coordonnées personnelles;812.78
2543;05/06/2026 13:36:08;;Souscription en cours;Informations complémentaires (CA, Profession, etc.);373.35
2544;05/06/2026 13:36:08;;Souscription en cours;Informations complémentaires (CA, Profession, etc.);931.08
2545;05/06/2026 13:35:55;;Souscription en cours;Coordonnées personnelles;989.92
2546;05/06/2026 13:35:55;;Souscription en cours;Coordonnées personnelles;596.60
2547;05/06/2026 13:31:20;;Souscription en cours;Coordonnées personnelles;941.90
2548;05/06/2026 13:31:20;;Souscription en cours;Coordonnées personnelles;194.67
2549;05/06/2026 13:28:56;;Souscription en cours;Coordonnées personnelles;789.65
2550;05/06/2026 13:28:56;;Souscription en cours;Coordonnées personnelles;911.56
2551;05/06/2026 13:26:52;;Dossier validé;Parcours terminé;604.35
2552;05/06/2026 13:26:52;;Dossier validé;Parcours terminé;509.04
2553;05/06/2026 13:24:47;;Souscription en cours;Coordonnées personnelles;542.62
2554;05/06/2026 13:24:47;;Souscription en cours;Coordonnées personnelles;113.06
2555;05/06/2026 13:23:59;;Souscription en cours;Coordonnées personnelles;178.31
2556;05/06/2026 13:23:59;;Souscription en cours;Coordonnées personnelles;580.50
2557;05/06/2026 13:03:51;;Dossier validé;Parcours terminé;957.86
2558;05/06/2026 13:03:51;;Dossier validé;Parcours terminé;832.08
2559;05/06/2026 12:56:28;Adam LAURENT;Dossier validé;Parcours terminé;211.85
2560;05/06/2026 12:56:28;Adam LAURENT;Dossier validé;Parcours terminé;600.49
2561;05/06/2026 12:51:10;;Dossier validé;Parcours terminé;498.50
2562;05/06/2026 12:51:10;;Dossier validé;Parcours terminé;681.44
2563;05/06/2026 12:43:33;;Souscription en cours;Coordonnées personnelles;956.33
2564;05/06/2026 12:43:33;;Souscription en cours;Coordonnées personnelles;548.63
2565;05/06/2026 12:42:14;;En attente d'analyse Agent - Dossier sans erreur;Parcours terminé;799.35
2566;05/06/2026 12:42:14;;En attente d'analyse Agent - Dossier sans erreur;Parcours terminé;747.90
2567;05/06/2026 12:40:24;Hugo MARTIN;Dossier validé;Parcours terminé;784.85
2568;05/06/2026 12:40:24;Hugo MARTIN;Dossier validé;Parcours terminé;198.59
2569;05/06/2026 12:35:41;;Dossier validé;Parcours terminé;194.27
2570;05/06/2026 12:35:41;;Dossier validé;Parcours terminé;895.56
2571;05/06/2026 12:31:49;;Souscription en cours;Coordonnées personnelles;583.31
2572;05/06/2026 12:31:49;;Souscription en cours;Coordonnées personnelles;115.95
2573;05/06/2026 12:29:51;;Dossier validé;Parcours terminé;752.29
2574;05/06/2026 12:29:51;;Dossier validé;Parcours terminé;709.13
2575;05/06/2026 12:28:47;;En attente d'analyse Agent - Dossier avec erreurs;Signature Contrat;400.24
2576;05/06/2026 12:28:47;;En attente d'analyse Agent - Dossier avec erreurs;Signature Contrat;567.12
2577;05/06/2026 12:25:46;;Souscription en cours;Vérification d'identité;343.33
2578;05/06/2026 12:25:46;;Souscription en cours;Vérification d'identité;125.56
2579;05/06/2026 12:21:28;;Souscription en cours;Choix de l'offre et livraison;278.74
2580;05/06/2026 12:21:28;;Souscription en cours;Choix de l'offre et livraison;711.98
2581;05/06/2026 12:21:12;;Souscription en cours;Coordonnées personnelles;945.71
2582;05/06/2026 12:21:12;;Souscription en cours;Coordonnées personnelles;803.71
2583;05/06/2026 12:20:58;;Dossier refusé;Saisie société;319.61
2584;05/06/2026 12:20:58;;Dossier refusé;Saisie société;831.57
2585;05/06/2026 12:19:59;;Souscription non démarrée;Parcours non démarré;676.54
2586;05/06/2026 12:19:59;;Souscription non démarrée;Parcours non démarré;541.84
2587;05/06/2026 12:18:10;;Souscription en cours;Coordonnées personnelles;114.84
2588;05/06/2026 12:18:10;;Souscription en cours;Coordonnées personnelles;397.61
2589;05/06/2026 12:12:15;;Souscription en cours;Coordonnées personnelles;218.68
2590;05/06/2026 12:12:15;;Souscription en cours;Coordonnées personnelles;541.40
2591;05/06/2026 12:10:48;;Souscription en cours;Vérification d'identité;492.07
2592;05/06/2026 12:10:48;;Souscription en cours;Vérification d'identité;648.82
2593;05/06/2026 12:06:47;;En attente d'analyse Agent - Dossier avec erreurs;Signature Contrat;741.79
2594;05/06/2026 12:06:47;;En attente d'analyse Agent - Dossier avec erreurs;Signature Contrat;735.82
2595;05/06/2026 12:04:38;Louis MARTIN;Dossier validé;Parcours terminé;390.07
2596;05/06/2026 12:04:38;Louis MARTIN;Dossier validé;Parcours terminé;239.96
2597;05/06/2026 12:04:23;;Souscription non démarrée;Parcours non démarré;890.57
2598;05/06/2026 12:04:23;;Souscription non démarrée;Parcours non démarré;121.24
2599;05/06/2026 11:58:27;;Souscription en cours;Coordonnées personnelles;676.76
2600;05/06/2026 11:58:27;;Souscription en cours;Coordonnées personnelles;167.82
2601;05/06/2026 11:58:01;;Dossier validé;Parcours terminé;903.83
2602;05/06/2026 11:58:01;;Dossier validé;Parcours terminé;327.07
2603;05/06/2026 11:55:35;;Souscription en cours;Choix de l'offre et livraison;628.35
2604;05/06/2026 11:55:35;;Souscription en cours;Choix de l'offre et livraison;544.17
2605;05/06/2026 11:44:55;;Dossier validé;Parcours terminé;917.32
2606;05/06/2026 11:44:55;;Dossier validé;Parcours terminé;801.19
2607;05/06/2026 11:42:19;;Dossier refusé;Signature Contrat;210.78
2608;05/06/2026 11:42:19;;Dossier refusé;Signature Contrat;676.50
2609;05/06/2026 11:37:03;;Souscription en cours;Choix de l'offre et livraison;282.13
2610;05/06/2026 11:37:03;;Souscription en cours;Choix de l'offre et livraison;355.38
2611;05/06/2026 11:34:11;;En attente d'analyse Agent - Dossier avec erreurs;Signature Contrat;146.06
2612;05/06/2026 11:34:11;;En attente d'analyse Agent - Dossier avec erreurs;Signature Contrat;958.55
2613;05/06/2026 11:34:00;;Souscription en cours;Coordonnées personnelles;965.03
2614;05/06/2026 11:34:00;;Souscription en cours;Coordonnées personnelles;577.71
2615;05/06/2026 11:29:51;;Souscription en cours;Informations complémentaires (CA, Profession, etc.);353.77
2616;05/06/2026 11:29:51;;Souscription en cours;Informations complémentaires (CA, Profession, etc.);291.13
2617;05/06/2026 11:21:10;Inès MICHEL;Dossier validé;Parcours terminé;337.89
2618;05/06/2026 11:21:10;Inès MICHEL;Dossier validé;Parcours terminé;285.46
2619;05/06/2026 11:19:27;;Souscription en cours;Signature Contrat;224.45
2620;05/06/2026 11:19:27;;Souscription en cours;Signature Contrat;676.77
2621;05/06/2026 11:18:45;;Souscription non démarrée;Parcours non démarré;429.37
2622;05/06/2026 11:18:45;;Souscription non démarrée;Parcours non démarré;721.86
2623;05/06/2026 11:18:22;;En attente d'analyse Agent - Dossier avec erreurs;Signature Contrat;642.27
2624;05/06/2026 11:18:22;;En attente d'analyse Agent - Dossier avec erreurs;Signature Contrat;223.85
2625;05/06/2026 11:17:49;;Souscription en cours;Coordonnées personnelles;117.33
2626;05/06/2026 11:17:49;;Souscription en cours;Coordonnées personnelles;699.17
2627;05/06/2026 11:01:37;;Dossier validé;Parcours terminé;650.01
2628;05/06/2026 11:01:37;;Dossier validé;Parcours terminé;703.69
2629;05/06/2026 10:51:55;;Souscription en cours;Choix de l'offre et livraison;497.48
2630;05/06/2026 10:51:55;;Souscription en cours;Choix de l'offre et livraison;510.10
2631;05/06/2026 10:46:36;;Souscription en cours;Choix de l'offre et livraison;660.46
2632;05/06/2026 10:46:36;;Souscription en cours;Choix de l'offre et livraison;150.35
2633;05/06/2026 10:44:44;;Dossier validé;Parcours terminé;268.18
2634;05/06/2026 10:44:44;;Dossier validé;Parcours terminé;859.82
2635;05/06/2026 10:43:44;Hugo DUBOIS;Dossier refusé;Informations complémentaires (CA, Profession, etc.);476.99
2636;05/06/2026 10:43:44;Hugo DUBOIS;Dossier refusé;Informations complémentaires (CA, Profession, etc.);617.63
2637;05/06/2026 10:35:31;;Dossier validé;Parcours terminé;964.10
2638;05/06/2026 10:35:31;;Dossier validé;Parcours terminé;304.59
2639;05/06/2026 10:30:46;;Souscription en cours;Synchronisation référentiel personne NOVA;366.61
2640;05/06/2026 10:30:46;;Souscription en cours;Synchronisation référentiel personne NOVA;782.84
2641;05/06/2026 10:30:03;;Dossier validé;Parcours terminé;626.10
2642;05/06/2026 10:30:03;;Dossier validé;Parcours terminé;360.98
2643;05/06/2026 10:29:58;;Souscription en cours;Informations complémentaires (Etablissements, etc.);659.46
2644;05/06/2026 10:29:58;;Souscription en cours;Informations complémentaires (Etablissements, etc.);643.92
2645;05/06/2026 10:16:22;;Dossier validé;Parcours terminé;760.62
2646;05/06/2026 10:16:22;;Dossier validé;Parcours terminé;619.43
2647;05/06/2026 10:15:13;;Dossier validé;Parcours terminé;978.38
2648;05/06/2026 10:15:13;;Dossier validé;Parcours terminé;877.20
2649;05/06/2026 10:12:42;;Dossier validé;Parcours terminé;153.64
2650;05/06/2026 10:12:42;;Dossier validé;Parcours terminé;814.65
2651;05/06/2026 10:08:00;;Dossier refusé;Saisie société;981.53
2652;05/06/2026 10:08:00;;Dossier refusé;Saisie société;597.19
2653;05/06/2026 10:07:25;;Souscription en cours;Vérification d'identité;441.23
2654;05/06/2026 10:07:25;;Souscription en cours;Vérification d'identité;844.34
2655;05/06/2026 09:50:14;;Dossier validé;Parcours terminé;905.20
2656;05/06/2026 09:50:14;;Dossier validé;Parcours terminé;211.44
2657;05/06/2026 09:36:27;Manon LEFEBVRE;Dossier refusé;Saisie société;416.98
2658;05/06/2026 09:36:27;Manon LEFEBVRE;Dossier refusé;Saisie société;445.19
2659;05/06/2026 09:35:28;;Souscription en cours;Coordonnées personnelles;379.69
2660;05/06/2026 09:35:28;;Souscription en cours;Coordonnées personnelles;464.82
2661;05/06/2026 09:33:01;;En attente d'analyse Agent - Dossier sans erreur;Parcours terminé;917.90
2662;05/06/2026 09:33:01;;En attente d'analyse Agent - Dossier sans erreur;Parcours terminé;237.85
2663;05/06/2026 09:30:41;;Souscription en cours;Choix de l'offre et livraison;338.68
2664;05/06/2026 09:30:41;;Souscription en cours;Choix de l'offre et livraison;366.85
2665;05/06/2026 09:28:13;;Dossier validé;Parcours terminé;187.31
2666;05/06/2026 09:28:13;;Dossier validé;Parcours terminé;438.51
2667;05/06/2026 09:20:32;;Souscription en cours;Choix de l'offre et livraison;944.85
2668;05/06/2026 09:20:32;;Souscription en cours;Choix de l'offre et livraison;121.14
2669;05/06/2026 09:18:26;;Dossier validé;Parcours terminé;467.67
2670;05/06/2026 09:18:26;;Dossier validé;Parcours terminé;574.57
2671;05/06/2026 09:08:29;;Dossier validé;Parcours terminé;657.95
2672;05/06/2026 09:08:29;;Dossier validé;Parcours terminé;221.62
2673;05/06/2026 09:07:01;;Souscription en cours;Choix de l'offre et livraison;435.55
2674;05/06/2026 09:07:01;;Souscription en cours;Choix de l'offre et livraison;677.03
2675;05/06/2026 09:04:04;;Souscription en cours;Coordonnées personnelles;216.72
2676;05/06/2026 09:04:04;;Souscription en cours;Coordonnées personnelles;249.89
2677;05/06/2026 09:01:29;;Dossier validé;Parcours terminé;805.58
2678;05/06/2026 09:01:29;;Dossier validé;Parcours terminé;748.80
2679;05/06/2026 09:00:00;;Dossier refusé;Saisie société;359.87
2680;05/06/2026 09:00:00;;Dossier refusé;Saisie société;885.83
2681;05/06/2026 08:45:39;;Dossier validé;Parcours terminé;615.50
2682;05/06/2026 08:45:39;;Dossier validé;Parcours terminé;762.07
2683;05/06/2026 08:41:33;;Dossier validé;Parcours terminé;464.31
2684;05/06/2026 08:41:33;;Dossier validé;Parcours terminé;576.39
2685;05/06/2026 08:18:27;;Souscription non démarrée;Parcours non démarré;887.77
2686;05/06/2026 08:18:27;;Souscription non démarrée;Parcours non démarré;963.92
2687;05/06/2026 08:08:15;;Souscription en cours;Signature Contrat;337.98
2688;05/06/2026 08:08:15;;Souscription en cours;Signature Contrat;556.09
2689;05/06/2026 08:07:50;;Dossier validé;Parcours terminé;729.45
2690;05/06/2026 08:07:50;;Dossier validé;Parcours terminé;470.35
2691;05/06/2026 07:59:22;;En attente d'analyse Agent - Dossier avec erreurs;Signature Contrat;863.84
2692;05/06/2026 07:59:22;;En attente d'analyse Agent - Dossier avec erreurs;Signature Contrat;748.23
2693;05/06/2026 07:46:53;;Souscription en cours;Signature Contrat;266.91
2694;05/06/2026 07:46:53;;Souscription en cours;Signature Contrat;958.48
2695;05/06/2026 07:42:47;;Souscription en cours;Choix de l'offre et livraison;295.83
2696;05/06/2026 07:42:47;;Souscription en cours;Choix de l'offre et livraison;979.27
2697;05/06/2026 07:34:42;;Souscription en cours;Coordonnées personnelles;532.18
2698;05/06/2026 07:34:42;;Souscription en cours;Coordonnées personnelles;487.43
2699;05/06/2026 07:32:08;;Souscription en cours;Choix de l'offre et livraison;736.57
2700;05/06/2026 07:32:08;;Souscription en cours;Choix de l'offre et livraison;518.65
2701;05/06/2026 07:25:22;;Souscription non démarrée;Parcours non démarré;387.89
2702;05/06/2026 07:25:22;;Souscription non démarrée;Parcours non démarré;658.16
2703;05/06/2026 07:18:06;;Souscription en cours;Vérification d'identité;589.43
2704;05/06/2026 07:18:06;;Souscription en cours;Vérification d'identité;318.45
2705;05/06/2026 07:17:21;;Souscription en cours;Coordonnées personnelles;151.59
2706;05/06/2026 07:17:21;;Souscription en cours;Coordonnées personnelles;502.90
2707;05/06/2026 06:44:08;;Souscription en cours;Signature Contrat;897.28
2708;05/06/2026 06:44:08;;Souscription en cours;Signature Contrat;387.12
2709;05/06/2026 06:17:13;;Dossier validé;Parcours terminé;838.93
2710;05/06/2026 06:17:13;;Dossier validé;Parcours terminé;841.38
2711;05/06/2026 06:03:47;;Souscription en cours;Coordonnées personnelles;269.66
2712;05/06/2026 06:03:47;;Souscription en cours;Coordonnées personnelles;358.05
2713;05/06/2026 05:04:25;;Souscription en cours;Coordonnées personnelles;451.87
2714;05/06/2026 05:04:25;;Souscription en cours;Coordonnées personnelles;281.30
2715;05/06/2026 03:40:30;;Souscription en cours;Coordonnées personnelles;926.41
2716;05/06/2026 03:40:30;;Souscription en cours;Coordonnées personnelles;674.77
2717;05/06/2026 03:36:49;;Souscription en cours;Coordonnées personnelles;734.15
2718;05/06/2026 03:36:49;;Souscription en cours;Coordonnées personnelles;838.28
2719;05/06/2026 03:31:10;;Souscription en cours;Coordonnées personnelles;307.93
2720;05/06/2026 03:31:10;;Souscription en cours;Coordonnées personnelles;280.63
2721;05/06/2026 03:22:44;;Souscription en cours;Choix de l'offre et livraison;898.59
2722;05/06/2026 03:22:44;;Souscription en cours;Choix de l'offre et livraison;285.12
2723;05/06/2026 02:47:26;;Souscription en cours;Signature Contrat;108.42
2724;05/06/2026 02:47:26;;Souscription en cours;Signature Contrat;889.30
2725;05/06/2026 02:40:26;;Souscription en cours;Coordonnées personnelles;382.29
2726;05/06/2026 02:40:26;;Souscription en cours;Coordonnées personnelles;457.03
2727;05/06/2026 02:18:22;;Dossier validé;Parcours terminé;289.53
2728;05/06/2026 02:18:22;;Dossier validé;Parcours terminé;167.59
2729;05/06/2026 02:09:41;;Dossier validé;Parcours terminé;626.73
2730;05/06/2026 02:09:41;;Dossier validé;Parcours terminé;170.53
2731;05/06/2026 01:34:27;;Dossier refusé;Parcours non démarré;590.08
2732;05/06/2026 01:34:27;;Dossier refusé;Parcours non démarré;981.81
2733;05/06/2026 01:34:00;;Dossier validé;Parcours terminé;471.89
2734;05/06/2026 01:34:00;;Dossier validé;Parcours terminé;851.89
2735;05/06/2026 01:07:33;;Souscription non démarrée;Parcours non démarré;324.84
2736;05/06/2026 01:07:33;;Souscription non démarrée;Parcours non démarré;911.05
2737;05/06/2026 00:52:14;;Souscription en cours;Coordonnées personnelles;732.59
2738;05/06/2026 00:52:14;;Souscription en cours;Coordonnées personnelles;464.02
2739;05/06/2026 00:35:34;;Dossier validé;Parcours terminé;560.85
2740;05/06/2026 00:35:34;;Dossier validé;Parcours terminé;376.51
2741;05/06/2026 00:14:40;;Dossier validé;Parcours terminé;969.05
2742;05/06/2026 00:14:40;;Dossier validé;Parcours terminé;877.59
2743;05/06/2026 00:10:24;;Dossier refusé;Saisie société;291.91
2744;05/06/2026 00:10:24;;Dossier refusé;Saisie société;945.29
2745;05/06/2026 00:08:50;;Souscription en cours;Coordonnées personnelles;297.38
2746;05/06/2026 00:08:50;;Souscription en cours;Coordonnées personnelles;397.38
2747;04/06/2026 23:51:09;;Dossier refusé;Saisie société;358.43
2748;04/06/2026 23:51:09;;Dossier refusé;Saisie société;892.28
2749;04/06/2026 23:50:30;;Souscription en cours;Coordonnées personnelles;917.86
2750;04/06/2026 23:50:30;;Souscription en cours;Coordonnées personnelles;974.82
2751;04/06/2026 23:43:42;;En attente d'analyse Agent - Dossier avec erreurs;Signature Contrat;287.61
2752;04/06/2026 23:43:42;;En attente d'analyse Agent - Dossier avec erreurs;Signature Contrat;776.32
2753;04/06/2026 23:16:35;Hugo MARTIN;Dossier refusé;Saisie société;148.67
2754;04/06/2026 23:16:35;Hugo MARTIN;Dossier refusé;Saisie société;492.23
2755;04/06/2026 22:57:28;;Souscription non démarrée;Parcours non démarré;247.22
2756;04/06/2026 22:57:28;;Souscription non démarrée;Parcours non démarré;235.05
2757;04/06/2026 22:50:55;;Dossier refusé;Informations complémentaires (CA, Profession, etc.);583.72
2758;04/06/2026 22:50:55;;Dossier refusé;Informations complémentaires (CA, Profession, etc.);115.53
2759;04/06/2026 22:50:35;;Dossier refusé;Saisie société;958.80
2760;04/06/2026 22:50:35;;Dossier refusé;Saisie société;762.13
2761;04/06/2026 22:44:39;;Dossier refusé;Saisie société;407.97
2762;04/06/2026 22:44:39;;Dossier refusé;Saisie société;522.12
2763;04/06/2026 22:41:00;;Souscription en cours;Coordonnées personnelles;653.31
2764;04/06/2026 22:41:00;;Souscription en cours;Coordonnées personnelles;695.71
2765;04/06/2026 22:34:59;;Dossier validé;Parcours terminé;593.31
2766;04/06/2026 22:34:59;;Dossier validé;Parcours terminé;535.85
2767;04/06/2026 22:34:52;;Dossier validé;Parcours terminé;971.30
2768;04/06/2026 22:34:52;;Dossier validé;Parcours terminé;176.74
2769;04/06/2026 22:19:21;;Dossier validé;Parcours terminé;356.13
2770;04/06/2026 22:19:21;;Dossier validé;Parcours terminé;416.36
2771;04/06/2026 22:14:41;;Souscription en cours;Coordonnées personnelles;141.69
2772;04/06/2026 22:14:41;;Souscription en cours;Coordonnées personnelles;485.61
2773;04/06/2026 22:14:00;;Souscription en cours;Coordonnées personnelles;552.07
2774;04/06/2026 22:14:00;;Souscription en cours;Coordonnées personnelles;543.47
2775;04/06/2026 22:03:20;;Souscription en cours;Coordonnées personnelles;128.98
2776;04/06/2026 22:03:20;;Souscription en cours;Coordonnées personnelles;115.79
2777;04/06/2026 22:01:30;;Dossier validé;Parcours terminé;747.57
2778;04/06/2026 22:01:30;;Dossier validé;Parcours terminé;467.67
2779;04/06/2026 21:59:59;;Souscription en cours;Informations complémentaires (Etablissements, etc.);744.61
2780;04/06/2026 21:59:59;;Souscription en cours;Informations complémentaires (Etablissements, etc.);989.03
2781;04/06/2026 21:59:08;;Souscription en cours;Choix de l'offre et livraison;415.72
2782;04/06/2026 21:59:08;;Souscription en cours;Choix de l'offre et livraison;948.03
2783;04/06/2026 21:55:13;;Dossier validé;Parcours terminé;934.05
2784;04/06/2026 21:55:13;;Dossier validé;Parcours terminé;423.54
2785;04/06/2026 21:51:15;;Souscription en cours;Coordonnées personnelles;251.80
2786;04/06/2026 21:51:15;;Souscription en cours;Coordonnées personnelles;512.75
2787;04/06/2026 21:48:49;;Souscription en cours;Informations complémentaires (CA, Profession, etc.);379.89
2788;04/06/2026 21:48:49;;Souscription en cours;Informations complémentaires (CA, Profession, etc.);229.00
2789;04/06/2026 21:45:32;;Dossier refusé;Saisie société;571.87
2790;04/06/2026 21:45:32;;Dossier refusé;Saisie société;115.39
2791;04/06/2026 21:37:44;;Souscription en cours;Coordonnées personnelles;200.94
2792;04/06/2026 21:37:44;;Souscription en cours;Coordonnées personnelles;789.71
2793;04/06/2026 21:24:05;;Dossier validé;Parcours terminé;351.69
2794;04/06/2026 21:24:05;;Dossier validé;Parcours terminé;863.78
2795;04/06/2026 21:22:05;;Dossier validé;Parcours terminé;555.13
2796;04/06/2026 21:22:05;;Dossier validé;Parcours terminé;824.25
2797;04/06/2026 21:09:04;;Souscription non démarrée;Parcours non démarré;971.16
2798;04/06/2026 21:09:04;;Souscription non démarrée;Parcours non démarré;243.55
2799;04/06/2026 20:58:01;Zoé MULLER;Dossier validé;Parcours terminé;159.15
2800;04/06/2026 20:58:01;Zoé MULLER;Dossier validé;Parcours terminé;581.65
2801;04/06/2026 20:55:30;;Dossier validé;Parcours terminé;162.87
2802;04/06/2026 20:55:30;;Dossier validé;Parcours terminé;969.91
2803;04/06/2026 20:52:56;;En attente d'analyse Agent - Dossier avec erreurs;Signature Contrat;956.64
2804;04/06/2026 20:52:56;;En attente d'analyse Agent - Dossier avec erreurs;Signature Contrat;406.28
2805;04/06/2026 20:46:35;;Souscription non démarrée;Parcours non démarré;514.80
2806;04/06/2026 20:46:35;;Souscription non démarrée;Parcours non démarré;740.50
2807;04/06/2026 20:32:09;;Dossier validé;Parcours terminé;184.84
2808;04/06/2026 20:32:09;;Dossier validé;Parcours terminé;538.77
2809;04/06/2026 20:30:44;;Souscription non démarrée;Parcours non démarré;986.27
2810;04/06/2026 20:30:44;;Souscription non démarrée;Parcours non démarré;733.30
2811;04/06/2026 20:21:21;;Dossier refusé;Informations complémentaires (CA, Profession, etc.);341.28
2812;04/06/2026 20:21:21;;Dossier refusé;Informations complémentaires (CA, Profession, etc.);466.30
2813;04/06/2026 20:16:15;;Dossier validé;Parcours terminé;680.62
2814;04/06/2026 20:16:15;;Dossier validé;Parcours terminé;419.07
2815;04/06/2026 20:12:26;;Souscription non démarrée;Parcours non démarré;765.95
2816;04/06/2026 20:12:26;;Souscription non démarrée;Parcours non démarré;980.20
2817;04/06/2026 20:05:22;;Dossier validé;Parcours terminé;737.00
2818;04/06/2026 20:05:22;;Dossier validé;Parcours terminé;851.76
2819;04/06/2026 19:52:58;;Dossier validé;Parcours terminé;789.23
2820;04/06/2026 19:52:58;;Dossier validé;Parcours terminé;266.10
2821;04/06/2026 19:47:37;Hugo MARTIN;Dossier validé;Parcours terminé;504.86
2822;04/06/2026 19:47:37;Hugo MARTIN;Dossier validé;Parcours terminé;210.26
2823;04/06/2026 19:47:03;;Dossier validé;Parcours terminé;544.46
2824;04/06/2026 19:47:03;;Dossier validé;Parcours terminé;278.69
2825;04/06/2026 19:40:39;;En attente d'analyse Agent - Dossier avec erreurs;Signature Contrat;134.06
2826;04/06/2026 19:40:39;;En attente d'analyse Agent - Dossier avec erreurs;Signature Contrat;907.56
2827;04/06/2026 19:36:47;Zoé MULLER;Dossier validé;Parcours terminé;971.65
2828;04/06/2026 19:36:47;Zoé MULLER;Dossier validé;Parcours terminé;397.85
2829;04/06/2026 19:28:23;;Dossier validé;Parcours terminé;181.43
2830;04/06/2026 19:28:23;;Dossier validé;Parcours terminé;606.52
2831;04/06/2026 19:27:47;;Souscription en cours;Signature Contrat;816.13
2832;04/06/2026 19:27:47;;Souscription en cours;Signature Contrat;448.57
2833;04/06/2026 19:26:13;Hugo DUBOIS;Dossier refusé;Saisie société;749.71
2834;04/06/2026 19:26:13;Hugo DUBOIS;Dossier refusé;Saisie société;720.41
2835;04/06/2026 19:24:21;;Dossier validé;Parcours terminé;912.70
2836;04/06/2026 19:24:21;;Dossier validé;Parcours terminé;414.59
2837;04/06/2026 19:14:06;;Souscription en cours;Coordonnées personnelles;956.22
2838;04/06/2026 19:14:06;;Souscription en cours;Coordonnées personnelles;932.44
2839;04/06/2026 19:10:34;;Souscription en cours;Choix de l'offre et livraison;852.72
2840;04/06/2026 19:10:34;;Souscription en cours;Choix de l'offre et livraison;125.96
2841;04/06/2026 18:57:04;;Dossier validé;Parcours terminé;262.77
2842;04/06/2026 18:57:04;;Dossier validé;Parcours terminé;979.16
2843;04/06/2026 18:43:22;;Souscription en cours;Informations complémentaires (Etablissements, etc.);580.39
2844;04/06/2026 18:43:22;;Souscription en cours;Informations complémentaires (Etablissements, etc.);911.74
2845;04/06/2026 18:43:18;;Dossier refusé;Signature Contrat;915.52
2846;04/06/2026 18:43:18;;Dossier refusé;Signature Contrat;459.13
2847;04/06/2026 18:42:02;Rayan MICHEL;Dossier refusé;Saisie société;433.32
2848;04/06/2026 18:42:02;Rayan MICHEL;Dossier refusé;Saisie société;374.41
2849;04/06/2026 18:26:52;;En attente d'analyse Agent - Dossier avec erreurs;Signature Contrat;234.99
2850;04/06/2026 18:26:52;;En attente d'analyse Agent - Dossier avec erreurs;Signature Contrat;649.75
2851;04/06/2026 18:15:49;;En attente d'analyse Agent - Dossier avec erreurs;Signature Contrat;886.61
2852;04/06/2026 18:15:49;;En attente d'analyse Agent - Dossier avec erreurs;Signature Contrat;411.99
2853;04/06/2026 18:14:26;;Dossier refusé;Saisie société;382.82
2854;04/06/2026 18:14:26;;Dossier refusé;Saisie société;217.82
2855;04/06/2026 18:02:22;;Dossier refusé;Signature Contrat;750.94
2856;04/06/2026 18:02:22;;Dossier refusé;Signature Contrat;893.84
2857;04/06/2026 17:59:30;;Souscription en cours;Coordonnées personnelles;481.54
2858;04/06/2026 17:59:30;;Souscription en cours;Coordonnées personnelles;755.24
2859;04/06/2026 17:52:23;;Souscription en cours;Vérification d'identité;814.55
2860;04/06/2026 17:52:23;;Souscription en cours;Vérification d'identité;404.37
2861;04/06/2026 17:43:54;;Souscription non démarrée;Parcours non démarré;875.74
2862;04/06/2026 17:43:54;;Souscription non démarrée;Parcours non démarré;130.37
2863;04/06/2026 17:43:07;;Souscription en cours;Coordonnées personnelles;405.38
2864;04/06/2026 17:43:07;;Souscription en cours;Coordonnées personnelles;616.22
2865;04/06/2026 17:35:02;;Souscription en cours;Coordonnées personnelles;583.02
2866;04/06/2026 17:35:02;;Souscription en cours;Coordonnées personnelles;625.24
2867;04/06/2026 17:34:31;;Souscription non démarrée;Parcours non démarré;292.12
2868;04/06/2026 17:34:31;;Souscription non démarrée;Parcours non démarré;519.87
2869;04/06/2026 17:31:45;;Souscription en cours;Coordonnées personnelles;707.68
2870;04/06/2026 17:31:45;;Souscription en cours;Coordonnées personnelles;101.72
2871;04/06/2026 17:27:36;;Dossier validé;Parcours terminé;710.55
2872;04/06/2026 17:27:36;;Dossier validé;Parcours terminé;387.47
2873;04/06/2026 17:11:41;;Souscription non démarrée;Parcours non démarré;553.92
2874;04/06/2026 17:11:41;;Souscription non démarrée;Parcours non démarré;734.34
2875;04/06/2026 17:06:54;;Souscription en cours;Coordonnées personnelles;953.71
2876;04/06/2026 17:06:54;;Souscription en cours;Coordonnées personnelles;851.63
2877;04/06/2026 17:05:07;;En attente d'analyse Agent - Dossier avec erreurs;Signature Contrat;985.29
2878;04/06/2026 17:05:07;;En attente d'analyse Agent - Dossier avec erreurs;Signature Contrat;291.91
2879;04/06/2026 17:04:37;;Souscription en cours;Choix de l'offre et livraison;221.25
2880;04/06/2026 17:04:37;;Souscription en cours;Choix de l'offre et livraison;382.20
2881;04/06/2026 17:04:01;;Souscription en cours;Coordonnées personnelles;235.28
2882;04/06/2026 17:04:01;;Souscription en cours;Coordonnées personnelles;112.75
2883;04/06/2026 17:01:40;;Dossier refusé;Coordonnées personnelles;826.32
2884;04/06/2026 17:01:40;;Dossier refusé;Coordonnées personnelles;246.04
2885;04/06/2026 16:54:36;;Souscription en cours;Signature Contrat;398.74
2886;04/06/2026 16:54:36;;Souscription en cours;Signature Contrat;386.92
2887;04/06/2026 16:54:18;;En attente d'analyse Agent - Dossier avec erreurs;Signature Contrat;769.70
2888;04/06/2026 16:54:18;;En attente d'analyse Agent - Dossier avec erreurs;Signature Contrat;458.94
2889;04/06/2026 16:51:55;;Souscription en cours;Coordonnées personnelles;324.13
2890;04/06/2026 16:51:55;;Souscription en cours;Coordonnées personnelles;989.85
2891;04/06/2026 16:49:47;;Souscription en cours;Coordonnées personnelles;610.15
2892;04/06/2026 16:49:47;;Souscription en cours;Coordonnées personnelles;823.97
2893;04/06/2026 16:44:10;;Dossier refusé;Saisie société;779.89
2894;04/06/2026 16:44:10;;Dossier refusé;Saisie société;739.41
2895;04/06/2026 16:41:37;;Souscription en cours;Vérification d'identité;222.67
2896;04/06/2026 16:41:37;;Souscription en cours;Vérification d'identité;858.64
2897;04/06/2026 16:39:48;;Dossier validé;Parcours terminé;354.63
2898;04/06/2026 16:39:48;;Dossier validé;Parcours terminé;431.58
2899;04/06/2026 16:38:18;;Dossier validé;Parcours terminé;743.15
2900;04/06/2026 16:38:18;;Dossier validé;Parcours terminé;879.01
2901;04/06/2026 16:37:17;;Dossier validé;Parcours terminé;633.69
2902;04/06/2026 16:37:17;;Dossier validé;Parcours terminé;158.09
2903;04/06/2026 16:30:08;Manon LEFEBVRE;Dossier validé;Parcours terminé;475.72
2904;04/06/2026 16:30:08;Manon LEFEBVRE;Dossier validé;Parcours terminé;379.80
2905;04/06/2026 16:22:57;;Dossier validé;Parcours terminé;349.94
2906;04/06/2026 16:22:57;;Dossier validé;Parcours terminé;329.60
2907;04/06/2026 16:22:08;;Souscription en cours;Coordonnées personnelles;724.11
2908;04/06/2026 16:22:08;;Souscription en cours;Coordonnées personnelles;615.66
2909;04/06/2026 16:21:00;;Souscription en cours;Coordonnées personnelles;950.74
2910;04/06/2026 16:21:00;;Souscription en cours;Coordonnées personnelles;326.66
2911;04/06/2026 16:17:03;;Dossier validé;Parcours terminé;770.04
2912;04/06/2026 16:17:03;;Dossier validé;Parcours terminé;547.66
2913;04/06/2026 16:16:27;;Dossier validé;Parcours terminé;688.40
2914;04/06/2026 16:16:27;;Dossier validé;Parcours terminé;680.34
2915;04/06/2026 16:13:19;;Souscription en cours;Signature Contrat;928.38
2916;04/06/2026 16:13:19;;Souscription en cours;Signature Contrat;196.95
2917;04/06/2026 16:07:05;;Souscription non démarrée;Parcours non démarré;703.46
2918;04/06/2026 16:07:05;;Souscription non démarrée;Parcours non démarré;191.25
2919;04/06/2026 16:06:00;;Souscription non démarrée;Parcours non démarré;354.72
2920;04/06/2026 16:06:00;;Souscription non démarrée;Parcours non démarré;372.18
2921;04/06/2026 16:04:12;;Souscription en cours;Choix de l'offre et livraison;567.42
2922;04/06/2026 16:04:12;;Souscription en cours;Choix de l'offre et livraison;911.08
2923;04/06/2026 16:03:27;;Souscription non démarrée;Parcours non démarré;515.29
2924;04/06/2026 16:03:27;;Souscription non démarrée;Parcours non démarré;512.16
2925;04/06/2026 16:01:18;;Souscription en cours;Coordonnées personnelles;493.78
2926;04/06/2026 16:01:18;;Souscription en cours;Coordonnées personnelles;578.99
2927;04/06/2026 15:58:49;;Dossier validé;Parcours terminé;202.17
2928;04/06/2026 15:58:49;;Dossier validé;Parcours terminé;478.42
2929;04/06/2026 15:57:27;;Souscription en cours;Coordonnées personnelles;145.63
2930;04/06/2026 15:57:27;;Souscription en cours;Coordonnées personnelles;692.57
2931;04/06/2026 15:49:56;;Souscription non démarrée;Parcours non démarré;726.91
2932;04/06/2026 15:49:56;;Souscription non démarrée;Parcours non démarré;139.69
2933;04/06/2026 15:45:46;;Dossier refusé;Saisie société;402.67
2934;04/06/2026 15:45:46;;Dossier refusé;Saisie société;225.15
2935;04/06/2026 15:42:46;;Souscription non démarrée;Parcours non démarré;833.05
2936;04/06/2026 15:42:46;;Souscription non démarrée;Parcours non démarré;134.22
2937;04/06/2026 15:33:58;;Dossier refusé;Saisie société;573.35
2938;04/06/2026 15:33:58;;Dossier refusé;Saisie société;375.35
2939;04/06/2026 15:33:04;;Souscription en cours;Coordonnées personnelles;624.03
2940;04/06/2026 15:33:04;;Souscription en cours;Coordonnées personnelles;658.07
2941;04/06/2026 15:33:00;;Souscription en cours;Coordonnées personnelles;778.09
2942;04/06/2026 15:33:00;;Souscription en cours;Coordonnées personnelles;924.16
2943;04/06/2026 15:25:24;;Dossier refusé;Saisie société;249.23
2944;04/06/2026 15:25:24;;Dossier refusé;Saisie société;604.17
2945;04/06/2026 15:25:15;;Dossier validé;Parcours terminé;316.88
2946;04/06/2026 15:25:15;;Dossier validé;Parcours terminé;812.54
2947;04/06/2026 15:25:12;;Dossier refusé;Signature Contrat;731.03
2948;04/06/2026 15:25:12;;Dossier refusé;Signature Contrat;273.19
2949;04/06/2026 15:25:04;Adam MARTIN;Dossier validé;Parcours terminé;463.28
2950;04/06/2026 15:25:04;Adam MARTIN;Dossier validé;Parcours terminé;754.59
2951;04/06/2026 15:11:39;;Souscription non démarrée;Parcours non démarré;476.41
2952;04/06/2026 15:11:39;;Souscription non démarrée;Parcours non démarré;844.55
2953;04/06/2026 15:08:37;;Dossier validé;Parcours terminé;435.77
2954;04/06/2026 15:08:37;;Dossier validé;Parcours terminé;143.56
2955;04/06/2026 15:07:58;;Souscription en cours;Signature Contrat;213.84
2956;04/06/2026 15:07:58;;Souscription en cours;Signature Contrat;444.43
2957;04/06/2026 15:06:36;;Dossier validé;Parcours terminé;369.30
2958;04/06/2026 15:06:36;;Dossier validé;Parcours terminé;918.90
2959;04/06/2026 15:05:26;;Dossier validé;Parcours terminé;616.36
2960;04/06/2026 15:05:26;;Dossier validé;Parcours terminé;803.50
2961;04/06/2026 15:04:03;;Souscription en cours;Synchronisation référentiel personne NOVA;143.86
2962;04/06/2026 15:04:03;;Souscription en cours;Synchronisation référentiel personne NOVA;134.89
2963;04/06/2026 15:03:44;;Souscription en cours;Coordonnées personnelles;490.31
2964;04/06/2026 15:03:44;;Souscription en cours;Coordonnées personnelles;431.46
2965;04/06/2026 15:02:34;;Dossier validé;Parcours terminé;867.29
2966;04/06/2026 15:02:34;;Dossier validé;Parcours terminé;164.20
2967;04/06/2026 15:01:47;;Dossier validé;Parcours terminé;825.26
2968;04/06/2026 15:01:47;;Dossier validé;Parcours terminé;427.42
2969;04/06/2026 15:00:27;;Souscription non démarrée;Parcours non démarré;376.35
2970;04/06/2026 15:00:27;;Souscription non démarrée;Parcours non démarré;216.44
2971;04/06/2026 14:57:25;;Dossier refusé;Signature Contrat;433.34
2972;04/06/2026 14:57:25;;Dossier refusé;Signature Contrat;428.42
2973;04/06/2026 14:47:53;;Souscription en cours;Choix de l'offre et livraison;730.33
2974;04/06/2026 14:47:53;;Souscription en cours;Choix de l'offre et livraison;433.03
2975;04/06/2026 14:33:33;;Souscription non démarrée;Parcours non démarré;601.49
2976;04/06/2026 14:33:33;;Souscription non démarrée;Parcours non démarré;274.10
2977;04/06/2026 14:32:42;;Souscription non démarrée;Parcours non démarré;466.08
2978;04/06/2026 14:32:42;;Souscription non démarrée;Parcours non démarré;518.63
2979;04/06/2026 14:31:28;;Souscription non démarrée;Parcours non démarré;816.40
2980;04/06/2026 14:31:28;;Souscription non démarrée;Parcours non démarré;312.75
2981;04/06/2026 14:23:59;;Souscription en cours;Coordonnées personnelles;208.63
2982;04/06/2026 14:23:59;;Souscription en cours;Coordonnées personnelles;527.99
2983;04/06/2026 14:17:06;;Dossier validé;Parcours terminé;853.49
2984;04/06/2026 14:17:06;;Dossier validé;Parcours terminé;557.69
2985;04/06/2026 14:15:55;;En attente d'analyse Agent - Dossier avec erreurs;Signature Contrat;847.96
2986;04/06/2026 14:15:55;;En attente d'analyse Agent - Dossier avec erreurs;Signature Contrat;213.67
2987;04/06/2026 14:12:55;;Dossier validé;Parcours terminé;676.00
2988;04/06/2026 14:12:55;;Dossier validé;Parcours terminé;108.11
2989;04/06/2026 14:10:38;;Souscription en cours;Coordonnées personnelles;511.39
2990;04/06/2026 14:10:38;;Souscription en cours;Coordonnées personnelles;337.31
2991;04/06/2026 14:08:09;Adam LAURENT;Dossier refusé;Saisie société;726.03
2992;04/06/2026 14:08:09;Adam LAURENT;Dossier refusé;Saisie société;467.62
2993;04/06/2026 13:53:12;;Souscription en cours;Coordonnées personnelles;637.39
2994;04/06/2026 13:53:12;;Souscription en cours;Coordonnées personnelles;468.02
2995;04/06/2026 13:52:41;;Dossier validé;Parcours terminé;356.77
2996;04/06/2026 13:52:41;;Dossier validé;Parcours terminé;644.84
2997;04/06/2026 13:50:55;;Souscription non démarrée;Parcours non démarré;704.76
2998;04/06/2026 13:50:55;;Souscription non démarrée;Parcours non démarré;728.31
2999;04/06/2026 13:47:41;;Dossier refusé;Saisie société;872.82
3000;04/06/2026 13:47:41;;Dossier refusé;Saisie société;303.35
3001;04/06/2026 13:43:58;;Souscription non démarrée;Parcours non démarré;485.57
3002;04/06/2026 13:43:58;;Souscription non démarrée;Parcours non démarré;145.84
3003;04/06/2026 13:35:44;;Dossier validé;Parcours terminé;604.15
3004;04/06/2026 13:35:44;;Dossier validé;Parcours terminé;609.55
3005;04/06/2026 13:33:58;;Souscription non démarrée;Parcours non démarré;199.63
3006;04/06/2026 13:33:58;;Souscription non démarrée;Parcours non démarré;259.27
3007;04/06/2026 13:23:18;;Dossier validé;Parcours terminé;606.68
3008;04/06/2026 13:23:18;;Dossier validé;Parcours terminé;890.73
3009;04/06/2026 13:20:59;;Souscription en cours;Coordonnées personnelles;356.25
3010;04/06/2026 13:20:59;;Souscription en cours;Coordonnées personnelles;153.32
3011;04/06/2026 13:12:44;;Souscription non démarrée;Parcours non démarré;469.20
3012;04/06/2026 13:12:44;;Souscription non démarrée;Parcours non démarré;187.38
3013;04/06/2026 13:10:50;;En attente d'analyse Agent - Dossier avec erreurs;Signature Contrat;879.78
3014;04/06/2026 13:10:50;;En attente d'analyse Agent - Dossier avec erreurs;Signature Contrat;809.39
3015;04/06/2026 13:07:48;;Souscription en cours;Choix de l'offre et livraison;960.56
3016;04/06/2026 13:07:48;;Souscription en cours;Choix de l'offre et livraison;340.22
3017;04/06/2026 13:02:07;;Dossier refusé;Saisie société;686.75
3018;04/06/2026 13:02:07;;Dossier refusé;Saisie société;356.25
3019;04/06/2026 12:58:24;;Dossier validé;Parcours terminé;980.78
3020;04/06/2026 12:58:24;;Dossier validé;Parcours terminé;677.05
3021;04/06/2026 12:56:39;;Souscription non démarrée;Parcours non démarré;332.33
3022;04/06/2026 12:56:39;;Souscription non démarrée;Parcours non démarré;859.04
3023;04/06/2026 12:49:28;;Dossier refusé;Bénéficiaire effectifs;878.16
3024;04/06/2026 12:49:28;;Dossier refusé;Bénéficiaire effectifs;761.08
3025;04/06/2026 12:49:11;;Dossier validé;Parcours terminé;255.10
3026;04/06/2026 12:49:11;;Dossier validé;Parcours terminé;718.60
3027;04/06/2026 12:44:02;;Souscription en cours;Bénéficiaire effectifs;899.97
3028;04/06/2026 12:44:02;;Souscription en cours;Bénéficiaire effectifs;124.93
3029;04/06/2026 12:41:30;;Dossier validé;Parcours terminé;772.94
3030;04/06/2026 12:41:30;;Dossier validé;Parcours terminé;626.74
3031;04/06/2026 12:41:08;;Dossier validé;Parcours terminé;880.33
3032;04/06/2026 12:41:08;;Dossier validé;Parcours terminé;985.56
3033;04/06/2026 12:38:06;;Dossier validé;Parcours terminé;475.23
3034;04/06/2026 12:38:06;;Dossier validé;Parcours terminé;161.32
3035;04/06/2026 12:28:52;;En attente d'analyse Agent - Dossier avec erreurs;Signature Contrat;987.45
3036;04/06/2026 12:28:52;;En attente d'analyse Agent - Dossier avec erreurs;Signature Contrat;637.06
3037;04/06/2026 12:27:31;;Dossier validé;Parcours terminé;334.24
3038;04/06/2026 12:27:31;;Dossier validé;Parcours terminé;466.51
3039;04/06/2026 12:27:02;;Souscription non démarrée;Parcours non démarré;466.96
3040;04/06/2026 12:27:02;;Souscription non démarrée;Parcours non démarré;661.33
3041;04/06/2026 12:25:15;;Souscription en cours;Coordonnées personnelles;669.25
3042;04/06/2026 12:25:15;;Souscription en cours;Coordonnées personnelles;228.90
3043;04/06/2026 12:23:20;;Souscription non démarrée;Parcours non démarré;869.19
3044;04/06/2026 12:23:20;;Souscription non démarrée;Parcours non démarré;778.91
3045;04/06/2026 12:22:55;;Souscription en cours;Coordonnées personnelles;731.29
3046;04/06/2026 12:22:55;;Souscription en cours;Coordonnées personnelles;104.91
3047;04/06/2026 12:19:04;;Dossier validé;Parcours terminé;938.02
3048;04/06/2026 12:19:04;;Dossier validé;Parcours terminé;842.78
3049;04/06/2026 12:16:56;;Dossier validé;Parcours terminé;945.29
3050;04/06/2026 12:16:56;;Dossier validé;Parcours terminé;568.02
3051;04/06/2026 12:14:22;;Souscription en cours;Choix de l'offre et livraison;756.12
3052;04/06/2026 12:14:22;;Souscription en cours;Choix de l'offre et livraison;638.66
3053;04/06/2026 12:10:29;;Souscription non démarrée;Parcours non démarré;167.64
3054;04/06/2026 12:10:29;;Souscription non démarrée;Parcours non démarré;634.94
3055;04/06/2026 12:06:53;;Dossier validé;Parcours terminé;266.69
3056;04/06/2026 12:06:53;;Dossier validé;Parcours terminé;125.80
3057;04/06/2026 12:06:48;;Dossier validé;Parcours terminé;132.39
3058;04/06/2026 12:06:48;;Dossier validé;Parcours terminé;233.46
3059;04/06/2026 12:06:18;;Souscription en cours;Informations complémentaires (CA, Profession, etc.);329.54
3060;04/06/2026 12:06:18;;Souscription en cours;Informations complémentaires (CA, Profession, etc.);914.63
3061;04/06/2026 12:06:07;;En attente d'analyse Agent - Dossier avec erreurs;Signature Contrat;207.66
3062;04/06/2026 12:06:07;;En attente d'analyse Agent - Dossier avec erreurs;Signature Contrat;305.13
3063;04/06/2026 12:02:29;;Dossier refusé;Saisie société;204.03
3064;04/06/2026 12:02:29;;Dossier refusé;Saisie société;601.77
3065;04/06/2026 11:59:39;;Souscription en cours;Signature Contrat;734.11
3066;04/06/2026 11:59:39;;Souscription en cours;Signature Contrat;581.96
3067;04/06/2026 11:59:11;;Souscription en cours;Coordonnées personnelles;208.69
3068;04/06/2026 11:59:11;;Souscription en cours;Coordonnées personnelles;624.40
3069;04/06/2026 11:57:28;;Dossier validé;Parcours terminé;305.30
3070;04/06/2026 11:57:28;;Dossier validé;Parcours terminé;630.46
3071;04/06/2026 11:57:09;Hugo MARTIN;Dossier validé;Parcours terminé;181.34
3072;04/06/2026 11:57:09;Hugo MARTIN;Dossier validé;Parcours terminé;861.59
3073;04/06/2026 11:54:39;;Dossier validé;Parcours terminé;568.22
3074;04/06/2026 11:54:39;;Dossier validé;Parcours terminé;218.63
3075;04/06/2026 11:53:29;;Dossier validé;Parcours terminé;852.74
3076;04/06/2026 11:53:29;;Dossier validé;Parcours terminé;241.58
3077;04/06/2026 11:52:28;;Dossier refusé;Signature Contrat;900.62
3078;04/06/2026 11:52:28;;Dossier refusé;Signature Contrat;449.43
3079;04/06/2026 11:51:09;;Dossier validé;Parcours terminé;317.00
3080;04/06/2026 11:51:09;;Dossier validé;Parcours terminé;535.31
3081;04/06/2026 11:47:25;;Dossier validé;Parcours terminé;431.36
3082;04/06/2026 11:47:25;;Dossier validé;Parcours terminé;419.17
3083;04/06/2026 11:37:51;;Souscription en cours;Bénéficiaire effectifs;184.23
3084;04/06/2026 11:37:51;;Souscription en cours;Bénéficiaire effectifs;619.08
3085;04/06/2026 11:36:59;;Souscription en cours;Coordonnées personnelles;555.63
3086;04/06/2026 11:36:59;;Souscription en cours;Coordonnées personnelles;315.71
3087;04/06/2026 11:32:50;;En attente d'analyse Agent - Dossier avec erreurs;Signature Contrat;273.97
3088;04/06/2026 11:32:50;;En attente d'analyse Agent - Dossier avec erreurs;Signature Contrat;286.39
3089;04/06/2026 11:30:26;;Souscription en cours;Coordonnées personnelles;690.95
3090;04/06/2026 11:30:26;;Souscription en cours;Coordonnées personnelles;174.41
3091;04/06/2026 11:21:56;;Dossier validé;Parcours terminé;949.67
3092;04/06/2026 11:21:56;;Dossier validé;Parcours terminé;398.41
3093;04/06/2026 11:19:52;Hugo DUBOIS;Dossier refusé;Saisie société;562.69
3094;04/06/2026 11:19:52;Hugo DUBOIS;Dossier refusé;Saisie société;596.52
3095;04/06/2026 11:17:06;;Souscription en cours;Coordonnées personnelles;411.07
3096;04/06/2026 11:17:06;;Souscription en cours;Coordonnées personnelles;607.53
3097;04/06/2026 11:15:12;;Souscription non démarrée;Parcours non démarré;977.66
3098;04/06/2026 11:15:12;;Souscription non démarrée;Parcours non démarré;315.84
3099;04/06/2026 11:06:56;;Dossier refusé;Signature Contrat;988.83
3100;04/06/2026 11:06:56;;Dossier refusé;Signature Contrat;943.22
3101;04/06/2026 11:00:44;;Dossier refusé;Saisie société;284.95
3102;04/06/2026 11:00:44;;Dossier refusé;Saisie société;637.84
3103;04/06/2026 10:58:50;;Souscription en cours;Coordonnées personnelles;152.42
3104;04/06/2026 10:58:50;;Souscription en cours;Coordonnées personnelles;803.66
3105;04/06/2026 10:58:31;;Dossier refusé;Vérification d'identité;985.03
3106;04/06/2026 10:58:31;;Dossier refusé;Vérification d'identité;367.31
3107;04/06/2026 10:55:44;;Souscription en cours;Coordonnées personnelles;474.99
3108;04/06/2026 10:55:44;;Souscription en cours;Coordonnées personnelles;185.05
3109;04/06/2026 10:48:05;;Souscription en cours;Informations complémentaires (Etablissements, etc.);713.20
3110;04/06/2026 10:48:05;;Souscription en cours;Informations complémentaires (Etablissements, etc.);510.67
3111;04/06/2026 10:47:40;;Souscription en cours;Coordonnées personnelles;813.18
3112;04/06/2026 10:47:40;;Souscription en cours;Coordonnées personnelles;992.86
3113;04/06/2026 10:43:50;;Souscription en cours;Choix de l'offre et livraison;544.46
3114;04/06/2026 10:43:50;;Souscription en cours;Choix de l'offre et livraison;390.18
3115;04/06/2026 10:39:41;;Souscription en cours;Coordonnées personnelles;237.73
3116;04/06/2026 10:39:41;;Souscription en cours;Coordonnées personnelles;109.32
3117;04/06/2026 10:36:29;;Dossier validé;Parcours terminé;533.51
3118;04/06/2026 10:36:29;;Dossier validé;Parcours terminé;645.03
3119;04/06/2026 10:36:10;;Souscription non démarrée;Parcours non démarré;411.79
3120;04/06/2026 10:36:10;;Souscription non démarrée;Parcours non démarré;860.24
3121;04/06/2026 10:34:56;;Souscription non démarrée;Parcours non démarré;657.29
3122;04/06/2026 10:34:56;;Souscription non démarrée;Parcours non démarré;361.16
3123;04/06/2026 10:34:35;;Souscription en cours;Coordonnées personnelles;765.70
3124;04/06/2026 10:34:35;;Souscription en cours;Coordonnées personnelles;435.65
3125;04/06/2026 10:33:31;;Souscription en cours;Signature Contrat;561.06
3126;04/06/2026 10:33:31;;Souscription en cours;Signature Contrat;148.76
3127;04/06/2026 10:27:10;;Souscription non démarrée;Parcours non démarré;630.00
3128;04/06/2026 10:27:10;;Souscription non démarrée;Parcours non démarré;631.12
3129;04/06/2026 10:18:53;;Souscription en cours;Choix de l'offre et livraison;242.61
3130;04/06/2026 10:18:53;;Souscription en cours;Choix de l'offre et livraison;567.82
3131;04/06/2026 10:18:38;;Dossier validé;Parcours terminé;757.14
3132;04/06/2026 10:18:38;;Dossier validé;Parcours terminé;161.49
3133;04/06/2026 10:17:11;;Souscription non démarrée;Parcours non démarré;835.46
3134;04/06/2026 10:17:11;;Souscription non démarrée;Parcours non démarré;272.63
3135;04/06/2026 10:15:48;;Souscription en cours;Choix de l'offre et livraison;802.95
3136;04/06/2026 10:15:48;;Souscription en cours;Choix de l'offre et livraison;229.32
3137;04/06/2026 10:05:30;Manon LEFEBVRE;Dossier refusé;Saisie société;982.88
3138;04/06/2026 10:05:30;Manon LEFEBVRE;Dossier refusé;Saisie société;940.64
3139;04/06/2026 10:04:30;;Souscription en cours;Vérification d'identité;392.70
3140;04/06/2026 10:04:30;;Souscription en cours;Vérification d'identité;987.18
3141;04/06/2026 09:55:00;;Dossier refusé;Saisie société;923.91
3142;04/06/2026 09:55:00;;Dossier refusé;Saisie société;145.02
3143;04/06/2026 09:53:25;;Souscription en cours;Coordonnées personnelles;839.63
3144;04/06/2026 09:53:25;;Souscription en cours;Coordonnées personnelles;183.98
3145;04/06/2026 09:49:12;;Dossier validé;Parcours terminé;499.58
3146;04/06/2026 09:49:12;;Dossier validé;Parcours terminé;467.11
3147;04/06/2026 09:46:55;;Souscription en cours;Coordonnées personnelles;335.83
3148;04/06/2026 09:46:55;;Souscription en cours;Coordonnées personnelles;485.93
3149;04/06/2026 09:46:22;;Souscription en cours;Informations complémentaires (CA, Profession, etc.);196.09
3150;04/06/2026 09:46:22;;Souscription en cours;Informations complémentaires (CA, Profession, etc.);551.62
3151;04/06/2026 09:36:11;;Dossier validé;Parcours terminé;459.41
3152;04/06/2026 09:36:11;;Dossier validé;Parcours terminé;207.12
3153;04/06/2026 09:35:03;;Dossier validé;Parcours terminé;511.72
3154;04/06/2026 09:35:03;;Dossier validé;Parcours terminé;653.45
3155;04/06/2026 09:28:01;;Souscription en cours;Vérification d'identité;277.20
3156;04/06/2026 09:28:01;;Souscription en cours;Vérification d'identité;987.00
3157;04/06/2026 09:22:55;;Souscription en cours;Coordonnées personnelles;357.57
3158;04/06/2026 09:22:55;;Souscription en cours;Coordonnées personnelles;265.36
3159;04/06/2026 09:21:57;;En attente d'analyse Agent - Dossier avec erreurs;Signature Contrat;210.79
3160;04/06/2026 09:21:57;;En attente d'analyse Agent - Dossier avec erreurs;Signature Contrat;592.08
3161;04/06/2026 09:21:33;;Dossier refusé;Saisie société;222.07
3162;04/06/2026 09:21:33;;Dossier refusé;Saisie société;824.54
3163;04/06/2026 09:16:45;;Dossier refusé;Saisie société;528.64
3164;04/06/2026 09:16:45;;Dossier refusé;Saisie société;125.15
3165;04/06/2026 09:14:13;;Souscription en cours;Coordonnées personnelles;795.52
3166;04/06/2026 09:14:13;;Souscription en cours;Coordonnées personnelles;957.27
3167;04/06/2026 09:10:36;;Souscription en cours;Signature Contrat;184.66
3168;04/06/2026 09:10:36;;Souscription en cours;Signature Contrat;314.78
3169;04/06/2026 09:10:03;;Souscription non démarrée;Parcours non démarré;460.46
3170;04/06/2026 09:10:03;;Souscription non démarrée;Parcours non démarré;999.16
3171;04/06/2026 09:05:58;;Dossier refusé;Signature Contrat;537.61
3172;04/06/2026 09:05:58;;Dossier refusé;Signature Contrat;368.02
3173;04/06/2026 09:05:03;;Souscription en cours;Signature Contrat;602.82
3174;04/06/2026 09:05:03;;Souscription en cours;Signature Contrat;202.67
3175;04/06/2026 09:03:53;;Souscription en cours;Choix de l'offre et livraison;731.40
3176;04/06/2026 09:03:53;;Souscription en cours;Choix de l'offre et livraison;884.49
3177;04/06/2026 08:44:25;;En attente d'analyse Agent - Dossier avec erreurs;Signature Contrat;557.43
3178;04/06/2026 08:44:25;;En attente d'analyse Agent - Dossier avec erreurs;Signature Contrat;409.15
3179;04/06/2026 08:23:24;;Souscription en cours;Coordonnées personnelles;216.08
3180;04/06/2026 08:23:24;;Souscription en cours;Coordonnées personnelles;559.86
3181;04/06/2026 08:17:10;Hugo MARTIN;Dossier validé;Parcours terminé;283.20
3182;04/06/2026 08:17:10;Hugo MARTIN;Dossier validé;Parcours terminé;646.50
3183;04/06/2026 08:08:21;;Souscription en cours;Signature Contrat;991.86
3184;04/06/2026 08:08:21;;Souscription en cours;Signature Contrat;754.12
3185;04/06/2026 07:49:27;;Souscription en cours;Coordonnées personnelles;948.71
3186;04/06/2026 07:49:27;;Souscription en cours;Coordonnées personnelles;397.07
3187;04/06/2026 07:37:43;;En attente d'analyse Agent - Dossier avec erreurs;Signature Contrat;209.70
3188;04/06/2026 07:37:43;;En attente d'analyse Agent - Dossier avec erreurs;Signature Contrat;185.94
3189;04/06/2026 06:40:23;;Dossier validé;Parcours terminé;775.25
3190;04/06/2026 06:40:23;;Dossier validé;Parcours terminé;670.55
3191;04/06/2026 06:33:55;;Souscription en cours;Coordonnées personnelles;105.94
3192;04/06/2026 06:33:55;;Souscription en cours;Coordonnées personnelles;262.64
3193;04/06/2026 06:30:35;Hugo MARTIN;Dossier validé;Parcours terminé;687.77
3194;04/06/2026 06:30:35;Hugo MARTIN;Dossier validé;Parcours terminé;993.51
3195;04/06/2026 06:17:53;;Dossier validé;Parcours terminé;172.02
3196;04/06/2026 06:17:53;;Dossier validé;Parcours terminé;483.47
3197;04/06/2026 06:05:41;;Dossier validé;Parcours terminé;914.28
3198;04/06/2026 06:05:41;;Dossier validé;Parcours terminé;880.35
3199;04/06/2026 06:04:52;;Dossier validé;Parcours terminé;282.14
3200;04/06/2026 06:04:52;;Dossier validé;Parcours terminé;291.87
3201;04/06/2026 06:04:12;;Dossier refusé;Coordonnées personnelles;474.58
3202;04/06/2026 06:04:12;;Dossier refusé;Coordonnées personnelles;585.12
3203;04/06/2026 05:34:16;;En attente d'analyse Agent - Dossier avec erreurs;Signature Contrat;890.30
3204;04/06/2026 05:34:16;;En attente d'analyse Agent - Dossier avec erreurs;Signature Contrat;719.13
3205;04/06/2026 05:27:03;;Dossier validé;Parcours terminé;953.28
3206;04/06/2026 05:27:03;;Dossier validé;Parcours terminé;589.17
3207;04/06/2026 04:38:09;;Dossier validé;Parcours terminé;382.91
3208;04/06/2026 04:38:09;;Dossier validé;Parcours terminé;786.85
3209;04/06/2026 04:26:47;;En attente d'analyse Agent - Dossier avec erreurs;Signature Contrat;755.51
3210;04/06/2026 04:26:47;;En attente d'analyse Agent - Dossier avec erreurs;Signature Contrat;614.17
3211;04/06/2026 04:26:27;;Dossier refusé;Bénéficiaire effectifs;562.29
3212;04/06/2026 04:26:27;;Dossier refusé;Bénéficiaire effectifs;635.52
3213;04/06/2026 02:57:28;;En attente d'analyse Agent - Dossier avec erreurs;Signature Contrat;643.79
3214;04/06/2026 02:57:28;;En attente d'analyse Agent - Dossier avec erreurs;Signature Contrat;186.17
3215;04/06/2026 02:31:17;;Dossier refusé;Saisie société;688.12
3216;04/06/2026 02:31:17;;Dossier refusé;Saisie société;250.47
3217;04/06/2026 02:09:23;;Dossier validé;Parcours terminé;400.22
3218;04/06/2026 02:09:23;;Dossier validé;Parcours terminé;311.89
3219;04/06/2026 01:57:22;;Dossier validé;Parcours terminé;184.21
3220;04/06/2026 01:57:22;;Dossier validé;Parcours terminé;853.75
3221;04/06/2026 01:49:58;;Souscription en cours;Vérification d'identité;460.35
3222;04/06/2026 01:49:58;;Souscription en cours;Vérification d'identité;945.79
3223;04/06/2026 01:19:59;;Dossier validé;Parcours terminé;577.70
3224;04/06/2026 01:19:59;;Dossier validé;Parcours terminé;202.07
3225;04/06/2026 01:10:58;;Dossier validé;Parcours terminé;232.72
3226;04/06/2026 01:10:58;;Dossier validé;Parcours terminé;635.90
3227;04/06/2026 01:02:33;;Souscription en cours;Coordonnées personnelles;626.86
3228;04/06/2026 01:02:33;;Souscription en cours;Coordonnées personnelles;987.97
3229;04/06/2026 00:30:35;;Dossier validé;Parcours terminé;946.22
3230;04/06/2026 00:30:35;;Dossier validé;Parcours terminé;622.94
3231;04/06/2026 00:22:20;;Dossier validé;Parcours terminé;703.67
3232;04/06/2026 00:22:20;;Dossier validé;Parcours terminé;517.57
3233;04/06/2026 00:11:23;;Dossier validé;Parcours terminé;598.20
3234;04/06/2026 00:11:23;;Dossier validé;Parcours terminé;370.83
3235;04/06/2026 00:06:16;;Dossier validé;Parcours terminé;529.87
3236;04/06/2026 00:06:16;;Dossier validé;Parcours terminé;652.20
3237;03/06/2026 23:58:11;;Dossier validé;Parcours terminé;271.47
3238;03/06/2026 23:58:11;;Dossier validé;Parcours terminé;484.86
3239;03/06/2026 23:49:19;;Souscription en cours;Coordonnées personnelles;164.42
3240;03/06/2026 23:49:19;;Souscription en cours;Coordonnées personnelles;523.96
3241;03/06/2026 23:45:29;;Dossier validé;Parcours terminé;155.19
3242;03/06/2026 23:45:29;;Dossier validé;Parcours terminé;735.50
3243;03/06/2026 23:42:57;;Souscription en cours;Coordonnées personnelles;389.34
3244;03/06/2026 23:42:57;;Souscription en cours;Coordonnées personnelles;216.53
3245;03/06/2026 23:42:19;;Dossier validé;Parcours terminé;279.21
3246;03/06/2026 23:42:19;;Dossier validé;Parcours terminé;761.28
3247;03/06/2026 23:41:41;;Dossier validé;Parcours terminé;162.96
3248;03/06/2026 23:41:41;;Dossier validé;Parcours terminé;507.91
3249;03/06/2026 23:23:55;;Souscription en cours;Choix de l'offre et livraison;690.43
3250;03/06/2026 23:23:55;;Souscription en cours;Choix de l'offre et livraison;755.29
3251;03/06/2026 23:20:31;;Dossier validé;Parcours terminé;409.04
3252;03/06/2026 23:20:31;;Dossier validé;Parcours terminé;343.69
3253;03/06/2026 23:16:42;;En attente d'analyse Agent - Dossier avec erreurs;Signature Contrat;326.60
3254;03/06/2026 23:16:42;;En attente d'analyse Agent - Dossier avec erreurs;Signature Contrat;366.23
3255;03/06/2026 23:04:02;;Dossier refusé;Saisie société;889.50
3256;03/06/2026 23:04:02;;Dossier refusé;Saisie société;709.69
3257;03/06/2026 22:49:45;;Souscription en cours;Coordonnées personnelles;609.41
3258;03/06/2026 22:49:45;;Souscription en cours;Coordonnées personnelles;546.23
3259;03/06/2026 22:36:35;;Dossier validé;Parcours terminé;610.71
3260;03/06/2026 22:36:35;;Dossier validé;Parcours terminé;137.14
3261;03/06/2026 22:08:06;;Souscription en cours;Coordonnées personnelles;412.00
3262;03/06/2026 22:08:06;;Souscription en cours;Coordonnées personnelles;573.10
3263;03/06/2026 22:00:09;;Dossier validé;Parcours terminé;147.96
3264;03/06/2026 22:00:09;;Dossier validé;Parcours terminé;972.31
3265;03/06/2026 21:47:20;;Souscription en cours;Vérification d'identité;342.45
3266;03/06/2026 21:47:20;;Souscription en cours;Vérification d'identité;549.97
3267;03/06/2026 21:32:44;;Souscription en cours;Coordonnées personnelles;405.83
3268;03/06/2026 21:32:44;;Souscription en cours;Coordonnées personnelles;464.30
3269;03/06/2026 21:10:35;Hugo MARTIN;Dossier validé;Parcours terminé;756.03
3270;03/06/2026 21:10:35;Hugo MARTIN;Dossier validé;Parcours terminé;983.29
3271;03/06/2026 20:55:23;;Souscription en cours;Coordonnées personnelles;895.67
3272;03/06/2026 20:55:23;;Souscription en cours;Coordonnées personnelles;868.54
3273;03/06/2026 20:52:24;;Dossier validé;Parcours terminé;516.88
3274;03/06/2026 20:52:24;;Dossier validé;Parcours terminé;831.71
3275;03/06/2026 20:32:29;Hugo MARTIN;Dossier refusé;Saisie société;100.15
3276;03/06/2026 20:32:29;Hugo MARTIN;Dossier refusé;Saisie société;955.45
3277;03/06/2026 20:31:57;Hugo MARTIN;Dossier refusé;Saisie société;421.40
3278;03/06/2026 20:31:57;Hugo MARTIN;Dossier refusé;Saisie société;964.84
3279;03/06/2026 20:25:48;;Dossier refusé;Saisie société;606.85
3280;03/06/2026 20:25:48;;Dossier refusé;Saisie société;686.20
3281;03/06/2026 20:09:46;;Dossier validé;Parcours terminé;286.24
3282;03/06/2026 20:09:46;;Dossier validé;Parcours terminé;690.94
3283;03/06/2026 19:55:29;;Souscription en cours;Choix de l'offre et livraison;389.40
3284;03/06/2026 19:55:29;;Souscription en cours;Choix de l'offre et livraison;716.83
3285;03/06/2026 19:26:12;;Dossier validé;Parcours terminé;361.72
3286;03/06/2026 19:26:12;;Dossier validé;Parcours terminé;297.20
3287;03/06/2026 19:19:18;;Dossier validé;Parcours terminé;451.55
3288;03/06/2026 19:19:18;;Dossier validé;Parcours terminé;848.32
3289;03/06/2026 19:11:12;;Souscription en cours;Choix de l'offre et livraison;198.46
3290;03/06/2026 19:11:12;;Souscription en cours;Choix de l'offre et livraison;456.98
3291;03/06/2026 18:56:08;;Dossier validé;Parcours terminé;200.92
3292;03/06/2026 18:56:08;;Dossier validé;Parcours terminé;279.92
3293;03/06/2026 18:54:23;;Dossier refusé;Informations complémentaires (Etablissements, etc.);258.26
3294;03/06/2026 18:54:23;;Dossier refusé;Informations complémentaires (Etablissements, etc.);113.07
3295;03/06/2026 18:52:49;;Dossier validé;Parcours terminé;719.63
3296;03/06/2026 18:52:49;;Dossier validé;Parcours terminé;285.22
3297;03/06/2026 18:46:17;;Dossier validé;Parcours terminé;108.86
3298;03/06/2026 18:46:17;;Dossier validé;Parcours terminé;266.79
3299;03/06/2026 18:39:35;;Souscription non démarrée;Parcours non démarré;409.26
3300;03/06/2026 18:39:35;;Souscription non démarrée;Parcours non démarré;385.00
3301;03/06/2026 18:38:32;;Dossier validé;Parcours terminé;593.94
3302;03/06/2026 18:38:32;;Dossier validé;Parcours terminé;227.54
3303;03/06/2026 18:36:40;;Souscription en cours;Coordonnées personnelles;863.94
3304;03/06/2026 18:36:40;;Souscription en cours;Coordonnées personnelles;313.95
3305;03/06/2026 18:32:42;;Souscription en cours;Coordonnées personnelles;255.54
3306;03/06/2026 18:32:42;;Souscription en cours;Coordonnées personnelles;967.58
3307;03/06/2026 18:20:50;;Souscription en cours;Coordonnées personnelles;969.49
3308;03/06/2026 18:20:50;;Souscription en cours;Coordonnées personnelles;486.20
3309;03/06/2026 18:18:33;;Dossier validé;Parcours terminé;818.74
3310;03/06/2026 18:18:33;;Dossier validé;Parcours terminé;429.39
3311;03/06/2026 18:15:26;;Souscription en cours;Signature Contrat;375.02
3312;03/06/2026 18:15:26;;Souscription en cours;Signature Contrat;135.82
3313;03/06/2026 18:10:56;;Dossier validé;Parcours terminé;504.53
3314;03/06/2026 18:10:56;;Dossier validé;Parcours terminé;151.41
3315;03/06/2026 18:10:04;;Souscription en cours;Coordonnées personnelles;593.99
3316;03/06/2026 18:10:04;;Souscription en cours;Coordonnées personnelles;302.10
3317;03/06/2026 18:01:31;;Souscription en cours;Coordonnées personnelles;554.23
3318;03/06/2026 18:01:31;;Souscription en cours;Coordonnées personnelles;385.59
3319;03/06/2026 17:59:12;;Souscription en cours;Coordonnées personnelles;445.58
3320;03/06/2026 17:59:12;;Souscription en cours;Coordonnées personnelles;755.61
3321;03/06/2026 17:53:57;;Dossier validé;Parcours terminé;669.25
3322;03/06/2026 17:53:57;;Dossier validé;Parcours terminé;496.21
3323;03/06/2026 17:48:42;;Souscription en cours;Informations complémentaires (CA, Profession, etc.);124.48
3324;03/06/2026 17:48:42;;Souscription en cours;Informations complémentaires (CA, Profession, etc.);416.75
3325;03/06/2026 17:47:16;;Souscription en cours;Informations complémentaires (Etablissements, etc.);359.62
3326;03/06/2026 17:47:16;;Souscription en cours;Informations complémentaires (Etablissements, etc.);182.93
3327;03/06/2026 17:43:32;;Souscription en cours;Choix de l'offre et livraison;231.25
3328;03/06/2026 17:43:32;;Souscription en cours;Choix de l'offre et livraison;402.25
3329;03/06/2026 17:41:56;;Dossier validé;Parcours terminé;974.45
3330;03/06/2026 17:41:56;;Dossier validé;Parcours terminé;802.29
3331;03/06/2026 17:27:54;;Souscription non démarrée;Parcours non démarré;772.06
3332;03/06/2026 17:27:54;;Souscription non démarrée;Parcours non démarré;491.47
3333;03/06/2026 17:21:02;;Souscription en cours;Coordonnées personnelles;905.91
3334;03/06/2026 17:21:02;;Souscription en cours;Coordonnées personnelles;579.42
3335;03/06/2026 17:12:19;;Souscription non démarrée;Parcours non démarré;409.01
3336;03/06/2026 17:12:19;;Souscription non démarrée;Parcours non démarré;543.23
3337;03/06/2026 17:10:15;;Souscription non démarrée;Parcours non démarré;891.36
3338;03/06/2026 17:10:15;;Souscription non démarrée;Parcours non démarré;728.63
3339;03/06/2026 17:09:16;;Dossier validé;Parcours terminé;942.77
3340;03/06/2026 17:09:16;;Dossier validé;Parcours terminé;564.34
3341;03/06/2026 17:08:10;;Souscription en cours;Choix de l'offre et livraison;980.24
3342;03/06/2026 17:08:10;;Souscription en cours;Choix de l'offre et livraison;687.62
3343;03/06/2026 17:01:57;;Dossier refusé;Saisie société;835.07
3344;03/06/2026 17:01:57;;Dossier refusé;Saisie société;856.19
3345;03/06/2026 17:00:11;;Dossier validé;Parcours terminé;310.86
3346;03/06/2026 17:00:11;;Dossier validé;Parcours terminé;948.02
3347;03/06/2026 16:56:05;;Dossier validé;Parcours terminé;215.98
3348;03/06/2026 16:56:05;;Dossier validé;Parcours terminé;879.54
3349;03/06/2026 16:54:53;;Dossier refusé;Informations complémentaires (Etablissements, etc.);148.81
3350;03/06/2026 16:54:53;;Dossier refusé;Informations complémentaires (Etablissements, etc.);863.85
3351;03/06/2026 16:54:34;;Dossier validé;Parcours terminé;880.78
3352;03/06/2026 16:54:34;;Dossier validé;Parcours terminé;972.00
3353;03/06/2026 16:51:12;;Souscription en cours;Vérification d'identité;466.30
3354;03/06/2026 16:51:12;;Souscription en cours;Vérification d'identité;567.50
3355;03/06/2026 16:48:04;;Dossier refusé;Vérification d'identité;788.46
3356;03/06/2026 16:48:04;;Dossier refusé;Vérification d'identité;479.13
3357;03/06/2026 16:43:09;;Souscription non démarrée;Parcours non démarré;158.42
3358;03/06/2026 16:43:09;;Souscription non démarrée;Parcours non démarré;368.48
3359;03/06/2026 16:42:17;;Souscription non démarrée;Parcours non démarré;986.84
3360;03/06/2026 16:42:17;;Souscription non démarrée;Parcours non démarré;199.81
3361;03/06/2026 16:33:40;;Dossier validé;Parcours terminé;833.98
3362;03/06/2026 16:33:40;;Dossier validé;Parcours terminé;482.69
3363;03/06/2026 16:32:56;;Dossier refusé;Saisie société;193.65
3364;03/06/2026 16:32:56;;Dossier refusé;Saisie société;770.78
3365;03/06/2026 16:25:33;;Souscription non démarrée;Parcours non démarré;196.69
3366;03/06/2026 16:25:33;;Souscription non démarrée;Parcours non démarré;911.55
3367;03/06/2026 16:25:13;Adam LAURENT;Dossier validé;Parcours terminé;229.84
3368;03/06/2026 16:25:13;Adam LAURENT;Dossier validé;Parcours terminé;969.09
3369;03/06/2026 16:18:35;;Souscription en cours;Criblages BE(s);626.70
3370;03/06/2026 16:18:35;;Souscription en cours;Criblages BE(s);547.24
3371;03/06/2026 16:14:41;;Souscription non démarrée;Parcours non démarré;411.20
3372;03/06/2026 16:14:41;;Souscription non démarrée;Parcours non démarré;446.92
3373;03/06/2026 16:11:30;;Souscription en cours;Vérification d'identité;785.52
3374;03/06/2026 16:11:30;;Souscription en cours;Vérification d'identité;248.76
3375;03/06/2026 16:08:37;Manon LEFEBVRE;Dossier validé;Parcours terminé;575.73
3376;03/06/2026 16:08:37;Manon LEFEBVRE;Dossier validé;Parcours terminé;992.24
3377;03/06/2026 16:06:11;;Souscription non démarrée;Parcours non démarré;377.42
3378;03/06/2026 16:06:11;;Souscription non démarrée;Parcours non démarré;823.56
3379;03/06/2026 15:51:44;;Dossier validé;Parcours terminé;606.58
3380;03/06/2026 15:51:44;;Dossier validé;Parcours terminé;787.47
3381;03/06/2026 15:50:44;;Dossier validé;Parcours terminé;144.41
3382;03/06/2026 15:50:44;;Dossier validé;Parcours terminé;491.57
3383;03/06/2026 15:45:28;;Dossier refusé;Informations complémentaires (CA, Profession, etc.);763.10
3384;03/06/2026 15:45:28;;Dossier refusé;Informations complémentaires (CA, Profession, etc.);859.19
3385;03/06/2026 15:45:00;;Dossier validé;Parcours terminé;640.28
3386;03/06/2026 15:45:00;;Dossier validé;Parcours terminé;695.04
3387;03/06/2026 15:44:14;;Dossier validé;Parcours terminé;258.49
3388;03/06/2026 15:44:14;;Dossier validé;Parcours terminé;135.99
3389;03/06/2026 15:44:06;;Souscription en cours;Coordonnées personnelles;303.97
3390;03/06/2026 15:44:06;;Souscription en cours;Coordonnées personnelles;894.04
3391;03/06/2026 15:38:27;;Souscription en cours;Bénéficiaire effectifs;859.22
3392;03/06/2026 15:38:27;;Souscription en cours;Bénéficiaire effectifs;554.11
3393;03/06/2026 15:36:35;;Souscription en cours;Coordonnées personnelles;215.97
3394;03/06/2026 15:36:35;;Souscription en cours;Coordonnées personnelles;471.98
3395;03/06/2026 15:33:25;;Souscription en cours;Coordonnées personnelles;990.53
3396;03/06/2026 15:33:25;;Souscription en cours;Coordonnées personnelles;891.42
3397;03/06/2026 15:32:54;;Dossier validé;Parcours terminé;106.00
3398;03/06/2026 15:32:54;;Dossier validé;Parcours terminé;756.45
3399;03/06/2026 15:31:50;;Souscription en cours;Choix de l'offre et livraison;947.34
3400;03/06/2026 15:31:50;;Souscription en cours;Choix de l'offre et livraison;329.23
3401;03/06/2026 15:26:08;;Dossier validé;Parcours terminé;564.01
3402;03/06/2026 15:26:08;;Dossier validé;Parcours terminé;356.77
3403;03/06/2026 15:24:49;;Dossier validé;Parcours terminé;742.62
3404;03/06/2026 15:24:49;;Dossier validé;Parcours terminé;406.64
3405;03/06/2026 15:23:40;;Souscription en cours;Coordonnées personnelles;855.83
3406;03/06/2026 15:23:40;;Souscription en cours;Coordonnées personnelles;632.98
3407;03/06/2026 15:23:27;;Souscription en cours;Coordonnées personnelles;881.30
3408;03/06/2026 15:23:27;;Souscription en cours;Coordonnées personnelles;474.63
3409;03/06/2026 15:22:36;Manon LEFEBVRE;Dossier validé;Parcours terminé;738.79
3410;03/06/2026 15:22:36;Manon LEFEBVRE;Dossier validé;Parcours terminé;599.89
3411;03/06/2026 15:13:21;;Souscription en cours;Coordonnées personnelles;145.67
3412;03/06/2026 15:13:21;;Souscription en cours;Coordonnées personnelles;848.23
3413;03/06/2026 15:13:09;;Dossier validé;Parcours terminé;931.29
3414;03/06/2026 15:13:09;;Dossier validé;Parcours terminé;912.28
3415;03/06/2026 15:09:53;;Souscription en cours;Informations complémentaires (Etablissements, etc.);312.13
3416;03/06/2026 15:09:53;;Souscription en cours;Informations complémentaires (Etablissements, etc.);891.00
3417;03/06/2026 15:03:05;;Souscription en cours;Informations complémentaires (CA, Profession, etc.);642.77
3418;03/06/2026 15:03:05;;Souscription en cours;Informations complémentaires (CA, Profession, etc.);219.54
3419;03/06/2026 14:51:18;;Souscription non démarrée;Parcours non démarré;634.74
3420;03/06/2026 14:51:18;;Souscription non démarrée;Parcours non démarré;898.72
3421;03/06/2026 14:50:57;;Souscription en cours;Coordonnées personnelles;446.88
3422;03/06/2026 14:50:57;;Souscription en cours;Coordonnées personnelles;878.37
3423;03/06/2026 14:49:24;;Dossier validé;Parcours terminé;363.88
3424;03/06/2026 14:49:24;;Dossier validé;Parcours terminé;518.58
3425;03/06/2026 14:49:21;;Souscription en cours;Signature Contrat;290.87
3426;03/06/2026 14:49:21;;Souscription en cours;Signature Contrat;281.24
3427;03/06/2026 14:47:34;;Souscription en cours;Coordonnées personnelles;235.55
3428;03/06/2026 14:47:34;;Souscription en cours;Coordonnées personnelles;718.73
3429;03/06/2026 14:47:07;;Souscription non démarrée;Parcours non démarré;244.16
3430;03/06/2026 14:47:07;;Souscription non démarrée;Parcours non démarré;1000.00
3431;03/06/2026 14:46:08;;Souscription non démarrée;Parcours non démarré;571.54
3432;03/06/2026 14:46:08;;Souscription non démarrée;Parcours non démarré;958.01
3433;03/06/2026 14:45:40;;Souscription non démarrée;Parcours non démarré;853.90
3434;03/06/2026 14:45:40;;Souscription non démarrée;Parcours non démarré;751.80
3435;03/06/2026 14:44:51;;Dossier refusé;Signature Contrat;619.26
3436;03/06/2026 14:44:51;;Dossier refusé;Signature Contrat;386.37
3437;03/06/2026 14:44:10;;Dossier refusé;Choix de l'offre et livraison;966.98
3438;03/06/2026 14:44:10;;Dossier refusé;Choix de l'offre et livraison;937.83
3439;03/06/2026 14:30:03;;Souscription en cours;Choix de l'offre et livraison;763.49
3440;03/06/2026 14:30:03;;Souscription en cours;Choix de l'offre et livraison;460.89
3441;03/06/2026 14:26:43;;Dossier refusé;Saisie société;682.82
3442;03/06/2026 14:26:43;;Dossier refusé;Saisie société;526.04
3443;03/06/2026 14:22:27;;Dossier validé;Parcours terminé;461.34
3444;03/06/2026 14:22:27;;Dossier validé;Parcours terminé;451.48
3445;03/06/2026 14:16:49;;Souscription en cours;Coordonnées personnelles;859.41
3446;03/06/2026 14:16:49;;Souscription en cours;Coordonnées personnelles;155.74
3447;03/06/2026 14:12:13;;Souscription en cours;Coordonnées personnelles;952.61
3448;03/06/2026 14:12:13;;Souscription en cours;Coordonnées personnelles;310.78
3449;03/06/2026 14:01:02;;Dossier validé;Parcours terminé;300.46
3450;03/06/2026 14:01:02;;Dossier validé;Parcours terminé;205.73
3451;03/06/2026 14:00:58;;Souscription en cours;Informations complémentaires (CA, Profession, etc.);882.26
3452;03/06/2026 14:00:58;;Souscription en cours;Informations complémentaires (CA, Profession, etc.);385.60
3453;03/06/2026 13:59:38;;Souscription en cours;Choix de l'offre et livraison;235.87
3454;03/06/2026 13:59:38;;Souscription en cours;Choix de l'offre et livraison;521.27
3455;03/06/2026 13:50:07;;Dossier refusé;Saisie société;563.80
3456;03/06/2026 13:50:07;;Dossier refusé;Saisie société;346.40
3457;03/06/2026 13:43:49;;Dossier refusé;Saisie société;526.99
3458;03/06/2026 13:43:49;;Dossier refusé;Saisie société;880.36
3459;03/06/2026 13:38:50;;Dossier refusé;Signature Contrat;254.40
3460;03/06/2026 13:38:50;;Dossier refusé;Signature Contrat;305.01
3461;03/06/2026 13:30:13;;Souscription non démarrée;Parcours non démarré;909.84
3462;03/06/2026 13:30:13;;Souscription non démarrée;Parcours non démarré;831.67
3463;03/06/2026 13:26:30;;Souscription en cours;Vérification d'identité;667.43
3464;03/06/2026 13:26:30;;Souscription en cours;Vérification d'identité;189.09
3465;03/06/2026 13:18:40;;Souscription en cours;Vérification d'identité;141.23
3466;03/06/2026 13:18:40;;Souscription en cours;Vérification d'identité;388.24
3467;03/06/2026 13:09:14;;Souscription en cours;Coordonnées personnelles;859.55
3468;03/06/2026 13:09:14;;Souscription en cours;Coordonnées personnelles;482.39
3469;03/06/2026 13:07:34;;Dossier refusé;Signature Contrat;799.11
3470;03/06/2026 13:07:34;;Dossier refusé;Signature Contrat;689.81
3471;03/06/2026 13:03:41;;Souscription en cours;Coordonnées personnelles;618.93
3472;03/06/2026 13:03:41;;Souscription en cours;Coordonnées personnelles;255.75
3473;03/06/2026 12:53:59;;Souscription non démarrée;Parcours non démarré;771.07
3474;03/06/2026 12:53:59;;Souscription non démarrée;Parcours non démarré;805.19
3475;03/06/2026 12:50:31;Z5750800;Dossier validé;Parcours terminé;991.00
3476;03/06/2026 12:50:31;Z5750800;Dossier validé;Parcours terminé;418.90
3477;03/06/2026 12:34:07;;Dossier validé;Parcours terminé;675.51
3478;03/06/2026 12:34:07;;Dossier validé;Parcours terminé;817.11
3479;03/06/2026 12:32:33;;Souscription en cours;Informations complémentaires (Etablissements, etc.);430.37
3480;03/06/2026 12:32:33;;Souscription en cours;Informations complémentaires (Etablissements, etc.);974.48
3481;03/06/2026 12:31:03;;Dossier validé;Parcours terminé;187.49
3482;03/06/2026 12:31:03;;Dossier validé;Parcours terminé;540.22
3483;03/06/2026 12:26:17;;Souscription non démarrée;Parcours non démarré;391.24
3484;03/06/2026 12:26:17;;Souscription non démarrée;Parcours non démarré;745.57
3485;03/06/2026 12:11:48;;Dossier refusé;Saisie société;761.33
3486;03/06/2026 12:11:48;;Dossier refusé;Saisie société;438.45
3487;03/06/2026 12:01:26;;Dossier validé;Parcours terminé;696.78
3488;03/06/2026 12:01:26;;Dossier validé;Parcours terminé;348.71
3489;03/06/2026 12:00:22;;Dossier refusé;Parcours terminé;921.39
3490;03/06/2026 12:00:22;;Dossier refusé;Parcours terminé;782.16
3491;03/06/2026 11:56:35;;Souscription en cours;Coordonnées personnelles;352.05
3492;03/06/2026 11:56:35;;Souscription en cours;Coordonnées personnelles;378.59
3493;03/06/2026 11:55:55;;Souscription en cours;Coordonnées personnelles;511.69
3494;03/06/2026 11:55:55;;Souscription en cours;Coordonnées personnelles;859.81
3495;03/06/2026 11:55:18;;Dossier refusé;Signature Contrat;352.45
3496;03/06/2026 11:55:18;;Dossier refusé;Signature Contrat;970.56
3497;03/06/2026 11:53:11;;Dossier validé;Parcours terminé;177.71
3498;03/06/2026 11:53:11;;Dossier validé;Parcours terminé;999.78
3499;03/06/2026 11:52:57;;Souscription en cours;Vérification d'identité;538.62
3500;03/06/2026 11:52:57;;Souscription en cours;Vérification d'identité;195.84
3501;03/06/2026 11:44:36;Hugo MARTIN;Dossier refusé;Signature Contrat;681.71
3502;03/06/2026 11:44:36;Hugo MARTIN;Dossier refusé;Signature Contrat;468.82
3503;03/06/2026 11:41:43;;Souscription non démarrée;Parcours non démarré;597.75
3504;03/06/2026 11:41:43;;Souscription non démarrée;Parcours non démarré;151.98
3505;03/06/2026 11:40:18;;Souscription en cours;Signature Contrat;925.65
3506;03/06/2026 11:40:18;;Souscription en cours;Signature Contrat;334.02
3507;03/06/2026 11:31:12;;Dossier validé;Parcours terminé;660.03
3508;03/06/2026 11:31:12;;Dossier validé;Parcours terminé;249.62
3509;03/06/2026 11:29:38;;Souscription non démarrée;Parcours non démarré;822.71
3510;03/06/2026 11:29:38;;Souscription non démarrée;Parcours non démarré;885.83
3511;03/06/2026 11:25:27;;Dossier validé;Parcours terminé;949.40
3512;03/06/2026 11:25:27;;Dossier validé;Parcours terminé;489.50
3513;03/06/2026 11:21:49;;Dossier validé;Parcours terminé;573.77
3514;03/06/2026 11:21:49;;Dossier validé;Parcours terminé;359.95
3515;03/06/2026 11:17:08;Hugo MARTIN;Dossier validé;Parcours terminé;403.18
3516;03/06/2026 11:17:08;Hugo MARTIN;Dossier validé;Parcours terminé;951.85
3517;03/06/2026 11:16:24;;Souscription en cours;Informations complémentaires (Etablissements, etc.);626.00
3518;03/06/2026 11:16:24;;Souscription en cours;Informations complémentaires (Etablissements, etc.);569.87
3519;03/06/2026 11:12:46;;Dossier validé;Parcours terminé;177.27
3520;03/06/2026 11:12:46;;Dossier validé;Parcours terminé;448.66
3521;03/06/2026 11:11:30;;Dossier validé;Parcours terminé;598.51
3522;03/06/2026 11:11:30;;Dossier validé;Parcours terminé;120.66
3523;03/06/2026 11:10:47;;Souscription en cours;Signature Contrat;871.93
3524;03/06/2026 11:10:47;;Souscription en cours;Signature Contrat;104.95
3525;03/06/2026 11:08:52;;Dossier validé;Parcours terminé;897.92
3526;03/06/2026 11:08:52;;Dossier validé;Parcours terminé;923.91
3527;03/06/2026 11:06:40;;Dossier refusé;Saisie société;767.10
3528;03/06/2026 11:06:40;;Dossier refusé;Saisie société;731.17
3529;03/06/2026 11:05:33;;Dossier refusé;Signature Contrat;205.42
3530;03/06/2026 11:05:33;;Dossier refusé;Signature Contrat;632.21
3531;03/06/2026 11:01:23;;Souscription en cours;Signature Contrat;165.97
3532;03/06/2026 11:01:23;;Souscription en cours;Signature Contrat;715.40
3533;03/06/2026 11:00:21;;Souscription en cours;Bénéficiaire effectifs;173.59
3534;03/06/2026 11:00:21;;Souscription en cours;Bénéficiaire effectifs;718.02
3535;03/06/2026 10:58:48;;Souscription en cours;Coordonnées personnelles;180.29
3536;03/06/2026 10:58:48;;Souscription en cours;Coordonnées personnelles;134.61
3537;03/06/2026 10:55:48;;Dossier validé;Parcours terminé;305.66
3538;03/06/2026 10:55:48;;Dossier validé;Parcours terminé;477.88
3539;03/06/2026 10:49:48;;Dossier validé;Parcours terminé;644.56
3540;03/06/2026 10:49:48;;Dossier validé;Parcours terminé;455.09
3541;03/06/2026 10:28:53;;Souscription en cours;Signature Contrat;837.34
3542;03/06/2026 10:28:53;;Souscription en cours;Signature Contrat;124.02
3543;03/06/2026 10:26:45;;Souscription en cours;Synchronisation référentiel personne NOVA;516.76
3544;03/06/2026 10:26:45;;Souscription en cours;Synchronisation référentiel personne NOVA;442.18
3545;03/06/2026 10:26:26;;Souscription en cours;Informations complémentaires (Etablissements, etc.);716.47
3546;03/06/2026 10:26:26;;Souscription en cours;Informations complémentaires (Etablissements, etc.);754.92
3547;03/06/2026 10:26:06;;Dossier validé;Parcours terminé;206.51
3548;03/06/2026 10:26:06;;Dossier validé;Parcours terminé;137.65
3549;03/06/2026 10:19:49;;Souscription en cours;Signature Contrat;693.35
3550;03/06/2026 10:19:49;;Souscription en cours;Signature Contrat;120.45
3551;03/06/2026 10:10:04;;Dossier validé;Parcours terminé;895.89
3552;03/06/2026 10:10:04;;Dossier validé;Parcours terminé;113.63
3553;03/06/2026 10:01:48;;En attente d'analyse Agent - Dossier avec erreurs;Signature Contrat;564.68
3554;03/06/2026 10:01:48;;En attente d'analyse Agent - Dossier avec erreurs;Signature Contrat;789.75
3555;03/06/2026 09:54:00;;Souscription en cours;Coordonnées personnelles;584.72
3556;03/06/2026 09:54:00;;Souscription en cours;Coordonnées personnelles;869.06
3557;03/06/2026 09:53:22;Zoé MULLER;Dossier validé;Parcours terminé;223.34
3558;03/06/2026 09:53:22;Zoé MULLER;Dossier validé;Parcours terminé;792.19
3559;03/06/2026 09:52:07;;Souscription en cours;Coordonnées personnelles;905.55
3560;03/06/2026 09:52:07;;Souscription en cours;Coordonnées personnelles;306.07
3561;03/06/2026 09:52:02;;Souscription en cours;Coordonnées personnelles;115.17
3562;03/06/2026 09:52:02;;Souscription en cours;Coordonnées personnelles;559.92
3563;03/06/2026 09:50:12;;Souscription en cours;Choix de l'offre et livraison;422.97
3564;03/06/2026 09:50:12;;Souscription en cours;Choix de l'offre et livraison;652.00
3565;03/06/2026 09:48:43;;Dossier validé;Parcours terminé;441.68
3566;03/06/2026 09:48:43;;Dossier validé;Parcours terminé;145.86
3567;03/06/2026 09:43:10;;Dossier validé;Parcours terminé;452.37
3568;03/06/2026 09:43:10;;Dossier validé;Parcours terminé;281.63
3569;03/06/2026 09:38:09;;Souscription en cours;Signature Contrat;237.64
3570;03/06/2026 09:38:09;;Souscription en cours;Signature Contrat;715.24
3571;03/06/2026 09:37:41;;Souscription en cours;Coordonnées personnelles;701.15
3572;03/06/2026 09:37:41;;Souscription en cours;Coordonnées personnelles;997.30
3573;03/06/2026 09:33:24;;Dossier validé;Parcours terminé;365.27
3574;03/06/2026 09:33:24;;Dossier validé;Parcours terminé;408.93
3575;03/06/2026 09:30:39;;Souscription en cours;Informations complémentaires (CA, Profession, etc.);800.01
3576;03/06/2026 09:30:39;;Souscription en cours;Informations complémentaires (CA, Profession, etc.);543.42
3577;03/06/2026 09:27:42;;Souscription en cours;Coordonnées personnelles;645.35
3578;03/06/2026 09:27:42;;Souscription en cours;Coordonnées personnelles;198.58
3579;03/06/2026 09:19:39;;Souscription en cours;Informations complémentaires (CA, Profession, etc.);599.97
3580;03/06/2026 09:19:39;;Souscription en cours;Informations complémentaires (CA, Profession, etc.);266.32
3581;03/06/2026 09:09:37;;Dossier validé;Parcours terminé;559.41
3582;03/06/2026 09:09:37;;Dossier validé;Parcours terminé;915.87
3583;03/06/2026 09:08:10;;Souscription en cours;Coordonnées personnelles;983.48
3584;03/06/2026 09:08:10;;Souscription en cours;Coordonnées personnelles;733.64
3585;03/06/2026 09:00:03;;Souscription non démarrée;Parcours non démarré;905.58
3586;03/06/2026 09:00:03;;Souscription non démarrée;Parcours non démarré;554.42
3587;03/06/2026 08:36:21;;Dossier validé;Parcours terminé;969.70
3588;03/06/2026 08:36:21;;Dossier validé;Parcours terminé;802.96
3589;03/06/2026 08:27:53;;Souscription en cours;Choix de l'offre et livraison;336.40
3590;03/06/2026 08:27:53;;Souscription en cours;Choix de l'offre et livraison;907.32
3591;03/06/2026 07:34:34;;Souscription en cours;Coordonnées personnelles;333.78
3592;03/06/2026 07:34:34;;Souscription en cours;Coordonnées personnelles;858.10
3593;03/06/2026 07:00:46;;Souscription non démarrée;Parcours non démarré;887.96
3594;03/06/2026 07:00:46;;Souscription non démarrée;Parcours non démarré;815.86
3595;03/06/2026 06:32:55;;Souscription en cours;Vérification d'identité;968.41
3596;03/06/2026 06:32:55;;Souscription en cours;Vérification d'identité;639.42
3597;03/06/2026 05:27:50;;Souscription en cours;Choix de l'offre et livraison;972.88
3598;03/06/2026 05:27:50;;Souscription en cours;Choix de l'offre et livraison;259.13
3599;03/06/2026 04:14:41;;Souscription en cours;Vérification d'identité;657.20
3600;03/06/2026 04:14:41;;Souscription en cours;Vérification d'identité;733.26
3601;03/06/2026 02:43:37;;Dossier refusé;Saisie société;449.59
3602;03/06/2026 02:43:37;;Dossier refusé;Saisie société;385.24
3603;03/06/2026 02:28:31;;Souscription en cours;Coordonnées personnelles;851.92
3604;03/06/2026 02:28:31;;Souscription en cours;Coordonnées personnelles;275.32
3605;03/06/2026 02:27:52;;Souscription non démarrée;Parcours non démarré;567.51
3606;03/06/2026 02:27:52;;Souscription non démarrée;Parcours non démarré;202.27
3607;03/06/2026 02:03:24;;Souscription non démarrée;Parcours non démarré;696.47
3608;03/06/2026 02:03:24;;Souscription non démarrée;Parcours non démarré;651.64
3609;03/06/2026 01:56:24;;Souscription en cours;Coordonnées personnelles;186.47
3610;03/06/2026 01:56:24;;Souscription en cours;Coordonnées personnelles;717.79
3611;03/06/2026 01:37:47;;Souscription en cours;Signature Contrat;666.84
3612;03/06/2026 01:37:47;;Souscription en cours;Signature Contrat;943.54
3613;03/06/2026 01:05:20;;Dossier refusé;Saisie société;226.14
3614;03/06/2026 01:05:20;;Dossier refusé;Saisie société;137.27
3615;03/06/2026 00:55:19;;Souscription non démarrée;Parcours non démarré;692.96
3616;03/06/2026 00:55:19;;Souscription non démarrée;Parcours non démarré;559.79
3617;03/06/2026 00:39:17;;Dossier validé;Parcours terminé;353.97
3618;03/06/2026 00:39:17;;Dossier validé;Parcours terminé;521.54
3619;03/06/2026 00:33:03;;Souscription en cours;Coordonnées personnelles;175.21
3620;03/06/2026 00:33:03;;Souscription en cours;Coordonnées personnelles;231.95
3621;02/06/2026 23:44:46;;Dossier refusé;Saisie société;146.50
3622;02/06/2026 23:44:46;;Dossier refusé;Saisie société;444.18
3623;02/06/2026 23:43:48;;Souscription en cours;Coordonnées personnelles;474.24
3624;02/06/2026 23:43:48;;Souscription en cours;Coordonnées personnelles;980.95
3625;02/06/2026 23:36:35;;Souscription en cours;Coordonnées personnelles;103.80
3626;02/06/2026 23:36:35;;Souscription en cours;Coordonnées personnelles;198.19
3627;02/06/2026 23:13:00;Zoé MULLER;Dossier refusé;Informations complémentaires (CA, Profession, etc.);298.98
3628;02/06/2026 23:13:00;Zoé MULLER;Dossier refusé;Informations complémentaires (CA, Profession, etc.);611.87
3629;02/06/2026 22:33:51;;Dossier validé;Parcours terminé;472.28
3630;02/06/2026 22:33:51;;Dossier validé;Parcours terminé;881.32
3631;02/06/2026 22:32:38;;Souscription en cours;Signature Contrat;781.07
3632;02/06/2026 22:32:38;;Souscription en cours;Signature Contrat;401.59
3633;02/06/2026 22:23:45;;Souscription en cours;Vérification d'identité;358.99
3634;02/06/2026 22:23:45;;Souscription en cours;Vérification d'identité;241.94
3635;02/06/2026 22:03:09;;Dossier validé;Parcours terminé;581.52
3636;02/06/2026 22:03:09;;Dossier validé;Parcours terminé;178.96
3637;02/06/2026 22:00:36;;Dossier validé;Parcours terminé;448.98
3638;02/06/2026 22:00:36;;Dossier validé;Parcours terminé;136.27
3639;02/06/2026 21:42:37;;Dossier validé;Parcours terminé;958.91
3640;02/06/2026 21:42:37;;Dossier validé;Parcours terminé;407.45
3641;02/06/2026 21:39:52;;Souscription non démarrée;Parcours non démarré;647.74
3642;02/06/2026 21:39:52;;Souscription non démarrée;Parcours non démarré;256.24
3643;02/06/2026 21:22:10;;Dossier refusé;Saisie société;176.95
3644;02/06/2026 21:22:10;;Dossier refusé;Saisie société;780.82
3645;02/06/2026 21:00:57;;Dossier refusé;Signature Contrat;392.16
3646;02/06/2026 21:00:57;;Dossier refusé;Signature Contrat;829.61
3647;02/06/2026 20:59:20;;Souscription en cours;Synchronisation référentiel personne NOVA;376.77
3648;02/06/2026 20:59:20;;Souscription en cours;Synchronisation référentiel personne NOVA;674.28
3649;02/06/2026 20:52:21;;En attente d'analyse Agent - Dossier avec erreurs;Signature Contrat;241.12
3650;02/06/2026 20:52:21;;En attente d'analyse Agent - Dossier avec erreurs;Signature Contrat;290.71
3651;02/06/2026 20:43:02;;Dossier validé;Parcours terminé;824.68
3652;02/06/2026 20:43:02;;Dossier validé;Parcours terminé;944.31
3653;02/06/2026 20:42:53;;Dossier refusé;Saisie société;796.75
3654;02/06/2026 20:42:53;;Dossier refusé;Saisie société;931.34
3655;02/06/2026 20:37:52;;Dossier validé;Parcours terminé;288.80
3656;02/06/2026 20:37:52;;Dossier validé;Parcours terminé;857.84
3657;02/06/2026 20:28:48;;Souscription non démarrée;Parcours non démarré;732.99
3658;02/06/2026 20:28:48;;Souscription non démarrée;Parcours non démarré;734.52
3659;02/06/2026 20:11:17;;Dossier refusé;Signature Contrat;934.17
3660;02/06/2026 20:11:17;;Dossier refusé;Signature Contrat;869.73
3661;02/06/2026 20:04:06;;Souscription en cours;Informations complémentaires (CA, Profession, etc.);513.25
3662;02/06/2026 20:04:06;;Souscription en cours;Informations complémentaires (CA, Profession, etc.);981.37
3663;02/06/2026 20:01:29;;Souscription en cours;Synchronisation référentiel personne NOVA;396.87
3664;02/06/2026 20:01:29;;Souscription en cours;Synchronisation référentiel personne NOVA;500.94
3665;02/06/2026 19:59:31;;Dossier validé;Parcours terminé;641.83
3666;02/06/2026 19:59:31;;Dossier validé;Parcours terminé;408.94
3667;02/06/2026 19:35:24;;Dossier validé;Parcours terminé;733.34
3668;02/06/2026 19:35:24;;Dossier validé;Parcours terminé;256.54
3669;02/06/2026 19:27:51;;Souscription non démarrée;Parcours non démarré;672.57
3670;02/06/2026 19:27:51;;Souscription non démarrée;Parcours non démarré;534.54
3671;02/06/2026 19:23:13;;Dossier refusé;Signature Contrat;158.07
3672;02/06/2026 19:23:13;;Dossier refusé;Signature Contrat;736.06
3673;02/06/2026 19:19:08;;Dossier refusé;Parcours non démarré;612.25
3674;02/06/2026 19:19:08;;Dossier refusé;Parcours non démarré;387.15
3675;02/06/2026 19:17:50;;En attente d'analyse Agent - Dossier avec erreurs;Signature Contrat;649.23
3676;02/06/2026 19:17:50;;En attente d'analyse Agent - Dossier avec erreurs;Signature Contrat;331.13
3677;02/06/2026 19:17:13;;Dossier validé;Parcours terminé;791.04
3678;02/06/2026 19:17:13;;Dossier validé;Parcours terminé;251.45
3679;02/06/2026 19:07:17;;Dossier validé;Parcours terminé;572.95
3680;02/06/2026 19:07:17;;Dossier validé;Parcours terminé;998.68
3681;02/06/2026 18:47:51;;Souscription en cours;Coordonnées personnelles;240.06
3682;02/06/2026 18:47:51;;Souscription en cours;Coordonnées personnelles;731.01
3683;02/06/2026 18:47:01;;En attente d'analyse Agent - Dossier avec erreurs;Signature Contrat;264.12
3684;02/06/2026 18:47:01;;En attente d'analyse Agent - Dossier avec erreurs;Signature Contrat;157.93
3685;02/06/2026 18:46:36;;Dossier validé;Parcours terminé;937.81
3686;02/06/2026 18:46:36;;Dossier validé;Parcours terminé;229.49
3687;02/06/2026 18:45:44;;Dossier refusé;Saisie société;966.30
3688;02/06/2026 18:45:44;;Dossier refusé;Saisie société;146.04
3689;02/06/2026 18:45:25;;Souscription en cours;Choix de l'offre et livraison;733.69
3690;02/06/2026 18:45:25;;Souscription en cours;Choix de l'offre et livraison;990.55
3691;02/06/2026 18:24:35;Hugo MARTIN;Dossier validé;Parcours terminé;687.97
3692;02/06/2026 18:24:35;Hugo MARTIN;Dossier validé;Parcours terminé;260.97
3693;02/06/2026 18:19:49;;Dossier validé;Parcours terminé;616.57
3694;02/06/2026 18:19:49;;Dossier validé;Parcours terminé;674.55
3695;02/06/2026 18:09:55;;Souscription en cours;Coordonnées personnelles;260.85
3696;02/06/2026 18:09:55;;Souscription en cours;Coordonnées personnelles;483.10
3697;02/06/2026 18:05:27;;Dossier validé;Parcours terminé;638.11
3698;02/06/2026 18:05:27;;Dossier validé;Parcours terminé;737.70
3699;02/06/2026 18:00:02;;Dossier validé;Parcours terminé;994.76
3700;02/06/2026 18:00:02;;Dossier validé;Parcours terminé;709.54
3701;02/06/2026 17:59:23;;Dossier refusé;Saisie société;572.84
3702;02/06/2026 17:59:23;;Dossier refusé;Saisie société;126.28
3703;02/06/2026 17:55:28;;Dossier validé;Parcours terminé;714.26
3704;02/06/2026 17:55:28;;Dossier validé;Parcours terminé;158.83
3705;02/06/2026 17:55:13;;Souscription non démarrée;Parcours non démarré;340.32
3706;02/06/2026 17:55:13;;Souscription non démarrée;Parcours non démarré;741.94
3707;02/06/2026 17:47:10;;Dossier validé;Parcours terminé;247.81
3708;02/06/2026 17:47:10;;Dossier validé;Parcours terminé;720.03
3709;02/06/2026 17:44:22;;Dossier validé;Parcours terminé;875.65
3710;02/06/2026 17:44:22;;Dossier validé;Parcours terminé;207.24
3711;02/06/2026 17:38:31;;Dossier validé;Parcours terminé;285.24
3712;02/06/2026 17:38:31;;Dossier validé;Parcours terminé;399.17
3713;02/06/2026 17:37:41;;Souscription en cours;Coordonnées personnelles;523.16
3714;02/06/2026 17:37:41;;Souscription en cours;Coordonnées personnelles;418.43
3715;02/06/2026 17:37:03;;Dossier validé;Parcours terminé;887.66
3716;02/06/2026 17:37:03;;Dossier validé;Parcours terminé;204.77
3717;02/06/2026 17:34:32;Z5681453;Dossier validé;Parcours terminé;223.81
3718;02/06/2026 17:34:32;Z5681453;Dossier validé;Parcours terminé;408.24
3719;02/06/2026 17:24:39;;Dossier refusé;Signature Contrat;778.73
3720;02/06/2026 17:24:39;;Dossier refusé;Signature Contrat;270.71
3721;02/06/2026 17:10:58;;Souscription en cours;Choix de l'offre et livraison;445.26
3722;02/06/2026 17:10:58;;Souscription en cours;Choix de l'offre et livraison;480.86
3723;02/06/2026 17:08:46;;Souscription en cours;Choix de l'offre et livraison;314.53
3724;02/06/2026 17:08:46;;Souscription en cours;Choix de l'offre et livraison;463.80
3725;02/06/2026 17:07:42;;Souscription non démarrée;Parcours non démarré;908.87
3726;02/06/2026 17:07:42;;Souscription non démarrée;Parcours non démarré;320.63
3727;02/06/2026 17:05:43;;Dossier validé;Parcours terminé;833.73
3728;02/06/2026 17:05:43;;Dossier validé;Parcours terminé;477.70
3729;02/06/2026 16:55:36;;Souscription non démarrée;Parcours non démarré;375.17
3730;02/06/2026 16:55:36;;Souscription non démarrée;Parcours non démarré;821.22
3731;02/06/2026 16:55:25;;Dossier refusé;Saisie société;650.20
3732;02/06/2026 16:55:25;;Dossier refusé;Saisie société;210.38
3733;02/06/2026 16:42:06;;Souscription en cours;Vérification d'identité;530.15
3734;02/06/2026 16:42:06;;Souscription en cours;Vérification d'identité;589.81
3735;02/06/2026 16:41:33;;Dossier validé;Parcours terminé;307.42
3736;02/06/2026 16:41:33;;Dossier validé;Parcours terminé;300.59
3737;02/06/2026 16:37:23;;Souscription non démarrée;Parcours non démarré;982.34
3738;02/06/2026 16:37:23;;Souscription non démarrée;Parcours non démarré;285.14
3739;02/06/2026 16:24:09;;Dossier validé;Parcours terminé;720.10
3740;02/06/2026 16:24:09;;Dossier validé;Parcours terminé;562.63
3741;02/06/2026 16:14:17;;Dossier validé;Parcours terminé;962.94
3742;02/06/2026 16:14:17;;Dossier validé;Parcours terminé;983.67
3743;02/06/2026 15:39:07;;Souscription en cours;Signature Contrat;348.81
3744;02/06/2026 15:39:07;;Souscription en cours;Signature Contrat;914.42
3745;02/06/2026 15:38:19;;Dossier validé;Parcours terminé;581.30
3746;02/06/2026 15:38:19;;Dossier validé;Parcours terminé;228.95
3747;02/06/2026 15:31:43;;Dossier validé;Parcours terminé;926.59
3748;02/06/2026 15:31:43;;Dossier validé;Parcours terminé;904.79
3749;02/06/2026 15:25:23;;Dossier validé;Parcours terminé;810.17
3750;02/06/2026 15:25:23;;Dossier validé;Parcours terminé;885.87
3751;02/06/2026 15:24:42;;Dossier refusé;Signature Contrat;620.71
3752;02/06/2026 15:24:42;;Dossier refusé;Signature Contrat;545.82
3753;02/06/2026 15:20:58;;Souscription en cours;Signature Contrat;203.04
3754;02/06/2026 15:20:58;;Souscription en cours;Signature Contrat;518.91
3755;02/06/2026 15:15:22;;Souscription non démarrée;Parcours non démarré;511.13
3756;02/06/2026 15:15:22;;Souscription non démarrée;Parcours non démarré;344.00
3757;02/06/2026 15:10:32;;Souscription en cours;Informations complémentaires (CA, Profession, etc.);259.37
3758;02/06/2026 15:10:32;;Souscription en cours;Informations complémentaires (CA, Profession, etc.);900.96
3759;02/06/2026 15:07:27;;Dossier validé;Parcours terminé;928.01
3760;02/06/2026 15:07:27;;Dossier validé;Parcours terminé;221.62
3761;02/06/2026 15:06:09;;Dossier validé;Parcours terminé;723.70
3762;02/06/2026 15:06:09;;Dossier validé;Parcours terminé;166.09
3763;02/06/2026 15:05:58;Inès MICHEL;Dossier validé;Parcours terminé;678.65
3764;02/06/2026 15:05:58;Inès MICHEL;Dossier validé;Parcours terminé;494.38
3765;02/06/2026 14:53:23;;Souscription en cours;Coordonnées personnelles;455.54
3766;02/06/2026 14:53:23;;Souscription en cours;Coordonnées personnelles;785.26
3767;02/06/2026 14:40:51;;Dossier validé;Parcours terminé;201.16
3768;02/06/2026 14:40:51;;Dossier validé;Parcours terminé;300.80
3769;02/06/2026 14:38:37;;Souscription en cours;Choix de l'offre et livraison;862.52
3770;02/06/2026 14:38:37;;Souscription en cours;Choix de l'offre et livraison;823.81
3771;02/06/2026 14:27:56;;Dossier validé;Parcours terminé;597.60
3772;02/06/2026 14:27:56;;Dossier validé;Parcours terminé;413.95
3773;02/06/2026 14:02:57;;Souscription en cours;Bénéficiaire effectifs;840.37
3774;02/06/2026 14:02:57;;Souscription en cours;Bénéficiaire effectifs;996.75
3775;02/06/2026 13:53:18;;Dossier validé;Parcours terminé;696.68
3776;02/06/2026 13:53:18;;Dossier validé;Parcours terminé;656.03
3777;02/06/2026 13:46:21;;Souscription en cours;Choix de l'offre et livraison;701.64
3778;02/06/2026 13:46:21;;Souscription en cours;Choix de l'offre et livraison;642.83
3779;02/06/2026 13:41:05;;Dossier validé;Parcours terminé;422.78
3780;02/06/2026 13:41:05;;Dossier validé;Parcours terminé;433.43
3781;02/06/2026 13:17:16;;Dossier validé;Parcours terminé;129.86
3782;02/06/2026 13:17:16;;Dossier validé;Parcours terminé;490.44
3783;02/06/2026 13:16:59;;Dossier refusé;Saisie société;657.63
3784;02/06/2026 13:16:59;;Dossier refusé;Saisie société;935.20
3785;02/06/2026 13:15:01;;Souscription en cours;Signature Contrat;129.20
3786;02/06/2026 13:15:01;;Souscription en cours;Signature Contrat;436.59
3787;02/06/2026 13:14:16;Adam LAURENT;Dossier validé;Parcours terminé;315.04
3788;02/06/2026 13:14:16;Adam LAURENT;Dossier validé;Parcours terminé;163.04
3789;02/06/2026 13:12:20;;Souscription non démarrée;Parcours non démarré;721.86
3790;02/06/2026 13:12:20;;Souscription non démarrée;Parcours non démarré;790.57
3791;02/06/2026 13:09:24;;Souscription en cours;Synchronisation référentiel personne NOVA;622.51
3792;02/06/2026 13:09:24;;Souscription en cours;Synchronisation référentiel personne NOVA;617.29
3793;02/06/2026 13:04:48;;Dossier validé;Parcours terminé;366.12
3794;02/06/2026 13:04:48;;Dossier validé;Parcours terminé;373.51
3795;02/06/2026 12:53:10;Hugo MARTIN;Dossier validé;Parcours terminé;836.79
3796;02/06/2026 12:53:10;Hugo MARTIN;Dossier validé;Parcours terminé;639.65
3797;02/06/2026 12:39:03;;Dossier validé;Parcours terminé;699.62
3798;02/06/2026 12:39:03;;Dossier validé;Parcours terminé;576.60
3799;02/06/2026 12:33:05;;Dossier validé;Parcours terminé;283.21
3800;02/06/2026 12:33:05;;Dossier validé;Parcours terminé;753.53
3801;02/06/2026 12:24:06;;Souscription en cours;Signature Contrat;326.78
3802;02/06/2026 12:24:06;;Souscription en cours;Signature Contrat;489.29
3803;02/06/2026 12:16:34;;Souscription en cours;Coordonnées personnelles;964.32
3804;02/06/2026 12:16:34;;Souscription en cours;Coordonnées personnelles;842.84
3805;02/06/2026 12:14:30;;Dossier validé;Parcours terminé;528.24
3806;02/06/2026 12:14:30;;Dossier validé;Parcours terminé;113.32
3807;02/06/2026 12:11:58;;Souscription en cours;Coordonnées personnelles;628.05
3808;02/06/2026 12:11:58;;Souscription en cours;Coordonnées personnelles;860.79
3809;02/06/2026 12:10:46;;Dossier validé;Parcours terminé;576.15
3810;02/06/2026 12:10:46;;Dossier validé;Parcours terminé;951.26
3811;02/06/2026 12:05:32;;Souscription en cours;Informations complémentaires (CA, Profession, etc.);601.23
3812;02/06/2026 12:05:32;;Souscription en cours;Informations complémentaires (CA, Profession, etc.);829.17
3813;02/06/2026 11:57:36;;Souscription en cours;Vérification d'identité;493.20
3814;02/06/2026 11:57:36;;Souscription en cours;Vérification d'identité;310.17
3815;02/06/2026 11:54:48;;Souscription non démarrée;Parcours non démarré;150.86
3816;02/06/2026 11:54:48;;Souscription non démarrée;Parcours non démarré;598.70
3817;02/06/2026 11:52:34;;Dossier validé;Parcours terminé;382.74
3818;02/06/2026 11:52:34;;Dossier validé;Parcours terminé;684.39
3819;02/06/2026 11:51:52;;Souscription en cours;Informations complémentaires (CA, Profession, etc.);761.68
3820;02/06/2026 11:51:52;;Souscription en cours;Informations complémentaires (CA, Profession, etc.);723.24
3821;02/06/2026 11:50:19;;Dossier refusé;Saisie société;847.12
3822;02/06/2026 11:50:19;;Dossier refusé;Saisie société;987.91
3823;02/06/2026 11:49:22;;Dossier validé;Parcours terminé;243.02
3824;02/06/2026 11:49:22;;Dossier validé;Parcours terminé;450.17
3825;02/06/2026 11:38:56;;Dossier refusé;Parcours non démarré;498.63
3826;02/06/2026 11:38:56;;Dossier refusé;Parcours non démarré;489.97
3827;02/06/2026 11:38:01;;Dossier validé;Parcours terminé;363.79
3828;02/06/2026 11:38:01;;Dossier validé;Parcours terminé;619.55
3829;02/06/2026 11:37:02;;Souscription en cours;Coordonnées personnelles;718.03
3830;02/06/2026 11:37:02;;Souscription en cours;Coordonnées personnelles;504.25
3831;02/06/2026 11:35:49;;Souscription non démarrée;Parcours non démarré;745.32
3832;02/06/2026 11:35:49;;Souscription non démarrée;Parcours non démarré;160.99
3833;02/06/2026 11:34:27;;Souscription en cours;Signature Contrat;856.00
3834;02/06/2026 11:34:27;;Souscription en cours;Signature Contrat;470.03
3835;02/06/2026 11:27:59;;Souscription en cours;Vérification d'identité;239.70
3836;02/06/2026 11:27:59;;Souscription en cours;Vérification d'identité;605.06
3837;02/06/2026 11:25:15;Hugo MARTIN;Dossier validé;Parcours terminé;653.77
3838;02/06/2026 11:25:15;Hugo MARTIN;Dossier validé;Parcours terminé;255.39
3839;02/06/2026 11:24:11;;Dossier validé;Parcours terminé;391.13
3840;02/06/2026 11:24:11;;Dossier validé;Parcours terminé;487.49
3841;02/06/2026 11:20:24;;Souscription non démarrée;Parcours non démarré;307.48
3842;02/06/2026 11:20:24;;Souscription non démarrée;Parcours non démarré;470.07
3843;02/06/2026 11:18:21;;Dossier validé;Parcours terminé;573.41
3844;02/06/2026 11:18:21;;Dossier validé;Parcours terminé;782.90
3845;02/06/2026 10:59:08;;Dossier validé;Parcours terminé;667.26
3846;02/06/2026 10:59:08;;Dossier validé;Parcours terminé;951.54
3847;02/06/2026 10:46:57;;Souscription en cours;Choix de l'offre et livraison;481.20
3848;02/06/2026 10:46:57;;Souscription en cours;Choix de l'offre et livraison;171.03
3849;02/06/2026 10:21:44;;Dossier refusé;Saisie société;765.60
3850;02/06/2026 10:21:44;;Dossier refusé;Saisie société;260.04
3851;02/06/2026 10:20:08;;Dossier validé;Parcours terminé;829.61
3852;02/06/2026 10:20:08;;Dossier validé;Parcours terminé;140.35
3853;02/06/2026 10:19:22;;Dossier validé;Parcours terminé;671.75
3854;02/06/2026 10:19:22;;Dossier validé;Parcours terminé;820.44
3855;02/06/2026 10:08:18;;Dossier validé;Parcours terminé;814.36
3856;02/06/2026 10:08:18;;Dossier validé;Parcours terminé;524.05
3857;02/06/2026 10:06:53;;Dossier validé;Parcours terminé;770.74
3858;02/06/2026 10:06:53;;Dossier validé;Parcours terminé;645.15
3859;02/06/2026 10:05:28;;Dossier refusé;Saisie société;199.90
3860;02/06/2026 10:05:28;;Dossier refusé;Saisie société;968.68
3861;02/06/2026 10:05:09;;En attente d'analyse Agent - Dossier avec erreurs;Signature Contrat;447.71
3862;02/06/2026 10:05:09;;En attente d'analyse Agent - Dossier avec erreurs;Signature Contrat;564.94
3863;02/06/2026 10:04:32;;Souscription en cours;Coordonnées personnelles;726.37
3864;02/06/2026 10:04:32;;Souscription en cours;Coordonnées personnelles;676.83
3865;02/06/2026 10:00:18;Hugo MARTIN;Dossier validé;Parcours terminé;928.59
3866;02/06/2026 10:00:18;Hugo MARTIN;Dossier validé;Parcours terminé;927.33
3867;02/06/2026 09:56:13;;Souscription en cours;Choix de l'offre et livraison;266.32
3868;02/06/2026 09:56:13;;Souscription en cours;Choix de l'offre et livraison;140.48
3869;02/06/2026 09:47:36;;Dossier validé;Parcours terminé;967.71
3870;02/06/2026 09:47:36;;Dossier validé;Parcours terminé;860.25
3871;02/06/2026 09:41:15;;Dossier refusé;Saisie société;104.84
3872;02/06/2026 09:41:15;;Dossier refusé;Saisie société;725.19
3873;02/06/2026 09:36:26;;Souscription en cours;Vérification d'identité;208.48
3874;02/06/2026 09:36:26;;Souscription en cours;Vérification d'identité;161.54
3875;02/06/2026 09:31:14;;Dossier refusé;Bénéficiaire effectifs;643.89
3876;02/06/2026 09:31:14;;Dossier refusé;Bénéficiaire effectifs;404.39
3877;02/06/2026 09:21:39;;Dossier validé;Parcours terminé;710.14
3878;02/06/2026 09:21:39;;Dossier validé;Parcours terminé;769.18
3879;02/06/2026 09:19:07;;Souscription en cours;Choix de l'offre et livraison;474.52
3880;02/06/2026 09:19:07;;Souscription en cours;Choix de l'offre et livraison;760.89
3881;02/06/2026 09:09:16;;Dossier validé;Parcours terminé;812.33
3882;02/06/2026 09:09:16;;Dossier validé;Parcours terminé;409.89
3883;02/06/2026 09:07:00;;Souscription en cours;Choix de l'offre et livraison;892.94
3884;02/06/2026 09:07:00;;Souscription en cours;Choix de l'offre et livraison;496.56
3885;02/06/2026 08:19:43;;Dossier validé;Parcours terminé;684.43
3886;02/06/2026 08:19:43;;Dossier validé;Parcours terminé;281.75
3887;02/06/2026 08:01:54;;Souscription en cours;Coordonnées personnelles;374.16
3888;02/06/2026 08:01:54;;Souscription en cours;Coordonnées personnelles;150.95
3889;02/06/2026 07:47:02;Adam LAURENT;Dossier validé;Parcours terminé;751.81
3890;02/06/2026 07:47:02;Adam LAURENT;Dossier validé;Parcours terminé;573.19
3891;02/06/2026 07:21:01;Z5750800;Dossier validé;Parcours terminé;833.50
3892;02/06/2026 07:21:01;Z5750800;Dossier validé;Parcours terminé;600.53
3893;02/06/2026 07:07:38;;Dossier validé;Parcours terminé;448.43
3894;02/06/2026 07:07:38;;Dossier validé;Parcours terminé;388.01
3895;02/06/2026 06:20:34;;Dossier validé;Parcours terminé;775.31
3896;02/06/2026 06:20:34;;Dossier validé;Parcours terminé;818.74
3897;02/06/2026 04:50:06;;Dossier validé;Parcours terminé;236.64
3898;02/06/2026 04:50:06;;Dossier validé;Parcours terminé;314.75
3899;02/06/2026 04:03:15;;Souscription en cours;Informations complémentaires (CA, Profession, etc.);325.52
3900;02/06/2026 04:03:15;;Souscription en cours;Informations complémentaires (CA, Profession, etc.);943.94
3901;02/06/2026 02:54:07;;Dossier refusé;Signature Contrat;523.99
3902;02/06/2026 02:54:07;;Dossier refusé;Signature Contrat;612.13
3903;02/06/2026 02:47:44;;Souscription en cours;Vérification d'identité;737.81
3904;02/06/2026 02:47:44;;Souscription en cours;Vérification d'identité;560.58
3905;02/06/2026 02:26:37;;Souscription en cours;Coordonnées personnelles;553.02
3906;02/06/2026 02:26:37;;Souscription en cours;Coordonnées personnelles;954.37
3907;02/06/2026 01:23:08;;Souscription en cours;Informations complémentaires (Etablissements, etc.);829.05
3908;02/06/2026 01:23:08;;Souscription en cours;Informations complémentaires (Etablissements, etc.);776.68
3909;02/06/2026 00:37:59;;Dossier validé;Parcours terminé;985.42
3910;02/06/2026 00:37:59;;Dossier validé;Parcours terminé;341.34
3911;02/06/2026 00:25:32;;Dossier refusé;Signature Contrat;465.77
3912;02/06/2026 00:25:32;;Dossier refusé;Signature Contrat;371.76
3913;02/06/2026 00:13:11;;Souscription en cours;Informations complémentaires (CA, Profession, etc.);293.34
3914;02/06/2026 00:13:11;;Souscription en cours;Informations complémentaires (CA, Profession, etc.);626.18
3915;02/06/2026 00:11:50;;Dossier refusé;Saisie société;244.03
3916;02/06/2026 00:11:50;;Dossier refusé;Saisie société;945.83
3917;01/06/2026 23:41:58;;Dossier validé;Parcours terminé;493.30
3918;01/06/2026 23:41:58;;Dossier validé;Parcours terminé;848.94
3919;01/06/2026 23:25:56;;Dossier refusé;Saisie société;622.21
3920;01/06/2026 23:25:56;;Dossier refusé;Saisie société;849.62
3921;01/06/2026 23:23:17;;Dossier refusé;Informations complémentaires (CA, Profession, etc.);840.26
3922;01/06/2026 23:23:17;;Dossier refusé;Informations complémentaires (CA, Profession, etc.);795.67
3923;01/06/2026 23:16:07;;Dossier validé;Parcours terminé;196.98
3924;01/06/2026 23:16:07;;Dossier validé;Parcours terminé;951.95
3925;01/06/2026 23:14:50;;Souscription en cours;Coordonnées personnelles;190.47
3926;01/06/2026 23:14:50;;Souscription en cours;Coordonnées personnelles;461.18
3927;01/06/2026 23:12:34;;Souscription en cours;Criblages BE(s);772.05
3928;01/06/2026 23:12:34;;Souscription en cours;Criblages BE(s);452.12
3929;01/06/2026 23:10:39;;Dossier validé;Parcours terminé;945.08
3930;01/06/2026 23:10:39;;Dossier validé;Parcours terminé;134.95
3931;01/06/2026 22:57:05;;En attente d'analyse Agent - Dossier avec erreurs;Signature Contrat;599.92
3932;01/06/2026 22:57:05;;En attente d'analyse Agent - Dossier avec erreurs;Signature Contrat;978.92
3933;01/06/2026 22:25:19;;Dossier validé;Parcours terminé;275.23
3934;01/06/2026 22:25:19;;Dossier validé;Parcours terminé;619.17
3935;01/06/2026 22:13:19;;Souscription non démarrée;Parcours non démarré;726.80
3936;01/06/2026 22:13:19;;Souscription non démarrée;Parcours non démarré;283.81
3937;01/06/2026 22:11:43;;Souscription non démarrée;Parcours non démarré;330.55
3938;01/06/2026 22:11:43;;Souscription non démarrée;Parcours non démarré;754.14
3939;01/06/2026 22:04:23;;Dossier refusé;Saisie société;321.07
3940;01/06/2026 22:04:23;;Dossier refusé;Saisie société;427.66
3941;01/06/2026 22:03:41;;Souscription en cours;Vérification d'identité;153.81
3942;01/06/2026 22:03:41;;Souscription en cours;Vérification d'identité;162.86
3943;01/06/2026 21:54:34;;Souscription en cours;Coordonnées personnelles;646.59
3944;01/06/2026 21:54:34;;Souscription en cours;Coordonnées personnelles;197.24
3945;01/06/2026 21:53:48;;Souscription en cours;Coordonnées personnelles;560.73
3946;01/06/2026 21:53:48;;Souscription en cours;Coordonnées personnelles;959.15
3947;01/06/2026 21:50:01;;Souscription en cours;Coordonnées personnelles;530.05
3948;01/06/2026 21:50:01;;Souscription en cours;Coordonnées personnelles;134.23
3949;01/06/2026 21:44:50;;Dossier validé;Parcours terminé;592.72
3950;01/06/2026 21:44:50;;Dossier validé;Parcours terminé;586.64
3951;01/06/2026 21:37:01;;Dossier validé;Parcours terminé;187.00
3952;01/06/2026 21:37:01;;Dossier validé;Parcours terminé;265.08
3953;01/06/2026 21:25:49;;Dossier validé;Parcours terminé;939.35
3954;01/06/2026 21:25:49;;Dossier validé;Parcours terminé;322.87
3955;01/06/2026 20:49:11;Louis MARTIN;Dossier validé;Parcours terminé;150.60
3956;01/06/2026 20:49:11;Louis MARTIN;Dossier validé;Parcours terminé;206.90
3957;01/06/2026 20:09:40;;Dossier refusé;Saisie société;659.60
3958;01/06/2026 20:09:40;;Dossier refusé;Saisie société;303.44
3959;01/06/2026 19:40:34;;Souscription en cours;Signature Contrat;204.59
3960;01/06/2026 19:40:34;;Souscription en cours;Signature Contrat;847.72
3961;01/06/2026 19:27:19;;Dossier validé;Parcours terminé;671.18
3962;01/06/2026 19:27:19;;Dossier validé;Parcours terminé;842.14
3963;01/06/2026 19:08:30;;Dossier validé;Parcours terminé;255.41
3964;01/06/2026 19:08:30;;Dossier validé;Parcours terminé;255.50
3965;01/06/2026 18:56:37;;Souscription en cours;Signature Contrat;211.19
3966;01/06/2026 18:56:37;;Souscription en cours;Signature Contrat;624.11
3967;01/06/2026 18:55:25;;Dossier validé;Parcours terminé;877.53
3968;01/06/2026 18:55:25;;Dossier validé;Parcours terminé;327.24
3969;01/06/2026 18:49:47;;Dossier validé;Parcours terminé;349.23
3970;01/06/2026 18:49:47;;Dossier validé;Parcours terminé;637.19
3971;01/06/2026 18:42:10;;Dossier validé;Parcours terminé;561.99
3972;01/06/2026 18:42:10;;Dossier validé;Parcours terminé;429.82
3973;01/06/2026 18:40:06;;Dossier validé;Parcours terminé;440.31
3974;01/06/2026 18:40:06;;Dossier validé;Parcours terminé;568.34
3975;01/06/2026 18:32:23;;Souscription non démarrée;Parcours non démarré;881.12
3976;01/06/2026 18:32:23;;Souscription non démarrée;Parcours non démarré;643.51
3977;01/06/2026 18:15:04;;Dossier validé;Parcours terminé;977.33
3978;01/06/2026 18:15:04;;Dossier validé;Parcours terminé;593.99
3979;01/06/2026 18:14:16;;Souscription en cours;Coordonnées personnelles;547.38
3980;01/06/2026 18:14:16;;Souscription en cours;Coordonnées personnelles;206.53
3981;01/06/2026 18:05:04;;Dossier validé;Parcours terminé;717.69
3982;01/06/2026 18:05:04;;Dossier validé;Parcours terminé;837.23
3983;01/06/2026 18:03:24;;Dossier validé;Parcours terminé;284.13
3984;01/06/2026 18:03:24;;Dossier validé;Parcours terminé;241.89
3985;01/06/2026 18:01:56;;Dossier refusé;Saisie société;289.36
3986;01/06/2026 18:01:56;;Dossier refusé;Saisie société;483.50
3987;01/06/2026 18:01:00;Zoé MULLER;Dossier refusé;Bénéficiaire effectifs;987.68
3988;01/06/2026 18:01:00;Zoé MULLER;Dossier refusé;Bénéficiaire effectifs;496.28
3989;01/06/2026 17:45:37;;Souscription en cours;Coordonnées personnelles;834.96
3990;01/06/2026 17:45:37;;Souscription en cours;Coordonnées personnelles;409.59
3991;01/06/2026 17:37:02;;Souscription en cours;Choix de l'offre et livraison;683.89
3992;01/06/2026 17:37:02;;Souscription en cours;Choix de l'offre et livraison;103.04
3993;01/06/2026 17:34:46;;Dossier validé;Parcours terminé;713.98
3994;01/06/2026 17:34:46;;Dossier validé;Parcours terminé;518.55
3995;01/06/2026 17:24:06;;Dossier validé;Parcours terminé;478.06
3996;01/06/2026 17:24:06;;Dossier validé;Parcours terminé;479.55
3997;01/06/2026 17:14:57;;En attente d'analyse Agent - Dossier avec erreurs;Signature Contrat;340.77
3998;01/06/2026 17:14:57;;En attente d'analyse Agent - Dossier avec erreurs;Signature Contrat;346.36
3999;01/06/2026 17:04:01;;Dossier validé;Parcours terminé;215.19
4000;01/06/2026 17:04:01;;Dossier validé;Parcours terminé;885.50
4001;01/06/2026 16:54:02;Hugo MARTIN;Dossier validé;Parcours terminé;371.89
4002;01/06/2026 16:54:02;Hugo MARTIN;Dossier validé;Parcours terminé;251.75
4003;01/06/2026 16:50:51;;Dossier validé;Parcours terminé;441.06
4004;01/06/2026 16:50:51;;Dossier validé;Parcours terminé;644.71
4005;01/06/2026 16:49:05;;Dossier refusé;Signature Contrat;104.13
4006;01/06/2026 16:49:05;;Dossier refusé;Signature Contrat;455.80
4007;01/06/2026 16:48:52;;Souscription en cours;Vérification d'identité;974.25
4008;01/06/2026 16:48:52;;Souscription en cours;Vérification d'identité;667.34
4009;01/06/2026 16:34:40;;Dossier validé;Parcours terminé;824.44
4010;01/06/2026 16:34:40;;Dossier validé;Parcours terminé;582.87
4011;01/06/2026 16:28:49;;Dossier validé;Parcours terminé;758.48
4012;01/06/2026 16:28:49;;Dossier validé;Parcours terminé;574.91
4013;01/06/2026 16:24:33;;Souscription non démarrée;Parcours non démarré;652.89
4014;01/06/2026 16:24:33;;Souscription non démarrée;Parcours non démarré;365.47
4015;01/06/2026 16:15:40;Hugo MARTIN;Dossier validé;Parcours terminé;651.28
4016;01/06/2026 16:15:40;Hugo MARTIN;Dossier validé;Parcours terminé;777.09
4017;01/06/2026 16:10:58;;Souscription en cours;Coordonnées personnelles;482.76
4018;01/06/2026 16:10:58;;Souscription en cours;Coordonnées personnelles;979.14
4019;01/06/2026 15:48:40;;Souscription en cours;Coordonnées personnelles;914.89
4020;01/06/2026 15:48:40;;Souscription en cours;Coordonnées personnelles;812.95
4021;01/06/2026 15:43:58;;Dossier refusé;Saisie société;896.71
4022;01/06/2026 15:43:58;;Dossier refusé;Saisie société;923.99
4023;01/06/2026 15:41:51;;Souscription en cours;Coordonnées personnelles;932.10
4024;01/06/2026 15:41:51;;Souscription en cours;Coordonnées personnelles;467.37
4025;01/06/2026 15:39:46;;Dossier validé;Parcours terminé;702.82
4026;01/06/2026 15:39:46;;Dossier validé;Parcours terminé;810.06
4027;01/06/2026 15:39:41;;Dossier validé;Parcours terminé;448.47
4028;01/06/2026 15:39:41;;Dossier validé;Parcours terminé;829.13
4029;01/06/2026 15:39:11;;Dossier validé;Parcours terminé;938.56
4030;01/06/2026 15:39:11;;Dossier validé;Parcours terminé;554.02
4031;01/06/2026 15:17:21;;Dossier validé;Parcours terminé;532.38
4032;01/06/2026 15:17:21;;Dossier validé;Parcours terminé;374.06
4033;01/06/2026 15:01:50;;Souscription en cours;Signature Contrat;680.57
4034;01/06/2026 15:01:50;;Souscription en cours;Signature Contrat;526.86
4035;01/06/2026 14:56:03;;Souscription en cours;Coordonnées personnelles;828.45
4036;01/06/2026 14:56:03;;Souscription en cours;Coordonnées personnelles;304.09
4037;01/06/2026 14:54:57;;Dossier refusé;Saisie société;986.78
4038;01/06/2026 14:54:57;;Dossier refusé;Saisie société;595.12
4039;01/06/2026 14:42:44;;Dossier validé;Parcours terminé;154.65
4040;01/06/2026 14:42:44;;Dossier validé;Parcours terminé;165.88
4041;01/06/2026 14:38:37;;Souscription en cours;Coordonnées personnelles;811.36
4042;01/06/2026 14:38:37;;Souscription en cours;Coordonnées personnelles;222.33
4043;01/06/2026 14:32:20;;Dossier refusé;Saisie société;619.96
4044;01/06/2026 14:32:20;;Dossier refusé;Saisie société;570.18
4045;01/06/2026 14:08:22;;Dossier validé;Parcours terminé;664.16
4046;01/06/2026 14:08:22;;Dossier validé;Parcours terminé;809.86
4047;01/06/2026 14:00:39;;Souscription en cours;Signature Contrat;347.47
4048;01/06/2026 14:00:39;;Souscription en cours;Signature Contrat;808.93
4049;01/06/2026 13:59:02;;Souscription en cours;Vérification d'identité;473.91
4050;01/06/2026 13:59:02;;Souscription en cours;Vérification d'identité;911.64
4051;01/06/2026 13:47:17;;Dossier validé;Parcours terminé;361.24
4052;01/06/2026 13:47:17;;Dossier validé;Parcours terminé;610.92
4053;01/06/2026 13:41:41;;Dossier validé;Parcours terminé;257.29
4054;01/06/2026 13:41:41;;Dossier validé;Parcours terminé;918.79
4055;01/06/2026 13:41:32;;En attente d'analyse Agent - Dossier avec erreurs;Signature Contrat;838.67
4056;01/06/2026 13:41:32;;En attente d'analyse Agent - Dossier avec erreurs;Signature Contrat;970.92
4057;01/06/2026 13:35:36;Hugo MARTIN;Dossier validé;Parcours terminé;673.34
4058;01/06/2026 13:35:36;Hugo MARTIN;Dossier validé;Parcours terminé;310.53
4059;01/06/2026 13:12:11;;Dossier validé;Parcours terminé;819.92
4060;01/06/2026 13:12:11;;Dossier validé;Parcours terminé;730.86
4061;01/06/2026 13:09:04;;Souscription en cours;Coordonnées personnelles;170.91
4062;01/06/2026 13:09:04;;Souscription en cours;Coordonnées personnelles;353.42
4063;01/06/2026 13:06:04;;Dossier refusé;Signature Contrat;375.78
4064;01/06/2026 13:06:04;;Dossier refusé;Signature Contrat;183.41
4065;01/06/2026 13:05:03;;Souscription non démarrée;Parcours non démarré;629.84
4066;01/06/2026 13:05:03;;Souscription non démarrée;Parcours non démarré;731.25
4067;01/06/2026 12:57:26;;Souscription non démarrée;Parcours non démarré;683.04
4068;01/06/2026 12:57:26;;Souscription non démarrée;Parcours non démarré;694.18
4069;01/06/2026 12:56:44;;Dossier validé;Parcours terminé;603.37
4070;01/06/2026 12:56:44;;Dossier validé;Parcours terminé;878.87
4071;01/06/2026 12:40:18;;Souscription en cours;Choix de l'offre et livraison;124.09
4072;01/06/2026 12:40:18;;Souscription en cours;Choix de l'offre et livraison;704.67
4073;01/06/2026 12:36:41;;Souscription en cours;Choix de l'offre et livraison;752.37
4074;01/06/2026 12:36:41;;Souscription en cours;Choix de l'offre et livraison;208.57
4075;01/06/2026 12:26:39;;Souscription en cours;Synchronisation référentiel personne NOVA;973.09
4076;01/06/2026 12:26:39;;Souscription en cours;Synchronisation référentiel personne NOVA;973.43
4077;01/06/2026 12:16:29;;Souscription en cours;Coordonnées personnelles;682.58
4078;01/06/2026 12:16:29;;Souscription en cours;Coordonnées personnelles;495.16
4079;01/06/2026 11:52:55;;Dossier validé;Parcours terminé;996.65
4080;01/06/2026 11:52:55;;Dossier validé;Parcours terminé;197.61
4081;01/06/2026 11:43:52;;Dossier refusé;Saisie société;638.24
4082;01/06/2026 11:43:52;;Dossier refusé;Saisie société;611.10
4083;01/06/2026 11:41:29;;Souscription en cours;Informations complémentaires (Etablissements, etc.);400.22
4084;01/06/2026 11:41:29;;Souscription en cours;Informations complémentaires (Etablissements, etc.);144.64
4085;01/06/2026 11:39:38;;Dossier validé;Parcours terminé;939.03
4086;01/06/2026 11:39:38;;Dossier validé;Parcours terminé;873.88
4087;01/06/2026 11:39:21;;Dossier validé;Parcours terminé;878.02
4088;01/06/2026 11:39:21;;Dossier validé;Parcours terminé;202.83
4089;01/06/2026 11:35:03;;Souscription en cours;Coordonnées personnelles;428.92
4090;01/06/2026 11:35:03;;Souscription en cours;Coordonnées personnelles;608.33
4091;01/06/2026 11:33:30;;Dossier validé;Parcours terminé;513.49
4092;01/06/2026 11:33:30;;Dossier validé;Parcours terminé;599.47
4093;01/06/2026 11:24:47;;Souscription en cours;Coordonnées personnelles;716.29
4094;01/06/2026 11:24:47;;Souscription en cours;Coordonnées personnelles;999.02
4095;01/06/2026 11:15:07;Hugo MARTIN;Dossier validé;Parcours terminé;548.28
4096;01/06/2026 11:15:07;Hugo MARTIN;Dossier validé;Parcours terminé;238.76
4097;01/06/2026 11:12:24;;Souscription en cours;Vérification d'identité;401.25
4098;01/06/2026 11:12:24;;Souscription en cours;Vérification d'identité;526.36
4099;01/06/2026 11:07:58;;Dossier refusé;Saisie société;372.83
4100;01/06/2026 11:07:58;;Dossier refusé;Saisie société;665.36
4101;01/06/2026 11:04:30;;Souscription non démarrée;Parcours non démarré;889.55
4102;01/06/2026 11:04:30;;Souscription non démarrée;Parcours non démarré;365.49
4103;01/06/2026 11:01:43;;Souscription en cours;Coordonnées personnelles;999.55
4104;01/06/2026 11:01:43;;Souscription en cours;Coordonnées personnelles;761.52
4105;01/06/2026 10:55:01;;Dossier refusé;Saisie société;132.10
4106;01/06/2026 10:55:01;;Dossier refusé;Saisie société;300.66
4107;01/06/2026 10:49:41;;Souscription en cours;Vérification d'identité;439.77
4108;01/06/2026 10:49:41;;Souscription en cours;Vérification d'identité;251.42
4109;01/06/2026 10:47:41;;Dossier refusé;Saisie société;103.89
4110;01/06/2026 10:47:41;;Dossier refusé;Saisie société;132.95
4111;01/06/2026 10:32:49;;Souscription en cours;Choix de l'offre et livraison;577.73
4112;01/06/2026 10:32:49;;Souscription en cours;Choix de l'offre et livraison;604.68
4113;01/06/2026 10:20:20;;Dossier validé;Parcours terminé;725.93
4114;01/06/2026 10:20:20;;Dossier validé;Parcours terminé;747.42
4115;01/06/2026 10:20:19;;Dossier refusé;Saisie société;642.04
4116;01/06/2026 10:20:19;;Dossier refusé;Saisie société;196.98
4117;01/06/2026 10:17:16;Adam LAURENT;Dossier validé;Parcours terminé;371.82
4118;01/06/2026 10:17:16;Adam LAURENT;Dossier validé;Parcours terminé;524.62
4119;01/06/2026 10:14:02;;Dossier validé;Parcours terminé;621.32
4120;01/06/2026 10:14:02;;Dossier validé;Parcours terminé;657.01
4121;01/06/2026 10:13:48;;Souscription non démarrée;Parcours non démarré;942.43
4122;01/06/2026 10:13:48;;Souscription non démarrée;Parcours non démarré;652.95
4123;01/06/2026 10:13:29;;Dossier validé;Parcours terminé;905.28
4124;01/06/2026 10:13:29;;Dossier validé;Parcours terminé;538.96
4125;01/06/2026 10:09:23;;Dossier validé;Parcours terminé;889.55
4126;01/06/2026 10:09:23;;Dossier validé;Parcours terminé;879.84
4127;01/06/2026 09:55:09;;Souscription en cours;Coordonnées personnelles;624.70
4128;01/06/2026 09:55:09;;Souscription en cours;Coordonnées personnelles;279.52
4129;01/06/2026 09:54:19;;Dossier validé;Parcours terminé;499.80
4130;01/06/2026 09:54:19;;Dossier validé;Parcours terminé;460.19
4131;01/06/2026 09:50:51;;Souscription en cours;Vérification d'identité;982.68
4132;01/06/2026 09:50:51;;Souscription en cours;Vérification d'identité;741.66
4133;01/06/2026 09:29:54;;Dossier validé;Parcours terminé;519.19
4134;01/06/2026 09:29:54;;Dossier validé;Parcours terminé;993.57
4135;01/06/2026 09:27:47;;Souscription en cours;Informations complémentaires (Etablissements, etc.);792.72
4136;01/06/2026 09:27:47;;Souscription en cours;Informations complémentaires (Etablissements, etc.);135.29
4137;01/06/2026 09:27:05;;Souscription non démarrée;Parcours non démarré;556.19
4138;01/06/2026 09:27:05;;Souscription non démarrée;Parcours non démarré;191.70
4139;01/06/2026 09:21:24;;Souscription en cours;Coordonnées personnelles;928.10
4140;01/06/2026 09:21:24;;Souscription en cours;Coordonnées personnelles;380.38
4141;01/06/2026 09:04:44;;Dossier refusé;Saisie société;259.27
4142;01/06/2026 09:04:44;;Dossier refusé;Saisie société;212.44
4143;01/06/2026 08:23:16;;Souscription en cours;Choix de l'offre et livraison;264.91
4144;01/06/2026 08:23:16;;Souscription en cours;Choix de l'offre et livraison;646.55
4145;01/06/2026 07:50:49;Hugo MARTIN;Dossier refusé;Signature Contrat;471.92
4146;01/06/2026 07:50:49;Hugo MARTIN;Dossier refusé;Signature Contrat;886.52
4147;01/06/2026 07:31:19;;En attente d'analyse Agent - Dossier avec erreurs;Signature Contrat;900.74
4148;01/06/2026 07:31:19;;En attente d'analyse Agent - Dossier avec erreurs;Signature Contrat;189.93
4149;01/06/2026 07:06:08;;Dossier refusé;Signature Contrat;982.05
4150;01/06/2026 07:06:08;;Dossier refusé;Signature Contrat;363.87
4151;01/06/2026 05:35:47;;Souscription en cours;Coordonnées personnelles;762.78
4152;01/06/2026 05:35:47;;Souscription en cours;Coordonnées personnelles;112.96
4153;01/06/2026 04:52:09;;Souscription non démarrée;Parcours non démarré;984.86
4154;01/06/2026 04:52:09;;Souscription non démarrée;Parcours non démarré;341.81
4155;01/06/2026 01:16:30;;Souscription en cours;Informations complémentaires (Etablissements, etc.);785.08
4156;01/06/2026 01:16:30;;Souscription en cours;Informations complémentaires (Etablissements, etc.);921.01
4157;01/06/2026 00:52:03;;Dossier validé;Parcours terminé;747.83
4158;01/06/2026 00:52:03;;Dossier validé;Parcours terminé;634.93
4159;01/06/2026 00:09:03;;Souscription non démarrée;Parcours non démarré;202.90
4160;01/06/2026 00:09:03;;Souscription non démarrée;Parcours non démarré;267.69
4161;31/05/2026 23:59:51;;Dossier validé;Parcours terminé;967.47
4162;31/05/2026 23:59:51;;Dossier validé;Parcours terminé;653.51
4163;31/05/2026 23:57:54;;Dossier refusé;Saisie société;843.78
4164;31/05/2026 23:57:54;;Dossier refusé;Saisie société;566.79
4165;31/05/2026 22:19:00;;Souscription en cours;Informations complémentaires (Etablissements, etc.);211.49
4166;31/05/2026 22:19:00;;Souscription en cours;Informations complémentaires (Etablissements, etc.);473.84
4167;31/05/2026 22:18:35;;Dossier refusé;Parcours non démarré;375.26
4168;31/05/2026 22:18:35;;Dossier refusé;Parcours non démarré;641.54
4169;31/05/2026 21:46:05;;Souscription en cours;Coordonnées personnelles;241.22
4170;31/05/2026 21:46:05;;Souscription en cours;Coordonnées personnelles;990.23
4171;31/05/2026 21:37:15;;Souscription en cours;Choix de l'offre et livraison;825.84
4172;31/05/2026 21:37:15;;Souscription en cours;Choix de l'offre et livraison;910.96
4173;31/05/2026 21:05:09;;Dossier validé;Parcours terminé;588.91
4174;31/05/2026 21:05:09;;Dossier validé;Parcours terminé;988.19
4175;31/05/2026 21:05:01;;Dossier validé;Parcours terminé;695.10
4176;31/05/2026 21:05:01;;Dossier validé;Parcours terminé;571.63
4177;31/05/2026 21:02:34;;Souscription en cours;Coordonnées personnelles;967.48
4178;31/05/2026 21:02:34;;Souscription en cours;Coordonnées personnelles;218.40
4179;31/05/2026 20:48:25;;Dossier validé;Parcours terminé;676.04
4180;31/05/2026 20:48:25;;Dossier validé;Parcours terminé;705.74
4181;31/05/2026 20:10:18;;Dossier validé;Parcours terminé;643.06
4182;31/05/2026 20:10:18;;Dossier validé;Parcours terminé;827.85
4183;31/05/2026 19:54:23;;Souscription en cours;Coordonnées personnelles;777.36
4184;31/05/2026 19:54:23;;Souscription en cours;Coordonnées personnelles;552.86
4185;31/05/2026 19:52:25;;Souscription en cours;Choix de l'offre et livraison;265.70
4186;31/05/2026 19:52:25;;Souscription en cours;Choix de l'offre et livraison;290.15
4187;31/05/2026 19:36:58;;Dossier refusé;Saisie société;449.48
4188;31/05/2026 19:36:58;;Dossier refusé;Saisie société;607.39
4189;31/05/2026 19:25:56;;Dossier refusé;Saisie société;558.42
4190;31/05/2026 19:25:56;;Dossier refusé;Saisie société;384.96
4191;31/05/2026 18:44:25;;Dossier validé;Parcours terminé;995.14
4192;31/05/2026 18:44:25;;Dossier validé;Parcours terminé;888.02
4193;31/05/2026 18:37:12;;Souscription en cours;Choix de l'offre et livraison;358.54
4194;31/05/2026 18:37:12;;Souscription en cours;Choix de l'offre et livraison;282.14
4195;31/05/2026 18:35:06;;Dossier validé;Parcours terminé;688.05
4196;31/05/2026 18:35:06;;Dossier validé;Parcours terminé;610.12
4197;31/05/2026 18:29:28;;Dossier validé;Parcours terminé;241.68
4198;31/05/2026 18:29:28;;Dossier validé;Parcours terminé;251.38
4199;31/05/2026 18:19:23;;Souscription non démarrée;Parcours non démarré;792.24
4200;31/05/2026 18:19:23;;Souscription non démarrée;Parcours non démarré;832.38
4201;31/05/2026 18:11:05;;Dossier refusé;Signature Contrat;793.50
4202;31/05/2026 18:11:05;;Dossier refusé;Signature Contrat;742.60
4203;31/05/2026 18:10:28;;Souscription en cours;Coordonnées personnelles;853.91
4204;31/05/2026 18:10:28;;Souscription en cours;Coordonnées personnelles;616.96
4205;31/05/2026 18:06:12;;Dossier refusé;Signature Contrat;573.65
4206;31/05/2026 18:06:12;;Dossier refusé;Signature Contrat;905.84
4207;31/05/2026 17:49:43;;Souscription en cours;Coordonnées personnelles;233.99
4208;31/05/2026 17:49:43;;Souscription en cours;Coordonnées personnelles;382.49
4209;31/05/2026 17:48:33;;Souscription en cours;Informations complémentaires (Etablissements, etc.);324.63
4210;31/05/2026 17:48:33;;Souscription en cours;Informations complémentaires (Etablissements, etc.);303.39
4211;31/05/2026 17:04:58;;Dossier refusé;Signature Contrat;691.56
4212;31/05/2026 17:04:58;;Dossier refusé;Signature Contrat;817.60
4213;31/05/2026 17:02:55;;Dossier refusé;Saisie société;102.93
4214;31/05/2026 17:02:55;;Dossier refusé;Saisie société;768.58
4215;31/05/2026 17:00:42;;Dossier refusé;Saisie société;354.49
4216;31/05/2026 17:00:42;;Dossier refusé;Saisie société;361.12
4217;31/05/2026 16:30:01;;Dossier validé;Parcours terminé;416.93
4218;31/05/2026 16:30:01;;Dossier validé;Parcours terminé;210.19
4219;31/05/2026 16:28:49;Hugo DUBOIS;Dossier validé;Parcours terminé;626.36
4220;31/05/2026 16:28:49;Hugo DUBOIS;Dossier validé;Parcours terminé;767.18
4221;31/05/2026 16:24:14;;Souscription en cours;Choix de l'offre et livraison;193.67
4222;31/05/2026 16:24:14;;Souscription en cours;Choix de l'offre et livraison;966.54
4223;31/05/2026 16:18:22;;Dossier validé;Parcours terminé;876.43
4224;31/05/2026 16:18:22;;Dossier validé;Parcours terminé;504.61
4225;31/05/2026 15:58:05;;Souscription non démarrée;Parcours non démarré;101.54
4226;31/05/2026 15:58:05;;Souscription non démarrée;Parcours non démarré;378.20
4227;31/05/2026 15:40:02;;Souscription en cours;Choix de l'offre et livraison;153.13
4228;31/05/2026 15:40:02;;Souscription en cours;Choix de l'offre et livraison;370.77
4229;31/05/2026 15:28:53;;Souscription en cours;Informations complémentaires (Etablissements, etc.);684.17
4230;31/05/2026 15:28:53;;Souscription en cours;Informations complémentaires (Etablissements, etc.);276.79
4231;31/05/2026 15:26:36;;Dossier validé;Parcours terminé;346.21
4232;31/05/2026 15:26:36;;Dossier validé;Parcours terminé;916.71
4233;31/05/2026 15:11:18;;Souscription en cours;Signature Contrat;945.53
4234;31/05/2026 15:11:18;;Souscription en cours;Signature Contrat;669.70
4235;31/05/2026 14:57:54;;Dossier refusé;Saisie société;874.42
4236;31/05/2026 14:57:54;;Dossier refusé;Saisie société;414.39
4237;31/05/2026 14:51:50;;Dossier refusé;Signature Contrat;922.99
4238;31/05/2026 14:51:50;;Dossier refusé;Signature Contrat;882.11
4239;31/05/2026 14:50:38;;Souscription non démarrée;Parcours non démarré;165.38
4240;31/05/2026 14:50:38;;Souscription non démarrée;Parcours non démarré;739.85
4241;31/05/2026 14:41:09;;Dossier validé;Parcours terminé;430.22
4242;31/05/2026 14:41:09;;Dossier validé;Parcours terminé;267.36
4243;31/05/2026 14:29:56;;Souscription en cours;Vérification d'identité;166.06
4244;31/05/2026 14:29:56;;Souscription en cours;Vérification d'identité;646.78
4245;31/05/2026 14:18:35;;Souscription non démarrée;Parcours non démarré;480.12
4246;31/05/2026 14:18:35;;Souscription non démarrée;Parcours non démarré;678.52
4247;31/05/2026 14:12:19;;Dossier refusé;Saisie société;892.78
4248;31/05/2026 14:12:19;;Dossier refusé;Saisie société;235.98
4249;31/05/2026 12:51:36;;Souscription en cours;Coordonnées personnelles;422.64
4250;31/05/2026 12:51:36;;Souscription en cours;Coordonnées personnelles;137.21
4251;31/05/2026 12:51:18;;Souscription en cours;Coordonnées personnelles;367.21
4252;31/05/2026 12:51:18;;Souscription en cours;Coordonnées personnelles;172.63
4253;31/05/2026 12:46:28;;Souscription en cours;Choix de l'offre et livraison;245.05
4254;31/05/2026 12:46:28;;Souscription en cours;Choix de l'offre et livraison;624.05
4255;31/05/2026 12:37:53;;Souscription en cours;Choix de l'offre et livraison;963.91
4256;31/05/2026 12:37:53;;Souscription en cours;Choix de l'offre et livraison;209.24
4257;31/05/2026 12:36:46;;Souscription en cours;Informations complémentaires (CA, Profession, etc.);335.32
4258;31/05/2026 12:36:46;;Souscription en cours;Informations complémentaires (CA, Profession, etc.);594.89
4259;31/05/2026 12:36:06;;Dossier validé;Parcours terminé;567.05
4260;31/05/2026 12:36:06;;Dossier validé;Parcours terminé;325.16
4261;31/05/2026 12:29:20;;Dossier validé;Parcours terminé;873.61
4262;31/05/2026 12:29:20;;Dossier validé;Parcours terminé;677.96
4263;31/05/2026 12:24:56;;Dossier validé;Parcours terminé;808.45
4264;31/05/2026 12:24:56;;Dossier validé;Parcours terminé;297.63
4265;31/05/2026 12:19:18;;Souscription en cours;Choix de l'offre et livraison;707.66
4266;31/05/2026 12:19:18;;Souscription en cours;Choix de l'offre et livraison;414.61
4267;31/05/2026 12:09:45;;Dossier validé;Parcours terminé;875.48
4268;31/05/2026 12:09:45;;Dossier validé;Parcours terminé;519.71
4269;31/05/2026 12:08:56;Adam LAURENT;Dossier validé;Parcours terminé;328.65
4270;31/05/2026 12:08:56;Adam LAURENT;Dossier validé;Parcours terminé;435.38
4271;31/05/2026 11:56:35;;Souscription en cours;Signature Contrat;687.67
4272;31/05/2026 11:56:35;;Souscription en cours;Signature Contrat;730.09
4273;31/05/2026 11:52:28;;Dossier validé;Parcours terminé;973.29
4274;31/05/2026 11:52:28;;Dossier validé;Parcours terminé;790.82
4275;31/05/2026 11:51:13;;Souscription non démarrée;Parcours non démarré;908.03
4276;31/05/2026 11:51:13;;Souscription non démarrée;Parcours non démarré;302.27
4277;31/05/2026 11:50:15;;En attente d'analyse Agent - Dossier avec erreurs;Signature Contrat;680.77
4278;31/05/2026 11:50:15;;En attente d'analyse Agent - Dossier avec erreurs;Signature Contrat;881.36
4279;31/05/2026 11:31:46;;Dossier validé;Parcours terminé;362.97
4280;31/05/2026 11:31:46;;Dossier validé;Parcours terminé;716.09
4281;31/05/2026 11:29:43;;Dossier validé;Parcours terminé;948.40
4282;31/05/2026 11:29:43;;Dossier validé;Parcours terminé;397.45
4283;31/05/2026 11:14:58;;Dossier validé;Parcours terminé;402.12
4284;31/05/2026 11:14:58;;Dossier validé;Parcours terminé;809.37
4285;31/05/2026 11:11:47;;Dossier validé;Parcours terminé;904.24
4286;31/05/2026 11:11:47;;Dossier validé;Parcours terminé;903.25
4287;31/05/2026 11:08:57;;Souscription non démarrée;Parcours non démarré;350.64
4288;31/05/2026 11:08:57;;Souscription non démarrée;Parcours non démarré;122.76
4289;31/05/2026 11:00:43;;Dossier validé;Parcours terminé;399.80
4290;31/05/2026 11:00:43;;Dossier validé;Parcours terminé;579.04
4291;31/05/2026 10:52:16;;Dossier validé;Parcours terminé;435.35
4292;31/05/2026 10:52:16;;Dossier validé;Parcours terminé;521.03
4293;31/05/2026 10:40:14;;Dossier refusé;Saisie société;384.66
4294;31/05/2026 10:40:14;;Dossier refusé;Saisie société;207.07
4295;31/05/2026 10:39:15;Hugo MARTIN;Dossier refusé;Bénéficiaire effectifs;248.43
4296;31/05/2026 10:39:15;Hugo MARTIN;Dossier refusé;Bénéficiaire effectifs;375.45
4297;31/05/2026 10:26:21;;Dossier validé;Parcours terminé;752.07
4298;31/05/2026 10:26:21;;Dossier validé;Parcours terminé;119.53
4299;31/05/2026 10:25:26;;Souscription en cours;Signature Contrat;701.18
4300;31/05/2026 10:25:26;;Souscription en cours;Signature Contrat;595.85
4301;31/05/2026 10:08:28;;Souscription non démarrée;Parcours non démarré;618.95
4302;31/05/2026 10:08:28;;Souscription non démarrée;Parcours non démarré;935.92
4303;31/05/2026 10:07:44;;Souscription non démarrée;Parcours non démarré;821.06
4304;31/05/2026 10:07:44;;Souscription non démarrée;Parcours non démarré;563.48
4305;31/05/2026 10:04:50;;Dossier validé;Parcours terminé;115.98
4306;31/05/2026 10:04:50;;Dossier validé;Parcours terminé;618.82
4307;31/05/2026 10:02:45;;Dossier validé;Parcours terminé;285.79
4308;31/05/2026 10:02:45;;Dossier validé;Parcours terminé;515.19
4309;31/05/2026 09:58:28;;Dossier validé;Parcours terminé;933.39
4310;31/05/2026 09:58:28;;Dossier validé;Parcours terminé;575.55
4311;31/05/2026 09:38:52;;Souscription non démarrée;Parcours non démarré;715.84
4312;31/05/2026 09:38:52;;Souscription non démarrée;Parcours non démarré;241.91
4313;31/05/2026 09:22:17;;Dossier validé;Parcours terminé;160.29
4314;31/05/2026 09:22:17;;Dossier validé;Parcours terminé;893.30
4315;31/05/2026 09:14:59;;Dossier refusé;Informations complémentaires (CA, Profession, etc.);491.77
4316;31/05/2026 09:14:59;;Dossier refusé;Informations complémentaires (CA, Profession, etc.);241.69
4317;31/05/2026 08:38:34;;Souscription en cours;Choix de l'offre et livraison;386.80
4318;31/05/2026 08:38:34;;Souscription en cours;Choix de l'offre et livraison;646.67
4319;31/05/2026 08:34:13;;Dossier validé;Parcours terminé;370.40
4320;31/05/2026 08:34:13;;Dossier validé;Parcours terminé;331.39
4321;31/05/2026 08:25:09;;Souscription non démarrée;Parcours non démarré;402.41
4322;31/05/2026 08:25:09;;Souscription non démarrée;Parcours non démarré;387.54
4323;31/05/2026 06:59:26;;En attente d'analyse Agent - Dossier avec erreurs;Signature Contrat;413.61
4324;31/05/2026 06:59:26;;En attente d'analyse Agent - Dossier avec erreurs;Signature Contrat;200.00
4325;31/05/2026 05:48:39;;Dossier validé;Parcours terminé;417.71
4326;31/05/2026 05:48:39;;Dossier validé;Parcours terminé;753.92
4327;31/05/2026 05:12:10;;Dossier validé;Parcours terminé;333.96
4328;31/05/2026 05:12:10;;Dossier validé;Parcours terminé;228.86
4329;31/05/2026 05:04:09;;Souscription non démarrée;Parcours non démarré;304.78
4330;31/05/2026 05:04:09;;Souscription non démarrée;Parcours non démarré;187.34
4331;31/05/2026 04:05:49;;Souscription en cours;Coordonnées personnelles;869.37
4332;31/05/2026 04:05:49;;Souscription en cours;Coordonnées personnelles;413.88
4333;31/05/2026 01:14:07;;Souscription en cours;Choix de l'offre et livraison;530.61
4334;31/05/2026 01:14:07;;Souscription en cours;Choix de l'offre et livraison;143.30
4335;31/05/2026 01:08:28;;Dossier refusé;Signature Contrat;173.27
4336;31/05/2026 01:08:28;;Dossier refusé;Signature Contrat;553.10
4337;30/05/2026 23:48:23;;Dossier validé;Parcours terminé;407.37
4338;30/05/2026 23:48:23;;Dossier validé;Parcours terminé;375.77
4339;30/05/2026 23:40:30;;Souscription en cours;Coordonnées personnelles;714.70
4340;30/05/2026 23:40:30;;Souscription en cours;Coordonnées personnelles;950.37
4341;30/05/2026 23:40:10;;Dossier refusé;Saisie société;842.51
4342;30/05/2026 23:40:10;;Dossier refusé;Saisie société;318.75
4343;30/05/2026 23:36:20;;Dossier refusé;Parcours non démarré;479.01
4344;30/05/2026 23:36:20;;Dossier refusé;Parcours non démarré;802.21
4345;30/05/2026 23:34:49;;Souscription en cours;Coordonnées personnelles;775.41
4346;30/05/2026 23:34:49;;Souscription en cours;Coordonnées personnelles;595.07
4347;30/05/2026 23:27:11;;Dossier validé;Parcours terminé;855.77
4348;30/05/2026 23:27:11;;Dossier validé;Parcours terminé;771.92
4349;30/05/2026 23:25:04;;Dossier validé;Parcours terminé;566.28
4350;30/05/2026 23:25:04;;Dossier validé;Parcours terminé;281.86
4351;30/05/2026 23:15:39;;Dossier refusé;Saisie société;772.96
4352;30/05/2026 23:15:39;;Dossier refusé;Saisie société;813.90
4353;30/05/2026 22:21:16;;Souscription en cours;Informations complémentaires (Etablissements, etc.);550.20
4354;30/05/2026 22:21:16;;Souscription en cours;Informations complémentaires (Etablissements, etc.);877.07
4355;30/05/2026 22:18:16;;Dossier validé;Parcours terminé;555.96
4356;30/05/2026 22:18:16;;Dossier validé;Parcours terminé;240.75
4357;30/05/2026 22:11:29;;Dossier refusé;Parcours non démarré;859.64
4358;30/05/2026 22:11:29;;Dossier refusé;Parcours non démarré;957.26
4359;30/05/2026 21:49:56;Louis MARTIN;Dossier validé;Parcours terminé;692.04
4360;30/05/2026 21:49:56;Louis MARTIN;Dossier validé;Parcours terminé;642.84
4361;30/05/2026 21:44:18;;Souscription en cours;Choix de l'offre et livraison;770.59
4362;30/05/2026 21:44:18;;Souscription en cours;Choix de l'offre et livraison;990.89
4363;30/05/2026 21:40:17;;Souscription en cours;Coordonnées personnelles;110.43
4364;30/05/2026 21:40:17;;Souscription en cours;Coordonnées personnelles;331.12
4365;30/05/2026 21:23:21;;Souscription non démarrée;Parcours non démarré;244.08
4366;30/05/2026 21:23:21;;Souscription non démarrée;Parcours non démarré;472.39
4367;30/05/2026 21:08:02;;Souscription en cours;Coordonnées personnelles;599.54
4368;30/05/2026 21:08:02;;Souscription en cours;Coordonnées personnelles;557.41
4369;30/05/2026 20:38:47;;Dossier validé;Parcours terminé;119.10
4370;30/05/2026 20:38:47;;Dossier validé;Parcours terminé;655.29
4371;30/05/2026 20:32:35;;Dossier validé;Parcours terminé;420.23
4372;30/05/2026 20:32:35;;Dossier validé;Parcours terminé;217.11
4373;30/05/2026 20:02:16;;Dossier validé;Parcours terminé;845.60
4374;30/05/2026 20:02:16;;Dossier validé;Parcours terminé;863.79
4375;30/05/2026 19:18:51;;Dossier refusé;Saisie société;594.64
4376;30/05/2026 19:18:51;;Dossier refusé;Saisie société;287.91
4377;30/05/2026 19:13:41;;Souscription en cours;Coordonnées personnelles;383.94
4378;30/05/2026 19:13:41;;Souscription en cours;Coordonnées personnelles;781.13
4379;30/05/2026 18:46:19;Adam LAURENT;Dossier refusé;Informations complémentaires (CA, Profession, etc.);739.15
4380;30/05/2026 18:46:19;Adam LAURENT;Dossier refusé;Informations complémentaires (CA, Profession, etc.);632.44
4381;30/05/2026 18:06:31;;Dossier validé;Parcours terminé;167.77
4382;30/05/2026 18:06:31;;Dossier validé;Parcours terminé;716.56
4383;30/05/2026 17:57:18;Hugo MARTIN;Dossier validé;Parcours terminé;129.29
4384;30/05/2026 17:57:18;Hugo MARTIN;Dossier validé;Parcours terminé;587.54
4385;30/05/2026 17:52:38;Manon LEFEBVRE;Dossier validé;Parcours terminé;319.07
4386;30/05/2026 17:52:38;Manon LEFEBVRE;Dossier validé;Parcours terminé;926.21
4387;30/05/2026 17:51:21;;Souscription non démarrée;Parcours non démarré;862.45
4388;30/05/2026 17:51:21;;Souscription non démarrée;Parcours non démarré;381.56
4389;30/05/2026 17:47:13;;Dossier validé;Parcours terminé;682.71
4390;30/05/2026 17:47:13;;Dossier validé;Parcours terminé;626.95
4391;30/05/2026 17:43:59;;Dossier validé;Parcours terminé;511.26
4392;30/05/2026 17:43:59;;Dossier validé;Parcours terminé;684.42
4393;30/05/2026 17:23:00;;Dossier validé;Parcours terminé;206.80
4394;30/05/2026 17:23:00;;Dossier validé;Parcours terminé;776.25
4395;30/05/2026 17:14:31;;Souscription en cours;Choix de l'offre et livraison;969.17
4396;30/05/2026 17:14:31;;Souscription en cours;Choix de l'offre et livraison;710.65
4397;30/05/2026 17:00:19;;Souscription en cours;Coordonnées personnelles;523.47
4398;30/05/2026 17:00:19;;Souscription en cours;Coordonnées personnelles;261.50
4399;30/05/2026 16:58:36;;Dossier validé;Parcours terminé;660.32
4400;30/05/2026 16:58:36;;Dossier validé;Parcours terminé;964.01
4401;30/05/2026 16:42:25;;Souscription en cours;Coordonnées personnelles;672.36
4402;30/05/2026 16:42:25;;Souscription en cours;Coordonnées personnelles;941.45
4403;30/05/2026 16:16:25;;Souscription non démarrée;Parcours non démarré;622.12
4404;30/05/2026 16:16:25;;Souscription non démarrée;Parcours non démarré;877.24
4405;30/05/2026 16:13:42;;Souscription en cours;Synchronisation référentiel personne NOVA;627.89
4406;30/05/2026 16:13:42;;Souscription en cours;Synchronisation référentiel personne NOVA;931.50
4407;30/05/2026 16:13:11;;Dossier validé;Parcours terminé;257.92
4408;30/05/2026 16:13:11;;Dossier validé;Parcours terminé;859.21
4409;30/05/2026 16:04:05;;Souscription en cours;Informations complémentaires (CA, Profession, etc.);834.56
4410;30/05/2026 16:04:05;;Souscription en cours;Informations complémentaires (CA, Profession, etc.);131.61
4411;30/05/2026 15:57:48;;Souscription en cours;Coordonnées personnelles;420.47
4412;30/05/2026 15:57:48;;Souscription en cours;Coordonnées personnelles;646.63
4413;30/05/2026 15:40:21;Z5750800;Dossier validé;Parcours terminé;795.67
4414;30/05/2026 15:40:21;Z5750800;Dossier validé;Parcours terminé;429.65
4415;30/05/2026 15:13:30;;En attente d'analyse Agent - Dossier avec erreurs;Signature Contrat;168.15
4416;30/05/2026 15:13:30;;En attente d'analyse Agent - Dossier avec erreurs;Signature Contrat;726.36
4417;30/05/2026 15:04:30;;Souscription non démarrée;Parcours non démarré;199.47
4418;30/05/2026 15:04:30;;Souscription non démarrée;Parcours non démarré;954.70
4419;30/05/2026 14:59:47;;Souscription en cours;Coordonnées personnelles;850.24
4420;30/05/2026 14:59:47;;Souscription en cours;Coordonnées personnelles;750.06
4421;30/05/2026 14:53:29;;Dossier validé;Parcours terminé;752.51
4422;30/05/2026 14:53:29;;Dossier validé;Parcours terminé;538.25
4423;30/05/2026 14:46:59;;Souscription en cours;Signature Contrat;352.98
4424;30/05/2026 14:46:59;;Souscription en cours;Signature Contrat;818.90
4425;30/05/2026 14:37:33;;Dossier refusé;Saisie société;900.39
4426;30/05/2026 14:37:33;;Dossier refusé;Saisie société;399.35
4427;30/05/2026 14:27:30;;Souscription en cours;Vérification d'identité;579.89
4428;30/05/2026 14:27:30;;Souscription en cours;Vérification d'identité;558.83
4429;30/05/2026 14:26:29;Adam LAURENT;Dossier refusé;Saisie société;633.19
4430;30/05/2026 14:26:29;Adam LAURENT;Dossier refusé;Saisie société;936.31
4431;30/05/2026 14:25:45;;Dossier validé;Parcours terminé;170.44
4432;30/05/2026 14:25:45;;Dossier validé;Parcours terminé;230.23
4433;30/05/2026 14:24:44;;Souscription en cours;Coordonnées personnelles;209.20
4434;30/05/2026 14:24:44;;Souscription en cours;Coordonnées personnelles;294.43
4435;30/05/2026 14:16:04;;Souscription en cours;Coordonnées personnelles;784.09
4436;30/05/2026 14:16:04;;Souscription en cours;Coordonnées personnelles;306.16
4437;30/05/2026 14:13:36;;Dossier validé;Parcours terminé;895.02
4438;30/05/2026 14:13:36;;Dossier validé;Parcours terminé;735.12
4439;30/05/2026 14:08:21;;Dossier refusé;Saisie société;285.26
4440;30/05/2026 14:08:21;;Dossier refusé;Saisie société;867.22
4441;30/05/2026 13:45:52;;Souscription non démarrée;Parcours non démarré;520.85
4442;30/05/2026 13:45:52;;Souscription non démarrée;Parcours non démarré;593.19
4443;30/05/2026 13:43:55;;Souscription en cours;Coordonnées personnelles;987.07
4444;30/05/2026 13:43:55;;Souscription en cours;Coordonnées personnelles;440.19
4445;30/05/2026 13:19:06;;Souscription en cours;Coordonnées personnelles;653.17
4446;30/05/2026 13:19:06;;Souscription en cours;Coordonnées personnelles;359.74
4447;30/05/2026 13:14:19;;Dossier validé;Parcours terminé;136.58
4448;30/05/2026 13:14:19;;Dossier validé;Parcours terminé;948.54
4449;30/05/2026 13:13:05;;Dossier validé;Parcours terminé;334.02
4450;30/05/2026 13:13:05;;Dossier validé;Parcours terminé;119.01
4451;30/05/2026 13:10:35;;Souscription en cours;Choix de l'offre et livraison;732.30
4452;30/05/2026 13:10:35;;Souscription en cours;Choix de l'offre et livraison;394.18
4453;30/05/2026 12:53:41;;Souscription en cours;Coordonnées personnelles;693.85
4454;30/05/2026 12:53:41;;Souscription en cours;Coordonnées personnelles;846.64
4455;30/05/2026 12:47:22;;Souscription en cours;Coordonnées personnelles;596.08
4456;30/05/2026 12:47:22;;Souscription en cours;Coordonnées personnelles;732.41
4457;30/05/2026 12:45:44;;Souscription en cours;Signature Contrat;555.37
4458;30/05/2026 12:45:44;;Souscription en cours;Signature Contrat;845.75
4459;30/05/2026 12:45:07;;Dossier validé;Parcours terminé;601.16
4460;30/05/2026 12:45:07;;Dossier validé;Parcours terminé;102.69
4461;30/05/2026 12:37:05;;Dossier validé;Parcours terminé;279.97
4462;30/05/2026 12:37:05;;Dossier validé;Parcours terminé;867.48
4463;30/05/2026 12:26:11;;Souscription en cours;Coordonnées personnelles;505.03
4464;30/05/2026 12:26:11;;Souscription en cours;Coordonnées personnelles;274.79
4465;30/05/2026 12:14:38;;Souscription en cours;Coordonnées personnelles;385.92
4466;30/05/2026 12:14:38;;Souscription en cours;Coordonnées personnelles;118.23
4467;30/05/2026 12:09:10;;Dossier refusé;Saisie société;528.81
4468;30/05/2026 12:09:10;;Dossier refusé;Saisie société;897.31
4469;30/05/2026 11:45:43;;Souscription en cours;Choix de l'offre et livraison;369.99
4470;30/05/2026 11:45:43;;Souscription en cours;Choix de l'offre et livraison;617.25
4471;30/05/2026 11:35:07;;Dossier validé;Parcours terminé;944.81
4472;30/05/2026 11:35:07;;Dossier validé;Parcours terminé;312.94
4473;30/05/2026 11:33:22;;Dossier validé;Parcours terminé;893.01
4474;30/05/2026 11:33:22;;Dossier validé;Parcours terminé;405.45
4475;30/05/2026 11:22:20;;Dossier validé;Parcours terminé;186.08
4476;30/05/2026 11:22:20;;Dossier validé;Parcours terminé;720.25
4477;30/05/2026 11:07:44;Hugo MARTIN;Dossier validé;Parcours terminé;196.21
4478;30/05/2026 11:07:44;Hugo MARTIN;Dossier validé;Parcours terminé;793.84
4479;30/05/2026 11:06:49;;Souscription en cours;Vérification d'identité;773.31
4480;30/05/2026 11:06:49;;Souscription en cours;Vérification d'identité;891.69
4481;30/05/2026 11:03:39;;Souscription non démarrée;Parcours non démarré;803.17
4482;30/05/2026 11:03:39;;Souscription non démarrée;Parcours non démarré;449.19
4483;30/05/2026 10:42:18;;Dossier validé;Parcours terminé;600.10
4484;30/05/2026 10:42:18;;Dossier validé;Parcours terminé;955.42
4485;30/05/2026 10:36:01;;Souscription en cours;Informations complémentaires (Etablissements, etc.);139.62
4486;30/05/2026 10:36:01;;Souscription en cours;Informations complémentaires (Etablissements, etc.);334.39
4487;30/05/2026 09:51:39;Manon LEFEBVRE;Dossier validé;Parcours terminé;522.71
4488;30/05/2026 09:51:39;Manon LEFEBVRE;Dossier validé;Parcours terminé;245.80
4489;30/05/2026 09:33:58;;Souscription en cours;Coordonnées personnelles;971.30
4490;30/05/2026 09:33:58;;Souscription en cours;Coordonnées personnelles;717.04
4491;30/05/2026 09:33:02;;Souscription en cours;Coordonnées personnelles;154.84
4492;30/05/2026 09:33:02;;Souscription en cours;Coordonnées personnelles;918.15
4493;30/05/2026 09:12:02;;Dossier validé;Parcours terminé;538.42
4494;30/05/2026 09:12:02;;Dossier validé;Parcours terminé;512.88
4495;30/05/2026 09:01:43;;Souscription en cours;Signature Contrat;545.62
4496;30/05/2026 09:01:43;;Souscription en cours;Signature Contrat;888.88
4497;30/05/2026 08:21:39;;Dossier validé;Parcours terminé;374.69
4498;30/05/2026 08:21:39;;Dossier validé;Parcours terminé;673.23
4499;30/05/2026 07:04:04;;En attente d'analyse Agent - Dossier avec erreurs;Signature Contrat;131.94
4500;30/05/2026 07:04:04;;En attente d'analyse Agent - Dossier avec erreurs;Signature Contrat;557.49
4501;30/05/2026 05:39:37;;Souscription en cours;Choix de l'offre et livraison;575.59
4502;30/05/2026 05:39:37;;Souscription en cours;Choix de l'offre et livraison;277.11
4503;30/05/2026 02:55:51;;Dossier validé;Parcours terminé;478.42
4504;30/05/2026 02:55:51;;Dossier validé;Parcours terminé;595.75
4505;30/05/2026 01:46:20;;Dossier validé;Parcours terminé;337.21
4506;30/05/2026 01:46:20;;Dossier validé;Parcours terminé;601.89
4507;30/05/2026 01:19:56;;Dossier validé;Parcours terminé;876.65
4508;30/05/2026 01:19:56;;Dossier validé;Parcours terminé;182.30
4509;30/05/2026 01:19:17;;Souscription en cours;Coordonnées personnelles;721.70
4510;30/05/2026 01:19:17;;Souscription en cours;Coordonnées personnelles;214.56
4511;30/05/2026 01:10:29;;Souscription non démarrée;Parcours non démarré;281.53
4512;30/05/2026 01:10:29;;Souscription non démarrée;Parcours non démarré;283.91
4513;30/05/2026 00:47:47;;Souscription en cours;Informations complémentaires (CA, Profession, etc.);630.32
4514;30/05/2026 00:47:47;;Souscription en cours;Informations complémentaires (CA, Profession, etc.);276.19
4515;30/05/2026 00:46:45;;Souscription en cours;Coordonnées personnelles;577.07
4516;30/05/2026 00:46:45;;Souscription en cours;Coordonnées personnelles;298.18
4517;30/05/2026 00:32:56;;Dossier refusé;Saisie société;210.44
4518;30/05/2026 00:32:56;;Dossier refusé;Saisie société;242.29
4519;30/05/2026 00:28:21;;Souscription en cours;Choix de l'offre et livraison;480.36
4520;30/05/2026 00:28:21;;Souscription en cours;Choix de l'offre et livraison;480.45
4521;30/05/2026 00:16:00;;Souscription en cours;Informations complémentaires (CA, Profession, etc.);432.08
4522;30/05/2026 00:16:00;;Souscription en cours;Informations complémentaires (CA, Profession, etc.);987.68
4523;29/05/2026 23:58:57;Manon LEFEBVRE;Dossier validé;Parcours terminé;789.43
4524;29/05/2026 23:58:57;Manon LEFEBVRE;Dossier validé;Parcours terminé;802.31
4525;29/05/2026 23:51:03;;Souscription en cours;Signature Contrat;375.84
4526;29/05/2026 23:51:03;;Souscription en cours;Signature Contrat;642.49
4527;29/05/2026 23:35:41;;Souscription en cours;Vérification d'identité;342.84
4528;29/05/2026 23:35:41;;Souscription en cours;Vérification d'identité;928.83
4529;29/05/2026 23:27:27;;Dossier validé;Parcours terminé;240.56
4530;29/05/2026 23:27:27;;Dossier validé;Parcours terminé;474.64
4531;29/05/2026 23:15:17;;Souscription en cours;Coordonnées personnelles;315.08
4532;29/05/2026 23:15:17;;Souscription en cours;Coordonnées personnelles;401.74
4533;29/05/2026 22:56:45;Hugo DUBOIS;Dossier validé;Parcours terminé;684.99
4534;29/05/2026 22:56:45;Hugo DUBOIS;Dossier validé;Parcours terminé;660.83
4535;29/05/2026 22:39:41;;Souscription en cours;Coordonnées personnelles;781.92
4536;29/05/2026 22:39:41;;Souscription en cours;Coordonnées personnelles;986.31
4537;29/05/2026 22:30:55;;Souscription en cours;Coordonnées personnelles;333.40
4538;29/05/2026 22:30:55;;Souscription en cours;Coordonnées personnelles;414.78
4539;29/05/2026 22:18:50;;Souscription en cours;Signature Contrat;216.67
4540;29/05/2026 22:18:50;;Souscription en cours;Signature Contrat;128.78
4541;29/05/2026 22:02:38;;Souscription en cours;Signature Contrat;840.96
4542;29/05/2026 22:02:38;;Souscription en cours;Signature Contrat;550.51
4543;29/05/2026 21:57:19;;Dossier validé;Parcours terminé;849.51
4544;29/05/2026 21:57:19;;Dossier validé;Parcours terminé;222.72
4545;29/05/2026 21:47:55;;Souscription en cours;Choix de l'offre et livraison;175.55
4546;29/05/2026 21:47:55;;Souscription en cours;Choix de l'offre et livraison;169.84
4547;29/05/2026 21:43:43;;Souscription non démarrée;Parcours non démarré;665.82
4548;29/05/2026 21:43:43;;Souscription non démarrée;Parcours non démarré;943.62
4549;29/05/2026 21:42:46;;Dossier validé;Parcours terminé;229.86
4550;29/05/2026 21:42:46;;Dossier validé;Parcours terminé;207.60
4551;29/05/2026 21:03:08;;Dossier refusé;Parcours terminé;271.70
4552;29/05/2026 21:03:08;;Dossier refusé;Parcours terminé;239.80
4553;29/05/2026 20:59:09;;Souscription en cours;Coordonnées personnelles;654.59
4554;29/05/2026 20:59:09;;Souscription en cours;Coordonnées personnelles;873.20
4555;29/05/2026 20:48:18;;Dossier refusé;Bénéficiaire effectifs;211.92
4556;29/05/2026 20:48:18;;Dossier refusé;Bénéficiaire effectifs;929.84
4557;29/05/2026 20:47:28;;Dossier refusé;Signature Contrat;826.80
4558;29/05/2026 20:47:28;;Dossier refusé;Signature Contrat;862.35
4559;29/05/2026 20:46:54;;Souscription en cours;Choix de l'offre et livraison;845.83
4560;29/05/2026 20:46:54;;Souscription en cours;Choix de l'offre et livraison;975.59
4561;29/05/2026 20:18:24;;Dossier refusé;Signature Contrat;821.27
4562;29/05/2026 20:18:24;;Dossier refusé;Signature Contrat;940.54
4563;29/05/2026 20:14:41;;Dossier refusé;Informations complémentaires (Etablissements, etc.);706.94
4564;29/05/2026 20:14:41;;Dossier refusé;Informations complémentaires (Etablissements, etc.);449.07
4565;29/05/2026 19:56:02;;Dossier refusé;Signature Contrat;237.38
4566;29/05/2026 19:56:02;;Dossier refusé;Signature Contrat;567.65
4567;29/05/2026 19:49:21;Zoé MULLER;Dossier refusé;Saisie société;333.41
4568;29/05/2026 19:49:21;Zoé MULLER;Dossier refusé;Saisie société;929.46
4569;29/05/2026 19:33:49;;Dossier refusé;Saisie société;980.43
4570;29/05/2026 19:33:49;;Dossier refusé;Saisie société;704.03
4571;29/05/2026 19:09:29;;Dossier validé;Parcours terminé;131.04
4572;29/05/2026 19:09:29;;Dossier validé;Parcours terminé;552.59
4573;29/05/2026 19:02:29;;Dossier validé;Parcours terminé;811.47
4574;29/05/2026 19:02:29;;Dossier validé;Parcours terminé;865.29
4575;29/05/2026 18:58:25;;Souscription non démarrée;Parcours non démarré;592.37
4576;29/05/2026 18:58:25;;Souscription non démarrée;Parcours non démarré;743.51
4577;29/05/2026 18:53:22;;En attente d'analyse Agent - Dossier avec erreurs;Signature Contrat;284.41
4578;29/05/2026 18:53:22;;En attente d'analyse Agent - Dossier avec erreurs;Signature Contrat;298.78
4579;29/05/2026 18:53:17;;Dossier validé;Parcours terminé;276.73
4580;29/05/2026 18:53:17;;Dossier validé;Parcours terminé;413.92
4581;29/05/2026 18:49:54;;Dossier validé;Parcours terminé;668.67
4582;29/05/2026 18:49:54;;Dossier validé;Parcours terminé;146.90
4583;29/05/2026 18:43:58;;Souscription en cours;Signature Contrat;896.07
4584;29/05/2026 18:43:58;;Souscription en cours;Signature Contrat;114.23
4585;29/05/2026 18:43:02;;Dossier validé;Parcours terminé;227.36
4586;29/05/2026 18:43:02;;Dossier validé;Parcours terminé;580.42
4587;29/05/2026 18:37:49;;Dossier validé;Parcours terminé;351.87
4588;29/05/2026 18:37:49;;Dossier validé;Parcours terminé;655.58
4589;29/05/2026 18:31:18;;Souscription en cours;Vérification d'identité;925.94
4590;29/05/2026 18:31:18;;Souscription en cours;Vérification d'identité;959.02
4591;29/05/2026 18:25:52;;Dossier validé;Parcours terminé;780.90
4592;29/05/2026 18:25:52;;Dossier validé;Parcours terminé;583.28
4593;29/05/2026 18:23:36;;Dossier refusé;Saisie société;397.29
4594;29/05/2026 18:23:36;;Dossier refusé;Saisie société;672.16
4595;29/05/2026 18:05:32;;Dossier validé;Parcours terminé;471.98
4596;29/05/2026 18:05:32;;Dossier validé;Parcours terminé;488.84
4597;29/05/2026 18:03:42;;Souscription en cours;Choix de l'offre et livraison;905.36
4598;29/05/2026 18:03:42;;Souscription en cours;Choix de l'offre et livraison;333.50
4599;29/05/2026 18:03:31;;Souscription en cours;Coordonnées personnelles;781.67
4600;29/05/2026 18:03:31;;Souscription en cours;Coordonnées personnelles;790.71
4601;29/05/2026 18:02:37;;Souscription en cours;Coordonnées personnelles;518.31
4602;29/05/2026 18:02:37;;Souscription en cours;Coordonnées personnelles;446.91
4603;29/05/2026 17:36:05;;Dossier validé;Parcours terminé;567.53
4604;29/05/2026 17:36:05;;Dossier validé;Parcours terminé;703.01
4605;29/05/2026 17:22:55;;Souscription en cours;Coordonnées personnelles;636.28
4606;29/05/2026 17:22:55;;Souscription en cours;Coordonnées personnelles;279.22
4607;29/05/2026 17:21:38;;Souscription non démarrée;Parcours non démarré;558.98
4608;29/05/2026 17:21:38;;Souscription non démarrée;Parcours non démarré;673.00
4609;29/05/2026 17:16:37;;Souscription non démarrée;Parcours non démarré;707.62
4610;29/05/2026 17:16:37;;Souscription non démarrée;Parcours non démarré;115.62
4611;29/05/2026 17:13:10;Hugo DUBOIS;Dossier refusé;Saisie société;931.35
4612;29/05/2026 17:13:10;Hugo DUBOIS;Dossier refusé;Saisie société;426.29
4613;29/05/2026 17:03:15;;Dossier refusé;Choix de l'offre et livraison;906.54
4614;29/05/2026 17:03:15;;Dossier refusé;Choix de l'offre et livraison;732.44
4615;29/05/2026 16:53:07;;Dossier refusé;Signature Contrat;176.01
4616;29/05/2026 16:53:07;;Dossier refusé;Signature Contrat;865.74
4617;29/05/2026 16:48:29;;Dossier validé;Parcours terminé;592.27
4618;29/05/2026 16:48:29;;Dossier validé;Parcours terminé;267.12
4619;29/05/2026 16:48:16;Hugo MARTIN;Dossier validé;Parcours terminé;892.60
4620;29/05/2026 16:48:16;Hugo MARTIN;Dossier validé;Parcours terminé;883.67
4621;29/05/2026 16:33:29;;Souscription en cours;Choix de l'offre et livraison;875.49
4622;29/05/2026 16:33:29;;Souscription en cours;Choix de l'offre et livraison;762.17
4623;29/05/2026 16:33:04;;Souscription non démarrée;Parcours non démarré;205.36
4624;29/05/2026 16:33:04;;Souscription non démarrée;Parcours non démarré;850.35
4625;29/05/2026 16:28:38;Hugo DUBOIS;Dossier validé;Parcours terminé;162.40
4626;29/05/2026 16:28:38;Hugo DUBOIS;Dossier validé;Parcours terminé;537.56
4627;29/05/2026 16:25:16;;Dossier refusé;Saisie société;546.96
4628;29/05/2026 16:25:16;;Dossier refusé;Saisie société;782.64
4629;29/05/2026 16:20:27;;Dossier validé;Parcours terminé;150.18
4630;29/05/2026 16:20:27;;Dossier validé;Parcours terminé;236.70
4631;29/05/2026 16:19:20;;Souscription en cours;Coordonnées personnelles;968.72
4632;29/05/2026 16:19:20;;Souscription en cours;Coordonnées personnelles;141.71
4633;29/05/2026 16:15:39;;Dossier refusé;Informations complémentaires (Etablissements, etc.);678.97
4634;29/05/2026 16:15:39;;Dossier refusé;Informations complémentaires (Etablissements, etc.);552.98
4635;29/05/2026 16:11:42;;En attente d'analyse Agent - Dossier avec erreurs;Signature Contrat;701.29
4636;29/05/2026 16:11:42;;En attente d'analyse Agent - Dossier avec erreurs;Signature Contrat;957.41
4637;29/05/2026 16:08:52;;Souscription en cours;Signature Contrat;285.22
4638;29/05/2026 16:08:52;;Souscription en cours;Signature Contrat;302.03
4639;29/05/2026 16:05:57;;Dossier validé;Parcours terminé;728.74
4640;29/05/2026 16:05:57;;Dossier validé;Parcours terminé;358.20
4641;29/05/2026 16:01:42;;Dossier refusé;Saisie société;655.06
4642;29/05/2026 16:01:42;;Dossier refusé;Saisie société;974.79
4643;29/05/2026 16:01:11;Hugo MARTIN;Dossier validé;Parcours terminé;371.11
4644;29/05/2026 16:01:11;Hugo MARTIN;Dossier validé;Parcours terminé;861.71
4645;29/05/2026 15:59:54;;Dossier refusé;Saisie société;339.45
4646;29/05/2026 15:59:54;;Dossier refusé;Saisie société;315.99
4647;29/05/2026 15:57:12;;Dossier validé;Parcours terminé;714.27
4648;29/05/2026 15:57:12;;Dossier validé;Parcours terminé;983.46
4649;29/05/2026 15:55:59;;Souscription en cours;Vérification d'identité;137.92
4650;29/05/2026 15:55:59;;Souscription en cours;Vérification d'identité;764.67
4651;29/05/2026 15:52:59;;Dossier validé;Parcours terminé;197.84
4652;29/05/2026 15:52:59;;Dossier validé;Parcours terminé;494.12
4653;29/05/2026 15:50:24;;Souscription en cours;Coordonnées personnelles;162.98
4654;29/05/2026 15:50:24;;Souscription en cours;Coordonnées personnelles;854.05
4655;29/05/2026 15:46:25;;Souscription en cours;Coordonnées personnelles;306.85
4656;29/05/2026 15:46:25;;Souscription en cours;Coordonnées personnelles;374.69
4657;29/05/2026 15:46:21;;Souscription en cours;Vérification d'identité;949.82
4658;29/05/2026 15:46:21;;Souscription en cours;Vérification d'identité;453.85
4659;29/05/2026 15:39:52;;Dossier validé;Parcours terminé;471.00
4660;29/05/2026 15:39:52;;Dossier validé;Parcours terminé;600.69
4661;29/05/2026 15:37:51;;Souscription en cours;Coordonnées personnelles;725.61
4662;29/05/2026 15:37:51;;Souscription en cours;Coordonnées personnelles;614.61
4663;29/05/2026 15:27:07;;Souscription en cours;Coordonnées personnelles;950.55
4664;29/05/2026 15:27:07;;Souscription en cours;Coordonnées personnelles;837.67
4665;29/05/2026 15:24:02;;Dossier validé;Parcours terminé;237.05
4666;29/05/2026 15:24:02;;Dossier validé;Parcours terminé;258.06
4667;29/05/2026 15:17:31;;Souscription en cours;Coordonnées personnelles;774.73
4668;29/05/2026 15:17:31;;Souscription en cours;Coordonnées personnelles;518.76
4669;29/05/2026 15:02:22;;Souscription non démarrée;Parcours non démarré;304.60
4670;29/05/2026 15:02:22;;Souscription non démarrée;Parcours non démarré;173.69
4671;29/05/2026 14:59:30;;Souscription non démarrée;Parcours non démarré;568.21
4672;29/05/2026 14:59:30;;Souscription non démarrée;Parcours non démarré;739.90
4673;29/05/2026 14:53:57;;Dossier validé;Parcours terminé;756.51
4674;29/05/2026 14:53:57;;Dossier validé;Parcours terminé;765.85
4675;29/05/2026 14:46:38;Hugo MARTIN;Dossier validé;Parcours terminé;628.88
4676;29/05/2026 14:46:38;Hugo MARTIN;Dossier validé;Parcours terminé;215.66
4677;29/05/2026 14:45:57;;Souscription en cours;Coordonnées personnelles;295.31
4678;29/05/2026 14:45:57;;Souscription en cours;Coordonnées personnelles;886.07
4679;29/05/2026 14:44:09;;Souscription en cours;Choix de l'offre et livraison;140.03
4680;29/05/2026 14:44:09;;Souscription en cours;Choix de l'offre et livraison;580.72
4681;29/05/2026 14:41:25;;Dossier refusé;Signature Contrat;897.82
4682;29/05/2026 14:41:25;;Dossier refusé;Signature Contrat;922.76
4683;29/05/2026 14:40:52;;Dossier validé;Parcours terminé;599.85
4684;29/05/2026 14:40:52;;Dossier validé;Parcours terminé;467.08
4685;29/05/2026 14:40:46;;Dossier refusé;Saisie société;386.37
4686;29/05/2026 14:40:46;;Dossier refusé;Saisie société;193.78
4687;29/05/2026 14:34:59;;Souscription non démarrée;Parcours non démarré;265.40
4688;29/05/2026 14:34:59;;Souscription non démarrée;Parcours non démarré;376.23
4689;29/05/2026 14:31:15;;Dossier refusé;Signature Contrat;347.77
4690;29/05/2026 14:31:15;;Dossier refusé;Signature Contrat;264.90
4691;29/05/2026 14:27:47;;Dossier validé;Parcours terminé;826.04
4692;29/05/2026 14:27:47;;Dossier validé;Parcours terminé;575.41
4693;29/05/2026 14:25:54;Rayan MICHEL;Dossier validé;Parcours terminé;232.39
4694;29/05/2026 14:25:54;Rayan MICHEL;Dossier validé;Parcours terminé;968.02
4695;29/05/2026 14:22:57;;Souscription en cours;Coordonnées personnelles;461.82
4696;29/05/2026 14:22:57;;Souscription en cours;Coordonnées personnelles;910.70
4697;29/05/2026 14:21:55;Adam LAURENT;Dossier validé;Parcours terminé;428.18
4698;29/05/2026 14:21:55;Adam LAURENT;Dossier validé;Parcours terminé;233.24
4699;29/05/2026 14:17:50;;En attente d'analyse Agent - Dossier avec erreurs;Signature Contrat;145.41
4700;29/05/2026 14:17:50;;En attente d'analyse Agent - Dossier avec erreurs;Signature Contrat;241.92
4701;29/05/2026 14:09:18;;Dossier validé;Parcours terminé;523.53
4702;29/05/2026 14:09:18;;Dossier validé;Parcours terminé;213.56
4703;29/05/2026 14:09:17;Zoé MULLER;Dossier validé;Parcours terminé;428.39
4704;29/05/2026 14:09:17;Zoé MULLER;Dossier validé;Parcours terminé;777.47
4705;29/05/2026 14:08:36;;Souscription non démarrée;Parcours non démarré;251.11
4706;29/05/2026 14:08:36;;Souscription non démarrée;Parcours non démarré;881.86
4707;29/05/2026 14:08:33;;Dossier validé;Parcours terminé;436.69
4708;29/05/2026 14:08:33;;Dossier validé;Parcours terminé;794.42
4709;29/05/2026 14:01:46;;Souscription en cours;Coordonnées personnelles;588.17
4710;29/05/2026 14:01:46;;Souscription en cours;Coordonnées personnelles;249.38
4711;29/05/2026 13:52:22;Adam LAURENT;Dossier validé;Parcours terminé;995.71
4712;29/05/2026 13:52:22;Adam LAURENT;Dossier validé;Parcours terminé;425.13
4713;29/05/2026 13:50:32;;Dossier validé;Parcours terminé;799.96
4714;29/05/2026 13:50:32;;Dossier validé;Parcours terminé;285.81
4715;29/05/2026 13:48:47;;Dossier refusé;Saisie société;565.74
4716;29/05/2026 13:48:47;;Dossier refusé;Saisie société;964.17
4717;29/05/2026 13:47:09;;Souscription en cours;Coordonnées personnelles;792.78
4718;29/05/2026 13:47:09;;Souscription en cours;Coordonnées personnelles;487.84
4719;29/05/2026 13:46:03;;Souscription en cours;Signature Contrat;926.79
4720;29/05/2026 13:46:03;;Souscription en cours;Signature Contrat;215.65
4721;29/05/2026 13:43:44;;Dossier refusé;Saisie société;420.67
4722;29/05/2026 13:43:44;;Dossier refusé;Saisie société;309.34
4723;29/05/2026 13:41:00;Louis MARTIN;Dossier validé;Parcours terminé;588.31
4724;29/05/2026 13:41:00;Louis MARTIN;Dossier validé;Parcours terminé;938.70
4725;29/05/2026 13:36:58;;Dossier validé;Parcours terminé;999.42
4726;29/05/2026 13:36:58;;Dossier validé;Parcours terminé;664.12
4727;29/05/2026 13:36:45;;Dossier validé;Parcours terminé;614.58
4728;29/05/2026 13:36:45;;Dossier validé;Parcours terminé;454.47
4729;29/05/2026 13:31:28;Manon LEFEBVRE;Dossier validé;Parcours terminé;841.08
4730;29/05/2026 13:31:28;Manon LEFEBVRE;Dossier validé;Parcours terminé;348.54
4731;29/05/2026 13:25:32;Hugo MARTIN;Dossier validé;Parcours terminé;748.11
4732;29/05/2026 13:25:32;Hugo MARTIN;Dossier validé;Parcours terminé;170.54
4733;29/05/2026 13:12:54;;Dossier validé;Parcours terminé;838.95
4734;29/05/2026 13:12:54;;Dossier validé;Parcours terminé;931.92
4735;29/05/2026 13:11:29;;Dossier refusé;Signature Contrat;334.34
4736;29/05/2026 13:11:29;;Dossier refusé;Signature Contrat;672.44
4737;29/05/2026 13:06:17;;Souscription en cours;Signature Contrat;379.36
4738;29/05/2026 13:06:17;;Souscription en cours;Signature Contrat;637.76
4739;29/05/2026 13:05:04;;Dossier validé;Parcours terminé;869.99
4740;29/05/2026 13:05:04;;Dossier validé;Parcours terminé;231.20
4741;29/05/2026 12:59:34;;Dossier refusé;Choix de l'offre et livraison;106.38
4742;29/05/2026 12:59:34;;Dossier refusé;Choix de l'offre et livraison;363.73
4743;29/05/2026 12:58:35;;Dossier refusé;Signature Contrat;308.31
4744;29/05/2026 12:58:35;;Dossier refusé;Signature Contrat;961.87
4745;29/05/2026 12:47:38;;Dossier validé;Parcours terminé;785.37
4746;29/05/2026 12:47:38;;Dossier validé;Parcours terminé;897.72
4747;29/05/2026 12:35:26;;Dossier validé;Parcours terminé;414.20
4748;29/05/2026 12:35:26;;Dossier validé;Parcours terminé;913.99
4749;29/05/2026 12:29:20;Zoé MULLER;Dossier refusé;Saisie société;458.78
4750;29/05/2026 12:29:20;Zoé MULLER;Dossier refusé;Saisie société;160.81
4751;29/05/2026 12:27:20;;Souscription en cours;Choix de l'offre et livraison;420.78
4752;29/05/2026 12:27:20;;Souscription en cours;Choix de l'offre et livraison;420.12
4753;29/05/2026 12:27:19;Louis MARTIN;Dossier refusé;Signature Contrat;241.97
4754;29/05/2026 12:27:19;Louis MARTIN;Dossier refusé;Signature Contrat;378.95
4755;29/05/2026 12:27:17;;Dossier validé;Parcours terminé;204.15
4756;29/05/2026 12:27:17;;Dossier validé;Parcours terminé;803.85
4757;29/05/2026 12:18:09;;Souscription en cours;Choix de l'offre et livraison;184.73
4758;29/05/2026 12:18:09;;Souscription en cours;Choix de l'offre et livraison;709.21
4759;29/05/2026 12:16:58;;Dossier validé;Parcours terminé;875.22
4760;29/05/2026 12:16:58;;Dossier validé;Parcours terminé;742.53
4761;29/05/2026 12:16:01;;Souscription en cours;Signature Contrat;702.15
4762;29/05/2026 12:16:01;;Souscription en cours;Signature Contrat;360.67
4763;29/05/2026 12:08:51;;Souscription non démarrée;Parcours non démarré;982.62
4764;29/05/2026 12:08:51;;Souscription non démarrée;Parcours non démarré;954.35
4765;29/05/2026 12:08:41;;Souscription en cours;Choix de l'offre et livraison;884.14
4766;29/05/2026 12:08:41;;Souscription en cours;Choix de l'offre et livraison;411.02
4767;29/05/2026 12:00:15;;Dossier validé;Parcours terminé;256.87
4768;29/05/2026 12:00:15;;Dossier validé;Parcours terminé;767.24
4769;29/05/2026 11:57:10;;Dossier refusé;Saisie société;201.78
4770;29/05/2026 11:57:10;;Dossier refusé;Saisie société;233.47
4771;29/05/2026 11:44:14;;Dossier validé;Parcours terminé;397.86
4772;29/05/2026 11:44:14;;Dossier validé;Parcours terminé;346.46
4773;29/05/2026 11:44:07;;Souscription en cours;Coordonnées personnelles;800.92
4774;29/05/2026 11:44:07;;Souscription en cours;Coordonnées personnelles;183.77
4775;29/05/2026 11:42:52;;Souscription en cours;Informations complémentaires (Etablissements, etc.);962.15
4776;29/05/2026 11:42:52;;Souscription en cours;Informations complémentaires (Etablissements, etc.);308.95
4777;29/05/2026 11:33:47;;Souscription non démarrée;Parcours non démarré;564.58
4778;29/05/2026 11:33:47;;Souscription non démarrée;Parcours non démarré;588.37
4779;29/05/2026 11:31:07;;Dossier validé;Parcours terminé;251.72
4780;29/05/2026 11:31:07;;Dossier validé;Parcours terminé;671.56
4781;29/05/2026 11:26:08;;Dossier validé;Parcours terminé;890.08
4782;29/05/2026 11:26:08;;Dossier validé;Parcours terminé;484.49
4783;29/05/2026 11:24:44;;Dossier validé;Parcours terminé;190.67
4784;29/05/2026 11:24:44;;Dossier validé;Parcours terminé;561.53
4785;29/05/2026 11:24:12;;Dossier validé;Parcours terminé;952.24
4786;29/05/2026 11:24:12;;Dossier validé;Parcours terminé;103.02
4787;29/05/2026 11:21:16;;Souscription en cours;Choix de l'offre et livraison;952.47
4788;29/05/2026 11:21:16;;Souscription en cours;Choix de l'offre et livraison;307.43
4789;29/05/2026 11:13:09;;Souscription en cours;Coordonnées personnelles;396.62
4790;29/05/2026 11:13:09;;Souscription en cours;Coordonnées personnelles;936.84
4791;29/05/2026 11:00:30;;Souscription en cours;Coordonnées personnelles;672.26
4792;29/05/2026 11:00:30;;Souscription en cours;Coordonnées personnelles;245.86
4793;29/05/2026 10:54:23;;Souscription en cours;Coordonnées personnelles;425.81
4794;29/05/2026 10:54:23;;Souscription en cours;Coordonnées personnelles;755.56
4795;29/05/2026 10:45:50;;Dossier validé;Parcours terminé;448.12
4796;29/05/2026 10:45:50;;Dossier validé;Parcours terminé;223.73
4797;29/05/2026 10:40:32;;Dossier validé;Parcours terminé;131.15
4798;29/05/2026 10:40:32;;Dossier validé;Parcours terminé;607.46
4799;29/05/2026 10:39:16;;Souscription en cours;Coordonnées personnelles;462.40
4800;29/05/2026 10:39:16;;Souscription en cours;Coordonnées personnelles;903.91
4801;29/05/2026 10:37:01;;Dossier validé;Parcours terminé;437.80
4802;29/05/2026 10:37:01;;Dossier validé;Parcours terminé;727.59
4803;29/05/2026 10:35:23;;Dossier validé;Parcours terminé;802.54
4804;29/05/2026 10:35:23;;Dossier validé;Parcours terminé;839.81
4805;29/05/2026 10:15:28;;Souscription en cours;Coordonnées personnelles;870.54
4806;29/05/2026 10:15:28;;Souscription en cours;Coordonnées personnelles;466.69
4807;29/05/2026 10:15:10;;Dossier refusé;Saisie société;554.18
4808;29/05/2026 10:15:10;;Dossier refusé;Saisie société;779.72
4809;29/05/2026 10:12:08;;Souscription en cours;Bénéficiaire effectifs;570.85
4810;29/05/2026 10:12:08;;Souscription en cours;Bénéficiaire effectifs;341.81
4811;29/05/2026 10:11:15;;Dossier refusé;Signature Contrat;755.41
4812;29/05/2026 10:11:15;;Dossier refusé;Signature Contrat;455.62
4813;29/05/2026 10:07:44;;Souscription en cours;Coordonnées personnelles;782.20
4814;29/05/2026 10:07:44;;Souscription en cours;Coordonnées personnelles;525.03
4815;29/05/2026 10:07:05;;Souscription en cours;Bénéficiaire effectifs;573.75
4816;29/05/2026 10:07:05;;Souscription en cours;Bénéficiaire effectifs;834.67
4817;29/05/2026 10:06:11;;Dossier validé;Parcours terminé;537.91
4818;29/05/2026 10:06:11;;Dossier validé;Parcours terminé;461.29
4819;29/05/2026 10:01:37;;Dossier refusé;Informations complémentaires (Etablissements, etc.);267.39
4820;29/05/2026 10:01:37;;Dossier refusé;Informations complémentaires (Etablissements, etc.);614.90
4821;29/05/2026 09:32:54;;Souscription en cours;Choix de l'offre et livraison;306.73
4822;29/05/2026 09:32:54;;Souscription en cours;Choix de l'offre et livraison;105.27
4823;29/05/2026 09:32:33;Hugo DUBOIS;Dossier validé;Parcours terminé;393.20
4824;29/05/2026 09:32:33;Hugo DUBOIS;Dossier validé;Parcours terminé;936.44
4825;29/05/2026 09:28:35;;Dossier refusé;Saisie société;101.39
4826;29/05/2026 09:28:35;;Dossier refusé;Saisie société;987.58
4827;29/05/2026 09:27:11;;Souscription en cours;Choix de l'offre et livraison;813.87
4828;29/05/2026 09:27:11;;Souscription en cours;Choix de l'offre et livraison;915.11
4829;29/05/2026 09:23:44;;Dossier refusé;Saisie société;668.08
4830;29/05/2026 09:23:44;;Dossier refusé;Saisie société;199.29
4831;29/05/2026 09:09:45;;Dossier validé;Parcours terminé;154.73
4832;29/05/2026 09:09:45;;Dossier validé;Parcours terminé;180.11
4833;29/05/2026 09:06:14;;Souscription en cours;Coordonnées personnelles;812.05
4834;29/05/2026 09:06:14;;Souscription en cours;Coordonnées personnelles;396.62
4835;29/05/2026 08:48:57;;Dossier validé;Parcours terminé;435.63
4836;29/05/2026 08:48:57;;Dossier validé;Parcours terminé;586.46
4837;29/05/2026 08:31:28;;Souscription en cours;Choix de l'offre et livraison;825.24
4838;29/05/2026 08:31:28;;Souscription en cours;Choix de l'offre et livraison;637.51
4839;29/05/2026 07:43:55;;Dossier validé;Parcours terminé;810.78
4840;29/05/2026 07:43:55;;Dossier validé;Parcours terminé;999.87
4841;29/05/2026 07:15:52;;Dossier refusé;Signature Contrat;636.80
4842;29/05/2026 07:15:52;;Dossier refusé;Signature Contrat;187.77
4843;29/05/2026 06:46:45;;Dossier validé;Parcours terminé;878.71
4844;29/05/2026 06:46:45;;Dossier validé;Parcours terminé;481.19
4845;29/05/2026 05:49:12;;Souscription en cours;Signature Contrat;722.22
4846;29/05/2026 05:49:12;;Souscription en cours;Signature Contrat;339.25
4847;29/05/2026 04:17:35;;Souscription non démarrée;Parcours non démarré;506.94
4848;29/05/2026 04:17:35;;Souscription non démarrée;Parcours non démarré;669.82
4849;29/05/2026 03:36:42;;Souscription non démarrée;Parcours non démarré;599.78
4850;29/05/2026 03:36:42;;Souscription non démarrée;Parcours non démarré;112.45
4851;29/05/2026 02:52:27;Z5735392;Dossier validé;Parcours terminé;397.63
4852;29/05/2026 02:52:27;Z5735392;Dossier validé;Parcours terminé;105.37
4853;29/05/2026 02:31:00;;Dossier validé;Parcours terminé;657.51
4854;29/05/2026 02:31:00;;Dossier validé;Parcours terminé;132.06
4855;29/05/2026 02:10:06;;Dossier validé;Parcours terminé;875.80
4856;29/05/2026 02:10:06;;Dossier validé;Parcours terminé;586.18
4857;29/05/2026 01:32:42;;Souscription en cours;Choix de l'offre et livraison;463.90
4858;29/05/2026 01:32:42;;Souscription en cours;Choix de l'offre et livraison;414.04
4859;29/05/2026 01:30:47;;Souscription en cours;Signature Contrat;862.63
4860;29/05/2026 01:30:47;;Souscription en cours;Signature Contrat;606.07
4861;29/05/2026 01:20:41;;Souscription en cours;Signature Contrat;775.72
4862;29/05/2026 01:20:41;;Souscription en cours;Signature Contrat;538.54
4863;29/05/2026 01:11:31;;Dossier refusé;Saisie société;259.36
4864;29/05/2026 01:11:31;;Dossier refusé;Saisie société;571.82
4865;29/05/2026 00:57:12;;Dossier validé;Parcours terminé;588.09
4866;29/05/2026 00:57:12;;Dossier validé;Parcours terminé;926.84
4867;29/05/2026 00:56:13;;Dossier validé;Parcours terminé;458.32
4868;29/05/2026 00:56:13;;Dossier validé;Parcours terminé;523.36
4869;29/05/2026 00:56:04;;Dossier refusé;Signature Contrat;538.37
4870;29/05/2026 00:56:04;;Dossier refusé;Signature Contrat;801.28
4871;29/05/2026 00:47:48;;Dossier validé;Parcours terminé;966.68
4872;29/05/2026 00:47:48;;Dossier validé;Parcours terminé;511.44
4873;29/05/2026 00:32:32;;Souscription en cours;Coordonnées personnelles;323.20
4874;29/05/2026 00:32:32;;Souscription en cours;Coordonnées personnelles;370.36
4875;29/05/2026 00:27:38;;Souscription en cours;Coordonnées personnelles;594.95
4876;29/05/2026 00:27:38;;Souscription en cours;Coordonnées personnelles;392.63
4877;29/05/2026 00:22:40;;Dossier validé;Parcours terminé;516.43
4878;29/05/2026 00:22:40;;Dossier validé;Parcours terminé;580.93
4879;28/05/2026 23:56:53;;Souscription en cours;Coordonnées personnelles;610.97
4880;28/05/2026 23:56:53;;Souscription en cours;Coordonnées personnelles;195.12
4881;28/05/2026 23:52:23;;Dossier validé;Parcours terminé;750.81
4882;28/05/2026 23:52:23;;Dossier validé;Parcours terminé;382.47
4883;28/05/2026 23:41:17;Louis MARTIN;Dossier validé;Parcours terminé;814.78
4884;28/05/2026 23:41:17;Louis MARTIN;Dossier validé;Parcours terminé;357.55
4885;28/05/2026 23:38:39;;Dossier validé;Parcours terminé;932.92
4886;28/05/2026 23:38:39;;Dossier validé;Parcours terminé;262.55
4887;28/05/2026 23:28:56;;Dossier validé;Parcours terminé;572.69
4888;28/05/2026 23:28:56;;Dossier validé;Parcours terminé;443.40
4889;28/05/2026 23:10:41;;Dossier refusé;Coordonnées personnelles;917.48
4890;28/05/2026 23:10:41;;Dossier refusé;Coordonnées personnelles;368.17
4891;28/05/2026 22:55:46;;Souscription non démarrée;Parcours non démarré;791.38
4892;28/05/2026 22:55:46;;Souscription non démarrée;Parcours non démarré;466.61
4893;28/05/2026 22:53:41;;Souscription en cours;Informations complémentaires (CA, Profession, etc.);103.99
4894;28/05/2026 22:53:41;;Souscription en cours;Informations complémentaires (CA, Profession, etc.);953.38
4895;28/05/2026 22:51:52;;Souscription en cours;Coordonnées personnelles;817.45
4896;28/05/2026 22:51:52;;Souscription en cours;Coordonnées personnelles;331.08
4897;28/05/2026 22:49:22;;Dossier validé;Parcours terminé;454.31
4898;28/05/2026 22:49:22;;Dossier validé;Parcours terminé;604.08
4899;28/05/2026 22:47:15;;Dossier validé;Parcours terminé;546.83
4900;28/05/2026 22:47:15;;Dossier validé;Parcours terminé;895.10
4901;28/05/2026 22:32:49;;Souscription en cours;Coordonnées personnelles;299.31
4902;28/05/2026 22:32:49;;Souscription en cours;Coordonnées personnelles;369.39
4903;28/05/2026 22:32:39;;Dossier validé;Parcours terminé;754.89
4904;28/05/2026 22:32:39;;Dossier validé;Parcours terminé;130.61
4905;28/05/2026 22:22:39;;Dossier validé;Parcours terminé;990.76
4906;28/05/2026 22:22:39;;Dossier validé;Parcours terminé;969.38
4907;28/05/2026 22:10:50;;Souscription en cours;Bénéficiaire effectifs;328.43
4908;28/05/2026 22:10:50;;Souscription en cours;Bénéficiaire effectifs;847.37
4909;28/05/2026 21:56:29;;Dossier validé;Parcours terminé;325.61
4910;28/05/2026 21:56:29;;Dossier validé;Parcours terminé;513.96
4911;28/05/2026 21:52:22;;Dossier validé;Parcours terminé;579.45
4912;28/05/2026 21:52:22;;Dossier validé;Parcours terminé;518.11
4913;28/05/2026 21:44:42;;Dossier validé;Parcours terminé;732.47
4914;28/05/2026 21:44:42;;Dossier validé;Parcours terminé;347.56
4915;28/05/2026 21:33:42;;Souscription non démarrée;Parcours non démarré;232.28
4916;28/05/2026 21:33:42;;Souscription non démarrée;Parcours non démarré;547.75
4917;28/05/2026 21:31:46;;Souscription non démarrée;Parcours non démarré;317.14
4918;28/05/2026 21:31:46;;Souscription non démarrée;Parcours non démarré;487.94
4919;28/05/2026 21:22:07;;Dossier refusé;Saisie société;469.02
4920;28/05/2026 21:22:07;;Dossier refusé;Saisie société;782.50
4921;28/05/2026 21:20:59;;Dossier validé;Parcours terminé;817.67
4922;28/05/2026 21:20:59;;Dossier validé;Parcours terminé;731.74
4923;28/05/2026 21:18:47;;Dossier refusé;Saisie société;136.92
4924;28/05/2026 21:18:47;;Dossier refusé;Saisie société;404.16
4925;28/05/2026 21:17:04;;Souscription en cours;Signature Contrat;506.56
4926;28/05/2026 21:17:04;;Souscription en cours;Signature Contrat;305.48
4927;28/05/2026 21:12:43;;Souscription non démarrée;Parcours non démarré;189.32
4928;28/05/2026 21:12:43;;Souscription non démarrée;Parcours non démarré;711.96
4929;28/05/2026 21:12:27;;Dossier validé;Parcours terminé;708.08
4930;28/05/2026 21:12:27;;Dossier validé;Parcours terminé;221.55
4931;28/05/2026 21:11:10;;Souscription en cours;Choix de l'offre et livraison;830.23
4932;28/05/2026 21:11:10;;Souscription en cours;Choix de l'offre et livraison;187.70
4933;28/05/2026 21:07:40;;Dossier validé;Parcours terminé;166.16
4934;28/05/2026 21:07:40;;Dossier validé;Parcours terminé;336.51
4935;28/05/2026 20:45:15;;Dossier validé;Parcours terminé;860.30
4936;28/05/2026 20:45:15;;Dossier validé;Parcours terminé;828.09
4937;28/05/2026 20:40:45;;Souscription en cours;Coordonnées personnelles;576.67
4938;28/05/2026 20:40:45;;Souscription en cours;Coordonnées personnelles;463.08
4939;28/05/2026 20:39:39;;Dossier validé;Parcours terminé;538.84
4940;28/05/2026 20:39:39;;Dossier validé;Parcours terminé;571.92
4941;28/05/2026 20:09:23;;Souscription en cours;Coordonnées personnelles;235.55
4942;28/05/2026 20:09:23;;Souscription en cours;Coordonnées personnelles;226.16
4943;28/05/2026 20:07:10;;Souscription en cours;Choix de l'offre et livraison;152.83
4944;28/05/2026 20:07:10;;Souscription en cours;Choix de l'offre et livraison;992.59
4945;28/05/2026 20:02:33;;Dossier refusé;Saisie société;768.31
4946;28/05/2026 20:02:33;;Dossier refusé;Saisie société;874.96
4947;28/05/2026 19:42:38;;En attente d'analyse Agent - Dossier avec erreurs;Signature Contrat;155.27
4948;28/05/2026 19:42:38;;En attente d'analyse Agent - Dossier avec erreurs;Signature Contrat;212.41
4949;28/05/2026 19:40:54;;Dossier validé;Parcours terminé;814.95
4950;28/05/2026 19:40:54;;Dossier validé;Parcours terminé;999.26
4951;28/05/2026 19:33:16;;Dossier validé;Parcours terminé;278.79
4952;28/05/2026 19:33:16;;Dossier validé;Parcours terminé;485.96
4953;28/05/2026 19:32:22;;Dossier validé;Parcours terminé;253.28
4954;28/05/2026 19:32:22;;Dossier validé;Parcours terminé;211.70
4955;28/05/2026 19:27:27;;Dossier validé;Parcours terminé;855.30
4956;28/05/2026 19:27:27;;Dossier validé;Parcours terminé;884.81
4957;28/05/2026 19:27:10;;Souscription en cours;Coordonnées personnelles;493.86
4958;28/05/2026 19:27:10;;Souscription en cours;Coordonnées personnelles;412.42
4959;28/05/2026 19:20:16;;Souscription en cours;Coordonnées personnelles;508.18
4960;28/05/2026 19:20:16;;Souscription en cours;Coordonnées personnelles;143.67
4961;28/05/2026 19:17:20;;Dossier validé;Parcours terminé;919.37
4962;28/05/2026 19:17:20;;Dossier validé;Parcours terminé;766.95
4963;28/05/2026 19:05:17;;Dossier validé;Parcours terminé;171.11
4964;28/05/2026 19:05:17;;Dossier validé;Parcours terminé;998.03
4965;28/05/2026 18:57:15;;Dossier validé;Parcours terminé;743.71
4966;28/05/2026 18:57:15;;Dossier validé;Parcours terminé;688.34
4967;28/05/2026 18:57:06;;Dossier validé;Parcours terminé;736.79
4968;28/05/2026 18:57:06;;Dossier validé;Parcours terminé;683.69
4969;28/05/2026 18:46:50;;Dossier validé;Parcours terminé;629.24
4970;28/05/2026 18:46:50;;Dossier validé;Parcours terminé;291.69
4971;28/05/2026 18:37:09;;En attente d'analyse Agent - Dossier avec erreurs;Signature Contrat;935.13
4972;28/05/2026 18:37:09;;En attente d'analyse Agent - Dossier avec erreurs;Signature Contrat;630.47
4973;28/05/2026 18:27:33;Z5750800;Dossier validé;Parcours terminé;760.61
4974;28/05/2026 18:27:33;Z5750800;Dossier validé;Parcours terminé;932.40
4975;28/05/2026 18:24:26;;Dossier refusé;Saisie société;470.72
4976;28/05/2026 18:24:26;;Dossier refusé;Saisie société;417.43
4977;28/05/2026 18:23:23;;Souscription non démarrée;Parcours non démarré;427.97
4978;28/05/2026 18:23:23;;Souscription non démarrée;Parcours non démarré;528.63
4979;28/05/2026 17:37:30;;Souscription en cours;Coordonnées personnelles;388.37
4980;28/05/2026 17:37:30;;Souscription en cours;Coordonnées personnelles;777.71
4981;28/05/2026 17:28:12;;Souscription non démarrée;Parcours non démarré;665.15
4982;28/05/2026 17:28:12;;Souscription non démarrée;Parcours non démarré;161.83
4983;28/05/2026 17:27:44;;Dossier validé;Parcours terminé;272.25
4984;28/05/2026 17:27:44;;Dossier validé;Parcours terminé;326.22
4985;28/05/2026 17:17:54;;Souscription non démarrée;Parcours non démarré;388.47
4986;28/05/2026 17:17:54;;Souscription non démarrée;Parcours non démarré;538.53
4987;28/05/2026 17:15:20;;En attente d'analyse Agent - Dossier avec erreurs;Signature Contrat;981.79
4988;28/05/2026 17:15:20;;En attente d'analyse Agent - Dossier avec erreurs;Signature Contrat;275.53
4989;28/05/2026 17:14:50;;Dossier validé;Parcours terminé;327.21
4990;28/05/2026 17:14:50;;Dossier validé;Parcours terminé;922.19
4991;28/05/2026 17:04:05;;Dossier validé;Parcours terminé;188.22
4992;28/05/2026 17:04:05;;Dossier validé;Parcours terminé;895.32
4993;28/05/2026 16:58:02;;Dossier refusé;Saisie société;891.70
4994;28/05/2026 16:58:02;;Dossier refusé;Saisie société;465.20
4995;28/05/2026 16:56:44;;Souscription en cours;Vérification d'identité;567.97
4996;28/05/2026 16:56:44;;Souscription en cours;Vérification d'identité;451.90
4997;28/05/2026 16:54:52;;Souscription en cours;Signature Contrat;911.18
4998;28/05/2026 16:54:52;;Souscription en cours;Signature Contrat;368.96
4999;28/05/2026 16:48:56;;Dossier refusé;Saisie société;790.80
5000;28/05/2026 16:48:56;;Dossier refusé;Saisie société;156.03
5001;28/05/2026 16:42:05;;Souscription en cours;Coordonnées personnelles;259.60
5002;28/05/2026 16:42:05;;Souscription en cours;Coordonnées personnelles;716.89
5003;28/05/2026 16:39:17;;Dossier validé;Parcours terminé;744.45
5004;28/05/2026 16:39:17;;Dossier validé;Parcours terminé;525.58
5005;28/05/2026 16:34:39;;Dossier validé;Parcours terminé;714.14
5006;28/05/2026 16:34:39;;Dossier validé;Parcours terminé;815.23
5007;28/05/2026 16:29:45;;Souscription non démarrée;Parcours non démarré;703.27
5008;28/05/2026 16:29:45;;Souscription non démarrée;Parcours non démarré;447.23
5009;28/05/2026 16:25:15;;Souscription non démarrée;Parcours non démarré;171.30
5010;28/05/2026 16:25:15;;Souscription non démarrée;Parcours non démarré;541.51
5011;28/05/2026 16:23:06;;Dossier validé;Parcours terminé;415.36
5012;28/05/2026 16:23:06;;Dossier validé;Parcours terminé;371.17
5013;28/05/2026 16:21:21;;Souscription en cours;Signature Contrat;797.87
5014;28/05/2026 16:21:21;;Souscription en cours;Signature Contrat;529.70
5015;28/05/2026 16:19:37;;Dossier validé;Parcours terminé;411.02
5016;28/05/2026 16:19:37;;Dossier validé;Parcours terminé;159.20
5017;28/05/2026 16:11:32;;Souscription en cours;Choix de l'offre et livraison;850.81
5018;28/05/2026 16:11:32;;Souscription en cours;Choix de l'offre et livraison;609.91
5019;28/05/2026 16:08:16;;Dossier validé;Parcours terminé;254.05
5020;28/05/2026 16:08:16;;Dossier validé;Parcours terminé;802.49
5021;28/05/2026 15:58:50;;Dossier validé;Parcours terminé;488.26
5022;28/05/2026 15:58:50;;Dossier validé;Parcours terminé;475.29
5023;28/05/2026 15:57:43;;Souscription non démarrée;Parcours non démarré;445.57
5024;28/05/2026 15:57:43;;Souscription non démarrée;Parcours non démarré;528.27
5025;28/05/2026 15:53:36;;Souscription en cours;Coordonnées personnelles;767.70
5026;28/05/2026 15:53:36;;Souscription en cours;Coordonnées personnelles;636.42
5027;28/05/2026 15:53:08;;Dossier validé;Parcours terminé;384.20
5028;28/05/2026 15:53:08;;Dossier validé;Parcours terminé;299.21
5029;28/05/2026 15:50:36;;Souscription en cours;Signature Contrat;546.79
5030;28/05/2026 15:50:36;;Souscription en cours;Signature Contrat;153.64
5031;28/05/2026 15:49:29;;Dossier validé;Parcours terminé;517.55
5032;28/05/2026 15:49:29;;Dossier validé;Parcours terminé;647.43
5033;28/05/2026 15:47:36;;Souscription en cours;Informations complémentaires (CA, Profession, etc.);492.09
5034;28/05/2026 15:47:36;;Souscription en cours;Informations complémentaires (CA, Profession, etc.);587.77
5035;28/05/2026 15:39:34;;En attente d'analyse Agent - Dossier avec erreurs;Signature Contrat;448.97
5036;28/05/2026 15:39:34;;En attente d'analyse Agent - Dossier avec erreurs;Signature Contrat;354.03
5037;28/05/2026 15:36:15;;Souscription en cours;Informations complémentaires (CA, Profession, etc.);745.96
5038;28/05/2026 15:36:15;;Souscription en cours;Informations complémentaires (CA, Profession, etc.);472.27
5039;28/05/2026 15:33:57;Inès MICHEL;Dossier refusé;Saisie société;908.28
5040;28/05/2026 15:33:57;Inès MICHEL;Dossier refusé;Saisie société;708.06
5041;28/05/2026 15:28:42;;Souscription en cours;Coordonnées personnelles;597.44
5042;28/05/2026 15:28:42;;Souscription en cours;Coordonnées personnelles;132.29
5043;28/05/2026 15:27:21;;Souscription en cours;Bénéficiaire effectifs;264.70
5044;28/05/2026 15:27:21;;Souscription en cours;Bénéficiaire effectifs;798.63
5045;28/05/2026 15:16:37;;Souscription non démarrée;Parcours non démarré;694.19
5046;28/05/2026 15:16:37;;Souscription non démarrée;Parcours non démarré;524.51
5047;28/05/2026 15:12:59;Hugo MARTIN;Dossier validé;Parcours terminé;817.76
5048;28/05/2026 15:12:59;Hugo MARTIN;Dossier validé;Parcours terminé;345.83
5049;28/05/2026 15:07:18;;Souscription non démarrée;Parcours non démarré;444.51
5050;28/05/2026 15:07:18;;Souscription non démarrée;Parcours non démarré;824.38
5051;28/05/2026 15:06:23;;Dossier validé;Parcours terminé;514.04
5052;28/05/2026 15:06:23;;Dossier validé;Parcours terminé;298.98
5053;28/05/2026 15:00:06;;Souscription non démarrée;Parcours non démarré;309.99
5054;28/05/2026 15:00:06;;Souscription non démarrée;Parcours non démarré;387.54
5055;28/05/2026 14:56:00;;Souscription en cours;Coordonnées personnelles;992.93
5056;28/05/2026 14:56:00;;Souscription en cours;Coordonnées personnelles;765.59
5057;28/05/2026 14:46:56;Z5750800;Dossier validé;Parcours terminé;693.00
5058;28/05/2026 14:46:56;Z5750800;Dossier validé;Parcours terminé;750.74
5059;28/05/2026 14:36:40;;Dossier refusé;Saisie société;701.37
5060;28/05/2026 14:36:40;;Dossier refusé;Saisie société;437.17
5061;28/05/2026 14:33:25;;Dossier validé;Parcours terminé;133.93
5062;28/05/2026 14:33:25;;Dossier validé;Parcours terminé;254.82
5063;28/05/2026 14:29:59;;Dossier validé;Parcours terminé;734.23
5064;28/05/2026 14:29:59;;Dossier validé;Parcours terminé;218.26
5065;28/05/2026 14:26:19;;Souscription en cours;Synchronisation référentiel personne NOVA;782.30
5066;28/05/2026 14:26:19;;Souscription en cours;Synchronisation référentiel personne NOVA;613.90
5067;28/05/2026 14:17:18;;Dossier refusé;Saisie société;773.39
5068;28/05/2026 14:17:18;;Dossier refusé;Saisie société;251.39
5069;28/05/2026 14:14:29;;Dossier validé;Parcours terminé;114.15
5070;28/05/2026 14:14:29;;Dossier validé;Parcours terminé;441.82
5071;28/05/2026 14:11:38;;Dossier validé;Parcours terminé;235.74
5072;28/05/2026 14:11:38;;Dossier validé;Parcours terminé;338.75
5073;28/05/2026 14:02:45;;Souscription en cours;Signature Contrat;777.07
5074;28/05/2026 14:02:45;;Souscription en cours;Signature Contrat;807.80
5075;28/05/2026 13:55:47;;Souscription non démarrée;Parcours non démarré;486.18
5076;28/05/2026 13:55:47;;Souscription non démarrée;Parcours non démarré;757.97
5077;28/05/2026 13:48:39;;Souscription en cours;Coordonnées personnelles;762.05
5078;28/05/2026 13:48:39;;Souscription en cours;Coordonnées personnelles;464.47
5079;28/05/2026 13:45:43;;Souscription en cours;Coordonnées personnelles;941.53
5080;28/05/2026 13:45:43;;Souscription en cours;Coordonnées personnelles;665.74
5081;28/05/2026 13:44:47;;Souscription en cours;Coordonnées personnelles;853.75
5082;28/05/2026 13:44:47;;Souscription en cours;Coordonnées personnelles;724.69
5083;28/05/2026 13:16:21;;Dossier validé;Parcours terminé;941.99
5084;28/05/2026 13:16:21;;Dossier validé;Parcours terminé;595.25
5085;28/05/2026 13:16:18;;Dossier validé;Parcours terminé;330.40
5086;28/05/2026 13:16:18;;Dossier validé;Parcours terminé;324.79
5087;28/05/2026 13:16:07;;Dossier refusé;Synchronisation référentiel personne NOVA;873.92
5088;28/05/2026 13:16:07;;Dossier refusé;Synchronisation référentiel personne NOVA;921.07
5089;28/05/2026 13:03:50;;Souscription en cours;Choix de l'offre et livraison;932.73
5090;28/05/2026 13:03:50;;Souscription en cours;Choix de l'offre et livraison;559.23
5091;28/05/2026 13:03:19;;Souscription en cours;Criblages BE(s);515.73
5092;28/05/2026 13:03:19;;Souscription en cours;Criblages BE(s);489.21
5093;28/05/2026 13:02:19;;Dossier validé;Parcours terminé;856.75
5094;28/05/2026 13:02:19;;Dossier validé;Parcours terminé;341.61
5095;28/05/2026 12:52:53;;Dossier validé;Parcours terminé;304.97
5096;28/05/2026 12:52:53;;Dossier validé;Parcours terminé;768.97
5097;28/05/2026 12:51:39;;Souscription en cours;Coordonnées personnelles;179.63
5098;28/05/2026 12:51:39;;Souscription en cours;Coordonnées personnelles;661.38
5099;28/05/2026 12:48:40;Hugo MARTIN;Dossier validé;Parcours terminé;520.84
5100;28/05/2026 12:48:40;Hugo MARTIN;Dossier validé;Parcours terminé;144.68
5101;28/05/2026 12:48:39;;Dossier refusé;Saisie société;937.47
5102;28/05/2026 12:48:39;;Dossier refusé;Saisie société;732.38
5103;28/05/2026 12:48:13;;Dossier validé;Parcours terminé;466.72
5104;28/05/2026 12:48:13;;Dossier validé;Parcours terminé;927.68
5105;28/05/2026 12:47:22;;Souscription non démarrée;Parcours non démarré;396.33
5106;28/05/2026 12:47:22;;Souscription non démarrée;Parcours non démarré;162.90
5107;28/05/2026 12:46:58;;Dossier validé;Parcours terminé;558.87
5108;28/05/2026 12:46:58;;Dossier validé;Parcours terminé;670.64
5109;28/05/2026 12:46:25;;Dossier validé;Parcours terminé;645.25
5110;28/05/2026 12:46:25;;Dossier validé;Parcours terminé;164.27
5111;28/05/2026 12:35:04;;Dossier refusé;Signature Contrat;287.78
5112;28/05/2026 12:35:04;;Dossier refusé;Signature Contrat;283.69
5113;28/05/2026 12:33:20;;Dossier validé;Parcours terminé;391.28
5114;28/05/2026 12:33:20;;Dossier validé;Parcours terminé;972.50
5115;28/05/2026 12:31:19;;Dossier refusé;Saisie société;551.40
5116;28/05/2026 12:31:19;;Dossier refusé;Saisie société;298.03
5117;28/05/2026 12:30:56;;Souscription en cours;Vérification d'identité;626.27
5118;28/05/2026 12:30:56;;Souscription en cours;Vérification d'identité;873.99
5119;28/05/2026 12:25:14;;Dossier refusé;Signature Contrat;792.87
5120;28/05/2026 12:25:14;;Dossier refusé;Signature Contrat;568.33
5121;28/05/2026 12:19:04;;Dossier validé;Parcours terminé;138.22
5122;28/05/2026 12:19:04;;Dossier validé;Parcours terminé;714.85
5123;28/05/2026 12:11:33;;Souscription en cours;Choix de l'offre et livraison;182.65
5124;28/05/2026 12:11:33;;Souscription en cours;Choix de l'offre et livraison;982.32
5125;28/05/2026 12:05:22;;Dossier validé;Parcours terminé;311.40
5126;28/05/2026 12:05:22;;Dossier validé;Parcours terminé;496.09
5127;28/05/2026 12:01:24;;Souscription non démarrée;Parcours non démarré;149.68
5128;28/05/2026 12:01:24;;Souscription non démarrée;Parcours non démarré;899.87
5129;28/05/2026 11:57:05;;Souscription en cours;Informations complémentaires (Etablissements, etc.);613.76
5130;28/05/2026 11:57:05;;Souscription en cours;Informations complémentaires (Etablissements, etc.);246.36
5131;28/05/2026 11:55:26;;Souscription en cours;Vérification d'identité;637.27
5132;28/05/2026 11:55:26;;Souscription en cours;Vérification d'identité;383.08
5133;28/05/2026 11:50:25;;Dossier validé;Parcours terminé;271.84
5134;28/05/2026 11:50:25;;Dossier validé;Parcours terminé;699.56
5135;28/05/2026 11:46:38;;Souscription en cours;Synchronisation référentiel personne NOVA;574.29
5136;28/05/2026 11:46:38;;Souscription en cours;Synchronisation référentiel personne NOVA;202.85
5137;28/05/2026 11:40:48;;Souscription en cours;Signature Contrat;418.43
5138;28/05/2026 11:40:48;;Souscription en cours;Signature Contrat;457.21
5139;28/05/2026 11:34:09;;Dossier validé;Parcours terminé;882.72
5140;28/05/2026 11:34:09;;Dossier validé;Parcours terminé;864.49
5141;28/05/2026 11:23:46;;Souscription en cours;Coordonnées personnelles;741.34
5142;28/05/2026 11:23:46;;Souscription en cours;Coordonnées personnelles;212.87
5143;28/05/2026 11:23:16;;Dossier refusé;Informations complémentaires (Etablissements, etc.);798.43
5144;28/05/2026 11:23:16;;Dossier refusé;Informations complémentaires (Etablissements, etc.);311.14
5145;28/05/2026 11:09:47;Adam LAURENT;Dossier validé;Parcours terminé;720.24
5146;28/05/2026 11:09:47;Adam LAURENT;Dossier validé;Parcours terminé;106.97
5147;28/05/2026 11:09:45;;Souscription en cours;Coordonnées personnelles;661.76
5148;28/05/2026 11:09:45;;Souscription en cours;Coordonnées personnelles;561.65
5149;28/05/2026 10:59:11;;Souscription en cours;Coordonnées personnelles;381.11
5150;28/05/2026 10:59:11;;Souscription en cours;Coordonnées personnelles;361.37
5151;28/05/2026 10:58:58;;Souscription en cours;Coordonnées personnelles;311.19
5152;28/05/2026 10:58:58;;Souscription en cours;Coordonnées personnelles;924.83
5153;28/05/2026 10:52:57;;Dossier validé;Parcours terminé;726.65
5154;28/05/2026 10:52:57;;Dossier validé;Parcours terminé;971.79
5155;28/05/2026 10:47:12;;Dossier validé;Parcours terminé;801.19
5156;28/05/2026 10:47:12;;Dossier validé;Parcours terminé;775.76
5157;28/05/2026 10:46:22;;Dossier validé;Parcours terminé;699.84
5158;28/05/2026 10:46:22;;Dossier validé;Parcours terminé;112.15
5159;28/05/2026 10:45:31;Manon LEFEBVRE;Dossier validé;Parcours terminé;776.52
5160;28/05/2026 10:45:31;Manon LEFEBVRE;Dossier validé;Parcours terminé;354.79
5161;28/05/2026 10:41:36;;Souscription en cours;Vérification d'identité;407.44
5162;28/05/2026 10:41:36;;Souscription en cours;Vérification d'identité;415.86
5163;28/05/2026 10:40:45;;Souscription en cours;Signature Contrat;470.14
5164;28/05/2026 10:40:45;;Souscription en cours;Signature Contrat;249.11
5165;28/05/2026 10:38:48;;Souscription en cours;Synchronisation référentiel personne NOVA;218.99
5166;28/05/2026 10:38:48;;Souscription en cours;Synchronisation référentiel personne NOVA;660.38
5167;28/05/2026 10:35:24;;Souscription en cours;Informations complémentaires (Etablissements, etc.);730.75
5168;28/05/2026 10:35:24;;Souscription en cours;Informations complémentaires (Etablissements, etc.);388.41
5169;28/05/2026 10:35:00;;Dossier refusé;Parcours terminé;497.43
5170;28/05/2026 10:35:00;;Dossier refusé;Parcours terminé;704.27
5171;28/05/2026 10:34:40;;Dossier validé;Parcours terminé;732.31
5172;28/05/2026 10:34:40;;Dossier validé;Parcours terminé;466.75
5173;28/05/2026 10:34:02;;Souscription en cours;Choix de l'offre et livraison;420.47
5174;28/05/2026 10:34:02;;Souscription en cours;Choix de l'offre et livraison;794.30
5175;28/05/2026 10:32:56;Louis MARTIN;Dossier validé;Parcours terminé;301.69
5176;28/05/2026 10:32:56;Louis MARTIN;Dossier validé;Parcours terminé;924.23
5177;28/05/2026 10:26:59;;Dossier validé;Parcours terminé;815.50
5178;28/05/2026 10:26:59;;Dossier validé;Parcours terminé;402.29
5179;28/05/2026 10:26:50;;Souscription non démarrée;Parcours non démarré;662.25
5180;28/05/2026 10:26:50;;Souscription non démarrée;Parcours non démarré;895.08
5181;28/05/2026 10:12:29;Hugo MARTIN;Dossier validé;Parcours terminé;358.31
5182;28/05/2026 10:12:29;Hugo MARTIN;Dossier validé;Parcours terminé;598.48
5183;28/05/2026 10:10:47;;Dossier validé;Parcours terminé;477.79
5184;28/05/2026 10:10:47;;Dossier validé;Parcours terminé;918.64
5185;28/05/2026 10:06:11;;Souscription en cours;Vérification d'identité;386.85
5186;28/05/2026 10:06:11;;Souscription en cours;Vérification d'identité;500.61
5187;28/05/2026 10:02:36;;Souscription en cours;Choix de l'offre et livraison;956.01
5188;28/05/2026 10:02:36;;Souscription en cours;Choix de l'offre et livraison;732.85
5189;28/05/2026 09:50:50;;Souscription en cours;Coordonnées personnelles;702.69
5190;28/05/2026 09:50:50;;Souscription en cours;Coordonnées personnelles;462.05
5191;28/05/2026 09:48:58;;Souscription en cours;Coordonnées personnelles;990.51
5192;28/05/2026 09:48:58;;Souscription en cours;Coordonnées personnelles;942.12
5193;28/05/2026 09:46:46;;Souscription en cours;Choix de l'offre et livraison;217.85
5194;28/05/2026 09:46:46;;Souscription en cours;Choix de l'offre et livraison;965.14
5195;28/05/2026 09:39:54;Adam LAURENT;Dossier validé;Parcours terminé;486.38
5196;28/05/2026 09:39:54;Adam LAURENT;Dossier validé;Parcours terminé;656.72
5197;28/05/2026 09:39:01;;Dossier validé;Parcours terminé;394.69
5198;28/05/2026 09:39:01;;Dossier validé;Parcours terminé;871.02
5199;28/05/2026 09:33:43;;Souscription en cours;Coordonnées personnelles;191.99
5200;28/05/2026 09:33:43;;Souscription en cours;Coordonnées personnelles;375.57
5201;28/05/2026 09:33:03;;Dossier refusé;Signature Contrat;818.13
5202;28/05/2026 09:33:03;;Dossier refusé;Signature Contrat;593.44
5203;28/05/2026 09:32:13;;Dossier validé;Parcours terminé;463.35
5204;28/05/2026 09:32:13;;Dossier validé;Parcours terminé;181.76
5205;28/05/2026 09:29:03;;Dossier validé;Parcours terminé;986.41
5206;28/05/2026 09:29:03;;Dossier validé;Parcours terminé;621.30
5207;28/05/2026 09:25:33;;Dossier validé;Parcours terminé;277.74
5208;28/05/2026 09:25:33;;Dossier validé;Parcours terminé;258.33
5209;28/05/2026 09:18:39;;Dossier validé;Parcours terminé;780.34
5210;28/05/2026 09:18:39;;Dossier validé;Parcours terminé;671.25
5211;28/05/2026 09:14:24;;Dossier refusé;Informations complémentaires (Etablissements, etc.);553.64
5212;28/05/2026 09:14:24;;Dossier refusé;Informations complémentaires (Etablissements, etc.);306.19
5213;28/05/2026 09:11:11;;En attente d'analyse Agent - Dossier avec erreurs;Signature Contrat;229.21
5214;28/05/2026 09:11:11;;En attente d'analyse Agent - Dossier avec erreurs;Signature Contrat;785.55
5215;28/05/2026 09:08:50;;Dossier refusé;Saisie société;702.91
5216;28/05/2026 09:08:50;;Dossier refusé;Saisie société;110.64
5217;28/05/2026 09:06:53;;Souscription en cours;Signature Contrat;877.53
5218;28/05/2026 09:06:53;;Souscription en cours;Signature Contrat;258.81
5219;28/05/2026 09:01:00;;Dossier refusé;Informations complémentaires (CA, Profession, etc.);259.53
5220;28/05/2026 09:01:00;;Dossier refusé;Informations complémentaires (CA, Profession, etc.);165.04
5221;28/05/2026 08:25:26;;Souscription en cours;Coordonnées personnelles;276.96
5222;28/05/2026 08:25:26;;Souscription en cours;Coordonnées personnelles;812.07
5223;28/05/2026 08:15:31;;Souscription en cours;Vérification d'identité;344.18
5224;28/05/2026 08:15:31;;Souscription en cours;Vérification d'identité;641.71
5225;28/05/2026 08:14:13;;Souscription non démarrée;Parcours non démarré;935.72
5226;28/05/2026 08:14:13;;Souscription non démarrée;Parcours non démarré;319.87
5227;28/05/2026 07:50:19;;Souscription en cours;Choix de l'offre et livraison;540.36
5228;28/05/2026 07:50:19;;Souscription en cours;Choix de l'offre et livraison;698.35
5229;28/05/2026 07:38:16;;Dossier validé;Parcours terminé;409.30
5230;28/05/2026 07:38:16;;Dossier validé;Parcours terminé;134.52
5231;28/05/2026 06:33:57;;Souscription en cours;Criblages BE(s);894.83
5232;28/05/2026 06:33:57;;Souscription en cours;Criblages BE(s);351.90
5233;28/05/2026 04:46:09;;Souscription non démarrée;Parcours non démarré;121.85
5234;28/05/2026 04:46:09;;Souscription non démarrée;Parcours non démarré;887.02
5235;28/05/2026 04:35:08;;Souscription en cours;Signature Contrat;818.26
5236;28/05/2026 04:35:08;;Souscription en cours;Signature Contrat;341.97
5237;28/05/2026 02:41:07;;Souscription en cours;Vérification d'identité;504.97
5238;28/05/2026 02:41:07;;Souscription en cours;Vérification d'identité;334.68
5239;28/05/2026 02:23:10;;Dossier validé;Parcours terminé;844.57
5240;28/05/2026 02:23:10;;Dossier validé;Parcours terminé;386.71
5241;28/05/2026 02:08:07;;Dossier validé;Parcours terminé;958.68
5242;28/05/2026 02:08:07;;Dossier validé;Parcours terminé;954.48
5243;28/05/2026 01:30:42;;Dossier validé;Parcours terminé;765.75
5244;28/05/2026 01:30:42;;Dossier validé;Parcours terminé;743.19
5245;28/05/2026 01:10:45;;Souscription en cours;Vérification d'identité;868.81
5246;28/05/2026 01:10:45;;Souscription en cours;Vérification d'identité;380.64
5247;28/05/2026 01:09:00;Hugo MARTIN;Dossier validé;Parcours terminé;572.17
5248;28/05/2026 01:09:00;Hugo MARTIN;Dossier validé;Parcours terminé;490.63
5249;28/05/2026 00:53:44;;Souscription en cours;Choix de l'offre et livraison;699.17
5250;28/05/2026 00:53:44;;Souscription en cours;Choix de l'offre et livraison;304.60
5251;28/05/2026 00:00:56;;Dossier validé;Parcours terminé;749.32
5252;28/05/2026 00:00:56;;Dossier validé;Parcours terminé;359.25
5253;27/05/2026 23:51:44;;Souscription en cours;Synchronisation référentiel personne NOVA;424.61
5254;27/05/2026 23:51:44;;Souscription en cours;Synchronisation référentiel personne NOVA;532.64
5255;27/05/2026 23:48:42;;Souscription en cours;Vérification d'identité;252.81
5256;27/05/2026 23:48:42;;Souscription en cours;Vérification d'identité;789.85
5257;27/05/2026 23:43:08;;Souscription en cours;Vérification d'identité;837.28
5258;27/05/2026 23:43:08;;Souscription en cours;Vérification d'identité;987.88
5259;27/05/2026 23:16:52;;Dossier validé;Parcours terminé;114.05
5260;27/05/2026 23:16:52;;Dossier validé;Parcours terminé;329.40
5261;27/05/2026 23:08:52;;Souscription en cours;Coordonnées personnelles;703.39
5262;27/05/2026 23:08:52;;Souscription en cours;Coordonnées personnelles;522.73
5263;27/05/2026 22:45:28;;Dossier validé;Parcours terminé;202.19
5264;27/05/2026 22:45:28;;Dossier validé;Parcours terminé;711.90
5265;27/05/2026 22:45:18;;Souscription en cours;Coordonnées personnelles;827.03
5266;27/05/2026 22:45:18;;Souscription en cours;Coordonnées personnelles;417.04
5267;27/05/2026 22:38:42;;Dossier refusé;Saisie société;716.46
5268;27/05/2026 22:38:42;;Dossier refusé;Saisie société;243.03
5269;27/05/2026 22:24:21;;Souscription en cours;Informations complémentaires (Etablissements, etc.);130.74
5270;27/05/2026 22:24:21;;Souscription en cours;Informations complémentaires (Etablissements, etc.);774.32
5271;27/05/2026 22:24:09;;Dossier validé;Parcours terminé;793.69
5272;27/05/2026 22:24:09;;Dossier validé;Parcours terminé;730.21
5273;27/05/2026 22:12:46;;Souscription en cours;Coordonnées personnelles;650.80
5274;27/05/2026 22:12:46;;Souscription en cours;Coordonnées personnelles;516.68
5275;27/05/2026 22:08:06;;Souscription en cours;Coordonnées personnelles;514.59
5276;27/05/2026 22:08:06;;Souscription en cours;Coordonnées personnelles;893.89
5277;27/05/2026 22:01:49;;Dossier validé;Parcours terminé;177.20
5278;27/05/2026 22:01:49;;Dossier validé;Parcours terminé;937.73
5279;27/05/2026 21:57:38;Rayan MICHEL;Dossier refusé;Saisie société;849.15
5280;27/05/2026 21:57:38;Rayan MICHEL;Dossier refusé;Saisie société;385.59
5281;27/05/2026 21:54:25;;Souscription en cours;Choix de l'offre et livraison;464.22
5282;27/05/2026 21:54:25;;Souscription en cours;Choix de l'offre et livraison;704.68
5283;27/05/2026 21:41:43;;Dossier validé;Parcours terminé;727.25
5284;27/05/2026 21:41:43;;Dossier validé;Parcours terminé;845.49
5285;27/05/2026 21:39:53;;Dossier validé;Parcours terminé;337.01
5286;27/05/2026 21:39:53;;Dossier validé;Parcours terminé;768.66
5287;27/05/2026 21:27:10;;Souscription en cours;Coordonnées personnelles;961.47
5288;27/05/2026 21:27:10;;Souscription en cours;Coordonnées personnelles;442.83
5289;27/05/2026 21:24:29;;Souscription en cours;Coordonnées personnelles;703.20
5290;27/05/2026 21:24:29;;Souscription en cours;Coordonnées personnelles;864.53
5291;27/05/2026 21:23:07;;Souscription en cours;Vérification d'identité;833.52
5292;27/05/2026 21:23:07;;Souscription en cours;Vérification d'identité;848.95
5293;27/05/2026 21:02:45;;Dossier validé;Parcours terminé;791.51
5294;27/05/2026 21:02:45;;Dossier validé;Parcours terminé;360.26
5295;27/05/2026 21:01:44;;Souscription en cours;Signature Contrat;732.32
5296;27/05/2026 21:01:44;;Souscription en cours;Signature Contrat;854.83
5297;27/05/2026 20:59:16;;Dossier validé;Parcours terminé;852.68
5298;27/05/2026 20:59:16;;Dossier validé;Parcours terminé;882.46
5299;27/05/2026 20:56:06;;En attente d'analyse Agent - Dossier avec erreurs;Signature Contrat;751.43
5300;27/05/2026 20:56:06;;En attente d'analyse Agent - Dossier avec erreurs;Signature Contrat;121.47
5301;27/05/2026 20:54:38;;Dossier validé;Parcours terminé;937.97
5302;27/05/2026 20:54:38;;Dossier validé;Parcours terminé;430.14
5303;27/05/2026 20:54:34;;Dossier validé;Parcours terminé;701.68
5304;27/05/2026 20:54:34;;Dossier validé;Parcours terminé;258.23
5305;27/05/2026 20:52:50;;Dossier refusé;Signature Contrat;620.12
5306;27/05/2026 20:52:50;;Dossier refusé;Signature Contrat;914.88
5307;27/05/2026 20:45:50;;Souscription en cours;Informations complémentaires (Etablissements, etc.);913.39
5308;27/05/2026 20:45:50;;Souscription en cours;Informations complémentaires (Etablissements, etc.);807.64
5309;27/05/2026 20:38:33;;Souscription en cours;Informations complémentaires (CA, Profession, etc.);483.72
5310;27/05/2026 20:38:33;;Souscription en cours;Informations complémentaires (CA, Profession, etc.);103.30
5311;27/05/2026 20:37:51;;Dossier validé;Parcours terminé;871.23
5312;27/05/2026 20:37:51;;Dossier validé;Parcours terminé;806.44
5313;27/05/2026 20:31:25;;Souscription en cours;Coordonnées personnelles;542.40
5314;27/05/2026 20:31:25;;Souscription en cours;Coordonnées personnelles;930.14
5315;27/05/2026 20:21:20;;Souscription en cours;Coordonnées personnelles;397.96
5316;27/05/2026 20:21:20;;Souscription en cours;Coordonnées personnelles;686.75
5317;27/05/2026 20:15:19;;Dossier validé;Parcours terminé;919.08
5318;27/05/2026 20:15:19;;Dossier validé;Parcours terminé;110.47
5319;27/05/2026 20:03:36;;Dossier validé;Parcours terminé;418.77
5320;27/05/2026 20:03:36;;Dossier validé;Parcours terminé;219.70
5321;27/05/2026 20:00:17;;En attente d'analyse Agent - Dossier avec erreurs;Signature Contrat;314.82
5322;27/05/2026 20:00:17;;En attente d'analyse Agent - Dossier avec erreurs;Signature Contrat;682.17
5323;27/05/2026 19:56:03;Adam LAURENT;Dossier validé;Parcours terminé;816.16
5324;27/05/2026 19:56:03;Adam LAURENT;Dossier validé;Parcours terminé;778.89
5325;27/05/2026 19:54:53;;Dossier validé;Parcours terminé;980.81
5326;27/05/2026 19:54:53;;Dossier validé;Parcours terminé;601.55
5327;27/05/2026 19:51:20;;En attente d'analyse Agent - Dossier avec erreurs;Signature Contrat;635.87
5328;27/05/2026 19:51:20;;En attente d'analyse Agent - Dossier avec erreurs;Signature Contrat;802.15
5329;27/05/2026 19:40:39;;Dossier validé;Parcours terminé;199.99
5330;27/05/2026 19:40:39;;Dossier validé;Parcours terminé;321.39
5331;27/05/2026 19:37:09;;Souscription en cours;Coordonnées personnelles;855.52
5332;27/05/2026 19:37:09;;Souscription en cours;Coordonnées personnelles;117.53
5333;27/05/2026 19:36:25;;Dossier validé;Parcours terminé;508.16
5334;27/05/2026 19:36:25;;Dossier validé;Parcours terminé;915.46
5335;27/05/2026 19:25:59;;Dossier refusé;Saisie société;546.23
5336;27/05/2026 19:25:59;;Dossier refusé;Saisie société;533.94
5337;27/05/2026 19:20:49;;Dossier validé;Parcours terminé;908.18
5338;27/05/2026 19:20:49;;Dossier validé;Parcours terminé;400.82
5339;27/05/2026 19:14:04;;Dossier refusé;Saisie société;573.62
5340;27/05/2026 19:14:04;;Dossier refusé;Saisie société;657.11
5341;27/05/2026 19:13:29;;Dossier validé;Parcours terminé;178.43
5342;27/05/2026 19:13:29;;Dossier validé;Parcours terminé;982.91
5343;27/05/2026 19:11:08;;Dossier validé;Parcours terminé;563.35
5344;27/05/2026 19:11:08;;Dossier validé;Parcours terminé;339.33
5345;27/05/2026 18:55:29;;Dossier validé;Parcours terminé;849.65
5346;27/05/2026 18:55:29;;Dossier validé;Parcours terminé;625.74
5347;27/05/2026 18:47:26;;Dossier validé;Parcours terminé;807.31
5348;27/05/2026 18:47:26;;Dossier validé;Parcours terminé;187.62
5349;27/05/2026 18:29:20;;Dossier validé;Parcours terminé;621.52
5350;27/05/2026 18:29:20;;Dossier validé;Parcours terminé;506.11
5351;27/05/2026 18:27:07;Hugo DUBOIS;Dossier validé;Parcours terminé;447.09
5352;27/05/2026 18:27:07;Hugo DUBOIS;Dossier validé;Parcours terminé;916.85
5353;27/05/2026 18:12:51;;Souscription en cours;Signature Contrat;352.29
5354;27/05/2026 18:12:51;;Souscription en cours;Signature Contrat;933.16
5355;27/05/2026 17:58:16;;Dossier validé;Parcours terminé;825.48
5356;27/05/2026 17:58:16;;Dossier validé;Parcours terminé;902.17
5357;27/05/2026 17:55:00;;Souscription en cours;Choix de l'offre et livraison;752.40
5358;27/05/2026 17:55:00;;Souscription en cours;Choix de l'offre et livraison;546.91
5359;27/05/2026 17:54:47;;Dossier validé;Parcours terminé;652.91
5360;27/05/2026 17:54:47;;Dossier validé;Parcours terminé;124.87
5361;27/05/2026 17:46:11;;En attente d'analyse Agent - Dossier avec erreurs;Signature Contrat;508.59
5362;27/05/2026 17:46:11;;En attente d'analyse Agent - Dossier avec erreurs;Signature Contrat;684.23
5363;27/05/2026 17:42:37;;Souscription en cours;Choix de l'offre et livraison;535.56
5364;27/05/2026 17:42:37;;Souscription en cours;Choix de l'offre et livraison;224.29
5365;27/05/2026 17:40:50;;Souscription non démarrée;Parcours non démarré;702.60
5366;27/05/2026 17:40:50;;Souscription non démarrée;Parcours non démarré;657.14
5367;27/05/2026 17:39:39;;Souscription en cours;Signature Contrat;404.63
5368;27/05/2026 17:39:39;;Souscription en cours;Signature Contrat;164.94
5369;27/05/2026 17:38:28;;Dossier validé;Parcours terminé;919.35
5370;27/05/2026 17:38:28;;Dossier validé;Parcours terminé;480.69
5371;27/05/2026 17:35:23;;Dossier refusé;Signature Contrat;224.73
5372;27/05/2026 17:35:23;;Dossier refusé;Signature Contrat;270.55
5373;27/05/2026 17:33:30;;Souscription non démarrée;Parcours non démarré;415.97
5374;27/05/2026 17:33:30;;Souscription non démarrée;Parcours non démarré;758.85
5375;27/05/2026 17:31:52;;Dossier refusé;Saisie société;439.63
5376;27/05/2026 17:31:52;;Dossier refusé;Saisie société;846.96
5377;27/05/2026 17:31:51;;Dossier refusé;Signature Contrat;224.12
5378;27/05/2026 17:31:51;;Dossier refusé;Signature Contrat;179.67
5379;27/05/2026 17:26:21;;Dossier validé;Parcours terminé;967.43
5380;27/05/2026 17:26:21;;Dossier validé;Parcours terminé;148.65
5381;27/05/2026 17:25:21;;Souscription non démarrée;Parcours non démarré;848.73
5382;27/05/2026 17:25:21;;Souscription non démarrée;Parcours non démarré;466.09
5383;27/05/2026 17:16:56;;Dossier validé;Parcours terminé;397.88
5384;27/05/2026 17:16:56;;Dossier validé;Parcours terminé;755.01
5385;27/05/2026 17:13:52;;Souscription non démarrée;Parcours non démarré;803.93
5386;27/05/2026 17:13:52;;Souscription non démarrée;Parcours non démarré;289.70
5387;27/05/2026 17:11:16;;Dossier validé;Parcours terminé;924.57
5388;27/05/2026 17:11:16;;Dossier validé;Parcours terminé;163.24
5389;27/05/2026 17:09:42;;Souscription en cours;Coordonnées personnelles;372.74
5390;27/05/2026 17:09:42;;Souscription en cours;Coordonnées personnelles;298.72
5391;27/05/2026 17:06:05;;Souscription en cours;Coordonnées personnelles;511.40
5392;27/05/2026 17:06:05;;Souscription en cours;Coordonnées personnelles;366.08
5393;27/05/2026 17:03:09;;Souscription en cours;Coordonnées personnelles;882.34
5394;27/05/2026 17:03:09;;Souscription en cours;Coordonnées personnelles;526.44
5395;27/05/2026 16:52:48;;Souscription en cours;Vérification d'identité;669.37
5396;27/05/2026 16:52:48;;Souscription en cours;Vérification d'identité;573.05
5397;27/05/2026 16:43:42;;Dossier validé;Parcours terminé;385.51
5398;27/05/2026 16:43:42;;Dossier validé;Parcours terminé;569.67
5399;27/05/2026 16:42:59;;Dossier validé;Parcours terminé;346.06
5400;27/05/2026 16:42:59;;Dossier validé;Parcours terminé;210.97
5401;27/05/2026 16:42:24;;Dossier validé;Parcours terminé;542.52
5402;27/05/2026 16:42:24;;Dossier validé;Parcours terminé;438.66
5403;27/05/2026 16:41:00;Z5750800;Dossier validé;Parcours terminé;496.75
5404;27/05/2026 16:41:00;Z5750800;Dossier validé;Parcours terminé;680.31
5405;27/05/2026 16:36:45;;Dossier validé;Parcours terminé;608.58
5406;27/05/2026 16:36:45;;Dossier validé;Parcours terminé;482.87
5407;27/05/2026 16:30:23;;Dossier validé;Parcours terminé;594.67
5408;27/05/2026 16:30:23;;Dossier validé;Parcours terminé;442.01
5409;27/05/2026 16:28:40;;Dossier validé;Parcours terminé;591.92
5410;27/05/2026 16:28:40;;Dossier validé;Parcours terminé;953.33
5411;27/05/2026 16:23:40;;Souscription non démarrée;Parcours non démarré;346.75
5412;27/05/2026 16:23:40;;Souscription non démarrée;Parcours non démarré;923.56
5413;27/05/2026 16:20:20;;Souscription en cours;Vérification d'identité;860.17
5414;27/05/2026 16:20:20;;Souscription en cours;Vérification d'identité;479.66
5415;27/05/2026 16:16:57;;Souscription en cours;Choix de l'offre et livraison;118.00
5416;27/05/2026 16:16:57;;Souscription en cours;Choix de l'offre et livraison;688.75
5417;27/05/2026 16:15:51;;Dossier validé;Parcours terminé;673.52
5418;27/05/2026 16:15:51;;Dossier validé;Parcours terminé;860.48
5419;27/05/2026 16:03:13;Hugo MARTIN;Dossier validé;Parcours terminé;165.49
5420;27/05/2026 16:03:13;Hugo MARTIN;Dossier validé;Parcours terminé;497.62
5421;27/05/2026 15:57:36;;Souscription non démarrée;Parcours non démarré;731.47
5422;27/05/2026 15:57:36;;Souscription non démarrée;Parcours non démarré;418.23
5423;27/05/2026 15:56:45;Inès MICHEL;Dossier validé;Parcours terminé;959.11
5424;27/05/2026 15:56:45;Inès MICHEL;Dossier validé;Parcours terminé;885.40
5425;27/05/2026 15:54:56;;Dossier validé;Parcours terminé;789.06
5426;27/05/2026 15:54:56;;Dossier validé;Parcours terminé;898.64
5427;27/05/2026 15:53:36;;Dossier validé;Parcours terminé;166.75
5428;27/05/2026 15:53:36;;Dossier validé;Parcours terminé;991.56
5429;27/05/2026 15:50:38;;Souscription non démarrée;Parcours non démarré;645.92
5430;27/05/2026 15:50:38;;Souscription non démarrée;Parcours non démarré;797.43
5431;27/05/2026 15:49:54;;Souscription en cours;Coordonnées personnelles;753.91
5432;27/05/2026 15:49:54;;Souscription en cours;Coordonnées personnelles;442.06
5433;27/05/2026 15:48:39;;Dossier refusé;Signature Contrat;184.55
5434;27/05/2026 15:48:39;;Dossier refusé;Signature Contrat;592.42
5435;27/05/2026 15:41:17;;Dossier validé;Parcours terminé;718.13
5436;27/05/2026 15:41:17;;Dossier validé;Parcours terminé;170.32
5437;27/05/2026 15:40:52;;Souscription en cours;Coordonnées personnelles;395.90
5438;27/05/2026 15:40:52;;Souscription en cours;Coordonnées personnelles;952.46
5439;27/05/2026 15:36:24;;Souscription non démarrée;Parcours non démarré;815.43
5440;27/05/2026 15:36:24;;Souscription non démarrée;Parcours non démarré;391.23
5441;27/05/2026 15:35:56;;Souscription en cours;Informations complémentaires (Etablissements, etc.);286.70
5442;27/05/2026 15:35:56;;Souscription en cours;Informations complémentaires (Etablissements, etc.);756.92
5443;27/05/2026 15:17:07;;Dossier validé;Parcours terminé;197.36
5444;27/05/2026 15:17:07;;Dossier validé;Parcours terminé;546.94
5445;27/05/2026 15:16:21;;En attente d'analyse Agent - Dossier avec erreurs;Signature Contrat;508.39
5446;27/05/2026 15:16:21;;En attente d'analyse Agent - Dossier avec erreurs;Signature Contrat;569.83
5447;27/05/2026 15:14:23;;En attente d'analyse Agent - Dossier avec erreurs;Signature Contrat;250.15
5448;27/05/2026 15:14:23;;En attente d'analyse Agent - Dossier avec erreurs;Signature Contrat;662.71
5449;27/05/2026 15:14:05;;Souscription non démarrée;Parcours non démarré;128.49
5450;27/05/2026 15:14:05;;Souscription non démarrée;Parcours non démarré;464.48
5451;27/05/2026 15:11:31;;Souscription en cours;Choix de l'offre et livraison;934.76
5452;27/05/2026 15:11:31;;Souscription en cours;Choix de l'offre et livraison;713.25
5453;27/05/2026 15:11:05;;Dossier validé;Parcours terminé;882.01
5454;27/05/2026 15:11:05;;Dossier validé;Parcours terminé;136.29
5455;27/05/2026 15:09:02;Hugo DUBOIS;Dossier refusé;Saisie société;644.66
5456;27/05/2026 15:09:02;Hugo DUBOIS;Dossier refusé;Saisie société;607.97
5457;27/05/2026 15:03:44;;Dossier validé;Parcours terminé;817.11
5458;27/05/2026 15:03:44;;Dossier validé;Parcours terminé;575.92
5459;27/05/2026 15:03:18;;Dossier validé;Parcours terminé;557.61
5460;27/05/2026 15:03:18;;Dossier validé;Parcours terminé;783.69
5461;27/05/2026 14:57:08;;Dossier validé;Parcours terminé;817.02
5462;27/05/2026 14:57:08;;Dossier validé;Parcours terminé;174.22
5463;27/05/2026 14:51:25;Hugo MARTIN;Dossier validé;Parcours terminé;587.27
5464;27/05/2026 14:51:25;Hugo MARTIN;Dossier validé;Parcours terminé;958.51
5465;27/05/2026 14:49:44;;Souscription en cours;Coordonnées personnelles;178.44
5466;27/05/2026 14:49:44;;Souscription en cours;Coordonnées personnelles;495.86
5467;27/05/2026 14:43:51;;Souscription non démarrée;Parcours non démarré;141.15
5468;27/05/2026 14:43:51;;Souscription non démarrée;Parcours non démarré;595.18
5469;27/05/2026 14:36:22;;Dossier refusé;Signature Contrat;111.14
5470;27/05/2026 14:36:22;;Dossier refusé;Signature Contrat;419.26
5471;27/05/2026 14:27:05;Hugo MARTIN;Dossier refusé;Saisie société;501.21
5472;27/05/2026 14:27:05;Hugo MARTIN;Dossier refusé;Saisie société;358.36
5473;27/05/2026 14:25:56;;Souscription en cours;Synchronisation référentiel personne NOVA;940.23
5474;27/05/2026 14:25:56;;Souscription en cours;Synchronisation référentiel personne NOVA;274.57
5475;27/05/2026 14:24:41;;Dossier refusé;Choix de l'offre et livraison;434.24
5476;27/05/2026 14:24:41;;Dossier refusé;Choix de l'offre et livraison;907.65
5477;27/05/2026 14:18:52;;Dossier validé;Parcours terminé;816.01
5478;27/05/2026 14:18:52;;Dossier validé;Parcours terminé;160.86
5479;27/05/2026 14:17:51;;Souscription non démarrée;Parcours non démarré;681.27
5480;27/05/2026 14:17:51;;Souscription non démarrée;Parcours non démarré;981.84
5481;27/05/2026 14:15:20;;Souscription non démarrée;Parcours non démarré;805.39
5482;27/05/2026 14:15:20;;Souscription non démarrée;Parcours non démarré;252.62
5483;27/05/2026 14:10:17;;Dossier validé;Parcours terminé;604.13
5484;27/05/2026 14:10:17;;Dossier validé;Parcours terminé;583.01
5485;27/05/2026 14:00:07;;Souscription en cours;Coordonnées personnelles;307.29
5486;27/05/2026 14:00:07;;Souscription en cours;Coordonnées personnelles;552.87
5487;27/05/2026 13:57:42;;Dossier validé;Parcours terminé;335.42
5488;27/05/2026 13:57:42;;Dossier validé;Parcours terminé;409.77
5489;27/05/2026 13:56:07;;Dossier validé;Parcours terminé;252.64
5490;27/05/2026 13:56:07;;Dossier validé;Parcours terminé;831.98
5491;27/05/2026 13:28:33;;Souscription en cours;Choix de l'offre et livraison;509.70
5492;27/05/2026 13:28:33;;Souscription en cours;Choix de l'offre et livraison;221.65
5493;27/05/2026 13:25:39;;Souscription non démarrée;Parcours non démarré;342.27
5494;27/05/2026 13:25:39;;Souscription non démarrée;Parcours non démarré;966.87
5495;27/05/2026 13:10:38;;Souscription non démarrée;Parcours non démarré;337.11
5496;27/05/2026 13:10:38;;Souscription non démarrée;Parcours non démarré;495.09
5497;27/05/2026 13:09:21;;Souscription en cours;Choix de l'offre et livraison;691.47
5498;27/05/2026 13:09:21;;Souscription en cours;Choix de l'offre et livraison;888.30
5499;27/05/2026 13:06:27;Hugo MARTIN;Dossier validé;Parcours terminé;402.40
5500;27/05/2026 13:06:27;Hugo MARTIN;Dossier validé;Parcours terminé;870.10
5501;27/05/2026 12:34:26;;Dossier validé;Parcours terminé;254.80
5502;27/05/2026 12:34:26;;Dossier validé;Parcours terminé;872.08
5503;27/05/2026 12:31:21;;Dossier validé;Parcours terminé;188.05
5504;27/05/2026 12:31:21;;Dossier validé;Parcours terminé;793.79
5505;27/05/2026 12:28:14;Adam LAURENT;Dossier refusé;Saisie société;825.57
5506;27/05/2026 12:28:14;Adam LAURENT;Dossier refusé;Saisie société;143.08
5507;27/05/2026 12:26:29;;Souscription non démarrée;Parcours non démarré;859.24
5508;27/05/2026 12:26:29;;Souscription non démarrée;Parcours non démarré;500.12
5509;27/05/2026 12:18:54;;Souscription en cours;Coordonnées personnelles;951.28
5510;27/05/2026 12:18:54;;Souscription en cours;Coordonnées personnelles;538.38
5511;27/05/2026 12:08:22;;Souscription en cours;Coordonnées personnelles;916.00
5512;27/05/2026 12:08:22;;Souscription en cours;Coordonnées personnelles;147.01
5513;27/05/2026 12:07:57;;Dossier validé;Parcours terminé;551.65
5514;27/05/2026 12:07:57;;Dossier validé;Parcours terminé;545.00
5515;27/05/2026 11:59:29;;Dossier refusé;Bénéficiaire effectifs;669.08
5516;27/05/2026 11:59:29;;Dossier refusé;Bénéficiaire effectifs;173.11
5517;27/05/2026 11:54:13;Hugo DUBOIS;Dossier refusé;Informations complémentaires (Etablissements, etc.);815.19
5518;27/05/2026 11:54:13;Hugo DUBOIS;Dossier refusé;Informations complémentaires (Etablissements, etc.);412.99
5519;27/05/2026 11:44:49;;Souscription en cours;Coordonnées personnelles;945.09
5520;27/05/2026 11:44:49;;Souscription en cours;Coordonnées personnelles;978.03
5521;27/05/2026 11:35:24;;Souscription en cours;Choix de l'offre et livraison;802.93
5522;27/05/2026 11:35:24;;Souscription en cours;Choix de l'offre et livraison;282.67
5523;27/05/2026 11:30:36;;Dossier validé;Parcours terminé;368.25
5524;27/05/2026 11:30:36;;Dossier validé;Parcours terminé;429.85
5525;27/05/2026 11:30:00;Z5750800;Dossier validé;Parcours terminé;431.43
5526;27/05/2026 11:30:00;Z5750800;Dossier validé;Parcours terminé;547.95
5527;27/05/2026 11:26:53;;En attente d'analyse Agent - Dossier avec erreurs;Signature Contrat;178.66
5528;27/05/2026 11:26:53;;En attente d'analyse Agent - Dossier avec erreurs;Signature Contrat;589.11
5529;27/05/2026 11:24:04;;Dossier refusé;Signature Contrat;307.88
5530;27/05/2026 11:24:04;;Dossier refusé;Signature Contrat;700.07
5531;27/05/2026 11:23:39;;Souscription en cours;Coordonnées personnelles;640.00
5532;27/05/2026 11:23:39;;Souscription en cours;Coordonnées personnelles;222.81
5533;27/05/2026 11:23:00;;Souscription en cours;Coordonnées personnelles;538.82
5534;27/05/2026 11:23:00;;Souscription en cours;Coordonnées personnelles;791.99
5535;27/05/2026 11:21:17;;Dossier validé;Parcours terminé;827.60
5536;27/05/2026 11:21:17;;Dossier validé;Parcours terminé;624.48
5537;27/05/2026 11:14:59;;Souscription en cours;Criblages BE(s);216.07
5538;27/05/2026 11:14:59;;Souscription en cours;Criblages BE(s);963.16
5539;27/05/2026 11:06:46;;Souscription en cours;Choix de l'offre et livraison;217.62
5540;27/05/2026 11:06:46;;Souscription en cours;Choix de l'offre et livraison;201.65
5541;27/05/2026 11:06:46;;Dossier validé;Parcours terminé;780.34
5542;27/05/2026 11:06:46;;Dossier validé;Parcours terminé;701.11
5543;27/05/2026 11:05:08;;Souscription non démarrée;Parcours non démarré;706.44
5544;27/05/2026 11:05:08;;Souscription non démarrée;Parcours non démarré;677.70
5545;27/05/2026 11:03:13;Hugo MARTIN;Dossier refusé;Signature Contrat;335.70
5546;27/05/2026 11:03:13;Hugo MARTIN;Dossier refusé;Signature Contrat;101.13
5547;27/05/2026 11:01:16;;Souscription en cours;Vérification d'identité;255.72
5548;27/05/2026 11:01:16;;Souscription en cours;Vérification d'identité;565.38
5549;27/05/2026 10:51:27;;Dossier validé;Parcours terminé;833.60
5550;27/05/2026 10:51:27;;Dossier validé;Parcours terminé;285.80
5551;27/05/2026 10:42:56;;Dossier refusé;Saisie société;490.15
5552;27/05/2026 10:42:56;;Dossier refusé;Saisie société;318.96
5553;27/05/2026 10:38:56;;Souscription en cours;Vérification d'identité;522.51
5554;27/05/2026 10:38:56;;Souscription en cours;Vérification d'identité;454.58
5555;27/05/2026 10:38:45;;Souscription en cours;Choix de l'offre et livraison;150.18
5556;27/05/2026 10:38:45;;Souscription en cours;Choix de l'offre et livraison;392.10
5557;27/05/2026 10:34:51;;Souscription non démarrée;Parcours non démarré;187.86
5558;27/05/2026 10:34:51;;Souscription non démarrée;Parcours non démarré;384.58
5559;27/05/2026 10:33:06;;Dossier validé;Parcours terminé;105.05
5560;27/05/2026 10:33:06;;Dossier validé;Parcours terminé;594.56
5561;27/05/2026 10:31:48;;Souscription en cours;Coordonnées personnelles;290.09
5562;27/05/2026 10:31:48;;Souscription en cours;Coordonnées personnelles;815.04
5563;27/05/2026 10:31:28;;Souscription en cours;Coordonnées personnelles;932.23
5564;27/05/2026 10:31:28;;Souscription en cours;Coordonnées personnelles;918.78
5565;27/05/2026 10:26:36;;Souscription en cours;Vérification d'identité;787.95
5566;27/05/2026 10:26:36;;Souscription en cours;Vérification d'identité;540.78
5567;27/05/2026 10:25:42;;Dossier validé;Parcours terminé;397.16
5568;27/05/2026 10:25:42;;Dossier validé;Parcours terminé;615.74
5569;27/05/2026 10:14:17;;Souscription non démarrée;Parcours non démarré;994.37
5570;27/05/2026 10:14:17;;Souscription non démarrée;Parcours non démarré;193.70
5571;27/05/2026 10:04:04;;Dossier validé;Parcours terminé;636.60
5572;27/05/2026 10:04:04;;Dossier validé;Parcours terminé;626.43
5573;27/05/2026 10:03:30;;Souscription en cours;Coordonnées personnelles;498.22
5574;27/05/2026 10:03:30;;Souscription en cours;Coordonnées personnelles;271.02
5575;27/05/2026 10:02:41;;Dossier validé;Parcours terminé;949.28
5576;27/05/2026 10:02:41;;Dossier validé;Parcours terminé;615.49
5577;27/05/2026 09:56:05;;Dossier validé;Parcours terminé;898.30
5578;27/05/2026 09:56:05;;Dossier validé;Parcours terminé;301.42
5579;27/05/2026 09:51:17;;Dossier validé;Parcours terminé;349.86
5580;27/05/2026 09:51:17;;Dossier validé;Parcours terminé;485.52
5581;27/05/2026 09:50:20;;Souscription en cours;Coordonnées personnelles;529.35
5582;27/05/2026 09:50:20;;Souscription en cours;Coordonnées personnelles;751.03
5583;27/05/2026 09:43:25;Hugo MARTIN;Dossier refusé;Saisie société;132.54
5584;27/05/2026 09:43:25;Hugo MARTIN;Dossier refusé;Saisie société;232.76
5585;27/05/2026 09:31:38;;Dossier validé;Parcours terminé;632.72
5586;27/05/2026 09:31:38;;Dossier validé;Parcours terminé;719.96
5587;27/05/2026 09:04:27;;Souscription en cours;Vérification d'identité;199.38
5588;27/05/2026 09:04:27;;Souscription en cours;Vérification d'identité;506.64
5589;27/05/2026 08:51:42;;Dossier validé;Parcours terminé;988.99
5590;27/05/2026 08:51:42;;Dossier validé;Parcours terminé;637.57
5591;27/05/2026 08:40:57;;Dossier refusé;Saisie société;722.11
5592;27/05/2026 08:40:57;;Dossier refusé;Saisie société;158.45
5593;27/05/2026 08:39:55;;Dossier validé;Parcours terminé;743.10
5594;27/05/2026 08:39:55;;Dossier validé;Parcours terminé;178.97
5595;27/05/2026 08:36:38;;Dossier validé;Parcours terminé;170.48
5596;27/05/2026 08:36:38;;Dossier validé;Parcours terminé;661.75
5597;27/05/2026 08:16:09;;Dossier validé;Parcours terminé;970.08
5598;27/05/2026 08:16:09;;Dossier validé;Parcours terminé;717.09
5599;27/05/2026 08:07:53;;Souscription en cours;Coordonnées personnelles;193.46
5600;27/05/2026 08:07:53;;Souscription en cours;Coordonnées personnelles;594.17
5601;27/05/2026 08:04:27;;Souscription non démarrée;Parcours non démarré;103.91
5602;27/05/2026 08:04:27;;Souscription non démarrée;Parcours non démarré;504.83
5603;27/05/2026 07:53:33;;Souscription en cours;Synchronisation référentiel personne NOVA;501.43
5604;27/05/2026 07:53:33;;Souscription en cours;Synchronisation référentiel personne NOVA;946.07
5605;27/05/2026 07:48:28;;Dossier refusé;Saisie société;255.45
5606;27/05/2026 07:48:28;;Dossier refusé;Saisie société;555.24
5607;27/05/2026 07:47:41;;Souscription en cours;Choix de l'offre et livraison;959.97
5608;27/05/2026 07:47:41;;Souscription en cours;Choix de l'offre et livraison;398.51
5609;27/05/2026 07:31:07;;Dossier validé;Parcours terminé;738.35
5610;27/05/2026 07:31:07;;Dossier validé;Parcours terminé;115.78
5611;27/05/2026 03:52:13;;Souscription non démarrée;Parcours non démarré;955.38
5612;27/05/2026 03:52:13;;Souscription non démarrée;Parcours non démarré;371.70
5613;27/05/2026 03:23:18;;Souscription en cours;Vérification d'identité;401.62
5614;27/05/2026 03:23:18;;Souscription en cours;Vérification d'identité;155.56
5615;27/05/2026 02:35:34;;Souscription en cours;Informations complémentaires (Etablissements, etc.);209.39
5616;27/05/2026 02:35:34;;Souscription en cours;Informations complémentaires (Etablissements, etc.);381.25
5617;27/05/2026 02:26:37;;Dossier refusé;Saisie société;486.81
5618;27/05/2026 02:26:37;;Dossier refusé;Saisie société;473.61
5619;27/05/2026 01:44:31;;Souscription en cours;Informations complémentaires (Etablissements, etc.);397.32
5620;27/05/2026 01:44:31;;Souscription en cours;Informations complémentaires (Etablissements, etc.);445.72
5621;27/05/2026 01:23:59;;Souscription en cours;Coordonnées personnelles;898.89
5622;27/05/2026 01:23:59;;Souscription en cours;Coordonnées personnelles;226.09
5623;27/05/2026 01:15:15;;Souscription en cours;Coordonnées personnelles;738.36
5624;27/05/2026 01:15:15;;Souscription en cours;Coordonnées personnelles;648.42
5625;27/05/2026 00:50:00;;Souscription en cours;Coordonnées personnelles;809.29
5626;27/05/2026 00:50:00;;Souscription en cours;Coordonnées personnelles;717.75
5627;27/05/2026 00:48:36;;Souscription en cours;Signature Contrat;988.94
5628;27/05/2026 00:48:36;;Souscription en cours;Signature Contrat;945.28
5629;27/05/2026 00:46:37;Hugo MARTIN;Dossier validé;Parcours terminé;777.68
5630;27/05/2026 00:46:37;Hugo MARTIN;Dossier validé;Parcours terminé;570.77
5631;27/05/2026 00:42:05;;Dossier refusé;Signature Contrat;711.19
5632;27/05/2026 00:42:05;;Dossier refusé;Signature Contrat;995.20
5633;27/05/2026 00:29:14;;Dossier validé;Parcours terminé;231.96
5634;27/05/2026 00:29:14;;Dossier validé;Parcours terminé;415.24
5635;27/05/2026 00:23:21;;Souscription en cours;Coordonnées personnelles;644.19
5636;27/05/2026 00:23:21;;Souscription en cours;Coordonnées personnelles;870.82
5637;27/05/2026 00:20:41;;Dossier refusé;Informations complémentaires (CA, Profession, etc.);418.27
5638;27/05/2026 00:20:41;;Dossier refusé;Informations complémentaires (CA, Profession, etc.);856.03
5639;27/05/2026 00:03:45;;Dossier refusé;Parcours non démarré;209.63
5640;27/05/2026 00:03:45;;Dossier refusé;Parcours non démarré;936.35
5641;26/05/2026 23:43:18;;Dossier validé;Parcours terminé;882.28
5642;26/05/2026 23:43:18;;Dossier validé;Parcours terminé;233.21
5643;26/05/2026 23:38:39;;Souscription en cours;Coordonnées personnelles;426.76
5644;26/05/2026 23:38:39;;Souscription en cours;Coordonnées personnelles;295.84
5645;26/05/2026 23:36:11;;Souscription en cours;Informations complémentaires (Etablissements, etc.);302.87
5646;26/05/2026 23:36:11;;Souscription en cours;Informations complémentaires (Etablissements, etc.);947.75
5647;26/05/2026 23:15:06;;Souscription non démarrée;Parcours non démarré;304.18
5648;26/05/2026 23:15:06;;Souscription non démarrée;Parcours non démarré;312.06
5649;26/05/2026 23:12:15;;Souscription en cours;Coordonnées personnelles;927.73
5650;26/05/2026 23:12:15;;Souscription en cours;Coordonnées personnelles;358.82
5651;26/05/2026 23:12:09;;Souscription en cours;Vérification d'identité;369.84
5652;26/05/2026 23:12:09;;Souscription en cours;Vérification d'identité;212.78
5653;26/05/2026 23:06:12;;Dossier validé;Parcours terminé;535.41
5654;26/05/2026 23:06:12;;Dossier validé;Parcours terminé;923.40
5655;26/05/2026 23:01:29;;Souscription en cours;Choix de l'offre et livraison;569.74
5656;26/05/2026 23:01:29;;Souscription en cours;Choix de l'offre et livraison;217.47
5657;26/05/2026 23:00:32;;Souscription en cours;Criblages BE(s);580.43
5658;26/05/2026 23:00:32;;Souscription en cours;Criblages BE(s);956.30
5659;26/05/2026 22:25:20;;Dossier refusé;Choix de l'offre et livraison;950.78
5660;26/05/2026 22:25:20;;Dossier refusé;Choix de l'offre et livraison;204.16
5661;26/05/2026 22:25:16;;Souscription en cours;Coordonnées personnelles;282.00
5662;26/05/2026 22:25:16;;Souscription en cours;Coordonnées personnelles;556.68
5663;26/05/2026 22:25:03;;Dossier refusé;Saisie société;108.30
5664;26/05/2026 22:25:03;;Dossier refusé;Saisie société;164.53
5665;26/05/2026 21:59:33;;Souscription en cours;Vérification d'identité;853.04
5666;26/05/2026 21:59:33;;Souscription en cours;Vérification d'identité;853.13
5667;26/05/2026 21:49:09;;Souscription en cours;Coordonnées personnelles;317.65
5668;26/05/2026 21:49:09;;Souscription en cours;Coordonnées personnelles;606.38
5669;26/05/2026 21:39:09;;Souscription en cours;Bénéficiaire effectifs;647.77
5670;26/05/2026 21:39:09;;Souscription en cours;Bénéficiaire effectifs;646.39
5671;26/05/2026 21:30:49;;Dossier refusé;Signature Contrat;845.97
5672;26/05/2026 21:30:49;;Dossier refusé;Signature Contrat;313.94
5673;26/05/2026 21:06:49;Louis MARTIN;Dossier validé;Parcours terminé;347.14
5674;26/05/2026 21:06:49;Louis MARTIN;Dossier validé;Parcours terminé;987.89
5675;26/05/2026 21:06:15;;Dossier validé;Parcours terminé;538.98
5676;26/05/2026 21:06:15;;Dossier validé;Parcours terminé;500.00
5677;26/05/2026 21:00:55;;Dossier validé;Parcours terminé;404.75
5678;26/05/2026 21:00:55;;Dossier validé;Parcours terminé;217.93
5679;26/05/2026 20:55:38;;Dossier validé;Parcours terminé;258.43
5680;26/05/2026 20:55:38;;Dossier validé;Parcours terminé;320.66
5681;26/05/2026 20:48:43;;Souscription en cours;Informations complémentaires (CA, Profession, etc.);114.47
5682;26/05/2026 20:48:43;;Souscription en cours;Informations complémentaires (CA, Profession, etc.);432.48
5683;26/05/2026 20:42:10;;Souscription en cours;Vérification d'identité;823.53
5684;26/05/2026 20:42:10;;Souscription en cours;Vérification d'identité;359.64
5685;26/05/2026 20:38:04;;Dossier validé;Parcours terminé;875.58
5686;26/05/2026 20:38:04;;Dossier validé;Parcours terminé;573.93
5687;26/05/2026 20:29:30;;Dossier validé;Parcours terminé;600.79
5688;26/05/2026 20:29:30;;Dossier validé;Parcours terminé;422.64
5689;26/05/2026 20:25:33;;Dossier validé;Parcours terminé;141.05
5690;26/05/2026 20:25:33;;Dossier validé;Parcours terminé;271.57
5691;26/05/2026 20:16:25;;Souscription en cours;Signature Contrat;759.78
5692;26/05/2026 20:16:25;;Souscription en cours;Signature Contrat;140.30
5693;26/05/2026 19:49:29;;Dossier validé;Parcours terminé;981.19
5694;26/05/2026 19:49:29;;Dossier validé;Parcours terminé;354.25
5695;26/05/2026 19:48:52;Hugo MARTIN;Dossier refusé;Saisie société;323.40
5696;26/05/2026 19:48:52;Hugo MARTIN;Dossier refusé;Saisie société;748.61
5697;26/05/2026 19:31:34;;Souscription non démarrée;Parcours non démarré;917.79
5698;26/05/2026 19:31:34;;Souscription non démarrée;Parcours non démarré;412.25
5699;26/05/2026 19:28:09;;Dossier validé;Parcours terminé;463.41
5700;26/05/2026 19:28:09;;Dossier validé;Parcours terminé;580.44
5701;26/05/2026 19:08:28;Hugo DUBOIS;Dossier refusé;Saisie société;422.63
5702;26/05/2026 19:08:28;Hugo DUBOIS;Dossier refusé;Saisie société;915.05
5703;26/05/2026 19:05:28;;Souscription en cours;Coordonnées personnelles;905.07
5704;26/05/2026 19:05:28;;Souscription en cours;Coordonnées personnelles;376.81
5705;26/05/2026 19:02:57;;Dossier validé;Parcours terminé;210.12
5706;26/05/2026 19:02:57;;Dossier validé;Parcours terminé;941.55
5707;26/05/2026 18:48:06;;Souscription non démarrée;Parcours non démarré;818.91
5708;26/05/2026 18:48:06;;Souscription non démarrée;Parcours non démarré;591.07
5709;26/05/2026 18:41:19;;Souscription en cours;Coordonnées personnelles;270.31
5710;26/05/2026 18:41:19;;Souscription en cours;Coordonnées personnelles;824.30
5711;26/05/2026 18:25:33;;Dossier validé;Parcours terminé;506.61
5712;26/05/2026 18:25:33;;Dossier validé;Parcours terminé;250.80
5713;26/05/2026 18:24:59;;Dossier refusé;Informations complémentaires (Etablissements, etc.);733.33
5714;26/05/2026 18:24:59;;Dossier refusé;Informations complémentaires (Etablissements, etc.);207.55
5715;26/05/2026 18:21:10;;Souscription non démarrée;Parcours non démarré;702.87
5716;26/05/2026 18:21:10;;Souscription non démarrée;Parcours non démarré;875.62
5717;26/05/2026 18:02:35;;Dossier validé;Parcours terminé;682.53
5718;26/05/2026 18:02:35;;Dossier validé;Parcours terminé;223.01
5719;26/05/2026 17:59:53;;Souscription en cours;Signature Contrat;951.73
5720;26/05/2026 17:59:53;;Souscription en cours;Signature Contrat;881.59
5721;26/05/2026 17:57:49;;Souscription en cours;Signature Contrat;850.86
5722;26/05/2026 17:57:49;;Souscription en cours;Signature Contrat;516.77
5723;26/05/2026 17:52:31;;Dossier validé;Parcours terminé;236.92
5724;26/05/2026 17:52:31;;Dossier validé;Parcours terminé;398.25
5725;26/05/2026 17:37:58;;Dossier validé;Parcours terminé;198.14
5726;26/05/2026 17:37:58;;Dossier validé;Parcours terminé;696.91
5727;26/05/2026 17:31:12;;Souscription en cours;Vérification d'identité;962.85
5728;26/05/2026 17:31:12;;Souscription en cours;Vérification d'identité;947.70
5729;26/05/2026 17:28:39;;Dossier refusé;Choix de l'offre et livraison;140.37
5730;26/05/2026 17:28:39;;Dossier refusé;Choix de l'offre et livraison;283.15
5731;26/05/2026 17:27:52;;Dossier validé;Parcours terminé;231.54
5732;26/05/2026 17:27:52;;Dossier validé;Parcours terminé;219.29
5733;26/05/2026 17:24:15;;Souscription non démarrée;Parcours non démarré;101.73
5734;26/05/2026 17:24:15;;Souscription non démarrée;Parcours non démarré;452.33
5735;26/05/2026 17:22:25;;Dossier refusé;Saisie société;828.94
5736;26/05/2026 17:22:25;;Dossier refusé;Saisie société;587.27
5737;26/05/2026 17:15:53;;En attente d'analyse Agent - Dossier avec erreurs;Signature Contrat;872.77
5738;26/05/2026 17:15:53;;En attente d'analyse Agent - Dossier avec erreurs;Signature Contrat;186.56
5739;26/05/2026 17:15:47;;Dossier validé;Parcours terminé;439.90
5740;26/05/2026 17:15:47;;Dossier validé;Parcours terminé;150.61
5741;26/05/2026 17:15:38;;Souscription en cours;Signature Contrat;912.38
5742;26/05/2026 17:15:38;;Souscription en cours;Signature Contrat;758.65
5743;26/05/2026 17:15:26;;Dossier validé;Parcours terminé;469.09
5744;26/05/2026 17:15:26;;Dossier validé;Parcours terminé;551.09
5745;26/05/2026 17:02:25;;Dossier validé;Parcours terminé;617.41
5746;26/05/2026 17:02:25;;Dossier validé;Parcours terminé;362.04
5747;26/05/2026 17:00:14;;Dossier validé;Parcours terminé;936.10
5748;26/05/2026 17:00:14;;Dossier validé;Parcours terminé;413.18
5749;26/05/2026 16:56:12;;Dossier refusé;Saisie société;527.45
5750;26/05/2026 16:56:12;;Dossier refusé;Saisie société;205.72
5751;26/05/2026 16:52:26;;Souscription en cours;Informations complémentaires (Etablissements, etc.);596.43
5752;26/05/2026 16:52:26;;Souscription en cours;Informations complémentaires (Etablissements, etc.);433.24
5753;26/05/2026 16:39:22;;Dossier validé;Parcours terminé;443.81
5754;26/05/2026 16:39:22;;Dossier validé;Parcours terminé;431.86
5755;26/05/2026 16:38:42;;Dossier refusé;Saisie société;919.03
5756;26/05/2026 16:38:42;;Dossier refusé;Saisie société;704.50
5757;26/05/2026 16:36:44;;Dossier validé;Parcours terminé;916.32
5758;26/05/2026 16:36:44;;Dossier validé;Parcours terminé;671.62
5759;26/05/2026 16:33:41;;Dossier validé;Parcours terminé;886.13
5760;26/05/2026 16:33:41;;Dossier validé;Parcours terminé;230.34
5761;26/05/2026 16:32:45;;Souscription en cours;Informations complémentaires (CA, Profession, etc.);676.57
5762;26/05/2026 16:32:45;;Souscription en cours;Informations complémentaires (CA, Profession, etc.);181.39
5763;26/05/2026 16:29:20;;Dossier refusé;Signature Contrat;887.48
5764;26/05/2026 16:29:20;;Dossier refusé;Signature Contrat;420.52
5765;26/05/2026 16:26:23;;Dossier refusé;Choix de l'offre et livraison;786.03
5766;26/05/2026 16:26:23;;Dossier refusé;Choix de l'offre et livraison;884.43
5767;26/05/2026 16:24:40;;Souscription en cours;Coordonnées personnelles;844.15
5768;26/05/2026 16:24:40;;Souscription en cours;Coordonnées personnelles;432.05
5769;26/05/2026 16:13:21;;Souscription en cours;Coordonnées personnelles;943.36
5770;26/05/2026 16:13:21;;Souscription en cours;Coordonnées personnelles;793.76
5771;26/05/2026 16:13:15;;Souscription en cours;Signature Contrat;650.75
5772;26/05/2026 16:13:15;;Souscription en cours;Signature Contrat;463.02
5773;26/05/2026 16:11:29;;Dossier validé;Parcours terminé;335.01
5774;26/05/2026 16:11:29;;Dossier validé;Parcours terminé;859.91
5775;26/05/2026 16:10:45;;Souscription en cours;Coordonnées personnelles;211.52
5776;26/05/2026 16:10:45;;Souscription en cours;Coordonnées personnelles;838.99
5777;26/05/2026 16:06:23;;Souscription en cours;Choix de l'offre et livraison;518.96
5778;26/05/2026 16:06:23;;Souscription en cours;Choix de l'offre et livraison;132.38
5779;26/05/2026 16:04:22;;Souscription en cours;Informations complémentaires (Etablissements, etc.);705.99
5780;26/05/2026 16:04:22;;Souscription en cours;Informations complémentaires (Etablissements, etc.);258.57
5781;26/05/2026 16:03:44;;Souscription en cours;Coordonnées personnelles;304.11
5782;26/05/2026 16:03:44;;Souscription en cours;Coordonnées personnelles;464.93
5783;26/05/2026 16:02:49;;Dossier validé;Parcours terminé;752.55
5784;26/05/2026 16:02:49;;Dossier validé;Parcours terminé;961.46
5785;26/05/2026 15:58:11;;Souscription en cours;Synchronisation référentiel personne NOVA;560.78
5786;26/05/2026 15:58:11;;Souscription en cours;Synchronisation référentiel personne NOVA;818.41
5787;26/05/2026 15:47:41;;Dossier validé;Parcours terminé;563.99
5788;26/05/2026 15:47:41;;Dossier validé;Parcours terminé;226.85
5789;26/05/2026 15:41:11;;Dossier refusé;Saisie société;406.85
5790;26/05/2026 15:41:11;;Dossier refusé;Saisie société;171.27
5791;26/05/2026 15:36:53;;Souscription non démarrée;Parcours non démarré;545.60
5792;26/05/2026 15:36:53;;Souscription non démarrée;Parcours non démarré;645.13
5793;26/05/2026 15:36:21;;Dossier validé;Parcours terminé;561.15
5794;26/05/2026 15:36:21;;Dossier validé;Parcours terminé;382.33
5795;26/05/2026 15:20:10;;Souscription en cours;Coordonnées personnelles;337.42
5796;26/05/2026 15:20:10;;Souscription en cours;Coordonnées personnelles;367.34
5797;26/05/2026 15:20:02;Hugo MARTIN;Dossier validé;Parcours terminé;578.39
5798;26/05/2026 15:20:02;Hugo MARTIN;Dossier validé;Parcours terminé;784.06
5799;26/05/2026 15:16:55;;Souscription non démarrée;Parcours non démarré;745.34
5800;26/05/2026 15:16:55;;Souscription non démarrée;Parcours non démarré;630.01
5801;26/05/2026 15:12:00;;Souscription en cours;Coordonnées personnelles;718.25
5802;26/05/2026 15:12:00;;Souscription en cours;Coordonnées personnelles;378.61
5803;26/05/2026 15:04:08;;Souscription en cours;Choix de l'offre et livraison;384.06
5804;26/05/2026 15:04:08;;Souscription en cours;Choix de l'offre et livraison;619.48
5805;26/05/2026 15:03:38;Hugo MARTIN;Dossier validé;Parcours terminé;994.22
5806;26/05/2026 15:03:38;Hugo MARTIN;Dossier validé;Parcours terminé;350.95
5807;26/05/2026 15:01:42;;Souscription en cours;Signature Contrat;520.68
5808;26/05/2026 15:01:42;;Souscription en cours;Signature Contrat;229.56
5809;26/05/2026 15:01:05;;Souscription en cours;Synchronisation référentiel personne NOVA;689.68
5810;26/05/2026 15:01:05;;Souscription en cours;Synchronisation référentiel personne NOVA;137.76
5811;26/05/2026 15:00:35;;Dossier validé;Parcours terminé;920.57
5812;26/05/2026 15:00:35;;Dossier validé;Parcours terminé;707.34
5813;26/05/2026 14:57:12;;Souscription en cours;Bénéficiaire effectifs;919.18
5814;26/05/2026 14:57:12;;Souscription en cours;Bénéficiaire effectifs;278.03
5815;26/05/2026 14:54:40;;Dossier validé;Parcours terminé;353.92
5816;26/05/2026 14:54:40;;Dossier validé;Parcours terminé;587.79
5817;26/05/2026 14:54:25;;Dossier validé;Parcours terminé;547.90
5818;26/05/2026 14:54:25;;Dossier validé;Parcours terminé;731.09
5819;26/05/2026 14:54:00;;Dossier validé;Parcours terminé;504.97
5820;26/05/2026 14:54:00;;Dossier validé;Parcours terminé;262.74
5821;26/05/2026 14:51:53;;Dossier refusé;Saisie société;244.12
5822;26/05/2026 14:51:53;;Dossier refusé;Saisie société;136.08
5823;26/05/2026 14:51:50;;Dossier validé;Parcours terminé;801.36
5824;26/05/2026 14:51:50;;Dossier validé;Parcours terminé;342.99
5825;26/05/2026 14:43:09;;Dossier validé;Parcours terminé;986.12
5826;26/05/2026 14:43:09;;Dossier validé;Parcours terminé;973.31
5827;26/05/2026 14:40:51;;Souscription non démarrée;Parcours non démarré;630.98
5828;26/05/2026 14:40:51;;Souscription non démarrée;Parcours non démarré;938.64
5829;26/05/2026 14:31:09;;Dossier validé;Parcours terminé;927.29
5830;26/05/2026 14:31:09;;Dossier validé;Parcours terminé;578.52
5831;26/05/2026 14:27:38;;Souscription en cours;Synchronisation référentiel personne NOVA;705.08
5832;26/05/2026 14:27:38;;Souscription en cours;Synchronisation référentiel personne NOVA;470.11
5833;26/05/2026 14:22:28;;Dossier validé;Parcours terminé;503.71
5834;26/05/2026 14:22:28;;Dossier validé;Parcours terminé;295.90
5835;26/05/2026 14:19:19;;Souscription en cours;Coordonnées personnelles;699.17
5836;26/05/2026 14:19:19;;Souscription en cours;Coordonnées personnelles;190.38
5837;26/05/2026 14:13:01;;Souscription en cours;Coordonnées personnelles;704.65
5838;26/05/2026 14:13:01;;Souscription en cours;Coordonnées personnelles;936.21
5839;26/05/2026 14:11:14;;Dossier refusé;Informations complémentaires (CA, Profession, etc.);281.03
5840;26/05/2026 14:11:14;;Dossier refusé;Informations complémentaires (CA, Profession, etc.);724.66
5841;26/05/2026 14:08:02;;Souscription en cours;Coordonnées personnelles;215.43
5842;26/05/2026 14:08:02;;Souscription en cours;Coordonnées personnelles;569.71
5843;26/05/2026 14:02:54;;Dossier validé;Parcours terminé;590.36
5844;26/05/2026 14:02:54;;Dossier validé;Parcours terminé;720.65
5845;26/05/2026 13:56:14;;Souscription en cours;Coordonnées personnelles;375.77
5846;26/05/2026 13:56:14;;Souscription en cours;Coordonnées personnelles;536.33
5847;26/05/2026 13:56:01;;Dossier validé;Parcours terminé;893.27
5848;26/05/2026 13:56:01;;Dossier validé;Parcours terminé;471.62
5849;26/05/2026 13:53:58;;Souscription en cours;Coordonnées personnelles;898.44
5850;26/05/2026 13:53:58;;Souscription en cours;Coordonnées personnelles;810.10
5851;26/05/2026 13:53:06;;Souscription en cours;Signature Contrat;658.97
5852;26/05/2026 13:53:06;;Souscription en cours;Signature Contrat;528.06
5853;26/05/2026 13:43:39;;Dossier validé;Parcours terminé;345.25
5854;26/05/2026 13:43:39;;Dossier validé;Parcours terminé;481.73
5855;26/05/2026 13:16:00;;Souscription non démarrée;Parcours non démarré;280.55
5856;26/05/2026 13:16:00;;Souscription non démarrée;Parcours non démarré;326.74
5857;26/05/2026 13:05:58;;Dossier refusé;Signature Contrat;978.48
5858;26/05/2026 13:05:58;;Dossier refusé;Signature Contrat;155.06
5859;26/05/2026 13:02:28;;Dossier validé;Parcours terminé;816.06
5860;26/05/2026 13:02:28;;Dossier validé;Parcours terminé;119.46
5861;26/05/2026 12:55:14;;En attente d'analyse Agent - Dossier avec erreurs;Signature Contrat;968.54
5862;26/05/2026 12:55:14;;En attente d'analyse Agent - Dossier avec erreurs;Signature Contrat;652.93
5863;26/05/2026 12:43:18;;Souscription en cours;Choix de l'offre et livraison;976.96
5864;26/05/2026 12:43:18;;Souscription en cours;Choix de l'offre et livraison;430.45
5865;26/05/2026 12:40:10;;Dossier validé;Parcours terminé;416.11
5866;26/05/2026 12:40:10;;Dossier validé;Parcours terminé;880.56
5867;26/05/2026 12:29:17;;En attente d'analyse Agent - Dossier avec erreurs;Signature Contrat;268.14
5868;26/05/2026 12:29:17;;En attente d'analyse Agent - Dossier avec erreurs;Signature Contrat;534.18
5869;26/05/2026 12:24:07;;Souscription en cours;Coordonnées personnelles;439.12
5870;26/05/2026 12:24:07;;Souscription en cours;Coordonnées personnelles;647.99
5871;26/05/2026 12:21:22;;Souscription non démarrée;Parcours non démarré;148.75
5872;26/05/2026 12:21:22;;Souscription non démarrée;Parcours non démarré;596.02
5873;26/05/2026 12:19:55;;Souscription non démarrée;Parcours non démarré;855.89
5874;26/05/2026 12:19:55;;Souscription non démarrée;Parcours non démarré;676.61
5875;26/05/2026 12:18:18;;En attente d'analyse Agent - Dossier avec erreurs;Signature Contrat;402.28
5876;26/05/2026 12:18:18;;En attente d'analyse Agent - Dossier avec erreurs;Signature Contrat;815.84
5877;26/05/2026 12:16:25;;Souscription en cours;Coordonnées personnelles;529.17
5878;26/05/2026 12:16:25;;Souscription en cours;Coordonnées personnelles;674.34
5879;26/05/2026 12:14:36;;Souscription en cours;Coordonnées personnelles;830.41
5880;26/05/2026 12:14:36;;Souscription en cours;Coordonnées personnelles;865.97
5881;26/05/2026 12:11:47;;Souscription en cours;Choix de l'offre et livraison;508.73
5882;26/05/2026 12:11:47;;Souscription en cours;Choix de l'offre et livraison;653.76
5883;26/05/2026 12:05:53;;Souscription non démarrée;Parcours non démarré;484.31
5884;26/05/2026 12:05:53;;Souscription non démarrée;Parcours non démarré;137.88
5885;26/05/2026 11:58:48;;Dossier validé;Parcours terminé;221.66
5886;26/05/2026 11:58:48;;Dossier validé;Parcours terminé;465.79
5887;26/05/2026 11:56:44;;Dossier validé;Parcours terminé;176.35
5888;26/05/2026 11:56:44;;Dossier validé;Parcours terminé;774.52
5889;26/05/2026 11:56:39;Hugo DUBOIS;Dossier validé;Parcours terminé;387.75
5890;26/05/2026 11:56:39;Hugo DUBOIS;Dossier validé;Parcours terminé;407.09
5891;26/05/2026 11:54:59;;Souscription en cours;Coordonnées personnelles;457.09
5892;26/05/2026 11:54:59;;Souscription en cours;Coordonnées personnelles;227.35
5893;26/05/2026 11:41:43;;Dossier validé;Parcours terminé;185.07
5894;26/05/2026 11:41:43;;Dossier validé;Parcours terminé;144.36
5895;26/05/2026 11:39:05;;Dossier refusé;Signature Contrat;555.42
5896;26/05/2026 11:39:05;;Dossier refusé;Signature Contrat;369.76
5897;26/05/2026 11:31:45;;Souscription non démarrée;Parcours non démarré;376.41
5898;26/05/2026 11:31:45;;Souscription non démarrée;Parcours non démarré;314.77
5899;26/05/2026 11:29:09;;Souscription en cours;Coordonnées personnelles;283.45
5900;26/05/2026 11:29:09;;Souscription en cours;Coordonnées personnelles;885.12
5901;26/05/2026 11:28:10;;Souscription en cours;Coordonnées personnelles;831.61
5902;26/05/2026 11:28:10;;Souscription en cours;Coordonnées personnelles;454.89
5903;26/05/2026 11:27:41;;Dossier validé;Parcours terminé;522.47
5904;26/05/2026 11:27:41;;Dossier validé;Parcours terminé;650.04
5905;26/05/2026 11:26:18;;Dossier validé;Parcours terminé;374.66
5906;26/05/2026 11:26:18;;Dossier validé;Parcours terminé;359.97
5907;26/05/2026 11:25:03;;Souscription en cours;Choix de l'offre et livraison;613.03
5908;26/05/2026 11:25:03;;Souscription en cours;Choix de l'offre et livraison;880.80
5909;26/05/2026 11:23:51;;Souscription en cours;Choix de l'offre et livraison;444.58
5910;26/05/2026 11:23:51;;Souscription en cours;Choix de l'offre et livraison;714.86
5911;26/05/2026 11:11:41;;Dossier validé;Parcours terminé;429.12
5912;26/05/2026 11:11:41;;Dossier validé;Parcours terminé;933.86
5913;26/05/2026 11:04:55;;Souscription en cours;Coordonnées personnelles;261.06
5914;26/05/2026 11:04:55;;Souscription en cours;Coordonnées personnelles;832.82
5915;26/05/2026 11:00:06;;Dossier validé;Parcours terminé;296.01
5916;26/05/2026 11:00:06;;Dossier validé;Parcours terminé;789.02
5917;26/05/2026 11:00:00;;Dossier refusé;Signature Contrat;855.07
5918;26/05/2026 11:00:00;;Dossier refusé;Signature Contrat;675.97
5919;26/05/2026 10:54:48;;Souscription en cours;Choix de l'offre et livraison;873.85
5920;26/05/2026 10:54:48;;Souscription en cours;Choix de l'offre et livraison;689.52
5921;26/05/2026 10:54:19;;Souscription non démarrée;Parcours non démarré;538.20
5922;26/05/2026 10:54:19;;Souscription non démarrée;Parcours non démarré;331.67
5923;26/05/2026 10:46:48;;Dossier validé;Parcours terminé;974.63
5924;26/05/2026 10:46:48;;Dossier validé;Parcours terminé;543.41
5925;26/05/2026 10:40:44;;Souscription en cours;Coordonnées personnelles;857.70
5926;26/05/2026 10:40:44;;Souscription en cours;Coordonnées personnelles;759.46
5927;26/05/2026 10:40:12;;Dossier validé;Parcours terminé;522.69
5928;26/05/2026 10:40:12;;Dossier validé;Parcours terminé;403.19
5929;26/05/2026 10:39:19;;Dossier validé;Parcours terminé;886.20
5930;26/05/2026 10:39:19;;Dossier validé;Parcours terminé;825.62
5931;26/05/2026 10:39:01;;Dossier validé;Parcours terminé;831.08
5932;26/05/2026 10:39:01;;Dossier validé;Parcours terminé;644.73
5933;26/05/2026 10:38:24;;Dossier validé;Parcours terminé;961.89
5934;26/05/2026 10:38:24;;Dossier validé;Parcours terminé;119.36
5935;26/05/2026 10:36:30;;Souscription en cours;Choix de l'offre et livraison;412.75
5936;26/05/2026 10:36:30;;Souscription en cours;Choix de l'offre et livraison;271.77
5937;26/05/2026 10:35:39;;Souscription non démarrée;Parcours non démarré;428.46
5938;26/05/2026 10:35:39;;Souscription non démarrée;Parcours non démarré;276.31
5939;26/05/2026 10:14:52;;Dossier validé;Parcours terminé;680.77
5940;26/05/2026 10:14:52;;Dossier validé;Parcours terminé;716.08
5941;26/05/2026 10:13:52;;Souscription en cours;Vérification d'identité;633.10
5942;26/05/2026 10:13:52;;Souscription en cours;Vérification d'identité;873.42
5943;26/05/2026 10:06:06;;Souscription en cours;Choix de l'offre et livraison;939.68
5944;26/05/2026 10:06:06;;Souscription en cours;Choix de l'offre et livraison;618.51
5945;26/05/2026 09:52:27;;Souscription en cours;Synchronisation référentiel personne NOVA;384.83
5946;26/05/2026 09:52:27;;Souscription en cours;Synchronisation référentiel personne NOVA;128.97
5947;26/05/2026 09:47:30;;Souscription en cours;Coordonnées personnelles;573.25
5948;26/05/2026 09:47:30;;Souscription en cours;Coordonnées personnelles;461.76
5949;26/05/2026 09:43:03;;Dossier validé;Parcours terminé;349.93
5950;26/05/2026 09:43:03;;Dossier validé;Parcours terminé;539.00
5951;26/05/2026 09:41:11;;Dossier refusé;Saisie société;808.22
5952;26/05/2026 09:41:11;;Dossier refusé;Saisie société;219.40
5953;26/05/2026 09:38:37;;Dossier validé;Parcours terminé;232.23
5954;26/05/2026 09:38:37;;Dossier validé;Parcours terminé;131.63
5955;26/05/2026 09:36:55;;Dossier validé;Parcours terminé;552.53
5956;26/05/2026 09:36:55;;Dossier validé;Parcours terminé;194.82
5957;26/05/2026 09:36:31;;Dossier refusé;Saisie société;385.41
5958;26/05/2026 09:36:31;;Dossier refusé;Saisie société;428.27
5959;26/05/2026 09:35:58;;Souscription en cours;Coordonnées personnelles;195.80
5960;26/05/2026 09:35:58;;Souscription en cours;Coordonnées personnelles;689.38
5961;26/05/2026 09:28:07;;Dossier validé;Parcours terminé;960.69
5962;26/05/2026 09:28:07;;Dossier validé;Parcours terminé;219.46
5963;26/05/2026 09:25:17;;Souscription en cours;Coordonnées personnelles;907.80
5964;26/05/2026 09:25:17;;Souscription en cours;Coordonnées personnelles;600.23
5965;26/05/2026 09:08:58;Z5750800;Dossier validé;Parcours terminé;877.41
5966;26/05/2026 09:08:58;Z5750800;Dossier validé;Parcours terminé;443.13
5967;26/05/2026 09:04:57;;Souscription en cours;Choix de l'offre et livraison;543.82
5968;26/05/2026 09:04:57;;Souscription en cours;Choix de l'offre et livraison;384.59
5969;26/05/2026 08:58:10;;Dossier refusé;Saisie société;925.37
5970;26/05/2026 08:58:10;;Dossier refusé;Saisie société;394.58
5971;26/05/2026 08:40:10;;Souscription en cours;Coordonnées personnelles;355.77
5972;26/05/2026 08:40:10;;Souscription en cours;Coordonnées personnelles;872.54
5973;26/05/2026 08:37:03;;Dossier validé;Parcours terminé;762.26
5974;26/05/2026 08:37:03;;Dossier validé;Parcours terminé;695.25
5975;26/05/2026 08:15:24;;Dossier validé;Parcours terminé;146.90
5976;26/05/2026 08:15:24;;Dossier validé;Parcours terminé;463.26
5977;26/05/2026 08:02:08;;Dossier refusé;Saisie société;246.11
5978;26/05/2026 08:02:08;;Dossier refusé;Saisie société;507.91
5979;26/05/2026 07:57:27;;Dossier validé;Parcours terminé;329.09
5980;26/05/2026 07:57:27;;Dossier validé;Parcours terminé;218.02
5981;26/05/2026 07:52:54;;Dossier validé;Parcours terminé;166.40
5982;26/05/2026 07:52:54;;Dossier validé;Parcours terminé;295.25
5983;26/05/2026 06:17:52;;Souscription en cours;Vérification d'identité;424.40
5984;26/05/2026 06:17:52;;Souscription en cours;Vérification d'identité;732.08
5985;26/05/2026 05:06:07;;Souscription en cours;Coordonnées personnelles;839.47
5986;26/05/2026 05:06:07;;Souscription en cours;Coordonnées personnelles;297.66
5987;26/05/2026 04:54:14;;Dossier validé;Parcours terminé;125.43
5988;26/05/2026 04:54:14;;Dossier validé;Parcours terminé;815.07
5989;26/05/2026 02:56:15;;Souscription en cours;Vérification d'identité;176.35
5990;26/05/2026 02:56:15;;Souscription en cours;Vérification d'identité;906.40
5991;26/05/2026 02:52:09;;Souscription en cours;Coordonnées personnelles;563.61
5992;26/05/2026 02:52:09;;Souscription en cours;Coordonnées personnelles;168.03
5993;26/05/2026 02:47:16;;Dossier validé;Parcours terminé;110.87
5994;26/05/2026 02:47:16;;Dossier validé;Parcours terminé;762.09
5995;26/05/2026 02:14:43;;Dossier refusé;Saisie société;388.28
5996;26/05/2026 02:14:43;;Dossier refusé;Saisie société;637.96
5997;26/05/2026 02:08:38;;Souscription en cours;Informations complémentaires (Etablissements, etc.);571.35
5998;26/05/2026 02:08:38;;Souscription en cours;Informations complémentaires (Etablissements, etc.);695.17
5999;26/05/2026 02:01:23;;Dossier validé;Parcours terminé;589.07
6000;26/05/2026 02:01:23;;Dossier validé;Parcours terminé;269.51
6001;26/05/2026 01:31:26;;Dossier refusé;Saisie société;782.30
6002;26/05/2026 01:31:26;;Dossier refusé;Saisie société;744.52
6003;26/05/2026 00:47:16;;En attente d'analyse Agent - Dossier avec erreurs;Signature Contrat;127.06
6004;26/05/2026 00:47:16;;En attente d'analyse Agent - Dossier avec erreurs;Signature Contrat;949.46
6005;26/05/2026 00:30:17;;Dossier validé;Parcours terminé;608.93
6006;26/05/2026 00:30:17;;Dossier validé;Parcours terminé;475.96
6007;26/05/2026 00:23:57;;Dossier refusé;Saisie société;142.27
6008;26/05/2026 00:23:57;;Dossier refusé;Saisie société;606.99
6009;26/05/2026 00:19:33;;Dossier refusé;Signature Contrat;942.53
6010;26/05/2026 00:19:33;;Dossier refusé;Signature Contrat;454.96
6011;26/05/2026 00:18:12;;Souscription en cours;Signature Contrat;282.37
6012;26/05/2026 00:18:12;;Souscription en cours;Signature Contrat;431.85
6013;26/05/2026 00:15:18;;Dossier refusé;Saisie société;886.15
6014;26/05/2026 00:15:18;;Dossier refusé;Saisie société;382.68
6015;26/05/2026 00:03:32;;Dossier validé;Parcours terminé;455.66
6016;26/05/2026 00:03:32;;Dossier validé;Parcours terminé;279.18
6017;25/05/2026 23:39:41;;Dossier refusé;Saisie société;272.43
6018;25/05/2026 23:39:41;;Dossier refusé;Saisie société;157.50
6019;25/05/2026 23:07:21;;Dossier refusé;Saisie société;492.82
6020;25/05/2026 23:07:21;;Dossier refusé;Saisie société;763.13
6021;25/05/2026 23:06:18;;Souscription en cours;Criblages BE(s);595.36
6022;25/05/2026 23:06:18;;Souscription en cours;Criblages BE(s);702.89
6023;25/05/2026 23:01:39;;Dossier validé;Parcours terminé;252.49
6024;25/05/2026 23:01:39;;Dossier validé;Parcours terminé;458.40
6025;25/05/2026 22:58:19;;Dossier validé;Parcours terminé;564.73
6026;25/05/2026 22:58:19;;Dossier validé;Parcours terminé;788.08
6027;25/05/2026 22:57:23;;Souscription en cours;Bénéficiaire effectifs;248.66
6028;25/05/2026 22:57:23;;Souscription en cours;Bénéficiaire effectifs;489.54
6029;25/05/2026 22:17:42;;Souscription en cours;Coordonnées personnelles;354.36
6030;25/05/2026 22:17:42;;Souscription en cours;Coordonnées personnelles;994.57
6031;25/05/2026 22:07:51;;Dossier validé;Parcours terminé;948.58
6032;25/05/2026 22:07:51;;Dossier validé;Parcours terminé;568.32
6033;25/05/2026 22:01:54;;Souscription en cours;Informations complémentaires (CA, Profession, etc.);269.68
6034;25/05/2026 22:01:54;;Souscription en cours;Informations complémentaires (CA, Profession, etc.);321.15
6035;25/05/2026 21:46:30;;Souscription en cours;Signature Contrat;280.77
6036;25/05/2026 21:46:30;;Souscription en cours;Signature Contrat;959.22
6037;25/05/2026 21:33:54;;Souscription en cours;Choix de l'offre et livraison;136.65
6038;25/05/2026 21:33:54;;Souscription en cours;Choix de l'offre et livraison;534.56
6039;25/05/2026 21:28:58;;Dossier validé;Parcours terminé;755.49
6040;25/05/2026 21:28:58;;Dossier validé;Parcours terminé;814.50
6041;25/05/2026 21:22:56;;En attente d'analyse Agent - Dossier avec erreurs;Signature Contrat;350.70
6042;25/05/2026 21:22:56;;En attente d'analyse Agent - Dossier avec erreurs;Signature Contrat;148.43
6043;25/05/2026 21:13:20;;Dossier validé;Parcours terminé;835.89
6044;25/05/2026 21:13:20;;Dossier validé;Parcours terminé;836.53
6045;25/05/2026 21:09:35;;Souscription en cours;Vérification d'identité;959.32
6046;25/05/2026 21:09:35;;Souscription en cours;Vérification d'identité;726.89
6047;25/05/2026 21:05:18;;Dossier validé;Parcours terminé;521.84
6048;25/05/2026 21:05:18;;Dossier validé;Parcours terminé;297.21
6049;25/05/2026 20:55:03;Manon LEFEBVRE;Dossier refusé;Saisie société;527.84
6050;25/05/2026 20:55:03;Manon LEFEBVRE;Dossier refusé;Saisie société;334.44
6051;25/05/2026 20:40:46;;Dossier refusé;Saisie société;853.23
6052;25/05/2026 20:40:46;;Dossier refusé;Saisie société;918.40
6053;25/05/2026 20:35:28;;Dossier validé;Parcours terminé;802.04
6054;25/05/2026 20:35:28;;Dossier validé;Parcours terminé;750.27
6055;25/05/2026 20:34:10;;Dossier refusé;Saisie société;401.40
6056;25/05/2026 20:34:10;;Dossier refusé;Saisie société;368.58
6057;25/05/2026 20:26:47;;Souscription en cours;Coordonnées personnelles;556.41
6058;25/05/2026 20:26:47;;Souscription en cours;Coordonnées personnelles;669.64
6059;25/05/2026 20:25:22;;Souscription en cours;Vérification d'identité;692.23
6060;25/05/2026 20:25:22;;Souscription en cours;Vérification d'identité;778.83
6061;25/05/2026 19:03:50;;Souscription en cours;Vérification d'identité;569.29
6062;25/05/2026 19:03:50;;Souscription en cours;Vérification d'identité;499.31
6063;25/05/2026 18:59:02;;Dossier validé;Parcours terminé;842.00
6064;25/05/2026 18:59:02;;Dossier validé;Parcours terminé;955.34
6065;25/05/2026 18:55:18;;Dossier validé;Parcours terminé;539.26
6066;25/05/2026 18:55:18;;Dossier validé;Parcours terminé;464.65
6067;25/05/2026 18:46:09;;Souscription en cours;Choix de l'offre et livraison;847.36
6068;25/05/2026 18:46:09;;Souscription en cours;Choix de l'offre et livraison;160.14
6069;25/05/2026 18:42:55;;Souscription en cours;Vérification d'identité;435.40
6070;25/05/2026 18:42:55;;Souscription en cours;Vérification d'identité;480.42
6071;25/05/2026 18:35:46;;Dossier validé;Parcours terminé;139.11
6072;25/05/2026 18:35:46;;Dossier validé;Parcours terminé;145.14
6073;25/05/2026 18:31:53;;Souscription en cours;Choix de l'offre et livraison;347.54
6074;25/05/2026 18:31:53;;Souscription en cours;Choix de l'offre et livraison;502.30
6075;25/05/2026 18:30:28;;Dossier refusé;Bénéficiaire effectifs;594.22
6076;25/05/2026 18:30:28;;Dossier refusé;Bénéficiaire effectifs;391.48
6077;25/05/2026 18:26:14;;Dossier validé;Parcours terminé;335.39
6078;25/05/2026 18:26:14;;Dossier validé;Parcours terminé;109.26
6079;25/05/2026 18:10:37;Hugo MARTIN;Dossier validé;Parcours terminé;403.18
6080;25/05/2026 18:10:37;Hugo MARTIN;Dossier validé;Parcours terminé;646.83
6081;25/05/2026 17:51:28;;Souscription en cours;Choix de l'offre et livraison;944.55
6082;25/05/2026 17:51:28;;Souscription en cours;Choix de l'offre et livraison;988.45
6083;25/05/2026 17:39:50;;Dossier validé;Parcours terminé;730.53
6084;25/05/2026 17:39:50;;Dossier validé;Parcours terminé;240.36
6085;25/05/2026 17:32:04;Adam LAURENT;Dossier validé;Parcours terminé;610.59
6086;25/05/2026 17:32:04;Adam LAURENT;Dossier validé;Parcours terminé;664.52
6087;25/05/2026 17:29:51;;Dossier refusé;Saisie société;164.13
6088;25/05/2026 17:29:51;;Dossier refusé;Saisie société;411.96
6089;25/05/2026 17:26:52;;Dossier validé;Parcours terminé;845.00
6090;25/05/2026 17:26:52;;Dossier validé;Parcours terminé;622.17
6091;25/05/2026 17:24:02;;Souscription non démarrée;Parcours non démarré;774.96
6092;25/05/2026 17:24:02;;Souscription non démarrée;Parcours non démarré;543.67
6093;25/05/2026 17:22:19;;Dossier validé;Parcours terminé;361.04
6094;25/05/2026 17:22:19;;Dossier validé;Parcours terminé;924.33
6095;25/05/2026 17:10:28;;Souscription en cours;Coordonnées personnelles;955.66
6096;25/05/2026 17:10:28;;Souscription en cours;Coordonnées personnelles;187.16
6097;25/05/2026 17:06:47;;Dossier refusé;Signature Contrat;751.50
6098;25/05/2026 17:06:47;;Dossier refusé;Signature Contrat;609.87
6099;25/05/2026 17:00:26;;Souscription en cours;Coordonnées personnelles;642.30
6100;25/05/2026 17:00:26;;Souscription en cours;Coordonnées personnelles;785.08
6101;25/05/2026 16:56:36;;Souscription en cours;Coordonnées personnelles;839.94
6102;25/05/2026 16:56:36;;Souscription en cours;Coordonnées personnelles;749.14
6103;25/05/2026 16:52:49;Hugo MARTIN;Dossier refusé;Saisie société;907.79
6104;25/05/2026 16:52:49;Hugo MARTIN;Dossier refusé;Saisie société;663.63
6105;25/05/2026 16:50:27;;Dossier validé;Parcours terminé;842.80
6106;25/05/2026 16:50:27;;Dossier validé;Parcours terminé;815.43
6107;25/05/2026 16:43:10;;Dossier refusé;Saisie société;650.34
6108;25/05/2026 16:43:10;;Dossier refusé;Saisie société;779.31
6109;25/05/2026 16:42:16;;Souscription en cours;Coordonnées personnelles;301.07
6110;25/05/2026 16:42:16;;Souscription en cours;Coordonnées personnelles;804.08
6111;25/05/2026 16:41:33;;Dossier validé;Parcours terminé;792.75
6112;25/05/2026 16:41:33;;Dossier validé;Parcours terminé;934.79
6113;25/05/2026 16:40:08;;Souscription non démarrée;Parcours non démarré;163.84
6114;25/05/2026 16:40:08;;Souscription non démarrée;Parcours non démarré;961.61
6115;25/05/2026 16:38:36;;Dossier validé;Parcours terminé;814.20
6116;25/05/2026 16:38:36;;Dossier validé;Parcours terminé;790.91
6117;25/05/2026 16:35:38;;Dossier refusé;Signature Contrat;516.65
6118;25/05/2026 16:35:38;;Dossier refusé;Signature Contrat;216.45
6119;25/05/2026 16:33:54;;Dossier validé;Parcours terminé;977.47
6120;25/05/2026 16:33:54;;Dossier validé;Parcours terminé;113.54
6121;25/05/2026 16:32:47;;En attente d'analyse Agent - Dossier avec erreurs;Signature Contrat;629.86
6122;25/05/2026 16:32:47;;En attente d'analyse Agent - Dossier avec erreurs;Signature Contrat;846.79
6123;25/05/2026 16:31:18;;Souscription non démarrée;Parcours non démarré;947.71
6124;25/05/2026 16:31:18;;Souscription non démarrée;Parcours non démarré;540.53
6125;25/05/2026 16:29:33;;Dossier refusé;Saisie société;991.63
6126;25/05/2026 16:29:33;;Dossier refusé;Saisie société;947.56
6127;25/05/2026 16:25:38;;Dossier validé;Parcours terminé;408.53
6128;25/05/2026 16:25:38;;Dossier validé;Parcours terminé;712.43
6129;25/05/2026 16:24:22;;Souscription non démarrée;Parcours non démarré;294.51
6130;25/05/2026 16:24:22;;Souscription non démarrée;Parcours non démarré;245.79
6131;25/05/2026 16:06:17;;Dossier validé;Parcours terminé;406.65
6132;25/05/2026 16:06:17;;Dossier validé;Parcours terminé;473.33
6133;25/05/2026 15:55:45;;Dossier validé;Parcours terminé;175.28
6134;25/05/2026 15:55:45;;Dossier validé;Parcours terminé;675.71
6135;25/05/2026 15:50:20;Hugo MARTIN;Dossier refusé;Saisie société;984.35
6136;25/05/2026 15:50:20;Hugo MARTIN;Dossier refusé;Saisie société;814.82
6137;25/05/2026 15:48:12;;Souscription en cours;Vérification d'identité;577.95
6138;25/05/2026 15:48:12;;Souscription en cours;Vérification d'identité;512.87
6139;25/05/2026 15:43:58;;Dossier validé;Parcours terminé;123.32
6140;25/05/2026 15:43:58;;Dossier validé;Parcours terminé;103.70
6141;25/05/2026 15:37:37;;Dossier refusé;Saisie société;663.41
6142;25/05/2026 15:37:37;;Dossier refusé;Saisie société;670.42
6143;25/05/2026 15:32:59;;Dossier validé;Parcours terminé;728.86
6144;25/05/2026 15:32:59;;Dossier validé;Parcours terminé;747.04
6145;25/05/2026 15:31:26;;Dossier validé;Parcours terminé;465.05
6146;25/05/2026 15:31:26;;Dossier validé;Parcours terminé;851.06
6147;25/05/2026 15:30:40;;Souscription en cours;Synchronisation référentiel personne NOVA;476.92
6148;25/05/2026 15:30:40;;Souscription en cours;Synchronisation référentiel personne NOVA;613.29
6149;25/05/2026 15:21:57;;Dossier validé;Parcours terminé;602.52
6150;25/05/2026 15:21:57;;Dossier validé;Parcours terminé;191.91
6151;25/05/2026 15:15:15;;Souscription en cours;Vérification d'identité;497.77
6152;25/05/2026 15:15:15;;Souscription en cours;Vérification d'identité;639.40
6153;25/05/2026 15:02:22;;Souscription en cours;Choix de l'offre et livraison;308.74
6154;25/05/2026 15:02:22;;Souscription en cours;Choix de l'offre et livraison;497.47
6155;25/05/2026 15:00:49;;Dossier refusé;Saisie société;975.57
6156;25/05/2026 15:00:49;;Dossier refusé;Saisie société;466.12
6157;25/05/2026 14:47:48;;Dossier validé;Parcours terminé;725.82
6158;25/05/2026 14:47:48;;Dossier validé;Parcours terminé;722.11
6159;25/05/2026 14:38:27;;Souscription en cours;Coordonnées personnelles;507.04
6160;25/05/2026 14:38:27;;Souscription en cours;Coordonnées personnelles;632.74
6161;25/05/2026 14:23:37;;Dossier validé;Parcours terminé;220.82
6162;25/05/2026 14:23:37;;Dossier validé;Parcours terminé;762.93
6163;25/05/2026 14:04:44;;Dossier refusé;Saisie société;448.48
6164;25/05/2026 14:04:44;;Dossier refusé;Saisie société;571.70
6165;25/05/2026 14:04:17;;Dossier validé;Parcours terminé;910.58
6166;25/05/2026 14:04:17;;Dossier validé;Parcours terminé;191.23
6167;25/05/2026 14:01:26;;Souscription en cours;Bénéficiaire effectifs;505.64
6168;25/05/2026 14:01:26;;Souscription en cours;Bénéficiaire effectifs;256.25
6169;25/05/2026 13:55:32;;Dossier validé;Parcours terminé;123.75
6170;25/05/2026 13:55:32;;Dossier validé;Parcours terminé;415.41
6171;25/05/2026 13:55:05;;Dossier refusé;Saisie société;807.28
6172;25/05/2026 13:55:05;;Dossier refusé;Saisie société;158.48
6173;25/05/2026 13:30:30;;Souscription non démarrée;Parcours non démarré;255.94
6174;25/05/2026 13:30:30;;Souscription non démarrée;Parcours non démarré;488.57
6175;25/05/2026 13:27:20;;Souscription non démarrée;Parcours non démarré;516.21
6176;25/05/2026 13:27:20;;Souscription non démarrée;Parcours non démarré;553.67
6177;25/05/2026 13:10:30;;Souscription non démarrée;Parcours non démarré;246.51
6178;25/05/2026 13:10:30;;Souscription non démarrée;Parcours non démarré;992.40
6179;25/05/2026 13:06:02;;Souscription en cours;Coordonnées personnelles;321.46
6180;25/05/2026 13:06:02;;Souscription en cours;Coordonnées personnelles;154.17
6181;25/05/2026 12:56:36;;Dossier refusé;Signature Contrat;953.39
6182;25/05/2026 12:56:36;;Dossier refusé;Signature Contrat;128.33
6183;25/05/2026 12:42:09;;Souscription en cours;Coordonnées personnelles;899.01
6184;25/05/2026 12:42:09;;Souscription en cours;Coordonnées personnelles;906.60
6185;25/05/2026 12:39:37;;Souscription en cours;Choix de l'offre et livraison;320.63
6186;25/05/2026 12:39:37;;Souscription en cours;Choix de l'offre et livraison;528.35
6187;25/05/2026 12:33:21;;Dossier validé;Parcours terminé;384.62
6188;25/05/2026 12:33:21;;Dossier validé;Parcours terminé;882.15
6189;25/05/2026 12:28:19;;Dossier validé;Parcours terminé;305.84
6190;25/05/2026 12:28:19;;Dossier validé;Parcours terminé;878.73
6191;25/05/2026 12:16:41;;Souscription en cours;Coordonnées personnelles;789.23
6192;25/05/2026 12:16:41;;Souscription en cours;Coordonnées personnelles;216.90
6193;25/05/2026 12:09:50;;Souscription en cours;Coordonnées personnelles;122.61
6194;25/05/2026 12:09:50;;Souscription en cours;Coordonnées personnelles;836.35
6195;25/05/2026 12:06:01;;Souscription en cours;Informations complémentaires (CA, Profession, etc.);419.91
6196;25/05/2026 12:06:01;;Souscription en cours;Informations complémentaires (CA, Profession, etc.);109.10
6197;25/05/2026 12:04:01;;Dossier validé;Parcours terminé;826.92
6198;25/05/2026 12:04:01;;Dossier validé;Parcours terminé;716.34
6199;25/05/2026 11:56:56;;Dossier validé;Parcours terminé;281.79
6200;25/05/2026 11:56:56;;Dossier validé;Parcours terminé;317.65
6201;25/05/2026 11:50:51;;Dossier validé;Parcours terminé;630.58
6202;25/05/2026 11:50:51;;Dossier validé;Parcours terminé;128.97
6203;25/05/2026 11:46:34;;Souscription en cours;Coordonnées personnelles;534.19
6204;25/05/2026 11:46:34;;Souscription en cours;Coordonnées personnelles;284.25
6205;25/05/2026 11:38:33;;Dossier validé;Parcours terminé;925.45
6206;25/05/2026 11:38:33;;Dossier validé;Parcours terminé;737.18
6207;25/05/2026 11:24:07;Zoé MULLER;Dossier validé;Parcours terminé;456.68
6208;25/05/2026 11:24:07;Zoé MULLER;Dossier validé;Parcours terminé;386.05
6209;25/05/2026 11:02:48;;Souscription non démarrée;Parcours non démarré;196.80
6210;25/05/2026 11:02:48;;Souscription non démarrée;Parcours non démarré;296.01
6211;25/05/2026 11:00:55;;Souscription en cours;Coordonnées personnelles;377.80
6212;25/05/2026 11:00:55;;Souscription en cours;Coordonnées personnelles;253.45
6213;25/05/2026 10:58:17;;Souscription en cours;Coordonnées personnelles;817.72
6214;25/05/2026 10:58:17;;Souscription en cours;Coordonnées personnelles;802.56
6215;25/05/2026 10:46:33;Rayan MICHEL;Dossier validé;Parcours terminé;203.49
6216;25/05/2026 10:46:33;Rayan MICHEL;Dossier validé;Parcours terminé;880.59
6217;25/05/2026 10:41:24;;Dossier validé;Parcours terminé;847.20
6218;25/05/2026 10:41:24;;Dossier validé;Parcours terminé;650.12
6219;25/05/2026 10:39:31;;Dossier validé;Parcours terminé;404.67
6220;25/05/2026 10:39:31;;Dossier validé;Parcours terminé;984.11
6221;25/05/2026 10:34:43;;Dossier validé;Parcours terminé;695.69
6222;25/05/2026 10:34:43;;Dossier validé;Parcours terminé;102.71
6223;25/05/2026 10:30:36;;Souscription non démarrée;Parcours non démarré;123.86
6224;25/05/2026 10:30:36;;Souscription non démarrée;Parcours non démarré;818.70
6225;25/05/2026 10:29:22;;Souscription en cours;Coordonnées personnelles;338.76
6226;25/05/2026 10:29:22;;Souscription en cours;Coordonnées personnelles;861.60
6227;25/05/2026 10:28:24;;Souscription en cours;Coordonnées personnelles;499.26
6228;25/05/2026 10:28:24;;Souscription en cours;Coordonnées personnelles;494.97
6229;25/05/2026 10:21:07;;Dossier validé;Parcours terminé;834.96
6230;25/05/2026 10:21:07;;Dossier validé;Parcours terminé;207.52
6231;25/05/2026 10:14:49;;Souscription non démarrée;Parcours non démarré;869.39
6232;25/05/2026 10:14:49;;Souscription non démarrée;Parcours non démarré;965.73
6233;25/05/2026 10:14:03;;Souscription en cours;Coordonnées personnelles;463.35
6234;25/05/2026 10:14:03;;Souscription en cours;Coordonnées personnelles;715.71
6235;25/05/2026 10:12:54;;Souscription en cours;Vérification d'identité;179.51
6236;25/05/2026 10:12:54;;Souscription en cours;Vérification d'identité;266.70
6237;25/05/2026 10:11:25;;Dossier validé;Parcours terminé;153.81
6238;25/05/2026 10:11:25;;Dossier validé;Parcours terminé;693.09
6239;25/05/2026 10:10:43;;Dossier validé;Parcours terminé;219.75
6240;25/05/2026 10:10:43;;Dossier validé;Parcours terminé;412.26
6241;25/05/2026 10:07:56;;Souscription en cours;Vérification d'identité;227.91
6242;25/05/2026 10:07:56;;Souscription en cours;Vérification d'identité;628.99
6243;25/05/2026 10:06:59;;Souscription non démarrée;Parcours non démarré;830.16
6244;25/05/2026 10:06:59;;Souscription non démarrée;Parcours non démarré;649.18
6245;25/05/2026 10:06:35;;Dossier validé;Parcours terminé;988.45
6246;25/05/2026 10:06:35;;Dossier validé;Parcours terminé;526.27
6247;25/05/2026 10:01:49;;Dossier refusé;Saisie société;998.05
6248;25/05/2026 10:01:49;;Dossier refusé;Saisie société;414.58
6249;25/05/2026 09:54:25;;Dossier validé;Parcours terminé;557.91
6250;25/05/2026 09:54:25;;Dossier validé;Parcours terminé;325.87
6251;25/05/2026 09:54:24;;Souscription en cours;Coordonnées personnelles;710.48
6252;25/05/2026 09:54:24;;Souscription en cours;Coordonnées personnelles;914.85
6253;25/05/2026 09:50:00;;Dossier validé;Parcours terminé;165.78
6254;25/05/2026 09:50:00;;Dossier validé;Parcours terminé;284.55
6255;25/05/2026 09:37:56;;Dossier validé;Parcours terminé;208.79
6256;25/05/2026 09:37:56;;Dossier validé;Parcours terminé;718.57
6257;25/05/2026 09:37:53;;Souscription non démarrée;Parcours non démarré;590.17
6258;25/05/2026 09:37:53;;Souscription non démarrée;Parcours non démarré;388.45
6259;25/05/2026 09:35:53;;Souscription en cours;Criblages BE(s);506.89
6260;25/05/2026 09:35:53;;Souscription en cours;Criblages BE(s);329.22
6261;25/05/2026 09:31:40;;Dossier validé;Parcours terminé;462.96
6262;25/05/2026 09:31:40;;Dossier validé;Parcours terminé;229.19
6263;25/05/2026 09:30:45;;Dossier validé;Parcours terminé;966.44
6264;25/05/2026 09:30:45;;Dossier validé;Parcours terminé;972.89
6265;25/05/2026 09:18:41;;Dossier validé;Parcours terminé;289.61
6266;25/05/2026 09:18:41;;Dossier validé;Parcours terminé;566.73
6267;25/05/2026 09:07:54;;Dossier refusé;Saisie société;100.59
6268;25/05/2026 09:07:54;;Dossier refusé;Saisie société;792.19
6269;25/05/2026 09:01:14;;Souscription en cours;Informations complémentaires (CA, Profession, etc.);880.04
6270;25/05/2026 09:01:14;;Souscription en cours;Informations complémentaires (CA, Profession, etc.);457.14
6271;25/05/2026 09:00:33;Adam LAURENT;Dossier refusé;Saisie société;404.44
6272;25/05/2026 09:00:33;Adam LAURENT;Dossier refusé;Saisie société;659.45
6273;25/05/2026 08:53:14;Hugo MARTIN;Dossier validé;Parcours terminé;956.91
6274;25/05/2026 08:53:14;Hugo MARTIN;Dossier validé;Parcours terminé;316.39
6275;25/05/2026 08:38:03;;Dossier validé;Parcours terminé;410.38
6276;25/05/2026 08:38:03;;Dossier validé;Parcours terminé;696.90
6277;25/05/2026 08:00:40;;Dossier validé;Parcours terminé;279.65
6278;25/05/2026 08:00:40;;Dossier validé;Parcours terminé;950.89
6279;25/05/2026 07:52:07;;En attente d'analyse Agent - Dossier avec erreurs;Signature Contrat;646.47
6280;25/05/2026 07:52:07;;En attente d'analyse Agent - Dossier avec erreurs;Signature Contrat;397.98
6281;25/05/2026 07:42:42;;Dossier validé;Parcours terminé;384.51
6282;25/05/2026 07:42:42;;Dossier validé;Parcours terminé;572.67
6283;25/05/2026 06:29:43;;Souscription non démarrée;Parcours non démarré;293.74
6284;25/05/2026 06:29:43;;Souscription non démarrée;Parcours non démarré;467.10
6285;25/05/2026 05:42:05;;Souscription non démarrée;Parcours non démarré;956.99
6286;25/05/2026 05:42:05;;Souscription non démarrée;Parcours non démarré;989.68
6287;25/05/2026 03:42:32;;Dossier validé;Parcours terminé;292.41
6288;25/05/2026 03:42:32;;Dossier validé;Parcours terminé;568.89
6289;25/05/2026 03:35:34;;Souscription en cours;Coordonnées personnelles;539.95
6290;25/05/2026 03:35:34;;Souscription en cours;Coordonnées personnelles;798.76
6291;25/05/2026 03:13:53;;Dossier validé;Parcours terminé;487.55
6292;25/05/2026 03:13:53;;Dossier validé;Parcours terminé;757.28
6293;25/05/2026 02:49:35;;Souscription en cours;Coordonnées personnelles;524.05
6294;25/05/2026 02:49:35;;Souscription en cours;Coordonnées personnelles;176.91
6295;25/05/2026 02:49:05;;Dossier validé;Parcours terminé;354.47
6296;25/05/2026 02:49:05;;Dossier validé;Parcours terminé;940.05
6297;25/05/2026 02:45:40;;Souscription non démarrée;Parcours non démarré;782.38
6298;25/05/2026 02:45:40;;Souscription non démarrée;Parcours non démarré;155.98
6299;25/05/2026 01:30:49;Hugo DUBOIS;Dossier validé;Parcours terminé;699.83
6300;25/05/2026 01:30:49;Hugo DUBOIS;Dossier validé;Parcours terminé;359.66
6301;25/05/2026 01:18:43;;Souscription en cours;Choix de l'offre et livraison;338.36
6302;25/05/2026 01:18:43;;Souscription en cours;Choix de l'offre et livraison;344.06
6303;25/05/2026 01:04:41;;Dossier refusé;Saisie société;154.09
6304;25/05/2026 01:04:41;;Dossier refusé;Saisie société;564.31
6305;25/05/2026 01:03:40;;Dossier refusé;Saisie société;230.10
6306;25/05/2026 01:03:40;;Dossier refusé;Saisie société;249.15
6307;25/05/2026 00:08:38;;Souscription non démarrée;Parcours non démarré;115.68
6308;25/05/2026 00:08:38;;Souscription non démarrée;Parcours non démarré;569.15
6309;24/05/2026 22:58:41;Hugo MARTIN;Dossier validé;Parcours terminé;483.12
6310;24/05/2026 22:58:41;Hugo MARTIN;Dossier validé;Parcours terminé;311.66
6311;24/05/2026 22:20:16;;Souscription non démarrée;Parcours non démarré;405.88
6312;24/05/2026 22:20:16;;Souscription non démarrée;Parcours non démarré;550.70
6313;24/05/2026 22:19:54;;Dossier validé;Parcours terminé;845.97
6314;24/05/2026 22:19:54;;Dossier validé;Parcours terminé;496.87
6315;24/05/2026 22:16:07;;Souscription en cours;Vérification d'identité;943.17
6316;24/05/2026 22:16:07;;Souscription en cours;Vérification d'identité;774.73
6317;24/05/2026 20:36:32;;Souscription en cours;Coordonnées personnelles;103.42
6318;24/05/2026 20:36:32;;Souscription en cours;Coordonnées personnelles;859.66
6319;24/05/2026 20:33:10;;Dossier refusé;Saisie société;298.08
6320;24/05/2026 20:33:10;;Dossier refusé;Saisie société;172.79
6321;24/05/2026 20:24:40;;Dossier validé;Parcours terminé;453.59
6322;24/05/2026 20:24:40;;Dossier validé;Parcours terminé;254.09
6323;24/05/2026 19:46:43;;Souscription en cours;Signature Contrat;358.73
6324;24/05/2026 19:46:43;;Souscription en cours;Signature Contrat;610.08
6325;24/05/2026 19:23:11;;Souscription en cours;Vérification d'identité;284.00
6326;24/05/2026 19:23:11;;Souscription en cours;Vérification d'identité;698.10
6327;24/05/2026 19:07:36;;Dossier validé;Parcours terminé;279.17
6328;24/05/2026 19:07:36;;Dossier validé;Parcours terminé;148.80
6329;24/05/2026 19:03:39;;Dossier validé;Parcours terminé;460.43
6330;24/05/2026 19:03:39;;Dossier validé;Parcours terminé;296.56
6331;24/05/2026 19:02:53;;Dossier validé;Parcours terminé;724.59
6332;24/05/2026 19:02:53;;Dossier validé;Parcours terminé;856.30
6333;24/05/2026 19:02:06;;Dossier validé;Parcours terminé;755.23
6334;24/05/2026 19:02:06;;Dossier validé;Parcours terminé;585.72
6335;24/05/2026 19:01:16;;Dossier validé;Parcours terminé;433.98
6336;24/05/2026 19:01:16;;Dossier validé;Parcours terminé;364.44
6337;24/05/2026 17:44:14;;Souscription en cours;Choix de l'offre et livraison;909.73
6338;24/05/2026 17:44:14;;Souscription en cours;Choix de l'offre et livraison;818.44
6339;24/05/2026 17:29:40;;Souscription en cours;Coordonnées personnelles;638.61
6340;24/05/2026 17:29:40;;Souscription en cours;Coordonnées personnelles;189.55
6341;24/05/2026 17:22:16;;Souscription en cours;Coordonnées personnelles;832.44
6342;24/05/2026 17:22:16;;Souscription en cours;Coordonnées personnelles;348.77
6343;24/05/2026 17:03:24;;Souscription en cours;Coordonnées personnelles;904.71
6344;24/05/2026 17:03:24;;Souscription en cours;Coordonnées personnelles;996.58
6345;24/05/2026 16:44:12;;Dossier validé;Parcours terminé;240.30
6346;24/05/2026 16:44:12;;Dossier validé;Parcours terminé;374.71
6347;24/05/2026 16:39:39;;Dossier validé;Parcours terminé;829.43
6348;24/05/2026 16:39:39;;Dossier validé;Parcours terminé;924.86
6349;24/05/2026 16:36:05;;Souscription en cours;Coordonnées personnelles;208.15
6350;24/05/2026 16:36:05;;Souscription en cours;Coordonnées personnelles;985.00
6351;24/05/2026 16:21:54;;Souscription en cours;Informations complémentaires (CA, Profession, etc.);173.92
6352;24/05/2026 16:21:54;;Souscription en cours;Informations complémentaires (CA, Profession, etc.);969.41
6353;24/05/2026 16:17:11;;Dossier validé;Parcours terminé;173.49
6354;24/05/2026 16:17:11;;Dossier validé;Parcours terminé;382.22
6355;24/05/2026 16:07:01;;Souscription en cours;Coordonnées personnelles;687.32
6356;24/05/2026 16:07:01;;Souscription en cours;Coordonnées personnelles;237.66
6357;24/05/2026 16:03:07;;Dossier validé;Parcours terminé;927.36
6358;24/05/2026 16:03:07;;Dossier validé;Parcours terminé;894.90
6359;24/05/2026 16:01:28;;Souscription en cours;Signature Contrat;651.57
6360;24/05/2026 16:01:28;;Souscription en cours;Signature Contrat;713.82
6361;24/05/2026 15:59:11;;Dossier refusé;Saisie société;891.62
6362;24/05/2026 15:59:11;;Dossier refusé;Saisie société;121.48
6363;24/05/2026 15:49:56;;Dossier validé;Parcours terminé;583.02
6364;24/05/2026 15:49:56;;Dossier validé;Parcours terminé;944.70
6365;24/05/2026 15:34:05;;Dossier refusé;Signature Contrat;675.68
6366;24/05/2026 15:34:05;;Dossier refusé;Signature Contrat;655.79
6367;24/05/2026 15:20:34;;Dossier validé;Parcours terminé;258.54
6368;24/05/2026 15:20:34;;Dossier validé;Parcours terminé;153.27
6369;24/05/2026 15:10:32;Hugo MARTIN;Dossier refusé;Parcours terminé;122.16
6370;24/05/2026 15:10:32;Hugo MARTIN;Dossier refusé;Parcours terminé;612.84
6371;24/05/2026 15:08:44;;Dossier validé;Parcours terminé;139.34
6372;24/05/2026 15:08:44;;Dossier validé;Parcours terminé;867.62
6373;24/05/2026 15:08:03;;Dossier refusé;Parcours terminé;106.43
6374;24/05/2026 15:08:03;;Dossier refusé;Parcours terminé;961.46
6375;24/05/2026 15:01:51;;Dossier refusé;Saisie société;129.02
6376;24/05/2026 15:01:51;;Dossier refusé;Saisie société;260.19
6377;24/05/2026 14:36:20;;Souscription en cours;Coordonnées personnelles;150.91
6378;24/05/2026 14:36:20;;Souscription en cours;Coordonnées personnelles;524.30
6379;24/05/2026 14:35:10;;Dossier validé;Parcours terminé;836.53
6380;24/05/2026 14:35:10;;Dossier validé;Parcours terminé;257.83
6381;24/05/2026 14:33:16;;Dossier validé;Parcours terminé;369.23
6382;24/05/2026 14:33:16;;Dossier validé;Parcours terminé;234.53
6383;24/05/2026 14:25:59;;Souscription en cours;Synchronisation référentiel personne NOVA;940.11
6384;24/05/2026 14:25:59;;Souscription en cours;Synchronisation référentiel personne NOVA;762.24
6385;24/05/2026 14:23:25;;Dossier refusé;Saisie société;540.98
6386;24/05/2026 14:23:25;;Dossier refusé;Saisie société;229.05
6387;24/05/2026 13:06:05;;Souscription en cours;Choix de l'offre et livraison;949.46
6388;24/05/2026 13:06:05;;Souscription en cours;Choix de l'offre et livraison;769.21
6389;24/05/2026 12:57:23;;Dossier validé;Parcours terminé;634.37
6390;24/05/2026 12:57:23;;Dossier validé;Parcours terminé;876.56
6391;24/05/2026 12:53:13;;Dossier validé;Parcours terminé;939.50
6392;24/05/2026 12:53:13;;Dossier validé;Parcours terminé;193.13
6393;24/05/2026 12:47:05;;Dossier validé;Parcours terminé;994.95
6394;24/05/2026 12:47:05;;Dossier validé;Parcours terminé;821.99
6395;24/05/2026 12:35:31;;Souscription non démarrée;Parcours non démarré;488.20
6396;24/05/2026 12:35:31;;Souscription non démarrée;Parcours non démarré;525.92
6397;24/05/2026 12:27:52;;Dossier validé;Parcours terminé;755.38
6398;24/05/2026 12:27:52;;Dossier validé;Parcours terminé;531.00
6399;24/05/2026 12:20:47;;Dossier refusé;Informations complémentaires (Etablissements, etc.);712.29
6400;24/05/2026 12:20:47;;Dossier refusé;Informations complémentaires (Etablissements, etc.);829.78
6401;24/05/2026 12:04:56;;Dossier refusé;Informations complémentaires (CA, Profession, etc.);750.31
6402;24/05/2026 12:04:56;;Dossier refusé;Informations complémentaires (CA, Profession, etc.);365.13
6403;24/05/2026 11:38:26;;Souscription non démarrée;Parcours non démarré;779.28
6404;24/05/2026 11:38:26;;Souscription non démarrée;Parcours non démarré;318.78
6405;24/05/2026 11:29:03;Hugo MARTIN;Dossier validé;Parcours terminé;756.25
6406;24/05/2026 11:29:03;Hugo MARTIN;Dossier validé;Parcours terminé;417.00
6407;24/05/2026 11:23:23;;Souscription non démarrée;Parcours non démarré;282.01
6408;24/05/2026 11:23:23;;Souscription non démarrée;Parcours non démarré;656.30
6409;24/05/2026 11:01:09;;Dossier validé;Parcours terminé;694.20
6410;24/05/2026 11:01:09;;Dossier validé;Parcours terminé;736.94
6411;24/05/2026 11:00:52;;Souscription non démarrée;Parcours non démarré;505.38
6412;24/05/2026 11:00:52;;Souscription non démarrée;Parcours non démarré;482.29
6413;24/05/2026 11:00:45;;Dossier refusé;Choix de l'offre et livraison;294.47
6414;24/05/2026 11:00:45;;Dossier refusé;Choix de l'offre et livraison;143.63
6415;24/05/2026 10:46:42;;Dossier validé;Parcours terminé;592.72
6416;24/05/2026 10:46:42;;Dossier validé;Parcours terminé;476.81
6417;24/05/2026 10:39:31;;Dossier refusé;Signature Contrat;190.41
6418;24/05/2026 10:39:31;;Dossier refusé;Signature Contrat;201.98
6419;24/05/2026 10:34:18;;Dossier validé;Parcours terminé;867.44
6420;24/05/2026 10:34:18;;Dossier validé;Parcours terminé;555.42
6421;24/05/2026 10:31:50;;Souscription en cours;Signature Contrat;527.72
6422;24/05/2026 10:31:50;;Souscription en cours;Signature Contrat;557.86
6423;24/05/2026 10:31:37;;Souscription en cours;Informations complémentaires (CA, Profession, etc.);395.44
6424;24/05/2026 10:31:37;;Souscription en cours;Informations complémentaires (CA, Profession, etc.);332.17
6425;24/05/2026 10:31:35;;En attente d'analyse Agent - Dossier avec erreurs;Signature Contrat;329.56
6426;24/05/2026 10:31:35;;En attente d'analyse Agent - Dossier avec erreurs;Signature Contrat;171.48
6427;24/05/2026 10:18:12;;Souscription en cours;Criblages BE(s);930.85
6428;24/05/2026 10:18:12;;Souscription en cours;Criblages BE(s);648.89
6429;24/05/2026 10:08:12;;Dossier validé;Parcours terminé;740.87
6430;24/05/2026 10:08:12;;Dossier validé;Parcours terminé;873.81
6431;24/05/2026 10:07:13;;Dossier refusé;Saisie société;671.46
6432;24/05/2026 10:07:13;;Dossier refusé;Saisie société;296.14
6433;24/05/2026 10:06:47;Hugo MARTIN;Dossier validé;Parcours terminé;488.85
6434;24/05/2026 10:06:47;Hugo MARTIN;Dossier validé;Parcours terminé;896.92
6435;24/05/2026 09:47:56;;En attente d'analyse Agent - Dossier avec erreurs;Signature Contrat;480.72
6436;24/05/2026 09:47:56;;En attente d'analyse Agent - Dossier avec erreurs;Signature Contrat;736.95
6437;24/05/2026 09:40:17;Zoé MULLER;Dossier validé;Parcours terminé;722.31
6438;24/05/2026 09:40:17;Zoé MULLER;Dossier validé;Parcours terminé;252.52
6439;24/05/2026 08:47:15;;Souscription non démarrée;Parcours non démarré;607.75
6440;24/05/2026 08:47:15;;Souscription non démarrée;Parcours non démarré;715.70
6441;24/05/2026 08:04:55;;Dossier validé;Parcours terminé;946.73
6442;24/05/2026 08:04:55;;Dossier validé;Parcours terminé;902.67
6443;24/05/2026 08:00:06;;Souscription en cours;Coordonnées personnelles;504.27
6444;24/05/2026 08:00:06;;Souscription en cours;Coordonnées personnelles;367.13
6445;24/05/2026 07:50:03;;Souscription en cours;Coordonnées personnelles;606.80
6446;24/05/2026 07:50:03;;Souscription en cours;Coordonnées personnelles;795.35
6447;24/05/2026 03:43:27;;Souscription en cours;Choix de l'offre et livraison;106.15
6448;24/05/2026 03:43:27;;Souscription en cours;Choix de l'offre et livraison;718.97
6449;24/05/2026 02:35:37;;Souscription en cours;Coordonnées personnelles;733.63
6450;24/05/2026 02:35:37;;Souscription en cours;Coordonnées personnelles;812.11
6451;24/05/2026 01:45:47;;Dossier refusé;Signature Contrat;436.92
6452;24/05/2026 01:45:47;;Dossier refusé;Signature Contrat;378.03
6453;24/05/2026 00:30:25;;Souscription en cours;Informations complémentaires (CA, Profession, etc.);381.23
6454;24/05/2026 00:30:25;;Souscription en cours;Informations complémentaires (CA, Profession, etc.);993.25
6455;24/05/2026 00:09:12;;Dossier validé;Parcours terminé;246.70
6456;24/05/2026 00:09:12;;Dossier validé;Parcours terminé;786.39
6457;24/05/2026 00:06:26;;Dossier refusé;Saisie société;364.83
6458;24/05/2026 00:06:26;;Dossier refusé;Saisie société;920.05
6459;23/05/2026 23:54:40;Manon LEFEBVRE;Dossier refusé;Saisie société;139.69
6460;23/05/2026 23:54:40;Manon LEFEBVRE;Dossier refusé;Saisie société;390.48
6461;23/05/2026 23:42:22;;Dossier validé;Parcours terminé;455.57
6462;23/05/2026 23:42:22;;Dossier validé;Parcours terminé;923.46
6463;23/05/2026 22:38:15;;Souscription en cours;Vérification d'identité;942.99
6464;23/05/2026 22:38:15;;Souscription en cours;Vérification d'identité;204.38
6465;23/05/2026 22:36:04;;Souscription en cours;Bénéficiaire effectifs;700.24
6466;23/05/2026 22:36:04;;Souscription en cours;Bénéficiaire effectifs;606.22
6467;23/05/2026 22:29:47;;Souscription en cours;Signature Contrat;100.84
6468;23/05/2026 22:29:47;;Souscription en cours;Signature Contrat;790.61
6469;23/05/2026 22:26:08;;Dossier validé;Parcours terminé;762.04
6470;23/05/2026 22:26:08;;Dossier validé;Parcours terminé;232.73
6471;23/05/2026 22:25:02;;Souscription non démarrée;Parcours non démarré;908.04
6472;23/05/2026 22:25:02;;Souscription non démarrée;Parcours non démarré;788.47
6473;23/05/2026 21:21:24;;Dossier refusé;Signature Contrat;447.82
6474;23/05/2026 21:21:24;;Dossier refusé;Signature Contrat;863.20
6475;23/05/2026 21:07:16;;Souscription en cours;Informations complémentaires (CA, Profession, etc.);930.44
6476;23/05/2026 21:07:16;;Souscription en cours;Informations complémentaires (CA, Profession, etc.);643.70
6477;23/05/2026 20:55:07;;Dossier validé;Parcours terminé;984.12
6478;23/05/2026 20:55:07;;Dossier validé;Parcours terminé;156.96
6479;23/05/2026 20:29:28;;Dossier validé;Parcours terminé;729.63
6480;23/05/2026 20:29:28;;Dossier validé;Parcours terminé;958.80
6481;23/05/2026 20:28:25;;Souscription en cours;Choix de l'offre et livraison;160.23
6482;23/05/2026 20:28:25;;Souscription en cours;Choix de l'offre et livraison;494.94
6483;23/05/2026 20:27:48;;Souscription en cours;Vérification d'identité;316.61
6484;23/05/2026 20:27:48;;Souscription en cours;Vérification d'identité;575.97
6485;23/05/2026 20:24:35;;Dossier validé;Parcours terminé;773.70
6486;23/05/2026 20:24:35;;Dossier validé;Parcours terminé;569.26
6487;23/05/2026 20:22:12;;Dossier validé;Parcours terminé;120.21
6488;23/05/2026 20:22:12;;Dossier validé;Parcours terminé;171.66
6489;23/05/2026 20:08:28;;Dossier validé;Parcours terminé;142.28
6490;23/05/2026 20:08:28;;Dossier validé;Parcours terminé;841.58
6491;23/05/2026 19:55:53;;Souscription en cours;Coordonnées personnelles;921.25
6492;23/05/2026 19:55:53;;Souscription en cours;Coordonnées personnelles;488.59
6493;23/05/2026 19:26:08;;Dossier refusé;Saisie société;866.50
6494;23/05/2026 19:26:08;;Dossier refusé;Saisie société;191.06
6495;23/05/2026 19:14:07;;Dossier refusé;Saisie société;515.41
6496;23/05/2026 19:14:07;;Dossier refusé;Saisie société;939.00
6497;23/05/2026 19:12:23;;Souscription en cours;Vérification d'identité;992.50
6498;23/05/2026 19:12:23;;Souscription en cours;Vérification d'identité;391.56
6499;23/05/2026 19:05:14;;Dossier refusé;Saisie société;562.45
6500;23/05/2026 19:05:14;;Dossier refusé;Saisie société;973.29
6501;23/05/2026 18:50:11;;Dossier refusé;Informations complémentaires (CA, Profession, etc.);280.21
6502;23/05/2026 18:50:11;;Dossier refusé;Informations complémentaires (CA, Profession, etc.);126.97
6503;23/05/2026 18:46:52;Hugo MARTIN;Dossier refusé;Saisie société;345.18
6504;23/05/2026 18:46:52;Hugo MARTIN;Dossier refusé;Saisie société;144.70
6505;23/05/2026 17:57:35;;Souscription non démarrée;Parcours non démarré;336.51
6506;23/05/2026 17:57:35;;Souscription non démarrée;Parcours non démarré;781.78
6507;23/05/2026 17:46:09;;Dossier validé;Parcours terminé;767.72
6508;23/05/2026 17:46:09;;Dossier validé;Parcours terminé;903.19
6509;23/05/2026 17:46:06;;Souscription en cours;Signature Contrat;835.48
6510;23/05/2026 17:46:06;;Souscription en cours;Signature Contrat;963.60
6511;23/05/2026 17:36:50;;Dossier validé;Parcours terminé;568.28
6512;23/05/2026 17:36:50;;Dossier validé;Parcours terminé;698.54
6513;23/05/2026 17:36:17;;Souscription non démarrée;Parcours non démarré;428.59
6514;23/05/2026 17:36:17;;Souscription non démarrée;Parcours non démarré;826.10
6515;23/05/2026 17:24:52;;Dossier validé;Parcours terminé;318.57
6516;23/05/2026 17:24:52;;Dossier validé;Parcours terminé;751.31
6517;23/05/2026 17:17:44;;En attente d'analyse Agent - Dossier avec erreurs;Signature Contrat;873.37
6518;23/05/2026 17:17:44;;En attente d'analyse Agent - Dossier avec erreurs;Signature Contrat;732.47
6519;23/05/2026 17:17:25;;Dossier validé;Parcours terminé;741.77
6520;23/05/2026 17:17:25;;Dossier validé;Parcours terminé;907.27
6521;23/05/2026 16:45:38;;Dossier refusé;Saisie société;613.82
6522;23/05/2026 16:45:38;;Dossier refusé;Saisie société;163.79
6523;23/05/2026 16:40:41;;Dossier validé;Parcours terminé;475.65
6524;23/05/2026 16:40:41;;Dossier validé;Parcours terminé;639.92
6525;23/05/2026 16:40:34;;Dossier validé;Parcours terminé;423.16
6526;23/05/2026 16:40:34;;Dossier validé;Parcours terminé;496.37
6527;23/05/2026 16:26:37;;Dossier refusé;Choix de l'offre et livraison;230.59
6528;23/05/2026 16:26:37;;Dossier refusé;Choix de l'offre et livraison;223.95
6529;23/05/2026 16:24:27;;Dossier validé;Parcours terminé;250.27
6530;23/05/2026 16:24:27;;Dossier validé;Parcours terminé;785.10
6531;23/05/2026 16:19:27;;Souscription en cours;Choix de l'offre et livraison;852.48
6532;23/05/2026 16:19:27;;Souscription en cours;Choix de l'offre et livraison;550.80
6533;23/05/2026 16:11:09;;Souscription en cours;Choix de l'offre et livraison;813.01
6534;23/05/2026 16:11:09;;Souscription en cours;Choix de l'offre et livraison;422.83
6535;23/05/2026 15:59:48;;Dossier refusé;Bénéficiaire effectifs;397.51
6536;23/05/2026 15:59:48;;Dossier refusé;Bénéficiaire effectifs;805.20
6537;23/05/2026 15:52:09;;Souscription en cours;Coordonnées personnelles;167.22
6538;23/05/2026 15:52:09;;Souscription en cours;Coordonnées personnelles;780.88
6539;23/05/2026 15:18:37;;Souscription en cours;Vérification d'identité;598.63
6540;23/05/2026 15:18:37;;Souscription en cours;Vérification d'identité;468.63
6541;23/05/2026 15:04:31;;Souscription en cours;Coordonnées personnelles;613.04
6542;23/05/2026 15:04:31;;Souscription en cours;Coordonnées personnelles;394.31
6543;23/05/2026 15:00:21;;Dossier validé;Parcours terminé;461.67
6544;23/05/2026 15:00:21;;Dossier validé;Parcours terminé;684.59
6545;23/05/2026 14:59:41;;Dossier validé;Parcours terminé;424.57
6546;23/05/2026 14:59:41;;Dossier validé;Parcours terminé;289.77
6547;23/05/2026 14:25:55;;Souscription en cours;Signature Contrat;314.60
6548;23/05/2026 14:25:55;;Souscription en cours;Signature Contrat;553.70
6549;23/05/2026 14:22:11;;Souscription en cours;Coordonnées personnelles;145.09
6550;23/05/2026 14:22:11;;Souscription en cours;Coordonnées personnelles;452.81
6551;23/05/2026 14:20:57;;Souscription en cours;Coordonnées personnelles;502.21
6552;23/05/2026 14:20:57;;Souscription en cours;Coordonnées personnelles;886.21
6553;23/05/2026 13:54:43;;Dossier validé;Parcours terminé;971.85
6554;23/05/2026 13:54:43;;Dossier validé;Parcours terminé;903.32
6555;23/05/2026 13:43:47;;Dossier validé;Parcours terminé;464.28
6556;23/05/2026 13:43:47;;Dossier validé;Parcours terminé;645.22
6557;23/05/2026 13:38:01;;Dossier validé;Parcours terminé;527.09
6558;23/05/2026 13:38:01;;Dossier validé;Parcours terminé;258.41
6559;23/05/2026 13:13:37;;Souscription en cours;Coordonnées personnelles;400.71
6560;23/05/2026 13:13:37;;Souscription en cours;Coordonnées personnelles;264.11
6561;23/05/2026 12:57:28;;Souscription en cours;Choix de l'offre et livraison;283.39
6562;23/05/2026 12:57:28;;Souscription en cours;Choix de l'offre et livraison;220.02
6563;23/05/2026 12:53:45;Manon LEFEBVRE;Dossier validé;Parcours terminé;768.26
6564;23/05/2026 12:53:45;Manon LEFEBVRE;Dossier validé;Parcours terminé;656.45
6565;23/05/2026 12:47:32;;Dossier refusé;Saisie société;333.72
6566;23/05/2026 12:47:32;;Dossier refusé;Saisie société;362.63
6567;23/05/2026 12:38:57;;Souscription en cours;Choix de l'offre et livraison;300.15
6568;23/05/2026 12:38:57;;Souscription en cours;Choix de l'offre et livraison;743.41
6569;23/05/2026 12:38:01;;Souscription en cours;Informations complémentaires (Etablissements, etc.);662.97
6570;23/05/2026 12:38:01;;Souscription en cours;Informations complémentaires (Etablissements, etc.);882.22
6571;23/05/2026 12:36:08;;Souscription en cours;Vérification d'identité;338.95
6572;23/05/2026 12:36:08;;Souscription en cours;Vérification d'identité;303.99
6573;23/05/2026 12:34:22;;Dossier refusé;Choix de l'offre et livraison;928.70
6574;23/05/2026 12:34:22;;Dossier refusé;Choix de l'offre et livraison;109.52
6575;23/05/2026 12:19:31;;Dossier validé;Parcours terminé;196.23
6576;23/05/2026 12:19:31;;Dossier validé;Parcours terminé;976.66
6577;23/05/2026 12:17:23;;Souscription en cours;Choix de l'offre et livraison;161.55
6578;23/05/2026 12:17:23;;Souscription en cours;Choix de l'offre et livraison;533.15
6579;23/05/2026 12:15:17;;Souscription non démarrée;Parcours non démarré;711.93
6580;23/05/2026 12:15:17;;Souscription non démarrée;Parcours non démarré;107.23
6581;23/05/2026 12:13:01;;Dossier refusé;Saisie société;352.45
6582;23/05/2026 12:13:01;;Dossier refusé;Saisie société;296.63
6583;23/05/2026 11:59:57;;Souscription en cours;Vérification d'identité;258.44
6584;23/05/2026 11:59:57;;Souscription en cours;Vérification d'identité;428.62
6585;23/05/2026 11:57:04;;Dossier validé;Parcours terminé;193.89
6586;23/05/2026 11:57:04;;Dossier validé;Parcours terminé;504.14
6587;23/05/2026 11:55:43;;Souscription en cours;Coordonnées personnelles;995.68
6588;23/05/2026 11:55:43;;Souscription en cours;Coordonnées personnelles;896.67
6589;23/05/2026 11:54:57;;Souscription en cours;Signature Contrat;439.96
6590;23/05/2026 11:54:57;;Souscription en cours;Signature Contrat;326.77
6591;23/05/2026 11:53:44;;Dossier refusé;Saisie société;361.77
6592;23/05/2026 11:53:44;;Dossier refusé;Saisie société;463.41
6593;23/05/2026 11:51:59;;Souscription non démarrée;Parcours non démarré;911.47
6594;23/05/2026 11:51:59;;Souscription non démarrée;Parcours non démarré;632.61
6595;23/05/2026 11:47:43;;Dossier refusé;Saisie société;731.90
6596;23/05/2026 11:47:43;;Dossier refusé;Saisie société;640.15
6597;23/05/2026 11:41:03;;Dossier validé;Parcours terminé;111.31
6598;23/05/2026 11:41:03;;Dossier validé;Parcours terminé;903.11
6599;23/05/2026 11:38:25;;Souscription non démarrée;Parcours non démarré;398.92
6600;23/05/2026 11:38:25;;Souscription non démarrée;Parcours non démarré;713.93
6601;23/05/2026 11:28:10;;Dossier refusé;Saisie société;326.30
6602;23/05/2026 11:28:10;;Dossier refusé;Saisie société;219.25
6603;23/05/2026 11:22:10;;Souscription en cours;Coordonnées personnelles;847.73
6604;23/05/2026 11:22:10;;Souscription en cours;Coordonnées personnelles;145.92
6605;23/05/2026 11:02:21;;Souscription en cours;Coordonnées personnelles;577.98
6606;23/05/2026 11:02:21;;Souscription en cours;Coordonnées personnelles;837.76
6607;23/05/2026 11:01:59;;Dossier refusé;Signature Contrat;749.23
6608;23/05/2026 11:01:59;;Dossier refusé;Signature Contrat;839.74
6609;23/05/2026 11:00:45;;Souscription en cours;Coordonnées personnelles;685.86
6610;23/05/2026 11:00:45;;Souscription en cours;Coordonnées personnelles;869.85
6611;23/05/2026 10:53:53;;Souscription en cours;Choix de l'offre et livraison;806.91
6612;23/05/2026 10:53:53;;Souscription en cours;Choix de l'offre et livraison;798.50
6613;23/05/2026 10:52:46;;Dossier refusé;Bénéficiaire effectifs;721.93
6614;23/05/2026 10:52:46;;Dossier refusé;Bénéficiaire effectifs;407.08
6615;23/05/2026 10:26:49;;Dossier refusé;Saisie société;402.38
6616;23/05/2026 10:26:49;;Dossier refusé;Saisie société;396.47
6617;23/05/2026 10:26:31;;Souscription en cours;Choix de l'offre et livraison;948.38
6618;23/05/2026 10:26:31;;Souscription en cours;Choix de l'offre et livraison;809.29
6619;23/05/2026 10:12:29;;Souscription en cours;Signature Contrat;994.11
6620;23/05/2026 10:12:29;;Souscription en cours;Signature Contrat;330.00
6621;23/05/2026 10:10:15;;Dossier refusé;Saisie société;247.75
6622;23/05/2026 10:10:15;;Dossier refusé;Saisie société;521.27
6623;23/05/2026 10:06:40;;Souscription en cours;Coordonnées personnelles;841.47
6624;23/05/2026 10:06:40;;Souscription en cours;Coordonnées personnelles;601.97
6625;23/05/2026 09:58:02;;Souscription en cours;Coordonnées personnelles;692.17
6626;23/05/2026 09:58:02;;Souscription en cours;Coordonnées personnelles;538.74
6627;23/05/2026 09:34:55;;Souscription en cours;Choix de l'offre et livraison;857.48
6628;23/05/2026 09:34:55;;Souscription en cours;Choix de l'offre et livraison;971.65
6629;23/05/2026 09:26:01;;Souscription en cours;Informations complémentaires (Etablissements, etc.);574.94
6630;23/05/2026 09:26:01;;Souscription en cours;Informations complémentaires (Etablissements, etc.);271.26
6631;23/05/2026 09:19:23;;Dossier validé;Parcours terminé;193.42
6632;23/05/2026 09:19:23;;Dossier validé;Parcours terminé;777.85
6633;23/05/2026 08:36:30;;Dossier refusé;Saisie société;313.43
6634;23/05/2026 08:36:30;;Dossier refusé;Saisie société;503.83
6635;23/05/2026 07:50:20;;Dossier validé;Parcours terminé;150.32
6636;23/05/2026 07:50:20;;Dossier validé;Parcours terminé;654.31
6637;23/05/2026 07:30:57;;Souscription en cours;Signature Contrat;146.98
6638;23/05/2026 07:30:57;;Souscription en cours;Signature Contrat;950.29
6639;23/05/2026 07:21:54;;Souscription en cours;Choix de l'offre et livraison;723.61
6640;23/05/2026 07:21:54;;Souscription en cours;Choix de l'offre et livraison;376.02
6641;23/05/2026 06:46:58;;Dossier refusé;Saisie société;760.15
6642;23/05/2026 06:46:58;;Dossier refusé;Saisie société;809.46
6643;23/05/2026 06:43:59;Hugo DUBOIS;Dossier validé;Parcours terminé;584.80
6644;23/05/2026 06:43:59;Hugo DUBOIS;Dossier validé;Parcours terminé;308.76
6645;23/05/2026 06:21:06;;Souscription en cours;Coordonnées personnelles;935.79
6646;23/05/2026 06:21:06;;Souscription en cours;Coordonnées personnelles;200.10
6647;23/05/2026 05:01:50;;Dossier validé;Parcours terminé;384.46
6648;23/05/2026 05:01:50;;Dossier validé;Parcours terminé;932.43
6649;23/05/2026 04:33:39;;Souscription en cours;Coordonnées personnelles;696.46
6650;23/05/2026 04:33:39;;Souscription en cours;Coordonnées personnelles;103.64
6651;23/05/2026 04:13:47;Z5750800;Dossier validé;Parcours terminé;224.20
6652;23/05/2026 04:13:47;Z5750800;Dossier validé;Parcours terminé;721.99
6653;23/05/2026 03:42:32;;Dossier validé;Parcours terminé;507.38
6654;23/05/2026 03:42:32;;Dossier validé;Parcours terminé;163.83
6655;23/05/2026 02:37:21;;Dossier validé;Parcours terminé;391.47
6656;23/05/2026 02:37:21;;Dossier validé;Parcours terminé;548.82
6657;23/05/2026 01:03:41;;Dossier refusé;Parcours non démarré;483.17
6658;23/05/2026 01:03:41;;Dossier refusé;Parcours non démarré;146.76
6659;23/05/2026 00:03:43;;Souscription en cours;Vérification d'identité;297.97
6660;23/05/2026 00:03:43;;Souscription en cours;Vérification d'identité;202.36
6661;22/05/2026 23:58:30;;Dossier validé;Parcours terminé;313.46
6662;22/05/2026 23:58:30;;Dossier validé;Parcours terminé;968.43
6663;22/05/2026 23:40:12;;Souscription en cours;Informations complémentaires (Etablissements, etc.);587.08
6664;22/05/2026 23:40:12;;Souscription en cours;Informations complémentaires (Etablissements, etc.);569.64
6665;22/05/2026 23:35:56;;Dossier validé;Parcours terminé;297.52
6666;22/05/2026 23:35:56;;Dossier validé;Parcours terminé;404.68
6667;22/05/2026 23:13:31;Z5681453;Dossier validé;Parcours terminé;828.99
6668;22/05/2026 23:13:31;Z5681453;Dossier validé;Parcours terminé;387.85
6669;22/05/2026 22:18:07;;Dossier validé;Parcours terminé;925.22
6670;22/05/2026 22:18:07;;Dossier validé;Parcours terminé;266.12
6671;22/05/2026 22:15:59;;Dossier refusé;Parcours terminé;233.92
6672;22/05/2026 22:15:59;;Dossier refusé;Parcours terminé;650.59
6673;22/05/2026 21:37:14;;Dossier validé;Parcours terminé;340.73
6674;22/05/2026 21:37:14;;Dossier validé;Parcours terminé;555.49
6675;22/05/2026 21:37:12;;Dossier refusé;Saisie société;172.38
6676;22/05/2026 21:37:12;;Dossier refusé;Saisie société;288.64
6677;22/05/2026 21:31:20;;Souscription en cours;Synchronisation référentiel personne NOVA;826.26
6678;22/05/2026 21:31:20;;Souscription en cours;Synchronisation référentiel personne NOVA;701.24
6679;22/05/2026 21:07:31;;Souscription non démarrée;Parcours non démarré;953.17
6680;22/05/2026 21:07:31;;Souscription non démarrée;Parcours non démarré;797.88
6681;22/05/2026 21:01:26;;Dossier validé;Parcours terminé;876.61
6682;22/05/2026 21:01:26;;Dossier validé;Parcours terminé;473.33
6683;22/05/2026 20:55:26;;Souscription non démarrée;Parcours non démarré;982.05
6684;22/05/2026 20:55:26;;Souscription non démarrée;Parcours non démarré;798.46
6685;22/05/2026 20:45:43;;Souscription en cours;Coordonnées personnelles;255.92
6686;22/05/2026 20:45:43;;Souscription en cours;Coordonnées personnelles;488.05
6687;22/05/2026 20:40:39;;Dossier refusé;Saisie société;955.94
6688;22/05/2026 20:40:39;;Dossier refusé;Saisie société;971.08
6689;22/05/2026 20:16:39;;Souscription en cours;Coordonnées personnelles;322.89
6690;22/05/2026 20:16:39;;Souscription en cours;Coordonnées personnelles;366.66
6691;22/05/2026 19:59:07;;Souscription en cours;Coordonnées personnelles;885.63
6692;22/05/2026 19:59:07;;Souscription en cours;Coordonnées personnelles;460.52
6693;22/05/2026 19:54:20;;Dossier validé;Parcours terminé;475.20
6694;22/05/2026 19:54:20;;Dossier validé;Parcours terminé;711.51
6695;22/05/2026 19:50:59;;Souscription en cours;Informations complémentaires (CA, Profession, etc.);194.82
6696;22/05/2026 19:50:59;;Souscription en cours;Informations complémentaires (CA, Profession, etc.);429.18
6697;22/05/2026 19:46:36;;Souscription non démarrée;Parcours non démarré;280.62
6698;22/05/2026 19:46:36;;Souscription non démarrée;Parcours non démarré;368.85
6699;22/05/2026 19:40:41;;Dossier validé;Parcours terminé;891.71
6700;22/05/2026 19:40:41;;Dossier validé;Parcours terminé;147.88
6701;22/05/2026 19:37:51;;Dossier validé;Parcours terminé;769.17
6702;22/05/2026 19:37:51;;Dossier validé;Parcours terminé;320.60
6703;22/05/2026 19:15:27;;Souscription en cours;Vérification d'identité;424.94
6704;22/05/2026 19:15:27;;Souscription en cours;Vérification d'identité;752.92
6705;22/05/2026 18:58:50;;Souscription en cours;Vérification d'identité;631.13
6706;22/05/2026 18:58:50;;Souscription en cours;Vérification d'identité;677.00
6707;22/05/2026 18:55:08;;Dossier validé;Parcours terminé;725.60
6708;22/05/2026 18:55:08;;Dossier validé;Parcours terminé;250.88
6709;22/05/2026 18:40:09;;Dossier validé;Parcours terminé;756.82
6710;22/05/2026 18:40:09;;Dossier validé;Parcours terminé;105.05
6711;22/05/2026 18:25:00;;Souscription en cours;Vérification d'identité;993.71
6712;22/05/2026 18:25:00;;Souscription en cours;Vérification d'identité;371.74
6713;22/05/2026 18:24:50;;Souscription en cours;Vérification d'identité;848.60
6714;22/05/2026 18:24:50;;Souscription en cours;Vérification d'identité;214.01
6715;22/05/2026 18:15:47;;Souscription en cours;Coordonnées personnelles;476.10
6716;22/05/2026 18:15:47;;Souscription en cours;Coordonnées personnelles;787.00
6717;22/05/2026 18:15:19;;Souscription en cours;Choix de l'offre et livraison;852.36
6718;22/05/2026 18:15:19;;Souscription en cours;Choix de l'offre et livraison;709.92
6719;22/05/2026 18:06:59;;Souscription non démarrée;Parcours non démarré;833.47
6720;22/05/2026 18:06:59;;Souscription non démarrée;Parcours non démarré;341.25
6721;22/05/2026 18:02:22;;Dossier validé;Parcours terminé;897.45
6722;22/05/2026 18:02:22;;Dossier validé;Parcours terminé;130.97
6723;22/05/2026 17:56:58;;Dossier validé;Parcours terminé;854.67
6724;22/05/2026 17:56:58;;Dossier validé;Parcours terminé;221.83
6725;22/05/2026 17:55:58;;Dossier validé;Parcours terminé;765.76
6726;22/05/2026 17:55:58;;Dossier validé;Parcours terminé;254.31
6727;22/05/2026 17:53:26;;Dossier refusé;Signature Contrat;933.86
6728;22/05/2026 17:53:26;;Dossier refusé;Signature Contrat;371.51
6729;22/05/2026 17:51:38;;Dossier refusé;Saisie société;772.60
6730;22/05/2026 17:51:38;;Dossier refusé;Saisie société;329.67
6731;22/05/2026 17:30:36;;Souscription en cours;Coordonnées personnelles;848.92
6732;22/05/2026 17:30:36;;Souscription en cours;Coordonnées personnelles;214.39
6733;22/05/2026 17:24:27;;Dossier refusé;Signature Contrat;748.45
6734;22/05/2026 17:24:27;;Dossier refusé;Signature Contrat;392.90
6735;22/05/2026 17:16:49;;Dossier validé;Parcours terminé;423.69
6736;22/05/2026 17:16:49;;Dossier validé;Parcours terminé;374.33
6737;22/05/2026 17:05:08;;Souscription en cours;Coordonnées personnelles;896.77
6738;22/05/2026 17:05:08;;Souscription en cours;Coordonnées personnelles;610.26
6739;22/05/2026 17:04:20;Hugo MARTIN;Dossier refusé;Choix de l'offre et livraison;991.32
6740;22/05/2026 17:04:20;Hugo MARTIN;Dossier refusé;Choix de l'offre et livraison;507.39
6741;22/05/2026 16:48:30;;Dossier validé;Parcours terminé;635.70
6742;22/05/2026 16:48:30;;Dossier validé;Parcours terminé;491.09
6743;22/05/2026 16:45:35;;Dossier validé;Parcours terminé;133.35
6744;22/05/2026 16:45:35;;Dossier validé;Parcours terminé;154.73
6745;22/05/2026 16:39:40;Hugo DUBOIS;Dossier validé;Parcours terminé;860.04
6746;22/05/2026 16:39:40;Hugo DUBOIS;Dossier validé;Parcours terminé;445.77
6747;22/05/2026 16:36:24;;Dossier refusé;Saisie société;770.01
6748;22/05/2026 16:36:24;;Dossier refusé;Saisie société;571.33
6749;22/05/2026 16:35:49;;Dossier validé;Parcours terminé;101.69
6750;22/05/2026 16:35:49;;Dossier validé;Parcours terminé;811.74
6751;22/05/2026 16:34:59;;Dossier refusé;Parcours non démarré;601.07
6752;22/05/2026 16:34:59;;Dossier refusé;Parcours non démarré;278.82
6753;22/05/2026 16:33:37;;Souscription en cours;Coordonnées personnelles;466.52
6754;22/05/2026 16:33:37;;Souscription en cours;Coordonnées personnelles;946.97
6755;22/05/2026 16:31:42;;Dossier validé;Parcours terminé;980.20
6756;22/05/2026 16:31:42;;Dossier validé;Parcours terminé;858.96
6757;22/05/2026 16:25:38;;Dossier validé;Parcours terminé;866.19
6758;22/05/2026 16:25:38;;Dossier validé;Parcours terminé;638.32
6759;22/05/2026 16:10:30;;Souscription non démarrée;Parcours non démarré;951.18
6760;22/05/2026 16:10:30;;Souscription non démarrée;Parcours non démarré;786.13
6761;22/05/2026 16:04:18;;Souscription en cours;Vérification d'identité;153.33
6762;22/05/2026 16:04:18;;Souscription en cours;Vérification d'identité;423.92
6763;22/05/2026 16:03:30;;Souscription en cours;Choix de l'offre et livraison;860.21
6764;22/05/2026 16:03:30;;Souscription en cours;Choix de l'offre et livraison;913.35
6765;22/05/2026 16:01:47;;Souscription en cours;Coordonnées personnelles;185.88
6766;22/05/2026 16:01:47;;Souscription en cours;Coordonnées personnelles;973.74
6767;22/05/2026 15:56:08;;Souscription non démarrée;Parcours non démarré;292.26
6768;22/05/2026 15:56:08;;Souscription non démarrée;Parcours non démarré;426.17
6769;22/05/2026 15:55:58;Hugo MARTIN;Dossier refusé;Saisie société;963.64
6770;22/05/2026 15:55:58;Hugo MARTIN;Dossier refusé;Saisie société;657.84
6771;22/05/2026 15:49:02;;Dossier refusé;Saisie société;320.80
6772;22/05/2026 15:49:02;;Dossier refusé;Saisie société;650.80
6773;22/05/2026 15:48:31;;Souscription en cours;Choix de l'offre et livraison;727.02
6774;22/05/2026 15:48:31;;Souscription en cours;Choix de l'offre et livraison;615.41
6775;22/05/2026 15:46:03;;Souscription en cours;Coordonnées personnelles;784.54
6776;22/05/2026 15:46:03;;Souscription en cours;Coordonnées personnelles;181.07
6777;22/05/2026 15:42:45;;Souscription en cours;Vérification d'identité;382.75
6778;22/05/2026 15:42:45;;Souscription en cours;Vérification d'identité;240.37
6779;22/05/2026 15:40:52;;Souscription en cours;Coordonnées personnelles;472.12
6780;22/05/2026 15:40:52;;Souscription en cours;Coordonnées personnelles;208.73
6781;22/05/2026 15:40:13;;Dossier validé;Parcours terminé;561.89
6782;22/05/2026 15:40:13;;Dossier validé;Parcours terminé;338.55
6783;22/05/2026 15:39:53;Hugo MARTIN;Dossier validé;Parcours terminé;439.52
6784;22/05/2026 15:39:53;Hugo MARTIN;Dossier validé;Parcours terminé;391.65
6785;22/05/2026 15:39:47;;Souscription en cours;Coordonnées personnelles;985.31
6786;22/05/2026 15:39:47;;Souscription en cours;Coordonnées personnelles;151.74
6787;22/05/2026 15:39:35;;Dossier refusé;Bénéficiaire effectifs;445.78
6788;22/05/2026 15:39:35;;Dossier refusé;Bénéficiaire effectifs;878.74
6789;22/05/2026 15:38:31;;Souscription en cours;Coordonnées personnelles;739.11
6790;22/05/2026 15:38:31;;Souscription en cours;Coordonnées personnelles;955.96
6791;22/05/2026 15:32:29;;Dossier validé;Parcours terminé;992.00
6792;22/05/2026 15:32:29;;Dossier validé;Parcours terminé;514.41
6793;22/05/2026 15:27:02;;Souscription non démarrée;Parcours non démarré;362.42
6794;22/05/2026 15:27:02;;Souscription non démarrée;Parcours non démarré;499.04
6795;22/05/2026 15:24:20;;Dossier refusé;Parcours terminé;204.64
6796;22/05/2026 15:24:20;;Dossier refusé;Parcours terminé;720.67
6797;22/05/2026 15:13:47;;Souscription non démarrée;Parcours non démarré;439.12
6798;22/05/2026 15:13:47;;Souscription non démarrée;Parcours non démarré;955.49
6799;22/05/2026 15:10:45;;Souscription non démarrée;Parcours non démarré;692.51
6800;22/05/2026 15:10:45;;Souscription non démarrée;Parcours non démarré;671.80
6801;22/05/2026 15:09:57;;Dossier refusé;Saisie société;776.05
6802;22/05/2026 15:09:57;;Dossier refusé;Saisie société;181.32
6803;22/05/2026 14:56:42;;Dossier validé;Parcours terminé;188.56
6804;22/05/2026 14:56:42;;Dossier validé;Parcours terminé;308.83
6805;22/05/2026 14:44:10;;Dossier validé;Parcours terminé;766.92
6806;22/05/2026 14:44:10;;Dossier validé;Parcours terminé;770.69
6807;22/05/2026 14:43:57;;Souscription en cours;Coordonnées personnelles;395.04
6808;22/05/2026 14:43:57;;Souscription en cours;Coordonnées personnelles;874.00
6809;22/05/2026 14:40:40;;Dossier validé;Parcours terminé;692.94
6810;22/05/2026 14:40:40;;Dossier validé;Parcours terminé;344.74
6811;22/05/2026 14:38:19;;Dossier validé;Parcours terminé;247.88
6812;22/05/2026 14:38:19;;Dossier validé;Parcours terminé;136.35
6813;22/05/2026 14:34:53;;Dossier refusé;Signature Contrat;612.76
6814;22/05/2026 14:34:53;;Dossier refusé;Signature Contrat;994.10
6815;22/05/2026 14:32:12;;Dossier validé;Parcours terminé;705.62
6816;22/05/2026 14:32:12;;Dossier validé;Parcours terminé;464.35
6817;22/05/2026 14:31:06;;Dossier validé;Parcours terminé;433.72
6818;22/05/2026 14:31:06;;Dossier validé;Parcours terminé;931.03
6819;22/05/2026 14:29:20;;Dossier validé;Parcours terminé;869.44
6820;22/05/2026 14:29:20;;Dossier validé;Parcours terminé;848.45
6821;22/05/2026 14:28:13;;Dossier validé;Parcours terminé;160.88
6822;22/05/2026 14:28:13;;Dossier validé;Parcours terminé;644.86
6823;22/05/2026 14:23:58;;Souscription en cours;Criblages BE(s);600.97
6824;22/05/2026 14:23:58;;Souscription en cours;Criblages BE(s);715.50
6825;22/05/2026 14:10:35;;Souscription en cours;Choix de l'offre et livraison;543.62
6826;22/05/2026 14:10:35;;Souscription en cours;Choix de l'offre et livraison;468.43
6827;22/05/2026 14:09:15;Hugo MARTIN;Dossier validé;Parcours terminé;416.89
6828;22/05/2026 14:09:15;Hugo MARTIN;Dossier validé;Parcours terminé;830.05
6829;22/05/2026 14:05:51;;Dossier validé;Parcours terminé;420.68
6830;22/05/2026 14:05:51;;Dossier validé;Parcours terminé;379.07
6831;22/05/2026 13:53:16;;Souscription en cours;Vérification d'identité;572.29
6832;22/05/2026 13:53:16;;Souscription en cours;Vérification d'identité;427.49
6833;22/05/2026 13:51:55;;Dossier refusé;Signature Contrat;927.85
6834;22/05/2026 13:51:55;;Dossier refusé;Signature Contrat;231.79
6835;22/05/2026 13:50:27;;Dossier validé;Parcours terminé;826.27
6836;22/05/2026 13:50:27;;Dossier validé;Parcours terminé;525.73
6837;22/05/2026 13:41:15;;Souscription en cours;Signature Contrat;643.99
6838;22/05/2026 13:41:15;;Souscription en cours;Signature Contrat;697.62
6839;22/05/2026 13:39:08;;Dossier validé;Parcours terminé;979.36
6840;22/05/2026 13:39:08;;Dossier validé;Parcours terminé;112.47
6841;22/05/2026 13:17:01;;Dossier validé;Parcours terminé;305.18
6842;22/05/2026 13:17:01;;Dossier validé;Parcours terminé;597.02
6843;22/05/2026 13:02:12;;Souscription en cours;Synchronisation référentiel personne NOVA;569.33
6844;22/05/2026 13:02:12;;Souscription en cours;Synchronisation référentiel personne NOVA;192.13
6845;22/05/2026 12:47:16;Z5750800;Dossier refusé;Saisie société;128.78
6846;22/05/2026 12:47:16;Z5750800;Dossier refusé;Saisie société;196.78
6847;22/05/2026 12:28:30;;Souscription en cours;Coordonnées personnelles;871.14
6848;22/05/2026 12:28:30;;Souscription en cours;Coordonnées personnelles;935.96
6849;22/05/2026 12:05:09;Rayan MICHEL;Dossier validé;Parcours terminé;927.50
6850;22/05/2026 12:05:09;Rayan MICHEL;Dossier validé;Parcours terminé;999.50
6851;22/05/2026 11:51:00;;Souscription en cours;Coordonnées personnelles;606.55
6852;22/05/2026 11:51:00;;Souscription en cours;Coordonnées personnelles;857.73
6853;22/05/2026 11:36:23;;Souscription en cours;Vérification d'identité;764.92
6854;22/05/2026 11:36:23;;Souscription en cours;Vérification d'identité;583.55
6855;22/05/2026 11:24:31;Adam LAURENT;Dossier validé;Parcours terminé;459.81
6856;22/05/2026 11:24:31;Adam LAURENT;Dossier validé;Parcours terminé;971.91
6857;22/05/2026 11:18:15;;Souscription en cours;Choix de l'offre et livraison;777.61
6858;22/05/2026 11:18:15;;Souscription en cours;Choix de l'offre et livraison;169.32
6859;22/05/2026 11:16:47;Manon LEFEBVRE;Dossier refusé;Saisie société;262.95
6860;22/05/2026 11:16:47;Manon LEFEBVRE;Dossier refusé;Saisie société;612.58
6861;22/05/2026 11:13:32;;Dossier refusé;Saisie société;427.07
6862;22/05/2026 11:13:32;;Dossier refusé;Saisie société;901.28
6863;22/05/2026 11:08:07;;Souscription en cours;Coordonnées personnelles;145.64
6864;22/05/2026 11:08:07;;Souscription en cours;Coordonnées personnelles;656.12
6865;22/05/2026 10:57:56;;Souscription en cours;Coordonnées personnelles;126.46
6866;22/05/2026 10:57:56;;Souscription en cours;Coordonnées personnelles;836.21
6867;22/05/2026 10:57:25;;Dossier refusé;Choix de l'offre et livraison;848.59
6868;22/05/2026 10:57:25;;Dossier refusé;Choix de l'offre et livraison;563.73
6869;22/05/2026 10:36:12;Z5750800;Dossier validé;Parcours terminé;177.68
6870;22/05/2026 10:36:12;Z5750800;Dossier validé;Parcours terminé;556.85
6871;22/05/2026 10:34:55;Manon LEFEBVRE;Dossier validé;Parcours terminé;742.84
6872;22/05/2026 10:34:55;Manon LEFEBVRE;Dossier validé;Parcours terminé;791.17
6873;22/05/2026 10:31:46;;Dossier validé;Parcours terminé;531.98
6874;22/05/2026 10:31:46;;Dossier validé;Parcours terminé;946.43
6875;22/05/2026 10:27:51;;Souscription en cours;Coordonnées personnelles;590.60
6876;22/05/2026 10:27:51;;Souscription en cours;Coordonnées personnelles;879.29
6877;22/05/2026 10:24:23;;Dossier refusé;Saisie société;397.55
6878;22/05/2026 10:24:23;;Dossier refusé;Saisie société;888.03
6879;22/05/2026 10:11:14;;Souscription non démarrée;Parcours non démarré;622.49
6880;22/05/2026 10:11:14;;Souscription non démarrée;Parcours non démarré;898.80
6881;22/05/2026 10:06:40;;Dossier validé;Parcours terminé;534.91
6882;22/05/2026 10:06:40;;Dossier validé;Parcours terminé;111.18
6883;22/05/2026 09:42:35;;Dossier refusé;Saisie société;792.66
6884;22/05/2026 09:42:35;;Dossier refusé;Saisie société;169.10
6885;22/05/2026 09:42:06;;Dossier validé;Parcours terminé;205.58
6886;22/05/2026 09:42:06;;Dossier validé;Parcours terminé;926.45
6887;22/05/2026 09:41:36;;Dossier refusé;Bénéficiaire effectifs;709.44
6888;22/05/2026 09:41:36;;Dossier refusé;Bénéficiaire effectifs;266.46
6889;22/05/2026 09:38:50;Z5750800;Dossier refusé;Saisie société;869.39
6890;22/05/2026 09:38:50;Z5750800;Dossier refusé;Saisie société;664.87
6891;22/05/2026 09:30:41;;Dossier validé;Parcours terminé;186.41
6892;22/05/2026 09:30:41;;Dossier validé;Parcours terminé;350.62
6893;22/05/2026 09:14:08;;Souscription en cours;Signature Contrat;692.83
6894;22/05/2026 09:14:08;;Souscription en cours;Signature Contrat;726.94
6895;22/05/2026 09:13:26;;Dossier validé;Parcours terminé;161.87
6896;22/05/2026 09:13:26;;Dossier validé;Parcours terminé;882.75
6897;22/05/2026 09:08:26;;Dossier validé;Parcours terminé;659.03
6898;22/05/2026 09:08:26;;Dossier validé;Parcours terminé;578.25
6899;22/05/2026 09:03:55;;Dossier validé;Parcours terminé;629.87
6900;22/05/2026 09:03:55;;Dossier validé;Parcours terminé;304.66
6901;22/05/2026 09:01:30;;En attente d'analyse Agent - Dossier avec erreurs;Signature Contrat;645.89
6902;22/05/2026 09:01:30;;En attente d'analyse Agent - Dossier avec erreurs;Signature Contrat;133.94
6903;22/05/2026 08:34:57;;Souscription en cours;Informations complémentaires (CA, Profession, etc.);308.15
6904;22/05/2026 08:34:57;;Souscription en cours;Informations complémentaires (CA, Profession, etc.);642.83
6905;22/05/2026 08:20:45;;Souscription en cours;Coordonnées personnelles;155.82
6906;22/05/2026 08:20:45;;Souscription en cours;Coordonnées personnelles;790.25
6907;22/05/2026 08:19:38;;Dossier validé;Parcours terminé;580.78
6908;22/05/2026 08:19:38;;Dossier validé;Parcours terminé;415.70
6909;22/05/2026 08:13:40;;Dossier refusé;Saisie société;971.80
6910;22/05/2026 08:13:40;;Dossier refusé;Saisie société;756.15
6911;22/05/2026 06:35:05;;Dossier refusé;Saisie société;621.32
6912;22/05/2026 06:35:05;;Dossier refusé;Saisie société;989.63
6913;22/05/2026 06:01:53;;Dossier refusé;Signature Contrat;269.43
6914;22/05/2026 06:01:53;;Dossier refusé;Signature Contrat;105.14
6915;22/05/2026 05:54:25;;Dossier validé;Parcours terminé;487.36
6916;22/05/2026 05:54:25;;Dossier validé;Parcours terminé;909.86
6917;22/05/2026 05:03:45;;Souscription non démarrée;Parcours non démarré;547.96
6918;22/05/2026 05:03:45;;Souscription non démarrée;Parcours non démarré;800.26
6919;22/05/2026 04:25:21;;Souscription en cours;Choix de l'offre et livraison;913.48
6920;22/05/2026 04:25:21;;Souscription en cours;Choix de l'offre et livraison;453.48
6921;22/05/2026 02:45:31;;Souscription en cours;Choix de l'offre et livraison;880.70
6922;22/05/2026 02:45:31;;Souscription en cours;Choix de l'offre et livraison;653.46
6923;22/05/2026 01:19:01;;Souscription en cours;Coordonnées personnelles;171.16
6924;22/05/2026 01:19:01;;Souscription en cours;Coordonnées personnelles;440.78
6925;22/05/2026 00:48:10;;Dossier validé;Parcours terminé;112.08
6926;22/05/2026 00:48:10;;Dossier validé;Parcours terminé;982.58
6927;22/05/2026 00:23:08;;Souscription en cours;Coordonnées personnelles;291.97
6928;22/05/2026 00:23:08;;Souscription en cours;Coordonnées personnelles;682.30
6929;22/05/2026 00:15:42;;Dossier refusé;Saisie société;111.32
6930;22/05/2026 00:15:42;;Dossier refusé;Saisie société;810.05
6931;22/05/2026 00:15:38;;Dossier validé;Parcours terminé;670.64
6932;22/05/2026 00:15:38;;Dossier validé;Parcours terminé;456.92
6933;22/05/2026 00:04:11;;Souscription en cours;Coordonnées personnelles;767.94
6934;22/05/2026 00:04:11;;Souscription en cours;Coordonnées personnelles;530.08
6935;21/05/2026 23:44:00;;Souscription en cours;Coordonnées personnelles;153.56
6936;21/05/2026 23:44:00;;Souscription en cours;Coordonnées personnelles;313.37
6937;21/05/2026 23:38:03;;Dossier refusé;Saisie société;422.23
6938;21/05/2026 23:38:03;;Dossier refusé;Saisie société;534.79
6939;21/05/2026 23:20:50;;Dossier validé;Parcours terminé;536.59
6940;21/05/2026 23:20:50;;Dossier validé;Parcours terminé;541.05
6941;21/05/2026 23:15:53;;Souscription non démarrée;Parcours non démarré;387.61
6942;21/05/2026 23:15:53;;Souscription non démarrée;Parcours non démarré;391.44
6943;21/05/2026 23:12:43;;Dossier refusé;Saisie société;715.31
6944;21/05/2026 23:12:43;;Dossier refusé;Saisie société;770.56
6945;21/05/2026 23:08:51;;Souscription en cours;Coordonnées personnelles;741.52
6946;21/05/2026 23:08:51;;Souscription en cours;Coordonnées personnelles;239.67
6947;21/05/2026 23:08:45;;Souscription en cours;Coordonnées personnelles;498.05
6948;21/05/2026 23:08:45;;Souscription en cours;Coordonnées personnelles;821.07
6949;21/05/2026 23:05:06;;Souscription non démarrée;Parcours non démarré;714.40
6950;21/05/2026 23:05:06;;Souscription non démarrée;Parcours non démarré;200.48
6951;21/05/2026 22:50:39;;Dossier validé;Parcours terminé;355.26
6952;21/05/2026 22:50:39;;Dossier validé;Parcours terminé;869.19
6953;21/05/2026 22:49:10;;Souscription en cours;Informations complémentaires (CA, Profession, etc.);713.38
6954;21/05/2026 22:49:10;;Souscription en cours;Informations complémentaires (CA, Profession, etc.);327.23
6955;21/05/2026 22:47:42;;Souscription en cours;Vérification d'identité;204.78
6956;21/05/2026 22:47:42;;Souscription en cours;Vérification d'identité;342.81
6957;21/05/2026 22:40:09;;Dossier validé;Parcours terminé;677.44
6958;21/05/2026 22:40:09;;Dossier validé;Parcours terminé;463.57
6959;21/05/2026 22:39:53;;Souscription en cours;Choix de l'offre et livraison;317.73
6960;21/05/2026 22:39:53;;Souscription en cours;Choix de l'offre et livraison;983.22
6961;21/05/2026 22:31:45;;Souscription en cours;Coordonnées personnelles;522.69
6962;21/05/2026 22:31:45;;Souscription en cours;Coordonnées personnelles;339.84
6963;21/05/2026 22:16:57;;Souscription non démarrée;Parcours non démarré;385.92
6964;21/05/2026 22:16:57;;Souscription non démarrée;Parcours non démarré;615.44
6965;21/05/2026 22:10:05;;Dossier validé;Parcours terminé;980.39
6966;21/05/2026 22:10:05;;Dossier validé;Parcours terminé;847.32
6967;21/05/2026 21:43:42;;Souscription non démarrée;Parcours non démarré;903.46
6968;21/05/2026 21:43:42;;Souscription non démarrée;Parcours non démarré;651.65
6969;21/05/2026 21:33:14;;Souscription en cours;Coordonnées personnelles;521.80
6970;21/05/2026 21:33:14;;Souscription en cours;Coordonnées personnelles;328.80
6971;21/05/2026 21:27:59;;Dossier validé;Parcours terminé;809.04
6972;21/05/2026 21:27:59;;Dossier validé;Parcours terminé;865.06
6973;21/05/2026 21:25:41;;Souscription en cours;Coordonnées personnelles;213.27
6974;21/05/2026 21:25:41;;Souscription en cours;Coordonnées personnelles;273.84
6975;21/05/2026 21:22:50;;Souscription en cours;Coordonnées personnelles;564.45
6976;21/05/2026 21:22:50;;Souscription en cours;Coordonnées personnelles;798.72
6977;21/05/2026 21:16:21;;Dossier validé;Parcours terminé;451.45
6978;21/05/2026 21:16:21;;Dossier validé;Parcours terminé;361.85
6979;21/05/2026 21:10:31;;Dossier refusé;Saisie société;293.79
6980;21/05/2026 21:10:31;;Dossier refusé;Saisie société;839.60
6981;21/05/2026 21:03:24;;Souscription en cours;Coordonnées personnelles;354.84
6982;21/05/2026 21:03:24;;Souscription en cours;Coordonnées personnelles;545.26
6983;21/05/2026 21:02:00;;Souscription en cours;Choix de l'offre et livraison;152.43
6984;21/05/2026 21:02:00;;Souscription en cours;Choix de l'offre et livraison;533.76
6985;21/05/2026 20:58:07;;Dossier validé;Parcours terminé;551.21
6986;21/05/2026 20:58:07;;Dossier validé;Parcours terminé;806.47
6987;21/05/2026 20:51:27;;Souscription non démarrée;Parcours non démarré;600.38
6988;21/05/2026 20:51:27;;Souscription non démarrée;Parcours non démarré;684.22
6989;21/05/2026 20:48:54;;Dossier validé;Parcours terminé;466.26
6990;21/05/2026 20:48:54;;Dossier validé;Parcours terminé;612.85
6991;21/05/2026 20:43:19;;En attente d'analyse Agent - Dossier avec erreurs;Signature Contrat;404.26
6992;21/05/2026 20:43:19;;En attente d'analyse Agent - Dossier avec erreurs;Signature Contrat;433.17
6993;21/05/2026 20:39:22;;Souscription en cours;Bénéficiaire effectifs;895.04
6994;21/05/2026 20:39:22;;Souscription en cours;Bénéficiaire effectifs;106.90
6995;21/05/2026 20:32:20;;Dossier refusé;Saisie société;967.92
6996;21/05/2026 20:32:20;;Dossier refusé;Saisie société;477.02
6997;21/05/2026 20:23:24;;Souscription en cours;Informations complémentaires (Etablissements, etc.);407.14
6998;21/05/2026 20:23:24;;Souscription en cours;Informations complémentaires (Etablissements, etc.);802.46
6999;21/05/2026 20:04:43;;Dossier validé;Parcours terminé;833.27
7000;21/05/2026 20:04:43;;Dossier validé;Parcours terminé;194.84
7001;21/05/2026 19:59:15;;Dossier refusé;Saisie société;764.70
7002;21/05/2026 19:59:15;;Dossier refusé;Saisie société;373.73
7003;21/05/2026 19:39:13;;Souscription en cours;Choix de l'offre et livraison;341.19
7004;21/05/2026 19:39:13;;Souscription en cours;Choix de l'offre et livraison;592.40
7005;21/05/2026 19:17:03;;Dossier refusé;Saisie société;125.72
7006;21/05/2026 19:17:03;;Dossier refusé;Saisie société;415.77
7007;21/05/2026 19:06:28;;Dossier refusé;Saisie société;497.85
7008;21/05/2026 19:06:28;;Dossier refusé;Saisie société;684.13
7009;21/05/2026 19:04:35;Z5750800;Dossier validé;Parcours terminé;492.25
7010;21/05/2026 19:04:35;Z5750800;Dossier validé;Parcours terminé;129.00
7011;21/05/2026 19:03:53;;Souscription non démarrée;Parcours non démarré;182.40
7012;21/05/2026 19:03:53;;Souscription non démarrée;Parcours non démarré;316.18
7013;21/05/2026 18:57:24;Manon LEFEBVRE;Dossier validé;Parcours terminé;773.63
7014;21/05/2026 18:57:24;Manon LEFEBVRE;Dossier validé;Parcours terminé;375.07
7015;21/05/2026 18:55:37;;Souscription en cours;Coordonnées personnelles;671.40
7016;21/05/2026 18:55:37;;Souscription en cours;Coordonnées personnelles;159.42
7017;21/05/2026 18:52:52;;Dossier validé;Parcours terminé;584.99
7018;21/05/2026 18:52:52;;Dossier validé;Parcours terminé;531.15
7019;21/05/2026 18:51:56;;Souscription en cours;Choix de l'offre et livraison;401.84
7020;21/05/2026 18:51:56;;Souscription en cours;Choix de l'offre et livraison;562.34
7021;21/05/2026 18:35:36;;Souscription en cours;Coordonnées personnelles;762.16
7022;21/05/2026 18:35:36;;Souscription en cours;Coordonnées personnelles;660.27
7023;21/05/2026 18:32:29;;Souscription en cours;Choix de l'offre et livraison;794.91
7024;21/05/2026 18:32:29;;Souscription en cours;Choix de l'offre et livraison;662.83
7025;21/05/2026 18:08:48;;Souscription en cours;Coordonnées personnelles;333.17
7026;21/05/2026 18:08:48;;Souscription en cours;Coordonnées personnelles;796.30
7027;21/05/2026 18:08:42;;Souscription en cours;Choix de l'offre et livraison;989.55
7028;21/05/2026 18:08:42;;Souscription en cours;Choix de l'offre et livraison;775.25
7029;21/05/2026 17:57:52;;Souscription en cours;Coordonnées personnelles;963.09
7030;21/05/2026 17:57:52;;Souscription en cours;Coordonnées personnelles;554.66
7031;21/05/2026 17:55:14;;Souscription en cours;Informations complémentaires (CA, Profession, etc.);758.26
7032;21/05/2026 17:55:14;;Souscription en cours;Informations complémentaires (CA, Profession, etc.);332.64
7033;21/05/2026 17:54:09;;Souscription non démarrée;Parcours non démarré;248.36
7034;21/05/2026 17:54:09;;Souscription non démarrée;Parcours non démarré;717.06
7035;21/05/2026 17:53:36;;Dossier validé;Parcours terminé;925.18
7036;21/05/2026 17:53:36;;Dossier validé;Parcours terminé;975.42
7037;21/05/2026 17:52:10;;Souscription en cours;Coordonnées personnelles;345.83
7038;21/05/2026 17:52:10;;Souscription en cours;Coordonnées personnelles;274.28
7039;21/05/2026 17:51:47;;Souscription en cours;Informations complémentaires (CA, Profession, etc.);133.82
7040;21/05/2026 17:51:47;;Souscription en cours;Informations complémentaires (CA, Profession, etc.);550.47
7041;21/05/2026 17:47:12;;En attente d'analyse Agent - Dossier avec erreurs;Signature Contrat;749.67
7042;21/05/2026 17:47:12;;En attente d'analyse Agent - Dossier avec erreurs;Signature Contrat;852.86
7043;21/05/2026 17:43:29;;Dossier validé;Parcours terminé;336.00
7044;21/05/2026 17:43:29;;Dossier validé;Parcours terminé;986.78
7045;21/05/2026 17:41:46;;Souscription non démarrée;Parcours non démarré;751.34
7046;21/05/2026 17:41:46;;Souscription non démarrée;Parcours non démarré;125.89
7047;21/05/2026 17:39:37;;Souscription en cours;Informations complémentaires (Etablissements, etc.);481.05
7048;21/05/2026 17:39:37;;Souscription en cours;Informations complémentaires (Etablissements, etc.);432.60
7049;21/05/2026 17:31:19;;Dossier refusé;Informations complémentaires (CA, Profession, etc.);262.87
7050;21/05/2026 17:31:19;;Dossier refusé;Informations complémentaires (CA, Profession, etc.);825.42
7051;21/05/2026 17:29:50;;Souscription en cours;Signature Contrat;966.63
7052;21/05/2026 17:29:50;;Souscription en cours;Signature Contrat;421.01
7053;21/05/2026 17:22:46;;Souscription en cours;Vérification d'identité;102.43
7054;21/05/2026 17:22:46;;Souscription en cours;Vérification d'identité;493.85
7055;21/05/2026 17:21:08;;Souscription en cours;Coordonnées personnelles;444.13
7056;21/05/2026 17:21:08;;Souscription en cours;Coordonnées personnelles;405.71
7057;21/05/2026 17:16:26;;Souscription en cours;Informations complémentaires (CA, Profession, etc.);898.10
7058;21/05/2026 17:16:26;;Souscription en cours;Informations complémentaires (CA, Profession, etc.);510.45
7059;21/05/2026 17:06:34;;Dossier validé;Parcours terminé;397.75
7060;21/05/2026 17:06:34;;Dossier validé;Parcours terminé;823.66
7061;21/05/2026 17:01:28;;Souscription en cours;Choix de l'offre et livraison;648.43
7062;21/05/2026 17:01:28;;Souscription en cours;Choix de l'offre et livraison;317.55
7063;21/05/2026 16:56:20;;Dossier validé;Parcours terminé;983.38
7064;21/05/2026 16:56:20;;Dossier validé;Parcours terminé;967.62
7065;21/05/2026 16:54:38;;Souscription en cours;Signature Contrat;999.04
7066;21/05/2026 16:54:38;;Souscription en cours;Signature Contrat;397.76
7067;21/05/2026 16:50:12;;Dossier validé;Parcours terminé;216.72
7068;21/05/2026 16:50:12;;Dossier validé;Parcours terminé;488.04
7069;21/05/2026 16:44:18;;Dossier validé;Parcours terminé;974.57
7070;21/05/2026 16:44:18;;Dossier validé;Parcours terminé;789.39
7071;21/05/2026 16:38:03;;Souscription non démarrée;Parcours non démarré;392.68
7072;21/05/2026 16:38:03;;Souscription non démarrée;Parcours non démarré;882.68
7073;21/05/2026 16:33:27;;Souscription en cours;Coordonnées personnelles;442.76
7074;21/05/2026 16:33:27;;Souscription en cours;Coordonnées personnelles;305.77
7075;21/05/2026 16:31:17;;Dossier validé;Parcours terminé;818.29
7076;21/05/2026 16:31:17;;Dossier validé;Parcours terminé;136.76
7077;21/05/2026 16:27:04;;Souscription en cours;Signature Contrat;887.26
7078;21/05/2026 16:27:04;;Souscription en cours;Signature Contrat;240.25
7079;21/05/2026 16:19:55;;Dossier validé;Parcours terminé;450.27
7080;21/05/2026 16:19:55;;Dossier validé;Parcours terminé;241.41
7081;21/05/2026 16:13:28;;Souscription en cours;Vérification d'identité;242.63
7082;21/05/2026 16:13:28;;Souscription en cours;Vérification d'identité;156.05
7083;21/05/2026 16:05:51;;Dossier validé;Parcours terminé;117.13
7084;21/05/2026 16:05:51;;Dossier validé;Parcours terminé;989.74
7085;21/05/2026 16:04:29;;Dossier refusé;Saisie société;939.39
7086;21/05/2026 16:04:29;;Dossier refusé;Saisie société;189.81
7087;21/05/2026 16:02:26;;Souscription en cours;Coordonnées personnelles;616.26
7088;21/05/2026 16:02:26;;Souscription en cours;Coordonnées personnelles;571.45
7089;21/05/2026 15:58:52;;Dossier validé;Parcours terminé;556.66
7090;21/05/2026 15:58:52;;Dossier validé;Parcours terminé;885.56
7091;21/05/2026 15:58:50;;Souscription en cours;Coordonnées personnelles;231.52
7092;21/05/2026 15:58:50;;Souscription en cours;Coordonnées personnelles;648.45
7093;21/05/2026 15:51:55;;Dossier refusé;Vérification d'identité;563.65
7094;21/05/2026 15:51:55;;Dossier refusé;Vérification d'identité;658.32
7095;21/05/2026 15:49:00;;Dossier validé;Parcours terminé;290.81
7096;21/05/2026 15:49:00;;Dossier validé;Parcours terminé;639.79
7097;21/05/2026 15:48:54;;Dossier validé;Parcours terminé;525.78
7098;21/05/2026 15:48:54;;Dossier validé;Parcours terminé;270.48
7099;21/05/2026 15:43:20;;Souscription en cours;Coordonnées personnelles;237.69
7100;21/05/2026 15:43:20;;Souscription en cours;Coordonnées personnelles;425.77
7101;21/05/2026 15:42:12;;Souscription non démarrée;Parcours non démarré;487.68
7102;21/05/2026 15:42:12;;Souscription non démarrée;Parcours non démarré;863.70
7103;21/05/2026 15:41:46;;Souscription en cours;Signature Contrat;167.64
7104;21/05/2026 15:41:46;;Souscription en cours;Signature Contrat;193.83
7105;21/05/2026 15:40:50;;Dossier validé;Parcours terminé;698.69
7106;21/05/2026 15:40:50;;Dossier validé;Parcours terminé;432.47
7107;21/05/2026 15:35:26;;Dossier validé;Parcours terminé;763.73
7108;21/05/2026 15:35:26;;Dossier validé;Parcours terminé;252.58
7109;21/05/2026 15:32:07;;Souscription en cours;Coordonnées personnelles;929.31
7110;21/05/2026 15:32:07;;Souscription en cours;Coordonnées personnelles;161.04
7111;21/05/2026 15:30:08;;Dossier validé;Parcours terminé;458.95
7112;21/05/2026 15:30:08;;Dossier validé;Parcours terminé;886.14
7113;21/05/2026 15:28:12;;Souscription en cours;Choix de l'offre et livraison;809.14
7114;21/05/2026 15:28:12;;Souscription en cours;Choix de l'offre et livraison;260.35
7115;21/05/2026 15:22:08;;En attente d'analyse Agent - Dossier avec erreurs;Signature Contrat;936.55
7116;21/05/2026 15:22:08;;En attente d'analyse Agent - Dossier avec erreurs;Signature Contrat;131.12
7117;21/05/2026 15:21:16;;Dossier refusé;Saisie société;646.48
7118;21/05/2026 15:21:16;;Dossier refusé;Saisie société;705.20
7119;21/05/2026 15:16:02;;Dossier refusé;Saisie société;810.70
7120;21/05/2026 15:16:02;;Dossier refusé;Saisie société;474.23
7121;21/05/2026 15:12:11;;Dossier validé;Parcours terminé;303.45
7122;21/05/2026 15:12:11;;Dossier validé;Parcours terminé;651.37
7123;21/05/2026 15:07:10;;Dossier validé;Parcours terminé;931.74
7124;21/05/2026 15:07:10;;Dossier validé;Parcours terminé;521.47
7125;21/05/2026 15:01:55;;Dossier validé;Parcours terminé;568.06
7126;21/05/2026 15:01:55;;Dossier validé;Parcours terminé;467.60
7127;21/05/2026 15:01:30;;Dossier validé;Parcours terminé;853.51
7128;21/05/2026 15:01:30;;Dossier validé;Parcours terminé;804.77
7129;21/05/2026 14:57:20;;Dossier validé;Parcours terminé;660.14
7130;21/05/2026 14:57:20;;Dossier validé;Parcours terminé;872.83
7131;21/05/2026 14:55:16;;Souscription en cours;Choix de l'offre et livraison;450.02
7132;21/05/2026 14:55:16;;Souscription en cours;Choix de l'offre et livraison;742.97
7133;21/05/2026 14:54:53;;Souscription en cours;Choix de l'offre et livraison;116.70
7134;21/05/2026 14:54:53;;Souscription en cours;Choix de l'offre et livraison;360.89
7135;21/05/2026 14:53:31;;Dossier validé;Parcours terminé;112.61
7136;21/05/2026 14:53:31;;Dossier validé;Parcours terminé;811.84
7137;21/05/2026 14:44:13;;Souscription non démarrée;Parcours non démarré;998.07
7138;21/05/2026 14:44:13;;Souscription non démarrée;Parcours non démarré;517.76
7139;21/05/2026 14:42:22;;Dossier validé;Parcours terminé;574.64
7140;21/05/2026 14:42:22;;Dossier validé;Parcours terminé;927.55
7141;21/05/2026 14:32:04;;Dossier validé;Parcours terminé;524.46
7142;21/05/2026 14:32:04;;Dossier validé;Parcours terminé;191.99
7143;21/05/2026 14:29:10;;Souscription en cours;Choix de l'offre et livraison;999.78
7144;21/05/2026 14:29:10;;Souscription en cours;Choix de l'offre et livraison;858.40
7145;21/05/2026 14:22:33;;Souscription en cours;Vérification d'identité;454.05
7146;21/05/2026 14:22:33;;Souscription en cours;Vérification d'identité;409.03
7147;21/05/2026 14:10:28;;Dossier refusé;Saisie société;504.59
7148;21/05/2026 14:10:28;;Dossier refusé;Saisie société;694.42
7149;21/05/2026 14:10:06;;Souscription non démarrée;Parcours non démarré;366.99
7150;21/05/2026 14:10:06;;Souscription non démarrée;Parcours non démarré;195.51
7151;21/05/2026 14:08:37;;Souscription en cours;Choix de l'offre et livraison;244.23
7152;21/05/2026 14:08:37;;Souscription en cours;Choix de l'offre et livraison;593.55
7153;21/05/2026 13:55:32;;Souscription non démarrée;Parcours non démarré;532.79
7154;21/05/2026 13:55:32;;Souscription non démarrée;Parcours non démarré;205.89
7155;21/05/2026 13:53:38;;Souscription en cours;Coordonnées personnelles;952.95
7156;21/05/2026 13:53:38;;Souscription en cours;Coordonnées personnelles;767.80
7157;21/05/2026 13:50:56;;Souscription en cours;Informations complémentaires (CA, Profession, etc.);633.80
7158;21/05/2026 13:50:56;;Souscription en cours;Informations complémentaires (CA, Profession, etc.);936.33
7159;21/05/2026 13:50:37;;Dossier validé;Parcours terminé;462.68
7160;21/05/2026 13:50:37;;Dossier validé;Parcours terminé;109.16
7161;21/05/2026 13:50:24;;Souscription non démarrée;Parcours non démarré;277.58
7162;21/05/2026 13:50:24;;Souscription non démarrée;Parcours non démarré;477.55
7163;21/05/2026 13:49:02;;Dossier validé;Parcours terminé;801.08
7164;21/05/2026 13:49:02;;Dossier validé;Parcours terminé;909.55
7165;21/05/2026 13:48:44;;Souscription en cours;Coordonnées personnelles;407.26
7166;21/05/2026 13:48:44;;Souscription en cours;Coordonnées personnelles;299.13
7167;21/05/2026 13:35:54;;Dossier validé;Parcours terminé;464.40
7168;21/05/2026 13:35:54;;Dossier validé;Parcours terminé;841.80
7169;21/05/2026 12:53:12;;Souscription en cours;Signature Contrat;165.93
7170;21/05/2026 12:53:12;;Souscription en cours;Signature Contrat;232.63
7171;21/05/2026 12:47:50;;Souscription en cours;Coordonnées personnelles;662.08
7172;21/05/2026 12:47:50;;Souscription en cours;Coordonnées personnelles;401.65
7173;21/05/2026 12:46:46;;Dossier refusé;Signature Contrat;457.31
7174;21/05/2026 12:46:46;;Dossier refusé;Signature Contrat;338.68
7175;21/05/2026 12:44:27;;Dossier validé;Parcours terminé;701.37
7176;21/05/2026 12:44:27;;Dossier validé;Parcours terminé;300.73
7177;21/05/2026 12:40:52;;Souscription en cours;Coordonnées personnelles;830.96
7178;21/05/2026 12:40:52;;Souscription en cours;Coordonnées personnelles;402.98
7179;21/05/2026 12:31:47;;Souscription non démarrée;Parcours non démarré;180.11
7180;21/05/2026 12:31:47;;Souscription non démarrée;Parcours non démarré;376.77
7181;21/05/2026 12:21:32;;Dossier validé;Parcours terminé;113.95
7182;21/05/2026 12:21:32;;Dossier validé;Parcours terminé;725.99
7183;21/05/2026 12:19:51;;Dossier validé;Parcours terminé;623.58
7184;21/05/2026 12:19:51;;Dossier validé;Parcours terminé;236.50
7185;21/05/2026 12:18:11;;Souscription en cours;Informations complémentaires (Etablissements, etc.);893.19
7186;21/05/2026 12:18:11;;Souscription en cours;Informations complémentaires (Etablissements, etc.);491.61
7187;21/05/2026 12:13:12;Manon LEFEBVRE;Dossier refusé;Signature Contrat;447.98
7188;21/05/2026 12:13:12;Manon LEFEBVRE;Dossier refusé;Signature Contrat;297.35
7189;21/05/2026 12:10:17;;Souscription non démarrée;Parcours non démarré;562.91
7190;21/05/2026 12:10:17;;Souscription non démarrée;Parcours non démarré;130.94
7191;21/05/2026 12:02:44;;Souscription non démarrée;Parcours non démarré;527.17
7192;21/05/2026 12:02:44;;Souscription non démarrée;Parcours non démarré;630.41
7193;21/05/2026 12:02:23;;Dossier validé;Parcours terminé;415.32
7194;21/05/2026 12:02:23;;Dossier validé;Parcours terminé;475.04
7195;21/05/2026 12:01:26;;Dossier validé;Parcours terminé;902.31
7196;21/05/2026 12:01:26;;Dossier validé;Parcours terminé;281.58
7197;21/05/2026 11:54:55;;Dossier refusé;Informations complémentaires (Etablissements, etc.);315.28
7198;21/05/2026 11:54:55;;Dossier refusé;Informations complémentaires (Etablissements, etc.);168.84
7199;21/05/2026 11:52:23;;Dossier validé;Parcours terminé;333.30
7200;21/05/2026 11:52:23;;Dossier validé;Parcours terminé;844.47
7201;21/05/2026 11:39:37;;Dossier validé;Parcours terminé;728.74
7202;21/05/2026 11:39:37;;Dossier validé;Parcours terminé;914.75
7203;21/05/2026 11:37:13;;Souscription en cours;Synchronisation référentiel personne NOVA;220.30
7204;21/05/2026 11:37:13;;Souscription en cours;Synchronisation référentiel personne NOVA;561.38
7205;21/05/2026 11:35:35;;Dossier validé;Parcours terminé;218.11
7206;21/05/2026 11:35:35;;Dossier validé;Parcours terminé;776.26
7207;21/05/2026 11:32:15;;Dossier refusé;Saisie société;101.24
7208;21/05/2026 11:32:15;;Dossier refusé;Saisie société;823.82
7209;21/05/2026 11:24:13;;Souscription en cours;Coordonnées personnelles;117.61
7210;21/05/2026 11:24:13;;Souscription en cours;Coordonnées personnelles;675.38
7211;21/05/2026 11:13:58;;Souscription en cours;Informations complémentaires (Etablissements, etc.);699.87
7212;21/05/2026 11:13:58;;Souscription en cours;Informations complémentaires (Etablissements, etc.);755.03
7213;21/05/2026 11:11:16;;Souscription en cours;Choix de l'offre et livraison;325.84
7214;21/05/2026 11:11:16;;Souscription en cours;Choix de l'offre et livraison;971.09
7215;21/05/2026 11:09:11;;Souscription en cours;Choix de l'offre et livraison;937.24
7216;21/05/2026 11:09:11;;Souscription en cours;Choix de l'offre et livraison;683.03
7217;21/05/2026 11:05:24;;Souscription en cours;Vérification d'identité;228.68
7218;21/05/2026 11:05:24;;Souscription en cours;Vérification d'identité;377.31
7219;21/05/2026 11:03:23;;Dossier validé;Parcours terminé;489.95
7220;21/05/2026 11:03:23;;Dossier validé;Parcours terminé;310.47
7221;21/05/2026 11:01:41;;Dossier refusé;Saisie société;206.92
7222;21/05/2026 11:01:41;;Dossier refusé;Saisie société;408.37
7223;21/05/2026 10:59:33;;Souscription non démarrée;Parcours non démarré;703.59
7224;21/05/2026 10:59:33;;Souscription non démarrée;Parcours non démarré;410.76
7225;21/05/2026 10:58:19;;Souscription en cours;Choix de l'offre et livraison;176.12
7226;21/05/2026 10:58:19;;Souscription en cours;Choix de l'offre et livraison;373.29
7227;21/05/2026 10:53:31;;Dossier validé;Parcours terminé;420.20
7228;21/05/2026 10:53:31;;Dossier validé;Parcours terminé;781.77
7229;21/05/2026 10:53:00;;Souscription en cours;Vérification d'identité;386.92
7230;21/05/2026 10:53:00;;Souscription en cours;Vérification d'identité;558.77
7231;21/05/2026 10:37:11;;Dossier validé;Parcours terminé;959.61
7232;21/05/2026 10:37:11;;Dossier validé;Parcours terminé;180.28
7233;21/05/2026 10:35:33;Hugo MARTIN;Dossier refusé;Bénéficiaire effectifs;877.04
7234;21/05/2026 10:35:33;Hugo MARTIN;Dossier refusé;Bénéficiaire effectifs;997.63
7235;21/05/2026 10:30:18;;Dossier validé;Parcours terminé;670.96
7236;21/05/2026 10:30:18;;Dossier validé;Parcours terminé;280.98
7237;21/05/2026 10:28:32;;Souscription en cours;Bénéficiaire effectifs;872.01
7238;21/05/2026 10:28:32;;Souscription en cours;Bénéficiaire effectifs;910.68
7239;21/05/2026 10:13:08;;Dossier validé;Parcours terminé;515.63
7240;21/05/2026 10:13:08;;Dossier validé;Parcours terminé;630.53
7241;21/05/2026 10:11:18;;Souscription en cours;Choix de l'offre et livraison;517.14
7242;21/05/2026 10:11:18;;Souscription en cours;Choix de l'offre et livraison;483.39
7243;21/05/2026 10:07:49;;Souscription en cours;Choix de l'offre et livraison;479.37
7244;21/05/2026 10:07:49;;Souscription en cours;Choix de l'offre et livraison;339.48
7245;21/05/2026 10:07:16;;Souscription en cours;Vérification d'identité;226.71
7246;21/05/2026 10:07:16;;Souscription en cours;Vérification d'identité;209.57
7247;21/05/2026 09:57:01;;Souscription en cours;Signature Contrat;761.44
7248;21/05/2026 09:57:01;;Souscription en cours;Signature Contrat;966.41
7249;21/05/2026 09:47:22;;Souscription en cours;Vérification d'identité;195.05
7250;21/05/2026 09:47:22;;Souscription en cours;Vérification d'identité;842.53
7251;21/05/2026 09:42:57;Inès MICHEL;Dossier validé;Parcours terminé;925.33
7252;21/05/2026 09:42:57;Inès MICHEL;Dossier validé;Parcours terminé;160.38
7253;21/05/2026 09:42:17;;Dossier validé;Parcours terminé;867.45
7254;21/05/2026 09:42:17;;Dossier validé;Parcours terminé;269.25
7255;21/05/2026 09:37:29;;Dossier validé;Parcours terminé;957.24
7256;21/05/2026 09:37:29;;Dossier validé;Parcours terminé;371.83
7257;21/05/2026 09:23:48;;Souscription en cours;Vérification d'identité;318.22
7258;21/05/2026 09:23:48;;Souscription en cours;Vérification d'identité;174.28
7259;21/05/2026 09:21:40;;Dossier validé;Parcours terminé;381.59
7260;21/05/2026 09:21:40;;Dossier validé;Parcours terminé;141.91
7261;21/05/2026 09:14:40;;Dossier validé;Parcours terminé;762.55
7262;21/05/2026 09:14:40;;Dossier validé;Parcours terminé;412.45
7263;21/05/2026 09:13:23;;Souscription en cours;Vérification d'identité;738.35
7264;21/05/2026 09:13:23;;Souscription en cours;Vérification d'identité;476.16
7265;21/05/2026 09:11:28;;Souscription en cours;Coordonnées personnelles;172.42
7266;21/05/2026 09:11:28;;Souscription en cours;Coordonnées personnelles;218.52
7267;21/05/2026 09:03:42;;Dossier validé;Parcours terminé;459.75
7268;21/05/2026 09:03:42;;Dossier validé;Parcours terminé;259.18
7269;21/05/2026 09:02:34;Louis MARTIN;Dossier validé;Parcours terminé;522.99
7270;21/05/2026 09:02:34;Louis MARTIN;Dossier validé;Parcours terminé;461.99
7271;21/05/2026 09:01:29;;Dossier validé;Parcours terminé;127.54
7272;21/05/2026 09:01:29;;Dossier validé;Parcours terminé;886.35
7273;21/05/2026 08:39:17;;Souscription en cours;Informations complémentaires (Etablissements, etc.);794.46
7274;21/05/2026 08:39:17;;Souscription en cours;Informations complémentaires (Etablissements, etc.);107.99
7275;21/05/2026 08:22:11;;Dossier validé;Parcours terminé;626.05
7276;21/05/2026 08:22:11;;Dossier validé;Parcours terminé;977.17
7277;21/05/2026 06:31:29;;Souscription en cours;Synchronisation référentiel personne NOVA;277.98
7278;21/05/2026 06:31:29;;Souscription en cours;Synchronisation référentiel personne NOVA;219.17
7279;21/05/2026 06:08:35;Hugo MARTIN;Dossier validé;Parcours terminé;450.10
7280;21/05/2026 06:08:35;Hugo MARTIN;Dossier validé;Parcours terminé;746.49
7281;21/05/2026 06:06:13;;Souscription en cours;Choix de l'offre et livraison;170.24
7282;21/05/2026 06:06:13;;Souscription en cours;Choix de l'offre et livraison;259.91
7283;21/05/2026 06:05:04;;Dossier validé;Parcours terminé;681.30
7284;21/05/2026 06:05:04;;Dossier validé;Parcours terminé;187.16
7285;21/05/2026 05:54:28;;Souscription en cours;Coordonnées personnelles;308.20
7286;21/05/2026 05:54:28;;Souscription en cours;Coordonnées personnelles;248.87
7287;21/05/2026 05:13:41;;Souscription en cours;Coordonnées personnelles;676.66
7288;21/05/2026 05:13:41;;Souscription en cours;Coordonnées personnelles;231.45
7289;21/05/2026 05:08:30;;Dossier validé;Parcours terminé;202.58
7290;21/05/2026 05:08:30;;Dossier validé;Parcours terminé;486.15
7291;21/05/2026 05:06:53;;Dossier validé;Parcours terminé;411.20
7292;21/05/2026 05:06:53;;Dossier validé;Parcours terminé;337.39
7293;21/05/2026 04:21:02;;Souscription en cours;Coordonnées personnelles;682.08
7294;21/05/2026 04:21:02;;Souscription en cours;Coordonnées personnelles;484.67
7295;21/05/2026 03:51:53;;Dossier refusé;Signature Contrat;444.66
7296;21/05/2026 03:51:53;;Dossier refusé;Signature Contrat;532.47
7297;21/05/2026 03:28:34;;Dossier validé;Parcours terminé;814.41
7298;21/05/2026 03:28:34;;Dossier validé;Parcours terminé;115.77
7299;21/05/2026 03:22:38;;Dossier validé;Parcours terminé;530.53
7300;21/05/2026 03:22:38;;Dossier validé;Parcours terminé;298.29
7301;21/05/2026 02:12:53;;Souscription en cours;Signature Contrat;457.92
7302;21/05/2026 02:12:53;;Souscription en cours;Signature Contrat;573.51
7303;21/05/2026 01:46:43;;Dossier validé;Parcours terminé;647.96
7304;21/05/2026 01:46:43;;Dossier validé;Parcours terminé;642.81
7305;21/05/2026 01:36:39;;Dossier validé;Parcours terminé;362.47
7306;21/05/2026 01:36:39;;Dossier validé;Parcours terminé;382.02
7307;21/05/2026 01:28:32;;Dossier validé;Parcours terminé;651.45
7308;21/05/2026 01:28:32;;Dossier validé;Parcours terminé;431.41
7309;21/05/2026 00:35:51;Hugo MARTIN;Dossier validé;Parcours terminé;712.55
7310;21/05/2026 00:35:51;Hugo MARTIN;Dossier validé;Parcours terminé;329.86
7311;21/05/2026 00:10:19;;Dossier validé;Parcours terminé;369.76
7312;21/05/2026 00:10:19;;Dossier validé;Parcours terminé;231.51
7313;21/05/2026 00:02:35;;Dossier validé;Parcours terminé;121.67
7314;21/05/2026 00:02:35;;Dossier validé;Parcours terminé;729.08
7315;20/05/2026 23:58:58;;Souscription en cours;Signature Contrat;692.33
7316;20/05/2026 23:58:58;;Souscription en cours;Signature Contrat;432.26
7317;20/05/2026 23:53:40;;Souscription non démarrée;Parcours non démarré;430.00
7318;20/05/2026 23:53:40;;Souscription non démarrée;Parcours non démarré;878.28
7319;20/05/2026 23:28:13;;Souscription non démarrée;Parcours non démarré;623.03
7320;20/05/2026 23:28:13;;Souscription non démarrée;Parcours non démarré;810.21
7321;20/05/2026 22:50:15;;Souscription non démarrée;Parcours non démarré;144.18
7322;20/05/2026 22:50:15;;Souscription non démarrée;Parcours non démarré;439.33
7323;20/05/2026 22:39:43;;Souscription non démarrée;Parcours non démarré;242.34
7324;20/05/2026 22:39:43;;Souscription non démarrée;Parcours non démarré;747.44
7325;20/05/2026 22:29:13;;Dossier validé;Parcours terminé;895.74
7326;20/05/2026 22:29:13;;Dossier validé;Parcours terminé;686.56
7327;20/05/2026 22:22:21;;Dossier validé;Parcours terminé;899.81
7328;20/05/2026 22:22:21;;Dossier validé;Parcours terminé;971.38
7329;20/05/2026 22:22:21;;Dossier validé;Parcours terminé;473.94
7330;20/05/2026 22:22:21;;Dossier validé;Parcours terminé;559.36
7331;20/05/2026 22:16:09;;Souscription en cours;Vérification d'identité;661.60
7332;20/05/2026 22:16:09;;Souscription en cours;Vérification d'identité;215.82
7333;20/05/2026 22:08:38;;Souscription non démarrée;Parcours non démarré;772.22
7334;20/05/2026 22:08:38;;Souscription non démarrée;Parcours non démarré;763.50
7335;20/05/2026 21:58:21;;Souscription en cours;Coordonnées personnelles;852.53
7336;20/05/2026 21:58:21;;Souscription en cours;Coordonnées personnelles;507.00
7337;20/05/2026 21:52:32;;Souscription non démarrée;Parcours non démarré;513.84
7338;20/05/2026 21:52:32;;Souscription non démarrée;Parcours non démarré;645.07
7339;20/05/2026 21:33:59;;Souscription en cours;Informations complémentaires (Etablissements, etc.);515.74
7340;20/05/2026 21:33:59;;Souscription en cours;Informations complémentaires (Etablissements, etc.);488.64
7341;20/05/2026 21:08:42;;Dossier validé;Parcours terminé;196.10
7342;20/05/2026 21:08:42;;Dossier validé;Parcours terminé;429.18
7343;20/05/2026 21:02:08;;Dossier refusé;Saisie société;410.22
7344;20/05/2026 21:02:08;;Dossier refusé;Saisie société;159.19
7345;20/05/2026 20:58:59;;Souscription en cours;Vérification d'identité;518.27
7346;20/05/2026 20:58:59;;Souscription en cours;Vérification d'identité;596.84
7347;20/05/2026 20:55:01;;Dossier validé;Parcours terminé;844.13
7348;20/05/2026 20:55:01;;Dossier validé;Parcours terminé;481.05
7349;20/05/2026 20:54:03;;Dossier validé;Parcours terminé;850.81
7350;20/05/2026 20:54:03;;Dossier validé;Parcours terminé;233.59
7351;20/05/2026 20:51:24;;Dossier validé;Parcours terminé;938.60
7352;20/05/2026 20:51:24;;Dossier validé;Parcours terminé;218.31
7353;20/05/2026 20:47:45;;Souscription non démarrée;Parcours non démarré;713.33
7354;20/05/2026 20:47:45;;Souscription non démarrée;Parcours non démarré;847.95
7355;20/05/2026 20:34:40;;Dossier validé;Parcours terminé;932.12
7356;20/05/2026 20:34:40;;Dossier validé;Parcours terminé;930.27
7357;20/05/2026 20:28:35;;Souscription en cours;Coordonnées personnelles;206.39
7358;20/05/2026 20:28:35;;Souscription en cours;Coordonnées personnelles;325.46
7359;20/05/2026 20:27:46;;Souscription en cours;Vérification d'identité;236.96
7360;20/05/2026 20:27:46;;Souscription en cours;Vérification d'identité;699.69
7361;20/05/2026 20:02:51;;Souscription en cours;Choix de l'offre et livraison;934.57
7362;20/05/2026 20:02:51;;Souscription en cours;Choix de l'offre et livraison;823.98
7363;20/05/2026 19:56:08;;Dossier validé;Parcours terminé;407.30
7364;20/05/2026 19:56:08;;Dossier validé;Parcours terminé;302.00
7365;20/05/2026 19:54:55;;Souscription en cours;Coordonnées personnelles;135.10
7366;20/05/2026 19:54:55;;Souscription en cours;Coordonnées personnelles;755.54
7367;20/05/2026 19:47:21;;Souscription en cours;Vérification d'identité;886.85
7368;20/05/2026 19:47:21;;Souscription en cours;Vérification d'identité;895.06
7369;20/05/2026 19:43:12;;Souscription en cours;Coordonnées personnelles;953.65
7370;20/05/2026 19:43:12;;Souscription en cours;Coordonnées personnelles;429.65
7371;20/05/2026 19:40:52;;Dossier refusé;Parcours terminé;273.58
7372;20/05/2026 19:40:52;;Dossier refusé;Parcours terminé;782.37
7373;20/05/2026 19:11:19;;Souscription en cours;Vérification d'identité;618.12
7374;20/05/2026 19:11:19;;Souscription en cours;Vérification d'identité;616.22
7375;20/05/2026 19:08:02;;Souscription en cours;Coordonnées personnelles;297.05
7376;20/05/2026 19:08:02;;Souscription en cours;Coordonnées personnelles;924.88
7377;20/05/2026 18:58:15;;Dossier refusé;Signature Contrat;532.46
7378;20/05/2026 18:58:15;;Dossier refusé;Signature Contrat;999.54
7379;20/05/2026 18:55:38;;Dossier validé;Parcours terminé;872.32
7380;20/05/2026 18:55:38;;Dossier validé;Parcours terminé;998.52
7381;20/05/2026 18:51:11;;Souscription en cours;Signature Contrat;607.69
7382;20/05/2026 18:51:11;;Souscription en cours;Signature Contrat;743.13
7383;20/05/2026 18:48:31;;Souscription en cours;Vérification d'identité;116.74
7384;20/05/2026 18:48:31;;Souscription en cours;Vérification d'identité;109.44
7385;20/05/2026 18:44:25;;Dossier validé;Parcours terminé;788.83
7386;20/05/2026 18:44:25;;Dossier validé;Parcours terminé;228.33
7387;20/05/2026 18:43:57;;Dossier validé;Parcours terminé;688.11
7388;20/05/2026 18:43:57;;Dossier validé;Parcours terminé;178.64
7389;20/05/2026 18:42:06;;Souscription en cours;Informations complémentaires (CA, Profession, etc.);450.49
7390;20/05/2026 18:42:06;;Souscription en cours;Informations complémentaires (CA, Profession, etc.);427.76
7391;20/05/2026 18:31:42;;Souscription en cours;Coordonnées personnelles;554.34
7392;20/05/2026 18:31:42;;Souscription en cours;Coordonnées personnelles;228.96
7393;20/05/2026 18:29:13;;Souscription non démarrée;Parcours non démarré;682.79
7394;20/05/2026 18:29:13;;Souscription non démarrée;Parcours non démarré;507.78
7395;20/05/2026 18:11:20;;Dossier validé;Parcours terminé;273.99
7396;20/05/2026 18:11:20;;Dossier validé;Parcours terminé;318.18
7397;20/05/2026 18:02:25;;Dossier validé;Parcours terminé;197.68
7398;20/05/2026 18:02:25;;Dossier validé;Parcours terminé;218.56
7399;20/05/2026 17:59:46;;Souscription en cours;Coordonnées personnelles;461.81
7400;20/05/2026 17:59:46;;Souscription en cours;Coordonnées personnelles;416.46
7401;20/05/2026 17:56:20;;Dossier refusé;Signature Contrat;503.74
7402;20/05/2026 17:56:20;;Dossier refusé;Signature Contrat;492.59
7403;20/05/2026 17:53:19;;Souscription en cours;Coordonnées personnelles;386.89
7404;20/05/2026 17:53:19;;Souscription en cours;Coordonnées personnelles;419.15
7405;20/05/2026 17:51:52;Hugo MARTIN;Dossier validé;Parcours terminé;224.41
7406;20/05/2026 17:51:52;Hugo MARTIN;Dossier validé;Parcours terminé;554.80
7407;20/05/2026 17:48:47;;Dossier validé;Parcours terminé;225.57
7408;20/05/2026 17:48:47;;Dossier validé;Parcours terminé;160.81
7409;20/05/2026 17:45:00;;Souscription en cours;Coordonnées personnelles;667.48
7410;20/05/2026 17:45:00;;Souscription en cours;Coordonnées personnelles;919.04
7411;20/05/2026 17:42:09;;Dossier validé;Parcours terminé;393.33
7412;20/05/2026 17:42:09;;Dossier validé;Parcours terminé;210.62
7413;20/05/2026 17:38:38;;Dossier refusé;Saisie société;988.90
7414;20/05/2026 17:38:38;;Dossier refusé;Saisie société;705.72
7415;20/05/2026 17:37:51;;Souscription en cours;Coordonnées personnelles;956.96
7416;20/05/2026 17:37:51;;Souscription en cours;Coordonnées personnelles;977.47
7417;20/05/2026 17:27:22;Hugo DUBOIS;Dossier validé;Parcours terminé;776.25
7418;20/05/2026 17:27:22;Hugo DUBOIS;Dossier validé;Parcours terminé;994.97
7419;20/05/2026 17:27:00;;Souscription en cours;Signature Contrat;188.54
7420;20/05/2026 17:27:00;;Souscription en cours;Signature Contrat;118.35
7421;20/05/2026 17:26:55;;Souscription en cours;Coordonnées personnelles;349.47
7422;20/05/2026 17:26:55;;Souscription en cours;Coordonnées personnelles;338.85
7423;20/05/2026 17:26:12;;Souscription en cours;Coordonnées personnelles;995.41
7424;20/05/2026 17:26:12;;Souscription en cours;Coordonnées personnelles;983.41
7425;20/05/2026 17:24:39;;Souscription en cours;Coordonnées personnelles;851.54
7426;20/05/2026 17:24:39;;Souscription en cours;Coordonnées personnelles;873.80
7427;20/05/2026 17:24:29;;Souscription en cours;Coordonnées personnelles;392.49
7428;20/05/2026 17:24:29;;Souscription en cours;Coordonnées personnelles;809.08
7429;20/05/2026 17:24:24;;Souscription non démarrée;Parcours non démarré;574.46
7430;20/05/2026 17:24:24;;Souscription non démarrée;Parcours non démarré;897.99
7431;20/05/2026 17:21:38;Z5750800;Dossier validé;Parcours terminé;782.40
7432;20/05/2026 17:21:38;Z5750800;Dossier validé;Parcours terminé;130.31
7433;20/05/2026 17:17:09;;Souscription non démarrée;Parcours non démarré;622.37
7434;20/05/2026 17:17:09;;Souscription non démarrée;Parcours non démarré;516.56
7435;20/05/2026 17:16:33;;Dossier validé;Parcours terminé;993.68
7436;20/05/2026 17:16:33;;Dossier validé;Parcours terminé;393.04
7437;20/05/2026 17:13:44;;Dossier validé;Parcours terminé;823.42
7438;20/05/2026 17:13:44;;Dossier validé;Parcours terminé;717.81
7439;20/05/2026 17:12:07;Manon LEFEBVRE;Dossier validé;Parcours terminé;116.69
7440;20/05/2026 17:12:07;Manon LEFEBVRE;Dossier validé;Parcours terminé;538.03
7441;20/05/2026 17:12:05;;Souscription en cours;Coordonnées personnelles;350.88
7442;20/05/2026 17:12:05;;Souscription en cours;Coordonnées personnelles;744.84
7443;20/05/2026 17:11:12;;Dossier validé;Parcours terminé;640.50
7444;20/05/2026 17:11:12;;Dossier validé;Parcours terminé;389.33
7445;20/05/2026 17:07:37;Zoé MULLER;Dossier validé;Parcours terminé;287.92
7446;20/05/2026 17:07:37;Zoé MULLER;Dossier validé;Parcours terminé;865.91
7447;20/05/2026 17:05:11;;Dossier refusé;Signature Contrat;173.73
7448;20/05/2026 17:05:11;;Dossier refusé;Signature Contrat;908.29
7449;20/05/2026 17:03:24;;Souscription en cours;Bénéficiaire effectifs;393.88
7450;20/05/2026 17:03:24;;Souscription en cours;Bénéficiaire effectifs;447.10
7451;20/05/2026 16:50:47;;Dossier validé;Parcours terminé;875.29
7452;20/05/2026 16:50:47;;Dossier validé;Parcours terminé;551.26
7453;20/05/2026 16:48:52;;Dossier refusé;Signature Contrat;229.76
7454;20/05/2026 16:48:52;;Dossier refusé;Signature Contrat;679.97
7455;20/05/2026 16:41:29;;Souscription en cours;Coordonnées personnelles;547.90
7456;20/05/2026 16:41:29;;Souscription en cours;Coordonnées personnelles;215.68
7457;20/05/2026 16:33:16;;Souscription en cours;Coordonnées personnelles;988.56
7458;20/05/2026 16:33:16;;Souscription en cours;Coordonnées personnelles;786.73
7459;20/05/2026 16:31:02;;Souscription en cours;Vérification d'identité;497.69
7460;20/05/2026 16:31:02;;Souscription en cours;Vérification d'identité;109.92
7461;20/05/2026 16:30:28;;Souscription non démarrée;Parcours non démarré;228.14
7462;20/05/2026 16:30:28;;Souscription non démarrée;Parcours non démarré;200.05
7463;20/05/2026 16:28:14;;Souscription en cours;Choix de l'offre et livraison;107.47
7464;20/05/2026 16:28:14;;Souscription en cours;Choix de l'offre et livraison;688.30
7465;20/05/2026 16:27:29;;Souscription en cours;Coordonnées personnelles;500.63
7466;20/05/2026 16:27:29;;Souscription en cours;Coordonnées personnelles;790.16
7467;20/05/2026 16:26:42;;Souscription en cours;Vérification d'identité;843.20
7468;20/05/2026 16:26:42;;Souscription en cours;Vérification d'identité;451.87
7469;20/05/2026 16:26:30;;Dossier validé;Parcours terminé;373.41
7470;20/05/2026 16:26:30;;Dossier validé;Parcours terminé;286.53
7471;20/05/2026 16:21:11;;Dossier refusé;Saisie société;940.64
7472;20/05/2026 16:21:11;;Dossier refusé;Saisie société;656.51
7473;20/05/2026 16:08:52;;Dossier validé;Parcours terminé;163.06
7474;20/05/2026 16:08:52;;Dossier validé;Parcours terminé;605.80
7475;20/05/2026 15:55:21;;Souscription en cours;Signature Contrat;679.83
7476;20/05/2026 15:55:21;;Souscription en cours;Signature Contrat;524.49
7477;20/05/2026 15:55:00;;Dossier refusé;Saisie société;534.51
7478;20/05/2026 15:55:00;;Dossier refusé;Saisie société;777.90
7479;20/05/2026 15:52:31;;Souscription en cours;Signature Contrat;281.65
7480;20/05/2026 15:52:31;;Souscription en cours;Signature Contrat;416.82
7481;20/05/2026 15:51:36;;Souscription en cours;Coordonnées personnelles;599.20
7482;20/05/2026 15:51:36;;Souscription en cours;Coordonnées personnelles;218.08
7483;20/05/2026 15:47:33;;Dossier validé;Parcours terminé;568.36
7484;20/05/2026 15:47:33;;Dossier validé;Parcours terminé;494.89
7485;20/05/2026 15:46:54;;Dossier refusé;Saisie société;719.62
7486;20/05/2026 15:46:54;;Dossier refusé;Saisie société;129.25
7487;20/05/2026 15:42:05;;Dossier refusé;Signature Contrat;733.52
7488;20/05/2026 15:42:05;;Dossier refusé;Signature Contrat;137.96
7489;20/05/2026 15:41:27;;Dossier refusé;Saisie société;224.49
7490;20/05/2026 15:41:27;;Dossier refusé;Saisie société;769.14
7491;20/05/2026 15:39:06;;Souscription en cours;Coordonnées personnelles;960.39
7492;20/05/2026 15:39:06;;Souscription en cours;Coordonnées personnelles;123.50
7493;20/05/2026 15:36:28;;Souscription non démarrée;Parcours non démarré;801.49
7494;20/05/2026 15:36:28;;Souscription non démarrée;Parcours non démarré;458.53
7495;20/05/2026 15:30:52;;Dossier validé;Parcours terminé;223.23
7496;20/05/2026 15:30:52;;Dossier validé;Parcours terminé;691.39
7497;20/05/2026 15:27:11;;Dossier validé;Parcours terminé;528.41
7498;20/05/2026 15:27:11;;Dossier validé;Parcours terminé;255.11
7499;20/05/2026 15:24:01;;Dossier validé;Parcours terminé;181.48
7500;20/05/2026 15:24:01;;Dossier validé;Parcours terminé;147.72
7501;20/05/2026 15:23:38;;Dossier validé;Parcours terminé;621.68
7502;20/05/2026 15:23:38;;Dossier validé;Parcours terminé;713.35
7503;20/05/2026 15:22:51;;Dossier validé;Parcours terminé;982.05
7504;20/05/2026 15:22:51;;Dossier validé;Parcours terminé;846.01
7505;20/05/2026 15:22:46;;Souscription en cours;Vérification d'identité;536.59
7506;20/05/2026 15:22:46;;Souscription en cours;Vérification d'identité;923.91
7507;20/05/2026 15:21:37;;Dossier validé;Parcours terminé;352.12
7508;20/05/2026 15:21:37;;Dossier validé;Parcours terminé;181.67
7509;20/05/2026 15:19:46;;Souscription en cours;Coordonnées personnelles;453.42
7510;20/05/2026 15:19:46;;Souscription en cours;Coordonnées personnelles;443.14
7511;20/05/2026 15:18:56;;Dossier validé;Parcours terminé;582.06
7512;20/05/2026 15:18:56;;Dossier validé;Parcours terminé;523.57
7513;20/05/2026 15:12:10;;Souscription en cours;Signature Contrat;951.13
7514;20/05/2026 15:12:10;;Souscription en cours;Signature Contrat;955.47
7515;20/05/2026 15:09:06;;Dossier validé;Parcours terminé;535.85
7516;20/05/2026 15:09:06;;Dossier validé;Parcours terminé;139.30
7517;20/05/2026 15:08:57;;Dossier validé;Parcours terminé;794.39
7518;20/05/2026 15:08:57;;Dossier validé;Parcours terminé;605.20
7519;20/05/2026 15:08:49;;Souscription en cours;Signature Contrat;339.07
7520;20/05/2026 15:08:49;;Souscription en cours;Signature Contrat;393.80
7521;20/05/2026 15:02:34;;Dossier validé;Parcours terminé;685.68
7522;20/05/2026 15:02:34;;Dossier validé;Parcours terminé;253.33
7523;20/05/2026 14:58:26;;Dossier validé;Parcours terminé;521.39
7524;20/05/2026 14:58:26;;Dossier validé;Parcours terminé;951.95
7525;20/05/2026 14:54:41;;Dossier validé;Parcours terminé;181.34
7526;20/05/2026 14:54:41;;Dossier validé;Parcours terminé;264.01
7527;20/05/2026 14:54:26;;Souscription en cours;Informations complémentaires (Etablissements, etc.);859.19
7528;20/05/2026 14:54:26;;Souscription en cours;Informations complémentaires (Etablissements, etc.);272.79
7529;20/05/2026 14:47:39;;Dossier refusé;Saisie société;166.57
7530;20/05/2026 14:47:39;;Dossier refusé;Saisie société;592.90
7531;20/05/2026 14:46:50;;Dossier validé;Parcours terminé;879.86
7532;20/05/2026 14:46:50;;Dossier validé;Parcours terminé;404.02
7533;20/05/2026 14:46:25;;Souscription en cours;Coordonnées personnelles;123.11
7534;20/05/2026 14:46:25;;Souscription en cours;Coordonnées personnelles;114.73
7535;20/05/2026 14:44:00;;Souscription en cours;Bénéficiaire effectifs;832.87
7536;20/05/2026 14:44:00;;Souscription en cours;Bénéficiaire effectifs;624.18
7537;20/05/2026 14:41:47;;Dossier validé;Parcours terminé;209.58
7538;20/05/2026 14:41:47;;Dossier validé;Parcours terminé;879.86
7539;20/05/2026 14:40:25;;Dossier validé;Parcours terminé;168.16
7540;20/05/2026 14:40:25;;Dossier validé;Parcours terminé;403.50
7541;20/05/2026 14:39:12;;Dossier validé;Parcours terminé;395.90
7542;20/05/2026 14:39:12;;Dossier validé;Parcours terminé;346.06
7543;20/05/2026 14:36:01;;Souscription en cours;Vérification d'identité;467.14
7544;20/05/2026 14:36:01;;Souscription en cours;Vérification d'identité;983.96
7545;20/05/2026 14:35:48;;Dossier validé;Parcours terminé;942.05
7546;20/05/2026 14:35:48;;Dossier validé;Parcours terminé;214.79
7547;20/05/2026 14:33:38;;Souscription en cours;Vérification d'identité;461.83
7548;20/05/2026 14:33:38;;Souscription en cours;Vérification d'identité;750.83
7549;20/05/2026 14:30:35;;Souscription en cours;Choix de l'offre et livraison;556.28
7550;20/05/2026 14:30:35;;Souscription en cours;Choix de l'offre et livraison;862.63
7551;20/05/2026 14:27:37;;Dossier validé;Parcours terminé;742.22
7552;20/05/2026 14:27:37;;Dossier validé;Parcours terminé;830.23
7553;20/05/2026 14:18:07;;Dossier validé;Parcours terminé;754.52
7554;20/05/2026 14:18:07;;Dossier validé;Parcours terminé;344.71
7555;20/05/2026 14:07:50;;Souscription en cours;Informations complémentaires (CA, Profession, etc.);492.37
7556;20/05/2026 14:07:50;;Souscription en cours;Informations complémentaires (CA, Profession, etc.);372.40
7557;20/05/2026 14:04:47;;Souscription en cours;Vérification d'identité;766.12
7558;20/05/2026 14:04:47;;Souscription en cours;Vérification d'identité;923.80
7559;20/05/2026 13:48:07;;Dossier validé;Parcours terminé;605.49
7560;20/05/2026 13:48:07;;Dossier validé;Parcours terminé;630.99
7561;20/05/2026 13:40:16;;Souscription non démarrée;Parcours non démarré;350.25
7562;20/05/2026 13:40:16;;Souscription non démarrée;Parcours non démarré;802.44
7563;20/05/2026 13:37:22;;Dossier validé;Parcours terminé;741.17
7564;20/05/2026 13:37:22;;Dossier validé;Parcours terminé;280.88
7565;20/05/2026 13:33:22;;Souscription en cours;Coordonnées personnelles;889.85
7566;20/05/2026 13:33:22;;Souscription en cours;Coordonnées personnelles;466.14
7567;20/05/2026 13:27:41;;Souscription en cours;Informations complémentaires (CA, Profession, etc.);604.28
7568;20/05/2026 13:27:41;;Souscription en cours;Informations complémentaires (CA, Profession, etc.);563.91
7569;20/05/2026 13:24:47;;Souscription non démarrée;Parcours non démarré;487.76
7570;20/05/2026 13:24:47;;Souscription non démarrée;Parcours non démarré;634.12
7571;20/05/2026 13:24:17;;Souscription en cours;Vérification d'identité;615.82
7572;20/05/2026 13:24:17;;Souscription en cours;Vérification d'identité;879.49
7573;20/05/2026 13:14:48;;Souscription en cours;Coordonnées personnelles;359.92
7574;20/05/2026 13:14:48;;Souscription en cours;Coordonnées personnelles;516.20
7575;20/05/2026 13:14:38;;Dossier refusé;Saisie société;850.05
7576;20/05/2026 13:14:38;;Dossier refusé;Saisie société;907.41
7577;20/05/2026 13:12:13;;Dossier validé;Parcours terminé;159.01
7578;20/05/2026 13:12:13;;Dossier validé;Parcours terminé;664.32
7579;20/05/2026 13:04:37;Hugo MARTIN;Dossier validé;Parcours terminé;311.76
7580;20/05/2026 13:04:37;Hugo MARTIN;Dossier validé;Parcours terminé;177.72
7581;20/05/2026 12:57:40;;Dossier validé;Parcours terminé;886.37
7582;20/05/2026 12:57:40;;Dossier validé;Parcours terminé;650.09
7583;20/05/2026 12:56:53;;Dossier refusé;Saisie société;319.59
7584;20/05/2026 12:56:53;;Dossier refusé;Saisie société;156.75
7585;20/05/2026 12:50:01;;Dossier validé;Parcours terminé;700.87
7586;20/05/2026 12:50:01;;Dossier validé;Parcours terminé;187.39
7587;20/05/2026 12:36:24;;Dossier refusé;Saisie société;603.89
7588;20/05/2026 12:36:24;;Dossier refusé;Saisie société;445.28
7589;20/05/2026 12:34:05;;Souscription en cours;Choix de l'offre et livraison;651.35
7590;20/05/2026 12:34:05;;Souscription en cours;Choix de l'offre et livraison;484.62
7591;20/05/2026 12:32:32;;Souscription non démarrée;Parcours non démarré;935.83
7592;20/05/2026 12:32:32;;Souscription non démarrée;Parcours non démarré;731.47
7593;20/05/2026 12:09:38;;Souscription en cours;Coordonnées personnelles;595.01
7594;20/05/2026 12:09:38;;Souscription en cours;Coordonnées personnelles;634.56
7595;20/05/2026 12:05:00;;Souscription en cours;Coordonnées personnelles;956.10
7596;20/05/2026 12:05:00;;Souscription en cours;Coordonnées personnelles;808.85
7597;20/05/2026 12:04:27;;Souscription en cours;Signature Contrat;602.17
7598;20/05/2026 12:04:27;;Souscription en cours;Signature Contrat;964.44
7599;20/05/2026 12:04:17;;Souscription en cours;Coordonnées personnelles;750.84
7600;20/05/2026 12:04:17;;Souscription en cours;Coordonnées personnelles;390.00
7601;20/05/2026 12:01:05;Adam MARTIN;Dossier validé;Parcours terminé;535.46
7602;20/05/2026 12:01:05;Adam MARTIN;Dossier validé;Parcours terminé;896.30
7603;20/05/2026 11:54:52;;Dossier validé;Parcours terminé;671.49
7604;20/05/2026 11:54:52;;Dossier validé;Parcours terminé;724.73
7605;20/05/2026 11:54:47;;Dossier validé;Parcours terminé;218.75
7606;20/05/2026 11:54:47;;Dossier validé;Parcours terminé;554.17
7607;20/05/2026 11:36:01;;Dossier validé;Parcours terminé;287.75
7608;20/05/2026 11:36:01;;Dossier validé;Parcours terminé;901.82
7609;20/05/2026 11:32:55;;Dossier refusé;Signature Contrat;828.98
7610;20/05/2026 11:32:55;;Dossier refusé;Signature Contrat;792.73
7611;20/05/2026 11:32:22;;Souscription en cours;Choix de l'offre et livraison;646.39
7612;20/05/2026 11:32:22;;Souscription en cours;Choix de l'offre et livraison;366.44
7613;20/05/2026 11:26:48;;Dossier validé;Parcours terminé;214.17
7614;20/05/2026 11:26:48;;Dossier validé;Parcours terminé;993.87
7615;20/05/2026 11:26:08;;Souscription en cours;Bénéficiaire effectifs;679.50
7616;20/05/2026 11:26:08;;Souscription en cours;Bénéficiaire effectifs;861.69
7617;20/05/2026 11:19:35;;Souscription non démarrée;Parcours non démarré;461.52
7618;20/05/2026 11:19:35;;Souscription non démarrée;Parcours non démarré;208.57
7619;20/05/2026 11:18:32;Adam LAURENT;Dossier refusé;Bénéficiaire effectifs;627.88
7620;20/05/2026 11:18:32;Adam LAURENT;Dossier refusé;Bénéficiaire effectifs;678.25
7621;20/05/2026 11:17:47;;Dossier validé;Parcours terminé;760.86
7622;20/05/2026 11:17:47;;Dossier validé;Parcours terminé;676.90
7623;20/05/2026 11:16:32;;Dossier refusé;Saisie société;361.74
7624;20/05/2026 11:16:32;;Dossier refusé;Saisie société;352.13
7625;20/05/2026 11:09:20;;Dossier validé;Parcours terminé;178.67
7626;20/05/2026 11:09:20;;Dossier validé;Parcours terminé;374.07
7627;20/05/2026 11:08:16;;Dossier validé;Parcours terminé;406.19
7628;20/05/2026 11:08:16;;Dossier validé;Parcours terminé;331.35
7629;20/05/2026 11:05:27;;Dossier validé;Parcours terminé;371.43
7630;20/05/2026 11:05:27;;Dossier validé;Parcours terminé;850.92
7631;20/05/2026 11:04:07;;Souscription en cours;Synchronisation référentiel personne NOVA;264.90
7632;20/05/2026 11:04:07;;Souscription en cours;Synchronisation référentiel personne NOVA;920.64
7633;20/05/2026 11:01:17;;Dossier validé;Parcours terminé;525.61
7634;20/05/2026 11:01:17;;Dossier validé;Parcours terminé;194.55
7635;20/05/2026 10:55:07;;Souscription en cours;Choix de l'offre et livraison;765.63
7636;20/05/2026 10:55:07;;Souscription en cours;Choix de l'offre et livraison;476.07
7637;20/05/2026 10:49:55;Z5735392;Dossier validé;Parcours terminé;339.16
7638;20/05/2026 10:49:55;Z5735392;Dossier validé;Parcours terminé;110.63
7639;20/05/2026 10:46:27;;Souscription en cours;Coordonnées personnelles;405.21
7640;20/05/2026 10:46:27;;Souscription en cours;Coordonnées personnelles;541.29
7641;20/05/2026 10:43:54;;Dossier validé;Parcours terminé;214.91
7642;20/05/2026 10:43:54;;Dossier validé;Parcours terminé;805.98
7643;20/05/2026 10:41:37;;En attente d'analyse Agent - Dossier avec erreurs;Signature Contrat;354.78
7644;20/05/2026 10:41:37;;En attente d'analyse Agent - Dossier avec erreurs;Signature Contrat;964.21
7645;20/05/2026 10:39:45;;Dossier validé;Parcours terminé;149.49
7646;20/05/2026 10:39:45;;Dossier validé;Parcours terminé;401.14
7647;20/05/2026 10:39:22;;Souscription en cours;Coordonnées personnelles;779.70
7648;20/05/2026 10:39:22;;Souscription en cours;Coordonnées personnelles;402.25
7649;20/05/2026 10:36:41;;Dossier validé;Parcours terminé;452.61
7650;20/05/2026 10:36:41;;Dossier validé;Parcours terminé;138.74
7651;20/05/2026 10:34:20;;Dossier validé;Parcours terminé;380.98
7652;20/05/2026 10:34:20;;Dossier validé;Parcours terminé;411.86
7653;20/05/2026 10:27:18;;Dossier refusé;Saisie société;187.66
7654;20/05/2026 10:27:18;;Dossier refusé;Saisie société;757.88
7655;20/05/2026 10:20:33;;Dossier validé;Parcours terminé;413.99
7656;20/05/2026 10:20:33;;Dossier validé;Parcours terminé;486.46
7657;20/05/2026 10:17:02;;Dossier refusé;Saisie société;701.41
7658;20/05/2026 10:17:02;;Dossier refusé;Saisie société;585.33
7659;20/05/2026 10:08:07;;Dossier validé;Parcours terminé;641.06
7660;20/05/2026 10:08:07;;Dossier validé;Parcours terminé;206.19
7661;20/05/2026 10:05:32;;Dossier validé;Parcours terminé;785.51
7662;20/05/2026 10:05:32;;Dossier validé;Parcours terminé;511.04
7663;20/05/2026 10:00:33;;Dossier validé;Parcours terminé;202.72
7664;20/05/2026 10:00:33;;Dossier validé;Parcours terminé;275.09
7665;20/05/2026 09:40:31;;Souscription non démarrée;Parcours non démarré;663.55
7666;20/05/2026 09:40:31;;Souscription non démarrée;Parcours non démarré;205.70
7667;20/05/2026 09:36:50;;Souscription en cours;Coordonnées personnelles;403.42
7668;20/05/2026 09:36:50;;Souscription en cours;Coordonnées personnelles;146.18
7669;20/05/2026 09:23:24;Z5681453;Dossier refusé;Signature Contrat;786.29
7670;20/05/2026 09:23:24;Z5681453;Dossier refusé;Signature Contrat;870.72
7671;20/05/2026 09:20:06;;Dossier validé;Parcours terminé;194.95
7672;20/05/2026 09:20:06;;Dossier validé;Parcours terminé;646.07
7673;20/05/2026 09:10:35;;Souscription en cours;Choix de l'offre et livraison;153.99
7674;20/05/2026 09:10:35;;Souscription en cours;Choix de l'offre et livraison;616.89
7675;20/05/2026 09:07:55;;Souscription non démarrée;Parcours non démarré;196.13
7676;20/05/2026 09:07:55;;Souscription non démarrée;Parcours non démarré;937.64
7677;20/05/2026 08:53:10;;Souscription en cours;Coordonnées personnelles;781.56
7678;20/05/2026 08:53:10;;Souscription en cours;Coordonnées personnelles;424.55
7679;20/05/2026 08:37:05;;Souscription en cours;Coordonnées personnelles;641.19
7680;20/05/2026 08:37:05;;Souscription en cours;Coordonnées personnelles;568.86
7681;20/05/2026 08:34:32;;Dossier validé;Parcours terminé;698.76
7682;20/05/2026 08:34:32;;Dossier validé;Parcours terminé;326.30
7683;20/05/2026 08:27:00;;Souscription en cours;Choix de l'offre et livraison;605.95
7684;20/05/2026 08:27:00;;Souscription en cours;Choix de l'offre et livraison;554.15
7685;20/05/2026 08:23:59;;Dossier refusé;Coordonnées personnelles;529.66
7686;20/05/2026 08:23:59;;Dossier refusé;Coordonnées personnelles;314.27
7687;20/05/2026 08:17:07;;Dossier validé;Parcours terminé;998.91
7688;20/05/2026 08:17:07;;Dossier validé;Parcours terminé;142.71
7689;20/05/2026 07:55:04;;Dossier validé;Parcours terminé;373.52
7690;20/05/2026 07:55:04;;Dossier validé;Parcours terminé;353.19
7691;20/05/2026 07:54:26;;Dossier validé;Parcours terminé;491.61
7692;20/05/2026 07:54:26;;Dossier validé;Parcours terminé;374.07
7693;20/05/2026 07:50:43;;Dossier refusé;Saisie société;207.30
7694;20/05/2026 07:50:43;;Dossier refusé;Saisie société;625.91
7695;20/05/2026 07:50:21;;Dossier validé;Parcours terminé;646.57
7696;20/05/2026 07:50:21;;Dossier validé;Parcours terminé;833.29
7697;20/05/2026 07:50:13;;Souscription en cours;Coordonnées personnelles;402.42
7698;20/05/2026 07:50:13;;Souscription en cours;Coordonnées personnelles;791.76
7699;20/05/2026 07:37:53;;Souscription en cours;Coordonnées personnelles;585.17
7700;20/05/2026 07:37:53;;Souscription en cours;Coordonnées personnelles;300.99
7701;20/05/2026 07:01:49;;Souscription en cours;Coordonnées personnelles;357.33
7702;20/05/2026 07:01:49;;Souscription en cours;Coordonnées personnelles;759.44
7703;20/05/2026 06:30:31;Manon LEFEBVRE;Dossier validé;Parcours terminé;438.45
7704;20/05/2026 06:30:31;Manon LEFEBVRE;Dossier validé;Parcours terminé;701.29
7705;20/05/2026 06:22:50;;Dossier validé;Parcours terminé;356.45
7706;20/05/2026 06:22:50;;Dossier validé;Parcours terminé;937.97
7707;20/05/2026 05:38:11;;Dossier validé;Parcours terminé;118.86
7708;20/05/2026 05:38:11;;Dossier validé;Parcours terminé;951.43
7709;20/05/2026 05:27:15;;Dossier refusé;Saisie société;850.18
7710;20/05/2026 05:27:15;;Dossier refusé;Saisie société;839.12
7711;20/05/2026 05:24:42;;Dossier validé;Parcours terminé;224.00
7712;20/05/2026 05:24:42;;Dossier validé;Parcours terminé;781.24
7713;20/05/2026 02:57:25;;Souscription en cours;Choix de l'offre et livraison;633.47
7714;20/05/2026 02:57:25;;Souscription en cours;Choix de l'offre et livraison;166.20
7715;20/05/2026 02:10:00;;Souscription non démarrée;Parcours non démarré;537.71
7716;20/05/2026 02:10:00;;Souscription non démarrée;Parcours non démarré;726.11
7717;20/05/2026 01:51:18;;Dossier validé;Parcours terminé;968.58
7718;20/05/2026 01:51:18;;Dossier validé;Parcours terminé;957.34
7719;20/05/2026 01:28:33;;Dossier validé;Parcours terminé;772.81
7720;20/05/2026 01:28:33;;Dossier validé;Parcours terminé;534.27
7721;20/05/2026 00:44:56;;Souscription en cours;Synchronisation référentiel personne NOVA;640.12
7722;20/05/2026 00:44:56;;Souscription en cours;Synchronisation référentiel personne NOVA;743.16
7723;20/05/2026 00:22:16;;Souscription non démarrée;Parcours non démarré;102.74
7724;20/05/2026 00:22:16;;Souscription non démarrée;Parcours non démarré;658.70
7725;20/05/2026 00:12:50;Hugo MARTIN;Dossier validé;Parcours terminé;167.21
7726;20/05/2026 00:12:50;Hugo MARTIN;Dossier validé;Parcours terminé;501.67
7727;20/05/2026 00:11:07;;Dossier validé;Parcours terminé;672.42
7728;20/05/2026 00:11:07;;Dossier validé;Parcours terminé;454.02
7729;19/05/2026 23:54:27;;Souscription en cours;Coordonnées personnelles;471.30
7730;19/05/2026 23:54:27;;Souscription en cours;Coordonnées personnelles;389.81
7731;19/05/2026 23:44:11;;Souscription en cours;Coordonnées personnelles;248.78
7732;19/05/2026 23:44:11;;Souscription en cours;Coordonnées personnelles;245.59
7733;19/05/2026 23:31:31;;Souscription en cours;Coordonnées personnelles;801.48
7734;19/05/2026 23:31:31;;Souscription en cours;Coordonnées personnelles;813.09
7735;19/05/2026 22:48:25;;Dossier validé;Parcours terminé;338.77
7736;19/05/2026 22:48:25;;Dossier validé;Parcours terminé;938.66
7737;19/05/2026 22:29:48;;Souscription en cours;Coordonnées personnelles;299.97
7738;19/05/2026 22:29:48;;Souscription en cours;Coordonnées personnelles;957.05
7739;19/05/2026 22:26:01;;Souscription en cours;Choix de l'offre et livraison;824.84
7740;19/05/2026 22:26:01;;Souscription en cours;Choix de l'offre et livraison;871.45
7741;19/05/2026 22:15:31;;Dossier refusé;Choix de l'offre et livraison;175.43
7742;19/05/2026 22:15:31;;Dossier refusé;Choix de l'offre et livraison;532.92
7743;19/05/2026 22:05:28;;Dossier validé;Parcours terminé;333.96
7744;19/05/2026 22:05:28;;Dossier validé;Parcours terminé;403.36
7745;19/05/2026 21:58:21;;Souscription en cours;Vérification d'identité;837.06
7746;19/05/2026 21:58:21;;Souscription en cours;Vérification d'identité;219.40
7747;19/05/2026 21:42:16;;Dossier refusé;Signature Contrat;653.33
7748;19/05/2026 21:42:16;;Dossier refusé;Signature Contrat;138.57
7749;19/05/2026 21:35:57;;Dossier validé;Parcours terminé;264.41
7750;19/05/2026 21:35:57;;Dossier validé;Parcours terminé;148.47
7751;19/05/2026 21:30:43;;Dossier validé;Parcours terminé;962.17
7752;19/05/2026 21:30:43;;Dossier validé;Parcours terminé;388.72
7753;19/05/2026 21:20:59;;Dossier validé;Parcours terminé;653.48
7754;19/05/2026 21:20:59;;Dossier validé;Parcours terminé;765.43
7755;19/05/2026 21:18:07;;Dossier validé;Parcours terminé;325.32
7756;19/05/2026 21:18:07;;Dossier validé;Parcours terminé;111.58
7757;19/05/2026 21:11:31;;Dossier validé;Parcours terminé;727.06
7758;19/05/2026 21:11:31;;Dossier validé;Parcours terminé;846.74
7759;19/05/2026 21:09:14;;Souscription en cours;Coordonnées personnelles;684.51
7760;19/05/2026 21:09:14;;Souscription en cours;Coordonnées personnelles;496.49
7761;19/05/2026 21:08:59;;Souscription en cours;Vérification d'identité;156.88
7762;19/05/2026 21:08:59;;Souscription en cours;Vérification d'identité;425.56
7763;19/05/2026 21:02:59;;Souscription en cours;Signature Contrat;798.59
7764;19/05/2026 21:02:59;;Souscription en cours;Signature Contrat;718.68
7765;19/05/2026 21:01:24;;Dossier validé;Parcours terminé;596.89
7766;19/05/2026 21:01:24;;Dossier validé;Parcours terminé;513.52
7767;19/05/2026 20:47:24;;Souscription en cours;Vérification d'identité;108.76
7768;19/05/2026 20:47:24;;Souscription en cours;Vérification d'identité;189.52
7769;19/05/2026 20:39:09;;Souscription non démarrée;Parcours non démarré;695.47
7770;19/05/2026 20:39:09;;Souscription non démarrée;Parcours non démarré;833.74
7771;19/05/2026 20:37:17;;Dossier refusé;Saisie société;608.93
7772;19/05/2026 20:37:17;;Dossier refusé;Saisie société;936.04
7773;19/05/2026 20:22:42;;Souscription non démarrée;Parcours non démarré;977.87
7774;19/05/2026 20:22:42;;Souscription non démarrée;Parcours non démarré;760.54
7775;19/05/2026 20:19:59;;Dossier validé;Parcours terminé;381.91
7776;19/05/2026 20:19:59;;Dossier validé;Parcours terminé;728.17
7777;19/05/2026 20:09:10;;Souscription en cours;Coordonnées personnelles;589.87
7778;19/05/2026 20:09:10;;Souscription en cours;Coordonnées personnelles;224.81
7779;19/05/2026 20:06:49;;Souscription en cours;Choix de l'offre et livraison;725.17
7780;19/05/2026 20:06:49;;Souscription en cours;Choix de l'offre et livraison;798.65
7781;19/05/2026 19:56:38;;Dossier validé;Parcours terminé;642.50
7782;19/05/2026 19:56:38;;Dossier validé;Parcours terminé;688.15
7783;19/05/2026 19:54:56;;Dossier validé;Parcours terminé;225.40
7784;19/05/2026 19:54:56;;Dossier validé;Parcours terminé;918.47
7785;19/05/2026 19:52:40;;Dossier validé;Parcours terminé;991.40
7786;19/05/2026 19:52:40;;Dossier validé;Parcours terminé;455.13
7787;19/05/2026 19:48:12;;Dossier refusé;Saisie société;627.68
7788;19/05/2026 19:48:12;;Dossier refusé;Saisie société;892.79
7789;19/05/2026 19:08:44;;Souscription non démarrée;Parcours non démarré;761.65
7790;19/05/2026 19:08:44;;Souscription non démarrée;Parcours non démarré;968.66
7791;19/05/2026 19:03:12;;Souscription en cours;Synchronisation référentiel personne NOVA;909.94
7792;19/05/2026 19:03:12;;Souscription en cours;Synchronisation référentiel personne NOVA;578.24
7793;19/05/2026 19:00:54;;Dossier validé;Parcours terminé;471.03
7794;19/05/2026 19:00:54;;Dossier validé;Parcours terminé;659.19
7795;19/05/2026 18:46:52;;Souscription en cours;Coordonnées personnelles;204.21
7796;19/05/2026 18:46:52;;Souscription en cours;Coordonnées personnelles;379.71
7797;19/05/2026 18:29:27;;Souscription en cours;Coordonnées personnelles;688.12
7798;19/05/2026 18:29:27;;Souscription en cours;Coordonnées personnelles;779.32
7799;19/05/2026 18:27:35;;Souscription en cours;Coordonnées personnelles;693.64
7800;19/05/2026 18:27:35;;Souscription en cours;Coordonnées personnelles;603.26
7801;19/05/2026 18:27:16;;Dossier validé;Parcours terminé;913.33
7802;19/05/2026 18:27:16;;Dossier validé;Parcours terminé;842.74
7803;19/05/2026 18:14:23;;Dossier validé;Parcours terminé;623.76
7804;19/05/2026 18:14:23;;Dossier validé;Parcours terminé;274.80
7805;19/05/2026 17:58:47;;Souscription en cours;Coordonnées personnelles;135.68
7806;19/05/2026 17:58:47;;Souscription en cours;Coordonnées personnelles;591.02
7807;19/05/2026 17:55:17;;Souscription en cours;Coordonnées personnelles;287.57
7808;19/05/2026 17:55:17;;Souscription en cours;Coordonnées personnelles;761.85
7809;19/05/2026 17:53:15;;Dossier validé;Parcours terminé;461.25
7810;19/05/2026 17:53:15;;Dossier validé;Parcours terminé;190.56
7811;19/05/2026 17:51:19;;Dossier validé;Parcours terminé;897.32
7812;19/05/2026 17:51:19;;Dossier validé;Parcours terminé;293.36
7813;19/05/2026 17:48:46;;Souscription non démarrée;Parcours non démarré;408.16
7814;19/05/2026 17:48:46;;Souscription non démarrée;Parcours non démarré;722.37
7815;19/05/2026 17:48:20;;Souscription en cours;Coordonnées personnelles;628.42
7816;19/05/2026 17:48:20;;Souscription en cours;Coordonnées personnelles;443.23
7817;19/05/2026 17:37:15;;Souscription non démarrée;Parcours non démarré;120.58
7818;19/05/2026 17:37:15;;Souscription non démarrée;Parcours non démarré;429.43
7819;19/05/2026 17:30:51;;Dossier validé;Parcours terminé;409.95
7820;19/05/2026 17:30:51;;Dossier validé;Parcours terminé;615.26
7821;19/05/2026 17:15:26;;Dossier validé;Parcours terminé;639.89
7822;19/05/2026 17:15:26;;Dossier validé;Parcours terminé;377.25
7823;19/05/2026 17:03:44;;Souscription en cours;Informations complémentaires (Etablissements, etc.);448.72
7824;19/05/2026 17:03:44;;Souscription en cours;Informations complémentaires (Etablissements, etc.);370.02
7825;19/05/2026 16:58:23;;Dossier refusé;Saisie société;167.13
7826;19/05/2026 16:58:23;;Dossier refusé;Saisie société;271.55
7827;19/05/2026 16:58:18;;Dossier refusé;Signature Contrat;920.30
7828;19/05/2026 16:58:18;;Dossier refusé;Signature Contrat;255.07
7829;19/05/2026 16:56:11;;Dossier validé;Parcours terminé;103.63
7830;19/05/2026 16:56:11;;Dossier validé;Parcours terminé;347.91
7831;19/05/2026 16:55:48;;Souscription en cours;Coordonnées personnelles;681.29
7832;19/05/2026 16:55:48;;Souscription en cours;Coordonnées personnelles;730.31
7833;19/05/2026 16:45:07;;Dossier validé;Parcours terminé;241.14
7834;19/05/2026 16:45:07;;Dossier validé;Parcours terminé;908.04
7835;19/05/2026 16:42:00;;Souscription non démarrée;Parcours non démarré;978.64
7836;19/05/2026 16:42:00;;Souscription non démarrée;Parcours non démarré;666.90
7837;19/05/2026 16:41:15;;Souscription en cours;Coordonnées personnelles;568.80
7838;19/05/2026 16:41:15;;Souscription en cours;Coordonnées personnelles;857.59
7839;19/05/2026 16:39:35;;Dossier validé;Parcours terminé;690.77
7840;19/05/2026 16:39:35;;Dossier validé;Parcours terminé;509.17
7841;19/05/2026 16:21:29;Z5735392;Dossier refusé;Saisie société;126.41
7842;19/05/2026 16:21:29;Z5735392;Dossier refusé;Saisie société;954.09
7843;19/05/2026 16:14:06;;Dossier validé;Parcours terminé;278.43
7844;19/05/2026 16:14:06;;Dossier validé;Parcours terminé;680.08
7845;19/05/2026 16:10:45;;Dossier validé;Parcours terminé;669.74
7846;19/05/2026 16:10:45;;Dossier validé;Parcours terminé;609.95
7847;19/05/2026 16:09:22;;Souscription en cours;Choix de l'offre et livraison;584.09
7848;19/05/2026 16:09:22;;Souscription en cours;Choix de l'offre et livraison;787.17
7849;19/05/2026 15:58:29;;Souscription en cours;Signature Contrat;861.36
7850;19/05/2026 15:58:29;;Souscription en cours;Signature Contrat;542.77
7851;19/05/2026 15:53:12;;Souscription en cours;Coordonnées personnelles;579.97
7852;19/05/2026 15:53:12;;Souscription en cours;Coordonnées personnelles;287.04
7853;19/05/2026 15:50:46;;Souscription en cours;Coordonnées personnelles;186.54
7854;19/05/2026 15:50:46;;Souscription en cours;Coordonnées personnelles;958.60
7855;19/05/2026 15:49:05;;Dossier validé;Parcours terminé;397.35
7856;19/05/2026 15:49:05;;Dossier validé;Parcours terminé;326.41
7857;19/05/2026 15:48:07;;Souscription en cours;Choix de l'offre et livraison;400.00
7858;19/05/2026 15:48:07;;Souscription en cours;Choix de l'offre et livraison;412.48
7859;19/05/2026 15:44:10;;Dossier refusé;Signature Contrat;504.48
7860;19/05/2026 15:44:10;;Dossier refusé;Signature Contrat;491.12
7861;19/05/2026 15:42:24;;Dossier refusé;Saisie société;402.96
7862;19/05/2026 15:42:24;;Dossier refusé;Saisie société;568.45
7863;19/05/2026 15:41:10;;Dossier validé;Parcours terminé;440.42
7864;19/05/2026 15:41:10;;Dossier validé;Parcours terminé;676.00
7865;19/05/2026 15:40:29;;Souscription non démarrée;Parcours non démarré;675.23
7866;19/05/2026 15:40:29;;Souscription non démarrée;Parcours non démarré;306.58
7867;19/05/2026 15:38:02;;Dossier refusé;Saisie société;582.83
7868;19/05/2026 15:38:02;;Dossier refusé;Saisie société;760.54
7869;19/05/2026 15:25:13;;Souscription en cours;Coordonnées personnelles;820.71
7870;19/05/2026 15:25:13;;Souscription en cours;Coordonnées personnelles;809.33
7871;19/05/2026 15:22:56;;Dossier validé;Parcours terminé;650.41
7872;19/05/2026 15:22:56;;Dossier validé;Parcours terminé;881.27
7873;19/05/2026 15:16:38;;Souscription en cours;Informations complémentaires (Etablissements, etc.);472.52
7874;19/05/2026 15:16:38;;Souscription en cours;Informations complémentaires (Etablissements, etc.);483.68
7875;19/05/2026 15:16:21;;Dossier validé;Parcours terminé;785.12
7876;19/05/2026 15:16:21;;Dossier validé;Parcours terminé;740.40
7877;19/05/2026 15:01:46;;Dossier validé;Parcours terminé;529.82
7878;19/05/2026 15:01:46;;Dossier validé;Parcours terminé;120.87
7879;19/05/2026 15:00:22;;Souscription en cours;Informations complémentaires (CA, Profession, etc.);137.12
7880;19/05/2026 15:00:22;;Souscription en cours;Informations complémentaires (CA, Profession, etc.);467.49
7881;19/05/2026 14:59:57;;Dossier validé;Parcours terminé;289.45
7882;19/05/2026 14:59:57;;Dossier validé;Parcours terminé;525.48
7883;19/05/2026 14:51:44;;Souscription en cours;Choix de l'offre et livraison;690.44
7884;19/05/2026 14:51:44;;Souscription en cours;Choix de l'offre et livraison;916.69
7885;19/05/2026 14:47:30;;Dossier validé;Parcours terminé;891.31
7886;19/05/2026 14:47:30;;Dossier validé;Parcours terminé;846.47
7887;19/05/2026 14:44:13;;Dossier validé;Parcours terminé;881.81
7888;19/05/2026 14:44:13;;Dossier validé;Parcours terminé;144.22
7889;19/05/2026 14:42:36;;Souscription en cours;Informations complémentaires (CA, Profession, etc.);967.29
7890;19/05/2026 14:42:36;;Souscription en cours;Informations complémentaires (CA, Profession, etc.);642.51
7891;19/05/2026 14:31:45;;En attente d'analyse Agent - Dossier avec erreurs;Signature Contrat;256.45
7892;19/05/2026 14:31:45;;En attente d'analyse Agent - Dossier avec erreurs;Signature Contrat;697.44
7893;19/05/2026 14:30:21;Hugo MARTIN;Dossier validé;Parcours terminé;348.53
7894;19/05/2026 14:30:21;Hugo MARTIN;Dossier validé;Parcours terminé;247.30
7895;19/05/2026 14:24:57;;Dossier validé;Parcours terminé;405.92
7896;19/05/2026 14:24:57;;Dossier validé;Parcours terminé;224.83
7897;19/05/2026 14:24:37;;Dossier validé;Parcours terminé;910.19
7898;19/05/2026 14:24:37;;Dossier validé;Parcours terminé;389.65
7899;19/05/2026 14:18:39;;Souscription en cours;Coordonnées personnelles;458.22
7900;19/05/2026 14:18:39;;Souscription en cours;Coordonnées personnelles;959.41
7901;19/05/2026 14:16:57;;Dossier refusé;Saisie société;418.14
7902;19/05/2026 14:16:57;;Dossier refusé;Saisie société;228.31
7903;19/05/2026 14:15:24;;Dossier refusé;Parcours terminé;106.39
7904;19/05/2026 14:15:24;;Dossier refusé;Parcours terminé;933.42
7905;19/05/2026 14:14:46;;Dossier refusé;Signature Contrat;424.38
7906;19/05/2026 14:14:46;;Dossier refusé;Signature Contrat;337.44
7907;19/05/2026 14:10:25;;Souscription en cours;Vérification d'identité;273.33
7908;19/05/2026 14:10:25;;Souscription en cours;Vérification d'identité;535.91
7909;19/05/2026 14:07:26;;Dossier validé;Parcours terminé;478.73
7910;19/05/2026 14:07:26;;Dossier validé;Parcours terminé;838.45
7911;19/05/2026 14:01:07;;Dossier validé;Parcours terminé;944.57
7912;19/05/2026 14:01:07;;Dossier validé;Parcours terminé;614.95
7913;19/05/2026 14:00:54;;Souscription en cours;Coordonnées personnelles;880.66
7914;19/05/2026 14:00:54;;Souscription en cours;Coordonnées personnelles;276.58
7915;19/05/2026 14:00:54;;Souscription en cours;Informations complémentaires (CA, Profession, etc.);773.22
7916;19/05/2026 14:00:54;;Souscription en cours;Informations complémentaires (CA, Profession, etc.);864.49
7917;19/05/2026 13:56:56;;Dossier refusé;Saisie société;170.24
7918;19/05/2026 13:56:56;;Dossier refusé;Saisie société;512.49
7919;19/05/2026 13:49:16;;Souscription en cours;Coordonnées personnelles;383.50
7920;19/05/2026 13:49:16;;Souscription en cours;Coordonnées personnelles;425.26
7921;19/05/2026 13:45:22;;Dossier validé;Parcours terminé;350.03
7922;19/05/2026 13:45:22;;Dossier validé;Parcours terminé;503.02
7923;19/05/2026 13:44:25;;Dossier validé;Parcours terminé;531.02
7924;19/05/2026 13:44:25;;Dossier validé;Parcours terminé;883.67
7925;19/05/2026 13:37:19;Hugo MARTIN;Dossier validé;Parcours terminé;851.43
7926;19/05/2026 13:37:19;Hugo MARTIN;Dossier validé;Parcours terminé;524.27
7927;19/05/2026 12:55:38;;Dossier refusé;Signature Contrat;330.30
7928;19/05/2026 12:55:38;;Dossier refusé;Signature Contrat;109.62
7929;19/05/2026 12:51:23;;Dossier refusé;Saisie société;759.70
7930;19/05/2026 12:51:23;;Dossier refusé;Saisie société;550.96
7931;19/05/2026 12:42:25;;Dossier refusé;Saisie société;160.87
7932;19/05/2026 12:42:25;;Dossier refusé;Saisie société;469.28
7933;19/05/2026 12:29:15;;Dossier validé;Parcours terminé;434.47
7934;19/05/2026 12:29:15;;Dossier validé;Parcours terminé;999.92
7935;19/05/2026 12:26:16;;Dossier validé;Parcours terminé;277.00
7936;19/05/2026 12:26:16;;Dossier validé;Parcours terminé;293.10
7937;19/05/2026 12:07:56;;Souscription en cours;Vérification d'identité;495.78
7938;19/05/2026 12:07:56;;Souscription en cours;Vérification d'identité;591.07
7939;19/05/2026 11:48:56;;Dossier validé;Parcours terminé;391.39
7940;19/05/2026 11:48:56;;Dossier validé;Parcours terminé;684.33
7941;19/05/2026 11:48:24;;Dossier validé;Parcours terminé;200.60
7942;19/05/2026 11:48:24;;Dossier validé;Parcours terminé;566.09
7943;19/05/2026 11:44:24;;Souscription en cours;Coordonnées personnelles;503.89
7944;19/05/2026 11:44:24;;Souscription en cours;Coordonnées personnelles;524.77
7945;19/05/2026 11:39:57;;Souscription en cours;Coordonnées personnelles;663.92
7946;19/05/2026 11:39:57;;Souscription en cours;Coordonnées personnelles;979.79
7947;19/05/2026 11:27:44;;Dossier validé;Parcours terminé;353.99
7948;19/05/2026 11:27:44;;Dossier validé;Parcours terminé;997.98
7949;19/05/2026 11:27:18;;Dossier validé;Parcours terminé;727.76
7950;19/05/2026 11:27:18;;Dossier validé;Parcours terminé;556.17
7951;19/05/2026 11:25:31;;Souscription en cours;Choix de l'offre et livraison;903.76
7952;19/05/2026 11:25:31;;Souscription en cours;Choix de l'offre et livraison;190.87
7953;19/05/2026 11:15:46;;Souscription non démarrée;Parcours non démarré;320.87
7954;19/05/2026 11:15:46;;Souscription non démarrée;Parcours non démarré;261.55
7955;19/05/2026 11:11:21;;Souscription en cours;Signature Contrat;433.89
7956;19/05/2026 11:11:21;;Souscription en cours;Signature Contrat;289.49
7957;19/05/2026 11:03:16;;Souscription en cours;Signature Contrat;503.61
7958;19/05/2026 11:03:16;;Souscription en cours;Signature Contrat;604.81
7959;19/05/2026 11:02:54;;En attente d'analyse Agent - Dossier avec erreurs;Signature Contrat;918.84
7960;19/05/2026 11:02:54;;En attente d'analyse Agent - Dossier avec erreurs;Signature Contrat;435.49
7961;19/05/2026 10:59:55;;Souscription en cours;Choix de l'offre et livraison;595.85
7962;19/05/2026 10:59:55;;Souscription en cours;Choix de l'offre et livraison;254.95
7963;19/05/2026 10:50:48;Hugo DUBOIS;Dossier validé;Parcours terminé;120.72
7964;19/05/2026 10:50:48;Hugo DUBOIS;Dossier validé;Parcours terminé;353.26
7965;19/05/2026 10:45:08;Manon LEFEBVRE;Dossier validé;Parcours terminé;279.51
7966;19/05/2026 10:45:08;Manon LEFEBVRE;Dossier validé;Parcours terminé;340.21
7967;19/05/2026 10:33:35;;Dossier validé;Parcours terminé;543.06
7968;19/05/2026 10:33:35;;Dossier validé;Parcours terminé;282.41
7969;19/05/2026 10:33:30;;Souscription non démarrée;Parcours non démarré;687.03
7970;19/05/2026 10:33:30;;Souscription non démarrée;Parcours non démarré;533.56
7971;19/05/2026 10:30:58;;Dossier validé;Parcours terminé;270.55
7972;19/05/2026 10:30:58;;Dossier validé;Parcours terminé;445.40
7973;19/05/2026 10:27:23;;Dossier refusé;Saisie société;683.71
7974;19/05/2026 10:27:23;;Dossier refusé;Saisie société;109.59
7975;19/05/2026 10:27:04;;Dossier refusé;Synchronisation référentiel personne NOVA;339.53
7976;19/05/2026 10:27:04;;Dossier refusé;Synchronisation référentiel personne NOVA;382.99
7977;19/05/2026 10:21:11;;Dossier validé;Parcours terminé;777.17
7978;19/05/2026 10:21:11;;Dossier validé;Parcours terminé;452.07
7979;19/05/2026 10:18:25;;Souscription en cours;Coordonnées personnelles;113.05
7980;19/05/2026 10:18:25;;Souscription en cours;Coordonnées personnelles;634.62
7981;19/05/2026 10:14:47;;Souscription en cours;Choix de l'offre et livraison;436.89
7982;19/05/2026 10:14:47;;Souscription en cours;Choix de l'offre et livraison;275.91
7983;19/05/2026 10:13:44;Hugo MARTIN;Dossier refusé;Saisie société;836.08
7984;19/05/2026 10:13:44;Hugo MARTIN;Dossier refusé;Saisie société;823.29
7985;19/05/2026 10:11:34;;Dossier refusé;Signature Contrat;538.26
7986;19/05/2026 10:11:34;;Dossier refusé;Signature Contrat;931.55
7987;19/05/2026 10:06:43;;Souscription en cours;Coordonnées personnelles;783.39
7988;19/05/2026 10:06:43;;Souscription en cours;Coordonnées personnelles;492.64
7989;19/05/2026 10:04:15;;Dossier validé;Parcours terminé;325.01
7990;19/05/2026 10:04:15;;Dossier validé;Parcours terminé;847.89
7991;19/05/2026 10:03:57;;Dossier validé;Parcours terminé;418.59
7992;19/05/2026 10:03:57;;Dossier validé;Parcours terminé;316.38
7993;19/05/2026 09:50:27;;Souscription en cours;Coordonnées personnelles;804.51
7994;19/05/2026 09:50:27;;Souscription en cours;Coordonnées personnelles;690.32
7995;19/05/2026 09:43:33;;Dossier validé;Parcours terminé;519.98
7996;19/05/2026 09:43:33;;Dossier validé;Parcours terminé;187.52
7997;19/05/2026 09:40:28;;Dossier validé;Parcours terminé;912.88
7998;19/05/2026 09:40:28;;Dossier validé;Parcours terminé;467.54
7999;19/05/2026 09:28:31;;Souscription en cours;Signature Contrat;554.66
8000;19/05/2026 09:28:31;;Souscription en cours;Signature Contrat;190.14
8001;19/05/2026 09:27:56;;Souscription non démarrée;Parcours non démarré;510.32
8002;19/05/2026 09:27:56;;Souscription non démarrée;Parcours non démarré;592.12
8003;19/05/2026 09:27:05;;Dossier validé;Parcours terminé;696.28
8004;19/05/2026 09:27:05;;Dossier validé;Parcours terminé;899.95
8005;19/05/2026 09:24:54;;Dossier validé;Parcours terminé;345.06
8006;19/05/2026 09:24:54;;Dossier validé;Parcours terminé;202.27
8007;19/05/2026 09:14:38;;Souscription en cours;Choix de l'offre et livraison;371.85
8008;19/05/2026 09:14:38;;Souscription en cours;Choix de l'offre et livraison;636.93
8009;19/05/2026 09:13:13;;Dossier validé;Parcours terminé;847.13
8010;19/05/2026 09:13:13;;Dossier validé;Parcours terminé;690.22
8011;19/05/2026 09:08:30;;Dossier validé;Parcours terminé;569.61
8012;19/05/2026 09:08:30;;Dossier validé;Parcours terminé;928.24
8013;19/05/2026 09:07:15;;Souscription en cours;Signature Contrat;627.83
8014;19/05/2026 09:07:15;;Souscription en cours;Signature Contrat;955.19
8015;19/05/2026 08:58:07;;Dossier validé;Parcours terminé;346.56
8016;19/05/2026 08:58:07;;Dossier validé;Parcours terminé;582.56
8017;19/05/2026 08:55:10;;Souscription en cours;Coordonnées personnelles;402.68
8018;19/05/2026 08:55:10;;Souscription en cours;Coordonnées personnelles;607.96
8019;19/05/2026 08:54:54;;Dossier validé;Parcours terminé;301.71
8020;19/05/2026 08:54:54;;Dossier validé;Parcours terminé;763.13
8021;19/05/2026 08:53:19;;Souscription en cours;Coordonnées personnelles;704.75
8022;19/05/2026 08:53:19;;Souscription en cours;Coordonnées personnelles;876.96
8023;19/05/2026 08:49:33;;Souscription en cours;Coordonnées personnelles;310.01
8024;19/05/2026 08:49:33;;Souscription en cours;Coordonnées personnelles;352.90
8025;19/05/2026 08:49:04;;Dossier validé;Parcours terminé;774.33
8026;19/05/2026 08:49:04;;Dossier validé;Parcours terminé;927.96
8027;19/05/2026 08:49:01;;Dossier validé;Parcours terminé;679.50
8028;19/05/2026 08:49:01;;Dossier validé;Parcours terminé;202.14
8029;19/05/2026 08:48:28;;Souscription non démarrée;Parcours non démarré;226.55
8030;19/05/2026 08:48:28;;Souscription non démarrée;Parcours non démarré;871.73
8031;19/05/2026 08:35:14;;Souscription en cours;Coordonnées personnelles;608.80
8032;19/05/2026 08:35:14;;Souscription en cours;Coordonnées personnelles;648.72
8033;19/05/2026 08:30:58;;Souscription en cours;Signature Contrat;264.98
8034;19/05/2026 08:30:58;;Souscription en cours;Signature Contrat;596.88
8035;19/05/2026 08:20:19;Inès MICHEL;Dossier validé;Parcours terminé;825.19
8036;19/05/2026 08:20:19;Inès MICHEL;Dossier validé;Parcours terminé;302.92
8037;19/05/2026 07:44:21;;Souscription non démarrée;Parcours non démarré;170.62
8038;19/05/2026 07:44:21;;Souscription non démarrée;Parcours non démarré;312.87
8039;19/05/2026 06:12:08;;Dossier refusé;Saisie société;240.44
8040;19/05/2026 06:12:08;;Dossier refusé;Saisie société;101.04
8041;19/05/2026 06:10:05;;Souscription en cours;Coordonnées personnelles;526.36
8042;19/05/2026 06:10:05;;Souscription en cours;Coordonnées personnelles;112.46
8043;19/05/2026 03:43:43;;Dossier validé;Parcours terminé;469.45
8044;19/05/2026 03:43:43;;Dossier validé;Parcours terminé;792.32
8045;19/05/2026 03:29:02;;Souscription en cours;Coordonnées personnelles;953.36
8046;19/05/2026 03:29:02;;Souscription en cours;Coordonnées personnelles;454.12
8047;19/05/2026 02:54:36;;Dossier validé;Parcours terminé;410.64
8048;19/05/2026 02:54:36;;Dossier validé;Parcours terminé;395.10
8049;19/05/2026 02:52:57;;Dossier refusé;Signature Contrat;434.20
8050;19/05/2026 02:52:57;;Dossier refusé;Signature Contrat;129.86
8051;19/05/2026 02:02:05;;Dossier validé;Parcours terminé;138.13
8052;19/05/2026 02:02:05;;Dossier validé;Parcours terminé;641.36
8053;19/05/2026 00:58:19;;Dossier refusé;Signature Contrat;377.68
8054;19/05/2026 00:58:19;;Dossier refusé;Signature Contrat;636.11
8055;19/05/2026 00:35:43;;Souscription en cours;Coordonnées personnelles;515.99
8056;19/05/2026 00:35:43;;Souscription en cours;Coordonnées personnelles;678.07
8057;19/05/2026 00:25:24;;Dossier validé;Parcours terminé;260.03
8058;19/05/2026 00:25:24;;Dossier validé;Parcours terminé;531.67
8059;19/05/2026 00:23:20;;Dossier validé;Parcours terminé;691.48
8060;19/05/2026 00:23:20;;Dossier validé;Parcours terminé;169.65
8061;19/05/2026 00:10:26;;Souscription non démarrée;Parcours non démarré;905.45
8062;19/05/2026 00:10:26;;Souscription non démarrée;Parcours non démarré;757.51
8063;18/05/2026 23:51:50;;Souscription en cours;Choix de l'offre et livraison;515.10
8064;18/05/2026 23:51:50;;Souscription en cours;Choix de l'offre et livraison;357.38
8065;18/05/2026 23:04:33;;Dossier validé;Parcours terminé;304.74
8066;18/05/2026 23:04:33;;Dossier validé;Parcours terminé;500.58
8067;18/05/2026 22:57:29;;Souscription en cours;Signature Contrat;996.67
8068;18/05/2026 22:57:29;;Souscription en cours;Signature Contrat;108.79
8069;18/05/2026 22:56:17;Hugo MARTIN;Dossier validé;Parcours terminé;280.16
8070;18/05/2026 22:56:17;Hugo MARTIN;Dossier validé;Parcours terminé;408.63
8071;18/05/2026 22:45:13;Hugo DUBOIS;Dossier refusé;Choix de l'offre et livraison;531.05
8072;18/05/2026 22:45:13;Hugo DUBOIS;Dossier refusé;Choix de l'offre et livraison;840.89
8073;18/05/2026 22:42:38;;Souscription en cours;Choix de l'offre et livraison;256.76
8074;18/05/2026 22:42:38;;Souscription en cours;Choix de l'offre et livraison;325.76
8075;18/05/2026 22:36:30;;Dossier validé;Parcours terminé;633.79
8076;18/05/2026 22:36:30;;Dossier validé;Parcours terminé;887.41
8077;18/05/2026 22:36:19;;Dossier validé;Parcours terminé;289.27
8078;18/05/2026 22:36:19;;Dossier validé;Parcours terminé;126.51
8079;18/05/2026 22:34:57;;Souscription en cours;Choix de l'offre et livraison;609.92
8080;18/05/2026 22:34:57;;Souscription en cours;Choix de l'offre et livraison;916.71
8081;18/05/2026 22:24:29;;Souscription en cours;Coordonnées personnelles;861.38
8082;18/05/2026 22:24:29;;Souscription en cours;Coordonnées personnelles;562.38
8083;18/05/2026 22:13:22;;Souscription en cours;Signature Contrat;678.48
8084;18/05/2026 22:13:22;;Souscription en cours;Signature Contrat;217.99
8085;18/05/2026 22:07:21;;Souscription en cours;Synchronisation référentiel personne NOVA;213.72
8086;18/05/2026 22:07:21;;Souscription en cours;Synchronisation référentiel personne NOVA;598.52
8087;18/05/2026 22:06:43;;Dossier validé;Parcours terminé;383.97
8088;18/05/2026 22:06:43;;Dossier validé;Parcours terminé;601.32
8089;18/05/2026 22:02:17;;Souscription en cours;Signature Contrat;200.23
8090;18/05/2026 22:02:17;;Souscription en cours;Signature Contrat;564.83
8091;18/05/2026 21:47:42;;Dossier refusé;Informations complémentaires (Etablissements, etc.);587.94
8092;18/05/2026 21:47:42;;Dossier refusé;Informations complémentaires (Etablissements, etc.);650.77
8093;18/05/2026 21:08:02;;Dossier validé;Parcours terminé;606.38
8094;18/05/2026 21:08:02;;Dossier validé;Parcours terminé;761.83
8095;18/05/2026 20:56:10;;Souscription en cours;Informations complémentaires (CA, Profession, etc.);778.19
8096;18/05/2026 20:56:10;;Souscription en cours;Informations complémentaires (CA, Profession, etc.);533.36
8097;18/05/2026 20:35:29;;Souscription en cours;Coordonnées personnelles;314.91
8098;18/05/2026 20:35:29;;Souscription en cours;Coordonnées personnelles;160.63
8099;18/05/2026 20:25:34;;Dossier validé;Parcours terminé;674.50
8100;18/05/2026 20:25:34;;Dossier validé;Parcours terminé;259.65
8101;18/05/2026 20:00:19;;Dossier refusé;Saisie société;928.88
8102;18/05/2026 20:00:19;;Dossier refusé;Saisie société;544.56
8103;18/05/2026 19:52:23;;Souscription en cours;Choix de l'offre et livraison;778.20
8104;18/05/2026 19:52:23;;Souscription en cours;Choix de l'offre et livraison;247.17
8105;18/05/2026 19:49:58;Hugo MARTIN;Dossier validé;Parcours terminé;496.99
8106;18/05/2026 19:49:58;Hugo MARTIN;Dossier validé;Parcours terminé;854.45
8107;18/05/2026 19:20:38;;Souscription en cours;Coordonnées personnelles;306.88
8108;18/05/2026 19:20:38;;Souscription en cours;Coordonnées personnelles;984.53
8109;18/05/2026 19:08:03;;Souscription en cours;Coordonnées personnelles;712.17
8110;18/05/2026 19:08:03;;Souscription en cours;Coordonnées personnelles;657.02
8111;18/05/2026 18:56:21;;Souscription en cours;Coordonnées personnelles;480.16
8112;18/05/2026 18:56:21;;Souscription en cours;Coordonnées personnelles;137.07
8113;18/05/2026 18:52:29;Hugo MARTIN;Dossier validé;Parcours terminé;807.73
8114;18/05/2026 18:52:29;Hugo MARTIN;Dossier validé;Parcours terminé;637.58
8115;18/05/2026 18:44:22;;Dossier validé;Parcours terminé;233.94
8116;18/05/2026 18:44:22;;Dossier validé;Parcours terminé;763.33
8117;18/05/2026 18:16:37;;Souscription en cours;Coordonnées personnelles;410.20
8118;18/05/2026 18:16:37;;Souscription en cours;Coordonnées personnelles;331.62
8119;18/05/2026 17:47:39;;Dossier validé;Parcours terminé;482.13
8120;18/05/2026 17:47:39;;Dossier validé;Parcours terminé;461.28
8121;18/05/2026 17:40:12;;Dossier validé;Parcours terminé;743.85
8122;18/05/2026 17:40:12;;Dossier validé;Parcours terminé;393.13
8123;18/05/2026 17:33:25;;Dossier refusé;Informations complémentaires (CA, Profession, etc.);663.37
8124;18/05/2026 17:33:25;;Dossier refusé;Informations complémentaires (CA, Profession, etc.);899.67
8125;18/05/2026 17:31:42;;Souscription en cours;Coordonnées personnelles;129.45
8126;18/05/2026 17:31:42;;Souscription en cours;Coordonnées personnelles;660.09
8127;18/05/2026 17:22:52;;Dossier validé;Parcours terminé;881.60
8128;18/05/2026 17:22:52;;Dossier validé;Parcours terminé;921.40
8129;18/05/2026 17:08:21;;Souscription en cours;Coordonnées personnelles;126.40
8130;18/05/2026 17:08:21;;Souscription en cours;Coordonnées personnelles;349.89
8131;18/05/2026 17:04:58;;Dossier refusé;Signature Contrat;913.99
8132;18/05/2026 17:04:58;;Dossier refusé;Signature Contrat;218.04
8133;18/05/2026 17:04:11;;Dossier validé;Parcours terminé;677.33
8134;18/05/2026 17:04:11;;Dossier validé;Parcours terminé;850.25
8135;18/05/2026 16:57:02;;Dossier refusé;Saisie société;673.26
8136;18/05/2026 16:57:02;;Dossier refusé;Saisie société;898.45
8137;18/05/2026 16:53:27;;Dossier refusé;Saisie société;484.27
8138;18/05/2026 16:53:27;;Dossier refusé;Saisie société;989.54
8139;18/05/2026 16:49:22;;Souscription en cours;Informations complémentaires (CA, Profession, etc.);953.30
8140;18/05/2026 16:49:22;;Souscription en cours;Informations complémentaires (CA, Profession, etc.);321.75
8141;18/05/2026 16:38:09;;Souscription non démarrée;Parcours non démarré;895.62
8142;18/05/2026 16:38:09;;Souscription non démarrée;Parcours non démarré;983.38
8143;18/05/2026 16:37:39;;Dossier validé;Parcours terminé;725.85
8144;18/05/2026 16:37:39;;Dossier validé;Parcours terminé;412.55
8145;18/05/2026 16:37:02;;Dossier refusé;Saisie société;393.29
8146;18/05/2026 16:37:02;;Dossier refusé;Saisie société;868.06
8147;18/05/2026 16:34:56;;Dossier validé;Parcours terminé;380.73
8148;18/05/2026 16:34:56;;Dossier validé;Parcours terminé;829.77
8149;18/05/2026 16:25:48;;Souscription en cours;Vérification d'identité;882.75
8150;18/05/2026 16:25:48;;Souscription en cours;Vérification d'identité;445.44
8151;18/05/2026 16:21:58;;Dossier validé;Parcours terminé;966.19
8152;18/05/2026 16:21:58;;Dossier validé;Parcours terminé;393.84
8153;18/05/2026 16:07:57;;Souscription non démarrée;Parcours non démarré;819.33
8154;18/05/2026 16:07:57;;Souscription non démarrée;Parcours non démarré;665.09
8155;18/05/2026 16:04:09;;Souscription en cours;Vérification d'identité;792.70
8156;18/05/2026 16:04:09;;Souscription en cours;Vérification d'identité;190.53
8157;18/05/2026 16:03:57;;Dossier validé;Parcours terminé;702.69
8158;18/05/2026 16:03:57;;Dossier validé;Parcours terminé;439.40
8159;18/05/2026 15:57:46;;Dossier refusé;Saisie société;233.73
8160;18/05/2026 15:57:46;;Dossier refusé;Saisie société;796.67
8161;18/05/2026 15:57:05;;Dossier validé;Parcours terminé;458.53
8162;18/05/2026 15:57:05;;Dossier validé;Parcours terminé;958.39
8163;18/05/2026 15:47:26;;Dossier validé;Parcours terminé;492.53
8164;18/05/2026 15:47:26;;Dossier validé;Parcours terminé;693.35
8165;18/05/2026 15:46:04;;Dossier validé;Parcours terminé;746.71
8166;18/05/2026 15:46:04;;Dossier validé;Parcours terminé;913.24
8167;18/05/2026 15:45:09;;Dossier validé;Parcours terminé;641.35
8168;18/05/2026 15:45:09;;Dossier validé;Parcours terminé;481.09
8169;18/05/2026 15:24:14;Louis MARTIN;Dossier refusé;Saisie société;288.07
8170;18/05/2026 15:24:14;Louis MARTIN;Dossier refusé;Saisie société;482.03
8171;18/05/2026 15:15:12;;Souscription en cours;Coordonnées personnelles;853.74
8172;18/05/2026 15:15:12;;Souscription en cours;Coordonnées personnelles;640.31
8173;18/05/2026 15:03:40;;Dossier validé;Parcours terminé;949.14
8174;18/05/2026 15:03:40;;Dossier validé;Parcours terminé;233.71
8175;18/05/2026 15:03:36;;Souscription en cours;Coordonnées personnelles;378.04
8176;18/05/2026 15:03:36;;Souscription en cours;Coordonnées personnelles;343.29
8177;18/05/2026 14:58:56;;Dossier refusé;Saisie société;360.20
8178;18/05/2026 14:58:56;;Dossier refusé;Saisie société;174.06
8179;18/05/2026 14:57:17;;Souscription en cours;Choix de l'offre et livraison;844.91
8180;18/05/2026 14:57:17;;Souscription en cours;Choix de l'offre et livraison;836.04
8181;18/05/2026 14:53:59;;Dossier refusé;Saisie société;376.95
8182;18/05/2026 14:53:59;;Dossier refusé;Saisie société;211.66
8183;18/05/2026 14:49:46;;Souscription en cours;Coordonnées personnelles;287.43
8184;18/05/2026 14:49:46;;Souscription en cours;Coordonnées personnelles;378.69
8185;18/05/2026 14:49:21;;Dossier validé;Parcours terminé;550.69
8186;18/05/2026 14:49:21;;Dossier validé;Parcours terminé;956.64
8187;18/05/2026 14:38:19;;Souscription en cours;Coordonnées personnelles;590.46
8188;18/05/2026 14:38:19;;Souscription en cours;Coordonnées personnelles;766.68
8189;18/05/2026 14:37:58;;Dossier validé;Parcours terminé;878.91
8190;18/05/2026 14:37:58;;Dossier validé;Parcours terminé;473.54
8191;18/05/2026 14:29:38;;Souscription en cours;Bénéficiaire effectifs;864.86
8192;18/05/2026 14:29:38;;Souscription en cours;Bénéficiaire effectifs;644.51
8193;18/05/2026 14:25:15;;Dossier validé;Parcours terminé;970.52
8194;18/05/2026 14:25:15;;Dossier validé;Parcours terminé;150.56
8195;18/05/2026 14:22:26;Z5735392;Dossier refusé;Synchronisation référentiel personne NOVA;832.84
8196;18/05/2026 14:22:26;Z5735392;Dossier refusé;Synchronisation référentiel personne NOVA;708.95
8197;18/05/2026 14:15:01;;Souscription en cours;Coordonnées personnelles;191.25
8198;18/05/2026 14:15:01;;Souscription en cours;Coordonnées personnelles;590.49
8199;18/05/2026 14:09:00;;Souscription en cours;Coordonnées personnelles;684.67
8200;18/05/2026 14:09:00;;Souscription en cours;Coordonnées personnelles;648.18
8201;18/05/2026 14:07:54;;Dossier validé;Parcours terminé;497.09
8202;18/05/2026 14:07:54;;Dossier validé;Parcours terminé;776.23
8203;18/05/2026 13:54:33;;Dossier validé;Parcours terminé;935.05
8204;18/05/2026 13:54:33;;Dossier validé;Parcours terminé;896.79
8205;18/05/2026 13:51:54;;Souscription en cours;Choix de l'offre et livraison;651.02
8206;18/05/2026 13:51:54;;Souscription en cours;Choix de l'offre et livraison;422.98
8207;18/05/2026 13:51:12;;Souscription en cours;Coordonnées personnelles;715.79
8208;18/05/2026 13:51:12;;Souscription en cours;Coordonnées personnelles;347.19
8209;18/05/2026 13:47:07;;Souscription en cours;Coordonnées personnelles;809.97
8210;18/05/2026 13:47:07;;Souscription en cours;Coordonnées personnelles;841.96
8211;18/05/2026 13:25:34;;Souscription en cours;Signature Contrat;302.16
8212;18/05/2026 13:25:34;;Souscription en cours;Signature Contrat;959.10
8213;18/05/2026 13:09:46;;Dossier validé;Parcours terminé;230.19
8214;18/05/2026 13:09:46;;Dossier validé;Parcours terminé;810.64
8215;18/05/2026 13:09:01;;Souscription en cours;Coordonnées personnelles;449.77
8216;18/05/2026 13:09:01;;Souscription en cours;Coordonnées personnelles;688.50
8217;18/05/2026 12:53:01;;Souscription en cours;Signature Contrat;937.31
8218;18/05/2026 12:53:01;;Souscription en cours;Signature Contrat;922.17
8219;18/05/2026 12:50:03;;Dossier refusé;Choix de l'offre et livraison;856.11
8220;18/05/2026 12:50:03;;Dossier refusé;Choix de l'offre et livraison;134.33
8221;18/05/2026 12:45:59;;Souscription en cours;Coordonnées personnelles;478.67
8222;18/05/2026 12:45:59;;Souscription en cours;Coordonnées personnelles;477.79
8223;18/05/2026 12:30:27;;Dossier validé;Parcours terminé;518.98
8224;18/05/2026 12:30:27;;Dossier validé;Parcours terminé;436.55
8225;18/05/2026 12:24:15;;Dossier refusé;Choix de l'offre et livraison;771.88
8226;18/05/2026 12:24:15;;Dossier refusé;Choix de l'offre et livraison;446.76
8227;18/05/2026 12:24:10;;Dossier validé;Parcours terminé;430.65
8228;18/05/2026 12:24:10;;Dossier validé;Parcours terminé;590.82
8229;18/05/2026 12:14:01;;Dossier refusé;Saisie société;531.95
8230;18/05/2026 12:14:01;;Dossier refusé;Saisie société;666.83
8231;18/05/2026 12:11:33;;Souscription en cours;Coordonnées personnelles;812.67
8232;18/05/2026 12:11:33;;Souscription en cours;Coordonnées personnelles;436.67
8233;18/05/2026 12:09:11;;Souscription non démarrée;Parcours non démarré;453.25
8234;18/05/2026 12:09:11;;Souscription non démarrée;Parcours non démarré;446.80
8235;18/05/2026 12:07:49;;Dossier validé;Parcours terminé;611.79
8236;18/05/2026 12:07:49;;Dossier validé;Parcours terminé;845.62
8237;18/05/2026 11:57:00;;Souscription en cours;Choix de l'offre et livraison;976.00
8238;18/05/2026 11:57:00;;Souscription en cours;Choix de l'offre et livraison;452.67
8239;18/05/2026 11:45:49;;Dossier validé;Parcours terminé;568.91
8240;18/05/2026 11:45:49;;Dossier validé;Parcours terminé;660.33
8241;18/05/2026 11:35:07;;Souscription en cours;Vérification d'identité;250.96
8242;18/05/2026 11:35:07;;Souscription en cours;Vérification d'identité;627.82
8243;18/05/2026 11:30:08;Hugo MARTIN;Dossier validé;Parcours terminé;171.97
8244;18/05/2026 11:30:08;Hugo MARTIN;Dossier validé;Parcours terminé;480.86
8245;18/05/2026 11:27:01;;Souscription non démarrée;Parcours non démarré;738.77
8246;18/05/2026 11:27:01;;Souscription non démarrée;Parcours non démarré;856.81
8247;18/05/2026 11:18:33;;Dossier validé;Parcours terminé;188.61
8248;18/05/2026 11:18:33;;Dossier validé;Parcours terminé;985.95
8249;18/05/2026 11:11:23;;Souscription en cours;Vérification d'identité;796.94
8250;18/05/2026 11:11:23;;Souscription en cours;Vérification d'identité;403.45
8251;18/05/2026 11:09:15;;Souscription en cours;Informations complémentaires (Etablissements, etc.);233.94
8252;18/05/2026 11:09:15;;Souscription en cours;Informations complémentaires (Etablissements, etc.);231.81
8253;18/05/2026 11:09:01;;Dossier validé;Parcours terminé;749.30
8254;18/05/2026 11:09:01;;Dossier validé;Parcours terminé;605.81
8255;18/05/2026 11:05:13;Adam LAURENT;Dossier validé;Parcours terminé;815.67
8256;18/05/2026 11:05:13;Adam LAURENT;Dossier validé;Parcours terminé;721.54
8257;18/05/2026 11:03:11;;Souscription non démarrée;Parcours non démarré;732.95
8258;18/05/2026 11:03:11;;Souscription non démarrée;Parcours non démarré;797.13
8259;18/05/2026 10:54:19;;Dossier validé;Parcours terminé;300.40
8260;18/05/2026 10:54:19;;Dossier validé;Parcours terminé;304.96
8261;18/05/2026 10:52:19;;Dossier validé;Parcours terminé;181.30
8262;18/05/2026 10:52:19;;Dossier validé;Parcours terminé;766.83
8263;18/05/2026 10:47:27;;Dossier refusé;Saisie société;104.95
8264;18/05/2026 10:47:27;;Dossier refusé;Saisie société;113.25
8265;18/05/2026 10:46:56;;Dossier validé;Parcours terminé;506.21
8266;18/05/2026 10:46:56;;Dossier validé;Parcours terminé;500.89
8267;18/05/2026 10:39:26;;Souscription en cours;Coordonnées personnelles;418.48
8268;18/05/2026 10:39:26;;Souscription en cours;Coordonnées personnelles;226.15
8269;18/05/2026 10:19:08;;Dossier validé;Parcours terminé;501.59
8270;18/05/2026 10:19:08;;Dossier validé;Parcours terminé;505.68
8271;18/05/2026 10:17:40;;En attente d'analyse Agent - Dossier avec erreurs;Signature Contrat;250.72
8272;18/05/2026 10:17:40;;En attente d'analyse Agent - Dossier avec erreurs;Signature Contrat;262.43
8273;18/05/2026 10:12:58;;Dossier validé;Parcours terminé;261.36
8274;18/05/2026 10:12:58;;Dossier validé;Parcours terminé;846.33
8275;18/05/2026 10:08:11;;Dossier validé;Parcours terminé;731.24
8276;18/05/2026 10:08:11;;Dossier validé;Parcours terminé;299.41
8277;18/05/2026 10:04:16;;Souscription en cours;Synchronisation référentiel personne NOVA;441.03
8278;18/05/2026 10:04:16;;Souscription en cours;Synchronisation référentiel personne NOVA;509.36
8279;18/05/2026 09:50:22;;Souscription en cours;Signature Contrat;548.91
8280;18/05/2026 09:50:22;;Souscription en cours;Signature Contrat;850.72
8281;18/05/2026 09:46:13;;Souscription en cours;Coordonnées personnelles;430.98
8282;18/05/2026 09:46:13;;Souscription en cours;Coordonnées personnelles;712.83
8283;18/05/2026 09:43:31;;Dossier refusé;Saisie société;958.79
8284;18/05/2026 09:43:31;;Dossier refusé;Saisie société;732.67
8285;18/05/2026 09:22:15;;Souscription en cours;Signature Contrat;780.03
8286;18/05/2026 09:22:15;;Souscription en cours;Signature Contrat;941.43
8287;18/05/2026 09:19:19;;Dossier validé;Parcours terminé;138.08
8288;18/05/2026 09:19:19;;Dossier validé;Parcours terminé;421.15
8289;18/05/2026 09:04:13;;Dossier refusé;Choix de l'offre et livraison;127.15
8290;18/05/2026 09:04:13;;Dossier refusé;Choix de l'offre et livraison;394.80
8291;18/05/2026 08:46:31;;Dossier validé;Parcours terminé;824.96
8292;18/05/2026 08:46:31;;Dossier validé;Parcours terminé;896.36
8293;18/05/2026 08:29:06;Inès MICHEL;Dossier validé;Parcours terminé;649.60
8294;18/05/2026 08:29:06;Inès MICHEL;Dossier validé;Parcours terminé;619.05
8295;18/05/2026 08:21:18;;Souscription en cours;Coordonnées personnelles;573.56
8296;18/05/2026 08:21:18;;Souscription en cours;Coordonnées personnelles;629.54
8297;18/05/2026 08:00:42;;Dossier validé;Parcours terminé;627.13
8298;18/05/2026 08:00:42;;Dossier validé;Parcours terminé;881.38
8299;18/05/2026 07:50:07;;Souscription en cours;Coordonnées personnelles;412.48
8300;18/05/2026 07:50:07;;Souscription en cours;Coordonnées personnelles;299.86
8301;18/05/2026 07:16:17;;Dossier validé;Parcours terminé;987.48
8302;18/05/2026 07:16:17;;Dossier validé;Parcours terminé;506.47
8303;18/05/2026 02:01:48;;Dossier validé;Parcours terminé;672.29
8304;18/05/2026 02:01:48;;Dossier validé;Parcours terminé;964.07
8305;18/05/2026 01:37:45;;Dossier refusé;Choix de l'offre et livraison;652.97
8306;18/05/2026 01:37:45;;Dossier refusé;Choix de l'offre et livraison;440.42
8307;18/05/2026 01:11:23;;Dossier validé;Parcours terminé;865.63
8308;18/05/2026 01:11:23;;Dossier validé;Parcours terminé;678.46
8309;18/05/2026 00:53:21;;Souscription en cours;Coordonnées personnelles;609.13
8310;18/05/2026 00:53:21;;Souscription en cours;Coordonnées personnelles;983.43
8311;17/05/2026 23:55:09;;Dossier validé;Parcours terminé;351.97
8312;17/05/2026 23:55:09;;Dossier validé;Parcours terminé;488.24
8313;17/05/2026 23:55:05;;Souscription en cours;Coordonnées personnelles;448.20
8314;17/05/2026 23:55:05;;Souscription en cours;Coordonnées personnelles;559.28
8315;17/05/2026 23:21:04;;Dossier refusé;Signature Contrat;924.87
8316;17/05/2026 23:21:04;;Dossier refusé;Signature Contrat;731.18
8317;17/05/2026 23:02:16;;Dossier refusé;Saisie société;542.66
8318;17/05/2026 23:02:16;;Dossier refusé;Saisie société;973.44
8319;17/05/2026 22:04:13;;Souscription en cours;Vérification d'identité;266.90
8320;17/05/2026 22:04:13;;Souscription en cours;Vérification d'identité;824.24
8321;17/05/2026 21:56:41;;Dossier validé;Parcours terminé;418.17
8322;17/05/2026 21:56:41;;Dossier validé;Parcours terminé;299.27
8323;17/05/2026 21:16:39;;Dossier refusé;Saisie société;734.73
8324;17/05/2026 21:16:39;;Dossier refusé;Saisie société;953.18
8325;17/05/2026 21:06:51;;Souscription en cours;Vérification d'identité;711.59
8326;17/05/2026 21:06:51;;Souscription en cours;Vérification d'identité;578.66
8327;17/05/2026 20:26:39;;Souscription en cours;Vérification d'identité;176.33
8328;17/05/2026 20:26:39;;Souscription en cours;Vérification d'identité;911.54
8329;17/05/2026 18:52:00;;Dossier refusé;Saisie société;120.68
8330;17/05/2026 18:52:00;;Dossier refusé;Saisie société;873.34
8331;17/05/2026 18:02:20;;Dossier validé;Parcours terminé;242.75
8332;17/05/2026 18:02:20;;Dossier validé;Parcours terminé;471.31
8333;17/05/2026 17:40:38;;Dossier validé;Parcours terminé;301.92
8334;17/05/2026 17:40:38;;Dossier validé;Parcours terminé;490.45
8335;17/05/2026 17:34:24;;Dossier validé;Parcours terminé;896.63
8336;17/05/2026 17:34:24;;Dossier validé;Parcours terminé;228.33
8337;17/05/2026 17:30:23;;Dossier validé;Parcours terminé;552.24
8338;17/05/2026 17:30:23;;Dossier validé;Parcours terminé;825.76
8339;17/05/2026 17:24:27;;Souscription en cours;Choix de l'offre et livraison;986.10
8340;17/05/2026 17:24:27;;Souscription en cours;Choix de l'offre et livraison;316.84
8341;17/05/2026 17:20:24;;Dossier validé;Parcours terminé;532.69
8342;17/05/2026 17:20:24;;Dossier validé;Parcours terminé;465.20
8343;17/05/2026 17:18:53;;Dossier refusé;Saisie société;132.56
8344;17/05/2026 17:18:53;;Dossier refusé;Saisie société;649.86
8345;17/05/2026 16:57:05;;Dossier validé;Parcours terminé;461.00
8346;17/05/2026 16:57:05;;Dossier validé;Parcours terminé;671.00
8347;17/05/2026 16:52:11;;Souscription en cours;Signature Contrat;640.32
8348;17/05/2026 16:52:11;;Souscription en cours;Signature Contrat;501.22
8349;17/05/2026 16:50:04;;Souscription en cours;Choix de l'offre et livraison;306.09
8350;17/05/2026 16:50:04;;Souscription en cours;Choix de l'offre et livraison;504.40
8351;17/05/2026 16:21:38;;Souscription en cours;Coordonnées personnelles;230.41
8352;17/05/2026 16:21:38;;Souscription en cours;Coordonnées personnelles;911.05
8353;17/05/2026 16:20:39;;Dossier validé;Parcours terminé;794.47
8354;17/05/2026 16:20:39;;Dossier validé;Parcours terminé;665.74
8355;17/05/2026 15:47:32;;Dossier validé;Parcours terminé;148.37
8356;17/05/2026 15:47:32;;Dossier validé;Parcours terminé;149.82
8357;17/05/2026 15:20:32;;Dossier validé;Parcours terminé;478.88
8358;17/05/2026 15:20:32;;Dossier validé;Parcours terminé;813.69
8359;17/05/2026 15:18:35;;Dossier validé;Parcours terminé;419.97
8360;17/05/2026 15:18:35;;Dossier validé;Parcours terminé;244.60
8361;17/05/2026 15:15:21;;Souscription non démarrée;Parcours non démarré;356.74
8362;17/05/2026 15:15:21;;Souscription non démarrée;Parcours non démarré;327.75
8363;17/05/2026 15:06:58;;Souscription en cours;Coordonnées personnelles;827.22
8364;17/05/2026 15:06:58;;Souscription en cours;Coordonnées personnelles;880.48
8365;17/05/2026 15:04:04;;Souscription en cours;Coordonnées personnelles;347.95
8366;17/05/2026 15:04:04;;Souscription en cours;Coordonnées personnelles;906.06
8367;17/05/2026 14:51:59;;Souscription en cours;Signature Contrat;591.97
8368;17/05/2026 14:51:59;;Souscription en cours;Signature Contrat;287.92
8369;17/05/2026 14:48:41;;Dossier validé;Parcours terminé;493.74
8370;17/05/2026 14:48:41;;Dossier validé;Parcours terminé;992.54
8371;17/05/2026 14:48:08;;Dossier refusé;Saisie société;594.94
8372;17/05/2026 14:48:08;;Dossier refusé;Saisie société;554.83
8373;17/05/2026 14:17:37;;Dossier validé;Parcours terminé;738.95
8374;17/05/2026 14:17:37;;Dossier validé;Parcours terminé;292.24
8375;17/05/2026 14:14:53;;Dossier validé;Parcours terminé;280.18
8376;17/05/2026 14:14:53;;Dossier validé;Parcours terminé;597.19
8377;17/05/2026 14:08:10;;Souscription en cours;Coordonnées personnelles;984.68
8378;17/05/2026 14:08:10;;Souscription en cours;Coordonnées personnelles;198.34
8379;17/05/2026 13:48:07;;Dossier validé;Parcours terminé;789.73
8380;17/05/2026 13:48:07;;Dossier validé;Parcours terminé;775.77
8381;17/05/2026 13:47:53;;Dossier validé;Parcours terminé;962.77
8382;17/05/2026 13:47:53;;Dossier validé;Parcours terminé;713.45
8383;17/05/2026 13:45:48;;Dossier validé;Parcours terminé;806.62
8384;17/05/2026 13:45:48;;Dossier validé;Parcours terminé;281.25
8385;17/05/2026 13:25:53;;Dossier validé;Parcours terminé;916.94
8386;17/05/2026 13:25:53;;Dossier validé;Parcours terminé;681.42
8387;17/05/2026 13:20:21;;Souscription en cours;Signature Contrat;367.78
8388;17/05/2026 13:20:21;;Souscription en cours;Signature Contrat;276.62
8389;17/05/2026 12:58:35;;Souscription non démarrée;Parcours non démarré;470.46
8390;17/05/2026 12:58:35;;Souscription non démarrée;Parcours non démarré;739.57
8391;17/05/2026 12:57:00;;Dossier refusé;Saisie société;222.66
8392;17/05/2026 12:57:00;;Dossier refusé;Saisie société;237.86
8393;17/05/2026 12:42:24;;Dossier refusé;Choix de l'offre et livraison;369.17
8394;17/05/2026 12:42:24;;Dossier refusé;Choix de l'offre et livraison;121.20
8395;17/05/2026 12:22:27;;Souscription en cours;Coordonnées personnelles;294.13
8396;17/05/2026 12:22:27;;Souscription en cours;Coordonnées personnelles;775.93
8397;17/05/2026 12:19:18;;Dossier validé;Parcours terminé;323.85
8398;17/05/2026 12:19:18;;Dossier validé;Parcours terminé;806.00
8399;17/05/2026 11:31:27;;Souscription en cours;Vérification d'identité;821.60
8400;17/05/2026 11:31:27;;Souscription en cours;Vérification d'identité;534.56
8401;17/05/2026 11:23:39;;Dossier refusé;Saisie société;615.86
8402;17/05/2026 11:23:39;;Dossier refusé;Saisie société;359.91
8403;17/05/2026 11:08:42;;Souscription en cours;Coordonnées personnelles;957.38
8404;17/05/2026 11:08:42;;Souscription en cours;Coordonnées personnelles;764.35
8405;17/05/2026 11:00:45;;Souscription non démarrée;Parcours non démarré;389.18
8406;17/05/2026 11:00:45;;Souscription non démarrée;Parcours non démarré;105.36
8407;17/05/2026 11:00:09;;Dossier validé;Parcours terminé;964.53
8408;17/05/2026 11:00:09;;Dossier validé;Parcours terminé;737.54
8409;17/05/2026 10:41:45;;Dossier validé;Parcours terminé;392.71
8410;17/05/2026 10:41:45;;Dossier validé;Parcours terminé;801.63
8411;17/05/2026 10:39:00;;Dossier validé;Parcours terminé;767.30
8412;17/05/2026 10:39:00;;Dossier validé;Parcours terminé;644.21
8413;17/05/2026 10:34:29;;Dossier validé;Parcours terminé;116.55
8414;17/05/2026 10:34:29;;Dossier validé;Parcours terminé;157.22
8415;17/05/2026 10:22:59;;Souscription en cours;Coordonnées personnelles;324.62
8416;17/05/2026 10:22:59;;Souscription en cours;Coordonnées personnelles;587.77
8417;17/05/2026 10:15:43;;Souscription en cours;Coordonnées personnelles;315.78
8418;17/05/2026 10:15:43;;Souscription en cours;Coordonnées personnelles;451.95
8419;17/05/2026 09:30:25;Adam LAURENT;Dossier validé;Parcours terminé;916.38
8420;17/05/2026 09:30:25;Adam LAURENT;Dossier validé;Parcours terminé;639.49
8421;17/05/2026 09:21:24;;Souscription en cours;Informations complémentaires (CA, Profession, etc.);359.35
8422;17/05/2026 09:21:24;;Souscription en cours;Informations complémentaires (CA, Profession, etc.);327.72
8423;17/05/2026 09:21:03;;Souscription non démarrée;Parcours non démarré;710.27
8424;17/05/2026 09:21:03;;Souscription non démarrée;Parcours non démarré;671.77
8425;17/05/2026 09:14:51;;Souscription en cours;Informations complémentaires (CA, Profession, etc.);696.19
8426;17/05/2026 09:14:51;;Souscription en cours;Informations complémentaires (CA, Profession, etc.);680.46
8427;17/05/2026 09:13:33;;Souscription en cours;Coordonnées personnelles;838.64
8428;17/05/2026 09:13:33;;Souscription en cours;Coordonnées personnelles;900.89
8429;17/05/2026 08:57:59;;Dossier validé;Parcours terminé;542.08
8430;17/05/2026 08:57:59;;Dossier validé;Parcours terminé;616.79
8431;17/05/2026 08:57:11;;Souscription en cours;Coordonnées personnelles;872.40
8432;17/05/2026 08:57:11;;Souscription en cours;Coordonnées personnelles;704.14
8433;17/05/2026 08:49:57;;Dossier validé;Parcours terminé;370.80
8434;17/05/2026 08:49:57;;Dossier validé;Parcours terminé;449.39
8435;17/05/2026 08:39:39;;Souscription en cours;Vérification d'identité;514.48
8436;17/05/2026 08:39:39;;Souscription en cours;Vérification d'identité;879.65
8437;17/05/2026 08:37:39;;Dossier refusé;Saisie société;512.90
8438;17/05/2026 08:37:39;;Dossier refusé;Saisie société;541.28
8439;17/05/2026 08:28:56;;Dossier validé;Parcours terminé;891.00
8440;17/05/2026 08:28:56;;Dossier validé;Parcours terminé;188.96
8441;17/05/2026 07:55:23;;Dossier validé;Parcours terminé;789.78
8442;17/05/2026 07:55:23;;Dossier validé;Parcours terminé;289.96
8443;17/05/2026 05:09:39;;Dossier validé;Parcours terminé;395.19
8444;17/05/2026 05:09:39;;Dossier validé;Parcours terminé;791.88
8445;17/05/2026 04:41:03;;Souscription en cours;Coordonnées personnelles;668.81
8446;17/05/2026 04:41:03;;Souscription en cours;Coordonnées personnelles;595.90
8447;17/05/2026 04:35:21;;Dossier validé;Parcours terminé;853.85
8448;17/05/2026 04:35:21;;Dossier validé;Parcours terminé;218.18
8449;17/05/2026 03:36:33;Hugo MARTIN;Dossier validé;Parcours terminé;859.03
8450;17/05/2026 03:36:33;Hugo MARTIN;Dossier validé;Parcours terminé;242.62
8451;17/05/2026 03:30:53;;Souscription en cours;Coordonnées personnelles;685.44
8452;17/05/2026 03:30:53;;Souscription en cours;Coordonnées personnelles;871.96
8453;17/05/2026 02:24:21;;Dossier validé;Parcours terminé;138.23
8454;17/05/2026 02:24:21;;Dossier validé;Parcours terminé;868.69
8455;16/05/2026 23:58:05;;Dossier validé;Parcours terminé;461.02
8456;16/05/2026 23:58:05;;Dossier validé;Parcours terminé;837.61
8457;16/05/2026 23:54:15;;Souscription non démarrée;Parcours non démarré;532.76
8458;16/05/2026 23:54:15;;Souscription non démarrée;Parcours non démarré;789.49
8459;16/05/2026 23:46:41;;Dossier validé;Parcours terminé;850.32
8460;16/05/2026 23:46:41;;Dossier validé;Parcours terminé;557.58
8461;16/05/2026 23:09:43;;Souscription en cours;Bénéficiaire effectifs;113.85
8462;16/05/2026 23:09:43;;Souscription en cours;Bénéficiaire effectifs;447.14
8463;16/05/2026 22:33:46;Hugo MARTIN;Dossier refusé;Saisie société;727.89
8464;16/05/2026 22:33:46;Hugo MARTIN;Dossier refusé;Saisie société;892.39
8465;16/05/2026 22:33:41;;Souscription non démarrée;Parcours non démarré;678.15
8466;16/05/2026 22:33:41;;Souscription non démarrée;Parcours non démarré;244.35
8467;16/05/2026 22:01:48;;Souscription en cours;Coordonnées personnelles;260.27
8468;16/05/2026 22:01:48;;Souscription en cours;Coordonnées personnelles;560.18
8469;16/05/2026 21:37:03;;Dossier validé;Parcours terminé;107.14
8470;16/05/2026 21:37:03;;Dossier validé;Parcours terminé;944.64
8471;16/05/2026 21:30:42;;Souscription en cours;Coordonnées personnelles;552.53
8472;16/05/2026 21:30:42;;Souscription en cours;Coordonnées personnelles;780.75
8473;16/05/2026 21:22:36;;Souscription non démarrée;Parcours non démarré;359.86
8474;16/05/2026 21:22:36;;Souscription non démarrée;Parcours non démarré;893.45
8475;16/05/2026 21:13:21;;Dossier validé;Parcours terminé;878.33
8476;16/05/2026 21:13:21;;Dossier validé;Parcours terminé;480.46
8477;16/05/2026 20:51:31;;Dossier refusé;Saisie société;515.90
8478;16/05/2026 20:51:31;;Dossier refusé;Saisie société;463.87
8479;16/05/2026 20:47:25;;Souscription en cours;Coordonnées personnelles;689.09
8480;16/05/2026 20:47:25;;Souscription en cours;Coordonnées personnelles;281.59
8481;16/05/2026 20:41:12;;Souscription en cours;Coordonnées personnelles;847.95
8482;16/05/2026 20:41:12;;Souscription en cours;Coordonnées personnelles;654.87
8483;16/05/2026 20:28:06;;Souscription en cours;Vérification d'identité;504.70
8484;16/05/2026 20:28:06;;Souscription en cours;Vérification d'identité;969.65
8485;16/05/2026 20:22:35;;Souscription en cours;Choix de l'offre et livraison;577.38
8486;16/05/2026 20:22:35;;Souscription en cours;Choix de l'offre et livraison;986.63
8487;16/05/2026 20:21:18;;Souscription en cours;Coordonnées personnelles;596.58
8488;16/05/2026 20:21:18;;Souscription en cours;Coordonnées personnelles;926.24
8489;16/05/2026 20:07:19;;Dossier refusé;Synchronisation référentiel personne NOVA;695.04
8490;16/05/2026 20:07:19;;Dossier refusé;Synchronisation référentiel personne NOVA;586.18
8491;16/05/2026 19:38:52;;Dossier validé;Parcours terminé;344.67
8492;16/05/2026 19:38:52;;Dossier validé;Parcours terminé;207.37
8493;16/05/2026 19:30:50;;Dossier refusé;Saisie société;313.69
8494;16/05/2026 19:30:50;;Dossier refusé;Saisie société;964.51
8495;16/05/2026 19:23:15;;Dossier validé;Parcours terminé;570.64
8496;16/05/2026 19:23:15;;Dossier validé;Parcours terminé;940.26
8497;16/05/2026 19:15:04;;Souscription en cours;Coordonnées personnelles;842.26
8498;16/05/2026 19:15:04;;Souscription en cours;Coordonnées personnelles;171.67
8499;16/05/2026 19:02:00;;Souscription en cours;Choix de l'offre et livraison;945.85
8500;16/05/2026 19:02:00;;Souscription en cours;Choix de l'offre et livraison;674.10
8501;16/05/2026 18:21:24;;Souscription en cours;Coordonnées personnelles;269.87
8502;16/05/2026 18:21:24;;Souscription en cours;Coordonnées personnelles;970.64
8503;16/05/2026 18:07:04;;Souscription non démarrée;Parcours non démarré;651.21
8504;16/05/2026 18:07:04;;Souscription non démarrée;Parcours non démarré;467.08
8505;16/05/2026 17:53:15;;Souscription en cours;Choix de l'offre et livraison;583.38
8506;16/05/2026 17:53:15;;Souscription en cours;Choix de l'offre et livraison;699.31
8507;16/05/2026 17:51:36;Inès MICHEL;Dossier refusé;Saisie société;252.85
8508;16/05/2026 17:51:36;Inès MICHEL;Dossier refusé;Saisie société;832.09
8509;16/05/2026 17:46:04;;Dossier validé;Parcours terminé;605.65
8510;16/05/2026 17:46:04;;Dossier validé;Parcours terminé;316.33
8511;16/05/2026 17:42:15;Z5681453;Dossier refusé;Signature Contrat;993.39
8512;16/05/2026 17:42:15;Z5681453;Dossier refusé;Signature Contrat;987.96
8513;16/05/2026 17:32:45;;Dossier validé;Parcours terminé;950.07
8514;16/05/2026 17:32:45;;Dossier validé;Parcours terminé;889.03
8515;16/05/2026 17:14:52;;Souscription en cours;Coordonnées personnelles;599.46
8516;16/05/2026 17:14:52;;Souscription en cours;Coordonnées personnelles;855.20
8517;16/05/2026 17:09:12;;Souscription en cours;Vérification d'identité;954.21
8518;16/05/2026 17:09:12;;Souscription en cours;Vérification d'identité;434.99
8519;16/05/2026 17:01:55;;Souscription en cours;Vérification d'identité;638.17
8520;16/05/2026 17:01:55;;Souscription en cours;Vérification d'identité;617.57
8521;16/05/2026 16:40:08;;Dossier validé;Parcours terminé;157.51
8522;16/05/2026 16:40:08;;Dossier validé;Parcours terminé;180.86
8523;16/05/2026 16:31:46;;Souscription en cours;Choix de l'offre et livraison;863.50
8524;16/05/2026 16:31:46;;Souscription en cours;Choix de l'offre et livraison;349.04
8525;16/05/2026 16:25:22;;Souscription en cours;Coordonnées personnelles;886.67
8526;16/05/2026 16:25:22;;Souscription en cours;Coordonnées personnelles;439.75
8527;16/05/2026 16:24:52;;Dossier validé;Parcours terminé;156.81
8528;16/05/2026 16:24:52;;Dossier validé;Parcours terminé;160.44
8529;16/05/2026 16:14:58;Z5681453;Dossier refusé;Signature Contrat;287.11
8530;16/05/2026 16:14:58;Z5681453;Dossier refusé;Signature Contrat;971.22
8531;16/05/2026 16:06:15;;Dossier validé;Parcours terminé;945.87
8532;16/05/2026 16:06:15;;Dossier validé;Parcours terminé;326.77
8533;16/05/2026 15:56:06;;Dossier validé;Parcours terminé;264.84
8534;16/05/2026 15:56:06;;Dossier validé;Parcours terminé;125.91
8535;16/05/2026 15:51:39;;Souscription en cours;Coordonnées personnelles;576.56
8536;16/05/2026 15:51:39;;Souscription en cours;Coordonnées personnelles;470.58
8537;16/05/2026 15:40:02;;Dossier refusé;Saisie société;373.34
8538;16/05/2026 15:40:02;;Dossier refusé;Saisie société;940.26
8539;16/05/2026 15:38:14;;Dossier validé;Parcours terminé;102.67
8540;16/05/2026 15:38:14;;Dossier validé;Parcours terminé;237.85
8541;16/05/2026 15:35:51;;Souscription en cours;Signature Contrat;284.16
8542;16/05/2026 15:35:51;;Souscription en cours;Signature Contrat;776.45
8543;16/05/2026 15:28:46;;Dossier validé;Parcours terminé;948.41
8544;16/05/2026 15:28:46;;Dossier validé;Parcours terminé;850.98
8545;16/05/2026 15:25:52;;Dossier validé;Parcours terminé;455.62
8546;16/05/2026 15:25:52;;Dossier validé;Parcours terminé;238.44
8547;16/05/2026 15:16:02;;Dossier validé;Parcours terminé;903.49
8548;16/05/2026 15:16:02;;Dossier validé;Parcours terminé;382.81
8549;16/05/2026 15:11:02;Manon LEFEBVRE;Dossier validé;Parcours terminé;182.66
8550;16/05/2026 15:11:02;Manon LEFEBVRE;Dossier validé;Parcours terminé;933.37
8551;16/05/2026 15:06:43;Manon LEFEBVRE;Dossier validé;Parcours terminé;248.85
8552;16/05/2026 15:06:43;Manon LEFEBVRE;Dossier validé;Parcours terminé;502.70
8553;16/05/2026 15:04:03;;Souscription en cours;Choix de l'offre et livraison;613.98
8554;16/05/2026 15:04:03;;Souscription en cours;Choix de l'offre et livraison;177.01
8555;16/05/2026 14:51:05;;Dossier validé;Parcours terminé;739.25
8556;16/05/2026 14:51:05;;Dossier validé;Parcours terminé;127.49
8557;16/05/2026 14:42:12;;Dossier validé;Parcours terminé;380.15
8558;16/05/2026 14:42:12;;Dossier validé;Parcours terminé;235.35
8559;16/05/2026 14:35:31;;Dossier refusé;Choix de l'offre et livraison;978.18
8560;16/05/2026 14:35:31;;Dossier refusé;Choix de l'offre et livraison;459.65
8561;16/05/2026 14:34:54;;Dossier validé;Parcours terminé;609.95
8562;16/05/2026 14:34:54;;Dossier validé;Parcours terminé;457.14
8563;16/05/2026 14:29:09;;Dossier refusé;Choix de l'offre et livraison;621.57
8564;16/05/2026 14:29:09;;Dossier refusé;Choix de l'offre et livraison;256.93
8565;16/05/2026 14:24:27;;Souscription non démarrée;Parcours non démarré;595.07
8566;16/05/2026 14:24:27;;Souscription non démarrée;Parcours non démarré;221.65
8567;16/05/2026 14:21:36;Louis MARTIN;Dossier validé;Parcours terminé;835.08
8568;16/05/2026 14:21:36;Louis MARTIN;Dossier validé;Parcours terminé;671.69
8569;16/05/2026 14:12:38;;Dossier refusé;Saisie société;128.54
8570;16/05/2026 14:12:38;;Dossier refusé;Saisie société;353.32
8571;16/05/2026 13:25:36;;Souscription en cours;Coordonnées personnelles;824.28
8572;16/05/2026 13:25:36;;Souscription en cours;Coordonnées personnelles;591.15
8573;16/05/2026 12:59:22;;Souscription en cours;Coordonnées personnelles;288.43
8574;16/05/2026 12:59:22;;Souscription en cours;Coordonnées personnelles;735.30
8575;16/05/2026 12:43:00;;Dossier validé;Parcours terminé;988.10
8576;16/05/2026 12:43:00;;Dossier validé;Parcours terminé;663.63
8577;16/05/2026 12:22:49;;Dossier validé;Parcours terminé;137.45
8578;16/05/2026 12:22:49;;Dossier validé;Parcours terminé;575.55
8579;16/05/2026 12:14:58;;Souscription en cours;Coordonnées personnelles;621.53
8580;16/05/2026 12:14:58;;Souscription en cours;Coordonnées personnelles;926.19
8581;16/05/2026 12:14:03;;Souscription non démarrée;Parcours non démarré;801.68
8582;16/05/2026 12:14:03;;Souscription non démarrée;Parcours non démarré;351.52
8583;16/05/2026 12:10:23;;Souscription en cours;Coordonnées personnelles;993.20
8584;16/05/2026 12:10:23;;Souscription en cours;Coordonnées personnelles;394.11
8585;16/05/2026 12:08:05;;Dossier validé;Parcours terminé;180.55
8586;16/05/2026 12:08:05;;Dossier validé;Parcours terminé;778.49
8587;16/05/2026 12:06:17;;Dossier refusé;Saisie société;547.22
8588;16/05/2026 12:06:17;;Dossier refusé;Saisie société;432.69
8589;16/05/2026 12:06:11;;Dossier validé;Parcours terminé;213.97
8590;16/05/2026 12:06:11;;Dossier validé;Parcours terminé;284.18
8591;16/05/2026 11:53:57;Inès MICHEL;Dossier validé;Parcours terminé;862.98
8592;16/05/2026 11:53:57;Inès MICHEL;Dossier validé;Parcours terminé;296.03
8593;16/05/2026 11:38:58;;Dossier validé;Parcours terminé;620.31
8594;16/05/2026 11:38:58;;Dossier validé;Parcours terminé;339.29
8595;16/05/2026 11:34:52;;Dossier validé;Parcours terminé;222.73
8596;16/05/2026 11:34:52;;Dossier validé;Parcours terminé;762.75
8597;16/05/2026 11:33:23;;Dossier refusé;Saisie société;600.67
8598;16/05/2026 11:33:23;;Dossier refusé;Saisie société;505.31
8599;16/05/2026 11:31:00;Rayan MICHEL;Dossier refusé;Saisie société;428.90
8600;16/05/2026 11:31:00;Rayan MICHEL;Dossier refusé;Saisie société;510.07
8601;16/05/2026 11:21:03;Adam LAURENT;Dossier validé;Parcours terminé;618.25
8602;16/05/2026 11:21:03;Adam LAURENT;Dossier validé;Parcours terminé;820.58
8603;16/05/2026 11:11:38;;Souscription non démarrée;Parcours non démarré;560.00
8604;16/05/2026 11:11:38;;Souscription non démarrée;Parcours non démarré;292.20
8605;16/05/2026 11:05:19;;Souscription en cours;Signature Contrat;356.58
8606;16/05/2026 11:05:19;;Souscription en cours;Signature Contrat;651.42
8607;16/05/2026 11:04:53;;Souscription en cours;Informations complémentaires (Etablissements, etc.);820.20
8608;16/05/2026 11:04:53;;Souscription en cours;Informations complémentaires (Etablissements, etc.);167.36
8609;16/05/2026 11:04:13;;Dossier validé;Parcours terminé;840.57
8610;16/05/2026 11:04:13;;Dossier validé;Parcours terminé;935.58
8611;16/05/2026 10:50:13;;Dossier validé;Parcours terminé;109.90
8612;16/05/2026 10:50:13;;Dossier validé;Parcours terminé;907.00
8613;16/05/2026 10:34:09;;Souscription non démarrée;Parcours non démarré;268.44
8614;16/05/2026 10:34:09;;Souscription non démarrée;Parcours non démarré;633.49
8615;16/05/2026 10:26:14;;Dossier refusé;Saisie société;512.50
8616;16/05/2026 10:26:14;;Dossier refusé;Saisie société;859.26
8617;16/05/2026 10:14:55;;Souscription en cours;Choix de l'offre et livraison;893.25
8618;16/05/2026 10:14:55;;Souscription en cours;Choix de l'offre et livraison;586.02
8619;16/05/2026 10:09:19;;Dossier validé;Parcours terminé;849.60
8620;16/05/2026 10:09:19;;Dossier validé;Parcours terminé;798.05
8621;16/05/2026 10:03:29;Manon LEFEBVRE;Dossier validé;Parcours terminé;401.04
8622;16/05/2026 10:03:29;Manon LEFEBVRE;Dossier validé;Parcours terminé;575.84
8623;16/05/2026 10:00:45;;Souscription en cours;Coordonnées personnelles;593.74
8624;16/05/2026 10:00:45;;Souscription en cours;Coordonnées personnelles;219.23
8625;16/05/2026 09:33:30;;Souscription en cours;Signature Contrat;935.60
8626;16/05/2026 09:33:30;;Souscription en cours;Signature Contrat;947.77
8627;16/05/2026 09:32:07;;Souscription en cours;Coordonnées personnelles;316.14
8628;16/05/2026 09:32:07;;Souscription en cours;Coordonnées personnelles;975.94
8629;16/05/2026 09:08:43;;Dossier validé;Parcours terminé;857.86
8630;16/05/2026 09:08:43;;Dossier validé;Parcours terminé;688.10
8631;16/05/2026 08:59:13;;Dossier validé;Parcours terminé;812.38
8632;16/05/2026 08:59:13;;Dossier validé;Parcours terminé;265.01
8633;16/05/2026 08:43:49;;Souscription en cours;Coordonnées personnelles;707.74
8634;16/05/2026 08:43:49;;Souscription en cours;Coordonnées personnelles;589.83
8635;16/05/2026 08:07:09;;Dossier validé;Parcours terminé;515.51
8636;16/05/2026 08:07:09;;Dossier validé;Parcours terminé;494.38
8637;16/05/2026 07:31:25;;Souscription en cours;Coordonnées personnelles;926.16
8638;16/05/2026 07:31:25;;Souscription en cours;Coordonnées personnelles;567.14
8639;16/05/2026 07:08:24;;Souscription en cours;Synchronisation référentiel personne NOVA;870.24
8640;16/05/2026 07:08:24;;Souscription en cours;Synchronisation référentiel personne NOVA;987.35
8641;16/05/2026 04:32:10;;Souscription non démarrée;Parcours non démarré;170.98
8642;16/05/2026 04:32:10;;Souscription non démarrée;Parcours non démarré;821.97
8643;16/05/2026 03:06:48;;Souscription en cours;Coordonnées personnelles;796.46
8644;16/05/2026 03:06:48;;Souscription en cours;Coordonnées personnelles;866.00
8645;16/05/2026 02:51:57;;Dossier validé;Parcours terminé;310.77
8646;16/05/2026 02:51:57;;Dossier validé;Parcours terminé;710.67
8647;16/05/2026 02:40:14;;Souscription en cours;Coordonnées personnelles;983.81
8648;16/05/2026 02:40:14;;Souscription en cours;Coordonnées personnelles;270.29
8649;16/05/2026 01:23:43;;Dossier validé;Parcours terminé;630.09
8650;16/05/2026 01:23:43;;Dossier validé;Parcours terminé;735.51
8651;16/05/2026 01:19:19;;Souscription en cours;Choix de l'offre et livraison;380.27
8652;16/05/2026 01:19:19;;Souscription en cours;Choix de l'offre et livraison;712.96
8653;16/05/2026 00:24:37;;Dossier refusé;Bénéficiaire effectifs;763.35
8654;16/05/2026 00:24:37;;Dossier refusé;Bénéficiaire effectifs;523.03
8655;15/05/2026 23:58:24;;Dossier refusé;Saisie société;977.79
8656;15/05/2026 23:58:24;;Dossier refusé;Saisie société;655.97
8657;15/05/2026 23:43:30;;Dossier validé;Parcours terminé;921.43
8658;15/05/2026 23:43:30;;Dossier validé;Parcours terminé;393.66
8659;15/05/2026 23:30:48;;Dossier validé;Parcours terminé;526.26
8660;15/05/2026 23:30:48;;Dossier validé;Parcours terminé;204.67
8661;15/05/2026 23:10:13;;Dossier validé;Parcours terminé;933.77
8662;15/05/2026 23:10:13;;Dossier validé;Parcours terminé;289.99
8663;15/05/2026 23:02:03;;Dossier validé;Parcours terminé;179.99
8664;15/05/2026 23:02:03;;Dossier validé;Parcours terminé;551.70
8665;15/05/2026 22:59:31;;Souscription non démarrée;Parcours non démarré;858.83
8666;15/05/2026 22:59:31;;Souscription non démarrée;Parcours non démarré;353.56
8667;15/05/2026 22:55:35;;Souscription non démarrée;Parcours non démarré;380.87
8668;15/05/2026 22:55:35;;Souscription non démarrée;Parcours non démarré;226.57
8669;15/05/2026 22:39:47;;Dossier refusé;Signature Contrat;804.06
8670;15/05/2026 22:39:47;;Dossier refusé;Signature Contrat;421.03
8671;15/05/2026 22:34:03;;Souscription en cours;Signature Contrat;240.48
8672;15/05/2026 22:34:03;;Souscription en cours;Signature Contrat;647.83
8673;15/05/2026 22:33:35;;Souscription en cours;Coordonnées personnelles;940.59
8674;15/05/2026 22:33:35;;Souscription en cours;Coordonnées personnelles;570.23
8675;15/05/2026 22:24:51;;Dossier validé;Parcours terminé;870.36
8676;15/05/2026 22:24:51;;Dossier validé;Parcours terminé;867.05
8677;15/05/2026 22:18:09;;Dossier validé;Parcours terminé;817.05
8678;15/05/2026 22:18:09;;Dossier validé;Parcours terminé;812.87
8679;15/05/2026 21:34:17;;Dossier refusé;Signature Contrat;272.49
8680;15/05/2026 21:34:17;;Dossier refusé;Signature Contrat;800.88
8681;15/05/2026 21:22:40;;Souscription en cours;Coordonnées personnelles;698.52
8682;15/05/2026 21:22:40;;Souscription en cours;Coordonnées personnelles;826.58
8683;15/05/2026 21:13:46;;Dossier refusé;Signature Contrat;550.32
8684;15/05/2026 21:13:46;;Dossier refusé;Signature Contrat;139.16
8685;15/05/2026 21:12:43;;Dossier validé;Parcours terminé;882.48
8686;15/05/2026 21:12:43;;Dossier validé;Parcours terminé;582.23
8687;15/05/2026 20:40:48;;Dossier validé;Parcours terminé;545.78
8688;15/05/2026 20:40:48;;Dossier validé;Parcours terminé;184.03
8689;15/05/2026 20:26:53;;Dossier validé;Parcours terminé;133.45
8690;15/05/2026 20:26:53;;Dossier validé;Parcours terminé;609.47
8691;15/05/2026 20:25:03;;Souscription en cours;Signature Contrat;814.84
8692;15/05/2026 20:25:03;;Souscription en cours;Signature Contrat;975.25
8693;15/05/2026 20:20:30;;Dossier validé;Parcours terminé;837.57
8694;15/05/2026 20:20:30;;Dossier validé;Parcours terminé;175.30
8695;15/05/2026 20:00:45;;Souscription en cours;Informations complémentaires (Etablissements, etc.);121.08
8696;15/05/2026 20:00:45;;Souscription en cours;Informations complémentaires (Etablissements, etc.);495.51
8697;15/05/2026 20:00:18;;Souscription en cours;Coordonnées personnelles;787.49
8698;15/05/2026 20:00:18;;Souscription en cours;Coordonnées personnelles;218.79
8699;15/05/2026 19:54:40;;Dossier validé;Parcours terminé;686.48
8700;15/05/2026 19:54:40;;Dossier validé;Parcours terminé;610.01
8701;15/05/2026 19:24:52;Manon LEFEBVRE;Dossier validé;Parcours terminé;944.92
8702;15/05/2026 19:24:52;Manon LEFEBVRE;Dossier validé;Parcours terminé;914.55
8703;15/05/2026 19:12:56;;Souscription non démarrée;Parcours non démarré;576.78
8704;15/05/2026 19:12:56;;Souscription non démarrée;Parcours non démarré;800.78
8705;15/05/2026 19:02:02;;Souscription non démarrée;Parcours non démarré;143.93
8706;15/05/2026 19:02:02;;Souscription non démarrée;Parcours non démarré;819.21
8707;15/05/2026 18:57:30;;Souscription en cours;Criblages BE(s);222.39
8708;15/05/2026 18:57:30;;Souscription en cours;Criblages BE(s);102.69
8709;15/05/2026 18:46:11;;Souscription en cours;Vérification d'identité;832.34
8710;15/05/2026 18:46:11;;Souscription en cours;Vérification d'identité;243.52
8711;15/05/2026 18:43:17;;Dossier refusé;Saisie société;242.11
8712;15/05/2026 18:43:17;;Dossier refusé;Saisie société;909.46
8713;15/05/2026 18:42:39;;Souscription en cours;Choix de l'offre et livraison;907.12
8714;15/05/2026 18:42:39;;Souscription en cours;Choix de l'offre et livraison;602.15
8715;15/05/2026 18:41:58;;Souscription en cours;Informations complémentaires (Etablissements, etc.);103.60
8716;15/05/2026 18:41:58;;Souscription en cours;Informations complémentaires (Etablissements, etc.);578.03
8717;15/05/2026 18:38:01;;Souscription en cours;Choix de l'offre et livraison;821.86
8718;15/05/2026 18:38:01;;Souscription en cours;Choix de l'offre et livraison;854.18
8719;15/05/2026 18:36:37;;Souscription en cours;Informations complémentaires (CA, Profession, etc.);987.35
8720;15/05/2026 18:36:37;;Souscription en cours;Informations complémentaires (CA, Profession, etc.);993.42
8721;15/05/2026 18:22:31;;Souscription non démarrée;Parcours non démarré;872.61
8722;15/05/2026 18:22:31;;Souscription non démarrée;Parcours non démarré;891.59
8723;15/05/2026 18:10:28;;Dossier refusé;Saisie société;920.97
8724;15/05/2026 18:10:28;;Dossier refusé;Saisie société;183.33
8725;15/05/2026 18:07:22;;Souscription en cours;Informations complémentaires (CA, Profession, etc.);355.34
8726;15/05/2026 18:07:22;;Souscription en cours;Informations complémentaires (CA, Profession, etc.);321.34
8727;15/05/2026 18:02:09;;Souscription en cours;Coordonnées personnelles;680.48
8728;15/05/2026 18:02:09;;Souscription en cours;Coordonnées personnelles;581.25
8729;15/05/2026 17:58:53;Hugo MARTIN;Dossier validé;Parcours terminé;663.79
8730;15/05/2026 17:58:53;Hugo MARTIN;Dossier validé;Parcours terminé;442.69
8731;15/05/2026 17:53:54;;Dossier validé;Parcours terminé;571.01
8732;15/05/2026 17:53:54;;Dossier validé;Parcours terminé;935.56
8733;15/05/2026 17:48:05;;Souscription en cours;Coordonnées personnelles;154.37
8734;15/05/2026 17:48:05;;Souscription en cours;Coordonnées personnelles;416.95
8735;15/05/2026 17:41:58;;Dossier validé;Parcours terminé;915.51
8736;15/05/2026 17:41:58;;Dossier validé;Parcours terminé;161.99
8737;15/05/2026 17:38:52;Zoé MULLER;Dossier validé;Parcours terminé;814.93
8738;15/05/2026 17:38:52;Zoé MULLER;Dossier validé;Parcours terminé;355.88
8739;15/05/2026 17:38:51;;Dossier validé;Parcours terminé;689.08
8740;15/05/2026 17:38:51;;Dossier validé;Parcours terminé;190.97
8741;15/05/2026 17:35:09;;Dossier validé;Parcours terminé;831.79
8742;15/05/2026 17:35:09;;Dossier validé;Parcours terminé;914.48
8743;15/05/2026 17:29:26;;Souscription en cours;Coordonnées personnelles;645.81
8744;15/05/2026 17:29:26;;Souscription en cours;Coordonnées personnelles;730.55
8745;15/05/2026 17:20:19;;Dossier refusé;Saisie société;167.05
8746;15/05/2026 17:20:19;;Dossier refusé;Saisie société;359.89
8747;15/05/2026 17:15:41;;Dossier validé;Parcours terminé;332.31
8748;15/05/2026 17:15:41;;Dossier validé;Parcours terminé;694.07
8749;15/05/2026 17:12:54;;Souscription en cours;Coordonnées personnelles;593.58
8750;15/05/2026 17:12:54;;Souscription en cours;Coordonnées personnelles;836.42
8751;15/05/2026 17:07:29;;Dossier validé;Parcours terminé;709.42
8752;15/05/2026 17:07:29;;Dossier validé;Parcours terminé;927.27
8753;15/05/2026 16:56:07;;Dossier refusé;Choix de l'offre et livraison;436.54
8754;15/05/2026 16:56:07;;Dossier refusé;Choix de l'offre et livraison;137.61
8755;15/05/2026 16:50:51;;Dossier refusé;Parcours terminé;400.22
8756;15/05/2026 16:50:51;;Dossier refusé;Parcours terminé;760.82
8757;15/05/2026 16:41:42;;Dossier validé;Parcours terminé;905.84
8758;15/05/2026 16:41:42;;Dossier validé;Parcours terminé;833.25
8759;15/05/2026 16:34:17;;Souscription non démarrée;Parcours non démarré;267.75
8760;15/05/2026 16:34:17;;Souscription non démarrée;Parcours non démarré;732.01
8761;15/05/2026 16:32:34;Z5750800;Dossier validé;Parcours terminé;457.74
8762;15/05/2026 16:32:34;Z5750800;Dossier validé;Parcours terminé;448.74
8763;15/05/2026 16:21:40;;Dossier validé;Parcours terminé;733.96
8764;15/05/2026 16:21:40;;Dossier validé;Parcours terminé;211.28
8765;15/05/2026 16:21:20;;Dossier refusé;Saisie société;470.11
8766;15/05/2026 16:21:20;;Dossier refusé;Saisie société;894.62
8767;15/05/2026 16:19:08;Rayan MICHEL;Dossier validé;Parcours terminé;739.00
8768;15/05/2026 16:19:08;Rayan MICHEL;Dossier validé;Parcours terminé;760.03
8769;15/05/2026 16:15:25;;Souscription en cours;Choix de l'offre et livraison;427.08
8770;15/05/2026 16:15:25;;Souscription en cours;Choix de l'offre et livraison;801.51
8771;15/05/2026 16:10:20;;Dossier validé;Parcours terminé;871.35
8772;15/05/2026 16:10:20;;Dossier validé;Parcours terminé;945.21
8773;15/05/2026 16:01:38;;Dossier validé;Parcours terminé;792.95
8774;15/05/2026 16:01:38;;Dossier validé;Parcours terminé;419.88
8775;15/05/2026 15:55:26;;Dossier validé;Parcours terminé;253.50
8776;15/05/2026 15:55:26;;Dossier validé;Parcours terminé;286.24
8777;15/05/2026 15:48:43;;Dossier validé;Parcours terminé;169.55
8778;15/05/2026 15:48:43;;Dossier validé;Parcours terminé;153.53
8779;15/05/2026 15:42:36;;Dossier validé;Parcours terminé;616.94
8780;15/05/2026 15:42:36;;Dossier validé;Parcours terminé;814.10
8781;15/05/2026 15:37:47;;Souscription en cours;Vérification d'identité;132.19
8782;15/05/2026 15:37:47;;Souscription en cours;Vérification d'identité;734.13
8783;15/05/2026 15:35:13;;Dossier refusé;Saisie société;594.70
8784;15/05/2026 15:35:13;;Dossier refusé;Saisie société;286.37
8785;15/05/2026 15:33:29;;Souscription en cours;Signature Contrat;163.49
8786;15/05/2026 15:33:29;;Souscription en cours;Signature Contrat;105.37
8787;15/05/2026 15:29:59;;Souscription en cours;Choix de l'offre et livraison;624.07
8788;15/05/2026 15:29:59;;Souscription en cours;Choix de l'offre et livraison;520.38
8789;15/05/2026 15:24:38;;Dossier validé;Parcours terminé;198.03
8790;15/05/2026 15:24:38;;Dossier validé;Parcours terminé;846.19
8791;15/05/2026 15:23:39;;Dossier validé;Parcours terminé;679.49
8792;15/05/2026 15:23:39;;Dossier validé;Parcours terminé;717.15
8793;15/05/2026 15:13:08;Zoé MULLER;Dossier validé;Parcours terminé;302.09
8794;15/05/2026 15:13:08;Zoé MULLER;Dossier validé;Parcours terminé;913.26
8795;15/05/2026 15:12:03;;Souscription non démarrée;Parcours non démarré;398.15
8796;15/05/2026 15:12:03;;Souscription non démarrée;Parcours non démarré;318.22
8797;15/05/2026 15:11:20;;Souscription en cours;Coordonnées personnelles;530.38
8798;15/05/2026 15:11:20;;Souscription en cours;Coordonnées personnelles;873.67
8799;15/05/2026 15:10:38;;Souscription en cours;Informations complémentaires (CA, Profession, etc.);296.87
8800;15/05/2026 15:10:38;;Souscription en cours;Informations complémentaires (CA, Profession, etc.);816.74
8801;15/05/2026 15:06:32;;Dossier validé;Parcours terminé;262.33
8802;15/05/2026 15:06:32;;Dossier validé;Parcours terminé;522.54
8803;15/05/2026 15:04:22;;Souscription en cours;Coordonnées personnelles;147.14
8804;15/05/2026 15:04:22;;Souscription en cours;Coordonnées personnelles;455.35
8805;15/05/2026 15:04:00;;Dossier validé;Parcours terminé;212.90
8806;15/05/2026 15:04:00;;Dossier validé;Parcours terminé;138.16
8807;15/05/2026 15:02:56;;Souscription en cours;Choix de l'offre et livraison;232.44
8808;15/05/2026 15:02:56;;Souscription en cours;Choix de l'offre et livraison;630.13
8809;15/05/2026 15:02:05;;Dossier validé;Parcours terminé;245.02
8810;15/05/2026 15:02:05;;Dossier validé;Parcours terminé;180.21
8811;15/05/2026 15:00:11;;Dossier validé;Parcours terminé;902.22
8812;15/05/2026 15:00:11;;Dossier validé;Parcours terminé;662.15
8813;15/05/2026 14:59:38;;Souscription non démarrée;Parcours non démarré;989.87
8814;15/05/2026 14:59:38;;Souscription non démarrée;Parcours non démarré;312.50
8815;15/05/2026 14:46:52;;Souscription en cours;Choix de l'offre et livraison;148.01
8816;15/05/2026 14:46:52;;Souscription en cours;Choix de l'offre et livraison;848.21
8817;15/05/2026 14:43:11;;Dossier validé;Parcours terminé;925.45
8818;15/05/2026 14:43:11;;Dossier validé;Parcours terminé;859.22
8819;15/05/2026 14:42:37;;Souscription non démarrée;Parcours non démarré;217.51
8820;15/05/2026 14:42:37;;Souscription non démarrée;Parcours non démarré;592.98
8821;15/05/2026 14:39:53;;Souscription en cours;Synchronisation référentiel personne NOVA;233.99
8822;15/05/2026 14:39:53;;Souscription en cours;Synchronisation référentiel personne NOVA;633.93
8823;15/05/2026 14:39:11;;Dossier validé;Parcours terminé;201.22
8824;15/05/2026 14:39:11;;Dossier validé;Parcours terminé;400.42
8825;15/05/2026 14:32:46;;Souscription non démarrée;Parcours non démarré;168.79
8826;15/05/2026 14:32:46;;Souscription non démarrée;Parcours non démarré;694.78
8827;15/05/2026 14:32:23;;Dossier refusé;Saisie société;878.86
8828;15/05/2026 14:32:23;;Dossier refusé;Saisie société;755.77
8829;15/05/2026 14:30:51;;Souscription en cours;Choix de l'offre et livraison;404.68
8830;15/05/2026 14:30:51;;Souscription en cours;Choix de l'offre et livraison;295.06
8831;15/05/2026 14:27:52;;Dossier refusé;Saisie société;633.36
8832;15/05/2026 14:27:52;;Dossier refusé;Saisie société;396.21
8833;15/05/2026 14:26:55;;Dossier refusé;Saisie société;551.67
8834;15/05/2026 14:26:55;;Dossier refusé;Saisie société;290.31
8835;15/05/2026 14:26:10;;Souscription en cours;Signature Contrat;944.76
8836;15/05/2026 14:26:10;;Souscription en cours;Signature Contrat;598.03
8837;15/05/2026 14:18:00;;Dossier validé;Parcours terminé;503.25
8838;15/05/2026 14:18:00;;Dossier validé;Parcours terminé;300.78
8839;15/05/2026 14:17:21;;Dossier refusé;Saisie société;719.14
8840;15/05/2026 14:17:21;;Dossier refusé;Saisie société;881.63
8841;15/05/2026 14:16:24;;Dossier validé;Parcours terminé;861.22
8842;15/05/2026 14:16:24;;Dossier validé;Parcours terminé;672.60
8843;15/05/2026 14:02:08;;Souscription en cours;Informations complémentaires (CA, Profession, etc.);742.03
8844;15/05/2026 14:02:08;;Souscription en cours;Informations complémentaires (CA, Profession, etc.);571.11
8845;15/05/2026 13:52:35;;Dossier validé;Parcours terminé;251.49
8846;15/05/2026 13:52:35;;Dossier validé;Parcours terminé;327.74
8847;15/05/2026 13:47:38;;Souscription en cours;Choix de l'offre et livraison;819.92
8848;15/05/2026 13:47:38;;Souscription en cours;Choix de l'offre et livraison;928.33
8849;15/05/2026 13:41:37;;Dossier validé;Parcours terminé;623.52
8850;15/05/2026 13:41:37;;Dossier validé;Parcours terminé;459.70
8851;15/05/2026 13:25:49;;Dossier validé;Parcours terminé;845.96
8852;15/05/2026 13:25:49;;Dossier validé;Parcours terminé;183.40
8853;15/05/2026 13:22:58;;Dossier refusé;Parcours non démarré;688.14
8854;15/05/2026 13:22:58;;Dossier refusé;Parcours non démarré;262.41
8855;15/05/2026 13:09:24;;Dossier refusé;Saisie société;159.79
8856;15/05/2026 13:09:24;;Dossier refusé;Saisie société;822.50
8857;15/05/2026 12:59:26;;Souscription non démarrée;Parcours non démarré;257.75
8858;15/05/2026 12:59:26;;Souscription non démarrée;Parcours non démarré;162.04
8859;15/05/2026 12:54:18;;Dossier validé;Parcours terminé;958.17
8860;15/05/2026 12:54:18;;Dossier validé;Parcours terminé;928.63
8861;15/05/2026 12:52:26;Hugo MARTIN;Dossier validé;Parcours terminé;221.03
8862;15/05/2026 12:52:26;Hugo MARTIN;Dossier validé;Parcours terminé;617.06
8863;15/05/2026 12:41:17;;Souscription en cours;Vérification d'identité;533.11
8864;15/05/2026 12:41:17;;Souscription en cours;Vérification d'identité;511.70
8865;15/05/2026 12:37:08;;Souscription non démarrée;Parcours non démarré;264.98
8866;15/05/2026 12:37:08;;Souscription non démarrée;Parcours non démarré;185.91
8867;15/05/2026 12:35:40;;Souscription en cours;Coordonnées personnelles;370.17
8868;15/05/2026 12:35:40;;Souscription en cours;Coordonnées personnelles;256.04
8869;15/05/2026 12:35:02;;Dossier validé;Parcours terminé;582.96
8870;15/05/2026 12:35:02;;Dossier validé;Parcours terminé;204.22
8871;15/05/2026 12:29:33;;Dossier validé;Parcours terminé;193.53
8872;15/05/2026 12:29:33;;Dossier validé;Parcours terminé;967.06
8873;15/05/2026 12:27:41;;Dossier validé;Parcours terminé;415.28
8874;15/05/2026 12:27:41;;Dossier validé;Parcours terminé;321.34
8875;15/05/2026 12:22:40;;Souscription en cours;Coordonnées personnelles;125.11
8876;15/05/2026 12:22:40;;Souscription en cours;Coordonnées personnelles;616.60
8877;15/05/2026 12:22:27;;Dossier refusé;Parcours non démarré;306.95
8878;15/05/2026 12:22:27;;Dossier refusé;Parcours non démarré;348.78
8879;15/05/2026 12:21:43;;Souscription en cours;Bénéficiaire effectifs;838.92
8880;15/05/2026 12:21:43;;Souscription en cours;Bénéficiaire effectifs;279.58
8881;15/05/2026 12:14:48;;Souscription en cours;Vérification d'identité;940.43
8882;15/05/2026 12:14:48;;Souscription en cours;Vérification d'identité;847.32
8883;15/05/2026 12:10:40;;Souscription en cours;Choix de l'offre et livraison;543.70
8884;15/05/2026 12:10:40;;Souscription en cours;Choix de l'offre et livraison;425.13
8885;15/05/2026 11:56:31;;Souscription en cours;Signature Contrat;734.75
8886;15/05/2026 11:56:31;;Souscription en cours;Signature Contrat;176.57
8887;15/05/2026 11:55:27;;Dossier refusé;Signature Contrat;940.50
8888;15/05/2026 11:55:27;;Dossier refusé;Signature Contrat;339.81
8889;15/05/2026 11:46:38;;Souscription en cours;Choix de l'offre et livraison;560.36
8890;15/05/2026 11:46:38;;Souscription en cours;Choix de l'offre et livraison;171.95
8891;15/05/2026 11:43:49;;Dossier validé;Parcours terminé;919.94
8892;15/05/2026 11:43:49;;Dossier validé;Parcours terminé;536.18
8893;15/05/2026 11:39:48;;Dossier validé;Parcours terminé;801.64
8894;15/05/2026 11:39:48;;Dossier validé;Parcours terminé;603.88
8895;15/05/2026 11:32:05;Hugo MARTIN;Dossier validé;Parcours terminé;831.57
8896;15/05/2026 11:32:05;Hugo MARTIN;Dossier validé;Parcours terminé;870.92
8897;15/05/2026 11:31:53;;Souscription non démarrée;Parcours non démarré;307.25
8898;15/05/2026 11:31:53;;Souscription non démarrée;Parcours non démarré;214.73
8899;15/05/2026 11:24:54;;Souscription en cours;Vérification d'identité;492.56
8900;15/05/2026 11:24:54;;Souscription en cours;Vérification d'identité;849.17
8901;15/05/2026 11:24:45;;Dossier validé;Parcours terminé;644.62
8902;15/05/2026 11:24:45;;Dossier validé;Parcours terminé;202.66
8903;15/05/2026 11:21:13;;Souscription en cours;Coordonnées personnelles;376.08
8904;15/05/2026 11:21:13;;Souscription en cours;Coordonnées personnelles;421.62
8905;15/05/2026 11:19:32;;Souscription non démarrée;Parcours non démarré;788.97
8906;15/05/2026 11:19:32;;Souscription non démarrée;Parcours non démarré;399.79
8907;15/05/2026 11:16:21;;Souscription en cours;Choix de l'offre et livraison;329.24
8908;15/05/2026 11:16:21;;Souscription en cours;Choix de l'offre et livraison;718.52
8909;15/05/2026 11:11:08;;Souscription en cours;Choix de l'offre et livraison;684.16
8910;15/05/2026 11:11:08;;Souscription en cours;Choix de l'offre et livraison;883.53
8911;15/05/2026 11:01:40;;Souscription en cours;Coordonnées personnelles;855.95
8912;15/05/2026 11:01:40;;Souscription en cours;Coordonnées personnelles;405.50
8913;15/05/2026 10:59:45;;Dossier validé;Parcours terminé;477.57
8914;15/05/2026 10:59:45;;Dossier validé;Parcours terminé;906.08
8915;15/05/2026 10:48:58;;Dossier validé;Parcours terminé;286.88
8916;15/05/2026 10:48:58;;Dossier validé;Parcours terminé;556.04
8917;15/05/2026 10:48:02;;Souscription non démarrée;Parcours non démarré;483.17
8918;15/05/2026 10:48:02;;Souscription non démarrée;Parcours non démarré;307.89
8919;15/05/2026 10:44:09;;Souscription en cours;Coordonnées personnelles;537.59
8920;15/05/2026 10:44:09;;Souscription en cours;Coordonnées personnelles;868.40
8921;15/05/2026 10:38:49;;Souscription en cours;Choix de l'offre et livraison;900.00
8922;15/05/2026 10:38:49;;Souscription en cours;Choix de l'offre et livraison;217.83
8923;15/05/2026 10:36:56;;Dossier refusé;Choix de l'offre et livraison;199.02
8924;15/05/2026 10:36:56;;Dossier refusé;Choix de l'offre et livraison;930.85
8925;15/05/2026 10:34:26;;Souscription en cours;Vérification d'identité;615.57
8926;15/05/2026 10:34:26;;Souscription en cours;Vérification d'identité;601.84
8927;15/05/2026 10:33:55;;Dossier validé;Parcours terminé;838.32
8928;15/05/2026 10:33:55;;Dossier validé;Parcours terminé;292.16
8929;15/05/2026 10:28:37;;Dossier validé;Parcours terminé;854.66
8930;15/05/2026 10:28:37;;Dossier validé;Parcours terminé;141.70
8931;15/05/2026 10:18:56;;Dossier validé;Parcours terminé;228.48
8932;15/05/2026 10:18:56;;Dossier validé;Parcours terminé;475.73
8933;15/05/2026 10:07:13;;Souscription en cours;Signature Contrat;410.78
8934;15/05/2026 10:07:13;;Souscription en cours;Signature Contrat;244.25
8935;15/05/2026 10:04:50;;Dossier refusé;Saisie société;318.81
8936;15/05/2026 10:04:50;;Dossier refusé;Saisie société;190.42
8937;15/05/2026 10:01:25;;Dossier validé;Parcours terminé;533.66
8938;15/05/2026 10:01:25;;Dossier validé;Parcours terminé;174.98
8939;15/05/2026 10:01:07;;Dossier validé;Parcours terminé;932.06
8940;15/05/2026 10:01:07;;Dossier validé;Parcours terminé;487.72
8941;15/05/2026 09:59:40;;Dossier validé;Parcours terminé;574.67
8942;15/05/2026 09:59:40;;Dossier validé;Parcours terminé;422.90
8943;15/05/2026 09:57:32;;Dossier refusé;Saisie société;482.54
8944;15/05/2026 09:57:32;;Dossier refusé;Saisie société;232.53
8945;15/05/2026 09:56:49;;Souscription en cours;Choix de l'offre et livraison;330.70
8946;15/05/2026 09:56:49;;Souscription en cours;Choix de l'offre et livraison;276.69
8947;15/05/2026 09:54:04;;Dossier refusé;Signature Contrat;758.26
8948;15/05/2026 09:54:04;;Dossier refusé;Signature Contrat;397.23
8949;15/05/2026 09:50:48;Manon LEFEBVRE;Dossier validé;Parcours terminé;767.21
8950;15/05/2026 09:50:48;Manon LEFEBVRE;Dossier validé;Parcours terminé;752.26
8951;15/05/2026 09:39:34;;Souscription en cours;Choix de l'offre et livraison;176.94
8952;15/05/2026 09:39:34;;Souscription en cours;Choix de l'offre et livraison;722.41
8953;15/05/2026 09:10:59;;Dossier refusé;Signature Contrat;389.90
8954;15/05/2026 09:10:59;;Dossier refusé;Signature Contrat;596.45
8955;15/05/2026 08:33:38;;Souscription en cours;Vérification d'identité;761.68
8956;15/05/2026 08:33:38;;Souscription en cours;Vérification d'identité;907.67
8957;15/05/2026 07:31:28;;Dossier refusé;Choix de l'offre et livraison;897.15
8958;15/05/2026 07:31:28;;Dossier refusé;Choix de l'offre et livraison;195.08
8959;15/05/2026 07:22:27;Manon LEFEBVRE;Dossier validé;Parcours terminé;779.87
8960;15/05/2026 07:22:27;Manon LEFEBVRE;Dossier validé;Parcours terminé;759.35
8961;15/05/2026 07:12:38;;Dossier validé;Parcours terminé;209.43
8962;15/05/2026 07:12:38;;Dossier validé;Parcours terminé;782.25
8963;15/05/2026 06:27:36;;Dossier validé;Parcours terminé;677.91
8964;15/05/2026 06:27:36;;Dossier validé;Parcours terminé;980.94
8965;15/05/2026 06:14:16;;Dossier validé;Parcours terminé;863.07
8966;15/05/2026 06:14:16;;Dossier validé;Parcours terminé;462.19
8967;15/05/2026 06:05:48;;Souscription en cours;Coordonnées personnelles;182.43
8968;15/05/2026 06:05:48;;Souscription en cours;Coordonnées personnelles;670.40
8969;15/05/2026 05:52:49;;Dossier refusé;Signature Contrat;399.88
8970;15/05/2026 05:52:49;;Dossier refusé;Signature Contrat;673.95
8971;15/05/2026 04:57:10;;Dossier validé;Parcours terminé;983.10
8972;15/05/2026 04:57:10;;Dossier validé;Parcours terminé;370.05
8973;15/05/2026 01:49:47;;Dossier validé;Parcours terminé;985.12
8974;15/05/2026 01:49:47;;Dossier validé;Parcours terminé;166.41
8975;15/05/2026 01:23:52;;Dossier validé;Parcours terminé;238.37
8976;15/05/2026 01:23:52;;Dossier validé;Parcours terminé;191.92
8977;15/05/2026 01:02:20;;Dossier validé;Parcours terminé;771.37
8978;15/05/2026 01:02:20;;Dossier validé;Parcours terminé;214.35
8979;15/05/2026 00:56:10;;Dossier validé;Parcours terminé;588.06
8980;15/05/2026 00:56:10;;Dossier validé;Parcours terminé;959.74
8981;15/05/2026 00:47:51;;Dossier validé;Parcours terminé;705.57
8982;15/05/2026 00:47:51;;Dossier validé;Parcours terminé;778.67
8983;15/05/2026 00:42:12;;Dossier refusé;Saisie société;235.63
8984;15/05/2026 00:42:12;;Dossier refusé;Saisie société;807.09
8985;15/05/2026 00:38:05;;Dossier validé;Parcours terminé;537.87
8986;15/05/2026 00:38:05;;Dossier validé;Parcours terminé;790.34
8987;14/05/2026 23:57:25;;Dossier validé;Parcours terminé;225.66
8988;14/05/2026 23:57:25;;Dossier validé;Parcours terminé;640.74
8989;14/05/2026 23:53:05;;Souscription non démarrée;Parcours non démarré;289.03
8990;14/05/2026 23:53:05;;Souscription non démarrée;Parcours non démarré;420.34
8991;14/05/2026 23:43:08;;Dossier validé;Parcours terminé;189.45
8992;14/05/2026 23:43:08;;Dossier validé;Parcours terminé;293.23
8993;14/05/2026 23:42:55;;Souscription en cours;Signature Contrat;184.07
8994;14/05/2026 23:42:55;;Souscription en cours;Signature Contrat;214.49
8995;14/05/2026 23:19:58;;Souscription non démarrée;Parcours non démarré;722.14
8996;14/05/2026 23:19:58;;Souscription non démarrée;Parcours non démarré;498.83
8997;14/05/2026 23:10:07;;Souscription en cours;Choix de l'offre et livraison;138.85
8998;14/05/2026 23:10:07;;Souscription en cours;Choix de l'offre et livraison;277.33
8999;14/05/2026 23:01:52;;Dossier validé;Parcours terminé;509.56
9000;14/05/2026 23:01:52;;Dossier validé;Parcours terminé;259.17
9001;14/05/2026 22:54:28;;Dossier refusé;Saisie société;152.25
9002;14/05/2026 22:54:28;;Dossier refusé;Saisie société;183.19
9003;14/05/2026 22:47:06;;Souscription en cours;Informations complémentaires (CA, Profession, etc.);538.47
9004;14/05/2026 22:47:06;;Souscription en cours;Informations complémentaires (CA, Profession, etc.);932.71
9005;14/05/2026 22:46:26;;Souscription en cours;Coordonnées personnelles;174.35
9006;14/05/2026 22:46:26;;Souscription en cours;Coordonnées personnelles;795.28
9007;14/05/2026 22:39:47;;Souscription non démarrée;Parcours non démarré;953.06
9008;14/05/2026 22:39:47;;Souscription non démarrée;Parcours non démarré;548.61
9009;14/05/2026 22:25:34;;Souscription en cours;Coordonnées personnelles;956.58
9010;14/05/2026 22:25:34;;Souscription en cours;Coordonnées personnelles;560.62
9011;14/05/2026 22:14:11;;Souscription en cours;Choix de l'offre et livraison;189.64
9012;14/05/2026 22:14:11;;Souscription en cours;Choix de l'offre et livraison;129.36
9013;14/05/2026 22:10:03;;En attente d'analyse Agent - Dossier avec erreurs;Signature Contrat;271.90
9014;14/05/2026 22:10:03;;En attente d'analyse Agent - Dossier avec erreurs;Signature Contrat;205.42
9015;14/05/2026 22:07:40;;Souscription en cours;Informations complémentaires (CA, Profession, etc.);925.84
9016;14/05/2026 22:07:40;;Souscription en cours;Informations complémentaires (CA, Profession, etc.);231.06
9017;14/05/2026 22:05:10;;Souscription en cours;Choix de l'offre et livraison;713.02
9018;14/05/2026 22:05:10;;Souscription en cours;Choix de l'offre et livraison;472.49
9019;14/05/2026 22:00:34;;Souscription en cours;Coordonnées personnelles;944.82
9020;14/05/2026 22:00:34;;Souscription en cours;Coordonnées personnelles;316.05
9021;14/05/2026 21:46:58;;Souscription non démarrée;Parcours non démarré;969.77
9022;14/05/2026 21:46:58;;Souscription non démarrée;Parcours non démarré;309.72
9023;14/05/2026 21:38:35;;Souscription en cours;Vérification d'identité;703.25
9024;14/05/2026 21:38:35;;Souscription en cours;Vérification d'identité;407.30
9025;14/05/2026 21:33:17;;Souscription en cours;Signature Contrat;652.05
9026;14/05/2026 21:33:17;;Souscription en cours;Signature Contrat;235.57
9027;14/05/2026 21:21:59;;Souscription en cours;Coordonnées personnelles;109.87
9028;14/05/2026 21:21:59;;Souscription en cours;Coordonnées personnelles;731.32
9029;14/05/2026 21:14:15;;Dossier validé;Parcours terminé;679.95
9030;14/05/2026 21:14:15;;Dossier validé;Parcours terminé;784.55
9031;14/05/2026 20:53:50;;Dossier validé;Parcours terminé;232.03
9032;14/05/2026 20:53:50;;Dossier validé;Parcours terminé;290.08
9033;14/05/2026 20:26:06;;Dossier refusé;Signature Contrat;366.56
9034;14/05/2026 20:26:06;;Dossier refusé;Signature Contrat;356.60
9035;14/05/2026 20:25:00;;Dossier validé;Parcours terminé;767.59
9036;14/05/2026 20:25:00;;Dossier validé;Parcours terminé;671.67
9037;14/05/2026 19:55:14;;Souscription en cours;Coordonnées personnelles;349.24
9038;14/05/2026 19:55:14;;Souscription en cours;Coordonnées personnelles;158.05
9039;14/05/2026 19:49:17;;Dossier refusé;Signature Contrat;813.25
9040;14/05/2026 19:49:17;;Dossier refusé;Signature Contrat;556.68
9041;14/05/2026 19:37:18;;Dossier validé;Parcours terminé;489.17
9042;14/05/2026 19:37:18;;Dossier validé;Parcours terminé;214.13
9043;14/05/2026 19:17:27;;Dossier validé;Parcours terminé;898.92
9044;14/05/2026 19:17:27;;Dossier validé;Parcours terminé;536.54
9045;14/05/2026 19:15:00;;Souscription en cours;Vérification d'identité;219.90
9046;14/05/2026 19:15:00;;Souscription en cours;Vérification d'identité;177.28
9047;14/05/2026 19:07:44;Rayan MICHEL;Dossier refusé;Signature Contrat;796.41
9048;14/05/2026 19:07:44;Rayan MICHEL;Dossier refusé;Signature Contrat;697.39
9049;14/05/2026 18:57:11;;Dossier refusé;Saisie société;446.79
9050;14/05/2026 18:57:11;;Dossier refusé;Saisie société;804.63
9051;14/05/2026 18:49:40;;Souscription en cours;Signature Contrat;421.66
9052;14/05/2026 18:49:40;;Souscription en cours;Signature Contrat;436.65
9053;14/05/2026 18:49:09;;Dossier validé;Parcours terminé;903.53
9054;14/05/2026 18:49:09;;Dossier validé;Parcours terminé;621.16
9055;14/05/2026 18:45:11;;Dossier validé;Parcours terminé;605.43
9056;14/05/2026 18:45:11;;Dossier validé;Parcours terminé;499.42
9057;14/05/2026 18:43:52;;Dossier validé;Parcours terminé;155.96
9058;14/05/2026 18:43:52;;Dossier validé;Parcours terminé;321.52
9059;14/05/2026 18:43:04;;Dossier validé;Parcours terminé;536.21
9060;14/05/2026 18:43:04;;Dossier validé;Parcours terminé;158.46
9061;14/05/2026 18:28:04;;Souscription en cours;Vérification d'identité;273.12
9062;14/05/2026 18:28:04;;Souscription en cours;Vérification d'identité;254.11
9063;14/05/2026 18:25:11;;Dossier validé;Parcours terminé;486.17
9064;14/05/2026 18:25:11;;Dossier validé;Parcours terminé;349.68
9065;14/05/2026 18:11:26;;Souscription en cours;Signature Contrat;793.64
9066;14/05/2026 18:11:26;;Souscription en cours;Signature Contrat;820.72
9067;14/05/2026 18:05:31;;Souscription en cours;Choix de l'offre et livraison;480.38
9068;14/05/2026 18:05:31;;Souscription en cours;Choix de l'offre et livraison;813.74
9069;14/05/2026 17:27:49;;Dossier validé;Parcours terminé;643.84
9070;14/05/2026 17:27:49;;Dossier validé;Parcours terminé;657.42
9071;14/05/2026 17:24:40;;Souscription en cours;Informations complémentaires (CA, Profession, etc.);829.11
9072;14/05/2026 17:24:40;;Souscription en cours;Informations complémentaires (CA, Profession, etc.);737.65
9073;14/05/2026 17:23:07;Hugo MARTIN;Dossier validé;Parcours terminé;456.86
9074;14/05/2026 17:23:07;Hugo MARTIN;Dossier validé;Parcours terminé;555.17
9075;14/05/2026 17:20:48;;Souscription non démarrée;Parcours non démarré;633.93
9076;14/05/2026 17:20:48;;Souscription non démarrée;Parcours non démarré;423.53
9077;14/05/2026 17:00:22;;Souscription en cours;Bénéficiaire effectifs;460.55
9078;14/05/2026 17:00:22;;Souscription en cours;Bénéficiaire effectifs;159.58
9079;14/05/2026 16:54:50;;Souscription non démarrée;Parcours non démarré;626.19
9080;14/05/2026 16:54:50;;Souscription non démarrée;Parcours non démarré;313.30
9081;14/05/2026 16:48:28;;Souscription en cours;Signature Contrat;394.67
9082;14/05/2026 16:48:28;;Souscription en cours;Signature Contrat;450.16
9083;14/05/2026 16:44:05;;Dossier refusé;Signature Contrat;325.86
9084;14/05/2026 16:44:05;;Dossier refusé;Signature Contrat;429.70
9085;14/05/2026 16:37:26;;Souscription en cours;Choix de l'offre et livraison;455.13
9086;14/05/2026 16:37:26;;Souscription en cours;Choix de l'offre et livraison;526.83
9087;14/05/2026 16:27:39;;Souscription en cours;Synchronisation référentiel personne NOVA;953.82
9088;14/05/2026 16:27:39;;Souscription en cours;Synchronisation référentiel personne NOVA;520.40
9089;14/05/2026 16:21:00;;Souscription en cours;Signature Contrat;850.96
9090;14/05/2026 16:21:00;;Souscription en cours;Signature Contrat;224.71
9091;14/05/2026 16:14:38;;Dossier validé;Parcours terminé;611.35
9092;14/05/2026 16:14:38;;Dossier validé;Parcours terminé;385.19
9093;14/05/2026 16:08:17;;Dossier validé;Parcours terminé;332.99
9094;14/05/2026 16:08:17;;Dossier validé;Parcours terminé;526.46
9095;14/05/2026 16:03:06;;Dossier refusé;Signature Contrat;232.67
9096;14/05/2026 16:03:06;;Dossier refusé;Signature Contrat;215.80
9097;14/05/2026 15:59:06;;Souscription en cours;Coordonnées personnelles;646.03
9098;14/05/2026 15:59:06;;Souscription en cours;Coordonnées personnelles;375.32
9099;14/05/2026 15:57:26;;Souscription en cours;Informations complémentaires (CA, Profession, etc.);570.48
9100;14/05/2026 15:57:26;;Souscription en cours;Informations complémentaires (CA, Profession, etc.);345.81
9101;14/05/2026 15:56:25;;Souscription non démarrée;Parcours non démarré;721.27
9102;14/05/2026 15:56:25;;Souscription non démarrée;Parcours non démarré;307.73
9103;14/05/2026 15:56:12;;Dossier validé;Parcours terminé;776.97
9104;14/05/2026 15:56:12;;Dossier validé;Parcours terminé;971.82
9105;14/05/2026 15:45:21;;Dossier validé;Parcours terminé;408.39
9106;14/05/2026 15:45:21;;Dossier validé;Parcours terminé;969.18
9107;14/05/2026 15:42:11;;Souscription non démarrée;Parcours non démarré;430.19
9108;14/05/2026 15:42:11;;Souscription non démarrée;Parcours non démarré;766.96
9109;14/05/2026 15:37:07;;Souscription en cours;Coordonnées personnelles;366.93
9110;14/05/2026 15:37:07;;Souscription en cours;Coordonnées personnelles;450.63
9111;14/05/2026 15:36:03;;Dossier validé;Parcours terminé;229.34
9112;14/05/2026 15:36:03;;Dossier validé;Parcours terminé;796.37
9113;14/05/2026 15:35:33;;Souscription en cours;Coordonnées personnelles;889.38
9114;14/05/2026 15:35:33;;Souscription en cours;Coordonnées personnelles;673.12
9115;14/05/2026 15:34:18;;Souscription en cours;Coordonnées personnelles;309.31
9116;14/05/2026 15:34:18;;Souscription en cours;Coordonnées personnelles;189.09
9117;14/05/2026 15:33:06;;Dossier validé;Parcours terminé;300.98
9118;14/05/2026 15:33:06;;Dossier validé;Parcours terminé;299.67
9119;14/05/2026 15:32:20;;Dossier refusé;Saisie société;865.08
9120;14/05/2026 15:32:20;;Dossier refusé;Saisie société;301.45
9121;14/05/2026 15:31:23;;Souscription en cours;Signature Contrat;983.91
9122;14/05/2026 15:31:23;;Souscription en cours;Signature Contrat;412.02
9123;14/05/2026 15:30:08;;Dossier validé;Parcours terminé;104.41
9124;14/05/2026 15:30:08;;Dossier validé;Parcours terminé;386.02
9125;14/05/2026 15:23:30;;Souscription non démarrée;Parcours non démarré;981.69
9126;14/05/2026 15:23:30;;Souscription non démarrée;Parcours non démarré;255.91
9127;14/05/2026 15:16:16;;Dossier validé;Parcours terminé;199.85
9128;14/05/2026 15:16:16;;Dossier validé;Parcours terminé;914.20
9129;14/05/2026 15:14:54;;Souscription en cours;Informations complémentaires (Etablissements, etc.);832.74
9130;14/05/2026 15:14:54;;Souscription en cours;Informations complémentaires (Etablissements, etc.);939.43
9131;14/05/2026 15:13:01;;Souscription en cours;Coordonnées personnelles;941.67
9132;14/05/2026 15:13:01;;Souscription en cours;Coordonnées personnelles;596.30
9133;14/05/2026 15:08:12;;Souscription en cours;Choix de l'offre et livraison;166.19
9134;14/05/2026 15:08:12;;Souscription en cours;Choix de l'offre et livraison;617.44
9135;14/05/2026 15:06:15;;Dossier refusé;Saisie société;388.47
9136;14/05/2026 15:06:15;;Dossier refusé;Saisie société;314.34
9137;14/05/2026 15:04:30;;Dossier refusé;Saisie société;882.34
9138;14/05/2026 15:04:30;;Dossier refusé;Saisie société;203.23
9139;14/05/2026 15:03:52;;Dossier refusé;Saisie société;704.52
9140;14/05/2026 15:03:52;;Dossier refusé;Saisie société;681.57
9141;14/05/2026 15:02:03;;Dossier validé;Parcours terminé;658.13
9142;14/05/2026 15:02:03;;Dossier validé;Parcours terminé;555.30
9143;14/05/2026 15:00:32;;Dossier validé;Parcours terminé;967.45
9144;14/05/2026 15:00:32;;Dossier validé;Parcours terminé;132.05
9145;14/05/2026 14:53:47;;Dossier refusé;Saisie société;417.14
9146;14/05/2026 14:53:47;;Dossier refusé;Saisie société;594.76
9147;14/05/2026 14:52:34;;Souscription en cours;Coordonnées personnelles;789.64
9148;14/05/2026 14:52:34;;Souscription en cours;Coordonnées personnelles;161.31
9149;14/05/2026 14:41:40;;Dossier refusé;Signature Contrat;192.88
9150;14/05/2026 14:41:40;;Dossier refusé;Signature Contrat;263.50
9151;14/05/2026 14:39:54;;Souscription en cours;Vérification d'identité;395.98
9152;14/05/2026 14:39:54;;Souscription en cours;Vérification d'identité;734.92
9153;14/05/2026 14:39:19;;Dossier validé;Parcours terminé;919.34
9154;14/05/2026 14:39:19;;Dossier validé;Parcours terminé;953.10
9155;14/05/2026 14:39:03;Hugo MARTIN;Dossier validé;Parcours terminé;482.26
9156;14/05/2026 14:39:03;Hugo MARTIN;Dossier validé;Parcours terminé;650.45
9157;14/05/2026 14:37:14;;Souscription en cours;Informations complémentaires (CA, Profession, etc.);557.39
9158;14/05/2026 14:37:14;;Souscription en cours;Informations complémentaires (CA, Profession, etc.);598.47
9159;14/05/2026 14:36:41;;Dossier validé;Parcours terminé;850.36
9160;14/05/2026 14:36:41;;Dossier validé;Parcours terminé;228.83
9161;14/05/2026 14:34:06;;En attente d'analyse Agent - Dossier avec erreurs;Signature Contrat;600.18
9162;14/05/2026 14:34:06;;En attente d'analyse Agent - Dossier avec erreurs;Signature Contrat;751.49
9163;14/05/2026 14:33:57;;Dossier validé;Parcours terminé;941.36
9164;14/05/2026 14:33:57;;Dossier validé;Parcours terminé;389.58
9165;14/05/2026 14:32:34;;Souscription en cours;Coordonnées personnelles;461.13
9166;14/05/2026 14:32:34;;Souscription en cours;Coordonnées personnelles;510.32
9167;14/05/2026 14:31:21;;Souscription en cours;Informations complémentaires (CA, Profession, etc.);139.66
9168;14/05/2026 14:31:21;;Souscription en cours;Informations complémentaires (CA, Profession, etc.);962.12
9169;14/05/2026 14:26:08;;Dossier validé;Parcours terminé;988.96
9170;14/05/2026 14:26:08;;Dossier validé;Parcours terminé;386.34
9171;14/05/2026 14:23:00;;Dossier refusé;Coordonnées personnelles;340.42
9172;14/05/2026 14:23:00;;Dossier refusé;Coordonnées personnelles;301.78
9173;14/05/2026 14:22:46;;Souscription en cours;Coordonnées personnelles;603.87
9174;14/05/2026 14:22:46;;Souscription en cours;Coordonnées personnelles;381.34
9175;14/05/2026 14:02:20;Z5681453;Dossier validé;Parcours terminé;768.78
9176;14/05/2026 14:02:20;Z5681453;Dossier validé;Parcours terminé;772.76
9177;14/05/2026 13:54:54;;Dossier validé;Parcours terminé;455.42
9178;14/05/2026 13:54:54;;Dossier validé;Parcours terminé;625.22
9179;14/05/2026 13:35:27;;Dossier validé;Parcours terminé;225.76
9180;14/05/2026 13:35:27;;Dossier validé;Parcours terminé;696.80
9181;14/05/2026 13:33:09;;Dossier refusé;Saisie société;948.96
9182;14/05/2026 13:33:09;;Dossier refusé;Saisie société;828.86
9183;14/05/2026 13:32:54;;Souscription en cours;Vérification d'identité;822.56
9184;14/05/2026 13:32:54;;Souscription en cours;Vérification d'identité;760.25
9185;14/05/2026 13:30:16;;Souscription en cours;Choix de l'offre et livraison;556.73
9186;14/05/2026 13:30:16;;Souscription en cours;Choix de l'offre et livraison;915.54
9187;14/05/2026 13:28:27;;Souscription non démarrée;Parcours non démarré;527.86
9188;14/05/2026 13:28:27;;Souscription non démarrée;Parcours non démarré;590.63
9189;14/05/2026 13:21:30;;Dossier validé;Parcours terminé;820.38
9190;14/05/2026 13:21:30;;Dossier validé;Parcours terminé;668.55
9191;14/05/2026 13:19:58;;Souscription non démarrée;Parcours non démarré;835.51
9192;14/05/2026 13:19:58;;Souscription non démarrée;Parcours non démarré;523.43
9193;14/05/2026 13:17:44;Z5681453;Dossier refusé;Saisie société;757.42
9194;14/05/2026 13:17:44;Z5681453;Dossier refusé;Saisie société;581.49
9195;14/05/2026 13:11:19;;Souscription en cours;Choix de l'offre et livraison;370.13
9196;14/05/2026 13:11:19;;Souscription en cours;Choix de l'offre et livraison;269.06
9197;14/05/2026 13:10:11;;Souscription en cours;Coordonnées personnelles;255.07
9198;14/05/2026 13:10:11;;Souscription en cours;Coordonnées personnelles;216.31
9199;14/05/2026 13:02:25;;Dossier refusé;Signature Contrat;729.60
9200;14/05/2026 13:02:25;;Dossier refusé;Signature Contrat;337.84
9201;14/05/2026 12:55:24;;Souscription en cours;Coordonnées personnelles;692.01
9202;14/05/2026 12:55:24;;Souscription en cours;Coordonnées personnelles;817.50
9203;14/05/2026 12:52:10;;Dossier refusé;Choix de l'offre et livraison;202.58
9204;14/05/2026 12:52:10;;Dossier refusé;Choix de l'offre et livraison;834.00
9205;14/05/2026 12:49:16;;Souscription en cours;Synchronisation référentiel personne NOVA;736.90
9206;14/05/2026 12:49:16;;Souscription en cours;Synchronisation référentiel personne NOVA;853.90
9207;14/05/2026 12:39:58;;Dossier validé;Parcours terminé;810.13
9208;14/05/2026 12:39:58;;Dossier validé;Parcours terminé;169.35
9209;14/05/2026 12:36:15;;Dossier validé;Parcours terminé;130.22
9210;14/05/2026 12:36:15;;Dossier validé;Parcours terminé;719.42
9211;14/05/2026 12:34:23;;Dossier validé;Parcours terminé;557.99
9212;14/05/2026 12:34:23;;Dossier validé;Parcours terminé;671.52
9213;14/05/2026 12:02:21;;Dossier validé;Parcours terminé;705.36
9214;14/05/2026 12:02:21;;Dossier validé;Parcours terminé;891.26
9215;14/05/2026 11:54:36;;Dossier validé;Parcours terminé;418.63
9216;14/05/2026 11:54:36;;Dossier validé;Parcours terminé;484.24
9217;14/05/2026 11:53:26;;Souscription en cours;Vérification d'identité;883.22
9218;14/05/2026 11:53:26;;Souscription en cours;Vérification d'identité;503.36
9219;14/05/2026 11:52:37;;Dossier validé;Parcours terminé;880.07
9220;14/05/2026 11:52:37;;Dossier validé;Parcours terminé;506.75
9221;14/05/2026 11:48:31;;Dossier validé;Parcours terminé;532.73
9222;14/05/2026 11:48:31;;Dossier validé;Parcours terminé;723.32
9223;14/05/2026 11:44:59;;Dossier refusé;Saisie société;497.83
9224;14/05/2026 11:44:59;;Dossier refusé;Saisie société;953.29
9225;14/05/2026 11:44:37;;Souscription en cours;Coordonnées personnelles;151.67
9226;14/05/2026 11:44:37;;Souscription en cours;Coordonnées personnelles;283.89
9227;14/05/2026 11:44:25;;Dossier validé;Parcours terminé;494.99
9228;14/05/2026 11:44:25;;Dossier validé;Parcours terminé;840.63
9229;14/05/2026 11:38:29;;Dossier validé;Parcours terminé;414.72
9230;14/05/2026 11:38:29;;Dossier validé;Parcours terminé;352.22
9231;14/05/2026 11:35:23;;Souscription en cours;Informations complémentaires (Etablissements, etc.);412.57
9232;14/05/2026 11:35:23;;Souscription en cours;Informations complémentaires (Etablissements, etc.);996.07
9233;14/05/2026 11:32:49;;Dossier refusé;Signature Contrat;573.69
9234;14/05/2026 11:32:49;;Dossier refusé;Signature Contrat;693.13
9235;14/05/2026 11:17:47;;Dossier validé;Parcours terminé;918.07
9236;14/05/2026 11:17:47;;Dossier validé;Parcours terminé;888.27
9237;14/05/2026 11:16:06;;Souscription en cours;Informations complémentaires (Etablissements, etc.);944.03
9238;14/05/2026 11:16:06;;Souscription en cours;Informations complémentaires (Etablissements, etc.);989.88
9239;14/05/2026 11:15:20;;Souscription en cours;Coordonnées personnelles;830.84
9240;14/05/2026 11:15:20;;Souscription en cours;Coordonnées personnelles;155.81
9241;14/05/2026 11:13:39;;Dossier validé;Parcours terminé;315.60
9242;14/05/2026 11:13:39;;Dossier validé;Parcours terminé;762.89
9243;14/05/2026 11:12:18;;Dossier validé;Parcours terminé;959.90
9244;14/05/2026 11:12:18;;Dossier validé;Parcours terminé;203.52
9245;14/05/2026 11:06:03;;Dossier refusé;Saisie société;667.45
9246;14/05/2026 11:06:03;;Dossier refusé;Saisie société;696.21
9247;14/05/2026 11:02:42;;Dossier validé;Parcours terminé;800.59
9248;14/05/2026 11:02:42;;Dossier validé;Parcours terminé;390.03
9249;14/05/2026 10:59:10;;Dossier refusé;Choix de l'offre et livraison;371.78
9250;14/05/2026 10:59:10;;Dossier refusé;Choix de l'offre et livraison;633.83
9251;14/05/2026 10:56:28;;Dossier validé;Parcours terminé;550.82
9252;14/05/2026 10:56:28;;Dossier validé;Parcours terminé;919.03
9253;14/05/2026 10:56:27;;Souscription en cours;Synchronisation référentiel personne NOVA;240.11
9254;14/05/2026 10:56:27;;Souscription en cours;Synchronisation référentiel personne NOVA;776.46
9255;14/05/2026 10:55:07;Hugo MARTIN;Dossier validé;Parcours terminé;216.42
9256;14/05/2026 10:55:07;Hugo MARTIN;Dossier validé;Parcours terminé;830.42
9257;14/05/2026 10:49:53;;Souscription en cours;Coordonnées personnelles;615.19
9258;14/05/2026 10:49:53;;Souscription en cours;Coordonnées personnelles;247.64
9259;14/05/2026 10:42:00;;Dossier validé;Parcours terminé;114.79
9260;14/05/2026 10:42:00;;Dossier validé;Parcours terminé;226.66
9261;14/05/2026 10:36:50;;Dossier refusé;Saisie société;706.96
9262;14/05/2026 10:36:50;;Dossier refusé;Saisie société;907.18
9263;14/05/2026 10:36:02;;Souscription en cours;Signature Contrat;288.52
9264;14/05/2026 10:36:02;;Souscription en cours;Signature Contrat;893.66
9265;14/05/2026 10:35:24;;Souscription en cours;Coordonnées personnelles;925.66
9266;14/05/2026 10:35:24;;Souscription en cours;Coordonnées personnelles;761.79
9267;14/05/2026 10:25:57;;Souscription en cours;Signature Contrat;416.54
9268;14/05/2026 10:25:57;;Souscription en cours;Signature Contrat;710.73
9269;14/05/2026 10:12:52;;Dossier refusé;Saisie société;514.91
9270;14/05/2026 10:12:52;;Dossier refusé;Saisie société;255.10
9271;14/05/2026 10:10:22;;Dossier validé;Parcours terminé;922.65
9272;14/05/2026 10:10:22;;Dossier validé;Parcours terminé;425.58
9273;14/05/2026 10:08:33;;Souscription en cours;Signature Contrat;941.45
9274;14/05/2026 10:08:33;;Souscription en cours;Signature Contrat;267.69
9275;14/05/2026 10:05:25;;Souscription non démarrée;Parcours non démarré;964.52
9276;14/05/2026 10:05:25;;Souscription non démarrée;Parcours non démarré;366.92
9277;14/05/2026 09:53:04;;Souscription en cours;Coordonnées personnelles;755.62
9278;14/05/2026 09:53:04;;Souscription en cours;Coordonnées personnelles;582.86
9279;14/05/2026 09:41:00;;Dossier validé;Parcours terminé;849.07
9280;14/05/2026 09:41:00;;Dossier validé;Parcours terminé;586.04
9281;14/05/2026 09:40:58;;Dossier validé;Parcours terminé;687.25
9282;14/05/2026 09:40:58;;Dossier validé;Parcours terminé;919.79
9283;14/05/2026 09:39:57;;Dossier validé;Parcours terminé;507.65
9284;14/05/2026 09:39:57;;Dossier validé;Parcours terminé;575.95
9285;14/05/2026 09:35:24;;Dossier validé;Parcours terminé;218.44
9286;14/05/2026 09:35:24;;Dossier validé;Parcours terminé;797.39
9287;14/05/2026 09:32:04;;Dossier validé;Parcours terminé;565.04
9288;14/05/2026 09:32:04;;Dossier validé;Parcours terminé;538.53
9289;14/05/2026 09:11:17;;Dossier refusé;Saisie société;514.30
9290;14/05/2026 09:11:17;;Dossier refusé;Saisie société;891.51
9291;14/05/2026 09:11:16;;Souscription non démarrée;Parcours non démarré;784.61
9292;14/05/2026 09:11:16;;Souscription non démarrée;Parcours non démarré;284.96
9293;14/05/2026 08:51:21;;Dossier validé;Parcours terminé;815.10
9294;14/05/2026 08:51:21;;Dossier validé;Parcours terminé;223.25
9295;14/05/2026 08:27:46;;Dossier refusé;Saisie société;301.50
9296;14/05/2026 08:27:46;;Dossier refusé;Saisie société;503.49
9297;14/05/2026 07:55:38;;Souscription en cours;Signature Contrat;903.65
9298;14/05/2026 07:55:38;;Souscription en cours;Signature Contrat;120.80
9299;14/05/2026 07:36:00;;Souscription en cours;Coordonnées personnelles;378.94
9300;14/05/2026 07:36:00;;Souscription en cours;Coordonnées personnelles;624.09
9301;14/05/2026 07:03:00;;Dossier validé;Parcours terminé;764.03
9302;14/05/2026 07:03:00;;Dossier validé;Parcours terminé;552.04
9303;14/05/2026 07:00:34;Z5750800;Dossier validé;Parcours terminé;819.19
9304;14/05/2026 07:00:34;Z5750800;Dossier validé;Parcours terminé;470.45
9305;14/05/2026 06:43:57;;Souscription en cours;Bénéficiaire effectifs;600.17
9306;14/05/2026 06:43:57;;Souscription en cours;Bénéficiaire effectifs;944.57
9307;14/05/2026 04:55:53;;Souscription en cours;Choix de l'offre et livraison;921.26
9308;14/05/2026 04:55:53;;Souscription en cours;Choix de l'offre et livraison;805.94
9309;14/05/2026 03:46:19;;Dossier refusé;Signature Contrat;729.58
9310;14/05/2026 03:46:19;;Dossier refusé;Signature Contrat;238.10
9311;14/05/2026 02:01:00;;Dossier validé;Parcours terminé;752.42
9312;14/05/2026 02:01:00;;Dossier validé;Parcours terminé;303.14
9313;14/05/2026 01:34:08;;Souscription en cours;Vérification d'identité;541.38
9314;14/05/2026 01:34:08;;Souscription en cours;Vérification d'identité;848.64
9315;14/05/2026 01:32:10;;Dossier validé;Parcours terminé;117.59
9316;14/05/2026 01:32:10;;Dossier validé;Parcours terminé;403.07
9317;14/05/2026 01:21:14;;Dossier validé;Parcours terminé;176.15
9318;14/05/2026 01:21:14;;Dossier validé;Parcours terminé;404.06
9319;14/05/2026 00:25:38;;Souscription non démarrée;Parcours non démarré;984.56
9320;14/05/2026 00:25:38;;Souscription non démarrée;Parcours non démarré;481.66
9321;13/05/2026 23:59:23;;Dossier validé;Parcours terminé;406.00
9322;13/05/2026 23:59:23;;Dossier validé;Parcours terminé;963.72
9323;13/05/2026 23:48:43;;Souscription en cours;Choix de l'offre et livraison;430.57
9324;13/05/2026 23:48:43;;Souscription en cours;Choix de l'offre et livraison;500.33
9325;13/05/2026 23:46:49;;Souscription non démarrée;Parcours non démarré;540.48
9326;13/05/2026 23:46:49;;Souscription non démarrée;Parcours non démarré;167.92
9327;13/05/2026 23:45:39;Hugo MARTIN;Dossier validé;Parcours terminé;562.76
9328;13/05/2026 23:45:39;Hugo MARTIN;Dossier validé;Parcours terminé;510.46
9329;13/05/2026 23:42:35;;Dossier validé;Parcours terminé;342.16
9330;13/05/2026 23:42:35;;Dossier validé;Parcours terminé;136.16
9331;13/05/2026 23:35:50;;Souscription en cours;Vérification d'identité;546.67
9332;13/05/2026 23:35:50;;Souscription en cours;Vérification d'identité;611.15
9333;13/05/2026 23:23:36;;Dossier validé;Parcours terminé;435.92
9334;13/05/2026 23:23:36;;Dossier validé;Parcours terminé;288.56
9335;13/05/2026 23:23:22;;Dossier validé;Parcours terminé;248.19
9336;13/05/2026 23:23:22;;Dossier validé;Parcours terminé;923.91
9337;13/05/2026 23:10:40;;Dossier validé;Parcours terminé;216.79
9338;13/05/2026 23:10:40;;Dossier validé;Parcours terminé;389.37
9339;13/05/2026 23:06:48;;Souscription en cours;Choix de l'offre et livraison;877.89
9340;13/05/2026 23:06:48;;Souscription en cours;Choix de l'offre et livraison;437.45
9341;13/05/2026 22:29:02;;Dossier refusé;Saisie société;153.20
9342;13/05/2026 22:29:02;;Dossier refusé;Saisie société;294.13
9343;13/05/2026 22:27:49;;Dossier refusé;Signature Contrat;136.12
9344;13/05/2026 22:27:49;;Dossier refusé;Signature Contrat;578.63
9345;13/05/2026 22:15:12;;Dossier validé;Parcours terminé;202.75
9346;13/05/2026 22:15:12;;Dossier validé;Parcours terminé;142.92
9347;13/05/2026 22:10:55;;Dossier refusé;Signature Contrat;992.94
9348;13/05/2026 22:10:55;;Dossier refusé;Signature Contrat;688.40
9349;13/05/2026 21:59:35;;Dossier validé;Parcours terminé;220.92
9350;13/05/2026 21:59:35;;Dossier validé;Parcours terminé;811.85
9351;13/05/2026 21:46:07;;Souscription non démarrée;Parcours non démarré;899.51
9352;13/05/2026 21:46:07;;Souscription non démarrée;Parcours non démarré;989.71
9353;13/05/2026 21:45:23;Z5681453;Dossier refusé;Saisie société;276.60
9354;13/05/2026 21:45:23;Z5681453;Dossier refusé;Saisie société;155.65
9355;13/05/2026 21:27:22;;Souscription non démarrée;Parcours non démarré;852.23
9356;13/05/2026 21:27:22;;Souscription non démarrée;Parcours non démarré;175.04
9357;13/05/2026 21:20:40;;Dossier validé;Parcours terminé;693.61
9358;13/05/2026 21:20:40;;Dossier validé;Parcours terminé;309.03
9359;13/05/2026 21:11:59;;Souscription en cours;Signature Contrat;630.48
9360;13/05/2026 21:11:59;;Souscription en cours;Signature Contrat;840.62
9361;13/05/2026 21:03:58;;Souscription en cours;Vérification d'identité;310.05
9362;13/05/2026 21:03:58;;Souscription en cours;Vérification d'identité;731.46
9363;13/05/2026 20:38:43;;Dossier validé;Parcours terminé;942.27
9364;13/05/2026 20:38:43;;Dossier validé;Parcours terminé;874.20
9365;13/05/2026 20:26:23;;Souscription en cours;Coordonnées personnelles;474.17
9366;13/05/2026 20:26:23;;Souscription en cours;Coordonnées personnelles;514.04
9367;13/05/2026 20:16:17;;Souscription non démarrée;Parcours non démarré;694.12
9368;13/05/2026 20:16:17;;Souscription non démarrée;Parcours non démarré;565.63
9369;13/05/2026 19:58:22;;Souscription en cours;Signature Contrat;923.76
9370;13/05/2026 19:58:22;;Souscription en cours;Signature Contrat;295.49
9371;13/05/2026 19:56:36;;Dossier validé;Parcours terminé;413.07
9372;13/05/2026 19:56:36;;Dossier validé;Parcours terminé;368.50
9373;13/05/2026 19:53:11;;Souscription en cours;Vérification d'identité;816.55
9374;13/05/2026 19:53:11;;Souscription en cours;Vérification d'identité;289.86
9375;13/05/2026 19:34:50;;Souscription en cours;Signature Contrat;487.37
9376;13/05/2026 19:34:50;;Souscription en cours;Signature Contrat;894.34
9377;13/05/2026 19:30:21;;Dossier refusé;Saisie société;747.45
9378;13/05/2026 19:30:21;;Dossier refusé;Saisie société;258.19
9379;13/05/2026 19:24:11;;Dossier validé;Parcours terminé;818.11
9380;13/05/2026 19:24:11;;Dossier validé;Parcours terminé;268.66
9381;13/05/2026 19:23:49;;Souscription en cours;Choix de l'offre et livraison;472.92
9382;13/05/2026 19:23:49;;Souscription en cours;Choix de l'offre et livraison;827.92
9383;13/05/2026 19:10:07;;Souscription en cours;Signature Contrat;827.51
9384;13/05/2026 19:10:07;;Souscription en cours;Signature Contrat;417.51
9385;13/05/2026 18:56:22;;Dossier refusé;Saisie société;697.01
9386;13/05/2026 18:56:22;;Dossier refusé;Saisie société;593.88
9387;13/05/2026 18:49:29;;Dossier validé;Parcours terminé;787.55
9388;13/05/2026 18:49:29;;Dossier validé;Parcours terminé;545.09
9389;13/05/2026 18:42:18;;Souscription en cours;Choix de l'offre et livraison;939.01
9390;13/05/2026 18:42:18;;Souscription en cours;Choix de l'offre et livraison;347.23
9391;13/05/2026 18:38:05;;Souscription en cours;Vérification d'identité;850.46
9392;13/05/2026 18:38:05;;Souscription en cours;Vérification d'identité;574.49
9393;13/05/2026 18:36:42;;Souscription en cours;Informations complémentaires (CA, Profession, etc.);899.14
9394;13/05/2026 18:36:42;;Souscription en cours;Informations complémentaires (CA, Profession, etc.);391.74
9395;13/05/2026 18:35:09;;Dossier validé;Parcours terminé;644.96
9396;13/05/2026 18:35:09;;Dossier validé;Parcours terminé;506.97
9397;13/05/2026 18:12:24;;Souscription en cours;Choix de l'offre et livraison;878.14
9398;13/05/2026 18:12:24;;Souscription en cours;Choix de l'offre et livraison;422.62
9399;13/05/2026 18:12:11;;Dossier validé;Parcours terminé;921.78
9400;13/05/2026 18:12:11;;Dossier validé;Parcours terminé;729.50
9401;13/05/2026 17:52:15;;Dossier validé;Parcours terminé;429.93
9402;13/05/2026 17:52:15;;Dossier validé;Parcours terminé;585.87
9403;13/05/2026 17:50:48;;Souscription en cours;Choix de l'offre et livraison;135.07
9404;13/05/2026 17:50:48;;Souscription en cours;Choix de l'offre et livraison;398.31
9405;13/05/2026 17:45:44;;Dossier validé;Parcours terminé;846.89
9406;13/05/2026 17:45:44;;Dossier validé;Parcours terminé;497.60
9407;13/05/2026 17:36:59;;Souscription en cours;Vérification d'identité;332.39
9408;13/05/2026 17:36:59;;Souscription en cours;Vérification d'identité;286.68
9409;13/05/2026 17:34:39;;Souscription en cours;Coordonnées personnelles;945.96
9410;13/05/2026 17:34:39;;Souscription en cours;Coordonnées personnelles;778.01
9411;13/05/2026 17:25:59;;Dossier validé;Parcours terminé;896.96
9412;13/05/2026 17:25:59;;Dossier validé;Parcours terminé;763.15
9413;13/05/2026 17:25:14;;Souscription en cours;Coordonnées personnelles;900.47
9414;13/05/2026 17:25:14;;Souscription en cours;Coordonnées personnelles;560.31
9415;13/05/2026 17:19:31;;Dossier validé;Parcours terminé;665.61
9416;13/05/2026 17:19:31;;Dossier validé;Parcours terminé;125.96
9417;13/05/2026 17:13:17;;Souscription en cours;Choix de l'offre et livraison;692.56
9418;13/05/2026 17:13:17;;Souscription en cours;Choix de l'offre et livraison;784.68
9419;13/05/2026 17:03:29;;Dossier validé;Parcours terminé;729.52
9420;13/05/2026 17:03:29;;Dossier validé;Parcours terminé;547.11
9421;13/05/2026 17:00:45;;Dossier validé;Parcours terminé;525.90
9422;13/05/2026 17:00:45;;Dossier validé;Parcours terminé;962.59
9423;13/05/2026 16:55:48;;Souscription non démarrée;Parcours non démarré;819.23
9424;13/05/2026 16:55:48;;Souscription non démarrée;Parcours non démarré;971.34
9425;13/05/2026 16:50:43;;Dossier refusé;Saisie société;534.12
9426;13/05/2026 16:50:43;;Dossier refusé;Saisie société;509.29
9427;13/05/2026 16:46:17;;Dossier validé;Parcours terminé;216.95
9428;13/05/2026 16:46:17;;Dossier validé;Parcours terminé;703.28
9429;13/05/2026 16:38:22;;Dossier validé;Parcours terminé;544.93
9430;13/05/2026 16:38:22;;Dossier validé;Parcours terminé;832.31
9431;13/05/2026 16:37:16;;Dossier validé;Parcours terminé;365.79
9432;13/05/2026 16:37:16;;Dossier validé;Parcours terminé;385.56
9433;13/05/2026 16:32:24;;Souscription en cours;Synchronisation référentiel personne NOVA;262.04
9434;13/05/2026 16:32:24;;Souscription en cours;Synchronisation référentiel personne NOVA;722.57
9435;13/05/2026 16:18:26;;Souscription en cours;Informations complémentaires (Etablissements, etc.);532.70
9436;13/05/2026 16:18:26;;Souscription en cours;Informations complémentaires (Etablissements, etc.);497.12
9437;13/05/2026 15:53:57;;Souscription en cours;Synchronisation référentiel personne NOVA;167.03
9438;13/05/2026 15:53:57;;Souscription en cours;Synchronisation référentiel personne NOVA;215.54
9439;13/05/2026 15:53:04;;Dossier validé;Parcours terminé;486.56
9440;13/05/2026 15:53:04;;Dossier validé;Parcours terminé;218.24
9441;13/05/2026 15:48:34;;Dossier validé;Parcours terminé;489.61
9442;13/05/2026 15:48:34;;Dossier validé;Parcours terminé;400.09
9443;13/05/2026 15:48:20;;Souscription en cours;Signature Contrat;332.18
9444;13/05/2026 15:48:20;;Souscription en cours;Signature Contrat;115.37
9445;13/05/2026 15:48:01;;Dossier refusé;Signature Contrat;792.52
9446;13/05/2026 15:48:01;;Dossier refusé;Signature Contrat;604.99
9447;13/05/2026 15:47:44;;Souscription en cours;Signature Contrat;558.02
9448;13/05/2026 15:47:44;;Souscription en cours;Signature Contrat;289.86
9449;13/05/2026 15:40:34;;Dossier validé;Parcours terminé;368.50
9450;13/05/2026 15:40:34;;Dossier validé;Parcours terminé;160.47
9451;13/05/2026 15:34:18;;Souscription en cours;Coordonnées personnelles;198.68
9452;13/05/2026 15:34:18;;Souscription en cours;Coordonnées personnelles;430.02
9453;13/05/2026 15:33:02;;Souscription en cours;Coordonnées personnelles;952.08
9454;13/05/2026 15:33:02;;Souscription en cours;Coordonnées personnelles;228.33
9455;13/05/2026 15:19:49;;Souscription en cours;Coordonnées personnelles;109.71
9456;13/05/2026 15:19:49;;Souscription en cours;Coordonnées personnelles;306.07
9457;13/05/2026 15:16:15;;Dossier validé;Parcours terminé;301.37
9458;13/05/2026 15:16:15;;Dossier validé;Parcours terminé;738.81
9459;13/05/2026 15:16:02;;Souscription en cours;Informations complémentaires (Etablissements, etc.);655.59
9460;13/05/2026 15:16:02;;Souscription en cours;Informations complémentaires (Etablissements, etc.);400.11
9461;13/05/2026 15:11:56;;Dossier validé;Parcours terminé;286.75
9462;13/05/2026 15:11:56;;Dossier validé;Parcours terminé;903.83
9463;13/05/2026 15:10:06;;Souscription en cours;Coordonnées personnelles;704.31
9464;13/05/2026 15:10:06;;Souscription en cours;Coordonnées personnelles;745.07
9465;13/05/2026 15:09:36;Manon LEFEBVRE;Dossier validé;Parcours terminé;910.85
9466;13/05/2026 15:09:36;Manon LEFEBVRE;Dossier validé;Parcours terminé;646.24
9467;13/05/2026 15:08:36;;Dossier refusé;Saisie société;282.82
9468;13/05/2026 15:08:36;;Dossier refusé;Saisie société;840.36
9469;13/05/2026 15:03:55;;Souscription en cours;Signature Contrat;636.99
9470;13/05/2026 15:03:55;;Souscription en cours;Signature Contrat;486.39
9471;13/05/2026 14:44:48;;Dossier validé;Parcours terminé;214.25
9472;13/05/2026 14:44:48;;Dossier validé;Parcours terminé;134.86
9473;13/05/2026 14:41:10;;Souscription en cours;Coordonnées personnelles;476.74
9474;13/05/2026 14:41:10;;Souscription en cours;Coordonnées personnelles;162.64
9475;13/05/2026 14:39:28;;Dossier validé;Parcours terminé;978.66
9476;13/05/2026 14:39:28;;Dossier validé;Parcours terminé;856.73
9477;13/05/2026 14:38:11;;Dossier validé;Parcours terminé;812.86
9478;13/05/2026 14:38:11;;Dossier validé;Parcours terminé;282.40
9479;13/05/2026 14:29:27;;Dossier validé;Parcours terminé;280.27
9480;13/05/2026 14:29:27;;Dossier validé;Parcours terminé;556.41
9481;13/05/2026 14:25:19;;Souscription en cours;Coordonnées personnelles;966.11
9482;13/05/2026 14:25:19;;Souscription en cours;Coordonnées personnelles;325.87
9483;13/05/2026 14:16:55;;Dossier refusé;Saisie société;950.81
9484;13/05/2026 14:16:55;;Dossier refusé;Saisie société;302.13
9485;13/05/2026 14:06:50;;Dossier validé;Parcours terminé;295.55
9486;13/05/2026 14:06:50;;Dossier validé;Parcours terminé;811.23
9487;13/05/2026 14:05:07;;Souscription en cours;Vérification d'identité;224.22
9488;13/05/2026 14:05:07;;Souscription en cours;Vérification d'identité;204.68
9489;13/05/2026 13:53:09;Z5750800;Dossier validé;Parcours terminé;351.29
9490;13/05/2026 13:53:09;Z5750800;Dossier validé;Parcours terminé;548.60
9491;13/05/2026 13:50:34;;Dossier refusé;Saisie société;582.97
9492;13/05/2026 13:50:34;;Dossier refusé;Saisie société;882.29
9493;13/05/2026 13:39:18;;Dossier refusé;Saisie société;151.26
9494;13/05/2026 13:39:18;;Dossier refusé;Saisie société;976.36
9495;13/05/2026 13:15:50;;Souscription en cours;Coordonnées personnelles;602.76
9496;13/05/2026 13:15:50;;Souscription en cours;Coordonnées personnelles;204.11
9497;13/05/2026 13:06:13;;Dossier validé;Parcours terminé;512.11
9498;13/05/2026 13:06:13;;Dossier validé;Parcours terminé;296.50
9499;13/05/2026 12:31:50;;Souscription en cours;Vérification d'identité;608.83
9500;13/05/2026 12:31:50;;Souscription en cours;Vérification d'identité;143.89
9501;13/05/2026 12:19:32;;Dossier validé;Parcours terminé;784.78
9502;13/05/2026 12:19:32;;Dossier validé;Parcours terminé;191.03
9503;13/05/2026 12:14:36;;Souscription en cours;Informations complémentaires (CA, Profession, etc.);650.48
9504;13/05/2026 12:14:36;;Souscription en cours;Informations complémentaires (CA, Profession, etc.);196.10
9505;13/05/2026 12:12:23;;Souscription non démarrée;Parcours non démarré;350.27
9506;13/05/2026 12:12:23;;Souscription non démarrée;Parcours non démarré;197.41
9507;13/05/2026 12:11:11;;Souscription en cours;Signature Contrat;954.77
9508;13/05/2026 12:11:11;;Souscription en cours;Signature Contrat;508.52
9509;13/05/2026 12:02:28;;Dossier validé;Parcours terminé;233.46
9510;13/05/2026 12:02:28;;Dossier validé;Parcours terminé;961.58
9511;13/05/2026 11:42:38;;Souscription en cours;Choix de l'offre et livraison;640.08
9512;13/05/2026 11:42:38;;Souscription en cours;Choix de l'offre et livraison;138.59
9513;13/05/2026 11:41:10;;Souscription non démarrée;Parcours non démarré;149.88
9514;13/05/2026 11:41:10;;Souscription non démarrée;Parcours non démarré;359.99
9515;13/05/2026 11:37:25;;Dossier validé;Parcours terminé;363.21
9516;13/05/2026 11:37:25;;Dossier validé;Parcours terminé;722.00
9517;13/05/2026 11:28:16;;Dossier refusé;Saisie société;169.64
9518;13/05/2026 11:28:16;;Dossier refusé;Saisie société;384.01
9519;13/05/2026 11:21:09;;Dossier validé;Parcours terminé;295.63
9520;13/05/2026 11:21:09;;Dossier validé;Parcours terminé;255.48
9521;13/05/2026 11:15:08;;Dossier validé;Parcours terminé;650.39
9522;13/05/2026 11:15:08;;Dossier validé;Parcours terminé;356.27
9523;13/05/2026 11:11:38;;Dossier validé;Parcours terminé;369.48
9524;13/05/2026 11:11:38;;Dossier validé;Parcours terminé;558.66
9525;13/05/2026 11:11:17;;Dossier validé;Parcours terminé;416.81
9526;13/05/2026 11:11:17;;Dossier validé;Parcours terminé;731.23
9527;13/05/2026 11:10:09;;Souscription en cours;Vérification d'identité;616.94
9528;13/05/2026 11:10:09;;Souscription en cours;Vérification d'identité;449.86
9529;13/05/2026 11:06:43;;Dossier refusé;Saisie société;970.29
9530;13/05/2026 11:06:43;;Dossier refusé;Saisie société;945.67
9531;13/05/2026 10:57:36;;Dossier validé;Parcours terminé;177.10
9532;13/05/2026 10:57:36;;Dossier validé;Parcours terminé;382.10
9533;13/05/2026 10:51:34;Manon LEFEBVRE;Dossier validé;Parcours terminé;123.33
9534;13/05/2026 10:51:34;Manon LEFEBVRE;Dossier validé;Parcours terminé;591.22
9535;13/05/2026 10:51:08;;Dossier validé;Parcours terminé;145.94
9536;13/05/2026 10:51:08;;Dossier validé;Parcours terminé;850.79
9537;13/05/2026 10:50:57;;Dossier validé;Parcours terminé;692.52
9538;13/05/2026 10:50:57;;Dossier validé;Parcours terminé;334.70
9539;13/05/2026 10:49:33;;Dossier validé;Parcours terminé;243.35
9540;13/05/2026 10:49:33;;Dossier validé;Parcours terminé;187.72
9541;13/05/2026 10:45:14;;Souscription en cours;Vérification d'identité;989.49
9542;13/05/2026 10:45:14;;Souscription en cours;Vérification d'identité;618.07
9543;13/05/2026 10:39:39;;Dossier validé;Parcours terminé;849.75
9544;13/05/2026 10:39:39;;Dossier validé;Parcours terminé;972.44
9545;13/05/2026 10:38:02;;Dossier refusé;Saisie société;299.98
9546;13/05/2026 10:38:02;;Dossier refusé;Saisie société;866.80
9547;13/05/2026 10:35:51;Adam LAURENT;Dossier validé;Parcours terminé;668.91
9548;13/05/2026 10:35:51;Adam LAURENT;Dossier validé;Parcours terminé;768.61
9549;13/05/2026 10:35:14;;Souscription en cours;Coordonnées personnelles;134.37
9550;13/05/2026 10:35:14;;Souscription en cours;Coordonnées personnelles;537.93
9551;13/05/2026 10:28:08;;Dossier validé;Parcours terminé;334.39
9552;13/05/2026 10:28:08;;Dossier validé;Parcours terminé;965.78
9553;13/05/2026 10:27:13;;Souscription en cours;Choix de l'offre et livraison;767.48
9554;13/05/2026 10:27:13;;Souscription en cours;Choix de l'offre et livraison;103.18
9555;13/05/2026 10:19:20;;Dossier refusé;Signature Contrat;301.18
9556;13/05/2026 10:19:20;;Dossier refusé;Signature Contrat;690.60
9557;13/05/2026 10:17:03;;Dossier validé;Parcours terminé;192.09
9558;13/05/2026 10:17:03;;Dossier validé;Parcours terminé;480.95
9559;13/05/2026 10:14:50;;Dossier validé;Parcours terminé;939.15
9560;13/05/2026 10:14:50;;Dossier validé;Parcours terminé;530.24
9561;13/05/2026 10:06:34;;Souscription en cours;Coordonnées personnelles;722.55
9562;13/05/2026 10:06:34;;Souscription en cours;Coordonnées personnelles;360.63
9563;13/05/2026 10:06:08;;Dossier validé;Parcours terminé;732.14
9564;13/05/2026 10:06:08;;Dossier validé;Parcours terminé;826.39
9565;13/05/2026 10:04:03;;Dossier validé;Parcours terminé;311.22
9566;13/05/2026 10:04:03;;Dossier validé;Parcours terminé;741.77
9567;13/05/2026 10:03:05;;Dossier validé;Parcours terminé;754.93
9568;13/05/2026 10:03:05;;Dossier validé;Parcours terminé;908.59
9569;13/05/2026 10:02:15;Zoé MULLER;Dossier validé;Parcours terminé;191.98
9570;13/05/2026 10:02:15;Zoé MULLER;Dossier validé;Parcours terminé;625.84
9571;13/05/2026 09:53:01;Manon LEFEBVRE;Dossier validé;Parcours terminé;226.08
9572;13/05/2026 09:53:01;Manon LEFEBVRE;Dossier validé;Parcours terminé;496.33
9573;13/05/2026 09:50:15;;Dossier validé;Parcours terminé;147.00
9574;13/05/2026 09:50:15;;Dossier validé;Parcours terminé;799.61
9575;13/05/2026 09:44:04;;Dossier refusé;Signature Contrat;853.80
9576;13/05/2026 09:44:04;;Dossier refusé;Signature Contrat;269.65
9577;13/05/2026 09:43:00;;Dossier validé;Parcours terminé;465.89
9578;13/05/2026 09:43:00;;Dossier validé;Parcours terminé;117.61
9579;13/05/2026 09:30:41;;Souscription en cours;Coordonnées personnelles;816.83
9580;13/05/2026 09:30:41;;Souscription en cours;Coordonnées personnelles;134.91
9581;13/05/2026 09:28:03;;Souscription en cours;Signature Contrat;390.81
9582;13/05/2026 09:28:03;;Souscription en cours;Signature Contrat;764.86
9583;13/05/2026 09:25:58;;Dossier validé;Parcours terminé;881.03
9584;13/05/2026 09:25:58;;Dossier validé;Parcours terminé;401.58
9585;13/05/2026 09:23:16;;Souscription en cours;Coordonnées personnelles;739.77
9586;13/05/2026 09:23:16;;Souscription en cours;Coordonnées personnelles;739.06
9587;13/05/2026 09:21:54;;Dossier validé;Parcours terminé;513.75
9588;13/05/2026 09:21:54;;Dossier validé;Parcours terminé;862.16
9589;13/05/2026 09:19:37;;Souscription en cours;Synchronisation référentiel personne NOVA;623.82
9590;13/05/2026 09:19:37;;Souscription en cours;Synchronisation référentiel personne NOVA;927.21
9591;13/05/2026 09:06:17;;Souscription en cours;Choix de l'offre et livraison;578.97
9592;13/05/2026 09:06:17;;Souscription en cours;Choix de l'offre et livraison;733.70
9593;13/05/2026 09:05:18;;Souscription non démarrée;Parcours non démarré;797.95
9594;13/05/2026 09:05:18;;Souscription non démarrée;Parcours non démarré;743.67
9595;13/05/2026 08:53:41;;Dossier validé;Parcours terminé;915.55
9596;13/05/2026 08:53:41;;Dossier validé;Parcours terminé;337.57
9597;13/05/2026 08:41:05;;Souscription en cours;Coordonnées personnelles;350.69
9598;13/05/2026 08:41:05;;Souscription en cours;Coordonnées personnelles;176.39
9599;13/05/2026 08:39:25;;Dossier refusé;Signature Contrat;953.02
9600;13/05/2026 08:39:25;;Dossier refusé;Signature Contrat;416.47
9601;13/05/2026 08:33:11;Z5681453;Dossier validé;Parcours terminé;205.28
9602;13/05/2026 08:33:11;Z5681453;Dossier validé;Parcours terminé;999.62
9603;13/05/2026 08:26:16;;Dossier validé;Parcours terminé;248.42
9604;13/05/2026 08:26:16;;Dossier validé;Parcours terminé;760.38
9605;13/05/2026 08:22:45;;Dossier validé;Parcours terminé;310.28
9606;13/05/2026 08:22:45;;Dossier validé;Parcours terminé;380.70
9607;13/05/2026 08:14:18;;Dossier validé;Parcours terminé;716.91
9608;13/05/2026 08:14:18;;Dossier validé;Parcours terminé;320.83
9609;13/05/2026 08:09:29;Adam LAURENT;Dossier validé;Parcours terminé;522.26
9610;13/05/2026 08:09:29;Adam LAURENT;Dossier validé;Parcours terminé;219.74
9611;13/05/2026 07:48:16;;Dossier refusé;Informations complémentaires (Etablissements, etc.);503.35
9612;13/05/2026 07:48:16;;Dossier refusé;Informations complémentaires (Etablissements, etc.);424.48
9613;13/05/2026 05:28:59;;Souscription en cours;Coordonnées personnelles;820.98
9614;13/05/2026 05:28:59;;Souscription en cours;Coordonnées personnelles;514.26
9615;13/05/2026 05:06:38;;Souscription non démarrée;Parcours non démarré;129.41
9616;13/05/2026 05:06:38;;Souscription non démarrée;Parcours non démarré;559.66
9617;13/05/2026 04:37:47;;Souscription non démarrée;Parcours non démarré;617.50
9618;13/05/2026 04:37:47;;Souscription non démarrée;Parcours non démarré;681.39
9619;13/05/2026 02:57:19;;Souscription non démarrée;Parcours non démarré;599.87
9620;13/05/2026 02:57:19;;Souscription non démarrée;Parcours non démarré;477.95
9621;13/05/2026 02:49:01;Manon LEFEBVRE;Dossier validé;Parcours terminé;242.19
9622;13/05/2026 02:49:01;Manon LEFEBVRE;Dossier validé;Parcours terminé;782.53
9623;13/05/2026 01:34:51;Manon LEFEBVRE;Dossier refusé;Saisie société;258.28
9624;13/05/2026 01:34:51;Manon LEFEBVRE;Dossier refusé;Saisie société;327.83
9625;13/05/2026 00:38:09;;Dossier refusé;Saisie société;702.30
9626;13/05/2026 00:38:09;;Dossier refusé;Saisie société;230.36
9627;12/05/2026 23:28:32;;Dossier validé;Parcours terminé;110.90
9628;12/05/2026 23:28:32;;Dossier validé;Parcours terminé;646.23
9629;12/05/2026 23:28:16;;Souscription en cours;Coordonnées personnelles;959.84
9630;12/05/2026 23:28:16;;Souscription en cours;Coordonnées personnelles;680.42
9631;12/05/2026 23:10:08;;Souscription en cours;Vérification d'identité;319.49
9632;12/05/2026 23:10:08;;Souscription en cours;Vérification d'identité;572.17
9633;12/05/2026 23:07:25;;Souscription en cours;Coordonnées personnelles;970.22
9634;12/05/2026 23:07:25;;Souscription en cours;Coordonnées personnelles;343.46
9635;12/05/2026 22:53:48;;Dossier validé;Parcours terminé;423.85
9636;12/05/2026 22:53:48;;Dossier validé;Parcours terminé;324.20
9637;12/05/2026 22:20:10;;Souscription en cours;Coordonnées personnelles;919.50
9638;12/05/2026 22:20:10;;Souscription en cours;Coordonnées personnelles;951.69
9639;12/05/2026 22:14:41;;Dossier validé;Parcours terminé;965.20
9640;12/05/2026 22:14:41;;Dossier validé;Parcours terminé;850.70
9641;12/05/2026 22:01:53;;Souscription non démarrée;Parcours non démarré;468.08
9642;12/05/2026 22:01:53;;Souscription non démarrée;Parcours non démarré;965.72
9643;12/05/2026 21:53:11;;Souscription en cours;Signature Contrat;562.09
9644;12/05/2026 21:53:11;;Souscription en cours;Signature Contrat;147.93
9645;12/05/2026 21:51:27;;Dossier refusé;Saisie société;720.31
9646;12/05/2026 21:51:27;;Dossier refusé;Saisie société;914.18
9647;12/05/2026 21:47:20;;Dossier validé;Parcours terminé;504.53
9648;12/05/2026 21:47:20;;Dossier validé;Parcours terminé;725.75
9649;12/05/2026 21:43:13;;Dossier validé;Parcours terminé;599.64
9650;12/05/2026 21:43:13;;Dossier validé;Parcours terminé;176.76
9651;12/05/2026 21:40:42;;Souscription non démarrée;Parcours non démarré;397.88
9652;12/05/2026 21:40:42;;Souscription non démarrée;Parcours non démarré;932.84
9653;12/05/2026 21:32:02;;Dossier validé;Parcours terminé;181.19
9654;12/05/2026 21:32:02;;Dossier validé;Parcours terminé;165.27
9655;12/05/2026 21:24:19;;Dossier refusé;Saisie société;592.50
9656;12/05/2026 21:24:19;;Dossier refusé;Saisie société;545.92
9657;12/05/2026 21:16:21;;Dossier refusé;Saisie société;210.38
9658;12/05/2026 21:16:21;;Dossier refusé;Saisie société;703.31
9659;12/05/2026 21:07:03;;Dossier refusé;Signature Contrat;581.50
9660;12/05/2026 21:07:03;;Dossier refusé;Signature Contrat;206.02
9661;12/05/2026 20:56:56;;Dossier validé;Parcours terminé;487.66
9662;12/05/2026 20:56:56;;Dossier validé;Parcours terminé;543.91
9663;12/05/2026 20:50:23;;Dossier validé;Parcours terminé;577.46
9664;12/05/2026 20:50:23;;Dossier validé;Parcours terminé;768.35
9665;12/05/2026 20:39:58;;Dossier validé;Parcours terminé;643.42
9666;12/05/2026 20:39:58;;Dossier validé;Parcours terminé;294.02
9667;12/05/2026 20:31:45;;Souscription en cours;Coordonnées personnelles;995.05
9668;12/05/2026 20:31:45;;Souscription en cours;Coordonnées personnelles;848.63
9669;12/05/2026 20:26:03;;Souscription en cours;Coordonnées personnelles;299.03
9670;12/05/2026 20:26:03;;Souscription en cours;Coordonnées personnelles;674.54
9671;12/05/2026 20:24:25;;Dossier validé;Parcours terminé;823.97
9672;12/05/2026 20:24:25;;Dossier validé;Parcours terminé;372.38
9673;12/05/2026 20:23:20;;Souscription non démarrée;Parcours non démarré;509.16
9674;12/05/2026 20:23:20;;Souscription non démarrée;Parcours non démarré;669.91
9675;12/05/2026 20:12:16;;Dossier refusé;Signature Contrat;337.62
9676;12/05/2026 20:12:16;;Dossier refusé;Signature Contrat;478.42
9677;12/05/2026 20:10:07;;Souscription en cours;Criblages BE(s);692.22
9678;12/05/2026 20:10:07;;Souscription en cours;Criblages BE(s);946.75
9679;12/05/2026 20:08:12;;Souscription en cours;Coordonnées personnelles;773.04
9680;12/05/2026 20:08:12;;Souscription en cours;Coordonnées personnelles;624.02
9681;12/05/2026 19:54:44;;Souscription non démarrée;Parcours non démarré;662.51
9682;12/05/2026 19:54:44;;Souscription non démarrée;Parcours non démarré;527.23
9683;12/05/2026 19:53:08;;Dossier validé;Parcours terminé;938.81
9684;12/05/2026 19:53:08;;Dossier validé;Parcours terminé;282.28
9685;12/05/2026 19:50:00;;Dossier validé;Parcours terminé;156.95
9686;12/05/2026 19:50:00;;Dossier validé;Parcours terminé;206.89
9687;12/05/2026 19:47:21;;Souscription en cours;Choix de l'offre et livraison;802.45
9688;12/05/2026 19:47:21;;Souscription en cours;Choix de l'offre et livraison;907.28
9689;12/05/2026 19:47:13;;Dossier validé;Parcours terminé;542.77
9690;12/05/2026 19:47:13;;Dossier validé;Parcours terminé;354.05
9691;12/05/2026 19:37:48;;Dossier validé;Parcours terminé;793.14
9692;12/05/2026 19:37:48;;Dossier validé;Parcours terminé;113.91
9693;12/05/2026 19:26:12;Manon LEFEBVRE;Dossier validé;Parcours terminé;181.48
9694;12/05/2026 19:26:12;Manon LEFEBVRE;Dossier validé;Parcours terminé;342.71
9695;12/05/2026 19:24:00;Hugo MARTIN;Dossier validé;Parcours terminé;834.95
9696;12/05/2026 19:24:00;Hugo MARTIN;Dossier validé;Parcours terminé;305.92
9697;12/05/2026 18:56:14;;Souscription en cours;Signature Contrat;362.51
9698;12/05/2026 18:56:14;;Souscription en cours;Signature Contrat;169.82
9699;12/05/2026 18:54:23;;Souscription non démarrée;Parcours non démarré;971.45
9700;12/05/2026 18:54:23;;Souscription non démarrée;Parcours non démarré;687.26
9701;12/05/2026 18:49:00;;Dossier refusé;Saisie société;975.10
9702;12/05/2026 18:49:00;;Dossier refusé;Saisie société;210.77
9703;12/05/2026 18:48:52;;Dossier validé;Parcours terminé;374.62
9704;12/05/2026 18:48:52;;Dossier validé;Parcours terminé;396.07
9705;12/05/2026 18:46:26;;Souscription en cours;Informations complémentaires (Etablissements, etc.);410.71
9706;12/05/2026 18:46:26;;Souscription en cours;Informations complémentaires (Etablissements, etc.);202.31
9707;12/05/2026 18:42:42;;Souscription en cours;Choix de l'offre et livraison;401.20
9708;12/05/2026 18:42:42;;Souscription en cours;Choix de l'offre et livraison;442.14
9709;12/05/2026 18:40:02;;Souscription en cours;Coordonnées personnelles;501.32
9710;12/05/2026 18:40:02;;Souscription en cours;Coordonnées personnelles;587.66
9711;12/05/2026 18:33:53;Adam LAURENT;Dossier validé;Parcours terminé;404.50
9712;12/05/2026 18:33:53;Adam LAURENT;Dossier validé;Parcours terminé;293.22
9713;12/05/2026 18:26:38;;Souscription en cours;Coordonnées personnelles;166.82
9714;12/05/2026 18:26:38;;Souscription en cours;Coordonnées personnelles;135.12
9715;12/05/2026 18:15:40;;Souscription non démarrée;Parcours non démarré;696.42
9716;12/05/2026 18:15:40;;Souscription non démarrée;Parcours non démarré;647.66
9717;12/05/2026 18:04:03;;Dossier validé;Parcours terminé;344.91
9718;12/05/2026 18:04:03;;Dossier validé;Parcours terminé;995.97
9719;12/05/2026 18:01:36;;Dossier refusé;Saisie société;986.54
9720;12/05/2026 18:01:36;;Dossier refusé;Saisie société;205.75
9721;12/05/2026 17:55:47;;Dossier refusé;Saisie société;312.17
9722;12/05/2026 17:55:47;;Dossier refusé;Saisie société;639.64
9723;12/05/2026 17:41:56;;Souscription en cours;Choix de l'offre et livraison;276.79
9724;12/05/2026 17:41:56;;Souscription en cours;Choix de l'offre et livraison;839.21
9725;12/05/2026 17:28:25;Hugo MARTIN;Dossier validé;Parcours terminé;745.58
9726;12/05/2026 17:28:25;Hugo MARTIN;Dossier validé;Parcours terminé;628.50
9727;12/05/2026 17:23:35;;Souscription en cours;Vérification d'identité;946.76
9728;12/05/2026 17:23:35;;Souscription en cours;Vérification d'identité;845.36
9729;12/05/2026 17:15:47;Hugo MARTIN;Dossier validé;Parcours terminé;154.96
9730;12/05/2026 17:15:47;Hugo MARTIN;Dossier validé;Parcours terminé;132.35
9731;12/05/2026 17:12:27;;Dossier validé;Parcours terminé;754.86
9732;12/05/2026 17:12:27;;Dossier validé;Parcours terminé;936.59
9733;12/05/2026 17:10:38;;Souscription en cours;Coordonnées personnelles;172.25
9734;12/05/2026 17:10:38;;Souscription en cours;Coordonnées personnelles;328.22
9735;12/05/2026 17:10:05;;Dossier refusé;Signature Contrat;955.91
9736;12/05/2026 17:10:05;;Dossier refusé;Signature Contrat;142.68
9737;12/05/2026 17:08:44;;Souscription en cours;Signature Contrat;550.27
9738;12/05/2026 17:08:44;;Souscription en cours;Signature Contrat;857.36
9739;12/05/2026 17:08:25;;Souscription non démarrée;Parcours non démarré;820.86
9740;12/05/2026 17:08:25;;Souscription non démarrée;Parcours non démarré;986.48
9741;12/05/2026 17:06:20;;Souscription en cours;Choix de l'offre et livraison;622.78
9742;12/05/2026 17:06:20;;Souscription en cours;Choix de l'offre et livraison;917.66
9743;12/05/2026 16:50:40;;Souscription en cours;Coordonnées personnelles;448.86
9744;12/05/2026 16:50:40;;Souscription en cours;Coordonnées personnelles;889.93
9745;12/05/2026 16:32:47;;Souscription en cours;Vérification d'identité;121.84
9746;12/05/2026 16:32:47;;Souscription en cours;Vérification d'identité;574.32
9747;12/05/2026 16:19:17;;Dossier refusé;Saisie société;157.69
9748;12/05/2026 16:19:17;;Dossier refusé;Saisie société;277.14
9749;12/05/2026 16:13:44;;Souscription en cours;Vérification d'identité;747.58
9750;12/05/2026 16:13:44;;Souscription en cours;Vérification d'identité;374.68
9751;12/05/2026 16:10:08;;Dossier refusé;Saisie société;600.82
9752;12/05/2026 16:10:08;;Dossier refusé;Saisie société;502.70
9753;12/05/2026 16:08:29;;Souscription en cours;Coordonnées personnelles;876.52
9754;12/05/2026 16:08:29;;Souscription en cours;Coordonnées personnelles;195.75
9755;12/05/2026 16:06:18;;Dossier validé;Parcours terminé;531.66
9756;12/05/2026 16:06:18;;Dossier validé;Parcours terminé;532.68
9757;12/05/2026 16:01:41;;Dossier refusé;Choix de l'offre et livraison;864.84
9758;12/05/2026 16:01:41;;Dossier refusé;Choix de l'offre et livraison;850.07
9759;12/05/2026 15:53:38;;Souscription en cours;Vérification d'identité;144.64
9760;12/05/2026 15:53:38;;Souscription en cours;Vérification d'identité;535.39
9761;12/05/2026 15:47:02;;Souscription en cours;Coordonnées personnelles;825.20
9762;12/05/2026 15:47:02;;Souscription en cours;Coordonnées personnelles;502.25
9763;12/05/2026 15:39:50;;Dossier validé;Parcours terminé;957.20
9764;12/05/2026 15:39:50;;Dossier validé;Parcours terminé;346.81
9765;12/05/2026 15:36:07;;Dossier validé;Parcours terminé;164.22
9766;12/05/2026 15:36:07;;Dossier validé;Parcours terminé;692.23
9767;12/05/2026 15:35:03;Louis MARTIN;Dossier validé;Parcours terminé;527.29
9768;12/05/2026 15:35:03;Louis MARTIN;Dossier validé;Parcours terminé;296.43
9769;12/05/2026 15:33:08;;Souscription non démarrée;Parcours non démarré;664.80
9770;12/05/2026 15:33:08;;Souscription non démarrée;Parcours non démarré;495.43
9771;12/05/2026 15:29:48;;Souscription en cours;Coordonnées personnelles;422.70
9772;12/05/2026 15:29:48;;Souscription en cours;Coordonnées personnelles;184.96
9773;12/05/2026 15:20:47;Manon LEFEBVRE;Dossier validé;Parcours terminé;828.39
9774;12/05/2026 15:20:47;Manon LEFEBVRE;Dossier validé;Parcours terminé;449.68
9775;12/05/2026 15:18:25;;Dossier validé;Parcours terminé;143.04
9776;12/05/2026 15:18:25;;Dossier validé;Parcours terminé;124.98
9777;12/05/2026 15:11:39;;Souscription en cours;Vérification d'identité;817.79
9778;12/05/2026 15:11:39;;Souscription en cours;Vérification d'identité;241.94
9779;12/05/2026 15:11:15;Hugo MARTIN;Dossier validé;Parcours terminé;238.27
9780;12/05/2026 15:11:15;Hugo MARTIN;Dossier validé;Parcours terminé;248.51
9781;12/05/2026 15:01:02;;Souscription en cours;Choix de l'offre et livraison;717.27
9782;12/05/2026 15:01:02;;Souscription en cours;Choix de l'offre et livraison;496.41
9783;12/05/2026 14:59:15;;Dossier refusé;Saisie société;502.39
9784;12/05/2026 14:59:15;;Dossier refusé;Saisie société;612.47
9785;12/05/2026 14:58:49;;Souscription en cours;Informations complémentaires (CA, Profession, etc.);739.95
9786;12/05/2026 14:58:49;;Souscription en cours;Informations complémentaires (CA, Profession, etc.);484.15
9787;12/05/2026 14:57:59;;Souscription en cours;Coordonnées personnelles;697.15
9788;12/05/2026 14:57:59;;Souscription en cours;Coordonnées personnelles;384.92
9789;12/05/2026 14:57:06;;Dossier validé;Parcours terminé;257.44
9790;12/05/2026 14:57:06;;Dossier validé;Parcours terminé;835.91
9791;12/05/2026 14:54:49;;Dossier validé;Parcours terminé;427.68
9792;12/05/2026 14:54:49;;Dossier validé;Parcours terminé;440.77
9793;12/05/2026 14:36:17;;Dossier validé;Parcours terminé;781.27
9794;12/05/2026 14:36:17;;Dossier validé;Parcours terminé;300.27
9795;12/05/2026 14:31:40;;Dossier validé;Parcours terminé;134.63
9796;12/05/2026 14:31:40;;Dossier validé;Parcours terminé;284.52
9797;12/05/2026 14:31:14;;Dossier refusé;Saisie société;831.60
9798;12/05/2026 14:31:14;;Dossier refusé;Saisie société;518.57
9799;12/05/2026 14:20:24;;Dossier validé;Parcours terminé;306.18
9800;12/05/2026 14:20:24;;Dossier validé;Parcours terminé;349.82
9801;12/05/2026 14:07:44;;Souscription en cours;Signature Contrat;378.62
9802;12/05/2026 14:07:44;;Souscription en cours;Signature Contrat;587.27
9803;12/05/2026 13:53:38;;Dossier refusé;Informations complémentaires (CA, Profession, etc.);456.23
9804;12/05/2026 13:53:38;;Dossier refusé;Informations complémentaires (CA, Profession, etc.);767.85
9805;12/05/2026 13:50:49;;Dossier validé;Parcours terminé;183.72
9806;12/05/2026 13:50:49;;Dossier validé;Parcours terminé;856.15
9807;12/05/2026 13:38:12;;Dossier validé;Parcours terminé;212.57
9808;12/05/2026 13:38:12;;Dossier validé;Parcours terminé;538.62
9809;12/05/2026 13:34:23;Zoé MULLER;Dossier validé;Parcours terminé;381.49
9810;12/05/2026 13:34:23;Zoé MULLER;Dossier validé;Parcours terminé;125.31
9811;12/05/2026 13:22:08;;Souscription en cours;Coordonnées personnelles;328.31
9812;12/05/2026 13:22:08;;Souscription en cours;Coordonnées personnelles;163.92
9813;12/05/2026 13:18:59;;Souscription en cours;Coordonnées personnelles;923.24
9814;12/05/2026 13:18:59;;Souscription en cours;Coordonnées personnelles;422.41
9815;12/05/2026 13:10:01;;Souscription en cours;Coordonnées personnelles;964.61
9816;12/05/2026 13:10:01;;Souscription en cours;Coordonnées personnelles;784.22
9817;12/05/2026 12:47:40;;Souscription non démarrée;Parcours non démarré;668.53
9818;12/05/2026 12:47:40;;Souscription non démarrée;Parcours non démarré;371.58
9819;12/05/2026 12:46:07;;Dossier validé;Parcours terminé;345.25
9820;12/05/2026 12:46:07;;Dossier validé;Parcours terminé;238.45
9821;12/05/2026 12:44:16;;Dossier refusé;Saisie société;710.66
9822;12/05/2026 12:44:16;;Dossier refusé;Saisie société;246.75
9823;12/05/2026 12:33:00;;Dossier validé;Parcours terminé;486.84
9824;12/05/2026 12:33:00;;Dossier validé;Parcours terminé;779.27
9825;12/05/2026 12:27:35;;Souscription en cours;Choix de l'offre et livraison;629.73
9826;12/05/2026 12:27:35;;Souscription en cours;Choix de l'offre et livraison;903.91
9827;12/05/2026 12:10:52;;Souscription en cours;Informations complémentaires (CA, Profession, etc.);355.18
9828;12/05/2026 12:10:52;;Souscription en cours;Informations complémentaires (CA, Profession, etc.);312.97
9829;12/05/2026 12:04:05;;Dossier validé;Parcours terminé;280.82
9830;12/05/2026 12:04:05;;Dossier validé;Parcours terminé;223.37
9831;12/05/2026 11:56:17;;Souscription en cours;Coordonnées personnelles;790.12
9832;12/05/2026 11:56:17;;Souscription en cours;Coordonnées personnelles;828.62
9833;12/05/2026 11:55:23;;Souscription en cours;Coordonnées personnelles;750.39
9834;12/05/2026 11:55:23;;Souscription en cours;Coordonnées personnelles;799.55
9835;12/05/2026 11:42:15;;Dossier refusé;Saisie société;296.01
9836;12/05/2026 11:42:15;;Dossier refusé;Saisie société;340.18
9837;12/05/2026 11:37:17;;Souscription en cours;Coordonnées personnelles;287.64
9838;12/05/2026 11:37:17;;Souscription en cours;Coordonnées personnelles;935.15
9839;12/05/2026 11:36:00;;Dossier validé;Parcours terminé;173.93
9840;12/05/2026 11:36:00;;Dossier validé;Parcours terminé;802.11
9841;12/05/2026 11:29:24;;Souscription en cours;Coordonnées personnelles;965.60
9842;12/05/2026 11:29:24;;Souscription en cours;Coordonnées personnelles;645.97
9843;12/05/2026 11:27:25;;Souscription en cours;Coordonnées personnelles;304.14
9844;12/05/2026 11:27:25;;Souscription en cours;Coordonnées personnelles;621.15
9845;12/05/2026 11:26:19;;Dossier validé;Parcours terminé;630.32
9846;12/05/2026 11:26:19;;Dossier validé;Parcours terminé;302.06
9847;12/05/2026 11:09:49;;Dossier validé;Parcours terminé;185.28
9848;12/05/2026 11:09:49;;Dossier validé;Parcours terminé;411.57
9849;12/05/2026 11:07:47;;Dossier validé;Parcours terminé;277.14
9850;12/05/2026 11:07:47;;Dossier validé;Parcours terminé;926.27
9851;12/05/2026 10:52:49;Adam LAURENT;Dossier validé;Parcours terminé;572.17
9852;12/05/2026 10:52:49;Adam LAURENT;Dossier validé;Parcours terminé;124.41
9853;12/05/2026 10:41:31;;Dossier validé;Parcours terminé;852.53
9854;12/05/2026 10:41:31;;Dossier validé;Parcours terminé;504.04
9855;12/05/2026 10:29:59;;Dossier validé;Parcours terminé;953.72
9856;12/05/2026 10:29:59;;Dossier validé;Parcours terminé;331.35
9857;12/05/2026 10:29:10;;Souscription en cours;Vérification d'identité;874.70
9858;12/05/2026 10:29:10;;Souscription en cours;Vérification d'identité;288.22
9859;12/05/2026 10:18:53;;Dossier refusé;Saisie société;583.27
9860;12/05/2026 10:18:53;;Dossier refusé;Saisie société;390.25
9861;12/05/2026 10:16:10;;Souscription en cours;Criblages BE(s);214.25
9862;12/05/2026 10:16:10;;Souscription en cours;Criblages BE(s);930.18
9863;12/05/2026 09:57:22;;Souscription non démarrée;Parcours non démarré;572.34
9864;12/05/2026 09:57:22;;Souscription non démarrée;Parcours non démarré;841.43
9865;12/05/2026 09:42:40;;Dossier validé;Parcours terminé;749.50
9866;12/05/2026 09:42:40;;Dossier validé;Parcours terminé;956.40
9867;12/05/2026 09:25:30;;Dossier refusé;Parcours terminé;383.20
9868;12/05/2026 09:25:30;;Dossier refusé;Parcours terminé;523.01
9869;12/05/2026 09:12:08;;Dossier validé;Parcours terminé;861.94
9870;12/05/2026 09:12:08;;Dossier validé;Parcours terminé;181.20
9871;12/05/2026 09:11:34;;Souscription en cours;Signature Contrat;381.31
9872;12/05/2026 09:11:34;;Souscription en cours;Signature Contrat;475.79
9873;12/05/2026 09:06:46;;Dossier refusé;Parcours non démarré;659.76
9874;12/05/2026 09:06:46;;Dossier refusé;Parcours non démarré;813.05
9875;12/05/2026 08:52:36;;Dossier validé;Parcours terminé;670.76
9876;12/05/2026 08:52:36;;Dossier validé;Parcours terminé;694.10
9877;12/05/2026 08:44:35;;Souscription en cours;Vérification d'identité;797.54
9878;12/05/2026 08:44:35;;Souscription en cours;Vérification d'identité;435.59
9879;12/05/2026 08:43:06;;Dossier validé;Parcours terminé;320.28
9880;12/05/2026 08:43:06;;Dossier validé;Parcours terminé;358.80
9881;12/05/2026 08:36:59;;Dossier validé;Parcours terminé;628.65
9882;12/05/2026 08:36:59;;Dossier validé;Parcours terminé;355.74
9883;12/05/2026 08:34:18;Rayan MICHEL;Dossier validé;Parcours terminé;897.90
9884;12/05/2026 08:34:18;Rayan MICHEL;Dossier validé;Parcours terminé;583.91
9885;12/05/2026 08:33:15;;Dossier refusé;Saisie société;813.15
9886;12/05/2026 08:33:15;;Dossier refusé;Saisie société;644.38
9887;12/05/2026 07:59:03;;Souscription non démarrée;Parcours non démarré;444.46
9888;12/05/2026 07:59:03;;Souscription non démarrée;Parcours non démarré;841.78
9889;12/05/2026 07:44:41;;Dossier refusé;Saisie société;814.95
9890;12/05/2026 07:44:41;;Dossier refusé;Saisie société;390.97
9891;12/05/2026 07:05:01;;Souscription en cours;Choix de l'offre et livraison;225.46
9892;12/05/2026 07:05:01;;Souscription en cours;Choix de l'offre et livraison;615.66
9893;12/05/2026 05:57:50;Inès MICHEL;Dossier validé;Parcours terminé;330.29
9894;12/05/2026 05:57:50;Inès MICHEL;Dossier validé;Parcours terminé;403.72
9895;12/05/2026 04:14:55;;Souscription en cours;Coordonnées personnelles;991.94
9896;12/05/2026 04:14:55;;Souscription en cours;Coordonnées personnelles;353.28
9897;12/05/2026 03:24:10;;Dossier validé;Parcours terminé;489.84
9898;12/05/2026 03:24:10;;Dossier validé;Parcours terminé;121.78
9899;12/05/2026 02:59:06;;Souscription en cours;Choix de l'offre et livraison;851.13
9900;12/05/2026 02:59:06;;Souscription en cours;Choix de l'offre et livraison;482.50
9901;12/05/2026 02:50:26;;Souscription en cours;Coordonnées personnelles;185.83
9902;12/05/2026 02:50:26;;Souscription en cours;Coordonnées personnelles;838.45
9903;12/05/2026 01:06:15;;Souscription en cours;Choix de l'offre et livraison;632.04
9904;12/05/2026 01:06:15;;Souscription en cours;Choix de l'offre et livraison;823.67
9905;12/05/2026 00:12:12;;Dossier refusé;Bénéficiaire effectifs;315.66
9906;12/05/2026 00:12:12;;Dossier refusé;Bénéficiaire effectifs;999.43
9907;12/05/2026 00:05:15;;Dossier validé;Parcours terminé;956.13
9908;12/05/2026 00:05:15;;Dossier validé;Parcours terminé;921.10
9909;11/05/2026 23:32:57;;Dossier validé;Parcours terminé;242.26
9910;11/05/2026 23:32:57;;Dossier validé;Parcours terminé;873.46
9911;11/05/2026 23:08:37;;Souscription en cours;Bénéficiaire effectifs;969.19
9912;11/05/2026 23:08:37;;Souscription en cours;Bénéficiaire effectifs;876.82
9913;11/05/2026 22:46:37;;Dossier refusé;Bénéficiaire effectifs;226.54
9914;11/05/2026 22:46:37;;Dossier refusé;Bénéficiaire effectifs;829.48
9915;11/05/2026 22:28:12;;Dossier validé;Parcours terminé;109.77
9916;11/05/2026 22:28:12;;Dossier validé;Parcours terminé;549.40
9917;11/05/2026 22:03:37;;Souscription en cours;Informations complémentaires (Etablissements, etc.);989.54
9918;11/05/2026 22:03:37;;Souscription en cours;Informations complémentaires (Etablissements, etc.);477.72
9919;11/05/2026 22:00:52;;Souscription non démarrée;Parcours non démarré;254.33
9920;11/05/2026 22:00:52;;Souscription non démarrée;Parcours non démarré;990.62
9921;11/05/2026 21:44:35;;Dossier validé;Parcours terminé;628.90
9922;11/05/2026 21:44:35;;Dossier validé;Parcours terminé;330.27
9923;11/05/2026 21:16:28;;Souscription non démarrée;Parcours non démarré;869.64
9924;11/05/2026 21:16:28;;Souscription non démarrée;Parcours non démarré;721.58
9925;11/05/2026 20:42:39;;Dossier validé;Parcours terminé;321.02
9926;11/05/2026 20:42:39;;Dossier validé;Parcours terminé;288.18
9927;11/05/2026 20:07:06;;Souscription non démarrée;Parcours non démarré;128.92
9928;11/05/2026 20:07:06;;Souscription non démarrée;Parcours non démarré;315.10
9929;11/05/2026 19:53:04;;Dossier validé;Parcours terminé;615.81
9930;11/05/2026 19:53:04;;Dossier validé;Parcours terminé;986.25
9931;11/05/2026 19:42:57;;Dossier validé;Parcours terminé;885.10
9932;11/05/2026 19:42:57;;Dossier validé;Parcours terminé;867.26
9933;11/05/2026 19:32:38;Manon LEFEBVRE;Dossier refusé;Signature Contrat;375.60
9934;11/05/2026 19:32:38;Manon LEFEBVRE;Dossier refusé;Signature Contrat;280.22
9935;11/05/2026 19:31:35;;En attente d'analyse Agent - Dossier avec erreurs;Signature Contrat;959.09
9936;11/05/2026 19:31:35;;En attente d'analyse Agent - Dossier avec erreurs;Signature Contrat;230.34
9937;11/05/2026 19:08:54;;Dossier refusé;Saisie société;619.08
9938;11/05/2026 19:08:54;;Dossier refusé;Saisie société;267.94
9939;11/05/2026 18:12:27;;Souscription en cours;Choix de l'offre et livraison;694.34
9940;11/05/2026 18:12:27;;Souscription en cours;Choix de l'offre et livraison;262.00
9941;11/05/2026 18:06:00;;Dossier validé;Parcours terminé;151.78
9942;11/05/2026 18:06:00;;Dossier validé;Parcours terminé;389.44
9943;11/05/2026 18:01:27;;Dossier refusé;Saisie société;930.29
9944;11/05/2026 18:01:27;;Dossier refusé;Saisie société;170.19
9945;11/05/2026 17:57:09;;Souscription non démarrée;Parcours non démarré;533.35
9946;11/05/2026 17:57:09;;Souscription non démarrée;Parcours non démarré;763.67
9947;11/05/2026 17:49:49;;Souscription en cours;Informations complémentaires (Etablissements, etc.);284.19
9948;11/05/2026 17:49:49;;Souscription en cours;Informations complémentaires (Etablissements, etc.);794.65
9949;11/05/2026 17:41:43;;Souscription en cours;Synchronisation référentiel personne NOVA;262.85
9950;11/05/2026 17:41:43;;Souscription en cours;Synchronisation référentiel personne NOVA;678.12
9951;11/05/2026 17:38:56;;Dossier refusé;Saisie société;744.97
9952;11/05/2026 17:38:56;;Dossier refusé;Saisie société;734.13
9953;11/05/2026 17:35:44;;Dossier refusé;Saisie société;641.95
9954;11/05/2026 17:35:44;;Dossier refusé;Saisie société;133.18
9955;11/05/2026 17:27:42;;Souscription en cours;Informations complémentaires (CA, Profession, etc.);974.73
9956;11/05/2026 17:27:42;;Souscription en cours;Informations complémentaires (CA, Profession, etc.);280.01
9957;11/05/2026 17:14:17;;Dossier validé;Parcours terminé;642.74
9958;11/05/2026 17:14:17;;Dossier validé;Parcours terminé;555.34
9959;11/05/2026 17:14:02;;Dossier validé;Parcours terminé;191.65
9960;11/05/2026 17:14:02;;Dossier validé;Parcours terminé;889.11
9961;11/05/2026 17:07:54;;Dossier validé;Parcours terminé;493.68
9962;11/05/2026 17:07:54;;Dossier validé;Parcours terminé;820.51
9963;11/05/2026 16:51:29;;Souscription en cours;Coordonnées personnelles;211.07
9964;11/05/2026 16:51:29;;Souscription en cours;Coordonnées personnelles;510.07
9965;11/05/2026 16:45:04;;Souscription en cours;Vérification d'identité;353.59
9966;11/05/2026 16:45:04;;Souscription en cours;Vérification d'identité;204.98
9967;11/05/2026 16:41:45;;Souscription en cours;Bénéficiaire effectifs;326.41
9968;11/05/2026 16:41:45;;Souscription en cours;Bénéficiaire effectifs;129.09
9969;11/05/2026 16:37:14;;Dossier refusé;Parcours non démarré;136.62
9970;11/05/2026 16:37:14;;Dossier refusé;Parcours non démarré;867.21
9971;11/05/2026 16:33:52;;Souscription en cours;Informations complémentaires (Etablissements, etc.);805.39
9972;11/05/2026 16:33:52;;Souscription en cours;Informations complémentaires (Etablissements, etc.);734.07
9973;11/05/2026 16:31:56;;En attente d'analyse Agent - Dossier avec erreurs;Signature Contrat;456.15
9974;11/05/2026 16:31:56;;En attente d'analyse Agent - Dossier avec erreurs;Signature Contrat;454.62
9975;11/05/2026 16:31:19;;Souscription en cours;Signature Contrat;346.15
9976;11/05/2026 16:31:19;;Souscription en cours;Signature Contrat;601.73
9977;11/05/2026 16:27:05;;Souscription en cours;Vérification d'identité;891.18
9978;11/05/2026 16:27:05;;Souscription en cours;Vérification d'identité;585.25
9979;11/05/2026 16:26:44;;Souscription en cours;Coordonnées personnelles;567.81
9980;11/05/2026 16:26:44;;Souscription en cours;Coordonnées personnelles;389.60
9981;11/05/2026 15:59:02;;Dossier validé;Parcours terminé;529.44
9982;11/05/2026 15:59:02;;Dossier validé;Parcours terminé;398.09
9983;11/05/2026 15:29:41;;Souscription en cours;Vérification d'identité;287.26
9984;11/05/2026 15:29:41;;Souscription en cours;Vérification d'identité;886.72
9985;11/05/2026 15:22:04;;Dossier validé;Parcours terminé;360.68
9986;11/05/2026 15:22:04;;Dossier validé;Parcours terminé;988.37
9987;11/05/2026 15:16:33;;Souscription non démarrée;Parcours non démarré;458.91
9988;11/05/2026 15:16:33;;Souscription non démarrée;Parcours non démarré;789.63
9989;11/05/2026 14:55:40;;Dossier validé;Parcours terminé;981.29
9990;11/05/2026 14:55:40;;Dossier validé;Parcours terminé;465.91
9991;11/05/2026 14:51:25;Z5735392;Dossier validé;Parcours terminé;457.99
9992;11/05/2026 14:51:25;Z5735392;Dossier validé;Parcours terminé;857.19
9993;11/05/2026 14:42:49;;Dossier refusé;Saisie société;771.05
9994;11/05/2026 14:42:49;;Dossier refusé;Saisie société;214.34
9995;11/05/2026 14:40:04;;Dossier validé;Parcours terminé;607.15
9996;11/05/2026 14:40:04;;Dossier validé;Parcours terminé;620.71
9997;11/05/2026 14:36:00;;Dossier validé;Parcours terminé;238.20
9998;11/05/2026 14:36:00;;Dossier validé;Parcours terminé;535.51
9999;11/05/2026 14:34:05;;Dossier validé;Parcours terminé;905.88
10000;11/05/2026 14:34:05;;Dossier validé;Parcours terminé;533.59
10001;11/05/2026 14:26:07;;Souscription non démarrée;Parcours non démarré;407.29
10002;11/05/2026 14:26:07;;Souscription non démarrée;Parcours non démarré;585.12
10003;11/05/2026 14:25:13;;Dossier validé;Parcours terminé;756.13
10004;11/05/2026 14:25:13;;Dossier validé;Parcours terminé;283.08
10005;11/05/2026 14:24:20;;Dossier validé;Parcours terminé;324.41
10006;11/05/2026 14:24:20;;Dossier validé;Parcours terminé;478.54
10007;11/05/2026 14:20:24;;Souscription en cours;Signature Contrat;273.42
10008;11/05/2026 14:20:24;;Souscription en cours;Signature Contrat;796.61
10009;11/05/2026 14:17:13;;Souscription en cours;Coordonnées personnelles;515.95
10010;11/05/2026 14:17:13;;Souscription en cours;Coordonnées personnelles;708.49
10011;11/05/2026 14:06:31;;Dossier validé;Parcours terminé;261.26
10012;11/05/2026 14:06:31;;Dossier validé;Parcours terminé;378.78
10013;11/05/2026 14:06:27;;Souscription en cours;Vérification d'identité;857.28
10014;11/05/2026 14:06:27;;Souscription en cours;Vérification d'identité;758.76
10015;11/05/2026 13:54:05;;Dossier validé;Parcours terminé;979.17
10016;11/05/2026 13:54:05;;Dossier validé;Parcours terminé;410.53
10017;11/05/2026 13:30:40;;Souscription en cours;Coordonnées personnelles;747.87
10018;11/05/2026 13:30:40;;Souscription en cours;Coordonnées personnelles;491.28
10019;11/05/2026 13:13:14;;Souscription en cours;Coordonnées personnelles;511.80
10020;11/05/2026 13:13:14;;Souscription en cours;Coordonnées personnelles;688.48
10021;11/05/2026 13:03:01;;Dossier refusé;Saisie société;415.17
10022;11/05/2026 13:03:01;;Dossier refusé;Saisie société;939.09
10023;11/05/2026 13:02:42;;Dossier validé;Parcours terminé;191.69
10024;11/05/2026 13:02:42;;Dossier validé;Parcours terminé;435.64
10025;11/05/2026 13:00:07;;Dossier validé;Parcours terminé;338.02
10026;11/05/2026 13:00:07;;Dossier validé;Parcours terminé;877.53
10027;11/05/2026 12:50:55;;Souscription non démarrée;Parcours non démarré;914.02
10028;11/05/2026 12:50:55;;Souscription non démarrée;Parcours non démarré;589.13
10029;11/05/2026 12:42:16;;Dossier refusé;Informations complémentaires (Etablissements, etc.);191.74
10030;11/05/2026 12:42:16;;Dossier refusé;Informations complémentaires (Etablissements, etc.);778.79
10031;11/05/2026 12:36:56;;Souscription en cours;Coordonnées personnelles;385.59
10032;11/05/2026 12:36:56;;Souscription en cours;Coordonnées personnelles;460.14
10033;11/05/2026 12:31:23;;Dossier validé;Parcours terminé;721.54
10034;11/05/2026 12:31:23;;Dossier validé;Parcours terminé;618.02
10035;11/05/2026 12:18:31;;Souscription en cours;Signature Contrat;383.88
10036;11/05/2026 12:18:31;;Souscription en cours;Signature Contrat;741.82
10037;11/05/2026 12:08:04;;Dossier refusé;Saisie société;705.84
10038;11/05/2026 12:08:04;;Dossier refusé;Saisie société;943.50
10039;11/05/2026 12:03:16;;Souscription en cours;Coordonnées personnelles;446.67
10040;11/05/2026 12:03:16;;Souscription en cours;Coordonnées personnelles;440.95
10041;11/05/2026 11:58:07;;Dossier validé;Parcours terminé;436.68
10042;11/05/2026 11:58:07;;Dossier validé;Parcours terminé;859.96
10043;11/05/2026 11:54:47;;Souscription en cours;Coordonnées personnelles;718.12
10044;11/05/2026 11:54:47;;Souscription en cours;Coordonnées personnelles;242.54
10045;11/05/2026 11:50:04;;Dossier validé;Parcours terminé;265.03
10046;11/05/2026 11:50:04;;Dossier validé;Parcours terminé;660.23
10047;11/05/2026 11:37:33;;Dossier validé;Parcours terminé;767.79
10048;11/05/2026 11:37:33;;Dossier validé;Parcours terminé;250.22
10049;11/05/2026 11:30:04;;Souscription en cours;Signature Contrat;563.70
10050;11/05/2026 11:30:04;;Souscription en cours;Signature Contrat;875.61
10051;11/05/2026 11:29:25;;Souscription en cours;Coordonnées personnelles;513.43
10052;11/05/2026 11:29:25;;Souscription en cours;Coordonnées personnelles;768.83
10053;11/05/2026 11:04:49;;Dossier validé;Parcours terminé;946.38
10054;11/05/2026 11:04:49;;Dossier validé;Parcours terminé;574.48
10055;11/05/2026 10:52:24;;Dossier validé;Parcours terminé;260.52
10056;11/05/2026 10:52:24;;Dossier validé;Parcours terminé;472.15
10057;11/05/2026 10:48:34;;Souscription non démarrée;Parcours non démarré;718.96
10058;11/05/2026 10:48:34;;Souscription non démarrée;Parcours non démarré;279.17
10059;11/05/2026 10:04:24;;Dossier validé;Parcours terminé;849.97
10060;11/05/2026 10:04:24;;Dossier validé;Parcours terminé;985.63
10061;11/05/2026 09:54:01;;Souscription en cours;Bénéficiaire effectifs;668.36
10062;11/05/2026 09:54:01;;Souscription en cours;Bénéficiaire effectifs;449.32
10063;11/05/2026 09:49:25;;Dossier validé;Parcours terminé;124.25
10064;11/05/2026 09:49:25;;Dossier validé;Parcours terminé;353.35
10065;11/05/2026 09:44:37;;Souscription en cours;Coordonnées personnelles;971.84
10066;11/05/2026 09:44:37;;Souscription en cours;Coordonnées personnelles;217.92
10067;11/05/2026 09:43:43;;Souscription non démarrée;Parcours non démarré;990.92
10068;11/05/2026 09:43:43;;Souscription non démarrée;Parcours non démarré;981.74
10069;11/05/2026 09:27:35;;Souscription non démarrée;Parcours non démarré;466.06
10070;11/05/2026 09:27:35;;Souscription non démarrée;Parcours non démarré;767.51
10071;11/05/2026 09:03:19;;Souscription en cours;Coordonnées personnelles;504.17
10072;11/05/2026 09:03:19;;Souscription en cours;Coordonnées personnelles;556.12
10073;11/05/2026 09:02:41;;Dossier validé;Parcours terminé;486.25
10074;11/05/2026 09:02:41;;Dossier validé;Parcours terminé;727.81
10075;11/05/2026 08:57:28;;Dossier validé;Parcours terminé;691.73
10076;11/05/2026 08:57:28;;Dossier validé;Parcours terminé;792.56
10077;11/05/2026 08:55:27;;Dossier validé;Parcours terminé;515.27
10078;11/05/2026 08:55:27;;Dossier validé;Parcours terminé;623.18
10079;11/05/2026 08:47:21;;Souscription en cours;Choix de l'offre et livraison;542.53
10080;11/05/2026 08:47:21;;Souscription en cours;Choix de l'offre et livraison;214.96
10081;11/05/2026 08:24:24;;Dossier validé;Parcours terminé;721.80
10082;11/05/2026 08:24:24;;Dossier validé;Parcours terminé;207.21
10083;11/05/2026 07:47:39;;Dossier validé;Parcours terminé;672.81
10084;11/05/2026 07:47:39;;Dossier validé;Parcours terminé;629.52
10085;11/05/2026 07:29:59;;Souscription non démarrée;Parcours non démarré;559.97
10086;11/05/2026 07:29:59;;Souscription non démarrée;Parcours non démarré;795.81
10087;11/05/2026 06:51:58;;Dossier validé;Parcours terminé;383.97
10088;11/05/2026 06:51:58;;Dossier validé;Parcours terminé;671.82
10089;11/05/2026 04:42:04;;Souscription en cours;Signature Contrat;659.16
10090;11/05/2026 04:42:04;;Souscription en cours;Signature Contrat;836.21
10091;11/05/2026 02:23:35;;Dossier validé;Parcours terminé;318.58
10092;11/05/2026 02:23:35;;Dossier validé;Parcours terminé;512.05
10093;11/05/2026 01:51:51;;Dossier validé;Parcours terminé;390.78
10094;11/05/2026 01:51:51;;Dossier validé;Parcours terminé;705.70
10095;11/05/2026 01:48:36;;Souscription en cours;Synchronisation référentiel personne NOVA;862.16
10096;11/05/2026 01:48:36;;Souscription en cours;Synchronisation référentiel personne NOVA;691.87
10097;11/05/2026 00:21:05;;Dossier refusé;Saisie société;374.31
10098;11/05/2026 00:21:05;;Dossier refusé;Saisie société;722.41
10099;10/05/2026 23:52:26;Zoé MULLER;Dossier validé;Parcours terminé;787.66
10100;10/05/2026 23:52:26;Zoé MULLER;Dossier validé;Parcours terminé;278.07
10101;10/05/2026 23:13:24;;Souscription en cours;Informations complémentaires (Etablissements, etc.);657.67
10102;10/05/2026 23:13:24;;Souscription en cours;Informations complémentaires (Etablissements, etc.);747.90
10103;10/05/2026 22:08:12;;Souscription non démarrée;Parcours non démarré;812.69
10104;10/05/2026 22:08:12;;Souscription non démarrée;Parcours non démarré;907.34
10105;10/05/2026 22:06:04;;Souscription non démarrée;Parcours non démarré;230.89
10106;10/05/2026 22:06:04;;Souscription non démarrée;Parcours non démarré;466.94
10107;10/05/2026 22:03:58;;Souscription non démarrée;Parcours non démarré;889.51
10108;10/05/2026 22:03:58;;Souscription non démarrée;Parcours non démarré;702.07
10109;10/05/2026 21:39:58;;Dossier validé;Parcours terminé;945.91
10110;10/05/2026 21:39:58;;Dossier validé;Parcours terminé;811.95
10111;10/05/2026 21:34:20;;Dossier validé;Parcours terminé;653.37
10112;10/05/2026 21:34:20;;Dossier validé;Parcours terminé;279.14
10113;10/05/2026 21:25:30;;Dossier validé;Parcours terminé;975.06
10114;10/05/2026 21:25:30;;Dossier validé;Parcours terminé;582.74
10115;10/05/2026 21:16:01;;Souscription en cours;Coordonnées personnelles;126.20
10116;10/05/2026 21:16:01;;Souscription en cours;Coordonnées personnelles;323.49
10117;10/05/2026 21:01:00;;Souscription non démarrée;Parcours non démarré;745.07
10118;10/05/2026 21:01:00;;Souscription non démarrée;Parcours non démarré;928.40
10119;10/05/2026 20:19:43;;Dossier validé;Parcours terminé;952.34
10120;10/05/2026 20:19:43;;Dossier validé;Parcours terminé;267.46
10121;10/05/2026 19:20:24;;Souscription non démarrée;Parcours non démarré;309.36
10122;10/05/2026 19:20:24;;Souscription non démarrée;Parcours non démarré;852.72
10123;10/05/2026 19:08:20;;Souscription non démarrée;Parcours non démarré;198.42
10124;10/05/2026 19:08:20;;Souscription non démarrée;Parcours non démarré;477.21
10125;10/05/2026 17:10:23;;Souscription en cours;Vérification d'identité;333.62
10126;10/05/2026 17:10:23;;Souscription en cours;Vérification d'identité;658.14
10127;10/05/2026 16:53:49;;Souscription en cours;Choix de l'offre et livraison;705.70
10128;10/05/2026 16:53:49;;Souscription en cours;Choix de l'offre et livraison;288.06
10129;10/05/2026 16:51:57;;Souscription en cours;Signature Contrat;331.61
10130;10/05/2026 16:51:57;;Souscription en cours;Signature Contrat;296.15
10131;10/05/2026 16:28:27;;Dossier validé;Parcours terminé;558.13
10132;10/05/2026 16:28:27;;Dossier validé;Parcours terminé;901.26
10133;10/05/2026 16:15:55;;Souscription en cours;Coordonnées personnelles;340.51
10134;10/05/2026 16:15:55;;Souscription en cours;Coordonnées personnelles;390.78
10135;10/05/2026 15:59:50;;Souscription en cours;Coordonnées personnelles;167.09
10136;10/05/2026 15:59:50;;Souscription en cours;Coordonnées personnelles;863.63
10137;10/05/2026 15:58:47;;Dossier validé;Parcours terminé;955.51
10138;10/05/2026 15:58:47;;Dossier validé;Parcours terminé;104.82
10139;10/05/2026 15:57:41;;Dossier validé;Parcours terminé;288.96
10140;10/05/2026 15:57:41;;Dossier validé;Parcours terminé;145.72
10141;10/05/2026 15:44:43;;Dossier validé;Parcours terminé;293.29
10142;10/05/2026 15:44:43;;Dossier validé;Parcours terminé;774.61
10143;10/05/2026 15:40:33;;Dossier validé;Parcours terminé;271.29
10144;10/05/2026 15:40:33;;Dossier validé;Parcours terminé;666.13
10145;10/05/2026 15:24:05;;Dossier refusé;Signature Contrat;823.78
10146;10/05/2026 15:24:05;;Dossier refusé;Signature Contrat;147.19
10147;10/05/2026 15:10:49;;Dossier validé;Parcours terminé;804.37
10148;10/05/2026 15:10:49;;Dossier validé;Parcours terminé;128.10
10149;10/05/2026 15:10:23;;Souscription en cours;Choix de l'offre et livraison;888.13
10150;10/05/2026 15:10:23;;Souscription en cours;Choix de l'offre et livraison;225.12
10151;10/05/2026 14:52:51;;Souscription en cours;Coordonnées personnelles;708.34
10152;10/05/2026 14:52:51;;Souscription en cours;Coordonnées personnelles;386.51
10153;10/05/2026 14:06:24;;Souscription en cours;Signature Contrat;216.47
10154;10/05/2026 14:06:24;;Souscription en cours;Signature Contrat;337.21
10155;10/05/2026 13:54:14;;Souscription en cours;Coordonnées personnelles;834.66
10156;10/05/2026 13:54:14;;Souscription en cours;Coordonnées personnelles;308.71
10157;10/05/2026 13:20:03;;Dossier validé;Parcours terminé;968.33
10158;10/05/2026 13:20:03;;Dossier validé;Parcours terminé;846.16
10159;10/05/2026 13:15:49;;Dossier validé;Parcours terminé;383.19
10160;10/05/2026 13:15:49;;Dossier validé;Parcours terminé;874.46
10161;10/05/2026 12:53:24;;Souscription en cours;Coordonnées personnelles;729.92
10162;10/05/2026 12:53:24;;Souscription en cours;Coordonnées personnelles;348.58
10163;10/05/2026 12:44:17;;Souscription en cours;Informations complémentaires (Etablissements, etc.);399.06
10164;10/05/2026 12:44:17;;Souscription en cours;Informations complémentaires (Etablissements, etc.);342.01
10165;10/05/2026 12:39:23;;Souscription en cours;Coordonnées personnelles;464.88
10166;10/05/2026 12:39:23;;Souscription en cours;Coordonnées personnelles;746.26
10167;10/05/2026 12:32:49;;Souscription non démarrée;Parcours non démarré;104.10
10168;10/05/2026 12:32:49;;Souscription non démarrée;Parcours non démarré;722.69
10169;10/05/2026 12:32:40;;Dossier validé;Parcours terminé;362.97
10170;10/05/2026 12:32:40;;Dossier validé;Parcours terminé;796.68
10171;10/05/2026 12:21:40;;Dossier validé;Parcours terminé;522.93
10172;10/05/2026 12:21:40;;Dossier validé;Parcours terminé;737.92
10173;10/05/2026 12:16:56;;Souscription non démarrée;Parcours non démarré;783.90
10174;10/05/2026 12:16:56;;Souscription non démarrée;Parcours non démarré;348.26
10175;10/05/2026 12:13:25;;Dossier refusé;Saisie société;452.19
10176;10/05/2026 12:13:25;;Dossier refusé;Saisie société;141.51
10177;10/05/2026 11:51:42;;Souscription non démarrée;Parcours non démarré;260.39
10178;10/05/2026 11:51:42;;Souscription non démarrée;Parcours non démarré;202.30
10179;10/05/2026 11:09:38;;Dossier validé;Parcours terminé;356.21
10180;10/05/2026 11:09:38;;Dossier validé;Parcours terminé;576.67
10181;10/05/2026 11:04:36;;Dossier validé;Parcours terminé;858.05
10182;10/05/2026 11:04:36;;Dossier validé;Parcours terminé;540.23
10183;10/05/2026 11:02:58;;Dossier validé;Parcours terminé;540.42
10184;10/05/2026 11:02:58;;Dossier validé;Parcours terminé;570.34
10185;10/05/2026 10:50:49;;Dossier validé;Parcours terminé;108.89
10186;10/05/2026 10:50:49;;Dossier validé;Parcours terminé;567.49
10187;10/05/2026 10:36:34;;Dossier validé;Parcours terminé;558.77
10188;10/05/2026 10:36:34;;Dossier validé;Parcours terminé;696.67
10189;10/05/2026 10:27:44;;Souscription en cours;Choix de l'offre et livraison;441.49
10190;10/05/2026 10:27:44;;Souscription en cours;Choix de l'offre et livraison;782.59
10191;10/05/2026 10:24:44;;Dossier refusé;Saisie société;108.74
10192;10/05/2026 10:24:44;;Dossier refusé;Saisie société;159.34
10193;10/05/2026 10:05:43;;Souscription en cours;Signature Contrat;847.95
10194;10/05/2026 10:05:43;;Souscription en cours;Signature Contrat;178.47
10195;10/05/2026 09:36:12;;Souscription en cours;Signature Contrat;953.85
10196;10/05/2026 09:36:12;;Souscription en cours;Signature Contrat;508.02
10197;10/05/2026 09:12:08;;Dossier refusé;Saisie société;604.83
10198;10/05/2026 09:12:08;;Dossier refusé;Saisie société;550.94
10199;10/05/2026 08:42:52;;Souscription non démarrée;Parcours non démarré;897.59
10200;10/05/2026 08:42:52;;Souscription non démarrée;Parcours non démarré;179.73
10201;10/05/2026 08:36:36;;Souscription en cours;Coordonnées personnelles;988.16
10202;10/05/2026 08:36:36;;Souscription en cours;Coordonnées personnelles;847.80
10203;10/05/2026 08:20:50;;Souscription en cours;Choix de l'offre et livraison;927.99
10204;10/05/2026 08:20:50;;Souscription en cours;Choix de l'offre et livraison;511.36
10205;10/05/2026 08:09:28;;Souscription en cours;Coordonnées personnelles;674.90
10206;10/05/2026 08:09:28;;Souscription en cours;Coordonnées personnelles;799.69
10207;10/05/2026 06:06:22;;Souscription en cours;Choix de l'offre et livraison;642.00
10208;10/05/2026 06:06:22;;Souscription en cours;Choix de l'offre et livraison;692.21
10209;10/05/2026 04:44:14;;Souscription non démarrée;Parcours non démarré;377.85
10210;10/05/2026 04:44:14;;Souscription non démarrée;Parcours non démarré;987.09
10211;09/05/2026 23:38:54;;Dossier validé;Parcours terminé;585.11
10212;09/05/2026 23:38:54;;Dossier validé;Parcours terminé;353.60
10213;09/05/2026 23:31:46;;Dossier validé;Parcours terminé;698.88
10214;09/05/2026 23:31:46;;Dossier validé;Parcours terminé;244.58
10215;09/05/2026 22:51:25;;Souscription en cours;Signature Contrat;361.33
10216;09/05/2026 22:51:25;;Souscription en cours;Signature Contrat;561.56
10217;09/05/2026 22:36:29;;Dossier refusé;Informations complémentaires (CA, Profession, etc.);651.50
10218;09/05/2026 22:36:29;;Dossier refusé;Informations complémentaires (CA, Profession, etc.);260.37
10219;09/05/2026 22:32:23;;Dossier validé;Parcours terminé;906.48
10220;09/05/2026 22:32:23;;Dossier validé;Parcours terminé;790.51
10221;09/05/2026 22:25:18;;Dossier validé;Parcours terminé;942.15
10222;09/05/2026 22:25:18;;Dossier validé;Parcours terminé;738.48
10223;09/05/2026 22:01:39;;Souscription en cours;Coordonnées personnelles;486.58
10224;09/05/2026 22:01:39;;Souscription en cours;Coordonnées personnelles;446.01
10225;09/05/2026 21:55:28;;Dossier validé;Parcours terminé;483.41
10226;09/05/2026 21:55:28;;Dossier validé;Parcours terminé;389.35
10227;09/05/2026 21:48:15;;Dossier validé;Parcours terminé;368.03
10228;09/05/2026 21:48:15;;Dossier validé;Parcours terminé;786.18
10229;09/05/2026 21:10:13;;Souscription en cours;Choix de l'offre et livraison;703.46
10230;09/05/2026 21:10:13;;Souscription en cours;Choix de l'offre et livraison;510.09
10231;09/05/2026 21:06:54;;Dossier refusé;Saisie société;865.94
10232;09/05/2026 21:06:54;;Dossier refusé;Saisie société;867.81
10233;09/05/2026 21:04:33;;Dossier refusé;Saisie société;306.02
10234;09/05/2026 21:04:33;;Dossier refusé;Saisie société;651.96
10235;09/05/2026 21:04:07;;Souscription non démarrée;Parcours non démarré;844.13
10236;09/05/2026 21:04:07;;Souscription non démarrée;Parcours non démarré;967.17
10237;09/05/2026 20:38:18;;Souscription en cours;Choix de l'offre et livraison;108.02
10238;09/05/2026 20:38:18;;Souscription en cours;Choix de l'offre et livraison;635.99
10239;09/05/2026 20:37:13;;Souscription en cours;Signature Contrat;104.57
10240;09/05/2026 20:37:13;;Souscription en cours;Signature Contrat;769.34
10241;09/05/2026 19:43:10;;Souscription en cours;Choix de l'offre et livraison;367.63
10242;09/05/2026 19:43:10;;Souscription en cours;Choix de l'offre et livraison;811.20
10243;09/05/2026 19:30:21;;Dossier validé;Parcours terminé;194.55
10244;09/05/2026 19:30:21;;Dossier validé;Parcours terminé;964.77
10245;09/05/2026 19:28:55;;Souscription non démarrée;Parcours non démarré;755.85
10246;09/05/2026 19:28:55;;Souscription non démarrée;Parcours non démarré;254.63
10247;09/05/2026 18:59:41;;Souscription en cours;Coordonnées personnelles;436.74
10248;09/05/2026 18:59:41;;Souscription en cours;Coordonnées personnelles;908.51
10249;09/05/2026 18:41:51;;Dossier validé;Parcours terminé;417.29
10250;09/05/2026 18:41:51;;Dossier validé;Parcours terminé;333.08
10251;09/05/2026 18:27:42;;Dossier validé;Parcours terminé;205.18
10252;09/05/2026 18:27:42;;Dossier validé;Parcours terminé;408.35
10253;09/05/2026 18:16:19;;Souscription en cours;Coordonnées personnelles;977.41
10254;09/05/2026 18:16:19;;Souscription en cours;Coordonnées personnelles;870.97
10255;09/05/2026 18:13:29;;Dossier validé;Parcours terminé;701.50
10256;09/05/2026 18:13:29;;Dossier validé;Parcours terminé;282.54
10257;09/05/2026 17:34:15;;Dossier validé;Parcours terminé;977.85
10258;09/05/2026 17:34:15;;Dossier validé;Parcours terminé;546.63
10259;09/05/2026 17:27:18;;Souscription en cours;Choix de l'offre et livraison;574.37
10260;09/05/2026 17:27:18;;Souscription en cours;Choix de l'offre et livraison;321.35
10261;09/05/2026 17:21:43;Hugo MARTIN;Dossier validé;Parcours terminé;170.58
10262;09/05/2026 17:21:43;Hugo MARTIN;Dossier validé;Parcours terminé;493.76
10263;09/05/2026 16:51:52;;Souscription en cours;Coordonnées personnelles;907.04
10264;09/05/2026 16:51:52;;Souscription en cours;Coordonnées personnelles;481.10
10265;09/05/2026 16:44:04;;Dossier refusé;Choix de l'offre et livraison;465.53
10266;09/05/2026 16:44:04;;Dossier refusé;Choix de l'offre et livraison;513.31
10267;09/05/2026 16:41:01;;Souscription non démarrée;Parcours non démarré;885.03
10268;09/05/2026 16:41:01;;Souscription non démarrée;Parcours non démarré;747.31
10269;09/05/2026 16:38:44;;Souscription non démarrée;Parcours non démarré;943.01
10270;09/05/2026 16:38:44;;Souscription non démarrée;Parcours non démarré;822.22
10271;09/05/2026 16:33:49;;Souscription en cours;Coordonnées personnelles;205.60
10272;09/05/2026 16:33:49;;Souscription en cours;Coordonnées personnelles;689.50
10273;09/05/2026 16:20:22;;Souscription en cours;Synchronisation référentiel personne NOVA;457.49
10274;09/05/2026 16:20:22;;Souscription en cours;Synchronisation référentiel personne NOVA;833.48
10275;09/05/2026 16:19:21;;Souscription en cours;Vérification d'identité;686.63
10276;09/05/2026 16:19:21;;Souscription en cours;Vérification d'identité;658.92
10277;09/05/2026 16:16:32;;Dossier validé;Parcours terminé;411.01
10278;09/05/2026 16:16:32;;Dossier validé;Parcours terminé;924.73
10279;09/05/2026 16:12:49;;Dossier validé;Parcours terminé;645.94
10280;09/05/2026 16:12:49;;Dossier validé;Parcours terminé;380.38
10281;09/05/2026 15:53:42;;Souscription en cours;Coordonnées personnelles;721.76
10282;09/05/2026 15:53:42;;Souscription en cours;Coordonnées personnelles;422.38
10283;09/05/2026 15:52:07;;Dossier validé;Parcours terminé;883.21
10284;09/05/2026 15:52:07;;Dossier validé;Parcours terminé;614.42
10285;09/05/2026 15:46:47;;Souscription en cours;Choix de l'offre et livraison;780.49
10286;09/05/2026 15:46:47;;Souscription en cours;Choix de l'offre et livraison;716.19
10287;09/05/2026 15:41:51;;Dossier validé;Parcours terminé;139.35
10288;09/05/2026 15:41:51;;Dossier validé;Parcours terminé;536.56
10289;09/05/2026 15:33:12;;Dossier validé;Parcours terminé;124.68
10290;09/05/2026 15:33:12;;Dossier validé;Parcours terminé;191.39
10291;09/05/2026 15:16:54;;Dossier validé;Parcours terminé;657.35
10292;09/05/2026 15:16:54;;Dossier validé;Parcours terminé;702.97
10293;09/05/2026 15:16:54;;Souscription en cours;Coordonnées personnelles;328.76
10294;09/05/2026 15:16:54;;Souscription en cours;Coordonnées personnelles;409.52
10295;09/05/2026 15:16:09;;Souscription en cours;Coordonnées personnelles;617.80
10296;09/05/2026 15:16:09;;Souscription en cours;Coordonnées personnelles;524.21
10297;09/05/2026 15:07:58;;Dossier validé;Parcours terminé;586.73
10298;09/05/2026 15:07:58;;Dossier validé;Parcours terminé;460.75
10299;09/05/2026 15:05:55;;Souscription non démarrée;Parcours non démarré;866.35
10300;09/05/2026 15:05:55;;Souscription non démarrée;Parcours non démarré;775.04
10301;09/05/2026 15:03:40;;Dossier validé;Parcours terminé;166.80
10302;09/05/2026 15:03:40;;Dossier validé;Parcours terminé;222.68
10303;09/05/2026 15:03:20;;Dossier refusé;Signature Contrat;624.70
10304;09/05/2026 15:03:20;;Dossier refusé;Signature Contrat;906.36
10305;09/05/2026 14:42:22;;Souscription en cours;Coordonnées personnelles;778.59
10306;09/05/2026 14:42:22;;Souscription en cours;Coordonnées personnelles;687.10
10307;09/05/2026 14:22:06;;Dossier refusé;Signature Contrat;781.71
10308;09/05/2026 14:22:06;;Dossier refusé;Signature Contrat;110.17
10309;09/05/2026 14:12:54;;Souscription non démarrée;Parcours non démarré;749.34
10310;09/05/2026 14:12:54;;Souscription non démarrée;Parcours non démarré;277.81
10311;09/05/2026 14:11:40;;Souscription en cours;Signature Contrat;512.68
10312;09/05/2026 14:11:40;;Souscription en cours;Signature Contrat;256.44
10313;09/05/2026 13:28:15;;Dossier validé;Parcours terminé;369.21
10314;09/05/2026 13:28:15;;Dossier validé;Parcours terminé;914.55
10315;09/05/2026 13:07:47;;Dossier validé;Parcours terminé;766.46
10316;09/05/2026 13:07:47;;Dossier validé;Parcours terminé;506.49
10317;09/05/2026 13:05:40;;Dossier refusé;Saisie société;988.65
10318;09/05/2026 13:05:40;;Dossier refusé;Saisie société;618.10
10319;09/05/2026 13:05:20;;En attente d'analyse Agent - Dossier avec erreurs;Signature Contrat;530.33
10320;09/05/2026 13:05:20;;En attente d'analyse Agent - Dossier avec erreurs;Signature Contrat;887.29
10321;09/05/2026 13:03:06;;Dossier validé;Parcours terminé;696.51
10322;09/05/2026 13:03:06;;Dossier validé;Parcours terminé;328.56
10323;09/05/2026 12:58:53;Rayan MICHEL;Dossier validé;Parcours terminé;290.41
10324;09/05/2026 12:58:53;Rayan MICHEL;Dossier validé;Parcours terminé;599.97
10325;09/05/2026 12:56:06;;Dossier validé;Parcours terminé;395.57
10326;09/05/2026 12:56:06;;Dossier validé;Parcours terminé;974.31
10327;09/05/2026 12:48:29;;Souscription non démarrée;Parcours non démarré;276.46
10328;09/05/2026 12:48:29;;Souscription non démarrée;Parcours non démarré;755.68
10329;09/05/2026 12:47:51;;Souscription en cours;Coordonnées personnelles;261.35
10330;09/05/2026 12:47:51;;Souscription en cours;Coordonnées personnelles;353.56
10331;09/05/2026 12:31:37;Hugo MARTIN;Dossier refusé;Signature Contrat;651.39
10332;09/05/2026 12:31:37;Hugo MARTIN;Dossier refusé;Signature Contrat;539.87
10333;09/05/2026 12:28:54;;Dossier validé;Parcours terminé;936.89
10334;09/05/2026 12:28:54;;Dossier validé;Parcours terminé;596.02
10335;09/05/2026 12:27:37;;Dossier validé;Parcours terminé;915.56
10336;09/05/2026 12:27:37;;Dossier validé;Parcours terminé;256.61
10337;09/05/2026 12:24:56;;Dossier refusé;Signature Contrat;960.74
10338;09/05/2026 12:24:56;;Dossier refusé;Signature Contrat;497.77
10339;09/05/2026 11:53:27;;Souscription en cours;Coordonnées personnelles;244.57
10340;09/05/2026 11:53:27;;Souscription en cours;Coordonnées personnelles;536.41
10341;09/05/2026 11:53:06;;Dossier refusé;Saisie société;552.47
10342;09/05/2026 11:53:06;;Dossier refusé;Saisie société;481.98
10343;09/05/2026 11:40:31;;Dossier refusé;Saisie société;919.46
10344;09/05/2026 11:40:31;;Dossier refusé;Saisie société;241.02
10345;09/05/2026 11:38:21;;Dossier refusé;Saisie société;289.62
10346;09/05/2026 11:38:21;;Dossier refusé;Saisie société;582.56
10347;09/05/2026 11:32:35;;Souscription en cours;Signature Contrat;786.50
10348;09/05/2026 11:32:35;;Souscription en cours;Signature Contrat;421.60
10349;09/05/2026 11:31:27;;Souscription en cours;Informations complémentaires (Etablissements, etc.);839.70
10350;09/05/2026 11:31:27;;Souscription en cours;Informations complémentaires (Etablissements, etc.);324.94
10351;09/05/2026 11:23:42;;Dossier validé;Parcours terminé;866.51
10352;09/05/2026 11:23:42;;Dossier validé;Parcours terminé;257.67
10353;09/05/2026 11:20:19;;Dossier refusé;Signature Contrat;694.97
10354;09/05/2026 11:20:19;;Dossier refusé;Signature Contrat;118.55
10355;09/05/2026 11:18:56;;Souscription en cours;Choix de l'offre et livraison;525.44
10356;09/05/2026 11:18:56;;Souscription en cours;Choix de l'offre et livraison;904.69
10357;09/05/2026 11:14:04;;Souscription en cours;Coordonnées personnelles;450.35
10358;09/05/2026 11:14:04;;Souscription en cours;Coordonnées personnelles;948.71
10359;09/05/2026 11:11:17;Hugo MARTIN;Dossier refusé;Signature Contrat;740.99
10360;09/05/2026 11:11:17;Hugo MARTIN;Dossier refusé;Signature Contrat;913.54
10361;09/05/2026 11:09:00;;Dossier validé;Parcours terminé;443.80
10362;09/05/2026 11:09:00;;Dossier validé;Parcours terminé;289.64
10363;09/05/2026 11:04:21;Hugo MARTIN;Dossier validé;Parcours terminé;237.98
10364;09/05/2026 11:04:21;Hugo MARTIN;Dossier validé;Parcours terminé;642.63
10365;09/05/2026 11:01:20;;Souscription en cours;Coordonnées personnelles;728.11
10366;09/05/2026 11:01:20;;Souscription en cours;Coordonnées personnelles;609.08
10367;09/05/2026 10:54:54;;Dossier validé;Parcours terminé;775.06
10368;09/05/2026 10:54:54;;Dossier validé;Parcours terminé;218.41
10369;09/05/2026 10:51:22;;Dossier refusé;Saisie société;349.69
10370;09/05/2026 10:51:22;;Dossier refusé;Saisie société;117.58
10371;09/05/2026 10:48:18;;Souscription en cours;Choix de l'offre et livraison;205.75
10372;09/05/2026 10:48:18;;Souscription en cours;Choix de l'offre et livraison;514.10
10373;09/05/2026 10:46:55;;Dossier refusé;Saisie société;334.98
10374;09/05/2026 10:46:55;;Dossier refusé;Saisie société;145.66
10375;09/05/2026 10:45:23;;Dossier refusé;Choix de l'offre et livraison;546.75
10376;09/05/2026 10:45:23;;Dossier refusé;Choix de l'offre et livraison;115.95
10377;09/05/2026 10:43:43;;Dossier validé;Parcours terminé;729.12
10378;09/05/2026 10:43:43;;Dossier validé;Parcours terminé;679.56
10379;09/05/2026 10:42:58;;Dossier validé;Parcours terminé;614.34
10380;09/05/2026 10:42:58;;Dossier validé;Parcours terminé;305.90
10381;09/05/2026 10:38:30;;Dossier validé;Parcours terminé;498.07
10382;09/05/2026 10:38:30;;Dossier validé;Parcours terminé;785.61
10383;09/05/2026 10:33:38;;Souscription en cours;Coordonnées personnelles;519.82
10384;09/05/2026 10:33:38;;Souscription en cours;Coordonnées personnelles;140.39
10385;09/05/2026 10:21:36;;Souscription en cours;Choix de l'offre et livraison;990.86
10386;09/05/2026 10:21:36;;Souscription en cours;Choix de l'offre et livraison;690.21
10387;09/05/2026 10:20:32;;Dossier refusé;Saisie société;299.33
10388;09/05/2026 10:20:32;;Dossier refusé;Saisie société;294.49
10389;09/05/2026 10:19:27;;Dossier validé;Parcours terminé;897.23
10390;09/05/2026 10:19:27;;Dossier validé;Parcours terminé;896.61
10391;09/05/2026 10:16:26;;Dossier validé;Parcours terminé;311.59
10392;09/05/2026 10:16:26;;Dossier validé;Parcours terminé;573.48
10393;09/05/2026 10:13:11;;Dossier validé;Parcours terminé;109.09
10394;09/05/2026 10:13:11;;Dossier validé;Parcours terminé;158.38
10395;09/05/2026 10:11:00;;Dossier validé;Parcours terminé;611.21
10396;09/05/2026 10:11:00;;Dossier validé;Parcours terminé;494.00
10397;09/05/2026 10:08:09;;Dossier refusé;Saisie société;158.14
10398;09/05/2026 10:08:09;;Dossier refusé;Saisie société;821.99
10399;09/05/2026 09:48:52;;Souscription en cours;Coordonnées personnelles;144.14
10400;09/05/2026 09:48:52;;Souscription en cours;Coordonnées personnelles;470.07
10401;09/05/2026 09:42:18;;Dossier validé;Parcours terminé;924.81
10402;09/05/2026 09:42:18;;Dossier validé;Parcours terminé;699.81
10403;09/05/2026 09:37:46;;Dossier validé;Parcours terminé;800.80
10404;09/05/2026 09:37:46;;Dossier validé;Parcours terminé;341.17
10405;09/05/2026 09:36:23;;Souscription en cours;Coordonnées personnelles;979.50
10406;09/05/2026 09:36:23;;Souscription en cours;Coordonnées personnelles;370.50
10407;09/05/2026 09:33:25;;Dossier refusé;Parcours terminé;158.03
10408;09/05/2026 09:33:25;;Dossier refusé;Parcours terminé;722.69
10409;09/05/2026 09:28:07;;Souscription en cours;Coordonnées personnelles;258.14
10410;09/05/2026 09:28:07;;Souscription en cours;Coordonnées personnelles;184.52
10411;09/05/2026 09:26:09;;Souscription en cours;Coordonnées personnelles;205.06
10412;09/05/2026 09:26:09;;Souscription en cours;Coordonnées personnelles;286.19
10413;09/05/2026 09:11:18;;Dossier validé;Parcours terminé;285.37
10414;09/05/2026 09:11:18;;Dossier validé;Parcours terminé;177.42
10415;09/05/2026 08:44:41;;Souscription en cours;Coordonnées personnelles;500.38
10416;09/05/2026 08:44:41;;Souscription en cours;Coordonnées personnelles;660.59
10417;09/05/2026 08:24:37;;Souscription en cours;Coordonnées personnelles;570.95
10418;09/05/2026 08:24:37;;Souscription en cours;Coordonnées personnelles;982.53
10419;09/05/2026 08:16:08;;Dossier validé;Parcours terminé;996.27
10420;09/05/2026 08:16:08;;Dossier validé;Parcours terminé;597.55
10421;09/05/2026 08:12:47;;Souscription en cours;Signature Contrat;893.59
10422;09/05/2026 08:12:47;;Souscription en cours;Signature Contrat;358.23
10423;09/05/2026 07:57:57;;Dossier validé;Parcours terminé;483.34
10424;09/05/2026 07:57:57;;Dossier validé;Parcours terminé;548.89
10425;09/05/2026 07:41:14;;Dossier validé;Parcours terminé;141.56
10426;09/05/2026 07:41:14;;Dossier validé;Parcours terminé;277.98
10427;09/05/2026 03:17:48;;Souscription en cours;Vérification d'identité;618.62
10428;09/05/2026 03:17:48;;Souscription en cours;Vérification d'identité;975.86
10429;09/05/2026 02:36:18;;Dossier validé;Parcours terminé;572.13
10430;09/05/2026 02:36:18;;Dossier validé;Parcours terminé;264.45
10431;09/05/2026 02:27:22;;Souscription en cours;Vérification d'identité;837.97
10432;09/05/2026 02:27:22;;Souscription en cours;Vérification d'identité;477.38
10433;09/05/2026 02:05:59;;Souscription en cours;Choix de l'offre et livraison;409.70
10434;09/05/2026 02:05:59;;Souscription en cours;Choix de l'offre et livraison;187.32
10435;09/05/2026 01:08:20;;Souscription en cours;Choix de l'offre et livraison;742.51
10436;09/05/2026 01:08:20;;Souscription en cours;Choix de l'offre et livraison;580.46
10437;09/05/2026 00:52:01;;Souscription en cours;Informations complémentaires (Etablissements, etc.);793.53
10438;09/05/2026 00:52:01;;Souscription en cours;Informations complémentaires (Etablissements, etc.);575.63
10439;09/05/2026 00:47:16;;Souscription en cours;Coordonnées personnelles;895.90
10440;09/05/2026 00:47:16;;Souscription en cours;Coordonnées personnelles;272.70
10441;09/05/2026 00:19:44;;Dossier validé;Parcours terminé;976.74
10442;09/05/2026 00:19:44;;Dossier validé;Parcours terminé;647.56
10443;08/05/2026 22:46:10;;Dossier validé;Parcours terminé;478.58
10444;08/05/2026 22:46:10;;Dossier validé;Parcours terminé;457.48
10445;08/05/2026 22:41:57;;Souscription en cours;Informations complémentaires (CA, Profession, etc.);187.40
10446;08/05/2026 22:41:57;;Souscription en cours;Informations complémentaires (CA, Profession, etc.);850.66
10447;08/05/2026 22:19:04;;Dossier validé;Parcours terminé;651.18
10448;08/05/2026 22:19:04;;Dossier validé;Parcours terminé;247.50
10449;08/05/2026 21:53:41;;Dossier refusé;Saisie société;824.54
10450;08/05/2026 21:53:41;;Dossier refusé;Saisie société;699.50
10451;08/05/2026 21:36:36;;Dossier validé;Parcours terminé;149.02
10452;08/05/2026 21:36:36;;Dossier validé;Parcours terminé;590.36
10453;08/05/2026 21:32:58;;Souscription en cours;Vérification d'identité;995.39
10454;08/05/2026 21:32:58;;Souscription en cours;Vérification d'identité;646.90
10455;08/05/2026 21:27:56;;Dossier validé;Parcours terminé;348.01
10456;08/05/2026 21:27:56;;Dossier validé;Parcours terminé;561.57
10457;08/05/2026 21:17:54;;Souscription en cours;Synchronisation référentiel personne NOVA;455.31
10458;08/05/2026 21:17:54;;Souscription en cours;Synchronisation référentiel personne NOVA;280.06
10459;08/05/2026 21:06:17;;Dossier validé;Parcours terminé;123.64
10460;08/05/2026 21:06:17;;Dossier validé;Parcours terminé;386.26
10461;08/05/2026 21:04:32;;Souscription en cours;Coordonnées personnelles;799.93
10462;08/05/2026 21:04:32;;Souscription en cours;Coordonnées personnelles;737.10
10463;08/05/2026 20:38:01;;Dossier refusé;Saisie société;765.62
10464;08/05/2026 20:38:01;;Dossier refusé;Saisie société;839.53
10465;08/05/2026 20:36:50;;Dossier validé;Parcours terminé;116.18
10466;08/05/2026 20:36:50;;Dossier validé;Parcours terminé;640.32
10467;08/05/2026 20:13:51;;Dossier validé;Parcours terminé;217.49
10468;08/05/2026 20:13:51;;Dossier validé;Parcours terminé;536.85
10469;08/05/2026 20:00:17;;Souscription en cours;Signature Contrat;101.46
10470;08/05/2026 20:00:17;;Souscription en cours;Signature Contrat;853.36
10471;08/05/2026 20:00:09;;Souscription en cours;Signature Contrat;116.41
10472;08/05/2026 20:00:09;;Souscription en cours;Signature Contrat;691.89
10473;08/05/2026 19:55:20;;Dossier validé;Parcours terminé;890.89
10474;08/05/2026 19:55:20;;Dossier validé;Parcours terminé;679.60
10475;08/05/2026 19:43:29;;Dossier validé;Parcours terminé;157.07
10476;08/05/2026 19:43:29;;Dossier validé;Parcours terminé;115.67
10477;08/05/2026 19:00:42;;Dossier refusé;Saisie société;524.53
10478;08/05/2026 19:00:42;;Dossier refusé;Saisie société;588.81
10479;08/05/2026 18:54:01;;Dossier validé;Parcours terminé;918.53
10480;08/05/2026 18:54:01;;Dossier validé;Parcours terminé;403.06
10481;08/05/2026 18:52:46;;Dossier validé;Parcours terminé;650.51
10482;08/05/2026 18:52:46;;Dossier validé;Parcours terminé;323.40
10483;08/05/2026 18:47:35;;Souscription en cours;Coordonnées personnelles;644.77
10484;08/05/2026 18:47:35;;Souscription en cours;Coordonnées personnelles;312.92
10485;08/05/2026 18:47:30;;Dossier validé;Parcours terminé;186.96
10486;08/05/2026 18:47:30;;Dossier validé;Parcours terminé;645.44
10487;08/05/2026 18:46:31;Manon LEFEBVRE;Dossier refusé;Saisie société;846.26
10488;08/05/2026 18:46:31;Manon LEFEBVRE;Dossier refusé;Saisie société;708.72
10489;08/05/2026 18:45:47;;Souscription en cours;Synchronisation référentiel personne NOVA;718.42
10490;08/05/2026 18:45:47;;Souscription en cours;Synchronisation référentiel personne NOVA;671.76
10491;08/05/2026 18:38:55;;Dossier validé;Parcours terminé;334.87
10492;08/05/2026 18:38:55;;Dossier validé;Parcours terminé;533.33
10493;08/05/2026 18:38:54;;Dossier validé;Parcours terminé;456.84
10494;08/05/2026 18:38:54;;Dossier validé;Parcours terminé;149.22
10495;08/05/2026 18:30:18;;Dossier validé;Parcours terminé;833.62
10496;08/05/2026 18:30:18;;Dossier validé;Parcours terminé;943.53
10497;08/05/2026 18:23:23;;Dossier validé;Parcours terminé;866.82
10498;08/05/2026 18:23:23;;Dossier validé;Parcours terminé;528.33
10499;08/05/2026 18:14:03;;Souscription en cours;Coordonnées personnelles;296.62
10500;08/05/2026 18:14:03;;Souscription en cours;Coordonnées personnelles;530.44
10501;08/05/2026 18:05:12;;Souscription en cours;Coordonnées personnelles;994.80
10502;08/05/2026 18:05:12;;Souscription en cours;Coordonnées personnelles;820.11
10503;08/05/2026 18:01:48;;Souscription en cours;Coordonnées personnelles;870.39
10504;08/05/2026 18:01:48;;Souscription en cours;Coordonnées personnelles;482.00
10505;08/05/2026 17:57:29;;Dossier validé;Parcours terminé;379.34
10506;08/05/2026 17:57:29;;Dossier validé;Parcours terminé;129.03
10507;08/05/2026 17:50:17;;Dossier validé;Parcours terminé;278.04
10508;08/05/2026 17:50:17;;Dossier validé;Parcours terminé;528.56
10509;08/05/2026 17:46:14;;Dossier validé;Parcours terminé;417.96
10510;08/05/2026 17:46:14;;Dossier validé;Parcours terminé;825.06
10511;08/05/2026 17:42:07;;Souscription non démarrée;Parcours non démarré;359.97
10512;08/05/2026 17:42:07;;Souscription non démarrée;Parcours non démarré;362.95
10513;08/05/2026 17:31:31;;Souscription en cours;Vérification d'identité;785.25
10514;08/05/2026 17:31:31;;Souscription en cours;Vérification d'identité;740.11
10515;08/05/2026 17:20:22;;Souscription en cours;Informations complémentaires (Etablissements, etc.);968.69
10516;08/05/2026 17:20:22;;Souscription en cours;Informations complémentaires (Etablissements, etc.);914.43
10517;08/05/2026 16:58:03;;Dossier validé;Parcours terminé;507.72
10518;08/05/2026 16:58:03;;Dossier validé;Parcours terminé;367.95
10519;08/05/2026 16:43:46;;Souscription non démarrée;Parcours non démarré;438.97
10520;08/05/2026 16:43:46;;Souscription non démarrée;Parcours non démarré;278.69
10521;08/05/2026 16:34:48;;Dossier validé;Parcours terminé;999.27
10522;08/05/2026 16:34:48;;Dossier validé;Parcours terminé;466.39
10523;08/05/2026 16:34:27;;Dossier refusé;Signature Contrat;873.00
10524;08/05/2026 16:34:27;;Dossier refusé;Signature Contrat;483.56
10525;08/05/2026 16:21:57;;Dossier refusé;Saisie société;755.27
10526;08/05/2026 16:21:57;;Dossier refusé;Saisie société;302.20
10527;08/05/2026 16:20:48;;Dossier validé;Parcours terminé;797.29
10528;08/05/2026 16:20:48;;Dossier validé;Parcours terminé;882.63
10529;08/05/2026 16:14:40;;Souscription en cours;Choix de l'offre et livraison;361.55
10530;08/05/2026 16:14:40;;Souscription en cours;Choix de l'offre et livraison;630.56
10531;08/05/2026 16:12:53;;Souscription en cours;Vérification d'identité;274.67
10532;08/05/2026 16:12:53;;Souscription en cours;Vérification d'identité;946.99
10533;08/05/2026 16:04:11;;Souscription en cours;Informations complémentaires (Etablissements, etc.);344.52
10534;08/05/2026 16:04:11;;Souscription en cours;Informations complémentaires (Etablissements, etc.);618.45
10535;08/05/2026 15:56:29;;Dossier refusé;Saisie société;813.24
10536;08/05/2026 15:56:29;;Dossier refusé;Saisie société;148.56
10537;08/05/2026 15:56:26;;Dossier validé;Parcours terminé;621.82
10538;08/05/2026 15:56:26;;Dossier validé;Parcours terminé;177.09
10539;08/05/2026 15:53:27;;Dossier validé;Parcours terminé;423.40
10540;08/05/2026 15:53:27;;Dossier validé;Parcours terminé;131.51
10541;08/05/2026 15:38:52;;Souscription en cours;Coordonnées personnelles;538.79
10542;08/05/2026 15:38:52;;Souscription en cours;Coordonnées personnelles;924.46
10543;08/05/2026 15:37:51;;Dossier validé;Parcours terminé;569.33
10544;08/05/2026 15:37:51;;Dossier validé;Parcours terminé;168.55
10545;08/05/2026 15:26:29;;Dossier validé;Parcours terminé;589.46
10546;08/05/2026 15:26:29;;Dossier validé;Parcours terminé;492.24
10547;08/05/2026 15:25:42;Adam MARTIN;Dossier validé;Parcours terminé;785.32
10548;08/05/2026 15:25:42;Adam MARTIN;Dossier validé;Parcours terminé;863.11
10549;08/05/2026 15:22:04;;Souscription en cours;Vérification d'identité;976.03
10550;08/05/2026 15:22:04;;Souscription en cours;Vérification d'identité;441.48
10551;08/05/2026 15:17:06;;Dossier validé;Parcours terminé;568.85
10552;08/05/2026 15:17:06;;Dossier validé;Parcours terminé;334.15
10553;08/05/2026 15:11:52;;Dossier validé;Parcours terminé;824.05
10554;08/05/2026 15:11:52;;Dossier validé;Parcours terminé;617.68
10555;08/05/2026 15:08:21;;Dossier validé;Parcours terminé;694.23
10556;08/05/2026 15:08:21;;Dossier validé;Parcours terminé;941.90
10557;08/05/2026 14:55:45;;Dossier validé;Parcours terminé;805.42
10558;08/05/2026 14:55:45;;Dossier validé;Parcours terminé;256.93
10559;08/05/2026 14:55:32;;Dossier validé;Parcours terminé;590.15
10560;08/05/2026 14:55:32;;Dossier validé;Parcours terminé;935.37
10561;08/05/2026 14:43:18;Hugo MARTIN;Dossier validé;Parcours terminé;466.33
10562;08/05/2026 14:43:18;Hugo MARTIN;Dossier validé;Parcours terminé;331.70
10563;08/05/2026 14:42:57;;Dossier validé;Parcours terminé;682.98
10564;08/05/2026 14:42:57;;Dossier validé;Parcours terminé;498.92
10565;08/05/2026 14:37:17;;Souscription non démarrée;Parcours non démarré;932.97
10566;08/05/2026 14:37:17;;Souscription non démarrée;Parcours non démarré;763.86
10567;08/05/2026 14:23:54;;Dossier validé;Parcours terminé;916.31
10568;08/05/2026 14:23:54;;Dossier validé;Parcours terminé;328.16
10569;08/05/2026 14:22:30;;Souscription en cours;Coordonnées personnelles;720.11
10570;08/05/2026 14:22:30;;Souscription en cours;Coordonnées personnelles;652.85
10571;08/05/2026 14:22:15;;Souscription en cours;Coordonnées personnelles;324.85
10572;08/05/2026 14:22:15;;Souscription en cours;Coordonnées personnelles;472.60
10573;08/05/2026 14:21:41;;Dossier validé;Parcours terminé;901.74
10574;08/05/2026 14:21:41;;Dossier validé;Parcours terminé;865.43
10575;08/05/2026 14:17:26;Hugo MARTIN;Dossier validé;Parcours terminé;411.75
10576;08/05/2026 14:17:26;Hugo MARTIN;Dossier validé;Parcours terminé;237.43
10577;08/05/2026 14:08:47;;Dossier refusé;Saisie société;551.78
10578;08/05/2026 14:08:47;;Dossier refusé;Saisie société;276.22
10579;08/05/2026 13:59:30;;Souscription en cours;Signature Contrat;877.31
10580;08/05/2026 13:59:30;;Souscription en cours;Signature Contrat;208.29
10581;08/05/2026 13:57:07;;Souscription en cours;Informations complémentaires (Etablissements, etc.);640.60
10582;08/05/2026 13:57:07;;Souscription en cours;Informations complémentaires (Etablissements, etc.);776.02
10583;08/05/2026 13:44:27;;Dossier validé;Parcours terminé;611.63
10584;08/05/2026 13:44:27;;Dossier validé;Parcours terminé;882.98
10585;08/05/2026 13:30:53;;Souscription en cours;Choix de l'offre et livraison;723.31
10586;08/05/2026 13:30:53;;Souscription en cours;Choix de l'offre et livraison;697.16
10587;08/05/2026 13:24:50;;Souscription en cours;Choix de l'offre et livraison;907.04
10588;08/05/2026 13:24:50;;Souscription en cours;Choix de l'offre et livraison;147.75
10589;08/05/2026 13:18:53;;Dossier validé;Parcours terminé;991.01
10590;08/05/2026 13:18:53;;Dossier validé;Parcours terminé;513.19
10591;08/05/2026 13:10:38;Inès MICHEL;Dossier validé;Parcours terminé;771.69
10592;08/05/2026 13:10:38;Inès MICHEL;Dossier validé;Parcours terminé;530.41
10593;08/05/2026 13:08:38;;Dossier validé;Parcours terminé;425.72
10594;08/05/2026 13:08:38;;Dossier validé;Parcours terminé;139.96
10595;08/05/2026 13:01:47;;Souscription en cours;Coordonnées personnelles;639.16
10596;08/05/2026 13:01:47;;Souscription en cours;Coordonnées personnelles;983.24
10597;08/05/2026 12:58:07;;Souscription en cours;Signature Contrat;866.04
10598;08/05/2026 12:58:07;;Souscription en cours;Signature Contrat;215.64
10599;08/05/2026 12:50:41;;Souscription en cours;Choix de l'offre et livraison;963.18
10600;08/05/2026 12:50:41;;Souscription en cours;Choix de l'offre et livraison;225.94
10601;08/05/2026 12:46:59;;Dossier refusé;Saisie société;770.54
10602;08/05/2026 12:46:59;;Dossier refusé;Saisie société;495.53
10603;08/05/2026 12:40:40;;Dossier validé;Parcours terminé;539.51
10604;08/05/2026 12:40:40;;Dossier validé;Parcours terminé;130.34
10605;08/05/2026 12:40:38;;Souscription en cours;Vérification d'identité;618.01
10606;08/05/2026 12:40:38;;Souscription en cours;Vérification d'identité;586.95
10607;08/05/2026 12:00:03;;Dossier validé;Parcours terminé;143.07
10608;08/05/2026 12:00:03;;Dossier validé;Parcours terminé;411.57
10609;08/05/2026 11:56:51;;Souscription en cours;Informations complémentaires (CA, Profession, etc.);984.98
10610;08/05/2026 11:56:51;;Souscription en cours;Informations complémentaires (CA, Profession, etc.);656.68
10611;08/05/2026 11:51:50;Z5735392;Dossier validé;Parcours terminé;586.00
10612;08/05/2026 11:51:50;Z5735392;Dossier validé;Parcours terminé;726.51
10613;08/05/2026 11:47:45;;Dossier validé;Parcours terminé;649.71
10614;08/05/2026 11:47:45;;Dossier validé;Parcours terminé;526.39
10615;08/05/2026 11:41:18;;Dossier refusé;Saisie société;482.28
10616;08/05/2026 11:41:18;;Dossier refusé;Saisie société;986.32
10617;08/05/2026 11:33:33;;Dossier validé;Parcours terminé;323.65
10618;08/05/2026 11:33:33;;Dossier validé;Parcours terminé;656.10
10619;08/05/2026 11:29:43;;Dossier validé;Parcours terminé;531.33
10620;08/05/2026 11:29:43;;Dossier validé;Parcours terminé;428.46
10621;08/05/2026 11:24:52;;Dossier validé;Parcours terminé;566.92
10622;08/05/2026 11:24:52;;Dossier validé;Parcours terminé;835.00
10623;08/05/2026 11:21:26;;Souscription en cours;Coordonnées personnelles;550.14
10624;08/05/2026 11:21:26;;Souscription en cours;Coordonnées personnelles;638.28
10625;08/05/2026 11:20:51;;Souscription en cours;Choix de l'offre et livraison;735.70
10626;08/05/2026 11:20:51;;Souscription en cours;Choix de l'offre et livraison;645.74
10627;08/05/2026 11:04:45;;Souscription en cours;Signature Contrat;876.11
10628;08/05/2026 11:04:45;;Souscription en cours;Signature Contrat;978.22
10629;08/05/2026 11:04:31;Hugo MARTIN;Dossier validé;Parcours terminé;781.93
10630;08/05/2026 11:04:31;Hugo MARTIN;Dossier validé;Parcours terminé;392.11
10631;08/05/2026 11:03:51;;Dossier validé;Parcours terminé;261.78
10632;08/05/2026 11:03:51;;Dossier validé;Parcours terminé;807.22
10633;08/05/2026 11:00:23;;Souscription en cours;Choix de l'offre et livraison;399.55
10634;08/05/2026 11:00:23;;Souscription en cours;Choix de l'offre et livraison;745.12
10635;08/05/2026 10:31:38;;Dossier refusé;Saisie société;230.91
10636;08/05/2026 10:31:38;;Dossier refusé;Saisie société;661.14
10637;08/05/2026 10:23:13;;Dossier validé;Parcours terminé;985.66
10638;08/05/2026 10:23:13;;Dossier validé;Parcours terminé;161.59
10639;08/05/2026 10:19:35;;Souscription en cours;Informations complémentaires (CA, Profession, etc.);384.66
10640;08/05/2026 10:19:35;;Souscription en cours;Informations complémentaires (CA, Profession, etc.);539.98
10641;08/05/2026 10:05:49;;Souscription en cours;Coordonnées personnelles;382.27
10642;08/05/2026 10:05:49;;Souscription en cours;Coordonnées personnelles;886.12
10643;08/05/2026 10:02:15;;Souscription en cours;Coordonnées personnelles;737.64
10644;08/05/2026 10:02:15;;Souscription en cours;Coordonnées personnelles;459.81
10645;08/05/2026 10:00:27;;Dossier validé;Parcours terminé;201.90
10646;08/05/2026 10:00:27;;Dossier validé;Parcours terminé;538.40
10647;08/05/2026 09:58:53;;Dossier validé;Parcours terminé;313.97
10648;08/05/2026 09:58:53;;Dossier validé;Parcours terminé;403.72
10649;08/05/2026 09:51:04;;Dossier refusé;Choix de l'offre et livraison;605.22
10650;08/05/2026 09:51:04;;Dossier refusé;Choix de l'offre et livraison;713.88
10651;08/05/2026 09:42:05;;Dossier validé;Parcours terminé;932.67
10652;08/05/2026 09:42:05;;Dossier validé;Parcours terminé;268.92
10653;08/05/2026 08:25:37;;Dossier refusé;Signature Contrat;747.42
10654;08/05/2026 08:25:37;;Dossier refusé;Signature Contrat;732.72
10655;08/05/2026 08:22:08;;Dossier validé;Parcours terminé;473.78
10656;08/05/2026 08:22:08;;Dossier validé;Parcours terminé;668.16
10657;08/05/2026 08:20:44;;Dossier refusé;Saisie société;920.53
10658;08/05/2026 08:20:44;;Dossier refusé;Saisie société;674.20
10659;08/05/2026 08:18:58;Adam LAURENT;Dossier validé;Parcours terminé;966.79
10660;08/05/2026 08:18:58;Adam LAURENT;Dossier validé;Parcours terminé;618.22
10661;08/05/2026 08:02:00;;Dossier validé;Parcours terminé;999.69
10662;08/05/2026 08:02:00;;Dossier validé;Parcours terminé;725.43
10663;08/05/2026 07:54:06;;En attente d'analyse Agent - Dossier avec erreurs;Signature Contrat;399.24
10664;08/05/2026 07:54:06;;En attente d'analyse Agent - Dossier avec erreurs;Signature Contrat;938.25
10665;08/05/2026 07:14:58;;Dossier validé;Parcours terminé;675.66
10666;08/05/2026 07:14:58;;Dossier validé;Parcours terminé;535.67
10667;08/05/2026 07:03:39;;Dossier validé;Parcours terminé;424.29
10668;08/05/2026 07:03:39;;Dossier validé;Parcours terminé;845.19
10669;08/05/2026 06:56:35;;Dossier refusé;Saisie société;222.13
10670;08/05/2026 06:56:35;;Dossier refusé;Saisie société;418.63
10671;08/05/2026 06:27:08;;Souscription non démarrée;Parcours non démarré;653.79
10672;08/05/2026 06:27:08;;Souscription non démarrée;Parcours non démarré;402.22
10673;08/05/2026 04:58:15;;Dossier validé;Parcours terminé;578.10
10674;08/05/2026 04:58:15;;Dossier validé;Parcours terminé;890.77
10675;08/05/2026 02:36:32;;En attente d'analyse Agent - Dossier avec erreurs;Signature Contrat;246.63
10676;08/05/2026 02:36:32;;En attente d'analyse Agent - Dossier avec erreurs;Signature Contrat;315.88
10677;08/05/2026 01:16:16;;Dossier validé;Parcours terminé;697.56
10678;08/05/2026 01:16:16;;Dossier validé;Parcours terminé;424.00
10679;08/05/2026 00:52:04;;Dossier validé;Parcours terminé;906.33
10680;08/05/2026 00:52:04;;Dossier validé;Parcours terminé;650.40
10681;08/05/2026 00:20:15;;Souscription en cours;Coordonnées personnelles;416.22
10682;08/05/2026 00:20:15;;Souscription en cours;Coordonnées personnelles;358.13
10683;08/05/2026 00:03:47;;Souscription en cours;Coordonnées personnelles;389.45
10684;08/05/2026 00:03:47;;Souscription en cours;Coordonnées personnelles;638.27
10685;07/05/2026 23:59:58;;Dossier refusé;Saisie société;375.03
10686;07/05/2026 23:59:58;;Dossier refusé;Saisie société;264.63
10687;07/05/2026 23:27:51;;Dossier validé;Parcours terminé;996.41
10688;07/05/2026 23:27:51;;Dossier validé;Parcours terminé;908.45
10689;07/05/2026 22:59:45;;Dossier validé;Parcours terminé;875.65
10690;07/05/2026 22:59:45;;Dossier validé;Parcours terminé;192.90
10691;07/05/2026 22:54:24;;Dossier validé;Parcours terminé;429.79
10692;07/05/2026 22:54:24;;Dossier validé;Parcours terminé;841.61
10693;07/05/2026 22:53:21;Manon LEFEBVRE;Dossier refusé;Saisie société;895.86
10694;07/05/2026 22:53:21;Manon LEFEBVRE;Dossier refusé;Saisie société;599.29
10695;07/05/2026 22:28:10;;Souscription en cours;Coordonnées personnelles;925.74
10696;07/05/2026 22:28:10;;Souscription en cours;Coordonnées personnelles;125.90
10697;07/05/2026 22:20:27;;Souscription en cours;Choix de l'offre et livraison;128.97
10698;07/05/2026 22:20:27;;Souscription en cours;Choix de l'offre et livraison;299.06
10699;07/05/2026 22:08:36;;Souscription en cours;Coordonnées personnelles;738.22
10700;07/05/2026 22:08:36;;Souscription en cours;Coordonnées personnelles;949.12
10701;07/05/2026 22:04:21;;Dossier refusé;Saisie société;195.21
10702;07/05/2026 22:04:21;;Dossier refusé;Saisie société;701.15
10703;07/05/2026 21:46:29;;Dossier validé;Parcours terminé;126.13
10704;07/05/2026 21:46:29;;Dossier validé;Parcours terminé;637.98
10705;07/05/2026 21:44:21;;Souscription en cours;Coordonnées personnelles;498.42
10706;07/05/2026 21:44:21;;Souscription en cours;Coordonnées personnelles;198.77
10707;07/05/2026 21:40:32;;Dossier validé;Parcours terminé;851.78
10708;07/05/2026 21:40:32;;Dossier validé;Parcours terminé;634.21
10709;07/05/2026 21:33:50;;Dossier validé;Parcours terminé;139.23
10710;07/05/2026 21:33:50;;Dossier validé;Parcours terminé;903.34
10711;07/05/2026 21:28:37;;Dossier validé;Parcours terminé;676.22
10712;07/05/2026 21:28:37;;Dossier validé;Parcours terminé;405.80
10713;07/05/2026 21:24:12;;Dossier refusé;Choix de l'offre et livraison;140.86
10714;07/05/2026 21:24:12;;Dossier refusé;Choix de l'offre et livraison;163.98
10715;07/05/2026 21:09:40;;Souscription en cours;Signature Contrat;460.51
10716;07/05/2026 21:09:40;;Souscription en cours;Signature Contrat;555.14
10717;07/05/2026 20:54:26;;Dossier validé;Parcours terminé;541.99
10718;07/05/2026 20:54:26;;Dossier validé;Parcours terminé;610.86
10719;07/05/2026 20:48:41;;Souscription non démarrée;Parcours non démarré;979.29
10720;07/05/2026 20:48:41;;Souscription non démarrée;Parcours non démarré;865.81
10721;07/05/2026 20:37:27;;Dossier refusé;Saisie société;307.87
10722;07/05/2026 20:37:27;;Dossier refusé;Saisie société;298.90
10723;07/05/2026 20:33:37;;Dossier validé;Parcours terminé;644.56
10724;07/05/2026 20:33:37;;Dossier validé;Parcours terminé;498.70
10725;07/05/2026 20:23:02;;Dossier refusé;Synchronisation référentiel personne NOVA;487.65
10726;07/05/2026 20:23:02;;Dossier refusé;Synchronisation référentiel personne NOVA;760.14
10727;07/05/2026 20:03:20;;Dossier refusé;Saisie société;363.50
10728;07/05/2026 20:03:20;;Dossier refusé;Saisie société;414.64
10729;07/05/2026 19:42:00;;Dossier validé;Parcours terminé;347.70
10730;07/05/2026 19:42:00;;Dossier validé;Parcours terminé;177.34
10731;07/05/2026 19:35:17;;Souscription en cours;Coordonnées personnelles;316.08
10732;07/05/2026 19:35:17;;Souscription en cours;Coordonnées personnelles;703.06
10733;07/05/2026 19:12:00;;Dossier validé;Parcours terminé;963.67
10734;07/05/2026 19:12:00;;Dossier validé;Parcours terminé;176.12
10735;07/05/2026 18:46:59;;Souscription en cours;Signature Contrat;523.47
10736;07/05/2026 18:46:59;;Souscription en cours;Signature Contrat;290.98
10737;07/05/2026 18:43:01;;Souscription non démarrée;Parcours non démarré;458.07
10738;07/05/2026 18:43:01;;Souscription non démarrée;Parcours non démarré;810.33
10739;07/05/2026 18:24:05;;Souscription en cours;Coordonnées personnelles;590.34
10740;07/05/2026 18:24:05;;Souscription en cours;Coordonnées personnelles;203.41
10741;07/05/2026 18:18:42;;Dossier refusé;Signature Contrat;846.35
10742;07/05/2026 18:18:42;;Dossier refusé;Signature Contrat;927.47
10743;07/05/2026 18:14:04;;Souscription en cours;Coordonnées personnelles;120.99
10744;07/05/2026 18:14:04;;Souscription en cours;Coordonnées personnelles;932.44
10745;07/05/2026 17:42:20;;Dossier validé;Parcours terminé;847.91
10746;07/05/2026 17:42:20;;Dossier validé;Parcours terminé;334.07
10747;07/05/2026 17:37:45;;Souscription non démarrée;Parcours non démarré;705.62
10748;07/05/2026 17:37:45;;Souscription non démarrée;Parcours non démarré;927.55
10749;07/05/2026 17:14:31;;Souscription en cours;Choix de l'offre et livraison;286.98
10750;07/05/2026 17:14:31;;Souscription en cours;Choix de l'offre et livraison;280.42
10751;07/05/2026 17:12:01;;Dossier validé;Parcours terminé;967.04
10752;07/05/2026 17:12:01;;Dossier validé;Parcours terminé;594.20
10753;07/05/2026 17:11:52;;Souscription en cours;Coordonnées personnelles;587.31
10754;07/05/2026 17:11:52;;Souscription en cours;Coordonnées personnelles;198.74
10755;07/05/2026 17:08:25;;Dossier refusé;Signature Contrat;422.70
10756;07/05/2026 17:08:25;;Dossier refusé;Signature Contrat;563.74
10757;07/05/2026 17:08:17;;Souscription en cours;Informations complémentaires (Etablissements, etc.);356.44
10758;07/05/2026 17:08:17;;Souscription en cours;Informations complémentaires (Etablissements, etc.);316.74
10759;07/05/2026 17:01:14;;Souscription en cours;Choix de l'offre et livraison;197.51
10760;07/05/2026 17:01:14;;Souscription en cours;Choix de l'offre et livraison;704.10
10761;07/05/2026 16:59:58;;Dossier validé;Parcours terminé;821.51
10762;07/05/2026 16:59:58;;Dossier validé;Parcours terminé;166.56
10763;07/05/2026 16:45:56;Inès MICHEL;Dossier refusé;Coordonnées personnelles;303.85
10764;07/05/2026 16:45:56;Inès MICHEL;Dossier refusé;Coordonnées personnelles;258.01
10765;07/05/2026 16:40:48;;Souscription en cours;Synchronisation référentiel personne NOVA;516.75
10766;07/05/2026 16:40:48;;Souscription en cours;Synchronisation référentiel personne NOVA;869.32
10767;07/05/2026 16:37:34;;Dossier validé;Parcours terminé;861.41
10768;07/05/2026 16:37:34;;Dossier validé;Parcours terminé;328.70
10769;07/05/2026 16:30:03;;Dossier refusé;Choix de l'offre et livraison;375.09
10770;07/05/2026 16:30:03;;Dossier refusé;Choix de l'offre et livraison;750.60
10771;07/05/2026 16:18:12;;Dossier validé;Parcours terminé;529.22
10772;07/05/2026 16:18:12;;Dossier validé;Parcours terminé;603.40
10773;07/05/2026 16:16:51;;Souscription en cours;Coordonnées personnelles;898.36
10774;07/05/2026 16:16:51;;Souscription en cours;Coordonnées personnelles;592.75
10775;07/05/2026 16:11:53;;Souscription en cours;Signature Contrat;256.28
10776;07/05/2026 16:11:53;;Souscription en cours;Signature Contrat;779.62
10777;07/05/2026 16:06:29;;Souscription en cours;Coordonnées personnelles;836.22
10778;07/05/2026 16:06:29;;Souscription en cours;Coordonnées personnelles;255.26
10779;07/05/2026 16:02:08;;Souscription en cours;Signature Contrat;366.25
10780;07/05/2026 16:02:08;;Souscription en cours;Signature Contrat;268.97
10781;07/05/2026 16:01:45;;Dossier validé;Parcours terminé;459.37
10782;07/05/2026 16:01:45;;Dossier validé;Parcours terminé;171.86
10783;07/05/2026 15:53:46;;Souscription en cours;Choix de l'offre et livraison;898.05
10784;07/05/2026 15:53:46;;Souscription en cours;Choix de l'offre et livraison;433.34
10785;07/05/2026 15:49:00;;Souscription en cours;Signature Contrat;922.45
10786;07/05/2026 15:49:00;;Souscription en cours;Signature Contrat;623.62
10787;07/05/2026 15:48:35;;Dossier validé;Parcours terminé;128.33
10788;07/05/2026 15:48:35;;Dossier validé;Parcours terminé;259.48
10789;07/05/2026 15:46:59;;Souscription en cours;Choix de l'offre et livraison;396.83
10790;07/05/2026 15:46:59;;Souscription en cours;Choix de l'offre et livraison;713.24
10791;07/05/2026 15:40:37;;Souscription non démarrée;Parcours non démarré;342.98
10792;07/05/2026 15:40:37;;Souscription non démarrée;Parcours non démarré;127.27
10793;07/05/2026 15:36:10;;Dossier validé;Parcours terminé;775.46
10794;07/05/2026 15:36:10;;Dossier validé;Parcours terminé;955.35
10795;07/05/2026 15:32:39;;Souscription en cours;Coordonnées personnelles;626.08
10796;07/05/2026 15:32:39;;Souscription en cours;Coordonnées personnelles;520.10
10797;07/05/2026 15:30:45;;Souscription en cours;Coordonnées personnelles;334.57
10798;07/05/2026 15:30:45;;Souscription en cours;Coordonnées personnelles;890.35
10799;07/05/2026 15:29:11;;Dossier refusé;Saisie société;508.93
10800;07/05/2026 15:29:11;;Dossier refusé;Saisie société;837.24
10801;07/05/2026 15:27:26;;Dossier validé;Parcours terminé;732.24
10802;07/05/2026 15:27:26;;Dossier validé;Parcours terminé;120.79
10803;07/05/2026 15:23:07;;Dossier validé;Parcours terminé;691.33
10804;07/05/2026 15:23:07;;Dossier validé;Parcours terminé;107.09
10805;07/05/2026 15:17:12;;Souscription non démarrée;Parcours non démarré;586.26
10806;07/05/2026 15:17:12;;Souscription non démarrée;Parcours non démarré;537.90
10807;07/05/2026 15:16:43;;Dossier refusé;Signature Contrat;471.32
10808;07/05/2026 15:16:43;;Dossier refusé;Signature Contrat;797.51
10809;07/05/2026 15:15:25;;Dossier validé;Parcours terminé;422.54
10810;07/05/2026 15:15:25;;Dossier validé;Parcours terminé;473.25
10811;07/05/2026 15:14:24;;Souscription non démarrée;Parcours non démarré;509.79
10812;07/05/2026 15:14:24;;Souscription non démarrée;Parcours non démarré;848.55
10813;07/05/2026 15:12:25;;Dossier validé;Parcours terminé;832.05
10814;07/05/2026 15:12:25;;Dossier validé;Parcours terminé;990.82
10815;07/05/2026 15:09:40;;Souscription en cours;Choix de l'offre et livraison;133.76
10816;07/05/2026 15:09:40;;Souscription en cours;Choix de l'offre et livraison;911.09
10817;07/05/2026 15:07:30;;Souscription en cours;Choix de l'offre et livraison;768.78
10818;07/05/2026 15:07:30;;Souscription en cours;Choix de l'offre et livraison;847.31
10819;07/05/2026 15:03:22;;Souscription en cours;Signature Contrat;172.40
10820;07/05/2026 15:03:22;;Souscription en cours;Signature Contrat;362.15
10821;07/05/2026 14:57:02;;Souscription non démarrée;Parcours non démarré;792.49
10822;07/05/2026 14:57:02;;Souscription non démarrée;Parcours non démarré;172.26
10823;07/05/2026 14:50:56;;Souscription en cours;Signature Contrat;131.13
10824;07/05/2026 14:50:56;;Souscription en cours;Signature Contrat;487.05
10825;07/05/2026 14:46:48;;Souscription en cours;Vérification d'identité;652.46
10826;07/05/2026 14:46:48;;Souscription en cours;Vérification d'identité;823.56
10827;07/05/2026 14:44:48;;Souscription en cours;Coordonnées personnelles;746.13
10828;07/05/2026 14:44:48;;Souscription en cours;Coordonnées personnelles;133.99
10829;07/05/2026 14:44:47;;Dossier validé;Parcours terminé;622.92
10830;07/05/2026 14:44:47;;Dossier validé;Parcours terminé;750.37
10831;07/05/2026 14:42:45;;Souscription en cours;Coordonnées personnelles;967.65
10832;07/05/2026 14:42:45;;Souscription en cours;Coordonnées personnelles;936.99
10833;07/05/2026 14:37:12;;Dossier validé;Parcours terminé;512.59
10834;07/05/2026 14:37:12;;Dossier validé;Parcours terminé;494.65
10835;07/05/2026 14:29:08;;Souscription non démarrée;Parcours non démarré;937.77
10836;07/05/2026 14:29:08;;Souscription non démarrée;Parcours non démarré;591.40
10837;07/05/2026 14:19:33;;Dossier validé;Parcours terminé;485.06
10838;07/05/2026 14:19:33;;Dossier validé;Parcours terminé;845.19
10839;07/05/2026 14:17:06;;Souscription non démarrée;Parcours non démarré;998.72
10840;07/05/2026 14:17:06;;Souscription non démarrée;Parcours non démarré;775.48
10841;07/05/2026 14:10:40;;Dossier validé;Parcours terminé;350.27
10842;07/05/2026 14:10:40;;Dossier validé;Parcours terminé;749.22
10843;07/05/2026 14:01:17;;Souscription en cours;Coordonnées personnelles;979.97
10844;07/05/2026 14:01:17;;Souscription en cours;Coordonnées personnelles;802.26
10845;07/05/2026 13:51:54;;Souscription en cours;Choix de l'offre et livraison;883.62
10846;07/05/2026 13:51:54;;Souscription en cours;Choix de l'offre et livraison;656.54
10847;07/05/2026 13:29:46;;Souscription en cours;Signature Contrat;667.41
10848;07/05/2026 13:29:46;;Souscription en cours;Signature Contrat;935.92
10849;07/05/2026 13:24:25;;Souscription en cours;Signature Contrat;297.02
10850;07/05/2026 13:24:25;;Souscription en cours;Signature Contrat;326.58
10851;07/05/2026 13:18:35;;Dossier validé;Parcours terminé;963.50
10852;07/05/2026 13:18:35;;Dossier validé;Parcours terminé;112.55
10853;07/05/2026 13:09:35;;Souscription en cours;Coordonnées personnelles;733.48
10854;07/05/2026 13:09:35;;Souscription en cours;Coordonnées personnelles;474.54
10855;07/05/2026 13:06:32;;Souscription en cours;Signature Contrat;961.16
10856;07/05/2026 13:06:32;;Souscription en cours;Signature Contrat;673.40
10857;07/05/2026 12:58:29;;Dossier validé;Parcours terminé;248.55
10858;07/05/2026 12:58:29;;Dossier validé;Parcours terminé;295.87
10859;07/05/2026 12:55:40;;Dossier validé;Parcours terminé;174.84
10860;07/05/2026 12:55:40;;Dossier validé;Parcours terminé;907.12
10861;07/05/2026 12:49:12;;Souscription en cours;Coordonnées personnelles;307.50
10862;07/05/2026 12:49:12;;Souscription en cours;Coordonnées personnelles;961.35
10863;07/05/2026 12:41:22;;Dossier refusé;Synchronisation référentiel personne NOVA;198.61
10864;07/05/2026 12:41:22;;Dossier refusé;Synchronisation référentiel personne NOVA;877.68
10865;07/05/2026 12:39:26;;Dossier validé;Parcours terminé;546.15
10866;07/05/2026 12:39:26;;Dossier validé;Parcours terminé;937.57
10867;07/05/2026 12:39:13;;Souscription non démarrée;Parcours non démarré;177.92
10868;07/05/2026 12:39:13;;Souscription non démarrée;Parcours non démarré;452.34
10869;07/05/2026 12:35:54;;Dossier refusé;Saisie société;936.74
10870;07/05/2026 12:35:54;;Dossier refusé;Saisie société;823.61
10871;07/05/2026 12:24:33;;Dossier validé;Parcours terminé;119.69
10872;07/05/2026 12:24:33;;Dossier validé;Parcours terminé;330.76
10873;07/05/2026 12:05:12;;Souscription non démarrée;Parcours non démarré;871.87
10874;07/05/2026 12:05:12;;Souscription non démarrée;Parcours non démarré;170.73
10875;07/05/2026 12:04:46;;Dossier validé;Parcours terminé;737.26
10876;07/05/2026 12:04:46;;Dossier validé;Parcours terminé;171.02
10877;07/05/2026 12:02:15;;Dossier validé;Parcours terminé;951.79
10878;07/05/2026 12:02:15;;Dossier validé;Parcours terminé;856.56
10879;07/05/2026 11:59:28;;Souscription en cours;Coordonnées personnelles;522.49
10880;07/05/2026 11:59:28;;Souscription en cours;Coordonnées personnelles;398.22
10881;07/05/2026 11:50:59;;Souscription en cours;Criblages BE(s);793.51
10882;07/05/2026 11:50:59;;Souscription en cours;Criblages BE(s);203.46
10883;07/05/2026 11:45:09;;Souscription en cours;Coordonnées personnelles;869.76
10884;07/05/2026 11:45:09;;Souscription en cours;Coordonnées personnelles;310.41
10885;07/05/2026 11:43:56;;Souscription en cours;Coordonnées personnelles;970.20
10886;07/05/2026 11:43:56;;Souscription en cours;Coordonnées personnelles;874.88
10887;07/05/2026 11:34:44;;Dossier validé;Parcours terminé;734.17
10888;07/05/2026 11:34:44;;Dossier validé;Parcours terminé;884.39
10889;07/05/2026 11:25:22;;Dossier validé;Parcours terminé;513.34
10890;07/05/2026 11:25:22;;Dossier validé;Parcours terminé;606.40
10891;07/05/2026 11:24:26;;Souscription en cours;Coordonnées personnelles;984.18
10892;07/05/2026 11:24:26;;Souscription en cours;Coordonnées personnelles;934.28
10893;07/05/2026 11:17:54;;Souscription en cours;Coordonnées personnelles;425.26
10894;07/05/2026 11:17:54;;Souscription en cours;Coordonnées personnelles;258.33
10895;07/05/2026 11:16:19;;Souscription en cours;Choix de l'offre et livraison;638.33
10896;07/05/2026 11:16:19;;Souscription en cours;Choix de l'offre et livraison;803.16
10897;07/05/2026 11:08:11;;Dossier validé;Parcours terminé;682.67
10898;07/05/2026 11:08:11;;Dossier validé;Parcours terminé;848.17
10899;07/05/2026 11:02:15;;Souscription en cours;Informations complémentaires (CA, Profession, etc.);462.16
10900;07/05/2026 11:02:15;;Souscription en cours;Informations complémentaires (CA, Profession, etc.);211.98
10901;07/05/2026 10:57:28;;Souscription en cours;Coordonnées personnelles;138.32
10902;07/05/2026 10:57:28;;Souscription en cours;Coordonnées personnelles;273.49
10903;07/05/2026 10:55:16;;Souscription en cours;Informations complémentaires (Etablissements, etc.);217.10
10904;07/05/2026 10:55:16;;Souscription en cours;Informations complémentaires (Etablissements, etc.);650.63
10905;07/05/2026 10:52:21;;Souscription en cours;Coordonnées personnelles;440.33
10906;07/05/2026 10:52:21;;Souscription en cours;Coordonnées personnelles;663.09
10907;07/05/2026 10:50:51;;Dossier refusé;Parcours terminé;255.88
10908;07/05/2026 10:50:51;;Dossier refusé;Parcours terminé;952.42
10909;07/05/2026 10:44:34;;Dossier validé;Parcours terminé;357.34
10910;07/05/2026 10:44:34;;Dossier validé;Parcours terminé;474.27
10911;07/05/2026 10:40:45;;Souscription en cours;Coordonnées personnelles;225.05
10912;07/05/2026 10:40:45;;Souscription en cours;Coordonnées personnelles;154.64
10913;07/05/2026 10:39:56;;Dossier refusé;Signature Contrat;462.21
10914;07/05/2026 10:39:56;;Dossier refusé;Signature Contrat;820.88
10915;07/05/2026 10:35:54;Hugo MARTIN;Dossier validé;Parcours terminé;146.27
10916;07/05/2026 10:35:54;Hugo MARTIN;Dossier validé;Parcours terminé;408.20
10917;07/05/2026 10:33:26;;Souscription en cours;Coordonnées personnelles;664.95
10918;07/05/2026 10:33:26;;Souscription en cours;Coordonnées personnelles;430.48
10919;07/05/2026 10:18:52;Hugo DUBOIS;Dossier validé;Parcours terminé;230.23
10920;07/05/2026 10:18:52;Hugo DUBOIS;Dossier validé;Parcours terminé;669.27
10921;07/05/2026 10:06:46;;Souscription en cours;Coordonnées personnelles;314.24
10922;07/05/2026 10:06:46;;Souscription en cours;Coordonnées personnelles;413.95
10923;07/05/2026 10:01:40;;Dossier validé;Parcours terminé;935.99
10924;07/05/2026 10:01:40;;Dossier validé;Parcours terminé;661.57
10925;07/05/2026 10:00:15;;Souscription en cours;Vérification d'identité;984.22
10926;07/05/2026 10:00:15;;Souscription en cours;Vérification d'identité;490.40
10927;07/05/2026 09:48:32;;Dossier validé;Parcours terminé;965.75
10928;07/05/2026 09:48:32;;Dossier validé;Parcours terminé;358.01
10929;07/05/2026 09:46:47;;Dossier validé;Parcours terminé;405.84
10930;07/05/2026 09:46:47;;Dossier validé;Parcours terminé;541.84
10931;07/05/2026 09:38:06;Hugo MARTIN;Dossier validé;Parcours terminé;696.31
10932;07/05/2026 09:38:06;Hugo MARTIN;Dossier validé;Parcours terminé;170.57
10933;07/05/2026 09:36:32;;Dossier refusé;Saisie société;151.13
10934;07/05/2026 09:36:32;;Dossier refusé;Saisie société;746.10
10935;07/05/2026 09:24:27;;Souscription en cours;Signature Contrat;770.34
10936;07/05/2026 09:24:27;;Souscription en cours;Signature Contrat;434.33
10937;07/05/2026 09:19:27;;Souscription en cours;Choix de l'offre et livraison;415.10
10938;07/05/2026 09:19:27;;Souscription en cours;Choix de l'offre et livraison;344.44
10939;07/05/2026 09:18:50;;Dossier validé;Parcours terminé;514.11
10940;07/05/2026 09:18:50;;Dossier validé;Parcours terminé;943.31
10941;07/05/2026 09:16:44;;Dossier validé;Parcours terminé;471.44
10942;07/05/2026 09:16:44;;Dossier validé;Parcours terminé;954.03
10943;07/05/2026 09:12:36;;Dossier refusé;Saisie société;472.17
10944;07/05/2026 09:12:36;;Dossier refusé;Saisie société;210.31
10945;07/05/2026 09:01:35;Zoé MULLER;Dossier validé;Parcours terminé;257.74
10946;07/05/2026 09:01:35;Zoé MULLER;Dossier validé;Parcours terminé;604.26
10947;07/05/2026 09:01:21;Hugo MARTIN;Dossier refusé;Saisie société;582.45
10948;07/05/2026 09:01:21;Hugo MARTIN;Dossier refusé;Saisie société;668.81
10949;07/05/2026 09:00:07;;Souscription en cours;Informations complémentaires (CA, Profession, etc.);999.99
10950;07/05/2026 09:00:07;;Souscription en cours;Informations complémentaires (CA, Profession, etc.);219.67
10951;07/05/2026 08:48:54;;Souscription en cours;Vérification d'identité;317.64
10952;07/05/2026 08:48:54;;Souscription en cours;Vérification d'identité;187.55
10953;07/05/2026 08:46:24;;Dossier validé;Parcours terminé;428.53
10954;07/05/2026 08:46:24;;Dossier validé;Parcours terminé;466.72
10955;07/05/2026 08:12:05;Z5681453;Dossier validé;Parcours terminé;211.04
10956;07/05/2026 08:12:05;Z5681453;Dossier validé;Parcours terminé;796.55
10957;07/05/2026 08:06:27;Adam LAURENT;Dossier validé;Parcours terminé;590.92
10958;07/05/2026 08:06:27;Adam LAURENT;Dossier validé;Parcours terminé;762.53
10959;07/05/2026 07:57:24;;Souscription en cours;Choix de l'offre et livraison;162.07
10960;07/05/2026 07:57:24;;Souscription en cours;Choix de l'offre et livraison;355.49
10961;07/05/2026 07:34:28;;Dossier validé;Parcours terminé;194.81
10962;07/05/2026 07:34:28;;Dossier validé;Parcours terminé;773.73
10963;07/05/2026 07:22:12;;Dossier validé;Parcours terminé;164.08
10964;07/05/2026 07:22:12;;Dossier validé;Parcours terminé;126.80
10965;07/05/2026 07:09:57;;Souscription en cours;Informations complémentaires (Etablissements, etc.);770.89
10966;07/05/2026 07:09:57;;Souscription en cours;Informations complémentaires (Etablissements, etc.);410.62
10967;07/05/2026 07:04:34;;Souscription en cours;Coordonnées personnelles;782.88
10968;07/05/2026 07:04:34;;Souscription en cours;Coordonnées personnelles;790.64
10969;07/05/2026 06:25:44;;Dossier validé;Parcours terminé;223.55
10970;07/05/2026 06:25:44;;Dossier validé;Parcours terminé;935.64
10971;07/05/2026 05:42:34;;Souscription en cours;Vérification d'identité;958.83
10972;07/05/2026 05:42:34;;Souscription en cours;Vérification d'identité;188.46
10973;07/05/2026 04:28:36;;Souscription en cours;Signature Contrat;610.44
10974;07/05/2026 04:28:36;;Souscription en cours;Signature Contrat;898.84
10975;07/05/2026 02:42:42;;Dossier validé;Parcours terminé;726.89
10976;07/05/2026 02:42:42;;Dossier validé;Parcours terminé;821.31
10977;07/05/2026 02:28:04;;Souscription en cours;Choix de l'offre et livraison;594.45
10978;07/05/2026 02:28:04;;Souscription en cours;Choix de l'offre et livraison;432.22
10979;07/05/2026 02:27:24;;Dossier validé;Parcours terminé;555.00
10980;07/05/2026 02:27:24;;Dossier validé;Parcours terminé;407.07
10981;07/05/2026 01:50:01;Z5681453;Dossier validé;Parcours terminé;431.41
10982;07/05/2026 01:50:01;Z5681453;Dossier validé;Parcours terminé;590.66
10983;06/05/2026 23:05:03;;Souscription non démarrée;Parcours non démarré;362.92
10984;06/05/2026 23:05:03;;Souscription non démarrée;Parcours non démarré;485.04
10985;06/05/2026 22:46:31;;Souscription en cours;Informations complémentaires (CA, Profession, etc.);776.00
10986;06/05/2026 22:46:31;;Souscription en cours;Informations complémentaires (CA, Profession, etc.);925.24
10987;06/05/2026 22:41:12;;Souscription en cours;Bénéficiaire effectifs;136.35
10988;06/05/2026 22:41:12;;Souscription en cours;Bénéficiaire effectifs;295.22
10989;06/05/2026 22:06:02;;Souscription en cours;Signature Contrat;507.13
10990;06/05/2026 22:06:02;;Souscription en cours;Signature Contrat;332.99
10991;06/05/2026 22:01:46;;En attente d'analyse Agent - Dossier avec erreurs;Signature Contrat;827.16
10992;06/05/2026 22:01:46;;En attente d'analyse Agent - Dossier avec erreurs;Signature Contrat;586.91
10993;06/05/2026 21:51:30;;Dossier validé;Parcours terminé;853.06
10994;06/05/2026 21:51:30;;Dossier validé;Parcours terminé;615.99
10995;06/05/2026 21:48:33;;Souscription en cours;Choix de l'offre et livraison;140.73
10996;06/05/2026 21:48:33;;Souscription en cours;Choix de l'offre et livraison;186.52
10997;06/05/2026 21:39:57;Hugo MARTIN;Dossier validé;Parcours terminé;807.12
10998;06/05/2026 21:39:57;Hugo MARTIN;Dossier validé;Parcours terminé;423.74
10999;06/05/2026 21:32:04;;Souscription en cours;Choix de l'offre et livraison;546.42
11000;06/05/2026 21:32:04;;Souscription en cours;Choix de l'offre et livraison;646.04
11001;06/05/2026 21:27:51;;Dossier validé;Parcours terminé;749.77
11002;06/05/2026 21:27:51;;Dossier validé;Parcours terminé;374.66
11003;06/05/2026 21:13:19;;Dossier refusé;Saisie société;974.05
11004;06/05/2026 21:13:19;;Dossier refusé;Saisie société;568.09
11005;06/05/2026 20:59:57;;Souscription non démarrée;Parcours non démarré;305.16
11006;06/05/2026 20:59:57;;Souscription non démarrée;Parcours non démarré;755.96
11007;06/05/2026 20:57:59;Zoé MULLER;Dossier refusé;Signature Contrat;879.59
11008;06/05/2026 20:57:59;Zoé MULLER;Dossier refusé;Signature Contrat;430.77
11009;06/05/2026 20:55:15;;Souscription en cours;Informations complémentaires (CA, Profession, etc.);175.24
11010;06/05/2026 20:55:15;;Souscription en cours;Informations complémentaires (CA, Profession, etc.);384.02
11011;06/05/2026 20:32:46;;Souscription en cours;Choix de l'offre et livraison;296.55
11012;06/05/2026 20:32:46;;Souscription en cours;Choix de l'offre et livraison;463.03
11013;06/05/2026 20:30:47;;Souscription non démarrée;Parcours non démarré;233.75
11014;06/05/2026 20:30:47;;Souscription non démarrée;Parcours non démarré;191.75
11015;06/05/2026 20:23:29;;Souscription en cours;Choix de l'offre et livraison;570.57
11016;06/05/2026 20:23:29;;Souscription en cours;Choix de l'offre et livraison;198.91
11017;06/05/2026 20:22:26;;Dossier refusé;Signature Contrat;422.87
11018;06/05/2026 20:22:26;;Dossier refusé;Signature Contrat;472.31
11019;06/05/2026 20:14:06;;Dossier validé;Parcours terminé;531.74
11020;06/05/2026 20:14:06;;Dossier validé;Parcours terminé;573.92
11021;06/05/2026 20:09:43;;Souscription en cours;Coordonnées personnelles;667.31
11022;06/05/2026 20:09:43;;Souscription en cours;Coordonnées personnelles;455.93
11023;06/05/2026 20:06:25;;Souscription en cours;Vérification d'identité;641.21
11024;06/05/2026 20:06:25;;Souscription en cours;Vérification d'identité;141.97
11025;06/05/2026 20:02:08;;Dossier refusé;Saisie société;433.22
11026;06/05/2026 20:02:08;;Dossier refusé;Saisie société;594.48
11027;06/05/2026 19:28:23;;Souscription en cours;Coordonnées personnelles;871.91
11028;06/05/2026 19:28:23;;Souscription en cours;Coordonnées personnelles;546.01
11029;06/05/2026 19:25:39;Zoé MULLER;Dossier refusé;Saisie société;206.07
11030;06/05/2026 19:25:39;Zoé MULLER;Dossier refusé;Saisie société;142.04
11031;06/05/2026 18:56:10;;Souscription non démarrée;Parcours non démarré;855.83
11032;06/05/2026 18:56:10;;Souscription non démarrée;Parcours non démarré;209.90
11033;06/05/2026 18:45:02;;Souscription en cours;Choix de l'offre et livraison;897.72
11034;06/05/2026 18:45:02;;Souscription en cours;Choix de l'offre et livraison;195.85
11035;06/05/2026 18:35:00;;Souscription en cours;Signature Contrat;602.48
11036;06/05/2026 18:35:00;;Souscription en cours;Signature Contrat;542.55
11037;06/05/2026 18:24:18;;Dossier refusé;Parcours non démarré;734.51
11038;06/05/2026 18:24:18;;Dossier refusé;Parcours non démarré;973.41
11039;06/05/2026 18:17:34;Hugo DUBOIS;Dossier validé;Parcours terminé;821.98
11040;06/05/2026 18:17:34;Hugo DUBOIS;Dossier validé;Parcours terminé;991.36
11041;06/05/2026 18:02:24;;Souscription en cours;Vérification d'identité;703.97
11042;06/05/2026 18:02:24;;Souscription en cours;Vérification d'identité;215.29
11043;06/05/2026 17:56:05;;Dossier validé;Parcours terminé;841.90
11044;06/05/2026 17:56:05;;Dossier validé;Parcours terminé;157.60
11045;06/05/2026 17:49:29;Hugo MARTIN;Dossier validé;Parcours terminé;734.00
11046;06/05/2026 17:49:29;Hugo MARTIN;Dossier validé;Parcours terminé;173.10
11047;06/05/2026 17:45:49;;Souscription en cours;Coordonnées personnelles;514.94
11048;06/05/2026 17:45:49;;Souscription en cours;Coordonnées personnelles;657.15
11049;06/05/2026 17:27:44;;Souscription en cours;Vérification d'identité;233.48
11050;06/05/2026 17:27:44;;Souscription en cours;Vérification d'identité;450.37
11051;06/05/2026 17:11:53;;Souscription en cours;Coordonnées personnelles;441.98
11052;06/05/2026 17:11:53;;Souscription en cours;Coordonnées personnelles;681.58
11053;06/05/2026 17:09:12;;Dossier validé;Parcours terminé;674.10
11054;06/05/2026 17:09:12;;Dossier validé;Parcours terminé;787.18
11055;06/05/2026 17:07:33;;Souscription non démarrée;Parcours non démarré;639.26
11056;06/05/2026 17:07:33;;Souscription non démarrée;Parcours non démarré;160.31
11057;06/05/2026 17:06:16;;Souscription en cours;Coordonnées personnelles;373.45
11058;06/05/2026 17:06:16;;Souscription en cours;Coordonnées personnelles;826.15
11059;06/05/2026 17:04:23;;Dossier validé;Parcours terminé;435.78
11060;06/05/2026 17:04:23;;Dossier validé;Parcours terminé;350.83
11061;06/05/2026 17:04:02;;Souscription en cours;Signature Contrat;543.11
11062;06/05/2026 17:04:02;;Souscription en cours;Signature Contrat;596.69
11063;06/05/2026 16:47:48;;Souscription non démarrée;Parcours non démarré;398.48
11064;06/05/2026 16:47:48;;Souscription non démarrée;Parcours non démarré;524.36
11065;06/05/2026 16:45:19;;Dossier validé;Parcours terminé;850.05
11066;06/05/2026 16:45:19;;Dossier validé;Parcours terminé;144.10
11067;06/05/2026 16:43:41;;Dossier refusé;Saisie société;278.68
11068;06/05/2026 16:43:41;;Dossier refusé;Saisie société;227.26
11069;06/05/2026 16:34:01;;Dossier validé;Parcours terminé;707.36
11070;06/05/2026 16:34:01;;Dossier validé;Parcours terminé;362.87
11071;06/05/2026 16:32:35;;Dossier validé;Parcours terminé;778.92
11072;06/05/2026 16:32:35;;Dossier validé;Parcours terminé;745.02
11073;06/05/2026 16:21:50;;Souscription en cours;Choix de l'offre et livraison;122.34
11074;06/05/2026 16:21:50;;Souscription en cours;Choix de l'offre et livraison;465.00
11075;06/05/2026 16:17:12;;Dossier validé;Parcours terminé;253.85
11076;06/05/2026 16:17:12;;Dossier validé;Parcours terminé;555.31
11077;06/05/2026 16:07:23;;Souscription en cours;Informations complémentaires (CA, Profession, etc.);659.86
11078;06/05/2026 16:07:23;;Souscription en cours;Informations complémentaires (CA, Profession, etc.);829.21
11079;06/05/2026 15:58:22;;Dossier validé;Parcours terminé;605.25
11080;06/05/2026 15:58:22;;Dossier validé;Parcours terminé;686.25
11081;06/05/2026 15:51:18;;Dossier validé;Parcours terminé;893.19
11082;06/05/2026 15:51:18;;Dossier validé;Parcours terminé;197.87
11083;06/05/2026 15:46:46;;Souscription en cours;Choix de l'offre et livraison;809.66
11084;06/05/2026 15:46:46;;Souscription en cours;Choix de l'offre et livraison;899.59
11085;06/05/2026 15:44:07;;Souscription en cours;Choix de l'offre et livraison;689.49
11086;06/05/2026 15:44:07;;Souscription en cours;Choix de l'offre et livraison;637.29
11087;06/05/2026 15:43:41;;Souscription en cours;Choix de l'offre et livraison;493.37
11088;06/05/2026 15:43:41;;Souscription en cours;Choix de l'offre et livraison;783.88
11089;06/05/2026 15:43:22;;Souscription en cours;Signature Contrat;763.16
11090;06/05/2026 15:43:22;;Souscription en cours;Signature Contrat;690.73
11091;06/05/2026 15:20:33;;Souscription en cours;Informations complémentaires (CA, Profession, etc.);210.35
11092;06/05/2026 15:20:33;;Souscription en cours;Informations complémentaires (CA, Profession, etc.);674.97
11093;06/05/2026 15:18:55;;Souscription en cours;Signature Contrat;335.05
11094;06/05/2026 15:18:55;;Souscription en cours;Signature Contrat;122.03
11095;06/05/2026 15:15:12;;Dossier validé;Parcours terminé;454.07
11096;06/05/2026 15:15:12;;Dossier validé;Parcours terminé;580.06
11097;06/05/2026 15:15:11;;Souscription en cours;Choix de l'offre et livraison;209.89
11098;06/05/2026 15:15:11;;Souscription en cours;Choix de l'offre et livraison;725.76
11099;06/05/2026 14:46:39;;Dossier validé;Parcours terminé;310.53
11100;06/05/2026 14:46:39;;Dossier validé;Parcours terminé;248.61
11101;06/05/2026 14:46:39;;Souscription non démarrée;Parcours non démarré;353.27
11102;06/05/2026 14:46:39;;Souscription non démarrée;Parcours non démarré;698.23
11103;06/05/2026 14:40:29;;Souscription en cours;Vérification d'identité;730.18
11104;06/05/2026 14:40:29;;Souscription en cours;Vérification d'identité;441.22
11105;06/05/2026 14:26:59;Manon LEFEBVRE;Dossier refusé;Informations complémentaires (Etablissements, etc.);880.92
11106;06/05/2026 14:26:59;Manon LEFEBVRE;Dossier refusé;Informations complémentaires (Etablissements, etc.);467.72
11107;06/05/2026 14:26:59;;Souscription en cours;Informations complémentaires (CA, Profession, etc.);956.75
11108;06/05/2026 14:26:59;;Souscription en cours;Informations complémentaires (CA, Profession, etc.);207.87
11109;06/05/2026 14:12:31;;Dossier validé;Parcours terminé;771.47
11110;06/05/2026 14:12:31;;Dossier validé;Parcours terminé;729.46
11111;06/05/2026 14:09:41;;Dossier validé;Parcours terminé;604.52
11112;06/05/2026 14:09:41;;Dossier validé;Parcours terminé;786.54
11113;06/05/2026 13:56:01;;Souscription en cours;Choix de l'offre et livraison;211.79
11114;06/05/2026 13:56:01;;Souscription en cours;Choix de l'offre et livraison;919.57
11115;06/05/2026 13:40:20;;Souscription en cours;Coordonnées personnelles;272.82
11116;06/05/2026 13:40:20;;Souscription en cours;Coordonnées personnelles;238.19
11117;06/05/2026 13:37:21;Inès MICHEL;Dossier validé;Parcours terminé;403.67
11118;06/05/2026 13:37:21;Inès MICHEL;Dossier validé;Parcours terminé;390.37
11119;06/05/2026 13:35:54;;Dossier validé;Parcours terminé;169.93
11120;06/05/2026 13:35:54;;Dossier validé;Parcours terminé;473.92
11121;06/05/2026 13:31:34;;Dossier validé;Parcours terminé;262.55
11122;06/05/2026 13:31:34;;Dossier validé;Parcours terminé;397.88
11123;06/05/2026 13:30:24;;Dossier validé;Parcours terminé;447.43
11124;06/05/2026 13:30:24;;Dossier validé;Parcours terminé;413.27
11125;06/05/2026 13:29:29;;Souscription en cours;Coordonnées personnelles;229.23
11126;06/05/2026 13:29:29;;Souscription en cours;Coordonnées personnelles;461.29
11127;06/05/2026 13:20:35;;Dossier validé;Parcours terminé;637.18
11128;06/05/2026 13:20:35;;Dossier validé;Parcours terminé;331.14
11129;06/05/2026 13:16:49;;Dossier refusé;Saisie société;711.59
11130;06/05/2026 13:16:49;;Dossier refusé;Saisie société;669.23
11131;06/05/2026 12:57:41;;Souscription en cours;Informations complémentaires (CA, Profession, etc.);177.52
11132;06/05/2026 12:57:41;;Souscription en cours;Informations complémentaires (CA, Profession, etc.);345.08
11133;06/05/2026 12:56:48;Adam LAURENT;Dossier refusé;Saisie société;908.16
11134;06/05/2026 12:56:48;Adam LAURENT;Dossier refusé;Saisie société;402.30
11135;06/05/2026 12:50:45;;Dossier validé;Parcours terminé;616.27
11136;06/05/2026 12:50:45;;Dossier validé;Parcours terminé;973.88
11137;06/05/2026 12:27:36;;Dossier refusé;Signature Contrat;847.88
11138;06/05/2026 12:27:36;;Dossier refusé;Signature Contrat;980.15
11139;06/05/2026 12:26:55;;Dossier refusé;Saisie société;232.05
11140;06/05/2026 12:26:55;;Dossier refusé;Saisie société;771.29
11141;06/05/2026 12:24:49;;Dossier validé;Parcours terminé;633.43
11142;06/05/2026 12:24:49;;Dossier validé;Parcours terminé;256.83
11143;06/05/2026 12:24:06;;Dossier refusé;Saisie société;495.00
11144;06/05/2026 12:24:06;;Dossier refusé;Saisie société;574.52
11145;06/05/2026 12:13:37;;En attente d'analyse Agent - Dossier avec erreurs;Signature Contrat;325.84
11146;06/05/2026 12:13:37;;En attente d'analyse Agent - Dossier avec erreurs;Signature Contrat;954.83
11147;06/05/2026 12:05:25;;Dossier validé;Parcours terminé;130.71
11148;06/05/2026 12:05:25;;Dossier validé;Parcours terminé;733.86
11149;06/05/2026 11:50:55;;Souscription en cours;Signature Contrat;472.60
11150;06/05/2026 11:50:55;;Souscription en cours;Signature Contrat;201.75
11151;06/05/2026 11:46:31;;Dossier validé;Parcours terminé;671.39
11152;06/05/2026 11:46:31;;Dossier validé;Parcours terminé;899.80
11153;06/05/2026 11:36:50;;Souscription en cours;Coordonnées personnelles;990.23
11154;06/05/2026 11:36:50;;Souscription en cours;Coordonnées personnelles;175.35
11155;06/05/2026 11:34:08;Hugo MARTIN;Dossier validé;Parcours terminé;125.67
11156;06/05/2026 11:34:08;Hugo MARTIN;Dossier validé;Parcours terminé;745.09
11157;06/05/2026 11:33:54;Inès MICHEL;Dossier refusé;Signature Contrat;426.07
11158;06/05/2026 11:33:54;Inès MICHEL;Dossier refusé;Signature Contrat;258.87
11159;06/05/2026 11:33:19;;Souscription en cours;Synchronisation référentiel personne NOVA;785.64
11160;06/05/2026 11:33:19;;Souscription en cours;Synchronisation référentiel personne NOVA;372.01
11161;06/05/2026 11:33:07;;Dossier validé;Parcours terminé;368.46
11162;06/05/2026 11:33:07;;Dossier validé;Parcours terminé;282.95
11163;06/05/2026 11:28:47;;Souscription non démarrée;Parcours non démarré;676.92
11164;06/05/2026 11:28:47;;Souscription non démarrée;Parcours non démarré;175.29
11165;06/05/2026 11:25:03;;Souscription en cours;Signature Contrat;212.65
11166;06/05/2026 11:25:03;;Souscription en cours;Signature Contrat;209.73
11167;06/05/2026 11:23:44;;Souscription en cours;Criblages BE(s);904.32
11168;06/05/2026 11:23:44;;Souscription en cours;Criblages BE(s);374.21
11169;06/05/2026 11:23:06;;Dossier refusé;Saisie société;327.11
11170;06/05/2026 11:23:06;;Dossier refusé;Saisie société;599.03
11171;06/05/2026 11:20:37;;Souscription en cours;Coordonnées personnelles;369.42
11172;06/05/2026 11:20:37;;Souscription en cours;Coordonnées personnelles;333.41
11173;06/05/2026 11:10:39;Rayan MICHEL;Dossier validé;Parcours terminé;537.97
11174;06/05/2026 11:10:39;Rayan MICHEL;Dossier validé;Parcours terminé;308.86
11175;06/05/2026 11:06:28;;Dossier refusé;Signature Contrat;151.50
11176;06/05/2026 11:06:28;;Dossier refusé;Signature Contrat;883.35
11177;06/05/2026 10:54:49;;Souscription en cours;Coordonnées personnelles;192.78
11178;06/05/2026 10:54:49;;Souscription en cours;Coordonnées personnelles;793.11
11179;06/05/2026 10:53:35;;Dossier validé;Parcours terminé;741.34
11180;06/05/2026 10:53:35;;Dossier validé;Parcours terminé;738.54
11181;06/05/2026 10:51:00;;Souscription en cours;Coordonnées personnelles;923.74
11182;06/05/2026 10:51:00;;Souscription en cours;Coordonnées personnelles;803.92
11183;06/05/2026 10:47:20;;Dossier refusé;Saisie société;387.74
11184;06/05/2026 10:47:20;;Dossier refusé;Saisie société;264.68
11185;06/05/2026 10:45:48;;Souscription en cours;Informations complémentaires (Etablissements, etc.);644.61
11186;06/05/2026 10:45:48;;Souscription en cours;Informations complémentaires (Etablissements, etc.);316.41
11187;06/05/2026 10:43:19;;Souscription non démarrée;Parcours non démarré;479.37
11188;06/05/2026 10:43:19;;Souscription non démarrée;Parcours non démarré;151.01
11189;06/05/2026 10:29:59;;Dossier validé;Parcours terminé;752.35
11190;06/05/2026 10:29:59;;Dossier validé;Parcours terminé;897.49
11191;06/05/2026 10:22:16;;Souscription en cours;Signature Contrat;801.88
11192;06/05/2026 10:22:16;;Souscription en cours;Signature Contrat;898.14
11193;06/05/2026 10:18:47;;Dossier refusé;Saisie société;200.86
11194;06/05/2026 10:18:47;;Dossier refusé;Saisie société;453.90
11195;06/05/2026 10:13:03;;Dossier validé;Parcours terminé;366.35
11196;06/05/2026 10:13:03;;Dossier validé;Parcours terminé;284.58
11197;06/05/2026 10:12:05;;Dossier refusé;Informations complémentaires (CA, Profession, etc.);619.12
11198;06/05/2026 10:12:05;;Dossier refusé;Informations complémentaires (CA, Profession, etc.);625.30
11199;06/05/2026 09:49:51;;Souscription en cours;Signature Contrat;515.51
11200;06/05/2026 09:49:51;;Souscription en cours;Signature Contrat;966.74
11201;06/05/2026 09:48:19;;Souscription en cours;Signature Contrat;873.73
11202;06/05/2026 09:48:19;;Souscription en cours;Signature Contrat;988.22
11203;06/05/2026 09:48:08;;Souscription en cours;Coordonnées personnelles;353.78
11204;06/05/2026 09:48:08;;Souscription en cours;Coordonnées personnelles;279.22
11205;06/05/2026 09:42:51;;Souscription non démarrée;Parcours non démarré;499.76
11206;06/05/2026 09:42:51;;Souscription non démarrée;Parcours non démarré;482.32
11207;06/05/2026 09:28:29;;Dossier validé;Parcours terminé;355.43
11208;06/05/2026 09:28:29;;Dossier validé;Parcours terminé;939.05
11209;06/05/2026 09:26:20;;Souscription en cours;Coordonnées personnelles;631.26
11210;06/05/2026 09:26:20;;Souscription en cours;Coordonnées personnelles;655.99
11211;06/05/2026 09:12:54;;Dossier validé;Parcours terminé;797.14
11212;06/05/2026 09:12:54;;Dossier validé;Parcours terminé;690.54
11213;06/05/2026 09:03:23;;Souscription en cours;Signature Contrat;299.08
11214;06/05/2026 09:03:23;;Souscription en cours;Signature Contrat;480.04
11215;06/05/2026 08:52:50;Adam LAURENT;Dossier validé;Parcours terminé;156.06
11216;06/05/2026 08:52:50;Adam LAURENT;Dossier validé;Parcours terminé;818.41
11217;06/05/2026 08:38:42;;Souscription non démarrée;Parcours non démarré;480.05
11218;06/05/2026 08:38:42;;Souscription non démarrée;Parcours non démarré;551.44
11219;06/05/2026 08:29:05;;Dossier validé;Parcours terminé;279.31
11220;06/05/2026 08:29:05;;Dossier validé;Parcours terminé;742.26
11221;06/05/2026 08:26:11;;Dossier refusé;Parcours terminé;415.77
11222;06/05/2026 08:26:11;;Dossier refusé;Parcours terminé;764.40
11223;06/05/2026 08:25:53;;Souscription en cours;Choix de l'offre et livraison;271.85
11224;06/05/2026 08:25:53;;Souscription en cours;Choix de l'offre et livraison;355.31
11225;06/05/2026 08:21:33;;Dossier validé;Parcours terminé;792.54
11226;06/05/2026 08:21:33;;Dossier validé;Parcours terminé;341.17
11227;06/05/2026 08:10:31;;Dossier refusé;Saisie société;798.31
11228;06/05/2026 08:10:31;;Dossier refusé;Saisie société;450.30
11229;06/05/2026 08:05:15;;Dossier refusé;Saisie société;480.31
11230;06/05/2026 08:05:15;;Dossier refusé;Saisie société;696.31
11231;06/05/2026 07:57:43;;Souscription en cours;Signature Contrat;516.11
11232;06/05/2026 07:57:43;;Souscription en cours;Signature Contrat;807.07
11233;06/05/2026 07:13:37;;Souscription en cours;Vérification d'identité;672.34
11234;06/05/2026 07:13:37;;Souscription en cours;Vérification d'identité;696.71
11235;06/05/2026 06:09:53;;Dossier refusé;Signature Contrat;112.02
11236;06/05/2026 06:09:53;;Dossier refusé;Signature Contrat;947.63
11237;06/05/2026 04:58:36;;Souscription en cours;Signature Contrat;194.11
11238;06/05/2026 04:58:36;;Souscription en cours;Signature Contrat;145.66
11239;06/05/2026 03:16:55;;Souscription en cours;Signature Contrat;292.01
11240;06/05/2026 03:16:55;;Souscription en cours;Signature Contrat;753.80
11241;06/05/2026 03:07:29;Hugo MARTIN;Dossier validé;Parcours terminé;421.39
11242;06/05/2026 03:07:29;Hugo MARTIN;Dossier validé;Parcours terminé;925.04
11243;06/05/2026 03:07:25;;Dossier validé;Parcours terminé;990.71
11244;06/05/2026 03:07:25;;Dossier validé;Parcours terminé;954.14
11245;06/05/2026 01:35:54;;Souscription non démarrée;Parcours non démarré;528.42
11246;06/05/2026 01:35:54;;Souscription non démarrée;Parcours non démarré;953.59
11247;06/05/2026 01:16:11;;Dossier refusé;Informations complémentaires (CA, Profession, etc.);796.90
11248;06/05/2026 01:16:11;;Dossier refusé;Informations complémentaires (CA, Profession, etc.);600.28
11249;06/05/2026 01:02:27;;Souscription en cours;Coordonnées personnelles;288.37
11250;06/05/2026 01:02:27;;Souscription en cours;Coordonnées personnelles;679.25
11251;06/05/2026 00:35:02;;Souscription en cours;Coordonnées personnelles;924.30
11252;06/05/2026 00:35:02;;Souscription en cours;Coordonnées personnelles;599.30
11253;06/05/2026 00:00:07;;Dossier validé;Parcours terminé;149.73
11254;06/05/2026 00:00:07;;Dossier validé;Parcours terminé;205.56
11255;05/05/2026 23:58:08;;Souscription en cours;Signature Contrat;193.94
11256;05/05/2026 23:58:08;;Souscription en cours;Signature Contrat;760.54
11257;05/05/2026 23:54:42;;Souscription non démarrée;Parcours non démarré;752.56
11258;05/05/2026 23:54:42;;Souscription non démarrée;Parcours non démarré;364.22
11259;05/05/2026 23:48:16;;Dossier validé;Parcours terminé;944.57
11260;05/05/2026 23:48:16;;Dossier validé;Parcours terminé;320.30
11261;05/05/2026 23:24:28;;Souscription en cours;Informations complémentaires (CA, Profession, etc.);419.88
11262;05/05/2026 23:24:28;;Souscription en cours;Informations complémentaires (CA, Profession, etc.);502.08
11263;05/05/2026 22:45:28;;Souscription en cours;Coordonnées personnelles;472.90
11264;05/05/2026 22:45:28;;Souscription en cours;Coordonnées personnelles;372.98
11265;05/05/2026 22:39:17;;Dossier refusé;Signature Contrat;687.47
11266;05/05/2026 22:39:17;;Dossier refusé;Signature Contrat;381.99
11267;05/05/2026 22:30:23;;Souscription en cours;Informations complémentaires (Etablissements, etc.);384.59
11268;05/05/2026 22:30:23;;Souscription en cours;Informations complémentaires (Etablissements, etc.);266.53
11269;05/05/2026 22:24:33;;Souscription en cours;Choix de l'offre et livraison;471.25
11270;05/05/2026 22:24:33;;Souscription en cours;Choix de l'offre et livraison;228.90
11271;05/05/2026 22:22:41;;Dossier validé;Parcours terminé;207.53
11272;05/05/2026 22:22:41;;Dossier validé;Parcours terminé;161.46
11273;05/05/2026 21:19:23;;Dossier refusé;Signature Contrat;505.23
11274;05/05/2026 21:19:23;;Dossier refusé;Signature Contrat;709.54
11275;05/05/2026 21:12:20;;Dossier refusé;Signature Contrat;405.40
11276;05/05/2026 21:12:20;;Dossier refusé;Signature Contrat;906.11
11277;05/05/2026 20:55:14;;Dossier validé;Parcours terminé;656.68
11278;05/05/2026 20:55:14;;Dossier validé;Parcours terminé;440.11
11279;05/05/2026 20:54:38;;Dossier refusé;Parcours non démarré;574.28
11280;05/05/2026 20:54:38;;Dossier refusé;Parcours non démarré;288.08
11281;05/05/2026 20:39:12;;Dossier validé;Parcours terminé;437.08
11282;05/05/2026 20:39:12;;Dossier validé;Parcours terminé;542.18
11283;05/05/2026 20:39:09;;Dossier validé;Parcours terminé;943.20
11284;05/05/2026 20:39:09;;Dossier validé;Parcours terminé;278.68
11285;05/05/2026 20:31:47;;Souscription en cours;Coordonnées personnelles;131.76
11286;05/05/2026 20:31:47;;Souscription en cours;Coordonnées personnelles;874.36
11287;05/05/2026 20:27:05;;Souscription non démarrée;Parcours non démarré;628.02
11288;05/05/2026 20:27:05;;Souscription non démarrée;Parcours non démarré;536.89
11289;05/05/2026 20:16:34;;Souscription en cours;Coordonnées personnelles;873.67
11290;05/05/2026 20:16:34;;Souscription en cours;Coordonnées personnelles;898.52
11291;05/05/2026 20:06:31;;Dossier validé;Parcours terminé;175.04
11292;05/05/2026 20:06:31;;Dossier validé;Parcours terminé;170.44
11293;05/05/2026 20:01:48;;Souscription non démarrée;Parcours non démarré;400.75
11294;05/05/2026 20:01:48;;Souscription non démarrée;Parcours non démarré;451.17
11295;05/05/2026 19:54:01;;Dossier validé;Parcours terminé;555.04
11296;05/05/2026 19:54:01;;Dossier validé;Parcours terminé;978.59
11297;05/05/2026 19:48:10;;Dossier refusé;Saisie société;790.83
11298;05/05/2026 19:48:10;;Dossier refusé;Saisie société;363.29
11299;05/05/2026 19:36:49;;Souscription non démarrée;Parcours non démarré;429.15
11300;05/05/2026 19:36:49;;Souscription non démarrée;Parcours non démarré;548.13
11301;05/05/2026 19:21:05;;Dossier refusé;Saisie société;286.95
11302;05/05/2026 19:21:05;;Dossier refusé;Saisie société;274.41
11303;05/05/2026 19:19:46;;Souscription en cours;Coordonnées personnelles;885.87
11304;05/05/2026 19:19:46;;Souscription en cours;Coordonnées personnelles;895.54
11305;05/05/2026 19:16:23;;Souscription en cours;Choix de l'offre et livraison;318.83
11306;05/05/2026 19:16:23;;Souscription en cours;Choix de l'offre et livraison;667.91
11307;05/05/2026 19:12:21;;Dossier validé;Parcours terminé;777.99
11308;05/05/2026 19:12:21;;Dossier validé;Parcours terminé;179.07
11309;05/05/2026 19:10:11;;Souscription en cours;Synchronisation référentiel personne NOVA;172.30
11310;05/05/2026 19:10:11;;Souscription en cours;Synchronisation référentiel personne NOVA;271.98
11311;05/05/2026 19:09:11;;Souscription en cours;Vérification d'identité;475.65
11312;05/05/2026 19:09:11;;Souscription en cours;Vérification d'identité;169.04
11313;05/05/2026 18:51:20;;Dossier validé;Parcours terminé;587.59
11314;05/05/2026 18:51:20;;Dossier validé;Parcours terminé;410.20
11315;05/05/2026 18:47:57;;Souscription en cours;Informations complémentaires (CA, Profession, etc.);757.53
11316;05/05/2026 18:47:57;;Souscription en cours;Informations complémentaires (CA, Profession, etc.);184.64
11317;05/05/2026 18:43:00;;Souscription en cours;Coordonnées personnelles;146.75
11318;05/05/2026 18:43:00;;Souscription en cours;Coordonnées personnelles;289.72
11319;05/05/2026 18:36:41;;Souscription en cours;Coordonnées personnelles;164.61
11320;05/05/2026 18:36:41;;Souscription en cours;Coordonnées personnelles;165.55
11321;05/05/2026 18:36:08;;Dossier validé;Parcours terminé;579.71
11322;05/05/2026 18:36:08;;Dossier validé;Parcours terminé;408.27
11323;05/05/2026 18:20:01;;Souscription en cours;Coordonnées personnelles;966.16
11324;05/05/2026 18:20:01;;Souscription en cours;Coordonnées personnelles;913.83
11325;05/05/2026 18:15:53;;Souscription en cours;Choix de l'offre et livraison;550.61
11326;05/05/2026 18:15:53;;Souscription en cours;Choix de l'offre et livraison;806.86
11327;05/05/2026 18:11:59;;Souscription non démarrée;Parcours non démarré;904.99
11328;05/05/2026 18:11:59;;Souscription non démarrée;Parcours non démarré;952.79
11329;05/05/2026 18:02:36;;Souscription en cours;Coordonnées personnelles;600.78
11330;05/05/2026 18:02:36;;Souscription en cours;Coordonnées personnelles;580.49
11331;05/05/2026 17:51:35;;Souscription en cours;Coordonnées personnelles;114.48
11332;05/05/2026 17:51:35;;Souscription en cours;Coordonnées personnelles;749.29
11333;05/05/2026 17:40:09;;Dossier validé;Parcours terminé;998.64
11334;05/05/2026 17:40:09;;Dossier validé;Parcours terminé;531.72
11335;05/05/2026 17:40:09;;Souscription en cours;Bénéficiaire effectifs;392.06
11336;05/05/2026 17:40:09;;Souscription en cours;Bénéficiaire effectifs;269.49
11337;05/05/2026 17:29:03;;Dossier validé;Parcours terminé;696.51
11338;05/05/2026 17:29:03;;Dossier validé;Parcours terminé;650.82
11339;05/05/2026 17:28:28;;Souscription non démarrée;Parcours non démarré;559.52
11340;05/05/2026 17:28:28;;Souscription non démarrée;Parcours non démarré;823.17
11341;05/05/2026 17:22:42;;Souscription en cours;Coordonnées personnelles;382.21
11342;05/05/2026 17:22:42;;Souscription en cours;Coordonnées personnelles;483.32
11343;05/05/2026 17:14:02;;Souscription en cours;Coordonnées personnelles;459.26
11344;05/05/2026 17:14:02;;Souscription en cours;Coordonnées personnelles;186.30
11345;05/05/2026 17:08:36;;Souscription en cours;Coordonnées personnelles;826.48
11346;05/05/2026 17:08:36;;Souscription en cours;Coordonnées personnelles;952.68
11347;05/05/2026 17:04:12;;Dossier validé;Parcours terminé;825.14
11348;05/05/2026 17:04:12;;Dossier validé;Parcours terminé;851.88
11349;05/05/2026 17:03:18;Hugo DUBOIS;Dossier validé;Parcours terminé;602.20
11350;05/05/2026 17:03:18;Hugo DUBOIS;Dossier validé;Parcours terminé;220.32
11351;05/05/2026 16:56:24;;Dossier refusé;Vérification d'identité;983.59
11352;05/05/2026 16:56:24;;Dossier refusé;Vérification d'identité;291.08
11353;05/05/2026 16:50:30;;Souscription en cours;Informations complémentaires (CA, Profession, etc.);845.97
11354;05/05/2026 16:50:30;;Souscription en cours;Informations complémentaires (CA, Profession, etc.);432.99
11355;05/05/2026 16:47:59;;Dossier refusé;Saisie société;590.65
11356;05/05/2026 16:47:59;;Dossier refusé;Saisie société;838.63
11357;05/05/2026 16:45:44;;Souscription en cours;Synchronisation référentiel personne NOVA;774.83
11358;05/05/2026 16:45:44;;Souscription en cours;Synchronisation référentiel personne NOVA;698.17
11359;05/05/2026 16:43:46;Hugo DUBOIS;Dossier validé;Parcours terminé;688.39
11360;05/05/2026 16:43:46;Hugo DUBOIS;Dossier validé;Parcours terminé;791.18
11361;05/05/2026 16:41:18;;Souscription en cours;Coordonnées personnelles;523.44
11362;05/05/2026 16:41:18;;Souscription en cours;Coordonnées personnelles;831.64
11363;05/05/2026 16:34:26;;Souscription non démarrée;Parcours non démarré;369.73
11364;05/05/2026 16:34:26;;Souscription non démarrée;Parcours non démarré;874.81
11365;05/05/2026 16:18:29;;Souscription en cours;Vérification d'identité;163.20
11366;05/05/2026 16:18:29;;Souscription en cours;Vérification d'identité;846.43
11367;05/05/2026 16:16:37;;Dossier validé;Parcours terminé;413.08
11368;05/05/2026 16:16:37;;Dossier validé;Parcours terminé;806.83
11369;05/05/2026 16:15:03;;Souscription en cours;Informations complémentaires (CA, Profession, etc.);723.34
11370;05/05/2026 16:15:03;;Souscription en cours;Informations complémentaires (CA, Profession, etc.);266.99
11371;05/05/2026 16:05:06;;Dossier validé;Parcours terminé;618.66
11372;05/05/2026 16:05:06;;Dossier validé;Parcours terminé;158.71
11373;05/05/2026 15:44:10;;Dossier validé;Parcours terminé;154.07
11374;05/05/2026 15:44:10;;Dossier validé;Parcours terminé;755.76
11375;05/05/2026 15:39:17;;Souscription en cours;Coordonnées personnelles;475.80
11376;05/05/2026 15:39:17;;Souscription en cours;Coordonnées personnelles;355.76
11377;05/05/2026 15:37:55;;Dossier validé;Parcours terminé;168.00
11378;05/05/2026 15:37:55;;Dossier validé;Parcours terminé;955.02
11379;05/05/2026 15:25:35;;Dossier validé;Parcours terminé;839.32
11380;05/05/2026 15:25:35;;Dossier validé;Parcours terminé;777.32
11381;05/05/2026 15:24:12;;Dossier validé;Parcours terminé;145.65
11382;05/05/2026 15:24:12;;Dossier validé;Parcours terminé;663.04
11383;05/05/2026 15:22:29;Adam LAURENT;Dossier validé;Parcours terminé;919.11
11384;05/05/2026 15:22:29;Adam LAURENT;Dossier validé;Parcours terminé;517.32
11385;05/05/2026 15:20:28;Hugo MARTIN;Dossier validé;Parcours terminé;283.63
11386;05/05/2026 15:20:28;Hugo MARTIN;Dossier validé;Parcours terminé;172.81
11387;05/05/2026 15:09:50;;Souscription en cours;Coordonnées personnelles;506.28
11388;05/05/2026 15:09:50;;Souscription en cours;Coordonnées personnelles;617.54
11389;05/05/2026 15:08:06;;Dossier validé;Parcours terminé;178.56
11390;05/05/2026 15:08:06;;Dossier validé;Parcours terminé;356.40
11391;05/05/2026 15:03:42;;Dossier validé;Parcours terminé;863.50
11392;05/05/2026 15:03:42;;Dossier validé;Parcours terminé;862.50
11393;05/05/2026 14:45:06;;Souscription en cours;Coordonnées personnelles;879.96
11394;05/05/2026 14:45:06;;Souscription en cours;Coordonnées personnelles;802.18
11395;05/05/2026 14:42:16;;Dossier validé;Parcours terminé;243.11
11396;05/05/2026 14:42:16;;Dossier validé;Parcours terminé;845.83
11397;05/05/2026 14:40:59;;Dossier validé;Parcours terminé;584.09
11398;05/05/2026 14:40:59;;Dossier validé;Parcours terminé;934.04
11399;05/05/2026 14:31:52;;Souscription en cours;Coordonnées personnelles;390.50
11400;05/05/2026 14:31:52;;Souscription en cours;Coordonnées personnelles;468.28
11401;05/05/2026 14:23:29;;Souscription en cours;Signature Contrat;499.50
11402;05/05/2026 14:23:29;;Souscription en cours;Signature Contrat;814.39
11403;05/05/2026 14:15:04;;Dossier validé;Parcours terminé;877.28
11404;05/05/2026 14:15:04;;Dossier validé;Parcours terminé;161.12
11405;05/05/2026 14:13:41;;Souscription en cours;Vérification d'identité;809.97
11406;05/05/2026 14:13:41;;Souscription en cours;Vérification d'identité;565.69
11407;05/05/2026 14:13:41;;Dossier validé;Parcours terminé;990.09
11408;05/05/2026 14:13:41;;Dossier validé;Parcours terminé;571.61
11409;05/05/2026 14:10:04;Hugo MARTIN;Dossier validé;Parcours terminé;831.77
11410;05/05/2026 14:10:04;Hugo MARTIN;Dossier validé;Parcours terminé;556.02
11411;05/05/2026 14:05:03;;Dossier validé;Parcours terminé;494.82
11412;05/05/2026 14:05:03;;Dossier validé;Parcours terminé;985.57
11413;05/05/2026 13:53:31;;Dossier validé;Parcours terminé;476.24
11414;05/05/2026 13:53:31;;Dossier validé;Parcours terminé;621.86
11415;05/05/2026 13:50:00;;Dossier refusé;Signature Contrat;206.99
11416;05/05/2026 13:50:00;;Dossier refusé;Signature Contrat;691.88
11417;05/05/2026 13:47:06;;Souscription en cours;Coordonnées personnelles;109.20
11418;05/05/2026 13:47:06;;Souscription en cours;Coordonnées personnelles;659.02
11419;05/05/2026 13:46:07;;Dossier validé;Parcours terminé;803.51
11420;05/05/2026 13:46:07;;Dossier validé;Parcours terminé;516.73
11421;05/05/2026 13:37:36;;Souscription non démarrée;Parcours non démarré;161.53
11422;05/05/2026 13:37:36;;Souscription non démarrée;Parcours non démarré;485.30
11423;05/05/2026 13:30:16;;Souscription non démarrée;Parcours non démarré;765.60
11424;05/05/2026 13:30:16;;Souscription non démarrée;Parcours non démarré;529.95
11425;05/05/2026 13:20:23;;Souscription en cours;Coordonnées personnelles;377.59
11426;05/05/2026 13:20:23;;Souscription en cours;Coordonnées personnelles;301.42
11427;05/05/2026 13:14:47;;Souscription en cours;Coordonnées personnelles;444.33
11428;05/05/2026 13:14:47;;Souscription en cours;Coordonnées personnelles;806.56
11429;05/05/2026 13:06:50;;Dossier validé;Parcours terminé;670.89
11430;05/05/2026 13:06:50;;Dossier validé;Parcours terminé;482.29
11431;05/05/2026 12:58:51;;Souscription non démarrée;Parcours non démarré;977.73
11432;05/05/2026 12:58:51;;Souscription non démarrée;Parcours non démarré;753.10
11433;05/05/2026 12:52:07;;Souscription en cours;Vérification d'identité;574.97
11434;05/05/2026 12:52:07;;Souscription en cours;Vérification d'identité;320.38
11435;05/05/2026 12:46:24;;Souscription non démarrée;Parcours non démarré;725.24
11436;05/05/2026 12:46:24;;Souscription non démarrée;Parcours non démarré;146.64
11437;05/05/2026 12:45:28;;Dossier validé;Parcours terminé;845.66
11438;05/05/2026 12:45:28;;Dossier validé;Parcours terminé;815.05
11439;05/05/2026 12:43:14;;Dossier validé;Parcours terminé;454.00
11440;05/05/2026 12:43:14;;Dossier validé;Parcours terminé;246.79
11441;05/05/2026 12:34:38;;Dossier refusé;Saisie société;672.31
11442;05/05/2026 12:34:38;;Dossier refusé;Saisie société;980.66
11443;05/05/2026 12:30:45;Hugo MARTIN;Dossier validé;Parcours terminé;345.32
11444;05/05/2026 12:30:45;Hugo MARTIN;Dossier validé;Parcours terminé;975.10
11445;05/05/2026 12:19:26;;Souscription en cours;Choix de l'offre et livraison;605.53
11446;05/05/2026 12:19:26;;Souscription en cours;Choix de l'offre et livraison;656.90
11447;05/05/2026 12:18:48;;Souscription non démarrée;Parcours non démarré;190.70
11448;05/05/2026 12:18:48;;Souscription non démarrée;Parcours non démarré;301.61
11449;05/05/2026 12:10:05;;En attente d'analyse Agent - Dossier avec erreurs;Signature Contrat;745.94
11450;05/05/2026 12:10:05;;En attente d'analyse Agent - Dossier avec erreurs;Signature Contrat;906.01
11451;05/05/2026 12:09:23;;Dossier validé;Parcours terminé;196.14
11452;05/05/2026 12:09:23;;Dossier validé;Parcours terminé;354.21
11453;05/05/2026 12:04:47;;Souscription en cours;Coordonnées personnelles;331.36
11454;05/05/2026 12:04:47;;Souscription en cours;Coordonnées personnelles;325.29
11455;05/05/2026 12:03:19;;Dossier refusé;Saisie société;432.81
11456;05/05/2026 12:03:19;;Dossier refusé;Saisie société;108.93
11457;05/05/2026 11:52:21;;Dossier validé;Parcours terminé;284.32
11458;05/05/2026 11:52:21;;Dossier validé;Parcours terminé;809.02
11459;05/05/2026 11:49:47;;Souscription en cours;Informations complémentaires (Etablissements, etc.);410.86
11460;05/05/2026 11:49:47;;Souscription en cours;Informations complémentaires (Etablissements, etc.);802.71
11461;05/05/2026 11:46:50;;Souscription non démarrée;Parcours non démarré;950.13
11462;05/05/2026 11:46:50;;Souscription non démarrée;Parcours non démarré;851.52
11463;05/05/2026 11:36:54;Hugo DUBOIS;Dossier validé;Parcours terminé;862.53
11464;05/05/2026 11:36:54;Hugo DUBOIS;Dossier validé;Parcours terminé;206.35
11465;05/05/2026 11:36:52;;Dossier validé;Parcours terminé;295.88
11466;05/05/2026 11:36:52;;Dossier validé;Parcours terminé;412.36
11467;05/05/2026 11:31:12;;Dossier validé;Parcours terminé;479.44
11468;05/05/2026 11:31:12;;Dossier validé;Parcours terminé;179.92
11469;05/05/2026 11:23:48;;Souscription en cours;Choix de l'offre et livraison;907.84
11470;05/05/2026 11:23:48;;Souscription en cours;Choix de l'offre et livraison;258.94
11471;05/05/2026 11:23:23;;Souscription en cours;Choix de l'offre et livraison;672.69
11472;05/05/2026 11:23:23;;Souscription en cours;Choix de l'offre et livraison;250.35
11473;05/05/2026 11:17:18;;Souscription en cours;Choix de l'offre et livraison;992.05
11474;05/05/2026 11:17:18;;Souscription en cours;Choix de l'offre et livraison;160.33
11475;05/05/2026 11:11:39;;Dossier validé;Parcours terminé;351.14
11476;05/05/2026 11:11:39;;Dossier validé;Parcours terminé;976.11
11477;05/05/2026 11:07:24;Manon LEFEBVRE;Dossier validé;Parcours terminé;327.24
11478;05/05/2026 11:07:24;Manon LEFEBVRE;Dossier validé;Parcours terminé;499.39
11479;05/05/2026 10:54:33;;Souscription en cours;Vérification d'identité;134.28
11480;05/05/2026 10:54:33;;Souscription en cours;Vérification d'identité;785.09
11481;05/05/2026 10:46:20;;Dossier validé;Parcours terminé;358.07
11482;05/05/2026 10:46:20;;Dossier validé;Parcours terminé;934.40
11483;05/05/2026 10:43:20;;Souscription non démarrée;Parcours non démarré;491.90
11484;05/05/2026 10:43:20;;Souscription non démarrée;Parcours non démarré;986.32
11485;05/05/2026 10:41:56;;Souscription en cours;Coordonnées personnelles;144.76
11486;05/05/2026 10:41:56;;Souscription en cours;Coordonnées personnelles;345.95
11487;05/05/2026 10:39:09;;Dossier refusé;Saisie société;488.04
11488;05/05/2026 10:39:09;;Dossier refusé;Saisie société;902.17
11489;05/05/2026 10:38:25;;Souscription en cours;Coordonnées personnelles;274.58
11490;05/05/2026 10:38:25;;Souscription en cours;Coordonnées personnelles;877.23
11491;05/05/2026 10:37:07;;Dossier validé;Parcours terminé;406.72
11492;05/05/2026 10:37:07;;Dossier validé;Parcours terminé;112.21
11493;05/05/2026 10:35:22;;Dossier validé;Parcours terminé;765.53
11494;05/05/2026 10:35:22;;Dossier validé;Parcours terminé;726.58
11495;05/05/2026 10:30:33;;Dossier validé;Parcours terminé;520.64
11496;05/05/2026 10:30:33;;Dossier validé;Parcours terminé;330.95
11497;05/05/2026 10:19:28;;Dossier refusé;Signature Contrat;221.71
11498;05/05/2026 10:19:28;;Dossier refusé;Signature Contrat;347.20
11499;05/05/2026 10:14:08;;Dossier validé;Parcours terminé;675.98
11500;05/05/2026 10:14:08;;Dossier validé;Parcours terminé;381.09
11501;05/05/2026 10:11:01;;Souscription non démarrée;Parcours non démarré;385.99
11502;05/05/2026 10:11:01;;Souscription non démarrée;Parcours non démarré;813.84
11503;05/05/2026 10:07:02;;Souscription non démarrée;Parcours non démarré;976.48
11504;05/05/2026 10:07:02;;Souscription non démarrée;Parcours non démarré;205.83
11505;05/05/2026 09:59:17;;Dossier refusé;Saisie société;623.77
11506;05/05/2026 09:59:17;;Dossier refusé;Saisie société;942.57
11507;05/05/2026 09:58:37;;Dossier validé;Parcours terminé;713.20
11508;05/05/2026 09:58:37;;Dossier validé;Parcours terminé;390.65
11509;05/05/2026 09:55:10;;Dossier validé;Parcours terminé;638.65
11510;05/05/2026 09:55:10;;Dossier validé;Parcours terminé;807.83
11511;05/05/2026 09:36:06;;Dossier refusé;Choix de l'offre et livraison;302.86
11512;05/05/2026 09:36:06;;Dossier refusé;Choix de l'offre et livraison;304.77
11513;05/05/2026 09:30:19;;Dossier validé;Parcours terminé;176.18
11514;05/05/2026 09:30:19;;Dossier validé;Parcours terminé;239.36
11515;05/05/2026 09:10:04;;Dossier refusé;Saisie société;529.35
11516;05/05/2026 09:10:04;;Dossier refusé;Saisie société;739.51
11517;05/05/2026 08:54:32;;Souscription en cours;Coordonnées personnelles;112.54
11518;05/05/2026 08:54:32;;Souscription en cours;Coordonnées personnelles;581.97
11519;05/05/2026 08:53:36;;Souscription en cours;Signature Contrat;610.85
11520;05/05/2026 08:53:36;;Souscription en cours;Signature Contrat;539.43
11521;05/05/2026 08:34:52;;Dossier validé;Parcours terminé;239.88
11522;05/05/2026 08:34:52;;Dossier validé;Parcours terminé;524.70
11523;05/05/2026 08:26:24;Zoé MULLER;Dossier refusé;Saisie société;540.84
11524;05/05/2026 08:26:24;Zoé MULLER;Dossier refusé;Saisie société;993.69
11525;05/05/2026 08:17:17;;Dossier refusé;Saisie société;996.49
11526;05/05/2026 08:17:17;;Dossier refusé;Saisie société;652.12
11527;05/05/2026 08:16:52;;Dossier validé;Parcours terminé;601.69
11528;05/05/2026 08:16:52;;Dossier validé;Parcours terminé;617.97
11529;05/05/2026 08:05:52;;Souscription en cours;Informations complémentaires (CA, Profession, etc.);826.45
11530;05/05/2026 08:05:52;;Souscription en cours;Informations complémentaires (CA, Profession, etc.);224.43
11531;05/05/2026 07:44:33;;Souscription en cours;Coordonnées personnelles;580.27
11532;05/05/2026 07:44:33;;Souscription en cours;Coordonnées personnelles;630.39
11533;05/05/2026 07:41:31;;Souscription non démarrée;Parcours non démarré;414.01
11534;05/05/2026 07:41:31;;Souscription non démarrée;Parcours non démarré;169.74
11535;05/05/2026 07:21:22;;Souscription en cours;Bénéficiaire effectifs;504.23
11536;05/05/2026 07:21:22;;Souscription en cours;Bénéficiaire effectifs;796.21
11537;05/05/2026 07:19:21;;Dossier refusé;Saisie société;769.91
11538;05/05/2026 07:19:21;;Dossier refusé;Saisie société;647.28
11539;05/05/2026 06:54:11;Zoé MULLER;Dossier validé;Parcours terminé;886.61
11540;05/05/2026 06:54:11;Zoé MULLER;Dossier validé;Parcours terminé;195.39
11541;05/05/2026 04:58:51;;Dossier validé;Parcours terminé;509.48
11542;05/05/2026 04:58:51;;Dossier validé;Parcours terminé;674.55
11543;05/05/2026 04:17:14;;Dossier validé;Parcours terminé;341.97
11544;05/05/2026 04:17:14;;Dossier validé;Parcours terminé;410.74
11545;05/05/2026 03:40:20;;Souscription en cours;Coordonnées personnelles;321.62
11546;05/05/2026 03:40:20;;Souscription en cours;Coordonnées personnelles;481.61
11547;05/05/2026 02:42:06;;Souscription en cours;Coordonnées personnelles;413.98
11548;05/05/2026 02:42:06;;Souscription en cours;Coordonnées personnelles;425.81
11549;05/05/2026 02:34:50;;Dossier validé;Parcours terminé;227.52
11550;05/05/2026 02:34:50;;Dossier validé;Parcours terminé;182.02
11551;05/05/2026 01:59:20;;Dossier validé;Parcours terminé;696.53
11552;05/05/2026 01:59:20;;Dossier validé;Parcours terminé;573.20
11553;05/05/2026 01:56:34;;Souscription en cours;Coordonnées personnelles;594.25
11554;05/05/2026 01:56:34;;Souscription en cours;Coordonnées personnelles;322.80
11555;05/05/2026 01:50:40;;Souscription non démarrée;Parcours non démarré;149.17
11556;05/05/2026 01:50:40;;Souscription non démarrée;Parcours non démarré;979.46
11557;05/05/2026 01:39:33;;Dossier refusé;Choix de l'offre et livraison;534.05
11558;05/05/2026 01:39:33;;Dossier refusé;Choix de l'offre et livraison;382.96
11559;05/05/2026 01:08:31;;Dossier validé;Parcours terminé;357.49
11560;05/05/2026 01:08:31;;Dossier validé;Parcours terminé;364.84
11561;05/05/2026 01:06:13;Manon LEFEBVRE;Dossier refusé;Saisie société;535.21
11562;05/05/2026 01:06:13;Manon LEFEBVRE;Dossier refusé;Saisie société;721.04
11563;05/05/2026 00:52:24;;Dossier validé;Parcours terminé;465.21
11564;05/05/2026 00:52:24;;Dossier validé;Parcours terminé;970.81
11565;05/05/2026 00:40:53;;Dossier validé;Parcours terminé;853.56
11566;05/05/2026 00:40:53;;Dossier validé;Parcours terminé;730.27
11567;05/05/2026 00:40:01;;Souscription en cours;Coordonnées personnelles;609.23
11568;05/05/2026 00:40:01;;Souscription en cours;Coordonnées personnelles;703.45
11569;04/05/2026 23:04:00;;Dossier validé;Parcours terminé;646.07
11570;04/05/2026 23:04:00;;Dossier validé;Parcours terminé;840.02
11571;04/05/2026 22:42:47;;Souscription en cours;Signature Contrat;399.31
11572;04/05/2026 22:42:47;;Souscription en cours;Signature Contrat;380.85
11573;04/05/2026 22:41:43;;Souscription en cours;Vérification d'identité;542.76
11574;04/05/2026 22:41:43;;Souscription en cours;Vérification d'identité;461.56
11575;04/05/2026 22:23:24;;Souscription non démarrée;Parcours non démarré;811.11
11576;04/05/2026 22:23:24;;Souscription non démarrée;Parcours non démarré;654.44
11577;04/05/2026 22:14:34;;Dossier validé;Parcours terminé;926.95
11578;04/05/2026 22:14:34;;Dossier validé;Parcours terminé;560.77
11579;04/05/2026 21:49:41;;Dossier validé;Parcours terminé;138.92
11580;04/05/2026 21:49:41;;Dossier validé;Parcours terminé;551.51
11581;04/05/2026 21:43:54;;Souscription non démarrée;Parcours non démarré;202.23
11582;04/05/2026 21:43:54;;Souscription non démarrée;Parcours non démarré;952.13
11583;04/05/2026 21:41:49;;Souscription en cours;Coordonnées personnelles;402.37
11584;04/05/2026 21:41:49;;Souscription en cours;Coordonnées personnelles;578.06
11585;04/05/2026 21:41:10;;Souscription en cours;Choix de l'offre et livraison;732.76
11586;04/05/2026 21:41:10;;Souscription en cours;Choix de l'offre et livraison;326.24
11587;04/05/2026 21:38:02;;Dossier refusé;Informations complémentaires (Etablissements, etc.);726.18
11588;04/05/2026 21:38:02;;Dossier refusé;Informations complémentaires (Etablissements, etc.);257.16
11589;04/05/2026 21:35:57;Hugo MARTIN;Dossier refusé;Saisie société;230.60
11590;04/05/2026 21:35:57;Hugo MARTIN;Dossier refusé;Saisie société;409.86
11591;04/05/2026 20:55:34;;Dossier validé;Parcours terminé;499.22
11592;04/05/2026 20:55:34;;Dossier validé;Parcours terminé;998.51
11593;04/05/2026 20:54:31;;Souscription en cours;Coordonnées personnelles;832.33
11594;04/05/2026 20:54:31;;Souscription en cours;Coordonnées personnelles;937.40
11595;04/05/2026 20:51:15;;Dossier validé;Parcours terminé;695.06
11596;04/05/2026 20:51:15;;Dossier validé;Parcours terminé;640.33
11597;04/05/2026 20:19:00;;Souscription non démarrée;Parcours non démarré;432.18
11598;04/05/2026 20:19:00;;Souscription non démarrée;Parcours non démarré;285.63
11599;04/05/2026 19:52:45;;Souscription en cours;Vérification d'identité;822.66
11600;04/05/2026 19:52:45;;Souscription en cours;Vérification d'identité;431.00
11601;04/05/2026 19:45:50;;Souscription en cours;Vérification d'identité;460.75
11602;04/05/2026 19:45:50;;Souscription en cours;Vérification d'identité;111.87
11603;04/05/2026 19:44:13;Hugo MARTIN;Dossier refusé;Saisie société;154.64
11604;04/05/2026 19:44:13;Hugo MARTIN;Dossier refusé;Saisie société;148.75
11605;04/05/2026 19:40:46;;Souscription en cours;Choix de l'offre et livraison;193.88
11606;04/05/2026 19:40:46;;Souscription en cours;Choix de l'offre et livraison;996.18
11607;04/05/2026 19:24:27;;Dossier validé;Parcours terminé;955.86
11608;04/05/2026 19:24:27;;Dossier validé;Parcours terminé;879.75
11609;04/05/2026 19:23:32;;Dossier validé;Parcours terminé;551.44
11610;04/05/2026 19:23:32;;Dossier validé;Parcours terminé;153.25
11611;04/05/2026 19:20:38;;Souscription non démarrée;Parcours non démarré;416.34
11612;04/05/2026 19:20:38;;Souscription non démarrée;Parcours non démarré;561.60
11613;04/05/2026 18:28:56;;Dossier validé;Parcours terminé;496.54
11614;04/05/2026 18:28:56;;Dossier validé;Parcours terminé;745.03
11615;04/05/2026 18:28:35;;Dossier refusé;Saisie société;677.53
11616;04/05/2026 18:28:35;;Dossier refusé;Saisie société;135.73
11617;04/05/2026 18:27:06;;Souscription en cours;Choix de l'offre et livraison;803.20
11618;04/05/2026 18:27:06;;Souscription en cours;Choix de l'offre et livraison;136.54
11619;04/05/2026 18:14:03;;Dossier validé;Parcours terminé;797.47
11620;04/05/2026 18:14:03;;Dossier validé;Parcours terminé;679.26
11621;04/05/2026 18:12:47;;Dossier validé;Parcours terminé;459.66
11622;04/05/2026 18:12:47;;Dossier validé;Parcours terminé;999.25
11623;04/05/2026 17:59:37;;Souscription en cours;Choix de l'offre et livraison;634.12
11624;04/05/2026 17:59:37;;Souscription en cours;Choix de l'offre et livraison;128.75
11625;04/05/2026 17:52:31;;Souscription non démarrée;Parcours non démarré;665.28
11626;04/05/2026 17:52:31;;Souscription non démarrée;Parcours non démarré;348.00
11627;04/05/2026 17:47:50;;Dossier refusé;Saisie société;673.48
11628;04/05/2026 17:47:50;;Dossier refusé;Saisie société;573.52
11629;04/05/2026 17:41:08;;Souscription en cours;Choix de l'offre et livraison;960.44
11630;04/05/2026 17:41:08;;Souscription en cours;Choix de l'offre et livraison;286.68
11631;04/05/2026 17:39:33;;Dossier validé;Parcours terminé;418.95
11632;04/05/2026 17:39:33;;Dossier validé;Parcours terminé;384.78
11633;04/05/2026 17:24:17;;Souscription en cours;Choix de l'offre et livraison;498.52
11634;04/05/2026 17:24:17;;Souscription en cours;Choix de l'offre et livraison;499.83
11635;04/05/2026 17:23:08;;Souscription en cours;Coordonnées personnelles;919.50
11636;04/05/2026 17:23:08;;Souscription en cours;Coordonnées personnelles;711.85
11637;04/05/2026 17:18:45;;Dossier validé;Parcours terminé;683.72
11638;04/05/2026 17:18:45;;Dossier validé;Parcours terminé;331.53
11639;04/05/2026 17:03:58;;Souscription en cours;Choix de l'offre et livraison;730.61
11640;04/05/2026 17:03:58;;Souscription en cours;Choix de l'offre et livraison;850.44
11641;04/05/2026 16:49:55;;Souscription en cours;Coordonnées personnelles;421.30
11642;04/05/2026 16:49:55;;Souscription en cours;Coordonnées personnelles;278.85
11643;04/05/2026 16:31:49;;Souscription en cours;Coordonnées personnelles;351.33
11644;04/05/2026 16:31:49;;Souscription en cours;Coordonnées personnelles;538.11
11645;04/05/2026 16:27:29;Hugo DUBOIS;Dossier validé;Parcours terminé;856.87
11646;04/05/2026 16:27:29;Hugo DUBOIS;Dossier validé;Parcours terminé;926.53
11647;04/05/2026 16:21:32;;Souscription en cours;Coordonnées personnelles;790.26
11648;04/05/2026 16:21:32;;Souscription en cours;Coordonnées personnelles;412.82
11649;04/05/2026 16:18:45;;Dossier validé;Parcours terminé;662.34
11650;04/05/2026 16:18:45;;Dossier validé;Parcours terminé;858.84
11651;04/05/2026 16:11:48;;Dossier refusé;Saisie société;504.35
11652;04/05/2026 16:11:48;;Dossier refusé;Saisie société;307.84
11653;04/05/2026 15:51:19;;Souscription en cours;Coordonnées personnelles;612.09
11654;04/05/2026 15:51:19;;Souscription en cours;Coordonnées personnelles;896.64
11655;04/05/2026 15:50:39;;Dossier refusé;Saisie société;676.41
11656;04/05/2026 15:50:39;;Dossier refusé;Saisie société;150.60
11657;04/05/2026 15:49:20;;Dossier validé;Parcours terminé;765.93
11658;04/05/2026 15:49:20;;Dossier validé;Parcours terminé;296.91
11659;04/05/2026 15:46:34;;Dossier refusé;Saisie société;596.68
11660;04/05/2026 15:46:34;;Dossier refusé;Saisie société;510.24
11661;04/05/2026 15:45:13;;Dossier refusé;Signature Contrat;549.18
11662;04/05/2026 15:45:13;;Dossier refusé;Signature Contrat;937.78
11663;04/05/2026 15:36:35;;Dossier validé;Parcours terminé;931.19
11664;04/05/2026 15:36:35;;Dossier validé;Parcours terminé;772.62
11665;04/05/2026 15:29:15;;Dossier validé;Parcours terminé;880.25
11666;04/05/2026 15:29:15;;Dossier validé;Parcours terminé;101.27
11667;04/05/2026 15:27:12;;En attente d'analyse Agent - Dossier avec erreurs;Signature Contrat;783.33
11668;04/05/2026 15:27:12;;En attente d'analyse Agent - Dossier avec erreurs;Signature Contrat;861.99
11669;04/05/2026 15:24:35;;Dossier refusé;Bénéficiaire effectifs;451.43
11670;04/05/2026 15:24:35;;Dossier refusé;Bénéficiaire effectifs;831.20
11671;04/05/2026 15:24:21;;Souscription non démarrée;Parcours non démarré;933.65
11672;04/05/2026 15:24:21;;Souscription non démarrée;Parcours non démarré;838.27
11673;04/05/2026 15:23:05;Hugo MARTIN;Dossier refusé;Saisie société;713.86
11674;04/05/2026 15:23:05;Hugo MARTIN;Dossier refusé;Saisie société;283.33
11675;04/05/2026 14:51:51;;Souscription en cours;Signature Contrat;558.61
11676;04/05/2026 14:51:51;;Souscription en cours;Signature Contrat;728.86
11677;04/05/2026 14:44:57;;Dossier validé;Parcours terminé;222.25
11678;04/05/2026 14:44:57;;Dossier validé;Parcours terminé;497.36
11679;04/05/2026 14:41:42;;Dossier refusé;Signature Contrat;904.85
11680;04/05/2026 14:41:42;;Dossier refusé;Signature Contrat;332.21
11681;04/05/2026 14:41:03;Hugo MARTIN;Dossier refusé;Saisie société;474.96
11682;04/05/2026 14:41:03;Hugo MARTIN;Dossier refusé;Saisie société;417.86
11683;04/05/2026 14:28:00;;Dossier validé;Parcours terminé;139.45
11684;04/05/2026 14:28:00;;Dossier validé;Parcours terminé;510.73
11685;04/05/2026 14:26:49;;Dossier validé;Parcours terminé;987.85
11686;04/05/2026 14:26:49;;Dossier validé;Parcours terminé;879.09
11687;04/05/2026 14:25:34;;Dossier refusé;Signature Contrat;564.15
11688;04/05/2026 14:25:34;;Dossier refusé;Signature Contrat;282.63
11689;04/05/2026 14:13:51;;Dossier validé;Parcours terminé;513.11
11690;04/05/2026 14:13:51;;Dossier validé;Parcours terminé;326.62
11691;04/05/2026 14:07:15;;Dossier refusé;Signature Contrat;768.52
11692;04/05/2026 14:07:15;;Dossier refusé;Signature Contrat;660.54
11693;04/05/2026 14:06:51;;Souscription non démarrée;Parcours non démarré;362.31
11694;04/05/2026 14:06:51;;Souscription non démarrée;Parcours non démarré;450.96
11695;04/05/2026 13:49:43;;Souscription en cours;Informations complémentaires (CA, Profession, etc.);399.68
11696;04/05/2026 13:49:43;;Souscription en cours;Informations complémentaires (CA, Profession, etc.);797.43
11697;04/05/2026 13:24:22;;Souscription non démarrée;Parcours non démarré;955.90
11698;04/05/2026 13:24:22;;Souscription non démarrée;Parcours non démarré;884.70
11699;04/05/2026 13:17:02;;Souscription non démarrée;Parcours non démarré;582.98
11700;04/05/2026 13:17:02;;Souscription non démarrée;Parcours non démarré;333.66
11701;04/05/2026 13:10:43;;Dossier validé;Parcours terminé;121.16
11702;04/05/2026 13:10:43;;Dossier validé;Parcours terminé;670.92
11703;04/05/2026 12:44:22;;Souscription en cours;Coordonnées personnelles;469.07
11704;04/05/2026 12:44:22;;Souscription en cours;Coordonnées personnelles;204.86
11705;04/05/2026 12:24:28;;Dossier validé;Parcours terminé;454.87
11706;04/05/2026 12:24:28;;Dossier validé;Parcours terminé;912.17
11707;04/05/2026 12:03:25;;Souscription en cours;Coordonnées personnelles;302.60
11708;04/05/2026 12:03:25;;Souscription en cours;Coordonnées personnelles;829.73
11709;04/05/2026 11:54:54;;Souscription en cours;Coordonnées personnelles;244.04
11710;04/05/2026 11:54:54;;Souscription en cours;Coordonnées personnelles;973.40
11711;04/05/2026 11:50:44;;Souscription en cours;Informations complémentaires (Etablissements, etc.);821.90
11712;04/05/2026 11:50:44;;Souscription en cours;Informations complémentaires (Etablissements, etc.);789.93
11713;04/05/2026 11:46:55;;Dossier validé;Parcours terminé;165.11
11714;04/05/2026 11:46:55;;Dossier validé;Parcours terminé;160.11
11715;04/05/2026 11:31:33;;Dossier validé;Parcours terminé;287.98
11716;04/05/2026 11:31:33;;Dossier validé;Parcours terminé;194.07
11717;04/05/2026 11:19:58;;Souscription en cours;Choix de l'offre et livraison;695.97
11718;04/05/2026 11:19:58;;Souscription en cours;Choix de l'offre et livraison;476.31
11719;04/05/2026 11:14:28;;Dossier validé;Parcours terminé;568.38
11720;04/05/2026 11:14:28;;Dossier validé;Parcours terminé;189.42
11721;04/05/2026 11:11:40;;Souscription en cours;Signature Contrat;789.21
11722;04/05/2026 11:11:40;;Souscription en cours;Signature Contrat;243.32
11723;04/05/2026 11:03:42;;Dossier validé;Parcours terminé;506.98
11724;04/05/2026 11:03:42;;Dossier validé;Parcours terminé;885.47
11725;04/05/2026 11:00:21;;Dossier validé;Parcours terminé;733.42
11726;04/05/2026 11:00:21;;Dossier validé;Parcours terminé;886.59
11727;04/05/2026 10:51:38;Adam MARTIN;Dossier validé;Parcours terminé;685.74
11728;04/05/2026 10:51:38;Adam MARTIN;Dossier validé;Parcours terminé;217.73
11729;04/05/2026 10:46:55;;Souscription en cours;Coordonnées personnelles;115.53
11730;04/05/2026 10:46:55;;Souscription en cours;Coordonnées personnelles;294.39
11731;04/05/2026 10:38:23;;Dossier refusé;Saisie société;270.26
11732;04/05/2026 10:38:23;;Dossier refusé;Saisie société;450.60
11733;04/05/2026 10:35:32;;Souscription en cours;Coordonnées personnelles;554.78
11734;04/05/2026 10:35:32;;Souscription en cours;Coordonnées personnelles;172.11
11735;04/05/2026 10:34:18;;Dossier validé;Parcours terminé;348.56
11736;04/05/2026 10:34:18;;Dossier validé;Parcours terminé;434.96
11737;04/05/2026 10:33:30;Zoé MULLER;Dossier validé;Parcours terminé;614.87
11738;04/05/2026 10:33:30;Zoé MULLER;Dossier validé;Parcours terminé;839.63
11739;04/05/2026 10:12:38;;Dossier refusé;Saisie société;278.53
11740;04/05/2026 10:12:38;;Dossier refusé;Saisie société;970.36
11741;04/05/2026 10:08:02;;Dossier validé;Parcours terminé;483.13
11742;04/05/2026 10:08:02;;Dossier validé;Parcours terminé;495.50
11743;04/05/2026 09:55:18;;Souscription en cours;Signature Contrat;146.95
11744;04/05/2026 09:55:18;;Souscription en cours;Signature Contrat;547.16
11745;04/05/2026 09:53:07;;Dossier refusé;Parcours non démarré;604.56
11746;04/05/2026 09:53:07;;Dossier refusé;Parcours non démarré;820.85
11747;04/05/2026 09:44:53;;Dossier validé;Parcours terminé;270.56
11748;04/05/2026 09:44:53;;Dossier validé;Parcours terminé;567.82
11749;04/05/2026 09:41:43;;Dossier validé;Parcours terminé;466.67
11750;04/05/2026 09:41:43;;Dossier validé;Parcours terminé;508.91
11751;04/05/2026 09:32:20;;Dossier validé;Parcours terminé;316.05
11752;04/05/2026 09:32:20;;Dossier validé;Parcours terminé;673.84
11753;04/05/2026 09:08:41;;Souscription en cours;Informations complémentaires (Etablissements, etc.);451.80
11754;04/05/2026 09:08:41;;Souscription en cours;Informations complémentaires (Etablissements, etc.);963.30
11755;04/05/2026 09:02:42;;Dossier validé;Parcours terminé;173.54
11756;04/05/2026 09:02:42;;Dossier validé;Parcours terminé;149.66
11757;04/05/2026 08:52:20;;Souscription non démarrée;Parcours non démarré;454.16
11758;04/05/2026 08:52:20;;Souscription non démarrée;Parcours non démarré;616.64
11759;04/05/2026 08:42:31;;Dossier validé;Parcours terminé;333.38
11760;04/05/2026 08:42:31;;Dossier validé;Parcours terminé;469.01
11761;04/05/2026 08:20:59;;Dossier validé;Parcours terminé;677.11
11762;04/05/2026 08:20:59;;Dossier validé;Parcours terminé;277.03
11763;04/05/2026 07:20:17;;Souscription en cours;Choix de l'offre et livraison;354.98
11764;04/05/2026 07:20:17;;Souscription en cours;Choix de l'offre et livraison;447.18
11765;04/05/2026 06:04:59;;Dossier refusé;Bénéficiaire effectifs;891.76
11766;04/05/2026 06:04:59;;Dossier refusé;Bénéficiaire effectifs;552.58
11767;04/05/2026 06:02:53;;Dossier validé;Parcours terminé;309.17
11768;04/05/2026 06:02:53;;Dossier validé;Parcours terminé;701.60
11769;04/05/2026 05:54:32;;Dossier refusé;Signature Contrat;221.49
11770;04/05/2026 05:54:32;;Dossier refusé;Signature Contrat;879.07
11771;04/05/2026 04:04:42;;Souscription en cours;Coordonnées personnelles;354.04
11772;04/05/2026 04:04:42;;Souscription en cours;Coordonnées personnelles;465.57
11773;04/05/2026 00:40:04;;Dossier refusé;Signature Contrat;634.98
11774;04/05/2026 00:40:04;;Dossier refusé;Signature Contrat;859.92
11775;04/05/2026 00:18:18;;Souscription en cours;Coordonnées personnelles;759.75
11776;04/05/2026 00:18:18;;Souscription en cours;Coordonnées personnelles;247.01
11777;04/05/2026 00:04:33;Manon LEFEBVRE;Dossier refusé;Saisie société;687.36
11778;04/05/2026 00:04:33;Manon LEFEBVRE;Dossier refusé;Saisie société;128.29
11779;03/05/2026 23:46:07;;Souscription en cours;Choix de l'offre et livraison;710.55
11780;03/05/2026 23:46:07;;Souscription en cours;Choix de l'offre et livraison;718.71
11781;03/05/2026 23:18:14;;Dossier validé;Parcours terminé;116.80
11782;03/05/2026 23:18:14;;Dossier validé;Parcours terminé;354.75
11783;03/05/2026 22:55:30;;Dossier validé;Parcours terminé;340.24
11784;03/05/2026 22:55:30;;Dossier validé;Parcours terminé;940.71
11785;03/05/2026 21:55:15;Hugo DUBOIS;Dossier validé;Parcours terminé;121.62
11786;03/05/2026 21:55:15;Hugo DUBOIS;Dossier validé;Parcours terminé;247.25
11787;03/05/2026 21:51:55;;Souscription en cours;Coordonnées personnelles;421.36
11788;03/05/2026 21:51:55;;Souscription en cours;Coordonnées personnelles;750.76
11789;03/05/2026 21:49:40;;Dossier refusé;Saisie société;120.78
11790;03/05/2026 21:49:40;;Dossier refusé;Saisie société;383.45
11791;03/05/2026 21:40:43;;Souscription non démarrée;Parcours non démarré;919.75
11792;03/05/2026 21:40:43;;Souscription non démarrée;Parcours non démarré;974.15
11793;03/05/2026 21:27:08;;Souscription en cours;Choix de l'offre et livraison;536.42
11794;03/05/2026 21:27:08;;Souscription en cours;Choix de l'offre et livraison;481.88
11795;03/05/2026 21:15:23;;Dossier validé;Parcours terminé;521.22
11796;03/05/2026 21:15:23;;Dossier validé;Parcours terminé;810.44
11797;03/05/2026 20:58:18;;Dossier validé;Parcours terminé;157.20
11798;03/05/2026 20:58:18;;Dossier validé;Parcours terminé;624.47
11799;03/05/2026 20:42:30;;Souscription non démarrée;Parcours non démarré;750.51
11800;03/05/2026 20:42:30;;Souscription non démarrée;Parcours non démarré;776.92
11801;03/05/2026 20:32:13;Hugo MARTIN;Dossier validé;Parcours terminé;842.50
11802;03/05/2026 20:32:13;Hugo MARTIN;Dossier validé;Parcours terminé;526.60
11803;03/05/2026 20:29:42;;Dossier refusé;Saisie société;533.73
11804;03/05/2026 20:29:42;;Dossier refusé;Saisie société;387.98
11805;03/05/2026 19:46:15;;Dossier validé;Parcours terminé;749.12
11806;03/05/2026 19:46:15;;Dossier validé;Parcours terminé;423.75
11807;03/05/2026 19:24:44;Adam MARTIN;Dossier validé;Parcours terminé;309.96
11808;03/05/2026 19:24:44;Adam MARTIN;Dossier validé;Parcours terminé;598.50
11809;03/05/2026 19:23:58;;Dossier validé;Parcours terminé;652.63
11810;03/05/2026 19:23:58;;Dossier validé;Parcours terminé;484.58
11811;03/05/2026 18:59:21;;Souscription en cours;Coordonnées personnelles;655.83
11812;03/05/2026 18:59:21;;Souscription en cours;Coordonnées personnelles;586.17
11813;03/05/2026 18:49:10;;Dossier validé;Parcours terminé;749.71
11814;03/05/2026 18:49:10;;Dossier validé;Parcours terminé;151.69
11815;03/05/2026 18:37:44;;Souscription en cours;Coordonnées personnelles;464.63
11816;03/05/2026 18:37:44;;Souscription en cours;Coordonnées personnelles;905.17
11817;03/05/2026 18:27:04;;Souscription non démarrée;Parcours non démarré;491.81
11818;03/05/2026 18:27:04;;Souscription non démarrée;Parcours non démarré;837.81
11819;03/05/2026 17:48:46;;Souscription en cours;Choix de l'offre et livraison;331.34
11820;03/05/2026 17:48:46;;Souscription en cours;Choix de l'offre et livraison;524.97
11821;03/05/2026 17:35:09;;Dossier validé;Parcours terminé;195.19
11822;03/05/2026 17:35:09;;Dossier validé;Parcours terminé;153.42
11823;03/05/2026 17:32:48;;Dossier validé;Parcours terminé;340.34
11824;03/05/2026 17:32:48;;Dossier validé;Parcours terminé;777.89
11825;03/05/2026 17:31:13;;Dossier refusé;Saisie société;955.10
11826;03/05/2026 17:31:13;;Dossier refusé;Saisie société;859.73
11827;03/05/2026 17:19:14;;Souscription en cours;Signature Contrat;322.86
11828;03/05/2026 17:19:14;;Souscription en cours;Signature Contrat;995.45
11829;03/05/2026 17:10:19;;Dossier refusé;Saisie société;538.49
11830;03/05/2026 17:10:19;;Dossier refusé;Saisie société;962.83
11831;03/05/2026 17:03:22;Rayan MICHEL;Dossier refusé;Saisie société;206.09
11832;03/05/2026 17:03:22;Rayan MICHEL;Dossier refusé;Saisie société;801.75
11833;03/05/2026 16:37:42;;Dossier validé;Parcours terminé;562.59
11834;03/05/2026 16:37:42;;Dossier validé;Parcours terminé;707.19
11835;03/05/2026 16:24:54;;Souscription en cours;Coordonnées personnelles;880.14
11836;03/05/2026 16:24:54;;Souscription en cours;Coordonnées personnelles;568.12
11837;03/05/2026 15:59:48;;Souscription non démarrée;Parcours non démarré;391.58
11838;03/05/2026 15:59:48;;Souscription non démarrée;Parcours non démarré;450.25
11839;03/05/2026 15:53:05;Z5681453;Dossier refusé;Signature Contrat;657.99
11840;03/05/2026 15:53:05;Z5681453;Dossier refusé;Signature Contrat;426.69
11841;03/05/2026 15:42:43;;Souscription en cours;Coordonnées personnelles;154.31
11842;03/05/2026 15:42:43;;Souscription en cours;Coordonnées personnelles;753.52
11843;03/05/2026 15:42:41;Adam LAURENT;Dossier validé;Parcours terminé;613.64
11844;03/05/2026 15:42:41;Adam LAURENT;Dossier validé;Parcours terminé;831.80
11845;03/05/2026 15:12:07;;Souscription non démarrée;Parcours non démarré;606.70
11846;03/05/2026 15:12:07;;Souscription non démarrée;Parcours non démarré;910.46
11847;03/05/2026 15:10:23;;Dossier validé;Parcours terminé;432.85
11848;03/05/2026 15:10:23;;Dossier validé;Parcours terminé;672.54
11849;03/05/2026 14:55:25;;Souscription en cours;Signature Contrat;116.42
11850;03/05/2026 14:55:25;;Souscription en cours;Signature Contrat;696.76
11851;03/05/2026 14:42:25;;Souscription en cours;Coordonnées personnelles;208.87
11852;03/05/2026 14:42:25;;Souscription en cours;Coordonnées personnelles;241.51
11853;03/05/2026 14:42:23;;Dossier validé;Parcours terminé;492.83
11854;03/05/2026 14:42:23;;Dossier validé;Parcours terminé;399.15
11855;03/05/2026 14:27:11;;Dossier validé;Parcours terminé;502.65
11856;03/05/2026 14:27:11;;Dossier validé;Parcours terminé;259.02
11857;03/05/2026 14:22:51;;Dossier validé;Parcours terminé;965.85
11858;03/05/2026 14:22:51;;Dossier validé;Parcours terminé;728.60
11859;03/05/2026 14:22:27;;Dossier validé;Parcours terminé;713.28
11860;03/05/2026 14:22:27;;Dossier validé;Parcours terminé;502.53
11861;03/05/2026 14:12:52;;Souscription non démarrée;Parcours non démarré;703.91
11862;03/05/2026 14:12:52;;Souscription non démarrée;Parcours non démarré;514.60
11863;03/05/2026 13:52:40;;Souscription non démarrée;Parcours non démarré;174.11
11864;03/05/2026 13:52:40;;Souscription non démarrée;Parcours non démarré;218.74
11865;03/05/2026 13:52:36;;Souscription non démarrée;Parcours non démarré;132.39
11866;03/05/2026 13:52:36;;Souscription non démarrée;Parcours non démarré;410.84
11867;03/05/2026 13:48:48;;Dossier validé;Parcours terminé;176.20
11868;03/05/2026 13:48:48;;Dossier validé;Parcours terminé;465.10
11869;03/05/2026 12:51:02;;Souscription en cours;Informations complémentaires (Etablissements, etc.);238.12
11870;03/05/2026 12:51:02;;Souscription en cours;Informations complémentaires (Etablissements, etc.);496.43
11871;03/05/2026 12:49:35;;Souscription en cours;Coordonnées personnelles;900.49
11872;03/05/2026 12:49:35;;Souscription en cours;Coordonnées personnelles;694.98
11873;03/05/2026 12:44:17;;Dossier validé;Parcours terminé;739.35
11874;03/05/2026 12:44:17;;Dossier validé;Parcours terminé;448.25
11875;03/05/2026 12:34:29;;Dossier refusé;Signature Contrat;948.75
11876;03/05/2026 12:34:29;;Dossier refusé;Signature Contrat;812.16
11877;03/05/2026 12:27:44;;Dossier validé;Parcours terminé;317.90
11878;03/05/2026 12:27:44;;Dossier validé;Parcours terminé;764.23
11879;03/05/2026 12:18:07;;Dossier validé;Parcours terminé;624.00
11880;03/05/2026 12:18:07;;Dossier validé;Parcours terminé;996.38
11881;03/05/2026 12:16:42;;Dossier validé;Parcours terminé;172.38
11882;03/05/2026 12:16:42;;Dossier validé;Parcours terminé;284.87
11883;03/05/2026 12:09:04;;Dossier refusé;Signature Contrat;372.95
11884;03/05/2026 12:09:04;;Dossier refusé;Signature Contrat;410.34
11885;03/05/2026 12:03:25;;Souscription en cours;Choix de l'offre et livraison;929.77
11886;03/05/2026 12:03:25;;Souscription en cours;Choix de l'offre et livraison;632.75
11887;03/05/2026 11:51:24;Adam LAURENT;Dossier validé;Parcours terminé;767.55
11888;03/05/2026 11:51:24;Adam LAURENT;Dossier validé;Parcours terminé;798.74
11889;03/05/2026 11:48:44;;Dossier validé;Parcours terminé;334.12
11890;03/05/2026 11:48:44;;Dossier validé;Parcours terminé;372.15
11891;03/05/2026 11:47:03;;Souscription non démarrée;Parcours non démarré;134.78
11892;03/05/2026 11:47:03;;Souscription non démarrée;Parcours non démarré;956.82
11893;03/05/2026 11:35:08;;Dossier validé;Parcours terminé;355.63
11894;03/05/2026 11:35:08;;Dossier validé;Parcours terminé;922.26
11895;03/05/2026 11:32:30;;Souscription en cours;Coordonnées personnelles;264.68
11896;03/05/2026 11:32:30;;Souscription en cours;Coordonnées personnelles;693.93
11897;03/05/2026 11:24:31;;Dossier validé;Parcours terminé;899.67
11898;03/05/2026 11:24:31;;Dossier validé;Parcours terminé;364.11
11899;03/05/2026 11:23:09;;Souscription en cours;Signature Contrat;926.61
11900;03/05/2026 11:23:09;;Souscription en cours;Signature Contrat;720.77
11901;03/05/2026 11:09:56;Manon LEFEBVRE;Dossier refusé;Signature Contrat;631.26
11902;03/05/2026 11:09:56;Manon LEFEBVRE;Dossier refusé;Signature Contrat;111.22
11903;03/05/2026 11:09:17;;Dossier validé;Parcours terminé;546.68
11904;03/05/2026 11:09:17;;Dossier validé;Parcours terminé;149.35
11905;03/05/2026 11:02:42;;Dossier validé;Parcours terminé;800.73
11906;03/05/2026 11:02:42;;Dossier validé;Parcours terminé;300.16
11907;03/05/2026 10:58:44;;Dossier validé;Parcours terminé;839.13
11908;03/05/2026 10:58:44;;Dossier validé;Parcours terminé;991.47
11909;03/05/2026 10:42:45;Hugo MARTIN;Dossier refusé;Choix de l'offre et livraison;203.81
11910;03/05/2026 10:42:45;Hugo MARTIN;Dossier refusé;Choix de l'offre et livraison;693.29
11911;03/05/2026 10:41:12;;Dossier validé;Parcours terminé;635.21
11912;03/05/2026 10:41:12;;Dossier validé;Parcours terminé;473.60
11913;03/05/2026 10:37:42;;Souscription en cours;Choix de l'offre et livraison;489.40
11914;03/05/2026 10:37:42;;Souscription en cours;Choix de l'offre et livraison;868.27
11915;03/05/2026 10:32:37;;Dossier validé;Parcours terminé;373.42
11916;03/05/2026 10:32:37;;Dossier validé;Parcours terminé;439.02
11917;03/05/2026 10:29:04;;Dossier validé;Parcours terminé;515.88
11918;03/05/2026 10:29:04;;Dossier validé;Parcours terminé;524.09
11919;03/05/2026 10:24:28;;Souscription en cours;Coordonnées personnelles;483.17
11920;03/05/2026 10:24:28;;Souscription en cours;Coordonnées personnelles;861.48
11921;03/05/2026 10:22:41;;Dossier refusé;Saisie société;706.74
11922;03/05/2026 10:22:41;;Dossier refusé;Saisie société;491.57
11923;03/05/2026 10:13:04;;Souscription en cours;Coordonnées personnelles;203.53
11924;03/05/2026 10:13:04;;Souscription en cours;Coordonnées personnelles;428.60
11925;03/05/2026 10:00:48;;Souscription en cours;Vérification d'identité;816.12
11926;03/05/2026 10:00:48;;Souscription en cours;Vérification d'identité;226.86
11927;03/05/2026 09:39:43;;Dossier validé;Parcours terminé;498.10
11928;03/05/2026 09:39:43;;Dossier validé;Parcours terminé;765.71
11929;03/05/2026 09:20:13;;Souscription en cours;Informations complémentaires (CA, Profession, etc.);528.70
11930;03/05/2026 09:20:13;;Souscription en cours;Informations complémentaires (CA, Profession, etc.);362.07
11931;03/05/2026 09:17:49;;Souscription en cours;Choix de l'offre et livraison;735.79
11932;03/05/2026 09:17:49;;Souscription en cours;Choix de l'offre et livraison;874.05
11933;03/05/2026 08:47:20;;Souscription en cours;Choix de l'offre et livraison;979.94
11934;03/05/2026 08:47:20;;Souscription en cours;Choix de l'offre et livraison;835.40
11935;03/05/2026 08:25:23;Hugo DUBOIS;Dossier validé;Parcours terminé;330.49
11936;03/05/2026 08:25:23;Hugo DUBOIS;Dossier validé;Parcours terminé;930.23
11937;03/05/2026 08:04:57;;Dossier validé;Parcours terminé;775.51
11938;03/05/2026 08:04:57;;Dossier validé;Parcours terminé;505.27
11939;03/05/2026 08:02:20;;Souscription en cours;Vérification d'identité;502.04
11940;03/05/2026 08:02:20;;Souscription en cours;Vérification d'identité;522.01
11941;03/05/2026 07:56:53;;Souscription en cours;Choix de l'offre et livraison;384.78
11942;03/05/2026 07:56:53;;Souscription en cours;Choix de l'offre et livraison;343.22
11943;03/05/2026 07:49:30;;Dossier refusé;Signature Contrat;229.92
11944;03/05/2026 07:49:30;;Dossier refusé;Signature Contrat;380.44
11945;03/05/2026 04:29:44;;Dossier validé;Parcours terminé;178.92
11946;03/05/2026 04:29:44;;Dossier validé;Parcours terminé;403.18
11947;03/05/2026 03:08:34;;Dossier validé;Parcours terminé;757.28
11948;03/05/2026 03:08:34;;Dossier validé;Parcours terminé;586.42
11949;03/05/2026 03:07:24;;Souscription en cours;Signature Contrat;233.85
11950;03/05/2026 03:07:24;;Souscription en cours;Signature Contrat;566.20
11951;03/05/2026 02:31:55;;Dossier validé;Parcours terminé;463.00
11952;03/05/2026 02:31:55;;Dossier validé;Parcours terminé;875.55
11953;03/05/2026 01:35:21;;Souscription en cours;Synchronisation référentiel personne NOVA;527.49
11954;03/05/2026 01:35:21;;Souscription en cours;Synchronisation référentiel personne NOVA;289.01
11955;03/05/2026 00:35:18;;Souscription en cours;Synchronisation référentiel personne NOVA;990.17
11956;03/05/2026 00:35:18;;Souscription en cours;Synchronisation référentiel personne NOVA;742.46
11957;03/05/2026 00:10:47;;Dossier refusé;Saisie société;218.98
11958;03/05/2026 00:10:47;;Dossier refusé;Saisie société;615.30
11959;03/05/2026 00:02:57;;Dossier validé;Parcours terminé;141.42
11960;03/05/2026 00:02:57;;Dossier validé;Parcours terminé;795.01
