Numéro;Date de création;Responsable;Statut;Étape en cours;Valeur
1;31/05/2026 23:57:54;;Souscription non démarrée;Parcours non démarré;843.78
2;31/05/2026 23:57:54;;Souscription non démarrée;Parcours non démarré;566.79
3;31/05/2026 22:19:00;;Souscription en cours;Informations complémentaires (Etablissements, etc.);211.49
4;31/05/2026 22:19:00;;Souscription en cours;Informations complémentaires (Etablissements, etc.);473.84
5;31/05/2026 22:18:35;;Souscription en cours;Coordonnées personnelles;375.26
6;31/05/2026 22:18:35;;Souscription en cours;Coordonnées personnelles;641.54
7;31/05/2026 21:46:05;;Souscription en cours;Coordonnées personnelles;241.22
8;31/05/2026 21:46:05;;Souscription en cours;Coordonnées personnelles;990.23
9;31/05/2026 21:37:15;;Souscription en cours;Choix de l'offre et livraison;825.84
10;31/05/2026 21:37:15;;Souscription en cours;Choix de l'offre et livraison;910.96
11;31/05/2026 21:05:09;;Souscription en cours;Informations complémentaires (Etablissements, etc.);588.91
12;31/05/2026 21:05:09;;Souscription en cours;Informations complémentaires (Etablissements, etc.);988.19
13;31/05/2026 21:05:01;;Souscription en cours;Coordonnées personnelles;695.10
14;31/05/2026 21:05:01;;Souscription en cours;Coordonnées personnelles;571.63
15;31/05/2026 21:02:34;;Souscription en cours;Coordonnées personnelles;967.48
16;31/05/2026 21:02:34;;Souscription en cours;Coordonnées personnelles;218.40
17;31/05/2026 20:48:25;;Souscription en cours;Signature Contrat;676.04
18;31/05/2026 20:48:25;;Souscription en cours;Signature Contrat;705.74
19;31/05/2026 20:10:18;;Souscription en cours;Coordonnées personnelles;643.06
20;31/05/2026 20:10:18;;Souscription en cours;Coordonnées personnelles;827.85
21;31/05/2026 19:54:23;;Souscription en cours;Coordonnées personnelles;777.36
22;31/05/2026 19:54:23;;Souscription en cours;Coordonnées personnelles;552.86
23;31/05/2026 19:52:25;;Souscription en cours;Choix de l'offre et livraison;265.70
24;31/05/2026 19:52:25;;Souscription en cours;Choix de l'offre et livraison;290.15
25;31/05/2026 19:36:58;;Souscription en cours;Synchronisation référentiel personne NOVA;449.48
26;31/05/2026 19:36:58;;Souscription en cours;Synchronisation référentiel personne NOVA;607.39
27;31/05/2026 19:25:56;;Souscription en cours;Coordonnées personnelles;558.42
28;31/05/2026 19:25:56;;Souscription en cours;Coordonnées personnelles;384.96
29;31/05/2026 18:44:25;;Souscription en cours;Informations complémentaires (CA, Profession, etc.);995.14
30;31/05/2026 18:44:25;;Souscription en cours;Informations complémentaires (CA, Profession, etc.);888.02
31;31/05/2026 18:37:12;;Souscription en cours;Choix de l'offre et livraison;358.54
32;31/05/2026 18:37:12;;Souscription en cours;Choix de l'offre et livraison;282.14
33;31/05/2026 18:35:06;;Souscription en cours;Choix de l'offre et livraison;688.05
34;31/05/2026 18:35:06;;Souscription en cours;Choix de l'offre et livraison;610.12
35;31/05/2026 18:29:28;;Souscription en cours;Choix de l'offre et livraison;241.68
36;31/05/2026 18:29:28;;Souscription en cours;Choix de l'offre et livraison;251.38
37;31/05/2026 18:19:23;;Souscription non démarrée;Parcours non démarré;792.24
38;31/05/2026 18:19:23;;Souscription non démarrée;Parcours non démarré;832.38
39;31/05/2026 18:11:05;;Souscription en cours;Coordonnées personnelles;793.50
40;31/05/2026 18:11:05;;Souscription en cours;Coordonnées personnelles;742.60
41;31/05/2026 18:10:28;;Souscription en cours;Coordonnées personnelles;853.91
42;31/05/2026 18:10:28;;Souscription en cours;Coordonnées personnelles;616.96
43;31/05/2026 18:06:12;;Souscription en cours;Vérification d'identité;573.65
44;31/05/2026 18:06:12;;Souscription en cours;Vérification d'identité;905.84
45;31/05/2026 17:49:43;;Souscription en cours;Coordonnées personnelles;233.99
46;31/05/2026 17:49:43;;Souscription en cours;Coordonnées personnelles;382.49
47;31/05/2026 17:48:33;;Souscription en cours;Informations complémentaires (Etablissements, etc.);324.63
48;31/05/2026 17:48:33;;Souscription en cours;Informations complémentaires (Etablissements, etc.);303.39
49;31/05/2026 17:04:58;;Souscription en cours;Coordonnées personnelles;691.56
50;31/05/2026 17:04:58;;Souscription en cours;Coordonnées personnelles;817.60
51;31/05/2026 17:02:55;;Souscription en cours;Coordonnées personnelles;102.93
52;31/05/2026 17:02:55;;Souscription en cours;Coordonnées personnelles;768.58
53;31/05/2026 17:00:42;;Souscription en cours;Informations complémentaires (Etablissements, etc.);354.49
54;31/05/2026 17:00:42;;Souscription en cours;Informations complémentaires (Etablissements, etc.);361.12
55;31/05/2026 16:30:01;;Souscription en cours;Informations complémentaires (CA, Profession, etc.);416.93
56;31/05/2026 16:30:01;;Souscription en cours;Informations complémentaires (CA, Profession, etc.);210.19
57;31/05/2026 16:28:49;;En attente d'analyse Agent - Dossier avec erreurs;Signature Contrat;626.36
58;31/05/2026 16:28:49;;En attente d'analyse Agent - Dossier avec erreurs;Signature Contrat;767.18
59;31/05/2026 16:24:14;;Souscription en cours;Choix de l'offre et livraison;193.67
60;31/05/2026 16:24:14;;Souscription en cours;Choix de l'offre et livraison;966.54
61;31/05/2026 16:18:22;;En attente d'analyse Agent - Dossier avec erreurs;Signature Contrat;876.43
62;31/05/2026 16:18:22;;En attente d'analyse Agent - Dossier avec erreurs;Signature Contrat;504.61
63;31/05/2026 15:58:05;;Souscription non démarrée;Parcours non démarré;101.54
64;31/05/2026 15:58:05;;Souscription non démarrée;Parcours non démarré;378.20
65;31/05/2026 15:40:02;;Souscription en cours;Choix de l'offre et livraison;153.13
66;31/05/2026 15:40:02;;Souscription en cours;Choix de l'offre et livraison;370.77
67;31/05/2026 15:28:53;;Souscription en cours;Informations complémentaires (Etablissements, etc.);684.17
68;31/05/2026 15:28:53;;Souscription en cours;Informations complémentaires (Etablissements, etc.);276.79
69;31/05/2026 15:26:36;;Souscription en cours;Signature Contrat;346.21
70;31/05/2026 15:26:36;;Souscription en cours;Signature Contrat;916.71
71;31/05/2026 15:11:18;;Souscription en cours;Signature Contrat;945.53
72;31/05/2026 15:11:18;;Souscription en cours;Signature Contrat;669.70
73;31/05/2026 14:57:54;;Souscription en cours;Signature Contrat;874.42
74;31/05/2026 14:57:54;;Souscription en cours;Signature Contrat;414.39
75;31/05/2026 14:51:50;;Souscription en cours;Coordonnées personnelles;922.99
76;31/05/2026 14:51:50;;Souscription en cours;Coordonnées personnelles;882.11
77;31/05/2026 14:50:38;;Souscription non démarrée;Parcours non démarré;165.38
78;31/05/2026 14:50:38;;Souscription non démarrée;Parcours non démarré;739.85
79;31/05/2026 14:41:09;;Souscription en cours;Vérification d'identité;430.22
80;31/05/2026 14:41:09;;Souscription en cours;Vérification d'identité;267.36
81;31/05/2026 14:29:56;;Souscription en cours;Vérification d'identité;166.06
82;31/05/2026 14:29:56;;Souscription en cours;Vérification d'identité;646.78
83;31/05/2026 14:18:35;;Souscription non démarrée;Parcours non démarré;480.12
84;31/05/2026 14:18:35;;Souscription non démarrée;Parcours non démarré;678.52
85;31/05/2026 14:12:19;;Souscription en cours;Coordonnées personnelles;892.78
86;31/05/2026 14:12:19;;Souscription en cours;Coordonnées personnelles;235.98
87;31/05/2026 12:51:36;;Souscription en cours;Coordonnées personnelles;422.64
88;31/05/2026 12:51:36;;Souscription en cours;Coordonnées personnelles;137.21
89;31/05/2026 12:51:18;;Souscription en cours;Coordonnées personnelles;367.21
90;31/05/2026 12:51:18;;Souscription en cours;Coordonnées personnelles;172.63
91;31/05/2026 12:46:28;;Souscription en cours;Choix de l'offre et livraison;245.05
92;31/05/2026 12:46:28;;Souscription en cours;Choix de l'offre et livraison;624.05
93;31/05/2026 12:37:53;;Souscription en cours;Choix de l'offre et livraison;963.91
94;31/05/2026 12:37:53;;Souscription en cours;Choix de l'offre et livraison;209.24
95;31/05/2026 12:36:46;;Souscription en cours;Informations complémentaires (CA, Profession, etc.);335.32
96;31/05/2026 12:36:46;;Souscription en cours;Informations complémentaires (CA, Profession, etc.);594.89
97;31/05/2026 12:36:06;;Souscription en cours;Coordonnées personnelles;567.05
98;31/05/2026 12:36:06;;Souscription en cours;Coordonnées personnelles;325.16
99;31/05/2026 12:29:20;;Dossier validé;Parcours terminé;873.61
100;31/05/2026 12:29:20;;Dossier validé;Parcours terminé;677.96
101;31/05/2026 12:24:56;;En attente d'analyse Agent - Dossier avec erreurs;Signature Contrat;808.45
102;31/05/2026 12:24:56;;En attente d'analyse Agent - Dossier avec erreurs;Signature Contrat;297.63
103;31/05/2026 12:19:18;;Souscription en cours;Choix de l'offre et livraison;707.66
104;31/05/2026 12:19:18;;Souscription en cours;Choix de l'offre et livraison;414.61
105;31/05/2026 12:09:45;;Souscription en cours;Informations complémentaires (CA, Profession, etc.);875.48
106;31/05/2026 12:09:45;;Souscription en cours;Informations complémentaires (CA, Profession, etc.);519.71
107;31/05/2026 12:08:56;;Souscription en cours;Informations complémentaires (Etablissements, etc.);328.65
108;31/05/2026 12:08:56;;Souscription en cours;Informations complémentaires (Etablissements, etc.);435.38
109;31/05/2026 11:56:35;;Souscription en cours;Signature Contrat;687.67
110;31/05/2026 11:56:35;;Souscription en cours;Signature Contrat;730.09
111;31/05/2026 11:52:28;;Souscription en cours;Criblages BE(s);973.29
112;31/05/2026 11:52:28;;Souscription en cours;Criblages BE(s);790.82
113;31/05/2026 11:51:13;;Souscription non démarrée;Parcours non démarré;908.03
114;31/05/2026 11:51:13;;Souscription non démarrée;Parcours non démarré;302.27
115;31/05/2026 11:50:15;;Souscription en cours;Coordonnées personnelles;680.77
116;31/05/2026 11:50:15;;Souscription en cours;Coordonnées personnelles;881.36
117;31/05/2026 11:31:46;;Souscription en cours;Bénéficiaire effectifs;362.97
118;31/05/2026 11:31:46;;Souscription en cours;Bénéficiaire effectifs;716.09
119;31/05/2026 11:29:43;;En attente d'analyse Agent - Dossier avec erreurs;Signature Contrat;948.40
120;31/05/2026 11:29:43;;En attente d'analyse Agent - Dossier avec erreurs;Signature Contrat;397.45
121;31/05/2026 11:14:58;;Souscription en cours;Coordonnées personnelles;402.12
122;31/05/2026 11:14:58;;Souscription en cours;Coordonnées personnelles;809.37
123;31/05/2026 11:11:47;;Souscription en cours;Choix de l'offre et livraison;904.24
124;31/05/2026 11:11:47;;Souscription en cours;Choix de l'offre et livraison;903.25
125;31/05/2026 11:08:57;;Souscription non démarrée;Parcours non démarré;350.64
126;31/05/2026 11:08:57;;Souscription non démarrée;Parcours non démarré;122.76
127;31/05/2026 11:00:43;;Dossier validé;Parcours terminé;399.80
128;31/05/2026 11:00:43;;Dossier validé;Parcours terminé;579.04
129;31/05/2026 10:52:16;;Souscription en cours;Coordonnées personnelles;435.35
130;31/05/2026 10:52:16;;Souscription en cours;Coordonnées personnelles;521.03
131;31/05/2026 10:40:14;;Dossier refusé;Saisie société;384.66
132;31/05/2026 10:40:14;;Dossier refusé;Saisie société;207.07
133;31/05/2026 10:39:15;;En attente d'analyse Agent - Dossier avec erreurs;Signature Contrat;248.43
134;31/05/2026 10:39:15;;En attente d'analyse Agent - Dossier avec erreurs;Signature Contrat;375.45
135;31/05/2026 10:26:21;;Souscription en cours;Informations complémentaires (CA, Profession, etc.);752.07
136;31/05/2026 10:26:21;;Souscription en cours;Informations complémentaires (CA, Profession, etc.);119.53
137;31/05/2026 10:25:26;;Souscription en cours;Signature Contrat;701.18
138;31/05/2026 10:25:26;;Souscription en cours;Signature Contrat;595.85
139;31/05/2026 10:08:28;;Souscription non démarrée;Parcours non démarré;618.95
140;31/05/2026 10:08:28;;Souscription non démarrée;Parcours non démarré;935.92
141;31/05/2026 10:07:44;;Souscription non démarrée;Parcours non démarré;821.06
142;31/05/2026 10:07:44;;Souscription non démarrée;Parcours non démarré;563.48
143;31/05/2026 10:04:50;;Souscription en cours;Coordonnées personnelles;115.98
144;31/05/2026 10:04:50;;Souscription en cours;Coordonnées personnelles;618.82
145;31/05/2026 10:02:45;;En attente d'analyse Agent - Dossier avec erreurs;Signature Contrat;285.79
146;31/05/2026 10:02:45;;En attente d'analyse Agent - Dossier avec erreurs;Signature Contrat;515.19
147;31/05/2026 09:58:28;;Dossier validé;Parcours terminé;933.39
148;31/05/2026 09:58:28;;Dossier validé;Parcours terminé;575.55
149;31/05/2026 09:38:52;;Souscription non démarrée;Parcours non démarré;715.84
150;31/05/2026 09:38:52;;Souscription non démarrée;Parcours non démarré;241.91
151;31/05/2026 09:22:17;;Souscription en cours;Informations complémentaires (Etablissements, etc.);160.29
152;31/05/2026 09:22:17;;Souscription en cours;Informations complémentaires (Etablissements, etc.);893.30
153;31/05/2026 09:14:59;;Souscription en cours;Choix de l'offre et livraison;491.77
154;31/05/2026 09:14:59;;Souscription en cours;Choix de l'offre et livraison;241.69
155;31/05/2026 08:38:34;;Souscription en cours;Choix de l'offre et livraison;386.80
156;31/05/2026 08:38:34;;Souscription en cours;Choix de l'offre et livraison;646.67
157;31/05/2026 08:34:13;;Souscription en cours;Coordonnées personnelles;370.40
158;31/05/2026 08:34:13;;Souscription en cours;Coordonnées personnelles;331.39
159;31/05/2026 08:25:09;;Souscription non démarrée;Parcours non démarré;402.41
160;31/05/2026 08:25:09;;Souscription non démarrée;Parcours non démarré;387.54
161;31/05/2026 06:59:26;;Souscription en cours;Vérification d'identité;413.61
162;31/05/2026 06:59:26;;Souscription en cours;Vérification d'identité;200.00
163;31/05/2026 05:48:39;;Souscription en cours;Coordonnées personnelles;417.71
164;31/05/2026 05:48:39;;Souscription en cours;Coordonnées personnelles;753.92
165;31/05/2026 05:12:10;;Souscription en cours;Coordonnées personnelles;333.96
166;31/05/2026 05:12:10;;Souscription en cours;Coordonnées personnelles;228.86
167;31/05/2026 05:04:09;;Souscription non démarrée;Parcours non démarré;304.78
168;31/05/2026 05:04:09;;Souscription non démarrée;Parcours non démarré;187.34
169;31/05/2026 04:05:49;;Souscription en cours;Coordonnées personnelles;869.37
170;31/05/2026 04:05:49;;Souscription en cours;Coordonnées personnelles;413.88
171;31/05/2026 01:14:07;;Souscription en cours;Choix de l'offre et livraison;530.61
172;31/05/2026 01:14:07;;Souscription en cours;Choix de l'offre et livraison;143.30
173;31/05/2026 01:08:28;;En attente d'analyse Agent - Dossier avec erreurs;Signature Contrat;173.27
174;31/05/2026 01:08:28;;En attente d'analyse Agent - Dossier avec erreurs;Signature Contrat;553.10
175;30/05/2026 23:48:23;;Souscription en cours;Vérification d'identité;407.37
176;30/05/2026 23:48:23;;Souscription en cours;Vérification d'identité;375.77
177;30/05/2026 23:40:30;;Souscription en cours;Coordonnées personnelles;714.70
178;30/05/2026 23:40:30;;Souscription en cours;Coordonnées personnelles;950.37
179;30/05/2026 23:40:10;;Dossier refusé;Saisie société;842.51
180;30/05/2026 23:40:10;;Dossier refusé;Saisie société;318.75
181;30/05/2026 23:36:20;;Souscription en cours;Coordonnées personnelles;479.01
182;30/05/2026 23:36:20;;Souscription en cours;Coordonnées personnelles;802.21
183;30/05/2026 23:34:49;;Souscription en cours;Coordonnées personnelles;775.41
184;30/05/2026 23:34:49;;Souscription en cours;Coordonnées personnelles;595.07
185;30/05/2026 23:27:11;;En attente d'analyse Agent - Dossier avec erreurs;Signature Contrat;855.77
186;30/05/2026 23:27:11;;En attente d'analyse Agent - Dossier avec erreurs;Signature Contrat;771.92
187;30/05/2026 23:25:04;;Souscription en cours;Bénéficiaire effectifs;566.28
188;30/05/2026 23:25:04;;Souscription en cours;Bénéficiaire effectifs;281.86
189;30/05/2026 23:15:39;;Souscription en cours;Signature Contrat;772.96
190;30/05/2026 23:15:39;;Souscription en cours;Signature Contrat;813.90
191;30/05/2026 22:21:16;;Souscription en cours;Informations complémentaires (Etablissements, etc.);550.20
192;30/05/2026 22:21:16;;Souscription en cours;Informations complémentaires (Etablissements, etc.);877.07
193;30/05/2026 22:18:16;;En attente d'analyse Agent - Dossier avec erreurs;Signature Contrat;555.96
194;30/05/2026 22:18:16;;En attente d'analyse Agent - Dossier avec erreurs;Signature Contrat;240.75
195;30/05/2026 22:11:29;;Souscription en cours;Choix de l'offre et livraison;859.64
196;30/05/2026 22:11:29;;Souscription en cours;Choix de l'offre et livraison;957.26
197;30/05/2026 21:49:56;Louis MARTIN;Dossier validé;Parcours terminé;692.04
198;30/05/2026 21:49:56;Louis MARTIN;Dossier validé;Parcours terminé;642.84
199;30/05/2026 21:44:18;;Souscription en cours;Choix de l'offre et livraison;770.59
200;30/05/2026 21:44:18;;Souscription en cours;Choix de l'offre et livraison;990.89
201;30/05/2026 21:40:17;;Souscription en cours;Coordonnées personnelles;110.43
202;30/05/2026 21:40:17;;Souscription en cours;Coordonnées personnelles;331.12
203;30/05/2026 21:23:21;;Souscription non démarrée;Parcours non démarré;244.08
204;30/05/2026 21:23:21;;Souscription non démarrée;Parcours non démarré;472.39
205;30/05/2026 21:08:02;;Souscription en cours;Coordonnées personnelles;599.54
206;30/05/2026 21:08:02;;Souscription en cours;Coordonnées personnelles;557.41
207;30/05/2026 20:38:47;;Souscription en cours;Choix de l'offre et livraison;119.10
208;30/05/2026 20:38:47;;Souscription en cours;Choix de l'offre et livraison;655.29
209;30/05/2026 20:32:35;;Souscription en cours;Informations complémentaires (CA, Profession, etc.);420.23
210;30/05/2026 20:32:35;;Souscription en cours;Informations complémentaires (CA, Profession, etc.);217.11
211;30/05/2026 20:02:16;;Souscription en cours;Coordonnées personnelles;845.60
212;30/05/2026 20:02:16;;Souscription en cours;Coordonnées personnelles;863.79
213;30/05/2026 19:18:51;;Souscription en cours;Coordonnées personnelles;594.64
214;30/05/2026 19:18:51;;Souscription en cours;Coordonnées personnelles;287.91
215;30/05/2026 19:13:41;;Souscription en cours;Coordonnées personnelles;383.94
216;30/05/2026 19:13:41;;Souscription en cours;Coordonnées personnelles;781.13
217;30/05/2026 18:46:19;;Souscription en cours;Coordonnées personnelles;739.15
218;30/05/2026 18:46:19;;Souscription en cours;Coordonnées personnelles;632.44
219;30/05/2026 18:06:31;;Souscription en cours;Coordonnées personnelles;167.77
220;30/05/2026 18:06:31;;Souscription en cours;Coordonnées personnelles;716.56
221;30/05/2026 17:57:18;;Souscription en cours;Vérification d'identité;129.29
222;30/05/2026 17:57:18;;Souscription en cours;Vérification d'identité;587.54
223;30/05/2026 17:52:38;;Souscription en cours;Coordonnées personnelles;319.07
224;30/05/2026 17:52:38;;Souscription en cours;Coordonnées personnelles;926.21
225;30/05/2026 17:51:21;;Souscription non démarrée;Parcours non démarré;862.45
226;30/05/2026 17:51:21;;Souscription non démarrée;Parcours non démarré;381.56
227;30/05/2026 17:47:13;;Dossier validé;Parcours terminé;682.71
228;30/05/2026 17:47:13;;Dossier validé;Parcours terminé;626.95
229;30/05/2026 17:43:59;;Souscription en cours;Coordonnées personnelles;511.26
230;30/05/2026 17:43:59;;Souscription en cours;Coordonnées personnelles;684.42
231;30/05/2026 17:23:00;;Dossier validé;Parcours terminé;206.80
232;30/05/2026 17:23:00;;Dossier validé;Parcours terminé;776.25
233;30/05/2026 17:14:31;;Souscription en cours;Choix de l'offre et livraison;969.17
234;30/05/2026 17:14:31;;Souscription en cours;Choix de l'offre et livraison;710.65
235;30/05/2026 17:00:19;;Souscription en cours;Coordonnées personnelles;523.47
236;30/05/2026 17:00:19;;Souscription en cours;Coordonnées personnelles;261.50
237;30/05/2026 16:58:36;;Dossier validé;Parcours terminé;660.32
238;30/05/2026 16:58:36;;Dossier validé;Parcours terminé;964.01
239;30/05/2026 16:42:25;;Souscription en cours;Coordonnées personnelles;672.36
240;30/05/2026 16:42:25;;Souscription en cours;Coordonnées personnelles;941.45
241;30/05/2026 16:16:25;;Souscription non démarrée;Parcours non démarré;622.12
242;30/05/2026 16:16:25;;Souscription non démarrée;Parcours non démarré;877.24
243;30/05/2026 16:13:42;;Souscription en cours;Synchronisation référentiel personne NOVA;627.89
244;30/05/2026 16:13:42;;Souscription en cours;Synchronisation référentiel personne NOVA;931.50
245;30/05/2026 16:13:11;;En attente d'analyse Agent - Dossier avec erreurs;Signature Contrat;257.92
246;30/05/2026 16:13:11;;En attente d'analyse Agent - Dossier avec erreurs;Signature Contrat;859.21
247;30/05/2026 16:04:05;;Souscription en cours;Informations complémentaires (CA, Profession, etc.);834.56
248;30/05/2026 16:04:05;;Souscription en cours;Informations complémentaires (CA, Profession, etc.);131.61
249;30/05/2026 15:57:48;;Souscription en cours;Coordonnées personnelles;420.47
250;30/05/2026 15:57:48;;Souscription en cours;Coordonnées personnelles;646.63
251;30/05/2026 15:40:21;Z5750800;Dossier validé;Parcours terminé;795.67
252;30/05/2026 15:40:21;Z5750800;Dossier validé;Parcours terminé;429.65
253;30/05/2026 15:13:30;;Souscription en cours;Informations complémentaires (Etablissements, etc.);168.15
254;30/05/2026 15:13:30;;Souscription en cours;Informations complémentaires (Etablissements, etc.);726.36
255;30/05/2026 15:04:30;;Souscription non démarrée;Parcours non démarré;199.47
256;30/05/2026 15:04:30;;Souscription non démarrée;Parcours non démarré;954.70
257;30/05/2026 14:59:47;;Souscription en cours;Coordonnées personnelles;850.24
258;30/05/2026 14:59:47;;Souscription en cours;Coordonnées personnelles;750.06
259;30/05/2026 14:53:29;;Dossier validé;Parcours terminé;752.51
260;30/05/2026 14:53:29;;Dossier validé;Parcours terminé;538.25
261;30/05/2026 14:46:59;;Souscription en cours;Signature Contrat;352.98
262;30/05/2026 14:46:59;;Souscription en cours;Signature Contrat;818.90
263;30/05/2026 14:37:33;;Dossier refusé;Saisie société;900.39
264;30/05/2026 14:37:33;;Dossier refusé;Saisie société;399.35
265;30/05/2026 14:27:30;;Souscription en cours;Vérification d'identité;579.89
266;30/05/2026 14:27:30;;Souscription en cours;Vérification d'identité;558.83
267;30/05/2026 14:26:29;;En attente d'analyse Agent - Dossier avec erreurs;Signature Contrat;633.19
268;30/05/2026 14:26:29;;En attente d'analyse Agent - Dossier avec erreurs;Signature Contrat;936.31
269;30/05/2026 14:25:45;;Dossier validé;Parcours terminé;170.44
270;30/05/2026 14:25:45;;Dossier validé;Parcours terminé;230.23
271;30/05/2026 14:24:44;;Souscription en cours;Coordonnées personnelles;209.20
272;30/05/2026 14:24:44;;Souscription en cours;Coordonnées personnelles;294.43
273;30/05/2026 14:16:04;;Souscription en cours;Coordonnées personnelles;784.09
274;30/05/2026 14:16:04;;Souscription en cours;Coordonnées personnelles;306.16
275;30/05/2026 14:13:36;;Souscription en cours;Coordonnées personnelles;895.02
276;30/05/2026 14:13:36;;Souscription en cours;Coordonnées personnelles;735.12
277;30/05/2026 14:08:21;;Dossier refusé;Saisie société;285.26
278;30/05/2026 14:08:21;;Dossier refusé;Saisie société;867.22
279;30/05/2026 13:45:52;;Souscription non démarrée;Parcours non démarré;520.85
280;30/05/2026 13:45:52;;Souscription non démarrée;Parcours non démarré;593.19
281;30/05/2026 13:43:55;;Souscription en cours;Coordonnées personnelles;987.07
282;30/05/2026 13:43:55;;Souscription en cours;Coordonnées personnelles;440.19
283;30/05/2026 13:19:06;;Souscription en cours;Coordonnées personnelles;653.17
284;30/05/2026 13:19:06;;Souscription en cours;Coordonnées personnelles;359.74
285;30/05/2026 13:14:19;;En attente d'analyse Agent - Dossier avec erreurs;Signature Contrat;136.58
286;30/05/2026 13:14:19;;En attente d'analyse Agent - Dossier avec erreurs;Signature Contrat;948.54
287;30/05/2026 13:13:05;;Dossier validé;Parcours terminé;334.02
288;30/05/2026 13:13:05;;Dossier validé;Parcours terminé;119.01
289;30/05/2026 13:10:35;;Souscription en cours;Choix de l'offre et livraison;732.30
290;30/05/2026 13:10:35;;Souscription en cours;Choix de l'offre et livraison;394.18
291;30/05/2026 12:53:41;;Souscription en cours;Coordonnées personnelles;693.85
292;30/05/2026 12:53:41;;Souscription en cours;Coordonnées personnelles;846.64
293;30/05/2026 12:47:22;;Souscription en cours;Coordonnées personnelles;596.08
294;30/05/2026 12:47:22;;Souscription en cours;Coordonnées personnelles;732.41
295;30/05/2026 12:45:44;;Souscription en cours;Signature Contrat;555.37
296;30/05/2026 12:45:44;;Souscription en cours;Signature Contrat;845.75
297;30/05/2026 12:45:07;;Dossier validé;Parcours terminé;601.16
298;30/05/2026 12:45:07;;Dossier validé;Parcours terminé;102.69
299;30/05/2026 12:37:05;;Dossier validé;Parcours terminé;279.97
300;30/05/2026 12:37:05;;Dossier validé;Parcours terminé;867.48
301;30/05/2026 12:26:11;;Souscription en cours;Coordonnées personnelles;505.03
302;30/05/2026 12:26:11;;Souscription en cours;Coordonnées personnelles;274.79
303;30/05/2026 12:14:38;;Souscription en cours;Coordonnées personnelles;385.92
304;30/05/2026 12:14:38;;Souscription en cours;Coordonnées personnelles;118.23
305;30/05/2026 12:09:10;;Souscription en cours;Choix de l'offre et livraison;528.81
306;30/05/2026 12:09:10;;Souscription en cours;Choix de l'offre et livraison;897.31
307;30/05/2026 11:45:43;;Souscription en cours;Choix de l'offre et livraison;369.99
308;30/05/2026 11:45:43;;Souscription en cours;Choix de l'offre et livraison;617.25
309;30/05/2026 11:35:07;;Dossier validé;Parcours terminé;944.81
310;30/05/2026 11:35:07;;Dossier validé;Parcours terminé;312.94
311;30/05/2026 11:33:22;;Dossier validé;Parcours terminé;893.01
312;30/05/2026 11:33:22;;Dossier validé;Parcours terminé;405.45
313;30/05/2026 11:22:20;;Souscription en cours;Coordonnées personnelles;186.08
314;30/05/2026 11:22:20;;Souscription en cours;Coordonnées personnelles;720.25
315;30/05/2026 11:07:44;;Souscription en cours;Vérification d'identité;196.21
316;30/05/2026 11:07:44;;Souscription en cours;Vérification d'identité;793.84
317;30/05/2026 11:06:49;;Souscription en cours;Vérification d'identité;773.31
318;30/05/2026 11:06:49;;Souscription en cours;Vérification d'identité;891.69
319;30/05/2026 11:03:39;;Souscription non démarrée;Parcours non démarré;803.17
320;30/05/2026 11:03:39;;Souscription non démarrée;Parcours non démarré;449.19
321;30/05/2026 10:42:18;;En attente d'analyse Agent - Dossier avec erreurs;Signature Contrat;600.10
322;30/05/2026 10:42:18;;En attente d'analyse Agent - Dossier avec erreurs;Signature Contrat;955.42
323;30/05/2026 10:36:01;;Souscription en cours;Informations complémentaires (Etablissements, etc.);139.62
324;30/05/2026 10:36:01;;Souscription en cours;Informations complémentaires (Etablissements, etc.);334.39
325;30/05/2026 09:51:39;;En attente d'analyse Agent - Dossier avec erreurs;Signature Contrat;522.71
326;30/05/2026 09:51:39;;En attente d'analyse Agent - Dossier avec erreurs;Signature Contrat;245.80
327;30/05/2026 09:33:58;;Souscription en cours;Coordonnées personnelles;971.30
328;30/05/2026 09:33:58;;Souscription en cours;Coordonnées personnelles;717.04
329;30/05/2026 09:33:02;;Souscription en cours;Coordonnées personnelles;154.84
330;30/05/2026 09:33:02;;Souscription en cours;Coordonnées personnelles;918.15
331;30/05/2026 09:12:02;;En attente d'analyse Agent - Dossier avec erreurs;Signature Contrat;538.42
332;30/05/2026 09:12:02;;En attente d'analyse Agent - Dossier avec erreurs;Signature Contrat;512.88
333;30/05/2026 09:01:43;;Souscription en cours;Signature Contrat;545.62
334;30/05/2026 09:01:43;;Souscription en cours;Signature Contrat;888.88
335;30/05/2026 08:21:39;;En attente d'analyse Agent - Dossier avec erreurs;Signature Contrat;374.69
336;30/05/2026 08:21:39;;En attente d'analyse Agent - Dossier avec erreurs;Signature Contrat;673.23
337;30/05/2026 07:04:04;;Souscription en cours;Bénéficiaire effectifs;131.94
338;30/05/2026 07:04:04;;Souscription en cours;Bénéficiaire effectifs;557.49
339;30/05/2026 05:39:37;;Souscription en cours;Choix de l'offre et livraison;575.59
340;30/05/2026 05:39:37;;Souscription en cours;Choix de l'offre et livraison;277.11
341;30/05/2026 02:55:51;;En attente d'analyse Agent - Dossier avec erreurs;Signature Contrat;478.42
342;30/05/2026 02:55:51;;En attente d'analyse Agent - Dossier avec erreurs;Signature Contrat;595.75
343;30/05/2026 01:46:20;;Souscription en cours;Choix de l'offre et livraison;337.21
344;30/05/2026 01:46:20;;Souscription en cours;Choix de l'offre et livraison;601.89
345;30/05/2026 01:19:56;;Dossier validé;Parcours terminé;876.65
346;30/05/2026 01:19:56;;Dossier validé;Parcours terminé;182.30
347;30/05/2026 01:19:17;;Souscription en cours;Coordonnées personnelles;721.70
348;30/05/2026 01:19:17;;Souscription en cours;Coordonnées personnelles;214.56
349;30/05/2026 01:10:29;;Souscription non démarrée;Parcours non démarré;281.53
350;30/05/2026 01:10:29;;Souscription non démarrée;Parcours non démarré;283.91
351;30/05/2026 00:47:47;;Souscription en cours;Informations complémentaires (CA, Profession, etc.);630.32
352;30/05/2026 00:47:47;;Souscription en cours;Informations complémentaires (CA, Profession, etc.);276.19
353;30/05/2026 00:46:45;;Souscription en cours;Coordonnées personnelles;577.07
354;30/05/2026 00:46:45;;Souscription en cours;Coordonnées personnelles;298.18
355;30/05/2026 00:32:56;;Dossier refusé;Saisie société;210.44
356;30/05/2026 00:32:56;;Dossier refusé;Saisie société;242.29
357;30/05/2026 00:28:21;;Souscription en cours;Choix de l'offre et livraison;480.36
358;30/05/2026 00:28:21;;Souscription en cours;Choix de l'offre et livraison;480.45
359;30/05/2026 00:16:00;;Souscription en cours;Informations complémentaires (CA, Profession, etc.);432.08
360;30/05/2026 00:16:00;;Souscription en cours;Informations complémentaires (CA, Profession, etc.);987.68
361;29/05/2026 23:58:57;;En attente d'analyse Agent - Dossier avec erreurs;Signature Contrat;789.43
362;29/05/2026 23:58:57;;En attente d'analyse Agent - Dossier avec erreurs;Signature Contrat;802.31
363;29/05/2026 23:51:03;;Souscription en cours;Signature Contrat;375.84
364;29/05/2026 23:51:03;;Souscription en cours;Signature Contrat;642.49
365;29/05/2026 23:35:41;;Souscription en cours;Vérification d'identité;342.84
366;29/05/2026 23:35:41;;Souscription en cours;Vérification d'identité;928.83
367;29/05/2026 23:27:27;;En attente d'analyse Agent - Dossier avec erreurs;Signature Contrat;240.56
368;29/05/2026 23:27:27;;En attente d'analyse Agent - Dossier avec erreurs;Signature Contrat;474.64
369;29/05/2026 23:15:17;;Souscription en cours;Coordonnées personnelles;315.08
370;29/05/2026 23:15:17;;Souscription en cours;Coordonnées personnelles;401.74
371;29/05/2026 22:56:45;;Souscription en cours;Coordonnées personnelles;684.99
372;29/05/2026 22:56:45;;Souscription en cours;Coordonnées personnelles;660.83
373;29/05/2026 22:39:41;;Souscription en cours;Coordonnées personnelles;781.92
374;29/05/2026 22:39:41;;Souscription en cours;Coordonnées personnelles;986.31
375;29/05/2026 22:30:55;;Souscription en cours;Coordonnées personnelles;333.40
376;29/05/2026 22:30:55;;Souscription en cours;Coordonnées personnelles;414.78
377;29/05/2026 22:18:50;;Souscription en cours;Signature Contrat;216.67
378;29/05/2026 22:18:50;;Souscription en cours;Signature Contrat;128.78
379;29/05/2026 22:02:38;;Souscription en cours;Signature Contrat;840.96
380;29/05/2026 22:02:38;;Souscription en cours;Signature Contrat;550.51
381;29/05/2026 21:57:19;;Dossier validé;Parcours terminé;849.51
382;29/05/2026 21:57:19;;Dossier validé;Parcours terminé;222.72
383;29/05/2026 21:47:55;;Souscription en cours;Choix de l'offre et livraison;175.55
384;29/05/2026 21:47:55;;Souscription en cours;Choix de l'offre et livraison;169.84
385;29/05/2026 21:43:43;;Souscription non démarrée;Parcours non démarré;665.82
386;29/05/2026 21:43:43;;Souscription non démarrée;Parcours non démarré;943.62
387;29/05/2026 21:42:46;;Dossier validé;Parcours terminé;229.86
388;29/05/2026 21:42:46;;Dossier validé;Parcours terminé;207.60
389;29/05/2026 21:03:08;;Dossier refusé;Parcours terminé;271.70
390;29/05/2026 21:03:08;;Dossier refusé;Parcours terminé;239.80
391;29/05/2026 20:59:09;;Souscription en cours;Coordonnées personnelles;654.59
392;29/05/2026 20:59:09;;Souscription en cours;Coordonnées personnelles;873.20
393;29/05/2026 20:48:18;;Dossier refusé;Bénéficiaire effectifs;211.92
394;29/05/2026 20:48:18;;Dossier refusé;Bénéficiaire effectifs;929.84
395;29/05/2026 20:47:28;;Dossier refusé;Signature Contrat;826.80
396;29/05/2026 20:47:28;;Dossier refusé;Signature Contrat;862.35
397;29/05/2026 20:46:54;;Souscription en cours;Choix de l'offre et livraison;845.83
398;29/05/2026 20:46:54;;Souscription en cours;Choix de l'offre et livraison;975.59
399;29/05/2026 20:18:24;;En attente d'analyse Agent - Dossier avec erreurs;Signature Contrat;821.27
400;29/05/2026 20:18:24;;En attente d'analyse Agent - Dossier avec erreurs;Signature Contrat;940.54
401;29/05/2026 20:14:41;;Dossier refusé;Informations complémentaires (Etablissements, etc.);706.94
402;29/05/2026 20:14:41;;Dossier refusé;Informations complémentaires (Etablissements, etc.);449.07
403;29/05/2026 19:56:02;;Dossier refusé;Signature Contrat;237.38
404;29/05/2026 19:56:02;;Dossier refusé;Signature Contrat;567.65
405;29/05/2026 19:49:21;Zoé MULLER;Dossier refusé;Saisie société;333.41
406;29/05/2026 19:49:21;Zoé MULLER;Dossier refusé;Saisie société;929.46
407;29/05/2026 19:33:49;;En attente d'analyse Agent - Dossier avec erreurs;Signature Contrat;980.43
408;29/05/2026 19:33:49;;En attente d'analyse Agent - Dossier avec erreurs;Signature Contrat;704.03
409;29/05/2026 19:09:29;;En attente d'analyse Agent - Dossier avec erreurs;Signature Contrat;131.04
410;29/05/2026 19:09:29;;En attente d'analyse Agent - Dossier avec erreurs;Signature Contrat;552.59
411;29/05/2026 19:02:29;;Dossier validé;Parcours terminé;811.47
412;29/05/2026 19:02:29;;Dossier validé;Parcours terminé;865.29
413;29/05/2026 18:58:25;;Souscription non démarrée;Parcours non démarré;592.37
414;29/05/2026 18:58:25;;Souscription non démarrée;Parcours non démarré;743.51
415;29/05/2026 18:53:22;;Souscription en cours;Signature Contrat;284.41
416;29/05/2026 18:53:22;;Souscription en cours;Signature Contrat;298.78
417;29/05/2026 18:53:17;;Dossier validé;Parcours terminé;276.73
418;29/05/2026 18:53:17;;Dossier validé;Parcours terminé;413.92
419;29/05/2026 18:49:54;;En attente d'analyse Agent - Dossier avec erreurs;Signature Contrat;668.67
420;29/05/2026 18:49:54;;En attente d'analyse Agent - Dossier avec erreurs;Signature Contrat;146.90
421;29/05/2026 18:43:58;;Souscription en cours;Signature Contrat;896.07
422;29/05/2026 18:43:58;;Souscription en cours;Signature Contrat;114.23
423;29/05/2026 18:43:02;;Dossier validé;Parcours terminé;227.36
424;29/05/2026 18:43:02;;Dossier validé;Parcours terminé;580.42
425;29/05/2026 18:37:49;;Souscription en cours;Coordonnées personnelles;351.87
426;29/05/2026 18:37:49;;Souscription en cours;Coordonnées personnelles;655.58
427;29/05/2026 18:31:18;;Souscription en cours;Vérification d'identité;925.94
428;29/05/2026 18:31:18;;Souscription en cours;Vérification d'identité;959.02
429;29/05/2026 18:25:52;;Dossier validé;Parcours terminé;780.90
430;29/05/2026 18:25:52;;Dossier validé;Parcours terminé;583.28
431;29/05/2026 18:23:36;;Dossier refusé;Saisie société;397.29
432;29/05/2026 18:23:36;;Dossier refusé;Saisie société;672.16
433;29/05/2026 18:05:32;;Dossier validé;Parcours terminé;471.98
434;29/05/2026 18:05:32;;Dossier validé;Parcours terminé;488.84
435;29/05/2026 18:03:42;;Souscription en cours;Choix de l'offre et livraison;905.36
436;29/05/2026 18:03:42;;Souscription en cours;Choix de l'offre et livraison;333.50
437;29/05/2026 18:03:31;;Souscription en cours;Coordonnées personnelles;781.67
438;29/05/2026 18:03:31;;Souscription en cours;Coordonnées personnelles;790.71
439;29/05/2026 18:02:37;;Souscription en cours;Coordonnées personnelles;518.31
440;29/05/2026 18:02:37;;Souscription en cours;Coordonnées personnelles;446.91
441;29/05/2026 17:36:05;;Souscription en cours;Choix de l'offre et livraison;567.53
442;29/05/2026 17:36:05;;Souscription en cours;Choix de l'offre et livraison;703.01
443;29/05/2026 17:22:55;;Souscription en cours;Coordonnées personnelles;636.28
444;29/05/2026 17:22:55;;Souscription en cours;Coordonnées personnelles;279.22
445;29/05/2026 17:21:38;;Souscription non démarrée;Parcours non démarré;558.98
446;29/05/2026 17:21:38;;Souscription non démarrée;Parcours non démarré;673.00
447;29/05/2026 17:16:37;;Souscription non démarrée;Parcours non démarré;707.62
448;29/05/2026 17:16:37;;Souscription non démarrée;Parcours non démarré;115.62
449;29/05/2026 17:13:10;Hugo DUBOIS;Dossier refusé;Saisie société;931.35
450;29/05/2026 17:13:10;Hugo DUBOIS;Dossier refusé;Saisie société;426.29
451;29/05/2026 17:03:15;;Souscription en cours;Coordonnées personnelles;906.54
452;29/05/2026 17:03:15;;Souscription en cours;Coordonnées personnelles;732.44
453;29/05/2026 16:53:07;;Dossier refusé;Signature Contrat;176.01
454;29/05/2026 16:53:07;;Dossier refusé;Signature Contrat;865.74
455;29/05/2026 16:48:29;;Souscription en cours;Coordonnées personnelles;592.27
456;29/05/2026 16:48:29;;Souscription en cours;Coordonnées personnelles;267.12
457;29/05/2026 16:48:16;;En attente d'analyse Agent - Dossier avec erreurs;Signature Contrat;892.60
458;29/05/2026 16:48:16;;En attente d'analyse Agent - Dossier avec erreurs;Signature Contrat;883.67
459;29/05/2026 16:33:29;;Souscription en cours;Choix de l'offre et livraison;875.49
460;29/05/2026 16:33:29;;Souscription en cours;Choix de l'offre et livraison;762.17
461;29/05/2026 16:33:04;;Souscription non démarrée;Parcours non démarré;205.36
462;29/05/2026 16:33:04;;Souscription non démarrée;Parcours non démarré;850.35
463;29/05/2026 16:28:38;Hugo DUBOIS;Dossier validé;Parcours terminé;162.40
464;29/05/2026 16:28:38;Hugo DUBOIS;Dossier validé;Parcours terminé;537.56
465;29/05/2026 16:25:16;;Souscription en cours;Coordonnées personnelles;546.96
466;29/05/2026 16:25:16;;Souscription en cours;Coordonnées personnelles;782.64
467;29/05/2026 16:20:27;;Dossier validé;Parcours terminé;150.18
468;29/05/2026 16:20:27;;Dossier validé;Parcours terminé;236.70
469;29/05/2026 16:19:20;;Souscription en cours;Coordonnées personnelles;968.72
470;29/05/2026 16:19:20;;Souscription en cours;Coordonnées personnelles;141.71
471;29/05/2026 16:15:39;;En attente d'analyse Agent - Dossier avec erreurs;Signature Contrat;678.97
472;29/05/2026 16:15:39;;En attente d'analyse Agent - Dossier avec erreurs;Signature Contrat;552.98
473;29/05/2026 16:11:42;;Souscription en cours;Choix de l'offre et livraison;701.29
474;29/05/2026 16:11:42;;Souscription en cours;Choix de l'offre et livraison;957.41
475;29/05/2026 16:08:52;;Souscription en cours;Signature Contrat;285.22
476;29/05/2026 16:08:52;;Souscription en cours;Signature Contrat;302.03
477;29/05/2026 16:05:57;;Dossier validé;Parcours terminé;728.74
478;29/05/2026 16:05:57;;Dossier validé;Parcours terminé;358.20
479;29/05/2026 16:01:42;;Souscription en cours;Coordonnées personnelles;655.06
480;29/05/2026 16:01:42;;Souscription en cours;Coordonnées personnelles;974.79
481;29/05/2026 16:01:11;Hugo MARTIN;Dossier validé;Parcours terminé;371.11
482;29/05/2026 16:01:11;Hugo MARTIN;Dossier validé;Parcours terminé;861.71
483;29/05/2026 15:59:54;;En attente d'analyse Agent - Dossier avec erreurs;Signature Contrat;339.45
484;29/05/2026 15:59:54;;En attente d'analyse Agent - Dossier avec erreurs;Signature Contrat;315.99
485;29/05/2026 15:57:12;;Dossier validé;Parcours terminé;714.27
486;29/05/2026 15:57:12;;Dossier validé;Parcours terminé;983.46
487;29/05/2026 15:55:59;;Souscription en cours;Vérification d'identité;137.92
488;29/05/2026 15:55:59;;Souscription en cours;Vérification d'identité;764.67
489;29/05/2026 15:52:59;;En attente d'analyse Agent - Dossier avec erreurs;Signature Contrat;197.84
490;29/05/2026 15:52:59;;En attente d'analyse Agent - Dossier avec erreurs;Signature Contrat;494.12
491;29/05/2026 15:50:24;;Souscription en cours;Coordonnées personnelles;162.98
492;29/05/2026 15:50:24;;Souscription en cours;Coordonnées personnelles;854.05
493;29/05/2026 15:46:25;;Souscription en cours;Coordonnées personnelles;306.85
494;29/05/2026 15:46:25;;Souscription en cours;Coordonnées personnelles;374.69
495;29/05/2026 15:46:21;;Souscription en cours;Vérification d'identité;949.82
496;29/05/2026 15:46:21;;Souscription en cours;Vérification d'identité;453.85
497;29/05/2026 15:39:52;;En attente d'analyse Agent - Dossier avec erreurs;Signature Contrat;471.00
498;29/05/2026 15:39:52;;En attente d'analyse Agent - Dossier avec erreurs;Signature Contrat;600.69
499;29/05/2026 15:37:51;;Souscription en cours;Coordonnées personnelles;725.61
500;29/05/2026 15:37:51;;Souscription en cours;Coordonnées personnelles;614.61
501;29/05/2026 15:27:07;;Souscription en cours;Coordonnées personnelles;950.55
502;29/05/2026 15:27:07;;Souscription en cours;Coordonnées personnelles;837.67
503;29/05/2026 15:24:02;;Souscription en cours;Signature Contrat;237.05
504;29/05/2026 15:24:02;;Souscription en cours;Signature Contrat;258.06
505;29/05/2026 15:17:31;;Souscription en cours;Coordonnées personnelles;774.73
506;29/05/2026 15:17:31;;Souscription en cours;Coordonnées personnelles;518.76
507;29/05/2026 15:02:22;;Souscription non démarrée;Parcours non démarré;304.60
508;29/05/2026 15:02:22;;Souscription non démarrée;Parcours non démarré;173.69
509;29/05/2026 14:59:30;;Souscription non démarrée;Parcours non démarré;568.21
510;29/05/2026 14:59:30;;Souscription non démarrée;Parcours non démarré;739.90
511;29/05/2026 14:53:57;;En attente d'analyse Agent - Dossier avec erreurs;Signature Contrat;756.51
512;29/05/2026 14:53:57;;En attente d'analyse Agent - Dossier avec erreurs;Signature Contrat;765.85
513;29/05/2026 14:46:38;Hugo MARTIN;Dossier validé;Parcours terminé;628.88
514;29/05/2026 14:46:38;Hugo MARTIN;Dossier validé;Parcours terminé;215.66
515;29/05/2026 14:45:57;;Souscription en cours;Coordonnées personnelles;295.31
516;29/05/2026 14:45:57;;Souscription en cours;Coordonnées personnelles;886.07
517;29/05/2026 14:44:09;;Souscription en cours;Choix de l'offre et livraison;140.03
518;29/05/2026 14:44:09;;Souscription en cours;Choix de l'offre et livraison;580.72
519;29/05/2026 14:41:25;;Dossier refusé;Signature Contrat;897.82
520;29/05/2026 14:41:25;;Dossier refusé;Signature Contrat;922.76
521;29/05/2026 14:40:52;;Dossier validé;Parcours terminé;599.85
522;29/05/2026 14:40:52;;Dossier validé;Parcours terminé;467.08
523;29/05/2026 14:40:46;;Dossier refusé;Saisie société;386.37
524;29/05/2026 14:40:46;;Dossier refusé;Saisie société;193.78
525;29/05/2026 14:34:59;;Souscription non démarrée;Parcours non démarré;265.40
526;29/05/2026 14:34:59;;Souscription non démarrée;Parcours non démarré;376.23
527;29/05/2026 14:31:15;;Dossier refusé;Signature Contrat;347.77
528;29/05/2026 14:31:15;;Dossier refusé;Signature Contrat;264.90
529;29/05/2026 14:27:47;;En attente d'analyse Agent - Dossier avec erreurs;Signature Contrat;826.04
530;29/05/2026 14:27:47;;En attente d'analyse Agent - Dossier avec erreurs;Signature Contrat;575.41
531;29/05/2026 14:25:54;Rayan MICHEL;Dossier validé;Parcours terminé;232.39
532;29/05/2026 14:25:54;Rayan MICHEL;Dossier validé;Parcours terminé;968.02
533;29/05/2026 14:22:57;;Souscription en cours;Coordonnées personnelles;461.82
534;29/05/2026 14:22:57;;Souscription en cours;Coordonnées personnelles;910.70
535;29/05/2026 14:21:55;;Souscription en cours;Coordonnées personnelles;428.18
536;29/05/2026 14:21:55;;Souscription en cours;Coordonnées personnelles;233.24
537;29/05/2026 14:17:50;;Souscription en cours;Signature Contrat;145.41
538;29/05/2026 14:17:50;;Souscription en cours;Signature Contrat;241.92
539;29/05/2026 14:09:18;;Dossier validé;Parcours terminé;523.53
540;29/05/2026 14:09:18;;Dossier validé;Parcours terminé;213.56
541;29/05/2026 14:09:17;;Souscription en cours;Informations complémentaires (CA, Profession, etc.);428.39
542;29/05/2026 14:09:17;;Souscription en cours;Informations complémentaires (CA, Profession, etc.);777.47
543;29/05/2026 14:08:36;;Souscription non démarrée;Parcours non démarré;251.11
544;29/05/2026 14:08:36;;Souscription non démarrée;Parcours non démarré;881.86
545;29/05/2026 14:08:33;;Dossier validé;Parcours terminé;436.69
546;29/05/2026 14:08:33;;Dossier validé;Parcours terminé;794.42
547;29/05/2026 14:01:46;;Souscription en cours;Coordonnées personnelles;588.17
548;29/05/2026 14:01:46;;Souscription en cours;Coordonnées personnelles;249.38
549;29/05/2026 13:52:22;;Souscription en cours;Coordonnées personnelles;995.71
550;29/05/2026 13:52:22;;Souscription en cours;Coordonnées personnelles;425.13
551;29/05/2026 13:50:32;;Dossier validé;Parcours terminé;799.96
552;29/05/2026 13:50:32;;Dossier validé;Parcours terminé;285.81
553;29/05/2026 13:48:47;;Souscription en cours;Vérification d'identité;565.74
554;29/05/2026 13:48:47;;Souscription en cours;Vérification d'identité;964.17
555;29/05/2026 13:47:09;;Souscription en cours;Coordonnées personnelles;792.78
556;29/05/2026 13:47:09;;Souscription en cours;Coordonnées personnelles;487.84
557;29/05/2026 13:46:03;;Souscription en cours;Signature Contrat;926.79
558;29/05/2026 13:46:03;;Souscription en cours;Signature Contrat;215.65
559;29/05/2026 13:43:44;;Souscription en cours;Synchronisation référentiel personne NOVA;420.67
560;29/05/2026 13:43:44;;Souscription en cours;Synchronisation référentiel personne NOVA;309.34
561;29/05/2026 13:41:00;;En attente d'analyse Agent - Dossier avec erreurs;Signature Contrat;588.31
562;29/05/2026 13:41:00;;En attente d'analyse Agent - Dossier avec erreurs;Signature Contrat;938.70
563;29/05/2026 13:36:58;;Souscription en cours;Choix de l'offre et livraison;999.42
564;29/05/2026 13:36:58;;Souscription en cours;Choix de l'offre et livraison;664.12
565;29/05/2026 13:36:45;;Souscription en cours;Coordonnées personnelles;614.58
566;29/05/2026 13:36:45;;Souscription en cours;Coordonnées personnelles;454.47
567;29/05/2026 13:31:28;;En attente d'analyse Agent - Dossier avec erreurs;Signature Contrat;841.08
568;29/05/2026 13:31:28;;En attente d'analyse Agent - Dossier avec erreurs;Signature Contrat;348.54
569;29/05/2026 13:25:32;;En attente d'analyse Agent - Dossier avec erreurs;Signature Contrat;748.11
570;29/05/2026 13:25:32;;En attente d'analyse Agent - Dossier avec erreurs;Signature Contrat;170.54
571;29/05/2026 13:12:54;;En attente d'analyse Agent - Dossier avec erreurs;Signature Contrat;838.95
572;29/05/2026 13:12:54;;En attente d'analyse Agent - Dossier avec erreurs;Signature Contrat;931.92
573;29/05/2026 13:11:29;;Dossier refusé;Signature Contrat;334.34
574;29/05/2026 13:11:29;;Dossier refusé;Signature Contrat;672.44
575;29/05/2026 13:06:17;;Souscription en cours;Signature Contrat;379.36
576;29/05/2026 13:06:17;;Souscription en cours;Signature Contrat;637.76
577;29/05/2026 13:05:04;;En attente d'analyse Agent - Dossier avec erreurs;Signature Contrat;869.99
578;29/05/2026 13:05:04;;En attente d'analyse Agent - Dossier avec erreurs;Signature Contrat;231.20
579;29/05/2026 12:59:34;;Dossier refusé;Choix de l'offre et livraison;106.38
580;29/05/2026 12:59:34;;Dossier refusé;Choix de l'offre et livraison;363.73
581;29/05/2026 12:58:35;;En attente d'analyse Agent - Dossier avec erreurs;Signature Contrat;308.31
582;29/05/2026 12:58:35;;En attente d'analyse Agent - Dossier avec erreurs;Signature Contrat;961.87
583;29/05/2026 12:47:38;;Dossier validé;Parcours terminé;785.37
584;29/05/2026 12:47:38;;Dossier validé;Parcours terminé;897.72
585;29/05/2026 12:35:26;;Dossier validé;Parcours terminé;414.20
586;29/05/2026 12:35:26;;Dossier validé;Parcours terminé;913.99
587;29/05/2026 12:29:20;;Souscription en cours;Coordonnées personnelles;458.78
588;29/05/2026 12:29:20;;Souscription en cours;Coordonnées personnelles;160.81
589;29/05/2026 12:27:20;;Souscription en cours;Choix de l'offre et livraison;420.78
590;29/05/2026 12:27:20;;Souscription en cours;Choix de l'offre et livraison;420.12
591;29/05/2026 12:27:19;Louis MARTIN;Dossier refusé;Signature Contrat;241.97
592;29/05/2026 12:27:19;Louis MARTIN;Dossier refusé;Signature Contrat;378.95
593;29/05/2026 12:27:17;;Dossier validé;Parcours terminé;204.15
594;29/05/2026 12:27:17;;Dossier validé;Parcours terminé;803.85
595;29/05/2026 12:18:09;;Souscription en cours;Choix de l'offre et livraison;184.73
596;29/05/2026 12:18:09;;Souscription en cours;Choix de l'offre et livraison;709.21
597;29/05/2026 12:16:58;;Souscription en cours;Signature Contrat;875.22
598;29/05/2026 12:16:58;;Souscription en cours;Signature Contrat;742.53
599;29/05/2026 12:16:01;;Souscription en cours;Signature Contrat;702.15
600;29/05/2026 12:16:01;;Souscription en cours;Signature Contrat;360.67
601;29/05/2026 12:08:51;;Souscription non démarrée;Parcours non démarré;982.62
602;29/05/2026 12:08:51;;Souscription non démarrée;Parcours non démarré;954.35
603;29/05/2026 12:08:41;;Souscription en cours;Choix de l'offre et livraison;884.14
604;29/05/2026 12:08:41;;Souscription en cours;Choix de l'offre et livraison;411.02
605;29/05/2026 12:00:15;;En attente d'analyse Agent - Dossier avec erreurs;Signature Contrat;256.87
606;29/05/2026 12:00:15;;En attente d'analyse Agent - Dossier avec erreurs;Signature Contrat;767.24
607;29/05/2026 11:57:10;;Dossier refusé;Saisie société;201.78
608;29/05/2026 11:57:10;;Dossier refusé;Saisie société;233.47
609;29/05/2026 11:44:14;;Dossier validé;Parcours terminé;397.86
610;29/05/2026 11:44:14;;Dossier validé;Parcours terminé;346.46
611;29/05/2026 11:44:07;;Souscription en cours;Coordonnées personnelles;800.92
612;29/05/2026 11:44:07;;Souscription en cours;Coordonnées personnelles;183.77
613;29/05/2026 11:42:52;;Souscription en cours;Informations complémentaires (Etablissements, etc.);962.15
614;29/05/2026 11:42:52;;Souscription en cours;Informations complémentaires (Etablissements, etc.);308.95
615;29/05/2026 11:33:47;;Souscription non démarrée;Parcours non démarré;564.58
616;29/05/2026 11:33:47;;Souscription non démarrée;Parcours non démarré;588.37
617;29/05/2026 11:31:07;;Dossier validé;Parcours terminé;251.72
618;29/05/2026 11:31:07;;Dossier validé;Parcours terminé;671.56
619;29/05/2026 11:26:08;;En attente d'analyse Agent - Dossier avec erreurs;Signature Contrat;890.08
620;29/05/2026 11:26:08;;En attente d'analyse Agent - Dossier avec erreurs;Signature Contrat;484.49
621;29/05/2026 11:24:44;;En attente d'analyse Agent - Dossier avec erreurs;Signature Contrat;190.67
622;29/05/2026 11:24:44;;En attente d'analyse Agent - Dossier avec erreurs;Signature Contrat;561.53
623;29/05/2026 11:24:12;;Dossier validé;Parcours terminé;952.24
624;29/05/2026 11:24:12;;Dossier validé;Parcours terminé;103.02
625;29/05/2026 11:21:16;;Souscription en cours;Choix de l'offre et livraison;952.47
626;29/05/2026 11:21:16;;Souscription en cours;Choix de l'offre et livraison;307.43
627;29/05/2026 11:13:09;;Souscription en cours;Coordonnées personnelles;396.62
628;29/05/2026 11:13:09;;Souscription en cours;Coordonnées personnelles;936.84
629;29/05/2026 11:00:30;;Souscription en cours;Coordonnées personnelles;672.26
630;29/05/2026 11:00:30;;Souscription en cours;Coordonnées personnelles;245.86
631;29/05/2026 10:54:23;;Souscription en cours;Coordonnées personnelles;425.81
632;29/05/2026 10:54:23;;Souscription en cours;Coordonnées personnelles;755.56
633;29/05/2026 10:45:50;;Dossier validé;Parcours terminé;448.12
634;29/05/2026 10:45:50;;Dossier validé;Parcours terminé;223.73
635;29/05/2026 10:40:32;;Souscription en cours;Choix de l'offre et livraison;131.15
636;29/05/2026 10:40:32;;Souscription en cours;Choix de l'offre et livraison;607.46
637;29/05/2026 10:39:16;;Souscription en cours;Coordonnées personnelles;462.40
638;29/05/2026 10:39:16;;Souscription en cours;Coordonnées personnelles;903.91
639;29/05/2026 10:37:01;;Dossier validé;Parcours terminé;437.80
640;29/05/2026 10:37:01;;Dossier validé;Parcours terminé;727.59
641;29/05/2026 10:35:23;;Dossier validé;Parcours terminé;802.54
642;29/05/2026 10:35:23;;Dossier validé;Parcours terminé;839.81
643;29/05/2026 10:15:28;;Souscription en cours;Coordonnées personnelles;870.54
644;29/05/2026 10:15:28;;Souscription en cours;Coordonnées personnelles;466.69
645;29/05/2026 10:15:10;;Souscription en cours;Signature Contrat;554.18
646;29/05/2026 10:15:10;;Souscription en cours;Signature Contrat;779.72
647;29/05/2026 10:12:08;;Souscription en cours;Bénéficiaire effectifs;570.85
648;29/05/2026 10:12:08;;Souscription en cours;Bénéficiaire effectifs;341.81
649;29/05/2026 10:11:15;;Dossier refusé;Signature Contrat;755.41
650;29/05/2026 10:11:15;;Dossier refusé;Signature Contrat;455.62
651;29/05/2026 10:07:44;;Souscription en cours;Coordonnées personnelles;782.20
652;29/05/2026 10:07:44;;Souscription en cours;Coordonnées personnelles;525.03
653;29/05/2026 10:07:05;;Souscription en cours;Bénéficiaire effectifs;573.75
654;29/05/2026 10:07:05;;Souscription en cours;Bénéficiaire effectifs;834.67
655;29/05/2026 10:06:11;;Dossier validé;Parcours terminé;537.91
656;29/05/2026 10:06:11;;Dossier validé;Parcours terminé;461.29
657;29/05/2026 10:01:37;;Dossier refusé;Informations complémentaires (Etablissements, etc.);267.39
658;29/05/2026 10:01:37;;Dossier refusé;Informations complémentaires (Etablissements, etc.);614.90
659;29/05/2026 09:32:54;;Souscription en cours;Choix de l'offre et livraison;306.73
660;29/05/2026 09:32:54;;Souscription en cours;Choix de l'offre et livraison;105.27
661;29/05/2026 09:32:33;Hugo DUBOIS;Dossier validé;Parcours terminé;393.20
662;29/05/2026 09:32:33;Hugo DUBOIS;Dossier validé;Parcours terminé;936.44
663;29/05/2026 09:28:35;;Dossier refusé;Saisie société;101.39
664;29/05/2026 09:28:35;;Dossier refusé;Saisie société;987.58
665;29/05/2026 09:27:11;;Souscription en cours;Choix de l'offre et livraison;813.87
666;29/05/2026 09:27:11;;Souscription en cours;Choix de l'offre et livraison;915.11
667;29/05/2026 09:23:44;;Souscription en cours;Informations complémentaires (CA, Profession, etc.);668.08
668;29/05/2026 09:23:44;;Souscription en cours;Informations complémentaires (CA, Profession, etc.);199.29
669;29/05/2026 09:09:45;;Souscription en cours;Coordonnées personnelles;154.73
670;29/05/2026 09:09:45;;Souscription en cours;Coordonnées personnelles;180.11
671;29/05/2026 09:06:14;;Souscription en cours;Coordonnées personnelles;812.05
672;29/05/2026 09:06:14;;Souscription en cours;Coordonnées personnelles;396.62
673;29/05/2026 08:48:57;;Dossier validé;Parcours terminé;435.63
674;29/05/2026 08:48:57;;Dossier validé;Parcours terminé;586.46
675;29/05/2026 08:31:28;;Souscription en cours;Choix de l'offre et livraison;825.24
676;29/05/2026 08:31:28;;Souscription en cours;Choix de l'offre et livraison;637.51
677;29/05/2026 07:43:55;;Dossier validé;Parcours terminé;810.78
678;29/05/2026 07:43:55;;Dossier validé;Parcours terminé;999.87
679;29/05/2026 07:15:52;;Dossier refusé;Signature Contrat;636.80
680;29/05/2026 07:15:52;;Dossier refusé;Signature Contrat;187.77
681;29/05/2026 06:46:45;;En attente d'analyse Agent - Dossier avec erreurs;Signature Contrat;878.71
682;29/05/2026 06:46:45;;En attente d'analyse Agent - Dossier avec erreurs;Signature Contrat;481.19
683;29/05/2026 05:49:12;;Souscription en cours;Signature Contrat;722.22
684;29/05/2026 05:49:12;;Souscription en cours;Signature Contrat;339.25
685;29/05/2026 04:17:35;;Souscription non démarrée;Parcours non démarré;506.94
686;29/05/2026 04:17:35;;Souscription non démarrée;Parcours non démarré;669.82
687;29/05/2026 03:36:42;;Souscription non démarrée;Parcours non démarré;599.78
688;29/05/2026 03:36:42;;Souscription non démarrée;Parcours non démarré;112.45
689;29/05/2026 02:52:27;Z5735392;Dossier validé;Parcours terminé;397.63
690;29/05/2026 02:52:27;Z5735392;Dossier validé;Parcours terminé;105.37
691;29/05/2026 02:31:00;;Dossier validé;Parcours terminé;657.51
692;29/05/2026 02:31:00;;Dossier validé;Parcours terminé;132.06
693;29/05/2026 02:10:06;;Souscription en cours;Coordonnées personnelles;875.80
694;29/05/2026 02:10:06;;Souscription en cours;Coordonnées personnelles;586.18
695;29/05/2026 01:32:42;;Souscription en cours;Choix de l'offre et livraison;463.90
696;29/05/2026 01:32:42;;Souscription en cours;Choix de l'offre et livraison;414.04
697;29/05/2026 01:30:47;;Souscription en cours;Signature Contrat;862.63
698;29/05/2026 01:30:47;;Souscription en cours;Signature Contrat;606.07
699;29/05/2026 01:20:41;;Souscription en cours;Signature Contrat;775.72
700;29/05/2026 01:20:41;;Souscription en cours;Signature Contrat;538.54
701;29/05/2026 01:11:31;;Dossier refusé;Saisie société;259.36
702;29/05/2026 01:11:31;;Dossier refusé;Saisie société;571.82
703;29/05/2026 00:57:12;;Dossier validé;Parcours terminé;588.09
704;29/05/2026 00:57:12;;Dossier validé;Parcours terminé;926.84
705;29/05/2026 00:56:13;;Dossier validé;Parcours terminé;458.32
706;29/05/2026 00:56:13;;Dossier validé;Parcours terminé;523.36
707;29/05/2026 00:56:04;;En attente d'analyse Agent - Dossier avec erreurs;Signature Contrat;538.37
708;29/05/2026 00:56:04;;En attente d'analyse Agent - Dossier avec erreurs;Signature Contrat;801.28
709;29/05/2026 00:47:48;;Dossier validé;Parcours terminé;966.68
710;29/05/2026 00:47:48;;Dossier validé;Parcours terminé;511.44
711;29/05/2026 00:32:32;;Souscription en cours;Coordonnées personnelles;323.20
712;29/05/2026 00:32:32;;Souscription en cours;Coordonnées personnelles;370.36
713;29/05/2026 00:27:38;;Souscription en cours;Coordonnées personnelles;594.95
714;29/05/2026 00:27:38;;Souscription en cours;Coordonnées personnelles;392.63
715;29/05/2026 00:22:40;;Dossier validé;Parcours terminé;516.43
716;29/05/2026 00:22:40;;Dossier validé;Parcours terminé;580.93
717;28/05/2026 23:56:53;;Souscription en cours;Coordonnées personnelles;610.97
718;28/05/2026 23:56:53;;Souscription en cours;Coordonnées personnelles;195.12
719;28/05/2026 23:52:23;;Dossier validé;Parcours terminé;750.81
720;28/05/2026 23:52:23;;Dossier validé;Parcours terminé;382.47
721;28/05/2026 23:41:17;Louis MARTIN;Dossier validé;Parcours terminé;814.78
722;28/05/2026 23:41:17;Louis MARTIN;Dossier validé;Parcours terminé;357.55
723;28/05/2026 23:38:39;;Dossier validé;Parcours terminé;932.92
724;28/05/2026 23:38:39;;Dossier validé;Parcours terminé;262.55
725;28/05/2026 23:28:56;;Dossier validé;Parcours terminé;572.69
726;28/05/2026 23:28:56;;Dossier validé;Parcours terminé;443.40
727;28/05/2026 23:10:41;;Souscription en cours;Synchronisation référentiel personne NOVA;917.48
728;28/05/2026 23:10:41;;Souscription en cours;Synchronisation référentiel personne NOVA;368.17
729;28/05/2026 22:55:46;;Souscription non démarrée;Parcours non démarré;791.38
730;28/05/2026 22:55:46;;Souscription non démarrée;Parcours non démarré;466.61
731;28/05/2026 22:53:41;;Souscription en cours;Informations complémentaires (CA, Profession, etc.);103.99
732;28/05/2026 22:53:41;;Souscription en cours;Informations complémentaires (CA, Profession, etc.);953.38
733;28/05/2026 22:51:52;;Souscription en cours;Coordonnées personnelles;817.45
734;28/05/2026 22:51:52;;Souscription en cours;Coordonnées personnelles;331.08
735;28/05/2026 22:49:22;;En attente d'analyse Agent - Dossier avec erreurs;Signature Contrat;454.31
736;28/05/2026 22:49:22;;En attente d'analyse Agent - Dossier avec erreurs;Signature Contrat;604.08
737;28/05/2026 22:47:15;;En attente d'analyse Agent - Dossier avec erreurs;Signature Contrat;546.83
738;28/05/2026 22:47:15;;En attente d'analyse Agent - Dossier avec erreurs;Signature Contrat;895.10
739;28/05/2026 22:32:49;;Souscription en cours;Coordonnées personnelles;299.31
740;28/05/2026 22:32:49;;Souscription en cours;Coordonnées personnelles;369.39
741;28/05/2026 22:32:39;;Dossier validé;Parcours terminé;754.89
742;28/05/2026 22:32:39;;Dossier validé;Parcours terminé;130.61
743;28/05/2026 22:22:39;;Dossier validé;Parcours terminé;990.76
744;28/05/2026 22:22:39;;Dossier validé;Parcours terminé;969.38
745;28/05/2026 22:10:50;;Souscription en cours;Bénéficiaire effectifs;328.43
746;28/05/2026 22:10:50;;Souscription en cours;Bénéficiaire effectifs;847.37
747;28/05/2026 21:56:29;;Dossier validé;Parcours terminé;325.61
748;28/05/2026 21:56:29;;Dossier validé;Parcours terminé;513.96
749;28/05/2026 21:52:22;;Dossier validé;Parcours terminé;579.45
750;28/05/2026 21:52:22;;Dossier validé;Parcours terminé;518.11
751;28/05/2026 21:44:42;;Dossier validé;Parcours terminé;732.47
752;28/05/2026 21:44:42;;Dossier validé;Parcours terminé;347.56
753;28/05/2026 21:33:42;;Souscription non démarrée;Parcours non démarré;232.28
754;28/05/2026 21:33:42;;Souscription non démarrée;Parcours non démarré;547.75
755;28/05/2026 21:31:46;;Souscription non démarrée;Parcours non démarré;317.14
756;28/05/2026 21:31:46;;Souscription non démarrée;Parcours non démarré;487.94
757;28/05/2026 21:22:07;;Dossier refusé;Saisie société;469.02
758;28/05/2026 21:22:07;;Dossier refusé;Saisie société;782.50
759;28/05/2026 21:20:59;;Souscription en cours;Synchronisation référentiel personne NOVA;817.67
760;28/05/2026 21:20:59;;Souscription en cours;Synchronisation référentiel personne NOVA;731.74
761;28/05/2026 21:18:47;;En attente d'analyse Agent - Dossier avec erreurs;Signature Contrat;136.92
762;28/05/2026 21:18:47;;En attente d'analyse Agent - Dossier avec erreurs;Signature Contrat;404.16
763;28/05/2026 21:17:04;;Souscription en cours;Signature Contrat;506.56
764;28/05/2026 21:17:04;;Souscription en cours;Signature Contrat;305.48
765;28/05/2026 21:12:43;;Souscription non démarrée;Parcours non démarré;189.32
766;28/05/2026 21:12:43;;Souscription non démarrée;Parcours non démarré;711.96
767;28/05/2026 21:12:27;;Dossier validé;Parcours terminé;708.08
768;28/05/2026 21:12:27;;Dossier validé;Parcours terminé;221.55
769;28/05/2026 21:11:10;;Souscription en cours;Choix de l'offre et livraison;830.23
770;28/05/2026 21:11:10;;Souscription en cours;Choix de l'offre et livraison;187.70
771;28/05/2026 21:07:40;;En attente d'analyse Agent - Dossier avec erreurs;Signature Contrat;166.16
772;28/05/2026 21:07:40;;En attente d'analyse Agent - Dossier avec erreurs;Signature Contrat;336.51
773;28/05/2026 20:45:15;;Dossier validé;Parcours terminé;860.30
774;28/05/2026 20:45:15;;Dossier validé;Parcours terminé;828.09
775;28/05/2026 20:40:45;;Souscription en cours;Coordonnées personnelles;576.67
776;28/05/2026 20:40:45;;Souscription en cours;Coordonnées personnelles;463.08
777;28/05/2026 20:39:39;;Dossier validé;Parcours terminé;538.84
778;28/05/2026 20:39:39;;Dossier validé;Parcours terminé;571.92
779;28/05/2026 20:09:23;;Souscription en cours;Coordonnées personnelles;235.55
780;28/05/2026 20:09:23;;Souscription en cours;Coordonnées personnelles;226.16
781;28/05/2026 20:07:10;;Souscription en cours;Choix de l'offre et livraison;152.83
782;28/05/2026 20:07:10;;Souscription en cours;Choix de l'offre et livraison;992.59
783;28/05/2026 20:02:33;;Dossier refusé;Saisie société;768.31
784;28/05/2026 20:02:33;;Dossier refusé;Saisie société;874.96
785;28/05/2026 19:42:38;;Souscription en cours;Coordonnées personnelles;155.27
786;28/05/2026 19:42:38;;Souscription en cours;Coordonnées personnelles;212.41
787;28/05/2026 19:40:54;;Dossier validé;Parcours terminé;814.95
788;28/05/2026 19:40:54;;Dossier validé;Parcours terminé;999.26
789;28/05/2026 19:33:16;;Souscription en cours;Vérification d'identité;278.79
790;28/05/2026 19:33:16;;Souscription en cours;Vérification d'identité;485.96
791;28/05/2026 19:32:22;;Dossier validé;Parcours terminé;253.28
792;28/05/2026 19:32:22;;Dossier validé;Parcours terminé;211.70
793;28/05/2026 19:27:27;;Souscription en cours;Coordonnées personnelles;855.30
794;28/05/2026 19:27:27;;Souscription en cours;Coordonnées personnelles;884.81
795;28/05/2026 19:27:10;;Souscription en cours;Coordonnées personnelles;493.86
796;28/05/2026 19:27:10;;Souscription en cours;Coordonnées personnelles;412.42
797;28/05/2026 19:20:16;;Souscription en cours;Coordonnées personnelles;508.18
798;28/05/2026 19:20:16;;Souscription en cours;Coordonnées personnelles;143.67
799;28/05/2026 19:17:20;;Dossier validé;Parcours terminé;919.37
800;28/05/2026 19:17:20;;Dossier validé;Parcours terminé;766.95
801;28/05/2026 19:05:17;;Dossier validé;Parcours terminé;171.11
802;28/05/2026 19:05:17;;Dossier validé;Parcours terminé;998.03
803;28/05/2026 18:57:15;;Dossier validé;Parcours terminé;743.71
804;28/05/2026 18:57:15;;Dossier validé;Parcours terminé;688.34
805;28/05/2026 18:57:06;;Dossier validé;Parcours terminé;736.79
806;28/05/2026 18:57:06;;Dossier validé;Parcours terminé;683.69
807;28/05/2026 18:46:50;;En attente d'analyse Agent - Dossier avec erreurs;Signature Contrat;629.24
808;28/05/2026 18:46:50;;En attente d'analyse Agent - Dossier avec erreurs;Signature Contrat;291.69
809;28/05/2026 18:37:09;;Souscription en cours;Vérification d'identité;935.13
810;28/05/2026 18:37:09;;Souscription en cours;Vérification d'identité;630.47
811;28/05/2026 18:27:33;;Souscription en cours;Coordonnées personnelles;760.61
812;28/05/2026 18:27:33;;Souscription en cours;Coordonnées personnelles;932.40
813;28/05/2026 18:24:26;;Dossier refusé;Saisie société;470.72
814;28/05/2026 18:24:26;;Dossier refusé;Saisie société;417.43
815;28/05/2026 18:23:23;;Souscription non démarrée;Parcours non démarré;427.97
816;28/05/2026 18:23:23;;Souscription non démarrée;Parcours non démarré;528.63
817;28/05/2026 17:37:30;;Souscription en cours;Coordonnées personnelles;388.37
818;28/05/2026 17:37:30;;Souscription en cours;Coordonnées personnelles;777.71
819;28/05/2026 17:28:12;;Souscription non démarrée;Parcours non démarré;665.15
820;28/05/2026 17:28:12;;Souscription non démarrée;Parcours non démarré;161.83
821;28/05/2026 17:27:44;;Souscription en cours;Coordonnées personnelles;272.25
822;28/05/2026 17:27:44;;Souscription en cours;Coordonnées personnelles;326.22
823;28/05/2026 17:17:54;;Souscription non démarrée;Parcours non démarré;388.47
824;28/05/2026 17:17:54;;Souscription non démarrée;Parcours non démarré;538.53
825;28/05/2026 17:15:20;;Souscription en cours;Vérification d'identité;981.79
826;28/05/2026 17:15:20;;Souscription en cours;Vérification d'identité;275.53
827;28/05/2026 17:14:50;;Dossier validé;Parcours terminé;327.21
828;28/05/2026 17:14:50;;Dossier validé;Parcours terminé;922.19
829;28/05/2026 17:04:05;;Souscription en cours;Vérification d'identité;188.22
830;28/05/2026 17:04:05;;Souscription en cours;Vérification d'identité;895.32
831;28/05/2026 16:58:02;;Dossier refusé;Saisie société;891.70
832;28/05/2026 16:58:02;;Dossier refusé;Saisie société;465.20
833;28/05/2026 16:56:44;;Souscription en cours;Vérification d'identité;567.97
834;28/05/2026 16:56:44;;Souscription en cours;Vérification d'identité;451.90
835;28/05/2026 16:54:52;;Souscription en cours;Signature Contrat;911.18
836;28/05/2026 16:54:52;;Souscription en cours;Signature Contrat;368.96
837;28/05/2026 16:48:56;;Dossier refusé;Saisie société;790.80
838;28/05/2026 16:48:56;;Dossier refusé;Saisie société;156.03
839;28/05/2026 16:42:05;;Souscription en cours;Coordonnées personnelles;259.60
840;28/05/2026 16:42:05;;Souscription en cours;Coordonnées personnelles;716.89
841;28/05/2026 16:39:17;;Dossier validé;Parcours terminé;744.45
842;28/05/2026 16:39:17;;Dossier validé;Parcours terminé;525.58
843;28/05/2026 16:34:39;;Dossier validé;Parcours terminé;714.14
844;28/05/2026 16:34:39;;Dossier validé;Parcours terminé;815.23
845;28/05/2026 16:29:45;;Souscription non démarrée;Parcours non démarré;703.27
846;28/05/2026 16:29:45;;Souscription non démarrée;Parcours non démarré;447.23
847;28/05/2026 16:25:15;;Souscription non démarrée;Parcours non démarré;171.30
848;28/05/2026 16:25:15;;Souscription non démarrée;Parcours non démarré;541.51
849;28/05/2026 16:23:06;;Souscription en cours;Choix de l'offre et livraison;415.36
850;28/05/2026 16:23:06;;Souscription en cours;Choix de l'offre et livraison;371.17
851;28/05/2026 16:21:21;;Souscription en cours;Signature Contrat;797.87
852;28/05/2026 16:21:21;;Souscription en cours;Signature Contrat;529.70
853;28/05/2026 16:19:37;;Dossier validé;Parcours terminé;411.02
854;28/05/2026 16:19:37;;Dossier validé;Parcours terminé;159.20
855;28/05/2026 16:11:32;;Souscription en cours;Choix de l'offre et livraison;850.81
856;28/05/2026 16:11:32;;Souscription en cours;Choix de l'offre et livraison;609.91
857;28/05/2026 16:08:16;;Dossier validé;Parcours terminé;254.05
858;28/05/2026 16:08:16;;Dossier validé;Parcours terminé;802.49
859;28/05/2026 15:58:50;;Dossier validé;Parcours terminé;488.26
860;28/05/2026 15:58:50;;Dossier validé;Parcours terminé;475.29
861;28/05/2026 15:57:43;;Souscription non démarrée;Parcours non démarré;445.57
862;28/05/2026 15:57:43;;Souscription non démarrée;Parcours non démarré;528.27
863;28/05/2026 15:53:36;;Souscription en cours;Coordonnées personnelles;767.70
864;28/05/2026 15:53:36;;Souscription en cours;Coordonnées personnelles;636.42
865;28/05/2026 15:53:08;;Dossier validé;Parcours terminé;384.20
866;28/05/2026 15:53:08;;Dossier validé;Parcours terminé;299.21
867;28/05/2026 15:50:36;;Souscription en cours;Signature Contrat;546.79
868;28/05/2026 15:50:36;;Souscription en cours;Signature Contrat;153.64
869;28/05/2026 15:49:29;;Dossier validé;Parcours terminé;517.55
870;28/05/2026 15:49:29;;Dossier validé;Parcours terminé;647.43
871;28/05/2026 15:47:36;;Souscription en cours;Informations complémentaires (CA, Profession, etc.);492.09
872;28/05/2026 15:47:36;;Souscription en cours;Informations complémentaires (CA, Profession, etc.);587.77
873;28/05/2026 15:39:34;;Souscription en cours;Vérification d'identité;448.97
874;28/05/2026 15:39:34;;Souscription en cours;Vérification d'identité;354.03
875;28/05/2026 15:36:15;;Souscription en cours;Informations complémentaires (CA, Profession, etc.);745.96
876;28/05/2026 15:36:15;;Souscription en cours;Informations complémentaires (CA, Profession, etc.);472.27
877;28/05/2026 15:33:57;Inès MICHEL;Dossier refusé;Saisie société;908.28
878;28/05/2026 15:33:57;Inès MICHEL;Dossier refusé;Saisie société;708.06
879;28/05/2026 15:28:42;;Souscription en cours;Coordonnées personnelles;597.44
880;28/05/2026 15:28:42;;Souscription en cours;Coordonnées personnelles;132.29
881;28/05/2026 15:27:21;;Souscription en cours;Bénéficiaire effectifs;264.70
882;28/05/2026 15:27:21;;Souscription en cours;Bénéficiaire effectifs;798.63
883;28/05/2026 15:16:37;;Souscription non démarrée;Parcours non démarré;694.19
884;28/05/2026 15:16:37;;Souscription non démarrée;Parcours non démarré;524.51
885;28/05/2026 15:12:59;Hugo MARTIN;Dossier validé;Parcours terminé;817.76
886;28/05/2026 15:12:59;Hugo MARTIN;Dossier validé;Parcours terminé;345.83
887;28/05/2026 15:07:18;;Souscription non démarrée;Parcours non démarré;444.51
888;28/05/2026 15:07:18;;Souscription non démarrée;Parcours non démarré;824.38
889;28/05/2026 15:06:23;;Dossier validé;Parcours terminé;514.04
890;28/05/2026 15:06:23;;Dossier validé;Parcours terminé;298.98
891;28/05/2026 15:00:06;;Souscription non démarrée;Parcours non démarré;309.99
892;28/05/2026 15:00:06;;Souscription non démarrée;Parcours non démarré;387.54
893;28/05/2026 14:56:00;;Souscription en cours;Coordonnées personnelles;992.93
894;28/05/2026 14:56:00;;Souscription en cours;Coordonnées personnelles;765.59
895;28/05/2026 14:46:56;;En attente d'analyse Agent - Dossier avec erreurs;Signature Contrat;693.00
896;28/05/2026 14:46:56;;En attente d'analyse Agent - Dossier avec erreurs;Signature Contrat;750.74
897;28/05/2026 14:36:40;;En attente d'analyse Agent - Dossier avec erreurs;Signature Contrat;701.37
898;28/05/2026 14:36:40;;En attente d'analyse Agent - Dossier avec erreurs;Signature Contrat;437.17
899;28/05/2026 14:33:25;;Souscription en cours;Signature Contrat;133.93
900;28/05/2026 14:33:25;;Souscription en cours;Signature Contrat;254.82
901;28/05/2026 14:29:59;;Dossier validé;Parcours terminé;734.23
902;28/05/2026 14:29:59;;Dossier validé;Parcours terminé;218.26
903;28/05/2026 14:26:19;;Souscription en cours;Synchronisation référentiel personne NOVA;782.30
904;28/05/2026 14:26:19;;Souscription en cours;Synchronisation référentiel personne NOVA;613.90
905;28/05/2026 14:17:18;;Dossier refusé;Saisie société;773.39
906;28/05/2026 14:17:18;;Dossier refusé;Saisie société;251.39
907;28/05/2026 14:14:29;;En attente d'analyse Agent - Dossier avec erreurs;Signature Contrat;114.15
908;28/05/2026 14:14:29;;En attente d'analyse Agent - Dossier avec erreurs;Signature Contrat;441.82
909;28/05/2026 14:11:38;;Dossier validé;Parcours terminé;235.74
910;28/05/2026 14:11:38;;Dossier validé;Parcours terminé;338.75
911;28/05/2026 14:02:45;;Souscription en cours;Signature Contrat;777.07
912;28/05/2026 14:02:45;;Souscription en cours;Signature Contrat;807.80
913;28/05/2026 13:55:47;;Souscription non démarrée;Parcours non démarré;486.18
914;28/05/2026 13:55:47;;Souscription non démarrée;Parcours non démarré;757.97
915;28/05/2026 13:48:39;;Souscription en cours;Coordonnées personnelles;762.05
916;28/05/2026 13:48:39;;Souscription en cours;Coordonnées personnelles;464.47
917;28/05/2026 13:45:43;;Souscription en cours;Coordonnées personnelles;941.53
918;28/05/2026 13:45:43;;Souscription en cours;Coordonnées personnelles;665.74
919;28/05/2026 13:44:47;;Souscription en cours;Coordonnées personnelles;853.75
920;28/05/2026 13:44:47;;Souscription en cours;Coordonnées personnelles;724.69
921;28/05/2026 13:16:21;;En attente d'analyse Agent - Dossier avec erreurs;Signature Contrat;941.99
922;28/05/2026 13:16:21;;En attente d'analyse Agent - Dossier avec erreurs;Signature Contrat;595.25
923;28/05/2026 13:16:18;;Dossier validé;Parcours terminé;330.40
924;28/05/2026 13:16:18;;Dossier validé;Parcours terminé;324.79
925;28/05/2026 13:16:07;;Dossier refusé;Synchronisation référentiel personne NOVA;873.92
926;28/05/2026 13:16:07;;Dossier refusé;Synchronisation référentiel personne NOVA;921.07
927;28/05/2026 13:03:50;;Souscription en cours;Choix de l'offre et livraison;932.73
928;28/05/2026 13:03:50;;Souscription en cours;Choix de l'offre et livraison;559.23
929;28/05/2026 13:03:19;;Souscription en cours;Criblages BE(s);515.73
930;28/05/2026 13:03:19;;Souscription en cours;Criblages BE(s);489.21
931;28/05/2026 13:02:19;;En attente d'analyse Agent - Dossier sans erreur;Parcours terminé;856.75
932;28/05/2026 13:02:19;;En attente d'analyse Agent - Dossier sans erreur;Parcours terminé;341.61
933;28/05/2026 12:52:53;;En attente d'analyse Agent - Dossier avec erreurs;Signature Contrat;304.97
934;28/05/2026 12:52:53;;En attente d'analyse Agent - Dossier avec erreurs;Signature Contrat;768.97
935;28/05/2026 12:51:39;;Souscription en cours;Coordonnées personnelles;179.63
936;28/05/2026 12:51:39;;Souscription en cours;Coordonnées personnelles;661.38
937;28/05/2026 12:48:40;;En attente d'analyse Agent - Dossier avec erreurs;Signature Contrat;520.84
938;28/05/2026 12:48:40;;En attente d'analyse Agent - Dossier avec erreurs;Signature Contrat;144.68
939;28/05/2026 12:48:39;;Dossier refusé;Saisie société;937.47
940;28/05/2026 12:48:39;;Dossier refusé;Saisie société;732.38
941;28/05/2026 12:48:13;;Dossier validé;Parcours terminé;466.72
942;28/05/2026 12:48:13;;Dossier validé;Parcours terminé;927.68
943;28/05/2026 12:47:22;;Souscription non démarrée;Parcours non démarré;396.33
944;28/05/2026 12:47:22;;Souscription non démarrée;Parcours non démarré;162.90
945;28/05/2026 12:46:58;;Dossier validé;Parcours terminé;558.87
946;28/05/2026 12:46:58;;Dossier validé;Parcours terminé;670.64
947;28/05/2026 12:46:25;;Dossier validé;Parcours terminé;645.25
948;28/05/2026 12:46:25;;Dossier validé;Parcours terminé;164.27
949;28/05/2026 12:35:04;;Dossier refusé;Signature Contrat;287.78
950;28/05/2026 12:35:04;;Dossier refusé;Signature Contrat;283.69
951;28/05/2026 12:33:20;;Dossier validé;Parcours terminé;391.28
952;28/05/2026 12:33:20;;Dossier validé;Parcours terminé;972.50
953;28/05/2026 12:31:19;;Dossier refusé;Saisie société;551.40
954;28/05/2026 12:31:19;;Dossier refusé;Saisie société;298.03
955;28/05/2026 12:30:56;;Souscription en cours;Vérification d'identité;626.27
956;28/05/2026 12:30:56;;Souscription en cours;Vérification d'identité;873.99
957;28/05/2026 12:25:14;;En attente d'analyse Agent - Dossier avec erreurs;Signature Contrat;792.87
958;28/05/2026 12:25:14;;En attente d'analyse Agent - Dossier avec erreurs;Signature Contrat;568.33
959;28/05/2026 12:19:04;;Dossier validé;Parcours terminé;138.22
960;28/05/2026 12:19:04;;Dossier validé;Parcours terminé;714.85
961;28/05/2026 12:11:33;;Souscription en cours;Choix de l'offre et livraison;182.65
962;28/05/2026 12:11:33;;Souscription en cours;Choix de l'offre et livraison;982.32
963;28/05/2026 12:05:22;;Souscription en cours;Choix de l'offre et livraison;311.40
964;28/05/2026 12:05:22;;Souscription en cours;Choix de l'offre et livraison;496.09
965;28/05/2026 12:01:24;;Souscription non démarrée;Parcours non démarré;149.68
966;28/05/2026 12:01:24;;Souscription non démarrée;Parcours non démarré;899.87
967;28/05/2026 11:57:05;;Souscription en cours;Informations complémentaires (Etablissements, etc.);613.76
968;28/05/2026 11:57:05;;Souscription en cours;Informations complémentaires (Etablissements, etc.);246.36
969;28/05/2026 11:55:26;;Souscription en cours;Vérification d'identité;637.27
970;28/05/2026 11:55:26;;Souscription en cours;Vérification d'identité;383.08
971;28/05/2026 11:50:25;;Souscription en cours;Coordonnées personnelles;271.84
972;28/05/2026 11:50:25;;Souscription en cours;Coordonnées personnelles;699.56
973;28/05/2026 11:46:38;;Souscription en cours;Synchronisation référentiel personne NOVA;574.29
974;28/05/2026 11:46:38;;Souscription en cours;Synchronisation référentiel personne NOVA;202.85
975;28/05/2026 11:40:48;;Souscription en cours;Signature Contrat;418.43
976;28/05/2026 11:40:48;;Souscription en cours;Signature Contrat;457.21
977;28/05/2026 11:34:09;;Souscription en cours;Coordonnées personnelles;882.72
978;28/05/2026 11:34:09;;Souscription en cours;Coordonnées personnelles;864.49
979;28/05/2026 11:23:46;;Souscription en cours;Coordonnées personnelles;741.34
980;28/05/2026 11:23:46;;Souscription en cours;Coordonnées personnelles;212.87
981;28/05/2026 11:23:16;;Dossier refusé;Informations complémentaires (Etablissements, etc.);798.43
982;28/05/2026 11:23:16;;Dossier refusé;Informations complémentaires (Etablissements, etc.);311.14
983;28/05/2026 11:09:47;Adam LAURENT;Dossier validé;Parcours terminé;720.24
984;28/05/2026 11:09:47;Adam LAURENT;Dossier validé;Parcours terminé;106.97
985;28/05/2026 11:09:45;;Souscription en cours;Coordonnées personnelles;661.76
986;28/05/2026 11:09:45;;Souscription en cours;Coordonnées personnelles;561.65
987;28/05/2026 10:59:11;;Souscription en cours;Coordonnées personnelles;381.11
988;28/05/2026 10:59:11;;Souscription en cours;Coordonnées personnelles;361.37
989;28/05/2026 10:58:58;;Souscription en cours;Coordonnées personnelles;311.19
990;28/05/2026 10:58:58;;Souscription en cours;Coordonnées personnelles;924.83
991;28/05/2026 10:52:57;;Souscription en cours;Coordonnées personnelles;726.65
992;28/05/2026 10:52:57;;Souscription en cours;Coordonnées personnelles;971.79
993;28/05/2026 10:47:12;;Dossier validé;Parcours terminé;801.19
994;28/05/2026 10:47:12;;Dossier validé;Parcours terminé;775.76
995;28/05/2026 10:46:22;;Dossier validé;Parcours terminé;699.84
996;28/05/2026 10:46:22;;Dossier validé;Parcours terminé;112.15
997;28/05/2026 10:45:31;Manon LEFEBVRE;Dossier validé;Parcours terminé;776.52
998;28/05/2026 10:45:31;Manon LEFEBVRE;Dossier validé;Parcours terminé;354.79
999;28/05/2026 10:41:36;;Souscription en cours;Vérification d'identité;407.44
1000;28/05/2026 10:41:36;;Souscription en cours;Vérification d'identité;415.86
1001;28/05/2026 10:40:45;;Souscription en cours;Signature Contrat;470.14
1002;28/05/2026 10:40:45;;Souscription en cours;Signature Contrat;249.11
1003;28/05/2026 10:38:48;;Souscription en cours;Synchronisation référentiel personne NOVA;218.99
1004;28/05/2026 10:38:48;;Souscription en cours;Synchronisation référentiel personne NOVA;660.38
1005;28/05/2026 10:35:24;;Souscription en cours;Informations complémentaires (Etablissements, etc.);730.75
1006;28/05/2026 10:35:24;;Souscription en cours;Informations complémentaires (Etablissements, etc.);388.41
1007;28/05/2026 10:35:00;;Dossier refusé;Parcours terminé;497.43
1008;28/05/2026 10:35:00;;Dossier refusé;Parcours terminé;704.27
1009;28/05/2026 10:34:40;;Dossier validé;Parcours terminé;732.31
1010;28/05/2026 10:34:40;;Dossier validé;Parcours terminé;466.75
1011;28/05/2026 10:34:02;;Souscription en cours;Choix de l'offre et livraison;420.47
1012;28/05/2026 10:34:02;;Souscription en cours;Choix de l'offre et livraison;794.30
1013;28/05/2026 10:32:56;Louis MARTIN;Dossier validé;Parcours terminé;301.69
1014;28/05/2026 10:32:56;Louis MARTIN;Dossier validé;Parcours terminé;924.23
1015;28/05/2026 10:26:59;;Dossier validé;Parcours terminé;815.50
1016;28/05/2026 10:26:59;;Dossier validé;Parcours terminé;402.29
1017;28/05/2026 10:26:50;;Souscription non démarrée;Parcours non démarré;662.25
1018;28/05/2026 10:26:50;;Souscription non démarrée;Parcours non démarré;895.08
1019;28/05/2026 10:12:29;Hugo MARTIN;Dossier validé;Parcours terminé;358.31
1020;28/05/2026 10:12:29;Hugo MARTIN;Dossier validé;Parcours terminé;598.48
1021;28/05/2026 10:10:47;;Dossier validé;Parcours terminé;477.79
1022;28/05/2026 10:10:47;;Dossier validé;Parcours terminé;918.64
1023;28/05/2026 10:06:11;;Souscription en cours;Vérification d'identité;386.85
1024;28/05/2026 10:06:11;;Souscription en cours;Vérification d'identité;500.61
1025;28/05/2026 10:02:36;;Souscription en cours;Choix de l'offre et livraison;956.01
1026;28/05/2026 10:02:36;;Souscription en cours;Choix de l'offre et livraison;732.85
1027;28/05/2026 09:50:50;;Souscription en cours;Coordonnées personnelles;702.69
1028;28/05/2026 09:50:50;;Souscription en cours;Coordonnées personnelles;462.05
1029;28/05/2026 09:48:58;;Souscription en cours;Coordonnées personnelles;990.51
1030;28/05/2026 09:48:58;;Souscription en cours;Coordonnées personnelles;942.12
1031;28/05/2026 09:46:46;;Souscription en cours;Choix de l'offre et livraison;217.85
1032;28/05/2026 09:46:46;;Souscription en cours;Choix de l'offre et livraison;965.14
1033;28/05/2026 09:39:54;Adam LAURENT;Dossier validé;Parcours terminé;486.38
1034;28/05/2026 09:39:54;Adam LAURENT;Dossier validé;Parcours terminé;656.72
1035;28/05/2026 09:39:01;;En attente d'analyse Agent - Dossier avec erreurs;Signature Contrat;394.69
1036;28/05/2026 09:39:01;;En attente d'analyse Agent - Dossier avec erreurs;Signature Contrat;871.02
1037;28/05/2026 09:33:43;;Souscription en cours;Coordonnées personnelles;191.99
1038;28/05/2026 09:33:43;;Souscription en cours;Coordonnées personnelles;375.57
1039;28/05/2026 09:33:03;;Dossier refusé;Signature Contrat;818.13
1040;28/05/2026 09:33:03;;Dossier refusé;Signature Contrat;593.44
1041;28/05/2026 09:32:13;;Dossier validé;Parcours terminé;463.35
1042;28/05/2026 09:32:13;;Dossier validé;Parcours terminé;181.76
1043;28/05/2026 09:29:03;;Souscription en cours;Vérification d'identité;986.41
1044;28/05/2026 09:29:03;;Souscription en cours;Vérification d'identité;621.30
1045;28/05/2026 09:25:33;;Souscription en cours;Informations complémentaires (CA, Profession, etc.);277.74
1046;28/05/2026 09:25:33;;Souscription en cours;Informations complémentaires (CA, Profession, etc.);258.33
1047;28/05/2026 09:18:39;;Dossier validé;Parcours terminé;780.34
1048;28/05/2026 09:18:39;;Dossier validé;Parcours terminé;671.25
1049;28/05/2026 09:14:24;;En attente d'analyse Agent - Dossier avec erreurs;Signature Contrat;553.64
1050;28/05/2026 09:14:24;;En attente d'analyse Agent - Dossier avec erreurs;Signature Contrat;306.19
1051;28/05/2026 09:11:11;;Souscription en cours;Vérification d'identité;229.21
1052;28/05/2026 09:11:11;;Souscription en cours;Vérification d'identité;785.55
1053;28/05/2026 09:08:50;;Dossier refusé;Saisie société;702.91
1054;28/05/2026 09:08:50;;Dossier refusé;Saisie société;110.64
1055;28/05/2026 09:06:53;;Souscription en cours;Signature Contrat;877.53
1056;28/05/2026 09:06:53;;Souscription en cours;Signature Contrat;258.81
1057;28/05/2026 09:01:00;;Dossier refusé;Informations complémentaires (CA, Profession, etc.);259.53
1058;28/05/2026 09:01:00;;Dossier refusé;Informations complémentaires (CA, Profession, etc.);165.04
1059;28/05/2026 08:25:26;;Souscription en cours;Coordonnées personnelles;276.96
1060;28/05/2026 08:25:26;;Souscription en cours;Coordonnées personnelles;812.07
1061;28/05/2026 08:15:31;;Souscription en cours;Vérification d'identité;344.18
1062;28/05/2026 08:15:31;;Souscription en cours;Vérification d'identité;641.71
1063;28/05/2026 08:14:13;;Souscription non démarrée;Parcours non démarré;935.72
1064;28/05/2026 08:14:13;;Souscription non démarrée;Parcours non démarré;319.87
1065;28/05/2026 07:50:19;;Souscription en cours;Choix de l'offre et livraison;540.36
1066;28/05/2026 07:50:19;;Souscription en cours;Choix de l'offre et livraison;698.35
1067;28/05/2026 07:38:16;;Dossier validé;Parcours terminé;409.30
1068;28/05/2026 07:38:16;;Dossier validé;Parcours terminé;134.52
1069;28/05/2026 06:33:57;;Souscription en cours;Criblages BE(s);894.83
1070;28/05/2026 06:33:57;;Souscription en cours;Criblages BE(s);351.90
1071;28/05/2026 04:46:09;;Souscription non démarrée;Parcours non démarré;121.85
1072;28/05/2026 04:46:09;;Souscription non démarrée;Parcours non démarré;887.02
1073;28/05/2026 04:35:08;;Souscription en cours;Signature Contrat;818.26
1074;28/05/2026 04:35:08;;Souscription en cours;Signature Contrat;341.97
1075;28/05/2026 02:41:07;;Souscription en cours;Vérification d'identité;504.97
1076;28/05/2026 02:41:07;;Souscription en cours;Vérification d'identité;334.68
1077;28/05/2026 02:23:10;;Dossier validé;Parcours terminé;844.57
1078;28/05/2026 02:23:10;;Dossier validé;Parcours terminé;386.71
1079;28/05/2026 02:08:07;;Dossier validé;Parcours terminé;958.68
1080;28/05/2026 02:08:07;;Dossier validé;Parcours terminé;954.48
1081;28/05/2026 01:30:42;;Dossier validé;Parcours terminé;765.75
1082;28/05/2026 01:30:42;;Dossier validé;Parcours terminé;743.19
1083;28/05/2026 01:10:45;;Souscription en cours;Vérification d'identité;868.81
1084;28/05/2026 01:10:45;;Souscription en cours;Vérification d'identité;380.64
1085;28/05/2026 01:09:00;Hugo MARTIN;Dossier validé;Parcours terminé;572.17
1086;28/05/2026 01:09:00;Hugo MARTIN;Dossier validé;Parcours terminé;490.63
1087;28/05/2026 00:53:44;;Souscription en cours;Choix de l'offre et livraison;699.17
1088;28/05/2026 00:53:44;;Souscription en cours;Choix de l'offre et livraison;304.60
1089;28/05/2026 00:00:56;;Dossier validé;Parcours terminé;749.32
1090;28/05/2026 00:00:56;;Dossier validé;Parcours terminé;359.25
1091;27/05/2026 23:51:44;;Souscription en cours;Synchronisation référentiel personne NOVA;424.61
1092;27/05/2026 23:51:44;;Souscription en cours;Synchronisation référentiel personne NOVA;532.64
1093;27/05/2026 23:48:42;;Souscription en cours;Vérification d'identité;252.81
1094;27/05/2026 23:48:42;;Souscription en cours;Vérification d'identité;789.85
1095;27/05/2026 23:43:08;;Souscription en cours;Vérification d'identité;837.28
1096;27/05/2026 23:43:08;;Souscription en cours;Vérification d'identité;987.88
1097;27/05/2026 23:16:52;;Dossier validé;Parcours terminé;114.05
1098;27/05/2026 23:16:52;;Dossier validé;Parcours terminé;329.40
1099;27/05/2026 23:08:52;;Souscription en cours;Coordonnées personnelles;703.39
1100;27/05/2026 23:08:52;;Souscription en cours;Coordonnées personnelles;522.73
1101;27/05/2026 22:45:28;;Souscription en cours;Coordonnées personnelles;202.19
1102;27/05/2026 22:45:28;;Souscription en cours;Coordonnées personnelles;711.90
1103;27/05/2026 22:45:18;;Souscription en cours;Coordonnées personnelles;827.03
1104;27/05/2026 22:45:18;;Souscription en cours;Coordonnées personnelles;417.04
1105;27/05/2026 22:38:42;;En attente d'analyse Agent - Dossier avec erreurs;Signature Contrat;716.46
1106;27/05/2026 22:38:42;;En attente d'analyse Agent - Dossier avec erreurs;Signature Contrat;243.03
1107;27/05/2026 22:24:21;;Souscription en cours;Informations complémentaires (Etablissements, etc.);130.74
1108;27/05/2026 22:24:21;;Souscription en cours;Informations complémentaires (Etablissements, etc.);774.32
1109;27/05/2026 22:24:09;;Dossier validé;Parcours terminé;793.69
1110;27/05/2026 22:24:09;;Dossier validé;Parcours terminé;730.21
1111;27/05/2026 22:12:46;;Souscription en cours;Coordonnées personnelles;650.80
1112;27/05/2026 22:12:46;;Souscription en cours;Coordonnées personnelles;516.68
1113;27/05/2026 22:08:06;;Souscription en cours;Coordonnées personnelles;514.59
1114;27/05/2026 22:08:06;;Souscription en cours;Coordonnées personnelles;893.89
1115;27/05/2026 22:01:49;;En attente d'analyse Agent - Dossier avec erreurs;Signature Contrat;177.20
1116;27/05/2026 22:01:49;;En attente d'analyse Agent - Dossier avec erreurs;Signature Contrat;937.73
1117;27/05/2026 21:57:38;Rayan MICHEL;Dossier refusé;Saisie société;849.15
1118;27/05/2026 21:57:38;Rayan MICHEL;Dossier refusé;Saisie société;385.59
1119;27/05/2026 21:54:25;;Souscription en cours;Choix de l'offre et livraison;464.22
1120;27/05/2026 21:54:25;;Souscription en cours;Choix de l'offre et livraison;704.68
1121;27/05/2026 21:41:43;;Dossier validé;Parcours terminé;727.25
1122;27/05/2026 21:41:43;;Dossier validé;Parcours terminé;845.49
1123;27/05/2026 21:39:53;;Dossier validé;Parcours terminé;337.01
1124;27/05/2026 21:39:53;;Dossier validé;Parcours terminé;768.66
1125;27/05/2026 21:27:10;;Souscription en cours;Coordonnées personnelles;961.47
1126;27/05/2026 21:27:10;;Souscription en cours;Coordonnées personnelles;442.83
1127;27/05/2026 21:24:29;;Souscription en cours;Coordonnées personnelles;703.20
1128;27/05/2026 21:24:29;;Souscription en cours;Coordonnées personnelles;864.53
1129;27/05/2026 21:23:07;;Souscription en cours;Vérification d'identité;833.52
1130;27/05/2026 21:23:07;;Souscription en cours;Vérification d'identité;848.95
1131;27/05/2026 21:02:45;;Souscription en cours;Coordonnées personnelles;791.51
1132;27/05/2026 21:02:45;;Souscription en cours;Coordonnées personnelles;360.26
1133;27/05/2026 21:01:44;;Souscription en cours;Signature Contrat;732.32
1134;27/05/2026 21:01:44;;Souscription en cours;Signature Contrat;854.83
1135;27/05/2026 20:59:16;;Dossier validé;Parcours terminé;852.68
1136;27/05/2026 20:59:16;;Dossier validé;Parcours terminé;882.46
1137;27/05/2026 20:56:06;;Souscription en cours;Coordonnées personnelles;751.43
1138;27/05/2026 20:56:06;;Souscription en cours;Coordonnées personnelles;121.47
1139;27/05/2026 20:54:38;;Dossier validé;Parcours terminé;937.97
1140;27/05/2026 20:54:38;;Dossier validé;Parcours terminé;430.14
1141;27/05/2026 20:54:34;;Souscription en cours;Signature Contrat;701.68
1142;27/05/2026 20:54:34;;Souscription en cours;Signature Contrat;258.23
1143;27/05/2026 20:52:50;;Dossier refusé;Signature Contrat;620.12
1144;27/05/2026 20:52:50;;Dossier refusé;Signature Contrat;914.88
1145;27/05/2026 20:45:50;;Souscription en cours;Informations complémentaires (Etablissements, etc.);913.39
1146;27/05/2026 20:45:50;;Souscription en cours;Informations complémentaires (Etablissements, etc.);807.64
1147;27/05/2026 20:38:33;;Souscription en cours;Informations complémentaires (CA, Profession, etc.);483.72
1148;27/05/2026 20:38:33;;Souscription en cours;Informations complémentaires (CA, Profession, etc.);103.30
1149;27/05/2026 20:37:51;;Dossier validé;Parcours terminé;871.23
1150;27/05/2026 20:37:51;;Dossier validé;Parcours terminé;806.44
1151;27/05/2026 20:31:25;;Souscription en cours;Coordonnées personnelles;542.40
1152;27/05/2026 20:31:25;;Souscription en cours;Coordonnées personnelles;930.14
1153;27/05/2026 20:21:20;;Souscription en cours;Coordonnées personnelles;397.96
1154;27/05/2026 20:21:20;;Souscription en cours;Coordonnées personnelles;686.75
1155;27/05/2026 20:15:19;;En attente d'analyse Agent - Dossier avec erreurs;Signature Contrat;919.08
1156;27/05/2026 20:15:19;;En attente d'analyse Agent - Dossier avec erreurs;Signature Contrat;110.47
1157;27/05/2026 20:03:36;;Dossier validé;Parcours terminé;418.77
1158;27/05/2026 20:03:36;;Dossier validé;Parcours terminé;219.70
1159;27/05/2026 20:00:17;;Souscription en cours;Coordonnées personnelles;314.82
1160;27/05/2026 20:00:17;;Souscription en cours;Coordonnées personnelles;682.17
1161;27/05/2026 19:56:03;Adam LAURENT;Dossier validé;Parcours terminé;816.16
1162;27/05/2026 19:56:03;Adam LAURENT;Dossier validé;Parcours terminé;778.89
1163;27/05/2026 19:54:53;;Dossier validé;Parcours terminé;980.81
1164;27/05/2026 19:54:53;;Dossier validé;Parcours terminé;601.55
1165;27/05/2026 19:51:20;;En attente d'analyse Agent - Dossier avec erreurs;Signature Contrat;635.87
1166;27/05/2026 19:51:20;;En attente d'analyse Agent - Dossier avec erreurs;Signature Contrat;802.15
1167;27/05/2026 19:40:39;;Dossier validé;Parcours terminé;199.99
1168;27/05/2026 19:40:39;;Dossier validé;Parcours terminé;321.39
1169;27/05/2026 19:37:09;;Souscription en cours;Coordonnées personnelles;855.52
1170;27/05/2026 19:37:09;;Souscription en cours;Coordonnées personnelles;117.53
1171;27/05/2026 19:36:25;;Dossier validé;Parcours terminé;508.16
1172;27/05/2026 19:36:25;;Dossier validé;Parcours terminé;915.46
1173;27/05/2026 19:25:59;;Dossier refusé;Saisie société;546.23
1174;27/05/2026 19:25:59;;Dossier refusé;Saisie société;533.94
1175;27/05/2026 19:20:49;;En attente d'analyse Agent - Dossier avec erreurs;Signature Contrat;908.18
1176;27/05/2026 19:20:49;;En attente d'analyse Agent - Dossier avec erreurs;Signature Contrat;400.82
1177;27/05/2026 19:14:04;;Dossier refusé;Saisie société;573.62
1178;27/05/2026 19:14:04;;Dossier refusé;Saisie société;657.11
1179;27/05/2026 19:13:29;;Dossier validé;Parcours terminé;178.43
1180;27/05/2026 19:13:29;;Dossier validé;Parcours terminé;982.91
1181;27/05/2026 19:11:08;;Dossier validé;Parcours terminé;563.35
1182;27/05/2026 19:11:08;;Dossier validé;Parcours terminé;339.33
1183;27/05/2026 18:55:29;;Dossier validé;Parcours terminé;849.65
1184;27/05/2026 18:55:29;;Dossier validé;Parcours terminé;625.74
1185;27/05/2026 18:47:26;;Dossier validé;Parcours terminé;807.31
1186;27/05/2026 18:47:26;;Dossier validé;Parcours terminé;187.62
1187;27/05/2026 18:29:20;;En attente d'analyse Agent - Dossier avec erreurs;Signature Contrat;621.52
1188;27/05/2026 18:29:20;;En attente d'analyse Agent - Dossier avec erreurs;Signature Contrat;506.11
1189;27/05/2026 18:27:07;Hugo DUBOIS;Dossier validé;Parcours terminé;447.09
1190;27/05/2026 18:27:07;Hugo DUBOIS;Dossier validé;Parcours terminé;916.85
1191;27/05/2026 18:12:51;;Souscription en cours;Signature Contrat;352.29
1192;27/05/2026 18:12:51;;Souscription en cours;Signature Contrat;933.16
1193;27/05/2026 17:58:16;;En attente d'analyse Agent - Dossier avec erreurs;Signature Contrat;825.48
1194;27/05/2026 17:58:16;;En attente d'analyse Agent - Dossier avec erreurs;Signature Contrat;902.17
1195;27/05/2026 17:55:00;;Souscription en cours;Choix de l'offre et livraison;752.40
1196;27/05/2026 17:55:00;;Souscription en cours;Choix de l'offre et livraison;546.91
1197;27/05/2026 17:54:47;;Dossier validé;Parcours terminé;652.91
1198;27/05/2026 17:54:47;;Dossier validé;Parcours terminé;124.87
1199;27/05/2026 17:46:11;;Souscription en cours;Choix de l'offre et livraison;508.59
1200;27/05/2026 17:46:11;;Souscription en cours;Choix de l'offre et livraison;684.23
1201;27/05/2026 17:42:37;;Souscription en cours;Choix de l'offre et livraison;535.56
1202;27/05/2026 17:42:37;;Souscription en cours;Choix de l'offre et livraison;224.29
1203;27/05/2026 17:40:50;;Souscription non démarrée;Parcours non démarré;702.60
1204;27/05/2026 17:40:50;;Souscription non démarrée;Parcours non démarré;657.14
1205;27/05/2026 17:39:39;;Souscription en cours;Signature Contrat;404.63
1206;27/05/2026 17:39:39;;Souscription en cours;Signature Contrat;164.94
1207;27/05/2026 17:38:28;;Dossier validé;Parcours terminé;919.35
1208;27/05/2026 17:38:28;;Dossier validé;Parcours terminé;480.69
1209;27/05/2026 17:35:23;;En attente d'analyse Agent - Dossier avec erreurs;Signature Contrat;224.73
1210;27/05/2026 17:35:23;;En attente d'analyse Agent - Dossier avec erreurs;Signature Contrat;270.55
1211;27/05/2026 17:33:30;;Souscription non démarrée;Parcours non démarré;415.97
1212;27/05/2026 17:33:30;;Souscription non démarrée;Parcours non démarré;758.85
1213;27/05/2026 17:31:52;;En attente d'analyse Agent - Dossier avec erreurs;Signature Contrat;439.63
1214;27/05/2026 17:31:52;;En attente d'analyse Agent - Dossier avec erreurs;Signature Contrat;846.96
1215;27/05/2026 17:31:51;;Dossier refusé;Signature Contrat;224.12
1216;27/05/2026 17:31:51;;Dossier refusé;Signature Contrat;179.67
1217;27/05/2026 17:26:21;;Dossier validé;Parcours terminé;967.43
1218;27/05/2026 17:26:21;;Dossier validé;Parcours terminé;148.65
1219;27/05/2026 17:25:21;;Souscription non démarrée;Parcours non démarré;848.73
1220;27/05/2026 17:25:21;;Souscription non démarrée;Parcours non démarré;466.09
1221;27/05/2026 17:16:56;;Dossier validé;Parcours terminé;397.88
1222;27/05/2026 17:16:56;;Dossier validé;Parcours terminé;755.01
1223;27/05/2026 17:13:52;;Souscription non démarrée;Parcours non démarré;803.93
1224;27/05/2026 17:13:52;;Souscription non démarrée;Parcours non démarré;289.70
1225;27/05/2026 17:11:16;;Dossier validé;Parcours terminé;924.57
1226;27/05/2026 17:11:16;;Dossier validé;Parcours terminé;163.24
1227;27/05/2026 17:09:42;;Souscription en cours;Coordonnées personnelles;372.74
1228;27/05/2026 17:09:42;;Souscription en cours;Coordonnées personnelles;298.72
1229;27/05/2026 17:06:05;;Souscription en cours;Coordonnées personnelles;511.40
1230;27/05/2026 17:06:05;;Souscription en cours;Coordonnées personnelles;366.08
1231;27/05/2026 17:03:09;;Souscription en cours;Coordonnées personnelles;882.34
1232;27/05/2026 17:03:09;;Souscription en cours;Coordonnées personnelles;526.44
1233;27/05/2026 16:52:48;;Souscription en cours;Vérification d'identité;669.37
1234;27/05/2026 16:52:48;;Souscription en cours;Vérification d'identité;573.05
1235;27/05/2026 16:43:42;;En attente d'analyse Agent - Dossier avec erreurs;Signature Contrat;385.51
1236;27/05/2026 16:43:42;;En attente d'analyse Agent - Dossier avec erreurs;Signature Contrat;569.67
1237;27/05/2026 16:42:59;;Dossier validé;Parcours terminé;346.06
1238;27/05/2026 16:42:59;;Dossier validé;Parcours terminé;210.97
1239;27/05/2026 16:42:24;;Dossier validé;Parcours terminé;542.52
1240;27/05/2026 16:42:24;;Dossier validé;Parcours terminé;438.66
1241;27/05/2026 16:41:00;Z5750800;Dossier validé;Parcours terminé;496.75
1242;27/05/2026 16:41:00;Z5750800;Dossier validé;Parcours terminé;680.31
1243;27/05/2026 16:36:45;;Dossier validé;Parcours terminé;608.58
1244;27/05/2026 16:36:45;;Dossier validé;Parcours terminé;482.87
1245;27/05/2026 16:30:23;;Souscription en cours;Vérification d'identité;594.67
1246;27/05/2026 16:30:23;;Souscription en cours;Vérification d'identité;442.01
1247;27/05/2026 16:28:40;;Dossier validé;Parcours terminé;591.92
1248;27/05/2026 16:28:40;;Dossier validé;Parcours terminé;953.33
1249;27/05/2026 16:23:40;;Souscription non démarrée;Parcours non démarré;346.75
1250;27/05/2026 16:23:40;;Souscription non démarrée;Parcours non démarré;923.56
1251;27/05/2026 16:20:20;;Souscription en cours;Vérification d'identité;860.17
1252;27/05/2026 16:20:20;;Souscription en cours;Vérification d'identité;479.66
1253;27/05/2026 16:16:57;;Souscription en cours;Choix de l'offre et livraison;118.00
1254;27/05/2026 16:16:57;;Souscription en cours;Choix de l'offre et livraison;688.75
1255;27/05/2026 16:15:51;;Dossier validé;Parcours terminé;673.52
1256;27/05/2026 16:15:51;;Dossier validé;Parcours terminé;860.48
1257;27/05/2026 16:03:13;Hugo MARTIN;Dossier validé;Parcours terminé;165.49
1258;27/05/2026 16:03:13;Hugo MARTIN;Dossier validé;Parcours terminé;497.62
1259;27/05/2026 15:57:36;;Souscription non démarrée;Parcours non démarré;731.47
1260;27/05/2026 15:57:36;;Souscription non démarrée;Parcours non démarré;418.23
1261;27/05/2026 15:56:45;Inès MICHEL;Dossier validé;Parcours terminé;959.11
1262;27/05/2026 15:56:45;Inès MICHEL;Dossier validé;Parcours terminé;885.40
1263;27/05/2026 15:54:56;;Dossier validé;Parcours terminé;789.06
1264;27/05/2026 15:54:56;;Dossier validé;Parcours terminé;898.64
1265;27/05/2026 15:53:36;;Dossier validé;Parcours terminé;166.75
1266;27/05/2026 15:53:36;;Dossier validé;Parcours terminé;991.56
1267;27/05/2026 15:50:38;;Souscription non démarrée;Parcours non démarré;645.92
1268;27/05/2026 15:50:38;;Souscription non démarrée;Parcours non démarré;797.43
1269;27/05/2026 15:49:54;;Souscription en cours;Coordonnées personnelles;753.91
1270;27/05/2026 15:49:54;;Souscription en cours;Coordonnées personnelles;442.06
1271;27/05/2026 15:48:39;;Dossier refusé;Signature Contrat;184.55
1272;27/05/2026 15:48:39;;Dossier refusé;Signature Contrat;592.42
1273;27/05/2026 15:41:17;;Souscription en cours;Informations complémentaires (Etablissements, etc.);718.13
1274;27/05/2026 15:41:17;;Souscription en cours;Informations complémentaires (Etablissements, etc.);170.32
1275;27/05/2026 15:40:52;;Souscription en cours;Coordonnées personnelles;395.90
1276;27/05/2026 15:40:52;;Souscription en cours;Coordonnées personnelles;952.46
1277;27/05/2026 15:36:24;;Souscription non démarrée;Parcours non démarré;815.43
1278;27/05/2026 15:36:24;;Souscription non démarrée;Parcours non démarré;391.23
1279;27/05/2026 15:35:56;;Souscription en cours;Informations complémentaires (Etablissements, etc.);286.70
1280;27/05/2026 15:35:56;;Souscription en cours;Informations complémentaires (Etablissements, etc.);756.92
1281;27/05/2026 15:17:07;;Dossier validé;Parcours terminé;197.36
1282;27/05/2026 15:17:07;;Dossier validé;Parcours terminé;546.94
1283;27/05/2026 15:16:21;;Souscription en cours;Vérification d'identité;508.39
1284;27/05/2026 15:16:21;;Souscription en cours;Vérification d'identité;569.83
1285;27/05/2026 15:14:23;;Souscription en cours;Coordonnées personnelles;250.15
1286;27/05/2026 15:14:23;;Souscription en cours;Coordonnées personnelles;662.71
1287;27/05/2026 15:14:05;;Souscription non démarrée;Parcours non démarré;128.49
1288;27/05/2026 15:14:05;;Souscription non démarrée;Parcours non démarré;464.48
1289;27/05/2026 15:11:31;;Souscription en cours;Choix de l'offre et livraison;934.76
1290;27/05/2026 15:11:31;;Souscription en cours;Choix de l'offre et livraison;713.25
1291;27/05/2026 15:11:05;;Dossier validé;Parcours terminé;882.01
1292;27/05/2026 15:11:05;;Dossier validé;Parcours terminé;136.29
1293;27/05/2026 15:09:02;;Souscription en cours;Choix de l'offre et livraison;644.66
1294;27/05/2026 15:09:02;;Souscription en cours;Choix de l'offre et livraison;607.97
1295;27/05/2026 15:03:44;;Dossier validé;Parcours terminé;817.11
1296;27/05/2026 15:03:44;;Dossier validé;Parcours terminé;575.92
1297;27/05/2026 15:03:18;;En attente d'analyse Agent - Dossier avec erreurs;Signature Contrat;557.61
1298;27/05/2026 15:03:18;;En attente d'analyse Agent - Dossier avec erreurs;Signature Contrat;783.69
1299;27/05/2026 14:57:08;;Souscription en cours;Informations complémentaires (Etablissements, etc.);817.02
1300;27/05/2026 14:57:08;;Souscription en cours;Informations complémentaires (Etablissements, etc.);174.22
1301;27/05/2026 14:51:25;Hugo MARTIN;Dossier validé;Parcours terminé;587.27
1302;27/05/2026 14:51:25;Hugo MARTIN;Dossier validé;Parcours terminé;958.51
1303;27/05/2026 14:49:44;;Souscription en cours;Coordonnées personnelles;178.44
1304;27/05/2026 14:49:44;;Souscription en cours;Coordonnées personnelles;495.86
1305;27/05/2026 14:43:51;;Souscription non démarrée;Parcours non démarré;141.15
1306;27/05/2026 14:43:51;;Souscription non démarrée;Parcours non démarré;595.18
1307;27/05/2026 14:36:22;;Dossier refusé;Signature Contrat;111.14
1308;27/05/2026 14:36:22;;Dossier refusé;Signature Contrat;419.26
1309;27/05/2026 14:27:05;;Souscription en cours;Informations complémentaires (Etablissements, etc.);501.21
1310;27/05/2026 14:27:05;;Souscription en cours;Informations complémentaires (Etablissements, etc.);358.36
1311;27/05/2026 14:25:56;;Souscription en cours;Synchronisation référentiel personne NOVA;940.23
1312;27/05/2026 14:25:56;;Souscription en cours;Synchronisation référentiel personne NOVA;274.57
1313;27/05/2026 14:24:41;;Dossier refusé;Choix de l'offre et livraison;434.24
1314;27/05/2026 14:24:41;;Dossier refusé;Choix de l'offre et livraison;907.65
1315;27/05/2026 14:18:52;;Dossier validé;Parcours terminé;816.01
1316;27/05/2026 14:18:52;;Dossier validé;Parcours terminé;160.86
1317;27/05/2026 14:17:51;;Souscription non démarrée;Parcours non démarré;681.27
1318;27/05/2026 14:17:51;;Souscription non démarrée;Parcours non démarré;981.84
1319;27/05/2026 14:15:20;;Souscription non démarrée;Parcours non démarré;805.39
1320;27/05/2026 14:15:20;;Souscription non démarrée;Parcours non démarré;252.62
1321;27/05/2026 14:10:17;;Dossier validé;Parcours terminé;604.13
1322;27/05/2026 14:10:17;;Dossier validé;Parcours terminé;583.01
1323;27/05/2026 14:00:07;;Souscription en cours;Coordonnées personnelles;307.29
1324;27/05/2026 14:00:07;;Souscription en cours;Coordonnées personnelles;552.87
1325;27/05/2026 13:57:42;;Dossier validé;Parcours terminé;335.42
1326;27/05/2026 13:57:42;;Dossier validé;Parcours terminé;409.77
1327;27/05/2026 13:56:07;;Dossier validé;Parcours terminé;252.64
1328;27/05/2026 13:56:07;;Dossier validé;Parcours terminé;831.98
1329;27/05/2026 13:28:33;;Souscription en cours;Choix de l'offre et livraison;509.70
1330;27/05/2026 13:28:33;;Souscription en cours;Choix de l'offre et livraison;221.65
1331;27/05/2026 13:25:39;;Souscription non démarrée;Parcours non démarré;342.27
1332;27/05/2026 13:25:39;;Souscription non démarrée;Parcours non démarré;966.87
1333;27/05/2026 13:10:38;;Souscription non démarrée;Parcours non démarré;337.11
1334;27/05/2026 13:10:38;;Souscription non démarrée;Parcours non démarré;495.09
1335;27/05/2026 13:09:21;;Souscription en cours;Choix de l'offre et livraison;691.47
1336;27/05/2026 13:09:21;;Souscription en cours;Choix de l'offre et livraison;888.30
1337;27/05/2026 13:06:27;;En attente d'analyse Agent - Dossier avec erreurs;Signature Contrat;402.40
1338;27/05/2026 13:06:27;;En attente d'analyse Agent - Dossier avec erreurs;Signature Contrat;870.10
1339;27/05/2026 12:34:26;;Souscription en cours;Coordonnées personnelles;254.80
1340;27/05/2026 12:34:26;;Souscription en cours;Coordonnées personnelles;872.08
1341;27/05/2026 12:31:21;;Dossier validé;Parcours terminé;188.05
1342;27/05/2026 12:31:21;;Dossier validé;Parcours terminé;793.79
1343;27/05/2026 12:28:14;Adam LAURENT;Dossier refusé;Saisie société;825.57
1344;27/05/2026 12:28:14;Adam LAURENT;Dossier refusé;Saisie société;143.08
1345;27/05/2026 12:26:29;;Souscription non démarrée;Parcours non démarré;859.24
1346;27/05/2026 12:26:29;;Souscription non démarrée;Parcours non démarré;500.12
1347;27/05/2026 12:18:54;;Souscription en cours;Coordonnées personnelles;951.28
1348;27/05/2026 12:18:54;;Souscription en cours;Coordonnées personnelles;538.38
1349;27/05/2026 12:08:22;;Souscription en cours;Coordonnées personnelles;916.00
1350;27/05/2026 12:08:22;;Souscription en cours;Coordonnées personnelles;147.01
1351;27/05/2026 12:07:57;;Dossier validé;Parcours terminé;551.65
1352;27/05/2026 12:07:57;;Dossier validé;Parcours terminé;545.00
1353;27/05/2026 11:59:29;;Dossier refusé;Bénéficiaire effectifs;669.08
1354;27/05/2026 11:59:29;;Dossier refusé;Bénéficiaire effectifs;173.11
1355;27/05/2026 11:54:13;Hugo DUBOIS;Dossier refusé;Informations complémentaires (Etablissements, etc.);815.19
1356;27/05/2026 11:54:13;Hugo DUBOIS;Dossier refusé;Informations complémentaires (Etablissements, etc.);412.99
1357;27/05/2026 11:44:49;;Souscription en cours;Coordonnées personnelles;945.09
1358;27/05/2026 11:44:49;;Souscription en cours;Coordonnées personnelles;978.03
1359;27/05/2026 11:35:24;;Souscription en cours;Choix de l'offre et livraison;802.93
1360;27/05/2026 11:35:24;;Souscription en cours;Choix de l'offre et livraison;282.67
1361;27/05/2026 11:30:36;;En attente d'analyse Agent - Dossier avec erreurs;Signature Contrat;368.25
1362;27/05/2026 11:30:36;;En attente d'analyse Agent - Dossier avec erreurs;Signature Contrat;429.85
1363;27/05/2026 11:30:00;Z5750800;Dossier validé;Parcours terminé;431.43
1364;27/05/2026 11:30:00;Z5750800;Dossier validé;Parcours terminé;547.95
1365;27/05/2026 11:26:53;;Souscription en cours;Signature Contrat;178.66
1366;27/05/2026 11:26:53;;Souscription en cours;Signature Contrat;589.11
1367;27/05/2026 11:24:04;;Dossier refusé;Signature Contrat;307.88
1368;27/05/2026 11:24:04;;Dossier refusé;Signature Contrat;700.07
1369;27/05/2026 11:23:39;;Souscription en cours;Coordonnées personnelles;640.00
1370;27/05/2026 11:23:39;;Souscription en cours;Coordonnées personnelles;222.81
1371;27/05/2026 11:23:00;;Souscription en cours;Coordonnées personnelles;538.82
1372;27/05/2026 11:23:00;;Souscription en cours;Coordonnées personnelles;791.99
1373;27/05/2026 11:21:17;;Souscription en cours;Synchronisation référentiel personne NOVA;827.60
1374;27/05/2026 11:21:17;;Souscription en cours;Synchronisation référentiel personne NOVA;624.48
1375;27/05/2026 11:14:59;;Souscription en cours;Criblages BE(s);216.07
1376;27/05/2026 11:14:59;;Souscription en cours;Criblages BE(s);963.16
1377;27/05/2026 11:06:46;;Souscription en cours;Choix de l'offre et livraison;217.62
1378;27/05/2026 11:06:46;;Souscription en cours;Choix de l'offre et livraison;201.65
1379;27/05/2026 11:06:46;;Dossier validé;Parcours terminé;780.34
1380;27/05/2026 11:06:46;;Dossier validé;Parcours terminé;701.11
1381;27/05/2026 11:05:08;;Souscription non démarrée;Parcours non démarré;706.44
1382;27/05/2026 11:05:08;;Souscription non démarrée;Parcours non démarré;677.70
1383;27/05/2026 11:03:13;Hugo MARTIN;Dossier refusé;Signature Contrat;335.70
1384;27/05/2026 11:03:13;Hugo MARTIN;Dossier refusé;Signature Contrat;101.13
1385;27/05/2026 11:01:16;;Souscription en cours;Vérification d'identité;255.72
1386;27/05/2026 11:01:16;;Souscription en cours;Vérification d'identité;565.38
1387;27/05/2026 10:51:27;;Dossier validé;Parcours terminé;833.60
1388;27/05/2026 10:51:27;;Dossier validé;Parcours terminé;285.80
1389;27/05/2026 10:42:56;;Dossier refusé;Saisie société;490.15
1390;27/05/2026 10:42:56;;Dossier refusé;Saisie société;318.96
1391;27/05/2026 10:38:56;;Souscription en cours;Vérification d'identité;522.51
1392;27/05/2026 10:38:56;;Souscription en cours;Vérification d'identité;454.58
1393;27/05/2026 10:38:45;;Souscription en cours;Choix de l'offre et livraison;150.18
1394;27/05/2026 10:38:45;;Souscription en cours;Choix de l'offre et livraison;392.10
1395;27/05/2026 10:34:51;;Souscription non démarrée;Parcours non démarré;187.86
1396;27/05/2026 10:34:51;;Souscription non démarrée;Parcours non démarré;384.58
1397;27/05/2026 10:33:06;;Dossier validé;Parcours terminé;105.05
1398;27/05/2026 10:33:06;;Dossier validé;Parcours terminé;594.56
1399;27/05/2026 10:31:48;;Souscription en cours;Coordonnées personnelles;290.09
1400;27/05/2026 10:31:48;;Souscription en cours;Coordonnées personnelles;815.04
1401;27/05/2026 10:31:28;;Souscription en cours;Coordonnées personnelles;932.23
1402;27/05/2026 10:31:28;;Souscription en cours;Coordonnées personnelles;918.78
1403;27/05/2026 10:26:36;;Souscription en cours;Vérification d'identité;787.95
1404;27/05/2026 10:26:36;;Souscription en cours;Vérification d'identité;540.78
1405;27/05/2026 10:25:42;;Dossier validé;Parcours terminé;397.16
1406;27/05/2026 10:25:42;;Dossier validé;Parcours terminé;615.74
1407;27/05/2026 10:14:17;;Souscription non démarrée;Parcours non démarré;994.37
1408;27/05/2026 10:14:17;;Souscription non démarrée;Parcours non démarré;193.70
1409;27/05/2026 10:04:04;;Dossier validé;Parcours terminé;636.60
1410;27/05/2026 10:04:04;;Dossier validé;Parcours terminé;626.43
1411;27/05/2026 10:03:30;;Souscription en cours;Coordonnées personnelles;498.22
1412;27/05/2026 10:03:30;;Souscription en cours;Coordonnées personnelles;271.02
1413;27/05/2026 10:02:41;;Dossier validé;Parcours terminé;949.28
1414;27/05/2026 10:02:41;;Dossier validé;Parcours terminé;615.49
1415;27/05/2026 09:56:05;;Dossier validé;Parcours terminé;898.30
1416;27/05/2026 09:56:05;;Dossier validé;Parcours terminé;301.42
1417;27/05/2026 09:51:17;;En attente d'analyse Agent - Dossier avec erreurs;Signature Contrat;349.86
1418;27/05/2026 09:51:17;;En attente d'analyse Agent - Dossier avec erreurs;Signature Contrat;485.52
1419;27/05/2026 09:50:20;;Souscription en cours;Coordonnées personnelles;529.35
1420;27/05/2026 09:50:20;;Souscription en cours;Coordonnées personnelles;751.03
1421;27/05/2026 09:43:25;Hugo MARTIN;Dossier refusé;Saisie société;132.54
1422;27/05/2026 09:43:25;Hugo MARTIN;Dossier refusé;Saisie société;232.76
1423;27/05/2026 09:31:38;;Dossier validé;Parcours terminé;632.72
1424;27/05/2026 09:31:38;;Dossier validé;Parcours terminé;719.96
1425;27/05/2026 09:04:27;;Souscription en cours;Vérification d'identité;199.38
1426;27/05/2026 09:04:27;;Souscription en cours;Vérification d'identité;506.64
1427;27/05/2026 08:51:42;;En attente d'analyse Agent - Dossier avec erreurs;Signature Contrat;988.99
1428;27/05/2026 08:51:42;;En attente d'analyse Agent - Dossier avec erreurs;Signature Contrat;637.57
1429;27/05/2026 08:40:57;;En attente d'analyse Agent - Dossier avec erreurs;Signature Contrat;722.11
1430;27/05/2026 08:40:57;;En attente d'analyse Agent - Dossier avec erreurs;Signature Contrat;158.45
1431;27/05/2026 08:39:55;;Dossier validé;Parcours terminé;743.10
1432;27/05/2026 08:39:55;;Dossier validé;Parcours terminé;178.97
1433;27/05/2026 08:36:38;;Souscription en cours;Choix de l'offre et livraison;170.48
1434;27/05/2026 08:36:38;;Souscription en cours;Choix de l'offre et livraison;661.75
1435;27/05/2026 08:16:09;;Dossier validé;Parcours terminé;970.08
1436;27/05/2026 08:16:09;;Dossier validé;Parcours terminé;717.09
1437;27/05/2026 08:07:53;;Souscription en cours;Coordonnées personnelles;193.46
1438;27/05/2026 08:07:53;;Souscription en cours;Coordonnées personnelles;594.17
1439;27/05/2026 08:04:27;;Souscription non démarrée;Parcours non démarré;103.91
1440;27/05/2026 08:04:27;;Souscription non démarrée;Parcours non démarré;504.83
1441;27/05/2026 07:53:33;;Souscription en cours;Synchronisation référentiel personne NOVA;501.43
1442;27/05/2026 07:53:33;;Souscription en cours;Synchronisation référentiel personne NOVA;946.07
1443;27/05/2026 07:48:28;;Dossier refusé;Saisie société;255.45
1444;27/05/2026 07:48:28;;Dossier refusé;Saisie société;555.24
1445;27/05/2026 07:47:41;;Souscription en cours;Choix de l'offre et livraison;959.97
1446;27/05/2026 07:47:41;;Souscription en cours;Choix de l'offre et livraison;398.51
1447;27/05/2026 07:31:07;;Dossier validé;Parcours terminé;738.35
1448;27/05/2026 07:31:07;;Dossier validé;Parcours terminé;115.78
1449;27/05/2026 03:52:13;;Souscription non démarrée;Parcours non démarré;955.38
1450;27/05/2026 03:52:13;;Souscription non démarrée;Parcours non démarré;371.70
1451;27/05/2026 03:23:18;;Souscription en cours;Vérification d'identité;401.62
1452;27/05/2026 03:23:18;;Souscription en cours;Vérification d'identité;155.56
1453;27/05/2026 02:35:34;;Souscription en cours;Informations complémentaires (Etablissements, etc.);209.39
1454;27/05/2026 02:35:34;;Souscription en cours;Informations complémentaires (Etablissements, etc.);381.25
1455;27/05/2026 02:26:37;;Dossier refusé;Saisie société;486.81
1456;27/05/2026 02:26:37;;Dossier refusé;Saisie société;473.61
1457;27/05/2026 01:44:31;;Souscription en cours;Informations complémentaires (Etablissements, etc.);397.32
1458;27/05/2026 01:44:31;;Souscription en cours;Informations complémentaires (Etablissements, etc.);445.72
1459;27/05/2026 01:23:59;;Souscription en cours;Coordonnées personnelles;898.89
1460;27/05/2026 01:23:59;;Souscription en cours;Coordonnées personnelles;226.09
1461;27/05/2026 01:15:15;;Souscription en cours;Coordonnées personnelles;738.36
1462;27/05/2026 01:15:15;;Souscription en cours;Coordonnées personnelles;648.42
1463;27/05/2026 00:50:00;;Souscription en cours;Coordonnées personnelles;809.29
1464;27/05/2026 00:50:00;;Souscription en cours;Coordonnées personnelles;717.75
1465;27/05/2026 00:48:36;;Souscription en cours;Signature Contrat;988.94
1466;27/05/2026 00:48:36;;Souscription en cours;Signature Contrat;945.28
1467;27/05/2026 00:46:37;;En attente d'analyse Agent - Dossier avec erreurs;Signature Contrat;777.68
1468;27/05/2026 00:46:37;;En attente d'analyse Agent - Dossier avec erreurs;Signature Contrat;570.77
1469;27/05/2026 00:42:05;;Souscription en cours;Informations complémentaires (CA, Profession, etc.);711.19
1470;27/05/2026 00:42:05;;Souscription en cours;Informations complémentaires (CA, Profession, etc.);995.20
1471;27/05/2026 00:29:14;;Dossier validé;Parcours terminé;231.96
1472;27/05/2026 00:29:14;;Dossier validé;Parcours terminé;415.24
1473;27/05/2026 00:23:21;;Souscription en cours;Coordonnées personnelles;644.19
1474;27/05/2026 00:23:21;;Souscription en cours;Coordonnées personnelles;870.82
1475;27/05/2026 00:20:41;;Dossier refusé;Informations complémentaires (CA, Profession, etc.);418.27
1476;27/05/2026 00:20:41;;Dossier refusé;Informations complémentaires (CA, Profession, etc.);856.03
1477;27/05/2026 00:03:45;;Dossier refusé;Parcours non démarré;209.63
1478;27/05/2026 00:03:45;;Dossier refusé;Parcours non démarré;936.35
1479;26/05/2026 23:43:18;;Dossier validé;Parcours terminé;882.28
1480;26/05/2026 23:43:18;;Dossier validé;Parcours terminé;233.21
1481;26/05/2026 23:38:39;;Souscription en cours;Coordonnées personnelles;426.76
1482;26/05/2026 23:38:39;;Souscription en cours;Coordonnées personnelles;295.84
1483;26/05/2026 23:36:11;;Souscription en cours;Informations complémentaires (Etablissements, etc.);302.87
1484;26/05/2026 23:36:11;;Souscription en cours;Informations complémentaires (Etablissements, etc.);947.75
1485;26/05/2026 23:15:06;;Souscription non démarrée;Parcours non démarré;304.18
1486;26/05/2026 23:15:06;;Souscription non démarrée;Parcours non démarré;312.06
1487;26/05/2026 23:12:15;;Souscription en cours;Coordonnées personnelles;927.73
1488;26/05/2026 23:12:15;;Souscription en cours;Coordonnées personnelles;358.82
1489;26/05/2026 23:12:09;;Souscription en cours;Vérification d'identité;369.84
1490;26/05/2026 23:12:09;;Souscription en cours;Vérification d'identité;212.78
1491;26/05/2026 23:06:12;;Dossier validé;Parcours terminé;535.41
1492;26/05/2026 23:06:12;;Dossier validé;Parcours terminé;923.40
1493;26/05/2026 23:01:29;;Souscription en cours;Choix de l'offre et livraison;569.74
1494;26/05/2026 23:01:29;;Souscription en cours;Choix de l'offre et livraison;217.47
1495;26/05/2026 23:00:32;;Souscription en cours;Criblages BE(s);580.43
1496;26/05/2026 23:00:32;;Souscription en cours;Criblages BE(s);956.30
1497;26/05/2026 22:25:20;;Dossier refusé;Choix de l'offre et livraison;950.78
1498;26/05/2026 22:25:20;;Dossier refusé;Choix de l'offre et livraison;204.16
1499;26/05/2026 22:25:16;;Souscription en cours;Coordonnées personnelles;282.00
1500;26/05/2026 22:25:16;;Souscription en cours;Coordonnées personnelles;556.68
1501;26/05/2026 22:25:03;;Souscription en cours;Choix de l'offre et livraison;108.30
1502;26/05/2026 22:25:03;;Souscription en cours;Choix de l'offre et livraison;164.53
1503;26/05/2026 21:59:33;;Souscription en cours;Vérification d'identité;853.04
1504;26/05/2026 21:59:33;;Souscription en cours;Vérification d'identité;853.13
1505;26/05/2026 21:49:09;;Souscription en cours;Coordonnées personnelles;317.65
1506;26/05/2026 21:49:09;;Souscription en cours;Coordonnées personnelles;606.38
1507;26/05/2026 21:39:09;;Souscription en cours;Bénéficiaire effectifs;647.77
1508;26/05/2026 21:39:09;;Souscription en cours;Bénéficiaire effectifs;646.39
1509;26/05/2026 21:30:49;;Dossier refusé;Signature Contrat;845.97
1510;26/05/2026 21:30:49;;Dossier refusé;Signature Contrat;313.94
1511;26/05/2026 21:06:49;Louis MARTIN;Dossier validé;Parcours terminé;347.14
1512;26/05/2026 21:06:49;Louis MARTIN;Dossier validé;Parcours terminé;987.89
1513;26/05/2026 21:06:15;;Dossier validé;Parcours terminé;538.98
1514;26/05/2026 21:06:15;;Dossier validé;Parcours terminé;500.00
1515;26/05/2026 21:00:55;;Dossier validé;Parcours terminé;404.75
1516;26/05/2026 21:00:55;;Dossier validé;Parcours terminé;217.93
1517;26/05/2026 20:55:38;;Dossier validé;Parcours terminé;258.43
1518;26/05/2026 20:55:38;;Dossier validé;Parcours terminé;320.66
1519;26/05/2026 20:48:43;;Souscription en cours;Informations complémentaires (CA, Profession, etc.);114.47
1520;26/05/2026 20:48:43;;Souscription en cours;Informations complémentaires (CA, Profession, etc.);432.48
1521;26/05/2026 20:42:10;;Souscription en cours;Vérification d'identité;823.53
1522;26/05/2026 20:42:10;;Souscription en cours;Vérification d'identité;359.64
1523;26/05/2026 20:38:04;;En attente d'analyse Agent - Dossier avec erreurs;Signature Contrat;875.58
1524;26/05/2026 20:38:04;;En attente d'analyse Agent - Dossier avec erreurs;Signature Contrat;573.93
1525;26/05/2026 20:29:30;;Souscription en cours;Vérification d'identité;600.79
1526;26/05/2026 20:29:30;;Souscription en cours;Vérification d'identité;422.64
1527;26/05/2026 20:25:33;;En attente d'analyse Agent - Dossier avec erreurs;Signature Contrat;141.05
1528;26/05/2026 20:25:33;;En attente d'analyse Agent - Dossier avec erreurs;Signature Contrat;271.57
1529;26/05/2026 20:16:25;;Souscription en cours;Signature Contrat;759.78
1530;26/05/2026 20:16:25;;Souscription en cours;Signature Contrat;140.30
1531;26/05/2026 19:49:29;;Dossier validé;Parcours terminé;981.19
1532;26/05/2026 19:49:29;;Dossier validé;Parcours terminé;354.25
1533;26/05/2026 19:48:52;Hugo MARTIN;Dossier refusé;Saisie société;323.40
1534;26/05/2026 19:48:52;Hugo MARTIN;Dossier refusé;Saisie société;748.61
1535;26/05/2026 19:31:34;;Souscription non démarrée;Parcours non démarré;917.79
1536;26/05/2026 19:31:34;;Souscription non démarrée;Parcours non démarré;412.25
1537;26/05/2026 19:28:09;;Dossier validé;Parcours terminé;463.41
1538;26/05/2026 19:28:09;;Dossier validé;Parcours terminé;580.44
1539;26/05/2026 19:08:28;Hugo DUBOIS;Dossier refusé;Saisie société;422.63
1540;26/05/2026 19:08:28;Hugo DUBOIS;Dossier refusé;Saisie société;915.05
1541;26/05/2026 19:05:28;;Souscription en cours;Coordonnées personnelles;905.07
1542;26/05/2026 19:05:28;;Souscription en cours;Coordonnées personnelles;376.81
1543;26/05/2026 19:02:57;;Dossier validé;Parcours terminé;210.12
1544;26/05/2026 19:02:57;;Dossier validé;Parcours terminé;941.55
1545;26/05/2026 18:48:06;;Souscription non démarrée;Parcours non démarré;818.91
1546;26/05/2026 18:48:06;;Souscription non démarrée;Parcours non démarré;591.07
1547;26/05/2026 18:41:19;;Souscription en cours;Coordonnées personnelles;270.31
1548;26/05/2026 18:41:19;;Souscription en cours;Coordonnées personnelles;824.30
1549;26/05/2026 18:25:33;;Dossier validé;Parcours terminé;506.61
1550;26/05/2026 18:25:33;;Dossier validé;Parcours terminé;250.80
1551;26/05/2026 18:24:59;;Dossier refusé;Informations complémentaires (Etablissements, etc.);733.33
1552;26/05/2026 18:24:59;;Dossier refusé;Informations complémentaires (Etablissements, etc.);207.55
1553;26/05/2026 18:21:10;;Souscription non démarrée;Parcours non démarré;702.87
1554;26/05/2026 18:21:10;;Souscription non démarrée;Parcours non démarré;875.62
1555;26/05/2026 18:02:35;;En attente d'analyse Agent - Dossier avec erreurs;Signature Contrat;682.53
1556;26/05/2026 18:02:35;;En attente d'analyse Agent - Dossier avec erreurs;Signature Contrat;223.01
1557;26/05/2026 17:59:53;;Souscription en cours;Signature Contrat;951.73
1558;26/05/2026 17:59:53;;Souscription en cours;Signature Contrat;881.59
1559;26/05/2026 17:57:49;;Souscription en cours;Signature Contrat;850.86
1560;26/05/2026 17:57:49;;Souscription en cours;Signature Contrat;516.77
1561;26/05/2026 17:52:31;;En attente d'analyse Agent - Dossier avec erreurs;Signature Contrat;236.92
1562;26/05/2026 17:52:31;;En attente d'analyse Agent - Dossier avec erreurs;Signature Contrat;398.25
1563;26/05/2026 17:37:58;;Dossier validé;Parcours terminé;198.14
1564;26/05/2026 17:37:58;;Dossier validé;Parcours terminé;696.91
1565;26/05/2026 17:31:12;;Souscription en cours;Vérification d'identité;962.85
1566;26/05/2026 17:31:12;;Souscription en cours;Vérification d'identité;947.70
1567;26/05/2026 17:28:39;;Dossier refusé;Choix de l'offre et livraison;140.37
1568;26/05/2026 17:28:39;;Dossier refusé;Choix de l'offre et livraison;283.15
1569;26/05/2026 17:27:52;;Souscription en cours;Vérification d'identité;231.54
1570;26/05/2026 17:27:52;;Souscription en cours;Vérification d'identité;219.29
1571;26/05/2026 17:24:15;;Souscription non démarrée;Parcours non démarré;101.73
1572;26/05/2026 17:24:15;;Souscription non démarrée;Parcours non démarré;452.33
1573;26/05/2026 17:22:25;;Dossier refusé;Saisie société;828.94
1574;26/05/2026 17:22:25;;Dossier refusé;Saisie société;587.27
1575;26/05/2026 17:15:53;;Souscription en cours;Vérification d'identité;872.77
1576;26/05/2026 17:15:53;;Souscription en cours;Vérification d'identité;186.56
1577;26/05/2026 17:15:47;;En attente d'analyse Agent - Dossier avec erreurs;Signature Contrat;439.90
1578;26/05/2026 17:15:47;;En attente d'analyse Agent - Dossier avec erreurs;Signature Contrat;150.61
1579;26/05/2026 17:15:38;;Souscription en cours;Signature Contrat;912.38
1580;26/05/2026 17:15:38;;Souscription en cours;Signature Contrat;758.65
1581;26/05/2026 17:15:26;;Dossier validé;Parcours terminé;469.09
1582;26/05/2026 17:15:26;;Dossier validé;Parcours terminé;551.09
1583;26/05/2026 17:02:25;;En attente d'analyse Agent - Dossier avec erreurs;Signature Contrat;617.41
1584;26/05/2026 17:02:25;;En attente d'analyse Agent - Dossier avec erreurs;Signature Contrat;362.04
1585;26/05/2026 17:00:14;;Dossier validé;Parcours terminé;936.10
1586;26/05/2026 17:00:14;;Dossier validé;Parcours terminé;413.18
1587;26/05/2026 16:56:12;;Dossier refusé;Saisie société;527.45
1588;26/05/2026 16:56:12;;Dossier refusé;Saisie société;205.72
1589;26/05/2026 16:52:26;;Souscription en cours;Informations complémentaires (Etablissements, etc.);596.43
1590;26/05/2026 16:52:26;;Souscription en cours;Informations complémentaires (Etablissements, etc.);433.24
1591;26/05/2026 16:39:22;;Dossier validé;Parcours terminé;443.81
1592;26/05/2026 16:39:22;;Dossier validé;Parcours terminé;431.86
1593;26/05/2026 16:38:42;;Dossier refusé;Saisie société;919.03
1594;26/05/2026 16:38:42;;Dossier refusé;Saisie société;704.50
1595;26/05/2026 16:36:44;;En attente d'analyse Agent - Dossier avec erreurs;Signature Contrat;916.32
1596;26/05/2026 16:36:44;;En attente d'analyse Agent - Dossier avec erreurs;Signature Contrat;671.62
1597;26/05/2026 16:33:41;;Dossier validé;Parcours terminé;886.13
1598;26/05/2026 16:33:41;;Dossier validé;Parcours terminé;230.34
1599;26/05/2026 16:32:45;;Souscription en cours;Informations complémentaires (CA, Profession, etc.);676.57
1600;26/05/2026 16:32:45;;Souscription en cours;Informations complémentaires (CA, Profession, etc.);181.39
1601;26/05/2026 16:29:20;;Dossier refusé;Signature Contrat;887.48
1602;26/05/2026 16:29:20;;Dossier refusé;Signature Contrat;420.52
1603;26/05/2026 16:26:23;;Dossier refusé;Choix de l'offre et livraison;786.03
1604;26/05/2026 16:26:23;;Dossier refusé;Choix de l'offre et livraison;884.43
1605;26/05/2026 16:24:40;;Souscription en cours;Coordonnées personnelles;844.15
1606;26/05/2026 16:24:40;;Souscription en cours;Coordonnées personnelles;432.05
1607;26/05/2026 16:13:21;;Souscription en cours;Coordonnées personnelles;943.36
1608;26/05/2026 16:13:21;;Souscription en cours;Coordonnées personnelles;793.76
1609;26/05/2026 16:13:15;;Souscription en cours;Signature Contrat;650.75
1610;26/05/2026 16:13:15;;Souscription en cours;Signature Contrat;463.02
1611;26/05/2026 16:11:29;;Dossier validé;Parcours terminé;335.01
1612;26/05/2026 16:11:29;;Dossier validé;Parcours terminé;859.91
1613;26/05/2026 16:10:45;;Souscription en cours;Coordonnées personnelles;211.52
1614;26/05/2026 16:10:45;;Souscription en cours;Coordonnées personnelles;838.99
1615;26/05/2026 16:06:23;;Souscription en cours;Choix de l'offre et livraison;518.96
1616;26/05/2026 16:06:23;;Souscription en cours;Choix de l'offre et livraison;132.38
1617;26/05/2026 16:04:22;;Souscription en cours;Informations complémentaires (Etablissements, etc.);705.99
1618;26/05/2026 16:04:22;;Souscription en cours;Informations complémentaires (Etablissements, etc.);258.57
1619;26/05/2026 16:03:44;;Souscription en cours;Coordonnées personnelles;304.11
1620;26/05/2026 16:03:44;;Souscription en cours;Coordonnées personnelles;464.93
1621;26/05/2026 16:02:49;;Souscription en cours;Coordonnées personnelles;752.55
1622;26/05/2026 16:02:49;;Souscription en cours;Coordonnées personnelles;961.46
1623;26/05/2026 15:58:11;;Souscription en cours;Synchronisation référentiel personne NOVA;560.78
1624;26/05/2026 15:58:11;;Souscription en cours;Synchronisation référentiel personne NOVA;818.41
1625;26/05/2026 15:47:41;;Dossier validé;Parcours terminé;563.99
1626;26/05/2026 15:47:41;;Dossier validé;Parcours terminé;226.85
1627;26/05/2026 15:41:11;;Dossier refusé;Saisie société;406.85
1628;26/05/2026 15:41:11;;Dossier refusé;Saisie société;171.27
1629;26/05/2026 15:36:53;;Souscription non démarrée;Parcours non démarré;545.60
1630;26/05/2026 15:36:53;;Souscription non démarrée;Parcours non démarré;645.13
1631;26/05/2026 15:36:21;;Dossier validé;Parcours terminé;561.15
1632;26/05/2026 15:36:21;;Dossier validé;Parcours terminé;382.33
1633;26/05/2026 15:20:10;;Souscription en cours;Coordonnées personnelles;337.42
1634;26/05/2026 15:20:10;;Souscription en cours;Coordonnées personnelles;367.34
1635;26/05/2026 15:20:02;Hugo MARTIN;Dossier validé;Parcours terminé;578.39
1636;26/05/2026 15:20:02;Hugo MARTIN;Dossier validé;Parcours terminé;784.06
1637;26/05/2026 15:16:55;;Souscription non démarrée;Parcours non démarré;745.34
1638;26/05/2026 15:16:55;;Souscription non démarrée;Parcours non démarré;630.01
1639;26/05/2026 15:12:00;;Souscription en cours;Coordonnées personnelles;718.25
1640;26/05/2026 15:12:00;;Souscription en cours;Coordonnées personnelles;378.61
1641;26/05/2026 15:04:08;;Souscription en cours;Choix de l'offre et livraison;384.06
1642;26/05/2026 15:04:08;;Souscription en cours;Choix de l'offre et livraison;619.48
1643;26/05/2026 15:03:38;Hugo MARTIN;Dossier validé;Parcours terminé;994.22
1644;26/05/2026 15:03:38;Hugo MARTIN;Dossier validé;Parcours terminé;350.95
1645;26/05/2026 15:01:42;;Souscription en cours;Signature Contrat;520.68
1646;26/05/2026 15:01:42;;Souscription en cours;Signature Contrat;229.56
1647;26/05/2026 15:01:05;;Souscription en cours;Synchronisation référentiel personne NOVA;689.68
1648;26/05/2026 15:01:05;;Souscription en cours;Synchronisation référentiel personne NOVA;137.76
1649;26/05/2026 15:00:35;;Dossier validé;Parcours terminé;920.57
1650;26/05/2026 15:00:35;;Dossier validé;Parcours terminé;707.34
1651;26/05/2026 14:57:12;;Souscription en cours;Bénéficiaire effectifs;919.18
1652;26/05/2026 14:57:12;;Souscription en cours;Bénéficiaire effectifs;278.03
1653;26/05/2026 14:54:40;;Dossier validé;Parcours terminé;353.92
1654;26/05/2026 14:54:40;;Dossier validé;Parcours terminé;587.79
1655;26/05/2026 14:54:25;;Dossier validé;Parcours terminé;547.90
1656;26/05/2026 14:54:25;;Dossier validé;Parcours terminé;731.09
1657;26/05/2026 14:54:00;;Dossier validé;Parcours terminé;504.97
1658;26/05/2026 14:54:00;;Dossier validé;Parcours terminé;262.74
1659;26/05/2026 14:51:53;;Dossier refusé;Saisie société;244.12
1660;26/05/2026 14:51:53;;Dossier refusé;Saisie société;136.08
1661;26/05/2026 14:51:50;;En attente d'analyse Agent - Dossier avec erreurs;Signature Contrat;801.36
1662;26/05/2026 14:51:50;;En attente d'analyse Agent - Dossier avec erreurs;Signature Contrat;342.99
1663;26/05/2026 14:43:09;;Dossier validé;Parcours terminé;986.12
1664;26/05/2026 14:43:09;;Dossier validé;Parcours terminé;973.31
1665;26/05/2026 14:40:51;;Souscription non démarrée;Parcours non démarré;630.98
1666;26/05/2026 14:40:51;;Souscription non démarrée;Parcours non démarré;938.64
1667;26/05/2026 14:31:09;;Dossier validé;Parcours terminé;927.29
1668;26/05/2026 14:31:09;;Dossier validé;Parcours terminé;578.52
1669;26/05/2026 14:27:38;;Souscription en cours;Synchronisation référentiel personne NOVA;705.08
1670;26/05/2026 14:27:38;;Souscription en cours;Synchronisation référentiel personne NOVA;470.11
1671;26/05/2026 14:22:28;;Dossier validé;Parcours terminé;503.71
1672;26/05/2026 14:22:28;;Dossier validé;Parcours terminé;295.90
1673;26/05/2026 14:19:19;;Souscription en cours;Coordonnées personnelles;699.17
1674;26/05/2026 14:19:19;;Souscription en cours;Coordonnées personnelles;190.38
1675;26/05/2026 14:13:01;;Souscription en cours;Coordonnées personnelles;704.65
1676;26/05/2026 14:13:01;;Souscription en cours;Coordonnées personnelles;936.21
1677;26/05/2026 14:11:14;;Dossier refusé;Informations complémentaires (CA, Profession, etc.);281.03
1678;26/05/2026 14:11:14;;Dossier refusé;Informations complémentaires (CA, Profession, etc.);724.66
1679;26/05/2026 14:08:02;;Souscription en cours;Coordonnées personnelles;215.43
1680;26/05/2026 14:08:02;;Souscription en cours;Coordonnées personnelles;569.71
1681;26/05/2026 14:02:54;;Dossier validé;Parcours terminé;590.36
1682;26/05/2026 14:02:54;;Dossier validé;Parcours terminé;720.65
1683;26/05/2026 13:56:14;;Souscription en cours;Coordonnées personnelles;375.77
1684;26/05/2026 13:56:14;;Souscription en cours;Coordonnées personnelles;536.33
1685;26/05/2026 13:56:01;;Dossier validé;Parcours terminé;893.27
1686;26/05/2026 13:56:01;;Dossier validé;Parcours terminé;471.62
1687;26/05/2026 13:53:58;;Souscription en cours;Coordonnées personnelles;898.44
1688;26/05/2026 13:53:58;;Souscription en cours;Coordonnées personnelles;810.10
1689;26/05/2026 13:53:06;;Souscription en cours;Signature Contrat;658.97
1690;26/05/2026 13:53:06;;Souscription en cours;Signature Contrat;528.06
1691;26/05/2026 13:43:39;;Souscription en cours;Bénéficiaire effectifs;345.25
1692;26/05/2026 13:43:39;;Souscription en cours;Bénéficiaire effectifs;481.73
1693;26/05/2026 13:16:00;;Souscription non démarrée;Parcours non démarré;280.55
1694;26/05/2026 13:16:00;;Souscription non démarrée;Parcours non démarré;326.74
1695;26/05/2026 13:05:58;;Dossier refusé;Signature Contrat;978.48
1696;26/05/2026 13:05:58;;Dossier refusé;Signature Contrat;155.06
1697;26/05/2026 13:02:28;;Dossier validé;Parcours terminé;816.06
1698;26/05/2026 13:02:28;;Dossier validé;Parcours terminé;119.46
1699;26/05/2026 12:55:14;;Souscription en cours;Choix de l'offre et livraison;968.54
1700;26/05/2026 12:55:14;;Souscription en cours;Choix de l'offre et livraison;652.93
1701;26/05/2026 12:43:18;;Souscription en cours;Choix de l'offre et livraison;976.96
1702;26/05/2026 12:43:18;;Souscription en cours;Choix de l'offre et livraison;430.45
1703;26/05/2026 12:40:10;;Dossier validé;Parcours terminé;416.11
1704;26/05/2026 12:40:10;;Dossier validé;Parcours terminé;880.56
1705;26/05/2026 12:29:17;;Souscription en cours;Choix de l'offre et livraison;268.14
1706;26/05/2026 12:29:17;;Souscription en cours;Choix de l'offre et livraison;534.18
1707;26/05/2026 12:24:07;;Souscription en cours;Coordonnées personnelles;439.12
1708;26/05/2026 12:24:07;;Souscription en cours;Coordonnées personnelles;647.99
1709;26/05/2026 12:21:22;;Souscription non démarrée;Parcours non démarré;148.75
1710;26/05/2026 12:21:22;;Souscription non démarrée;Parcours non démarré;596.02
1711;26/05/2026 12:19:55;;Souscription non démarrée;Parcours non démarré;855.89
1712;26/05/2026 12:19:55;;Souscription non démarrée;Parcours non démarré;676.61
1713;26/05/2026 12:18:18;;Souscription en cours;Vérification d'identité;402.28
1714;26/05/2026 12:18:18;;Souscription en cours;Vérification d'identité;815.84
1715;26/05/2026 12:16:25;;Souscription en cours;Coordonnées personnelles;529.17
1716;26/05/2026 12:16:25;;Souscription en cours;Coordonnées personnelles;674.34
1717;26/05/2026 12:14:36;;Souscription en cours;Coordonnées personnelles;830.41
1718;26/05/2026 12:14:36;;Souscription en cours;Coordonnées personnelles;865.97
1719;26/05/2026 12:11:47;;Souscription en cours;Choix de l'offre et livraison;508.73
1720;26/05/2026 12:11:47;;Souscription en cours;Choix de l'offre et livraison;653.76
1721;26/05/2026 12:05:53;;Souscription non démarrée;Parcours non démarré;484.31
1722;26/05/2026 12:05:53;;Souscription non démarrée;Parcours non démarré;137.88
1723;26/05/2026 11:58:48;;Dossier validé;Parcours terminé;221.66
1724;26/05/2026 11:58:48;;Dossier validé;Parcours terminé;465.79
1725;26/05/2026 11:56:44;;Dossier validé;Parcours terminé;176.35
1726;26/05/2026 11:56:44;;Dossier validé;Parcours terminé;774.52
1727;26/05/2026 11:56:39;Hugo DUBOIS;Dossier validé;Parcours terminé;387.75
1728;26/05/2026 11:56:39;Hugo DUBOIS;Dossier validé;Parcours terminé;407.09
1729;26/05/2026 11:54:59;;Souscription en cours;Coordonnées personnelles;457.09
1730;26/05/2026 11:54:59;;Souscription en cours;Coordonnées personnelles;227.35
1731;26/05/2026 11:41:43;;En attente d'analyse Agent - Dossier avec erreurs;Signature Contrat;185.07
1732;26/05/2026 11:41:43;;En attente d'analyse Agent - Dossier avec erreurs;Signature Contrat;144.36
1733;26/05/2026 11:39:05;;Dossier refusé;Signature Contrat;555.42
1734;26/05/2026 11:39:05;;Dossier refusé;Signature Contrat;369.76
1735;26/05/2026 11:31:45;;Souscription non démarrée;Parcours non démarré;376.41
1736;26/05/2026 11:31:45;;Souscription non démarrée;Parcours non démarré;314.77
1737;26/05/2026 11:29:09;;Souscription en cours;Coordonnées personnelles;283.45
1738;26/05/2026 11:29:09;;Souscription en cours;Coordonnées personnelles;885.12
1739;26/05/2026 11:28:10;;Souscription en cours;Coordonnées personnelles;831.61
1740;26/05/2026 11:28:10;;Souscription en cours;Coordonnées personnelles;454.89
1741;26/05/2026 11:27:41;;En attente d'analyse Agent - Dossier avec erreurs;Signature Contrat;522.47
1742;26/05/2026 11:27:41;;En attente d'analyse Agent - Dossier avec erreurs;Signature Contrat;650.04
1743;26/05/2026 11:26:18;;Dossier validé;Parcours terminé;374.66
1744;26/05/2026 11:26:18;;Dossier validé;Parcours terminé;359.97
1745;26/05/2026 11:25:03;;Souscription en cours;Choix de l'offre et livraison;613.03
1746;26/05/2026 11:25:03;;Souscription en cours;Choix de l'offre et livraison;880.80
1747;26/05/2026 11:23:51;;Souscription en cours;Choix de l'offre et livraison;444.58
1748;26/05/2026 11:23:51;;Souscription en cours;Choix de l'offre et livraison;714.86
1749;26/05/2026 11:11:41;;Dossier validé;Parcours terminé;429.12
1750;26/05/2026 11:11:41;;Dossier validé;Parcours terminé;933.86
1751;26/05/2026 11:04:55;;Souscription en cours;Coordonnées personnelles;261.06
1752;26/05/2026 11:04:55;;Souscription en cours;Coordonnées personnelles;832.82
1753;26/05/2026 11:00:06;;Dossier validé;Parcours terminé;296.01
1754;26/05/2026 11:00:06;;Dossier validé;Parcours terminé;789.02
1755;26/05/2026 11:00:00;;Dossier refusé;Signature Contrat;855.07
1756;26/05/2026 11:00:00;;Dossier refusé;Signature Contrat;675.97
1757;26/05/2026 10:54:48;;Souscription en cours;Choix de l'offre et livraison;873.85
1758;26/05/2026 10:54:48;;Souscription en cours;Choix de l'offre et livraison;689.52
1759;26/05/2026 10:54:19;;Souscription non démarrée;Parcours non démarré;538.20
1760;26/05/2026 10:54:19;;Souscription non démarrée;Parcours non démarré;331.67
1761;26/05/2026 10:46:48;;En attente d'analyse Agent - Dossier avec erreurs;Signature Contrat;974.63
1762;26/05/2026 10:46:48;;En attente d'analyse Agent - Dossier avec erreurs;Signature Contrat;543.41
1763;26/05/2026 10:40:44;;Souscription en cours;Coordonnées personnelles;857.70
1764;26/05/2026 10:40:44;;Souscription en cours;Coordonnées personnelles;759.46
1765;26/05/2026 10:40:12;;En attente d'analyse Agent - Dossier avec erreurs;Signature Contrat;522.69
1766;26/05/2026 10:40:12;;En attente d'analyse Agent - Dossier avec erreurs;Signature Contrat;403.19
1767;26/05/2026 10:39:19;;Dossier validé;Parcours terminé;886.20
1768;26/05/2026 10:39:19;;Dossier validé;Parcours terminé;825.62
1769;26/05/2026 10:39:01;;Dossier validé;Parcours terminé;831.08
1770;26/05/2026 10:39:01;;Dossier validé;Parcours terminé;644.73
1771;26/05/2026 10:38:24;;En attente d'analyse Agent - Dossier avec erreurs;Signature Contrat;961.89
1772;26/05/2026 10:38:24;;En attente d'analyse Agent - Dossier avec erreurs;Signature Contrat;119.36
1773;26/05/2026 10:36:30;;Souscription en cours;Choix de l'offre et livraison;412.75
1774;26/05/2026 10:36:30;;Souscription en cours;Choix de l'offre et livraison;271.77
1775;26/05/2026 10:35:39;;Souscription non démarrée;Parcours non démarré;428.46
1776;26/05/2026 10:35:39;;Souscription non démarrée;Parcours non démarré;276.31
1777;26/05/2026 10:14:52;;Dossier validé;Parcours terminé;680.77
1778;26/05/2026 10:14:52;;Dossier validé;Parcours terminé;716.08
1779;26/05/2026 10:13:52;;Souscription en cours;Vérification d'identité;633.10
1780;26/05/2026 10:13:52;;Souscription en cours;Vérification d'identité;873.42
1781;26/05/2026 10:06:06;;Souscription en cours;Choix de l'offre et livraison;939.68
1782;26/05/2026 10:06:06;;Souscription en cours;Choix de l'offre et livraison;618.51
1783;26/05/2026 09:52:27;;Souscription en cours;Synchronisation référentiel personne NOVA;384.83
1784;26/05/2026 09:52:27;;Souscription en cours;Synchronisation référentiel personne NOVA;128.97
1785;26/05/2026 09:47:30;;Souscription en cours;Coordonnées personnelles;573.25
1786;26/05/2026 09:47:30;;Souscription en cours;Coordonnées personnelles;461.76
1787;26/05/2026 09:43:03;;Dossier validé;Parcours terminé;349.93
1788;26/05/2026 09:43:03;;Dossier validé;Parcours terminé;539.00
1789;26/05/2026 09:41:11;;Dossier refusé;Saisie société;808.22
1790;26/05/2026 09:41:11;;Dossier refusé;Saisie société;219.40
1791;26/05/2026 09:38:37;;En attente d'analyse Agent - Dossier avec erreurs;Signature Contrat;232.23
1792;26/05/2026 09:38:37;;En attente d'analyse Agent - Dossier avec erreurs;Signature Contrat;131.63
1793;26/05/2026 09:36:55;;Dossier validé;Parcours terminé;552.53
1794;26/05/2026 09:36:55;;Dossier validé;Parcours terminé;194.82
1795;26/05/2026 09:36:31;;Dossier refusé;Saisie société;385.41
1796;26/05/2026 09:36:31;;Dossier refusé;Saisie société;428.27
1797;26/05/2026 09:35:58;;Souscription en cours;Coordonnées personnelles;195.80
1798;26/05/2026 09:35:58;;Souscription en cours;Coordonnées personnelles;689.38
1799;26/05/2026 09:28:07;;Dossier validé;Parcours terminé;960.69
1800;26/05/2026 09:28:07;;Dossier validé;Parcours terminé;219.46
1801;26/05/2026 09:25:17;;Souscription en cours;Coordonnées personnelles;907.80
1802;26/05/2026 09:25:17;;Souscription en cours;Coordonnées personnelles;600.23
1803;26/05/2026 09:08:58;Z5750800;Dossier validé;Parcours terminé;877.41
1804;26/05/2026 09:08:58;Z5750800;Dossier validé;Parcours terminé;443.13
1805;26/05/2026 09:04:57;;Souscription en cours;Choix de l'offre et livraison;543.82
1806;26/05/2026 09:04:57;;Souscription en cours;Choix de l'offre et livraison;384.59
1807;26/05/2026 08:58:10;;Souscription en cours;Coordonnées personnelles;925.37
1808;26/05/2026 08:58:10;;Souscription en cours;Coordonnées personnelles;394.58
1809;26/05/2026 08:40:10;;Souscription en cours;Coordonnées personnelles;355.77
1810;26/05/2026 08:40:10;;Souscription en cours;Coordonnées personnelles;872.54
1811;26/05/2026 08:37:03;;Dossier validé;Parcours terminé;762.26
1812;26/05/2026 08:37:03;;Dossier validé;Parcours terminé;695.25
1813;26/05/2026 08:15:24;;Dossier validé;Parcours terminé;146.90
1814;26/05/2026 08:15:24;;Dossier validé;Parcours terminé;463.26
1815;26/05/2026 08:02:08;;Dossier refusé;Saisie société;246.11
1816;26/05/2026 08:02:08;;Dossier refusé;Saisie société;507.91
1817;26/05/2026 07:57:27;;En attente d'analyse Agent - Dossier avec erreurs;Signature Contrat;329.09
1818;26/05/2026 07:57:27;;En attente d'analyse Agent - Dossier avec erreurs;Signature Contrat;218.02
1819;26/05/2026 07:52:54;;Dossier validé;Parcours terminé;166.40
1820;26/05/2026 07:52:54;;Dossier validé;Parcours terminé;295.25
1821;26/05/2026 06:17:52;;Souscription en cours;Vérification d'identité;424.40
1822;26/05/2026 06:17:52;;Souscription en cours;Vérification d'identité;732.08
1823;26/05/2026 05:06:07;;Souscription en cours;Coordonnées personnelles;839.47
1824;26/05/2026 05:06:07;;Souscription en cours;Coordonnées personnelles;297.66
1825;26/05/2026 04:54:14;;Dossier validé;Parcours terminé;125.43
1826;26/05/2026 04:54:14;;Dossier validé;Parcours terminé;815.07
1827;26/05/2026 02:56:15;;Souscription en cours;Vérification d'identité;176.35
1828;26/05/2026 02:56:15;;Souscription en cours;Vérification d'identité;906.40
1829;26/05/2026 02:52:09;;Souscription en cours;Coordonnées personnelles;563.61
1830;26/05/2026 02:52:09;;Souscription en cours;Coordonnées personnelles;168.03
1831;26/05/2026 02:47:16;;Dossier validé;Parcours terminé;110.87
1832;26/05/2026 02:47:16;;Dossier validé;Parcours terminé;762.09
1833;26/05/2026 02:14:43;;Dossier refusé;Saisie société;388.28
1834;26/05/2026 02:14:43;;Dossier refusé;Saisie société;637.96
1835;26/05/2026 02:08:38;;Souscription en cours;Informations complémentaires (Etablissements, etc.);571.35
1836;26/05/2026 02:08:38;;Souscription en cours;Informations complémentaires (Etablissements, etc.);695.17
1837;26/05/2026 02:01:23;;En attente d'analyse Agent - Dossier avec erreurs;Signature Contrat;589.07
1838;26/05/2026 02:01:23;;En attente d'analyse Agent - Dossier avec erreurs;Signature Contrat;269.51
1839;26/05/2026 01:31:26;;Dossier refusé;Saisie société;782.30
1840;26/05/2026 01:31:26;;Dossier refusé;Saisie société;744.52
1841;26/05/2026 00:47:16;;Souscription en cours;Coordonnées personnelles;127.06
1842;26/05/2026 00:47:16;;Souscription en cours;Coordonnées personnelles;949.46
1843;26/05/2026 00:30:17;;Dossier validé;Parcours terminé;608.93
1844;26/05/2026 00:30:17;;Dossier validé;Parcours terminé;475.96
1845;26/05/2026 00:23:57;;Dossier refusé;Saisie société;142.27
1846;26/05/2026 00:23:57;;Dossier refusé;Saisie société;606.99
1847;26/05/2026 00:19:33;;Dossier refusé;Signature Contrat;942.53
1848;26/05/2026 00:19:33;;Dossier refusé;Signature Contrat;454.96
1849;26/05/2026 00:18:12;;Souscription en cours;Signature Contrat;282.37
1850;26/05/2026 00:18:12;;Souscription en cours;Signature Contrat;431.85
1851;26/05/2026 00:15:18;;Dossier refusé;Saisie société;886.15
1852;26/05/2026 00:15:18;;Dossier refusé;Saisie société;382.68
1853;26/05/2026 00:03:32;;Dossier validé;Parcours terminé;455.66
1854;26/05/2026 00:03:32;;Dossier validé;Parcours terminé;279.18
1855;25/05/2026 23:39:41;;Dossier refusé;Saisie société;272.43
1856;25/05/2026 23:39:41;;Dossier refusé;Saisie société;157.50
1857;25/05/2026 23:07:21;;Dossier refusé;Saisie société;492.82
1858;25/05/2026 23:07:21;;Dossier refusé;Saisie société;763.13
1859;25/05/2026 23:06:18;;Souscription en cours;Criblages BE(s);595.36
1860;25/05/2026 23:06:18;;Souscription en cours;Criblages BE(s);702.89
1861;25/05/2026 23:01:39;;Dossier validé;Parcours terminé;252.49
1862;25/05/2026 23:01:39;;Dossier validé;Parcours terminé;458.40
1863;25/05/2026 22:58:19;;Dossier validé;Parcours terminé;564.73
1864;25/05/2026 22:58:19;;Dossier validé;Parcours terminé;788.08
1865;25/05/2026 22:57:23;;Souscription en cours;Bénéficiaire effectifs;248.66
1866;25/05/2026 22:57:23;;Souscription en cours;Bénéficiaire effectifs;489.54
1867;25/05/2026 22:17:42;;Souscription en cours;Coordonnées personnelles;354.36
1868;25/05/2026 22:17:42;;Souscription en cours;Coordonnées personnelles;994.57
1869;25/05/2026 22:07:51;;Dossier validé;Parcours terminé;948.58
1870;25/05/2026 22:07:51;;Dossier validé;Parcours terminé;568.32
1871;25/05/2026 22:01:54;;Souscription en cours;Informations complémentaires (CA, Profession, etc.);269.68
1872;25/05/2026 22:01:54;;Souscription en cours;Informations complémentaires (CA, Profession, etc.);321.15
1873;25/05/2026 21:46:30;;Souscription en cours;Signature Contrat;280.77
1874;25/05/2026 21:46:30;;Souscription en cours;Signature Contrat;959.22
1875;25/05/2026 21:33:54;;Souscription en cours;Choix de l'offre et livraison;136.65
1876;25/05/2026 21:33:54;;Souscription en cours;Choix de l'offre et livraison;534.56
1877;25/05/2026 21:28:58;;Dossier validé;Parcours terminé;755.49
1878;25/05/2026 21:28:58;;Dossier validé;Parcours terminé;814.50
1879;25/05/2026 21:22:56;;Souscription en cours;Coordonnées personnelles;350.70
1880;25/05/2026 21:22:56;;Souscription en cours;Coordonnées personnelles;148.43
1881;25/05/2026 21:13:20;;Dossier validé;Parcours terminé;835.89
1882;25/05/2026 21:13:20;;Dossier validé;Parcours terminé;836.53
1883;25/05/2026 21:09:35;;Souscription en cours;Vérification d'identité;959.32
1884;25/05/2026 21:09:35;;Souscription en cours;Vérification d'identité;726.89
1885;25/05/2026 21:05:18;;Dossier validé;Parcours terminé;521.84
1886;25/05/2026 21:05:18;;Dossier validé;Parcours terminé;297.21
1887;25/05/2026 20:55:03;Manon LEFEBVRE;Dossier refusé;Saisie société;527.84
1888;25/05/2026 20:55:03;Manon LEFEBVRE;Dossier refusé;Saisie société;334.44
1889;25/05/2026 20:40:46;;Dossier refusé;Saisie société;853.23
1890;25/05/2026 20:40:46;;Dossier refusé;Saisie société;918.40
1891;25/05/2026 20:35:28;;Dossier validé;Parcours terminé;802.04
1892;25/05/2026 20:35:28;;Dossier validé;Parcours terminé;750.27
1893;25/05/2026 20:34:10;;Dossier refusé;Saisie société;401.40
1894;25/05/2026 20:34:10;;Dossier refusé;Saisie société;368.58
1895;25/05/2026 20:26:47;;Souscription en cours;Coordonnées personnelles;556.41
1896;25/05/2026 20:26:47;;Souscription en cours;Coordonnées personnelles;669.64
1897;25/05/2026 20:25:22;;Souscription en cours;Vérification d'identité;692.23
1898;25/05/2026 20:25:22;;Souscription en cours;Vérification d'identité;778.83
1899;25/05/2026 19:03:50;;Souscription en cours;Vérification d'identité;569.29
1900;25/05/2026 19:03:50;;Souscription en cours;Vérification d'identité;499.31
1901;25/05/2026 18:59:02;;En attente d'analyse Agent - Dossier avec erreurs;Signature Contrat;842.00
1902;25/05/2026 18:59:02;;En attente d'analyse Agent - Dossier avec erreurs;Signature Contrat;955.34
1903;25/05/2026 18:55:18;;Dossier validé;Parcours terminé;539.26
1904;25/05/2026 18:55:18;;Dossier validé;Parcours terminé;464.65
1905;25/05/2026 18:46:09;;Souscription en cours;Choix de l'offre et livraison;847.36
1906;25/05/2026 18:46:09;;Souscription en cours;Choix de l'offre et livraison;160.14
1907;25/05/2026 18:42:55;;Souscription en cours;Vérification d'identité;435.40
1908;25/05/2026 18:42:55;;Souscription en cours;Vérification d'identité;480.42
1909;25/05/2026 18:35:46;;Dossier validé;Parcours terminé;139.11
1910;25/05/2026 18:35:46;;Dossier validé;Parcours terminé;145.14
1911;25/05/2026 18:31:53;;Souscription en cours;Choix de l'offre et livraison;347.54
1912;25/05/2026 18:31:53;;Souscription en cours;Choix de l'offre et livraison;502.30
1913;25/05/2026 18:30:28;;Dossier refusé;Bénéficiaire effectifs;594.22
1914;25/05/2026 18:30:28;;Dossier refusé;Bénéficiaire effectifs;391.48
1915;25/05/2026 18:26:14;;Dossier validé;Parcours terminé;335.39
1916;25/05/2026 18:26:14;;Dossier validé;Parcours terminé;109.26
1917;25/05/2026 18:10:37;Hugo MARTIN;Dossier validé;Parcours terminé;403.18
1918;25/05/2026 18:10:37;Hugo MARTIN;Dossier validé;Parcours terminé;646.83
1919;25/05/2026 17:51:28;;Souscription en cours;Choix de l'offre et livraison;944.55
1920;25/05/2026 17:51:28;;Souscription en cours;Choix de l'offre et livraison;988.45
1921;25/05/2026 17:39:50;;En attente d'analyse Agent - Dossier avec erreurs;Signature Contrat;730.53
1922;25/05/2026 17:39:50;;En attente d'analyse Agent - Dossier avec erreurs;Signature Contrat;240.36
1923;25/05/2026 17:32:04;Adam LAURENT;Dossier validé;Parcours terminé;610.59
1924;25/05/2026 17:32:04;Adam LAURENT;Dossier validé;Parcours terminé;664.52
1925;25/05/2026 17:29:51;;Dossier refusé;Saisie société;164.13
1926;25/05/2026 17:29:51;;Dossier refusé;Saisie société;411.96
1927;25/05/2026 17:26:52;;Dossier validé;Parcours terminé;845.00
1928;25/05/2026 17:26:52;;Dossier validé;Parcours terminé;622.17
1929;25/05/2026 17:24:02;;Souscription non démarrée;Parcours non démarré;774.96
1930;25/05/2026 17:24:02;;Souscription non démarrée;Parcours non démarré;543.67
1931;25/05/2026 17:22:19;;En attente d'analyse Agent - Dossier avec erreurs;Signature Contrat;361.04
1932;25/05/2026 17:22:19;;En attente d'analyse Agent - Dossier avec erreurs;Signature Contrat;924.33
1933;25/05/2026 17:10:28;;Souscription en cours;Coordonnées personnelles;955.66
1934;25/05/2026 17:10:28;;Souscription en cours;Coordonnées personnelles;187.16
1935;25/05/2026 17:06:47;;Dossier refusé;Signature Contrat;751.50
1936;25/05/2026 17:06:47;;Dossier refusé;Signature Contrat;609.87
1937;25/05/2026 17:00:26;;Souscription en cours;Coordonnées personnelles;642.30
1938;25/05/2026 17:00:26;;Souscription en cours;Coordonnées personnelles;785.08
1939;25/05/2026 16:56:36;;Souscription en cours;Coordonnées personnelles;839.94
1940;25/05/2026 16:56:36;;Souscription en cours;Coordonnées personnelles;749.14
1941;25/05/2026 16:52:49;Hugo MARTIN;Dossier refusé;Saisie société;907.79
1942;25/05/2026 16:52:49;Hugo MARTIN;Dossier refusé;Saisie société;663.63
1943;25/05/2026 16:50:27;;Dossier validé;Parcours terminé;842.80
1944;25/05/2026 16:50:27;;Dossier validé;Parcours terminé;815.43
1945;25/05/2026 16:43:10;;Dossier refusé;Saisie société;650.34
1946;25/05/2026 16:43:10;;Dossier refusé;Saisie société;779.31
1947;25/05/2026 16:42:16;;Souscription en cours;Coordonnées personnelles;301.07
1948;25/05/2026 16:42:16;;Souscription en cours;Coordonnées personnelles;804.08
1949;25/05/2026 16:41:33;;Dossier validé;Parcours terminé;792.75
1950;25/05/2026 16:41:33;;Dossier validé;Parcours terminé;934.79
1951;25/05/2026 16:40:08;;Souscription non démarrée;Parcours non démarré;163.84
1952;25/05/2026 16:40:08;;Souscription non démarrée;Parcours non démarré;961.61
1953;25/05/2026 16:38:36;;Dossier validé;Parcours terminé;814.20
1954;25/05/2026 16:38:36;;Dossier validé;Parcours terminé;790.91
1955;25/05/2026 16:35:38;;Dossier refusé;Signature Contrat;516.65
1956;25/05/2026 16:35:38;;Dossier refusé;Signature Contrat;216.45
1957;25/05/2026 16:33:54;;Dossier validé;Parcours terminé;977.47
1958;25/05/2026 16:33:54;;Dossier validé;Parcours terminé;113.54
1959;25/05/2026 16:32:47;;En attente d'analyse Agent - Dossier avec erreurs;Signature Contrat;629.86
1960;25/05/2026 16:32:47;;En attente d'analyse Agent - Dossier avec erreurs;Signature Contrat;846.79
1961;25/05/2026 16:31:18;;Souscription non démarrée;Parcours non démarré;947.71
1962;25/05/2026 16:31:18;;Souscription non démarrée;Parcours non démarré;540.53
1963;25/05/2026 16:29:33;;En attente d'analyse Agent - Dossier avec erreurs;Signature Contrat;991.63
1964;25/05/2026 16:29:33;;En attente d'analyse Agent - Dossier avec erreurs;Signature Contrat;947.56
1965;25/05/2026 16:25:38;;Dossier validé;Parcours terminé;408.53
1966;25/05/2026 16:25:38;;Dossier validé;Parcours terminé;712.43
1967;25/05/2026 16:24:22;;Souscription non démarrée;Parcours non démarré;294.51
1968;25/05/2026 16:24:22;;Souscription non démarrée;Parcours non démarré;245.79
1969;25/05/2026 16:06:17;;Dossier validé;Parcours terminé;406.65
1970;25/05/2026 16:06:17;;Dossier validé;Parcours terminé;473.33
1971;25/05/2026 15:55:45;;Dossier validé;Parcours terminé;175.28
1972;25/05/2026 15:55:45;;Dossier validé;Parcours terminé;675.71
1973;25/05/2026 15:50:20;;Souscription en cours;Informations complémentaires (Etablissements, etc.);984.35
1974;25/05/2026 15:50:20;;Souscription en cours;Informations complémentaires (Etablissements, etc.);814.82
1975;25/05/2026 15:48:12;;Souscription en cours;Vérification d'identité;577.95
1976;25/05/2026 15:48:12;;Souscription en cours;Vérification d'identité;512.87
1977;25/05/2026 15:43:58;;En attente d'analyse Agent - Dossier avec erreurs;Signature Contrat;123.32
1978;25/05/2026 15:43:58;;En attente d'analyse Agent - Dossier avec erreurs;Signature Contrat;103.70
1979;25/05/2026 15:37:37;;Dossier refusé;Saisie société;663.41
1980;25/05/2026 15:37:37;;Dossier refusé;Saisie société;670.42
1981;25/05/2026 15:32:59;;Dossier validé;Parcours terminé;728.86
1982;25/05/2026 15:32:59;;Dossier validé;Parcours terminé;747.04
1983;25/05/2026 15:31:26;;Dossier validé;Parcours terminé;465.05
1984;25/05/2026 15:31:26;;Dossier validé;Parcours terminé;851.06
1985;25/05/2026 15:30:40;;Souscription en cours;Synchronisation référentiel personne NOVA;476.92
1986;25/05/2026 15:30:40;;Souscription en cours;Synchronisation référentiel personne NOVA;613.29
1987;25/05/2026 15:21:57;;Dossier validé;Parcours terminé;602.52
1988;25/05/2026 15:21:57;;Dossier validé;Parcours terminé;191.91
1989;25/05/2026 15:15:15;;Souscription en cours;Vérification d'identité;497.77
1990;25/05/2026 15:15:15;;Souscription en cours;Vérification d'identité;639.40
1991;25/05/2026 15:02:22;;Souscription en cours;Choix de l'offre et livraison;308.74
1992;25/05/2026 15:02:22;;Souscription en cours;Choix de l'offre et livraison;497.47
1993;25/05/2026 15:00:49;;Dossier refusé;Saisie société;975.57
1994;25/05/2026 15:00:49;;Dossier refusé;Saisie société;466.12
1995;25/05/2026 14:47:48;;Dossier validé;Parcours terminé;725.82
1996;25/05/2026 14:47:48;;Dossier validé;Parcours terminé;722.11
1997;25/05/2026 14:38:27;;Souscription en cours;Coordonnées personnelles;507.04
1998;25/05/2026 14:38:27;;Souscription en cours;Coordonnées personnelles;632.74
1999;25/05/2026 14:23:37;;Dossier validé;Parcours terminé;220.82
2000;25/05/2026 14:23:37;;Dossier validé;Parcours terminé;762.93
2001;25/05/2026 14:04:44;;Dossier refusé;Saisie société;448.48
2002;25/05/2026 14:04:44;;Dossier refusé;Saisie société;571.70
2003;25/05/2026 14:04:17;;Dossier validé;Parcours terminé;910.58
2004;25/05/2026 14:04:17;;Dossier validé;Parcours terminé;191.23
2005;25/05/2026 14:01:26;;Souscription en cours;Bénéficiaire effectifs;505.64
2006;25/05/2026 14:01:26;;Souscription en cours;Bénéficiaire effectifs;256.25
2007;25/05/2026 13:55:32;;Dossier validé;Parcours terminé;123.75
2008;25/05/2026 13:55:32;;Dossier validé;Parcours terminé;415.41
2009;25/05/2026 13:55:05;;Dossier refusé;Saisie société;807.28
2010;25/05/2026 13:55:05;;Dossier refusé;Saisie société;158.48
2011;25/05/2026 13:30:30;;Souscription non démarrée;Parcours non démarré;255.94
2012;25/05/2026 13:30:30;;Souscription non démarrée;Parcours non démarré;488.57
2013;25/05/2026 13:27:20;;Souscription non démarrée;Parcours non démarré;516.21
2014;25/05/2026 13:27:20;;Souscription non démarrée;Parcours non démarré;553.67
2015;25/05/2026 13:10:30;;Souscription non démarrée;Parcours non démarré;246.51
2016;25/05/2026 13:10:30;;Souscription non démarrée;Parcours non démarré;992.40
2017;25/05/2026 13:06:02;;Souscription en cours;Coordonnées personnelles;321.46
2018;25/05/2026 13:06:02;;Souscription en cours;Coordonnées personnelles;154.17
2019;25/05/2026 12:56:36;;Dossier refusé;Signature Contrat;953.39
2020;25/05/2026 12:56:36;;Dossier refusé;Signature Contrat;128.33
2021;25/05/2026 12:42:09;;Souscription en cours;Coordonnées personnelles;899.01
2022;25/05/2026 12:42:09;;Souscription en cours;Coordonnées personnelles;906.60
2023;25/05/2026 12:39:37;;Souscription en cours;Choix de l'offre et livraison;320.63
2024;25/05/2026 12:39:37;;Souscription en cours;Choix de l'offre et livraison;528.35
2025;25/05/2026 12:33:21;;Dossier validé;Parcours terminé;384.62
2026;25/05/2026 12:33:21;;Dossier validé;Parcours terminé;882.15
2027;25/05/2026 12:28:19;;Dossier validé;Parcours terminé;305.84
2028;25/05/2026 12:28:19;;Dossier validé;Parcours terminé;878.73
2029;25/05/2026 12:16:41;;Souscription en cours;Coordonnées personnelles;789.23
2030;25/05/2026 12:16:41;;Souscription en cours;Coordonnées personnelles;216.90
2031;25/05/2026 12:09:50;;Souscription en cours;Coordonnées personnelles;122.61
2032;25/05/2026 12:09:50;;Souscription en cours;Coordonnées personnelles;836.35
2033;25/05/2026 12:06:01;;Souscription en cours;Informations complémentaires (CA, Profession, etc.);419.91
2034;25/05/2026 12:06:01;;Souscription en cours;Informations complémentaires (CA, Profession, etc.);109.10
2035;25/05/2026 12:04:01;;Dossier validé;Parcours terminé;826.92
2036;25/05/2026 12:04:01;;Dossier validé;Parcours terminé;716.34
2037;25/05/2026 11:56:56;;Dossier validé;Parcours terminé;281.79
2038;25/05/2026 11:56:56;;Dossier validé;Parcours terminé;317.65
2039;25/05/2026 11:50:51;;Dossier validé;Parcours terminé;630.58
2040;25/05/2026 11:50:51;;Dossier validé;Parcours terminé;128.97
2041;25/05/2026 11:46:34;;Souscription en cours;Coordonnées personnelles;534.19
2042;25/05/2026 11:46:34;;Souscription en cours;Coordonnées personnelles;284.25
2043;25/05/2026 11:38:33;;Dossier validé;Parcours terminé;925.45
2044;25/05/2026 11:38:33;;Dossier validé;Parcours terminé;737.18
2045;25/05/2026 11:24:07;Zoé MULLER;Dossier validé;Parcours terminé;456.68
2046;25/05/2026 11:24:07;Zoé MULLER;Dossier validé;Parcours terminé;386.05
2047;25/05/2026 11:02:48;;Souscription non démarrée;Parcours non démarré;196.80
2048;25/05/2026 11:02:48;;Souscription non démarrée;Parcours non démarré;296.01
2049;25/05/2026 11:00:55;;Souscription en cours;Coordonnées personnelles;377.80
2050;25/05/2026 11:00:55;;Souscription en cours;Coordonnées personnelles;253.45
2051;25/05/2026 10:58:17;;Souscription en cours;Coordonnées personnelles;817.72
2052;25/05/2026 10:58:17;;Souscription en cours;Coordonnées personnelles;802.56
2053;25/05/2026 10:46:33;;En attente d'analyse Agent - Dossier avec erreurs;Signature Contrat;203.49
2054;25/05/2026 10:46:33;;En attente d'analyse Agent - Dossier avec erreurs;Signature Contrat;880.59
2055;25/05/2026 10:41:24;;Dossier validé;Parcours terminé;847.20
2056;25/05/2026 10:41:24;;Dossier validé;Parcours terminé;650.12
2057;25/05/2026 10:39:31;;Dossier validé;Parcours terminé;404.67
2058;25/05/2026 10:39:31;;Dossier validé;Parcours terminé;984.11
2059;25/05/2026 10:34:43;;Dossier validé;Parcours terminé;695.69
2060;25/05/2026 10:34:43;;Dossier validé;Parcours terminé;102.71
2061;25/05/2026 10:30:36;;Souscription non démarrée;Parcours non démarré;123.86
2062;25/05/2026 10:30:36;;Souscription non démarrée;Parcours non démarré;818.70
2063;25/05/2026 10:29:22;;Souscription en cours;Coordonnées personnelles;338.76
2064;25/05/2026 10:29:22;;Souscription en cours;Coordonnées personnelles;861.60
2065;25/05/2026 10:28:24;;Souscription en cours;Coordonnées personnelles;499.26
2066;25/05/2026 10:28:24;;Souscription en cours;Coordonnées personnelles;494.97
2067;25/05/2026 10:21:07;;Dossier validé;Parcours terminé;834.96
2068;25/05/2026 10:21:07;;Dossier validé;Parcours terminé;207.52
2069;25/05/2026 10:14:49;;Souscription non démarrée;Parcours non démarré;869.39
2070;25/05/2026 10:14:49;;Souscription non démarrée;Parcours non démarré;965.73
2071;25/05/2026 10:14:03;;Souscription en cours;Coordonnées personnelles;463.35
2072;25/05/2026 10:14:03;;Souscription en cours;Coordonnées personnelles;715.71
2073;25/05/2026 10:12:54;;Souscription en cours;Vérification d'identité;179.51
2074;25/05/2026 10:12:54;;Souscription en cours;Vérification d'identité;266.70
2075;25/05/2026 10:11:25;;Dossier validé;Parcours terminé;153.81
2076;25/05/2026 10:11:25;;Dossier validé;Parcours terminé;693.09
2077;25/05/2026 10:10:43;;En attente d'analyse Agent - Dossier avec erreurs;Signature Contrat;219.75
2078;25/05/2026 10:10:43;;En attente d'analyse Agent - Dossier avec erreurs;Signature Contrat;412.26
2079;25/05/2026 10:07:56;;Souscription en cours;Vérification d'identité;227.91
2080;25/05/2026 10:07:56;;Souscription en cours;Vérification d'identité;628.99
2081;25/05/2026 10:06:59;;Souscription non démarrée;Parcours non démarré;830.16
2082;25/05/2026 10:06:59;;Souscription non démarrée;Parcours non démarré;649.18
2083;25/05/2026 10:06:35;;Dossier validé;Parcours terminé;988.45
2084;25/05/2026 10:06:35;;Dossier validé;Parcours terminé;526.27
2085;25/05/2026 10:01:49;;Dossier refusé;Saisie société;998.05
2086;25/05/2026 10:01:49;;Dossier refusé;Saisie société;414.58
2087;25/05/2026 09:54:25;;Dossier validé;Parcours terminé;557.91
2088;25/05/2026 09:54:25;;Dossier validé;Parcours terminé;325.87
2089;25/05/2026 09:54:24;;Souscription en cours;Coordonnées personnelles;710.48
2090;25/05/2026 09:54:24;;Souscription en cours;Coordonnées personnelles;914.85
2091;25/05/2026 09:50:00;;Dossier validé;Parcours terminé;165.78
2092;25/05/2026 09:50:00;;Dossier validé;Parcours terminé;284.55
2093;25/05/2026 09:37:56;;Dossier validé;Parcours terminé;208.79
2094;25/05/2026 09:37:56;;Dossier validé;Parcours terminé;718.57
2095;25/05/2026 09:37:53;;Souscription non démarrée;Parcours non démarré;590.17
2096;25/05/2026 09:37:53;;Souscription non démarrée;Parcours non démarré;388.45
2097;25/05/2026 09:35:53;;Souscription en cours;Criblages BE(s);506.89
2098;25/05/2026 09:35:53;;Souscription en cours;Criblages BE(s);329.22
2099;25/05/2026 09:31:40;;Dossier validé;Parcours terminé;462.96
2100;25/05/2026 09:31:40;;Dossier validé;Parcours terminé;229.19
2101;25/05/2026 09:30:45;;Dossier validé;Parcours terminé;966.44
2102;25/05/2026 09:30:45;;Dossier validé;Parcours terminé;972.89
2103;25/05/2026 09:18:41;;Dossier validé;Parcours terminé;289.61
2104;25/05/2026 09:18:41;;Dossier validé;Parcours terminé;566.73
2105;25/05/2026 09:07:54;;Dossier refusé;Saisie société;100.59
2106;25/05/2026 09:07:54;;Dossier refusé;Saisie société;792.19
2107;25/05/2026 09:01:14;;Souscription en cours;Informations complémentaires (CA, Profession, etc.);880.04
2108;25/05/2026 09:01:14;;Souscription en cours;Informations complémentaires (CA, Profession, etc.);457.14
2109;25/05/2026 09:00:33;Adam LAURENT;Dossier refusé;Saisie société;404.44
2110;25/05/2026 09:00:33;Adam LAURENT;Dossier refusé;Saisie société;659.45
2111;25/05/2026 08:53:14;Hugo MARTIN;Dossier validé;Parcours terminé;956.91
2112;25/05/2026 08:53:14;Hugo MARTIN;Dossier validé;Parcours terminé;316.39
2113;25/05/2026 08:38:03;;Dossier validé;Parcours terminé;410.38
2114;25/05/2026 08:38:03;;Dossier validé;Parcours terminé;696.90
2115;25/05/2026 08:00:40;;Dossier validé;Parcours terminé;279.65
2116;25/05/2026 08:00:40;;Dossier validé;Parcours terminé;950.89
2117;25/05/2026 07:52:07;;Souscription en cours;Coordonnées personnelles;646.47
2118;25/05/2026 07:52:07;;Souscription en cours;Coordonnées personnelles;397.98
2119;25/05/2026 07:42:42;;Dossier validé;Parcours terminé;384.51
2120;25/05/2026 07:42:42;;Dossier validé;Parcours terminé;572.67
2121;25/05/2026 06:29:43;;Souscription non démarrée;Parcours non démarré;293.74
2122;25/05/2026 06:29:43;;Souscription non démarrée;Parcours non démarré;467.10
2123;25/05/2026 05:42:05;;Souscription non démarrée;Parcours non démarré;956.99
2124;25/05/2026 05:42:05;;Souscription non démarrée;Parcours non démarré;989.68
2125;25/05/2026 03:42:32;;Dossier validé;Parcours terminé;292.41
2126;25/05/2026 03:42:32;;Dossier validé;Parcours terminé;568.89
2127;25/05/2026 03:35:34;;Souscription en cours;Coordonnées personnelles;539.95
2128;25/05/2026 03:35:34;;Souscription en cours;Coordonnées personnelles;798.76
2129;25/05/2026 03:13:53;;Dossier validé;Parcours terminé;487.55
2130;25/05/2026 03:13:53;;Dossier validé;Parcours terminé;757.28
2131;25/05/2026 02:49:35;;Souscription en cours;Coordonnées personnelles;524.05
2132;25/05/2026 02:49:35;;Souscription en cours;Coordonnées personnelles;176.91
2133;25/05/2026 02:49:05;;Dossier validé;Parcours terminé;354.47
2134;25/05/2026 02:49:05;;Dossier validé;Parcours terminé;940.05
2135;25/05/2026 02:45:40;;Souscription non démarrée;Parcours non démarré;782.38
2136;25/05/2026 02:45:40;;Souscription non démarrée;Parcours non démarré;155.98
2137;25/05/2026 01:30:49;;En attente d'analyse Agent - Dossier avec erreurs;Signature Contrat;699.83
2138;25/05/2026 01:30:49;;En attente d'analyse Agent - Dossier avec erreurs;Signature Contrat;359.66
2139;25/05/2026 01:18:43;;Souscription en cours;Choix de l'offre et livraison;338.36
2140;25/05/2026 01:18:43;;Souscription en cours;Choix de l'offre et livraison;344.06
2141;25/05/2026 01:04:41;;En attente d'analyse Agent - Dossier avec erreurs;Signature Contrat;154.09
2142;25/05/2026 01:04:41;;En attente d'analyse Agent - Dossier avec erreurs;Signature Contrat;564.31
2143;25/05/2026 01:03:40;;Dossier refusé;Saisie société;230.10
2144;25/05/2026 01:03:40;;Dossier refusé;Saisie société;249.15
2145;25/05/2026 00:08:38;;Souscription non démarrée;Parcours non démarré;115.68
2146;25/05/2026 00:08:38;;Souscription non démarrée;Parcours non démarré;569.15
2147;24/05/2026 22:58:41;Hugo MARTIN;Dossier validé;Parcours terminé;483.12
2148;24/05/2026 22:58:41;Hugo MARTIN;Dossier validé;Parcours terminé;311.66
2149;24/05/2026 22:20:16;;Souscription non démarrée;Parcours non démarré;405.88
2150;24/05/2026 22:20:16;;Souscription non démarrée;Parcours non démarré;550.70
2151;24/05/2026 22:19:54;;Dossier validé;Parcours terminé;845.97
2152;24/05/2026 22:19:54;;Dossier validé;Parcours terminé;496.87
2153;24/05/2026 22:16:07;;Souscription en cours;Vérification d'identité;943.17
2154;24/05/2026 22:16:07;;Souscription en cours;Vérification d'identité;774.73
2155;24/05/2026 20:36:32;;Souscription en cours;Coordonnées personnelles;103.42
2156;24/05/2026 20:36:32;;Souscription en cours;Coordonnées personnelles;859.66
2157;24/05/2026 20:33:10;;Dossier refusé;Saisie société;298.08
2158;24/05/2026 20:33:10;;Dossier refusé;Saisie société;172.79
2159;24/05/2026 20:24:40;;Dossier validé;Parcours terminé;453.59
2160;24/05/2026 20:24:40;;Dossier validé;Parcours terminé;254.09
2161;24/05/2026 19:46:43;;Souscription en cours;Signature Contrat;358.73
2162;24/05/2026 19:46:43;;Souscription en cours;Signature Contrat;610.08
2163;24/05/2026 19:23:11;;Souscription en cours;Vérification d'identité;284.00
2164;24/05/2026 19:23:11;;Souscription en cours;Vérification d'identité;698.10
2165;24/05/2026 19:07:36;;Dossier validé;Parcours terminé;279.17
2166;24/05/2026 19:07:36;;Dossier validé;Parcours terminé;148.80
2167;24/05/2026 19:03:39;;Dossier validé;Parcours terminé;460.43
2168;24/05/2026 19:03:39;;Dossier validé;Parcours terminé;296.56
2169;24/05/2026 19:02:53;;Dossier validé;Parcours terminé;724.59
2170;24/05/2026 19:02:53;;Dossier validé;Parcours terminé;856.30
2171;24/05/2026 19:02:06;;Dossier validé;Parcours terminé;755.23
2172;24/05/2026 19:02:06;;Dossier validé;Parcours terminé;585.72
2173;24/05/2026 19:01:16;;Dossier validé;Parcours terminé;433.98
2174;24/05/2026 19:01:16;;Dossier validé;Parcours terminé;364.44
2175;24/05/2026 17:44:14;;Souscription en cours;Choix de l'offre et livraison;909.73
2176;24/05/2026 17:44:14;;Souscription en cours;Choix de l'offre et livraison;818.44
2177;24/05/2026 17:29:40;;Souscription en cours;Coordonnées personnelles;638.61
2178;24/05/2026 17:29:40;;Souscription en cours;Coordonnées personnelles;189.55
2179;24/05/2026 17:22:16;;Souscription en cours;Coordonnées personnelles;832.44
2180;24/05/2026 17:22:16;;Souscription en cours;Coordonnées personnelles;348.77
2181;24/05/2026 17:03:24;;Souscription en cours;Coordonnées personnelles;904.71
2182;24/05/2026 17:03:24;;Souscription en cours;Coordonnées personnelles;996.58
2183;24/05/2026 16:44:12;;Dossier validé;Parcours terminé;240.30
2184;24/05/2026 16:44:12;;Dossier validé;Parcours terminé;374.71
2185;24/05/2026 16:39:39;;Dossier validé;Parcours terminé;829.43
2186;24/05/2026 16:39:39;;Dossier validé;Parcours terminé;924.86
2187;24/05/2026 16:36:05;;Souscription en cours;Coordonnées personnelles;208.15
2188;24/05/2026 16:36:05;;Souscription en cours;Coordonnées personnelles;985.00
2189;24/05/2026 16:21:54;;Souscription en cours;Informations complémentaires (CA, Profession, etc.);173.92
2190;24/05/2026 16:21:54;;Souscription en cours;Informations complémentaires (CA, Profession, etc.);969.41
2191;24/05/2026 16:17:11;;En attente d'analyse Agent - Dossier avec erreurs;Signature Contrat;173.49
2192;24/05/2026 16:17:11;;En attente d'analyse Agent - Dossier avec erreurs;Signature Contrat;382.22
2193;24/05/2026 16:07:01;;Souscription en cours;Coordonnées personnelles;687.32
2194;24/05/2026 16:07:01;;Souscription en cours;Coordonnées personnelles;237.66
2195;24/05/2026 16:03:07;;Dossier validé;Parcours terminé;927.36
2196;24/05/2026 16:03:07;;Dossier validé;Parcours terminé;894.90
2197;24/05/2026 16:01:28;;Souscription en cours;Signature Contrat;651.57
2198;24/05/2026 16:01:28;;Souscription en cours;Signature Contrat;713.82
2199;24/05/2026 15:59:11;;Dossier refusé;Saisie société;891.62
2200;24/05/2026 15:59:11;;Dossier refusé;Saisie société;121.48
2201;24/05/2026 15:49:56;;Dossier validé;Parcours terminé;583.02
2202;24/05/2026 15:49:56;;Dossier validé;Parcours terminé;944.70
2203;24/05/2026 15:34:05;;Dossier refusé;Signature Contrat;675.68
2204;24/05/2026 15:34:05;;Dossier refusé;Signature Contrat;655.79
2205;24/05/2026 15:20:34;;Dossier validé;Parcours terminé;258.54
2206;24/05/2026 15:20:34;;Dossier validé;Parcours terminé;153.27
2207;24/05/2026 15:10:32;Hugo MARTIN;Dossier refusé;Parcours terminé;122.16
2208;24/05/2026 15:10:32;Hugo MARTIN;Dossier refusé;Parcours terminé;612.84
2209;24/05/2026 15:08:44;;Dossier validé;Parcours terminé;139.34
2210;24/05/2026 15:08:44;;Dossier validé;Parcours terminé;867.62
2211;24/05/2026 15:08:03;;Dossier refusé;Parcours terminé;106.43
2212;24/05/2026 15:08:03;;Dossier refusé;Parcours terminé;961.46
2213;24/05/2026 15:01:51;;Dossier refusé;Saisie société;129.02
2214;24/05/2026 15:01:51;;Dossier refusé;Saisie société;260.19
2215;24/05/2026 14:36:20;;Souscription en cours;Coordonnées personnelles;150.91
2216;24/05/2026 14:36:20;;Souscription en cours;Coordonnées personnelles;524.30
2217;24/05/2026 14:35:10;;Dossier validé;Parcours terminé;836.53
2218;24/05/2026 14:35:10;;Dossier validé;Parcours terminé;257.83
2219;24/05/2026 14:33:16;;Dossier validé;Parcours terminé;369.23
2220;24/05/2026 14:33:16;;Dossier validé;Parcours terminé;234.53
2221;24/05/2026 14:25:59;;Souscription en cours;Synchronisation référentiel personne NOVA;940.11
2222;24/05/2026 14:25:59;;Souscription en cours;Synchronisation référentiel personne NOVA;762.24
2223;24/05/2026 14:23:25;;Dossier refusé;Saisie société;540.98
2224;24/05/2026 14:23:25;;Dossier refusé;Saisie société;229.05
2225;24/05/2026 13:06:05;;Souscription en cours;Choix de l'offre et livraison;949.46
2226;24/05/2026 13:06:05;;Souscription en cours;Choix de l'offre et livraison;769.21
2227;24/05/2026 12:57:23;;Dossier validé;Parcours terminé;634.37
2228;24/05/2026 12:57:23;;Dossier validé;Parcours terminé;876.56
2229;24/05/2026 12:53:13;;Dossier validé;Parcours terminé;939.50
2230;24/05/2026 12:53:13;;Dossier validé;Parcours terminé;193.13
2231;24/05/2026 12:47:05;;Dossier validé;Parcours terminé;994.95
2232;24/05/2026 12:47:05;;Dossier validé;Parcours terminé;821.99
2233;24/05/2026 12:35:31;;Souscription non démarrée;Parcours non démarré;488.20
2234;24/05/2026 12:35:31;;Souscription non démarrée;Parcours non démarré;525.92
2235;24/05/2026 12:27:52;;Dossier validé;Parcours terminé;755.38
2236;24/05/2026 12:27:52;;Dossier validé;Parcours terminé;531.00
2237;24/05/2026 12:20:47;;Dossier refusé;Informations complémentaires (Etablissements, etc.);712.29
2238;24/05/2026 12:20:47;;Dossier refusé;Informations complémentaires (Etablissements, etc.);829.78
2239;24/05/2026 12:04:56;;En attente d'analyse Agent - Dossier avec erreurs;Signature Contrat;750.31
2240;24/05/2026 12:04:56;;En attente d'analyse Agent - Dossier avec erreurs;Signature Contrat;365.13
2241;24/05/2026 11:38:26;;Souscription non démarrée;Parcours non démarré;779.28
2242;24/05/2026 11:38:26;;Souscription non démarrée;Parcours non démarré;318.78
2243;24/05/2026 11:29:03;Hugo MARTIN;Dossier validé;Parcours terminé;756.25
2244;24/05/2026 11:29:03;Hugo MARTIN;Dossier validé;Parcours terminé;417.00
2245;24/05/2026 11:23:23;;Souscription non démarrée;Parcours non démarré;282.01
2246;24/05/2026 11:23:23;;Souscription non démarrée;Parcours non démarré;656.30
2247;24/05/2026 11:01:09;;Dossier validé;Parcours terminé;694.20
2248;24/05/2026 11:01:09;;Dossier validé;Parcours terminé;736.94
2249;24/05/2026 11:00:52;;Souscription non démarrée;Parcours non démarré;505.38
2250;24/05/2026 11:00:52;;Souscription non démarrée;Parcours non démarré;482.29
2251;24/05/2026 11:00:45;;Dossier refusé;Choix de l'offre et livraison;294.47
2252;24/05/2026 11:00:45;;Dossier refusé;Choix de l'offre et livraison;143.63
2253;24/05/2026 10:46:42;;Dossier validé;Parcours terminé;592.72
2254;24/05/2026 10:46:42;;Dossier validé;Parcours terminé;476.81
2255;24/05/2026 10:39:31;;Dossier refusé;Signature Contrat;190.41
2256;24/05/2026 10:39:31;;Dossier refusé;Signature Contrat;201.98
2257;24/05/2026 10:34:18;;Dossier validé;Parcours terminé;867.44
2258;24/05/2026 10:34:18;;Dossier validé;Parcours terminé;555.42
2259;24/05/2026 10:31:50;;Souscription en cours;Signature Contrat;527.72
2260;24/05/2026 10:31:50;;Souscription en cours;Signature Contrat;557.86
2261;24/05/2026 10:31:37;;Souscription en cours;Informations complémentaires (CA, Profession, etc.);395.44
2262;24/05/2026 10:31:37;;Souscription en cours;Informations complémentaires (CA, Profession, etc.);332.17
2263;24/05/2026 10:31:35;;Souscription en cours;Coordonnées personnelles;329.56
2264;24/05/2026 10:31:35;;Souscription en cours;Coordonnées personnelles;171.48
2265;24/05/2026 10:18:12;;Souscription en cours;Criblages BE(s);930.85
2266;24/05/2026 10:18:12;;Souscription en cours;Criblages BE(s);648.89
2267;24/05/2026 10:08:12;;Dossier validé;Parcours terminé;740.87
2268;24/05/2026 10:08:12;;Dossier validé;Parcours terminé;873.81
2269;24/05/2026 10:07:13;;Dossier refusé;Saisie société;671.46
2270;24/05/2026 10:07:13;;Dossier refusé;Saisie société;296.14
2271;24/05/2026 10:06:47;Hugo MARTIN;Dossier validé;Parcours terminé;488.85
2272;24/05/2026 10:06:47;Hugo MARTIN;Dossier validé;Parcours terminé;896.92
2273;24/05/2026 09:47:56;;En attente d'analyse Agent - Dossier avec erreurs;Signature Contrat;480.72
2274;24/05/2026 09:47:56;;En attente d'analyse Agent - Dossier avec erreurs;Signature Contrat;736.95
2275;24/05/2026 09:40:17;Zoé MULLER;Dossier validé;Parcours terminé;722.31
2276;24/05/2026 09:40:17;Zoé MULLER;Dossier validé;Parcours terminé;252.52
2277;24/05/2026 08:47:15;;Souscription non démarrée;Parcours non démarré;607.75
2278;24/05/2026 08:47:15;;Souscription non démarrée;Parcours non démarré;715.70
2279;24/05/2026 08:04:55;;Dossier validé;Parcours terminé;946.73
2280;24/05/2026 08:04:55;;Dossier validé;Parcours terminé;902.67
2281;24/05/2026 08:00:06;;Souscription en cours;Coordonnées personnelles;504.27
2282;24/05/2026 08:00:06;;Souscription en cours;Coordonnées personnelles;367.13
2283;24/05/2026 07:50:03;;Souscription en cours;Coordonnées personnelles;606.80
2284;24/05/2026 07:50:03;;Souscription en cours;Coordonnées personnelles;795.35
2285;24/05/2026 03:43:27;;Souscription en cours;Choix de l'offre et livraison;106.15
2286;24/05/2026 03:43:27;;Souscription en cours;Choix de l'offre et livraison;718.97
2287;24/05/2026 02:35:37;;Souscription en cours;Coordonnées personnelles;733.63
2288;24/05/2026 02:35:37;;Souscription en cours;Coordonnées personnelles;812.11
2289;24/05/2026 01:45:47;;Dossier refusé;Signature Contrat;436.92
2290;24/05/2026 01:45:47;;Dossier refusé;Signature Contrat;378.03
2291;24/05/2026 00:30:25;;Souscription en cours;Informations complémentaires (CA, Profession, etc.);381.23
2292;24/05/2026 00:30:25;;Souscription en cours;Informations complémentaires (CA, Profession, etc.);993.25
2293;24/05/2026 00:09:12;;En attente d'analyse Agent - Dossier avec erreurs;Signature Contrat;246.70
2294;24/05/2026 00:09:12;;En attente d'analyse Agent - Dossier avec erreurs;Signature Contrat;786.39
2295;24/05/2026 00:06:26;;En attente d'analyse Agent - Dossier avec erreurs;Signature Contrat;364.83
2296;24/05/2026 00:06:26;;En attente d'analyse Agent - Dossier avec erreurs;Signature Contrat;920.05
2297;23/05/2026 23:54:40;Manon LEFEBVRE;Dossier refusé;Saisie société;139.69
2298;23/05/2026 23:54:40;Manon LEFEBVRE;Dossier refusé;Saisie société;390.48
2299;23/05/2026 23:42:22;;Dossier validé;Parcours terminé;455.57
2300;23/05/2026 23:42:22;;Dossier validé;Parcours terminé;923.46
2301;23/05/2026 22:38:15;;Souscription en cours;Vérification d'identité;942.99
2302;23/05/2026 22:38:15;;Souscription en cours;Vérification d'identité;204.38
2303;23/05/2026 22:36:04;;Souscription en cours;Bénéficiaire effectifs;700.24
2304;23/05/2026 22:36:04;;Souscription en cours;Bénéficiaire effectifs;606.22
2305;23/05/2026 22:29:47;;Souscription en cours;Signature Contrat;100.84
2306;23/05/2026 22:29:47;;Souscription en cours;Signature Contrat;790.61
2307;23/05/2026 22:26:08;;Dossier validé;Parcours terminé;762.04
2308;23/05/2026 22:26:08;;Dossier validé;Parcours terminé;232.73
2309;23/05/2026 22:25:02;;Souscription non démarrée;Parcours non démarré;908.04
2310;23/05/2026 22:25:02;;Souscription non démarrée;Parcours non démarré;788.47
2311;23/05/2026 21:21:24;;Dossier refusé;Signature Contrat;447.82
2312;23/05/2026 21:21:24;;Dossier refusé;Signature Contrat;863.20
2313;23/05/2026 21:07:16;;Souscription en cours;Informations complémentaires (CA, Profession, etc.);930.44
2314;23/05/2026 21:07:16;;Souscription en cours;Informations complémentaires (CA, Profession, etc.);643.70
2315;23/05/2026 20:55:07;;Dossier validé;Parcours terminé;984.12
2316;23/05/2026 20:55:07;;Dossier validé;Parcours terminé;156.96
2317;23/05/2026 20:29:28;;Dossier validé;Parcours terminé;729.63
2318;23/05/2026 20:29:28;;Dossier validé;Parcours terminé;958.80
2319;23/05/2026 20:28:25;;Souscription en cours;Choix de l'offre et livraison;160.23
2320;23/05/2026 20:28:25;;Souscription en cours;Choix de l'offre et livraison;494.94
2321;23/05/2026 20:27:48;;Souscription en cours;Vérification d'identité;316.61
2322;23/05/2026 20:27:48;;Souscription en cours;Vérification d'identité;575.97
2323;23/05/2026 20:24:35;;Dossier validé;Parcours terminé;773.70
2324;23/05/2026 20:24:35;;Dossier validé;Parcours terminé;569.26
2325;23/05/2026 20:22:12;;Dossier validé;Parcours terminé;120.21
2326;23/05/2026 20:22:12;;Dossier validé;Parcours terminé;171.66
2327;23/05/2026 20:08:28;;Dossier validé;Parcours terminé;142.28
2328;23/05/2026 20:08:28;;Dossier validé;Parcours terminé;841.58
2329;23/05/2026 19:55:53;;Souscription en cours;Coordonnées personnelles;921.25
2330;23/05/2026 19:55:53;;Souscription en cours;Coordonnées personnelles;488.59
2331;23/05/2026 19:26:08;;En attente d'analyse Agent - Dossier avec erreurs;Signature Contrat;866.50
2332;23/05/2026 19:26:08;;En attente d'analyse Agent - Dossier avec erreurs;Signature Contrat;191.06
2333;23/05/2026 19:14:07;;En attente d'analyse Agent - Dossier avec erreurs;Signature Contrat;515.41
2334;23/05/2026 19:14:07;;En attente d'analyse Agent - Dossier avec erreurs;Signature Contrat;939.00
2335;23/05/2026 19:12:23;;Souscription en cours;Vérification d'identité;992.50
2336;23/05/2026 19:12:23;;Souscription en cours;Vérification d'identité;391.56
2337;23/05/2026 19:05:14;;Dossier refusé;Saisie société;562.45
2338;23/05/2026 19:05:14;;Dossier refusé;Saisie société;973.29
2339;23/05/2026 18:50:11;;Dossier refusé;Informations complémentaires (CA, Profession, etc.);280.21
2340;23/05/2026 18:50:11;;Dossier refusé;Informations complémentaires (CA, Profession, etc.);126.97
2341;23/05/2026 18:46:52;Hugo MARTIN;Dossier refusé;Saisie société;345.18
2342;23/05/2026 18:46:52;Hugo MARTIN;Dossier refusé;Saisie société;144.70
2343;23/05/2026 17:57:35;;Souscription non démarrée;Parcours non démarré;336.51
2344;23/05/2026 17:57:35;;Souscription non démarrée;Parcours non démarré;781.78
2345;23/05/2026 17:46:09;;Dossier validé;Parcours terminé;767.72
2346;23/05/2026 17:46:09;;Dossier validé;Parcours terminé;903.19
2347;23/05/2026 17:46:06;;Souscription en cours;Signature Contrat;835.48
2348;23/05/2026 17:46:06;;Souscription en cours;Signature Contrat;963.60
2349;23/05/2026 17:36:50;;Dossier validé;Parcours terminé;568.28
2350;23/05/2026 17:36:50;;Dossier validé;Parcours terminé;698.54
2351;23/05/2026 17:36:17;;Souscription non démarrée;Parcours non démarré;428.59
2352;23/05/2026 17:36:17;;Souscription non démarrée;Parcours non démarré;826.10
2353;23/05/2026 17:24:52;;En attente d'analyse Agent - Dossier avec erreurs;Signature Contrat;318.57
2354;23/05/2026 17:24:52;;En attente d'analyse Agent - Dossier avec erreurs;Signature Contrat;751.31
2355;23/05/2026 17:17:44;;Souscription en cours;Signature Contrat;873.37
2356;23/05/2026 17:17:44;;Souscription en cours;Signature Contrat;732.47
2357;23/05/2026 17:17:25;;En attente d'analyse Agent - Dossier avec erreurs;Signature Contrat;741.77
2358;23/05/2026 17:17:25;;En attente d'analyse Agent - Dossier avec erreurs;Signature Contrat;907.27
2359;23/05/2026 16:45:38;;Dossier refusé;Saisie société;613.82
2360;23/05/2026 16:45:38;;Dossier refusé;Saisie société;163.79
2361;23/05/2026 16:40:41;;Dossier validé;Parcours terminé;475.65
2362;23/05/2026 16:40:41;;Dossier validé;Parcours terminé;639.92
2363;23/05/2026 16:40:34;;Dossier validé;Parcours terminé;423.16
2364;23/05/2026 16:40:34;;Dossier validé;Parcours terminé;496.37
2365;23/05/2026 16:26:37;;Dossier refusé;Choix de l'offre et livraison;230.59
2366;23/05/2026 16:26:37;;Dossier refusé;Choix de l'offre et livraison;223.95
2367;23/05/2026 16:24:27;;Dossier validé;Parcours terminé;250.27
2368;23/05/2026 16:24:27;;Dossier validé;Parcours terminé;785.10
2369;23/05/2026 16:19:27;;Souscription en cours;Choix de l'offre et livraison;852.48
2370;23/05/2026 16:19:27;;Souscription en cours;Choix de l'offre et livraison;550.80
2371;23/05/2026 16:11:09;;Souscription en cours;Choix de l'offre et livraison;813.01
2372;23/05/2026 16:11:09;;Souscription en cours;Choix de l'offre et livraison;422.83
2373;23/05/2026 15:59:48;;Dossier refusé;Bénéficiaire effectifs;397.51
2374;23/05/2026 15:59:48;;Dossier refusé;Bénéficiaire effectifs;805.20
2375;23/05/2026 15:52:09;;Souscription en cours;Coordonnées personnelles;167.22
2376;23/05/2026 15:52:09;;Souscription en cours;Coordonnées personnelles;780.88
2377;23/05/2026 15:18:37;;Souscription en cours;Vérification d'identité;598.63
2378;23/05/2026 15:18:37;;Souscription en cours;Vérification d'identité;468.63
2379;23/05/2026 15:04:31;;Souscription en cours;Coordonnées personnelles;613.04
2380;23/05/2026 15:04:31;;Souscription en cours;Coordonnées personnelles;394.31
2381;23/05/2026 15:00:21;;Dossier validé;Parcours terminé;461.67
2382;23/05/2026 15:00:21;;Dossier validé;Parcours terminé;684.59
2383;23/05/2026 14:59:41;;Dossier validé;Parcours terminé;424.57
2384;23/05/2026 14:59:41;;Dossier validé;Parcours terminé;289.77
2385;23/05/2026 14:25:55;;Souscription en cours;Signature Contrat;314.60
2386;23/05/2026 14:25:55;;Souscription en cours;Signature Contrat;553.70
2387;23/05/2026 14:22:11;;Souscription en cours;Coordonnées personnelles;145.09
2388;23/05/2026 14:22:11;;Souscription en cours;Coordonnées personnelles;452.81
2389;23/05/2026 14:20:57;;Souscription en cours;Coordonnées personnelles;502.21
2390;23/05/2026 14:20:57;;Souscription en cours;Coordonnées personnelles;886.21
2391;23/05/2026 13:54:43;;Dossier validé;Parcours terminé;971.85
2392;23/05/2026 13:54:43;;Dossier validé;Parcours terminé;903.32
2393;23/05/2026 13:43:47;;Dossier validé;Parcours terminé;464.28
2394;23/05/2026 13:43:47;;Dossier validé;Parcours terminé;645.22
2395;23/05/2026 13:38:01;;En attente d'analyse Agent - Dossier avec erreurs;Signature Contrat;527.09
2396;23/05/2026 13:38:01;;En attente d'analyse Agent - Dossier avec erreurs;Signature Contrat;258.41
2397;23/05/2026 13:13:37;;Souscription en cours;Coordonnées personnelles;400.71
2398;23/05/2026 13:13:37;;Souscription en cours;Coordonnées personnelles;264.11
2399;23/05/2026 12:57:28;;Souscription en cours;Choix de l'offre et livraison;283.39
2400;23/05/2026 12:57:28;;Souscription en cours;Choix de l'offre et livraison;220.02
2401;23/05/2026 12:53:45;Manon LEFEBVRE;Dossier validé;Parcours terminé;768.26
2402;23/05/2026 12:53:45;Manon LEFEBVRE;Dossier validé;Parcours terminé;656.45
2403;23/05/2026 12:47:32;;Dossier refusé;Saisie société;333.72
2404;23/05/2026 12:47:32;;Dossier refusé;Saisie société;362.63
2405;23/05/2026 12:38:57;;Souscription en cours;Choix de l'offre et livraison;300.15
2406;23/05/2026 12:38:57;;Souscription en cours;Choix de l'offre et livraison;743.41
2407;23/05/2026 12:38:01;;Souscription en cours;Informations complémentaires (Etablissements, etc.);662.97
2408;23/05/2026 12:38:01;;Souscription en cours;Informations complémentaires (Etablissements, etc.);882.22
2409;23/05/2026 12:36:08;;Souscription en cours;Vérification d'identité;338.95
2410;23/05/2026 12:36:08;;Souscription en cours;Vérification d'identité;303.99
2411;23/05/2026 12:34:22;;Dossier refusé;Choix de l'offre et livraison;928.70
2412;23/05/2026 12:34:22;;Dossier refusé;Choix de l'offre et livraison;109.52
2413;23/05/2026 12:19:31;;Dossier validé;Parcours terminé;196.23
2414;23/05/2026 12:19:31;;Dossier validé;Parcours terminé;976.66
2415;23/05/2026 12:17:23;;Souscription en cours;Choix de l'offre et livraison;161.55
2416;23/05/2026 12:17:23;;Souscription en cours;Choix de l'offre et livraison;533.15
2417;23/05/2026 12:15:17;;Souscription non démarrée;Parcours non démarré;711.93
2418;23/05/2026 12:15:17;;Souscription non démarrée;Parcours non démarré;107.23
2419;23/05/2026 12:13:01;;Dossier refusé;Saisie société;352.45
2420;23/05/2026 12:13:01;;Dossier refusé;Saisie société;296.63
2421;23/05/2026 11:59:57;;Souscription en cours;Vérification d'identité;258.44
2422;23/05/2026 11:59:57;;Souscription en cours;Vérification d'identité;428.62
2423;23/05/2026 11:57:04;;Dossier validé;Parcours terminé;193.89
2424;23/05/2026 11:57:04;;Dossier validé;Parcours terminé;504.14
2425;23/05/2026 11:55:43;;Souscription en cours;Coordonnées personnelles;995.68
2426;23/05/2026 11:55:43;;Souscription en cours;Coordonnées personnelles;896.67
2427;23/05/2026 11:54:57;;Souscription en cours;Signature Contrat;439.96
2428;23/05/2026 11:54:57;;Souscription en cours;Signature Contrat;326.77
2429;23/05/2026 11:53:44;;Dossier refusé;Saisie société;361.77
2430;23/05/2026 11:53:44;;Dossier refusé;Saisie société;463.41
2431;23/05/2026 11:51:59;;Souscription non démarrée;Parcours non démarré;911.47
2432;23/05/2026 11:51:59;;Souscription non démarrée;Parcours non démarré;632.61
2433;23/05/2026 11:47:43;;Dossier refusé;Saisie société;731.90
2434;23/05/2026 11:47:43;;Dossier refusé;Saisie société;640.15
2435;23/05/2026 11:41:03;;Dossier validé;Parcours terminé;111.31
2436;23/05/2026 11:41:03;;Dossier validé;Parcours terminé;903.11
2437;23/05/2026 11:38:25;;Souscription non démarrée;Parcours non démarré;398.92
2438;23/05/2026 11:38:25;;Souscription non démarrée;Parcours non démarré;713.93
2439;23/05/2026 11:28:10;;Dossier refusé;Saisie société;326.30
2440;23/05/2026 11:28:10;;Dossier refusé;Saisie société;219.25
2441;23/05/2026 11:22:10;;Souscription en cours;Coordonnées personnelles;847.73
2442;23/05/2026 11:22:10;;Souscription en cours;Coordonnées personnelles;145.92
2443;23/05/2026 11:02:21;;Souscription en cours;Coordonnées personnelles;577.98
2444;23/05/2026 11:02:21;;Souscription en cours;Coordonnées personnelles;837.76
2445;23/05/2026 11:01:59;;Dossier refusé;Signature Contrat;749.23
2446;23/05/2026 11:01:59;;Dossier refusé;Signature Contrat;839.74
2447;23/05/2026 11:00:45;;Souscription en cours;Coordonnées personnelles;685.86
2448;23/05/2026 11:00:45;;Souscription en cours;Coordonnées personnelles;869.85
2449;23/05/2026 10:53:53;;Souscription en cours;Choix de l'offre et livraison;806.91
2450;23/05/2026 10:53:53;;Souscription en cours;Choix de l'offre et livraison;798.50
2451;23/05/2026 10:52:46;;Dossier refusé;Bénéficiaire effectifs;721.93
2452;23/05/2026 10:52:46;;Dossier refusé;Bénéficiaire effectifs;407.08
2453;23/05/2026 10:26:49;;Dossier refusé;Saisie société;402.38
2454;23/05/2026 10:26:49;;Dossier refusé;Saisie société;396.47
2455;23/05/2026 10:26:31;;Souscription en cours;Choix de l'offre et livraison;948.38
2456;23/05/2026 10:26:31;;Souscription en cours;Choix de l'offre et livraison;809.29
2457;23/05/2026 10:12:29;;Souscription en cours;Signature Contrat;994.11
2458;23/05/2026 10:12:29;;Souscription en cours;Signature Contrat;330.00
2459;23/05/2026 10:10:15;;Dossier refusé;Saisie société;247.75
2460;23/05/2026 10:10:15;;Dossier refusé;Saisie société;521.27
2461;23/05/2026 10:06:40;;Souscription en cours;Coordonnées personnelles;841.47
2462;23/05/2026 10:06:40;;Souscription en cours;Coordonnées personnelles;601.97
2463;23/05/2026 09:58:02;;Souscription en cours;Coordonnées personnelles;692.17
2464;23/05/2026 09:58:02;;Souscription en cours;Coordonnées personnelles;538.74
2465;23/05/2026 09:34:55;;Souscription en cours;Choix de l'offre et livraison;857.48
2466;23/05/2026 09:34:55;;Souscription en cours;Choix de l'offre et livraison;971.65
2467;23/05/2026 09:26:01;;Souscription en cours;Informations complémentaires (Etablissements, etc.);574.94
2468;23/05/2026 09:26:01;;Souscription en cours;Informations complémentaires (Etablissements, etc.);271.26
2469;23/05/2026 09:19:23;;Dossier validé;Parcours terminé;193.42
2470;23/05/2026 09:19:23;;Dossier validé;Parcours terminé;777.85
2471;23/05/2026 08:36:30;;Dossier refusé;Saisie société;313.43
2472;23/05/2026 08:36:30;;Dossier refusé;Saisie société;503.83
2473;23/05/2026 07:50:20;;Dossier validé;Parcours terminé;150.32
2474;23/05/2026 07:50:20;;Dossier validé;Parcours terminé;654.31
2475;23/05/2026 07:30:57;;Souscription en cours;Signature Contrat;146.98
2476;23/05/2026 07:30:57;;Souscription en cours;Signature Contrat;950.29
2477;23/05/2026 07:21:54;;Souscription en cours;Choix de l'offre et livraison;723.61
2478;23/05/2026 07:21:54;;Souscription en cours;Choix de l'offre et livraison;376.02
2479;23/05/2026 06:46:58;;Dossier refusé;Saisie société;760.15
2480;23/05/2026 06:46:58;;Dossier refusé;Saisie société;809.46
2481;23/05/2026 06:43:59;Hugo DUBOIS;Dossier validé;Parcours terminé;584.80
2482;23/05/2026 06:43:59;Hugo DUBOIS;Dossier validé;Parcours terminé;308.76
2483;23/05/2026 06:21:06;;Souscription en cours;Coordonnées personnelles;935.79
2484;23/05/2026 06:21:06;;Souscription en cours;Coordonnées personnelles;200.10
2485;23/05/2026 05:01:50;;Dossier validé;Parcours terminé;384.46
2486;23/05/2026 05:01:50;;Dossier validé;Parcours terminé;932.43
2487;23/05/2026 04:33:39;;Souscription en cours;Coordonnées personnelles;696.46
2488;23/05/2026 04:33:39;;Souscription en cours;Coordonnées personnelles;103.64
2489;23/05/2026 04:13:47;Z5750800;Dossier validé;Parcours terminé;224.20
2490;23/05/2026 04:13:47;Z5750800;Dossier validé;Parcours terminé;721.99
2491;23/05/2026 03:42:32;;Dossier validé;Parcours terminé;507.38
2492;23/05/2026 03:42:32;;Dossier validé;Parcours terminé;163.83
2493;23/05/2026 02:37:21;;Dossier validé;Parcours terminé;391.47
2494;23/05/2026 02:37:21;;Dossier validé;Parcours terminé;548.82
2495;23/05/2026 01:03:41;;Souscription en cours;Coordonnées personnelles;483.17
2496;23/05/2026 01:03:41;;Souscription en cours;Coordonnées personnelles;146.76
2497;23/05/2026 00:03:43;;Souscription en cours;Vérification d'identité;297.97
2498;23/05/2026 00:03:43;;Souscription en cours;Vérification d'identité;202.36
2499;22/05/2026 23:58:30;;En attente d'analyse Agent - Dossier avec erreurs;Signature Contrat;313.46
2500;22/05/2026 23:58:30;;En attente d'analyse Agent - Dossier avec erreurs;Signature Contrat;968.43
2501;22/05/2026 23:40:12;;Souscription en cours;Informations complémentaires (Etablissements, etc.);587.08
2502;22/05/2026 23:40:12;;Souscription en cours;Informations complémentaires (Etablissements, etc.);569.64
2503;22/05/2026 23:35:56;;Souscription en cours;Coordonnées personnelles;297.52
2504;22/05/2026 23:35:56;;Souscription en cours;Coordonnées personnelles;404.68
2505;22/05/2026 23:13:31;Z5681453;Dossier validé;Parcours terminé;828.99
2506;22/05/2026 23:13:31;Z5681453;Dossier validé;Parcours terminé;387.85
2507;22/05/2026 22:18:07;;Dossier validé;Parcours terminé;925.22
2508;22/05/2026 22:18:07;;Dossier validé;Parcours terminé;266.12
2509;22/05/2026 22:15:59;;Dossier refusé;Parcours terminé;233.92
2510;22/05/2026 22:15:59;;Dossier refusé;Parcours terminé;650.59
2511;22/05/2026 21:37:14;;Dossier validé;Parcours terminé;340.73
2512;22/05/2026 21:37:14;;Dossier validé;Parcours terminé;555.49
2513;22/05/2026 21:37:12;;Dossier refusé;Saisie société;172.38
2514;22/05/2026 21:37:12;;Dossier refusé;Saisie société;288.64
2515;22/05/2026 21:31:20;;Souscription en cours;Synchronisation référentiel personne NOVA;826.26
2516;22/05/2026 21:31:20;;Souscription en cours;Synchronisation référentiel personne NOVA;701.24
2517;22/05/2026 21:07:31;;Souscription non démarrée;Parcours non démarré;953.17
2518;22/05/2026 21:07:31;;Souscription non démarrée;Parcours non démarré;797.88
2519;22/05/2026 21:01:26;;Dossier validé;Parcours terminé;876.61
2520;22/05/2026 21:01:26;;Dossier validé;Parcours terminé;473.33
2521;22/05/2026 20:55:26;;Souscription non démarrée;Parcours non démarré;982.05
2522;22/05/2026 20:55:26;;Souscription non démarrée;Parcours non démarré;798.46
2523;22/05/2026 20:45:43;;Souscription en cours;Coordonnées personnelles;255.92
2524;22/05/2026 20:45:43;;Souscription en cours;Coordonnées personnelles;488.05
2525;22/05/2026 20:40:39;;Dossier refusé;Saisie société;955.94
2526;22/05/2026 20:40:39;;Dossier refusé;Saisie société;971.08
2527;22/05/2026 20:16:39;;Souscription en cours;Coordonnées personnelles;322.89
2528;22/05/2026 20:16:39;;Souscription en cours;Coordonnées personnelles;366.66
2529;22/05/2026 19:59:07;;Souscription en cours;Coordonnées personnelles;885.63
2530;22/05/2026 19:59:07;;Souscription en cours;Coordonnées personnelles;460.52
2531;22/05/2026 19:54:20;;Dossier validé;Parcours terminé;475.20
2532;22/05/2026 19:54:20;;Dossier validé;Parcours terminé;711.51
2533;22/05/2026 19:50:59;;Souscription en cours;Informations complémentaires (CA, Profession, etc.);194.82
2534;22/05/2026 19:50:59;;Souscription en cours;Informations complémentaires (CA, Profession, etc.);429.18
2535;22/05/2026 19:46:36;;Souscription non démarrée;Parcours non démarré;280.62
2536;22/05/2026 19:46:36;;Souscription non démarrée;Parcours non démarré;368.85
2537;22/05/2026 19:40:41;;Dossier validé;Parcours terminé;891.71
2538;22/05/2026 19:40:41;;Dossier validé;Parcours terminé;147.88
2539;22/05/2026 19:37:51;;En attente d'analyse Agent - Dossier sans erreur;Parcours terminé;769.17
2540;22/05/2026 19:37:51;;En attente d'analyse Agent - Dossier sans erreur;Parcours terminé;320.60
2541;22/05/2026 19:15:27;;Souscription en cours;Vérification d'identité;424.94
2542;22/05/2026 19:15:27;;Souscription en cours;Vérification d'identité;752.92
2543;22/05/2026 18:58:50;;Souscription en cours;Vérification d'identité;631.13
2544;22/05/2026 18:58:50;;Souscription en cours;Vérification d'identité;677.00
2545;22/05/2026 18:55:08;;Dossier validé;Parcours terminé;725.60
2546;22/05/2026 18:55:08;;Dossier validé;Parcours terminé;250.88
2547;22/05/2026 18:40:09;;En attente d'analyse Agent - Dossier avec erreurs;Signature Contrat;756.82
2548;22/05/2026 18:40:09;;En attente d'analyse Agent - Dossier avec erreurs;Signature Contrat;105.05
2549;22/05/2026 18:25:00;;Souscription en cours;Vérification d'identité;993.71
2550;22/05/2026 18:25:00;;Souscription en cours;Vérification d'identité;371.74
2551;22/05/2026 18:24:50;;Souscription en cours;Vérification d'identité;848.60
2552;22/05/2026 18:24:50;;Souscription en cours;Vérification d'identité;214.01
2553;22/05/2026 18:15:47;;Souscription en cours;Coordonnées personnelles;476.10
2554;22/05/2026 18:15:47;;Souscription en cours;Coordonnées personnelles;787.00
2555;22/05/2026 18:15:19;;Souscription en cours;Choix de l'offre et livraison;852.36
2556;22/05/2026 18:15:19;;Souscription en cours;Choix de l'offre et livraison;709.92
2557;22/05/2026 18:06:59;;Souscription non démarrée;Parcours non démarré;833.47
2558;22/05/2026 18:06:59;;Souscription non démarrée;Parcours non démarré;341.25
2559;22/05/2026 18:02:22;;Dossier validé;Parcours terminé;897.45
2560;22/05/2026 18:02:22;;Dossier validé;Parcours terminé;130.97
2561;22/05/2026 17:56:58;;En attente d'analyse Agent - Dossier avec erreurs;Signature Contrat;854.67
2562;22/05/2026 17:56:58;;En attente d'analyse Agent - Dossier avec erreurs;Signature Contrat;221.83
2563;22/05/2026 17:55:58;;Dossier validé;Parcours terminé;765.76
2564;22/05/2026 17:55:58;;Dossier validé;Parcours terminé;254.31
2565;22/05/2026 17:53:26;;Dossier refusé;Signature Contrat;933.86
2566;22/05/2026 17:53:26;;Dossier refusé;Signature Contrat;371.51
2567;22/05/2026 17:51:38;;Dossier refusé;Saisie société;772.60
2568;22/05/2026 17:51:38;;Dossier refusé;Saisie société;329.67
2569;22/05/2026 17:30:36;;Souscription en cours;Coordonnées personnelles;848.92
2570;22/05/2026 17:30:36;;Souscription en cours;Coordonnées personnelles;214.39
2571;22/05/2026 17:24:27;;Dossier refusé;Signature Contrat;748.45
2572;22/05/2026 17:24:27;;Dossier refusé;Signature Contrat;392.90
2573;22/05/2026 17:16:49;;Dossier validé;Parcours terminé;423.69
2574;22/05/2026 17:16:49;;Dossier validé;Parcours terminé;374.33
2575;22/05/2026 17:05:08;;Souscription en cours;Coordonnées personnelles;896.77
2576;22/05/2026 17:05:08;;Souscription en cours;Coordonnées personnelles;610.26
2577;22/05/2026 17:04:20;;Souscription en cours;Informations complémentaires (Etablissements, etc.);991.32
2578;22/05/2026 17:04:20;;Souscription en cours;Informations complémentaires (Etablissements, etc.);507.39
2579;22/05/2026 16:48:30;;Dossier validé;Parcours terminé;635.70
2580;22/05/2026 16:48:30;;Dossier validé;Parcours terminé;491.09
2581;22/05/2026 16:45:35;;En attente d'analyse Agent - Dossier avec erreurs;Signature Contrat;133.35
2582;22/05/2026 16:45:35;;En attente d'analyse Agent - Dossier avec erreurs;Signature Contrat;154.73
2583;22/05/2026 16:39:40;Hugo DUBOIS;Dossier validé;Parcours terminé;860.04
2584;22/05/2026 16:39:40;Hugo DUBOIS;Dossier validé;Parcours terminé;445.77
2585;22/05/2026 16:36:24;;Dossier refusé;Saisie société;770.01
2586;22/05/2026 16:36:24;;Dossier refusé;Saisie société;571.33
2587;22/05/2026 16:35:49;;Dossier validé;Parcours terminé;101.69
2588;22/05/2026 16:35:49;;Dossier validé;Parcours terminé;811.74
2589;22/05/2026 16:34:59;;Dossier refusé;Parcours non démarré;601.07
2590;22/05/2026 16:34:59;;Dossier refusé;Parcours non démarré;278.82
2591;22/05/2026 16:33:37;;Souscription en cours;Coordonnées personnelles;466.52
2592;22/05/2026 16:33:37;;Souscription en cours;Coordonnées personnelles;946.97
2593;22/05/2026 16:31:42;;En attente d'analyse Agent - Dossier avec erreurs;Signature Contrat;980.20
2594;22/05/2026 16:31:42;;En attente d'analyse Agent - Dossier avec erreurs;Signature Contrat;858.96
2595;22/05/2026 16:25:38;;Dossier validé;Parcours terminé;866.19
2596;22/05/2026 16:25:38;;Dossier validé;Parcours terminé;638.32
2597;22/05/2026 16:10:30;;Souscription non démarrée;Parcours non démarré;951.18
2598;22/05/2026 16:10:30;;Souscription non démarrée;Parcours non démarré;786.13
2599;22/05/2026 16:04:18;;Souscription en cours;Vérification d'identité;153.33
2600;22/05/2026 16:04:18;;Souscription en cours;Vérification d'identité;423.92
2601;22/05/2026 16:03:30;;Souscription en cours;Choix de l'offre et livraison;860.21
2602;22/05/2026 16:03:30;;Souscription en cours;Choix de l'offre et livraison;913.35
2603;22/05/2026 16:01:47;;Souscription en cours;Coordonnées personnelles;185.88
2604;22/05/2026 16:01:47;;Souscription en cours;Coordonnées personnelles;973.74
2605;22/05/2026 15:56:08;;Souscription non démarrée;Parcours non démarré;292.26
2606;22/05/2026 15:56:08;;Souscription non démarrée;Parcours non démarré;426.17
2607;22/05/2026 15:55:58;Hugo MARTIN;Dossier refusé;Saisie société;963.64
2608;22/05/2026 15:55:58;Hugo MARTIN;Dossier refusé;Saisie société;657.84
2609;22/05/2026 15:49:02;;Souscription en cours;Coordonnées personnelles;320.80
2610;22/05/2026 15:49:02;;Souscription en cours;Coordonnées personnelles;650.80
2611;22/05/2026 15:48:31;;Souscription en cours;Choix de l'offre et livraison;727.02
2612;22/05/2026 15:48:31;;Souscription en cours;Choix de l'offre et livraison;615.41
2613;22/05/2026 15:46:03;;Souscription en cours;Coordonnées personnelles;784.54
2614;22/05/2026 15:46:03;;Souscription en cours;Coordonnées personnelles;181.07
2615;22/05/2026 15:42:45;;Souscription en cours;Vérification d'identité;382.75
2616;22/05/2026 15:42:45;;Souscription en cours;Vérification d'identité;240.37
2617;22/05/2026 15:40:52;;Souscription en cours;Coordonnées personnelles;472.12
2618;22/05/2026 15:40:52;;Souscription en cours;Coordonnées personnelles;208.73
2619;22/05/2026 15:40:13;;Dossier validé;Parcours terminé;561.89
2620;22/05/2026 15:40:13;;Dossier validé;Parcours terminé;338.55
2621;22/05/2026 15:39:53;Hugo MARTIN;Dossier validé;Parcours terminé;439.52
2622;22/05/2026 15:39:53;Hugo MARTIN;Dossier validé;Parcours terminé;391.65
2623;22/05/2026 15:39:47;;Souscription en cours;Coordonnées personnelles;985.31
2624;22/05/2026 15:39:47;;Souscription en cours;Coordonnées personnelles;151.74
2625;22/05/2026 15:39:35;;Dossier refusé;Bénéficiaire effectifs;445.78
2626;22/05/2026 15:39:35;;Dossier refusé;Bénéficiaire effectifs;878.74
2627;22/05/2026 15:38:31;;Souscription en cours;Coordonnées personnelles;739.11
2628;22/05/2026 15:38:31;;Souscription en cours;Coordonnées personnelles;955.96
2629;22/05/2026 15:32:29;;Dossier validé;Parcours terminé;992.00
2630;22/05/2026 15:32:29;;Dossier validé;Parcours terminé;514.41
2631;22/05/2026 15:27:02;;Souscription non démarrée;Parcours non démarré;362.42
2632;22/05/2026 15:27:02;;Souscription non démarrée;Parcours non démarré;499.04
2633;22/05/2026 15:24:20;;Dossier refusé;Parcours terminé;204.64
2634;22/05/2026 15:24:20;;Dossier refusé;Parcours terminé;720.67
2635;22/05/2026 15:13:47;;Souscription non démarrée;Parcours non démarré;439.12
2636;22/05/2026 15:13:47;;Souscription non démarrée;Parcours non démarré;955.49
2637;22/05/2026 15:10:45;;Souscription non démarrée;Parcours non démarré;692.51
2638;22/05/2026 15:10:45;;Souscription non démarrée;Parcours non démarré;671.80
2639;22/05/2026 15:09:57;;Dossier refusé;Saisie société;776.05
2640;22/05/2026 15:09:57;;Dossier refusé;Saisie société;181.32
2641;22/05/2026 14:56:42;;Dossier validé;Parcours terminé;188.56
2642;22/05/2026 14:56:42;;Dossier validé;Parcours terminé;308.83
2643;22/05/2026 14:44:10;;En attente d'analyse Agent - Dossier avec erreurs;Signature Contrat;766.92
2644;22/05/2026 14:44:10;;En attente d'analyse Agent - Dossier avec erreurs;Signature Contrat;770.69
2645;22/05/2026 14:43:57;;Souscription en cours;Coordonnées personnelles;395.04
2646;22/05/2026 14:43:57;;Souscription en cours;Coordonnées personnelles;874.00
2647;22/05/2026 14:40:40;;Dossier validé;Parcours terminé;692.94
2648;22/05/2026 14:40:40;;Dossier validé;Parcours terminé;344.74
2649;22/05/2026 14:38:19;;Dossier validé;Parcours terminé;247.88
2650;22/05/2026 14:38:19;;Dossier validé;Parcours terminé;136.35
2651;22/05/2026 14:34:53;;Dossier refusé;Signature Contrat;612.76
2652;22/05/2026 14:34:53;;Dossier refusé;Signature Contrat;994.10
2653;22/05/2026 14:32:12;;Dossier validé;Parcours terminé;705.62
2654;22/05/2026 14:32:12;;Dossier validé;Parcours terminé;464.35
2655;22/05/2026 14:31:06;;Dossier validé;Parcours terminé;433.72
2656;22/05/2026 14:31:06;;Dossier validé;Parcours terminé;931.03
2657;22/05/2026 14:29:20;;En attente d'analyse Agent - Dossier avec erreurs;Signature Contrat;869.44
2658;22/05/2026 14:29:20;;En attente d'analyse Agent - Dossier avec erreurs;Signature Contrat;848.45
2659;22/05/2026 14:28:13;;Dossier validé;Parcours terminé;160.88
2660;22/05/2026 14:28:13;;Dossier validé;Parcours terminé;644.86
2661;22/05/2026 14:23:58;;Souscription en cours;Criblages BE(s);600.97
2662;22/05/2026 14:23:58;;Souscription en cours;Criblages BE(s);715.50
2663;22/05/2026 14:10:35;;Souscription en cours;Choix de l'offre et livraison;543.62
2664;22/05/2026 14:10:35;;Souscription en cours;Choix de l'offre et livraison;468.43
2665;22/05/2026 14:09:15;;En attente d'analyse Agent - Dossier avec erreurs;Signature Contrat;416.89
2666;22/05/2026 14:09:15;;En attente d'analyse Agent - Dossier avec erreurs;Signature Contrat;830.05
2667;22/05/2026 14:05:51;;Dossier validé;Parcours terminé;420.68
2668;22/05/2026 14:05:51;;Dossier validé;Parcours terminé;379.07
2669;22/05/2026 13:53:16;;Souscription en cours;Vérification d'identité;572.29
2670;22/05/2026 13:53:16;;Souscription en cours;Vérification d'identité;427.49
2671;22/05/2026 13:51:55;;Dossier refusé;Signature Contrat;927.85
2672;22/05/2026 13:51:55;;Dossier refusé;Signature Contrat;231.79
2673;22/05/2026 13:50:27;;Dossier validé;Parcours terminé;826.27
2674;22/05/2026 13:50:27;;Dossier validé;Parcours terminé;525.73
2675;22/05/2026 13:41:15;;Souscription en cours;Signature Contrat;643.99
2676;22/05/2026 13:41:15;;Souscription en cours;Signature Contrat;697.62
2677;22/05/2026 13:39:08;;Dossier validé;Parcours terminé;979.36
2678;22/05/2026 13:39:08;;Dossier validé;Parcours terminé;112.47
2679;22/05/2026 13:17:01;;Dossier validé;Parcours terminé;305.18
2680;22/05/2026 13:17:01;;Dossier validé;Parcours terminé;597.02
2681;22/05/2026 13:02:12;;Souscription en cours;Synchronisation référentiel personne NOVA;569.33
2682;22/05/2026 13:02:12;;Souscription en cours;Synchronisation référentiel personne NOVA;192.13
2683;22/05/2026 12:47:16;Z5750800;Dossier refusé;Saisie société;128.78
2684;22/05/2026 12:47:16;Z5750800;Dossier refusé;Saisie société;196.78
2685;22/05/2026 12:28:30;;Souscription en cours;Coordonnées personnelles;871.14
2686;22/05/2026 12:28:30;;Souscription en cours;Coordonnées personnelles;935.96
2687;22/05/2026 12:05:09;Rayan MICHEL;Dossier validé;Parcours terminé;927.50
2688;22/05/2026 12:05:09;Rayan MICHEL;Dossier validé;Parcours terminé;999.50
2689;22/05/2026 11:51:00;;Souscription en cours;Coordonnées personnelles;606.55
2690;22/05/2026 11:51:00;;Souscription en cours;Coordonnées personnelles;857.73
2691;22/05/2026 11:36:23;;Souscription en cours;Vérification d'identité;764.92
2692;22/05/2026 11:36:23;;Souscription en cours;Vérification d'identité;583.55
2693;22/05/2026 11:24:31;Adam LAURENT;Dossier validé;Parcours terminé;459.81
2694;22/05/2026 11:24:31;Adam LAURENT;Dossier validé;Parcours terminé;971.91
2695;22/05/2026 11:18:15;;Souscription en cours;Choix de l'offre et livraison;777.61
2696;22/05/2026 11:18:15;;Souscription en cours;Choix de l'offre et livraison;169.32
2697;22/05/2026 11:16:47;Manon LEFEBVRE;Dossier refusé;Saisie société;262.95
2698;22/05/2026 11:16:47;Manon LEFEBVRE;Dossier refusé;Saisie société;612.58
2699;22/05/2026 11:13:32;;Dossier refusé;Saisie société;427.07
2700;22/05/2026 11:13:32;;Dossier refusé;Saisie société;901.28
2701;22/05/2026 11:08:07;;Souscription en cours;Coordonnées personnelles;145.64
2702;22/05/2026 11:08:07;;Souscription en cours;Coordonnées personnelles;656.12
2703;22/05/2026 10:57:56;;Souscription en cours;Coordonnées personnelles;126.46
2704;22/05/2026 10:57:56;;Souscription en cours;Coordonnées personnelles;836.21
2705;22/05/2026 10:57:25;;Dossier refusé;Choix de l'offre et livraison;848.59
2706;22/05/2026 10:57:25;;Dossier refusé;Choix de l'offre et livraison;563.73
2707;22/05/2026 10:36:12;Z5750800;Dossier validé;Parcours terminé;177.68
2708;22/05/2026 10:36:12;Z5750800;Dossier validé;Parcours terminé;556.85
2709;22/05/2026 10:34:55;Manon LEFEBVRE;Dossier validé;Parcours terminé;742.84
2710;22/05/2026 10:34:55;Manon LEFEBVRE;Dossier validé;Parcours terminé;791.17
2711;22/05/2026 10:31:46;;Dossier validé;Parcours terminé;531.98
2712;22/05/2026 10:31:46;;Dossier validé;Parcours terminé;946.43
2713;22/05/2026 10:27:51;;Souscription en cours;Coordonnées personnelles;590.60
2714;22/05/2026 10:27:51;;Souscription en cours;Coordonnées personnelles;879.29
2715;22/05/2026 10:24:23;;Dossier refusé;Saisie société;397.55
2716;22/05/2026 10:24:23;;Dossier refusé;Saisie société;888.03
2717;22/05/2026 10:11:14;;Souscription non démarrée;Parcours non démarré;622.49
2718;22/05/2026 10:11:14;;Souscription non démarrée;Parcours non démarré;898.80
2719;22/05/2026 10:06:40;;Dossier validé;Parcours terminé;534.91
2720;22/05/2026 10:06:40;;Dossier validé;Parcours terminé;111.18
2721;22/05/2026 09:42:35;;Dossier refusé;Saisie société;792.66
2722;22/05/2026 09:42:35;;Dossier refusé;Saisie société;169.10
2723;22/05/2026 09:42:06;;Dossier validé;Parcours terminé;205.58
2724;22/05/2026 09:42:06;;Dossier validé;Parcours terminé;926.45
2725;22/05/2026 09:41:36;;Dossier refusé;Bénéficiaire effectifs;709.44
2726;22/05/2026 09:41:36;;Dossier refusé;Bénéficiaire effectifs;266.46
2727;22/05/2026 09:38:50;Z5750800;Dossier refusé;Saisie société;869.39
2728;22/05/2026 09:38:50;Z5750800;Dossier refusé;Saisie société;664.87
2729;22/05/2026 09:30:41;;Dossier validé;Parcours terminé;186.41
2730;22/05/2026 09:30:41;;Dossier validé;Parcours terminé;350.62
2731;22/05/2026 09:14:08;;Souscription en cours;Signature Contrat;692.83
2732;22/05/2026 09:14:08;;Souscription en cours;Signature Contrat;726.94
2733;22/05/2026 09:13:26;;Dossier validé;Parcours terminé;161.87
2734;22/05/2026 09:13:26;;Dossier validé;Parcours terminé;882.75
2735;22/05/2026 09:08:26;;Dossier validé;Parcours terminé;659.03
2736;22/05/2026 09:08:26;;Dossier validé;Parcours terminé;578.25
2737;22/05/2026 09:03:55;;Dossier validé;Parcours terminé;629.87
2738;22/05/2026 09:03:55;;Dossier validé;Parcours terminé;304.66
2739;22/05/2026 09:01:30;;En attente d'analyse Agent - Dossier avec erreurs;Signature Contrat;645.89
2740;22/05/2026 09:01:30;;En attente d'analyse Agent - Dossier avec erreurs;Signature Contrat;133.94
2741;22/05/2026 08:34:57;;Souscription en cours;Informations complémentaires (CA, Profession, etc.);308.15
2742;22/05/2026 08:34:57;;Souscription en cours;Informations complémentaires (CA, Profession, etc.);642.83
2743;22/05/2026 08:20:45;;Souscription en cours;Coordonnées personnelles;155.82
2744;22/05/2026 08:20:45;;Souscription en cours;Coordonnées personnelles;790.25
2745;22/05/2026 08:19:38;;Dossier validé;Parcours terminé;580.78
2746;22/05/2026 08:19:38;;Dossier validé;Parcours terminé;415.70
2747;22/05/2026 08:13:40;;Dossier refusé;Saisie société;971.80
2748;22/05/2026 08:13:40;;Dossier refusé;Saisie société;756.15
2749;22/05/2026 06:35:05;;Dossier refusé;Saisie société;621.32
2750;22/05/2026 06:35:05;;Dossier refusé;Saisie société;989.63
2751;22/05/2026 06:01:53;;Dossier refusé;Signature Contrat;269.43
2752;22/05/2026 06:01:53;;Dossier refusé;Signature Contrat;105.14
2753;22/05/2026 05:54:25;;Dossier validé;Parcours terminé;487.36
2754;22/05/2026 05:54:25;;Dossier validé;Parcours terminé;909.86
2755;22/05/2026 05:03:45;;Souscription non démarrée;Parcours non démarré;547.96
2756;22/05/2026 05:03:45;;Souscription non démarrée;Parcours non démarré;800.26
2757;22/05/2026 04:25:21;;Souscription en cours;Choix de l'offre et livraison;913.48
2758;22/05/2026 04:25:21;;Souscription en cours;Choix de l'offre et livraison;453.48
2759;22/05/2026 02:45:31;;Souscription en cours;Choix de l'offre et livraison;880.70
2760;22/05/2026 02:45:31;;Souscription en cours;Choix de l'offre et livraison;653.46
2761;22/05/2026 01:19:01;;Souscription en cours;Coordonnées personnelles;171.16
2762;22/05/2026 01:19:01;;Souscription en cours;Coordonnées personnelles;440.78
2763;22/05/2026 00:48:10;;Dossier validé;Parcours terminé;112.08
2764;22/05/2026 00:48:10;;Dossier validé;Parcours terminé;982.58
2765;22/05/2026 00:23:08;;Souscription en cours;Coordonnées personnelles;291.97
2766;22/05/2026 00:23:08;;Souscription en cours;Coordonnées personnelles;682.30
2767;22/05/2026 00:15:42;;Dossier refusé;Saisie société;111.32
2768;22/05/2026 00:15:42;;Dossier refusé;Saisie société;810.05
2769;22/05/2026 00:15:38;;Dossier validé;Parcours terminé;670.64
2770;22/05/2026 00:15:38;;Dossier validé;Parcours terminé;456.92
2771;22/05/2026 00:04:11;;Souscription en cours;Coordonnées personnelles;767.94
2772;22/05/2026 00:04:11;;Souscription en cours;Coordonnées personnelles;530.08
2773;21/05/2026 23:44:00;;Souscription en cours;Coordonnées personnelles;153.56
2774;21/05/2026 23:44:00;;Souscription en cours;Coordonnées personnelles;313.37
2775;21/05/2026 23:38:03;;Dossier refusé;Saisie société;422.23
2776;21/05/2026 23:38:03;;Dossier refusé;Saisie société;534.79
2777;21/05/2026 23:20:50;;Dossier validé;Parcours terminé;536.59
2778;21/05/2026 23:20:50;;Dossier validé;Parcours terminé;541.05
2779;21/05/2026 23:15:53;;Souscription non démarrée;Parcours non démarré;387.61
2780;21/05/2026 23:15:53;;Souscription non démarrée;Parcours non démarré;391.44
2781;21/05/2026 23:12:43;;Dossier refusé;Saisie société;715.31
2782;21/05/2026 23:12:43;;Dossier refusé;Saisie société;770.56
2783;21/05/2026 23:08:51;;Souscription en cours;Coordonnées personnelles;741.52
2784;21/05/2026 23:08:51;;Souscription en cours;Coordonnées personnelles;239.67
2785;21/05/2026 23:08:45;;Souscription en cours;Coordonnées personnelles;498.05
2786;21/05/2026 23:08:45;;Souscription en cours;Coordonnées personnelles;821.07
2787;21/05/2026 23:05:06;;Souscription non démarrée;Parcours non démarré;714.40
2788;21/05/2026 23:05:06;;Souscription non démarrée;Parcours non démarré;200.48
2789;21/05/2026 22:50:39;;Dossier validé;Parcours terminé;355.26
2790;21/05/2026 22:50:39;;Dossier validé;Parcours terminé;869.19
2791;21/05/2026 22:49:10;;Souscription en cours;Informations complémentaires (CA, Profession, etc.);713.38
2792;21/05/2026 22:49:10;;Souscription en cours;Informations complémentaires (CA, Profession, etc.);327.23
2793;21/05/2026 22:47:42;;Souscription en cours;Vérification d'identité;204.78
2794;21/05/2026 22:47:42;;Souscription en cours;Vérification d'identité;342.81
2795;21/05/2026 22:40:09;;Dossier validé;Parcours terminé;677.44
2796;21/05/2026 22:40:09;;Dossier validé;Parcours terminé;463.57
2797;21/05/2026 22:39:53;;Souscription en cours;Choix de l'offre et livraison;317.73
2798;21/05/2026 22:39:53;;Souscription en cours;Choix de l'offre et livraison;983.22
2799;21/05/2026 22:31:45;;Souscription en cours;Coordonnées personnelles;522.69
2800;21/05/2026 22:31:45;;Souscription en cours;Coordonnées personnelles;339.84
2801;21/05/2026 22:16:57;;Souscription non démarrée;Parcours non démarré;385.92
2802;21/05/2026 22:16:57;;Souscription non démarrée;Parcours non démarré;615.44
2803;21/05/2026 22:10:05;;Dossier validé;Parcours terminé;980.39
2804;21/05/2026 22:10:05;;Dossier validé;Parcours terminé;847.32
2805;21/05/2026 21:43:42;;Souscription non démarrée;Parcours non démarré;903.46
2806;21/05/2026 21:43:42;;Souscription non démarrée;Parcours non démarré;651.65
2807;21/05/2026 21:33:14;;Souscription en cours;Coordonnées personnelles;521.80
2808;21/05/2026 21:33:14;;Souscription en cours;Coordonnées personnelles;328.80
2809;21/05/2026 21:27:59;;Dossier validé;Parcours terminé;809.04
2810;21/05/2026 21:27:59;;Dossier validé;Parcours terminé;865.06
2811;21/05/2026 21:25:41;;Souscription en cours;Coordonnées personnelles;213.27
2812;21/05/2026 21:25:41;;Souscription en cours;Coordonnées personnelles;273.84
2813;21/05/2026 21:22:50;;Souscription en cours;Coordonnées personnelles;564.45
2814;21/05/2026 21:22:50;;Souscription en cours;Coordonnées personnelles;798.72
2815;21/05/2026 21:16:21;;En attente d'analyse Agent - Dossier avec erreurs;Signature Contrat;451.45
2816;21/05/2026 21:16:21;;En attente d'analyse Agent - Dossier avec erreurs;Signature Contrat;361.85
2817;21/05/2026 21:10:31;;En attente d'analyse Agent - Dossier avec erreurs;Signature Contrat;293.79
2818;21/05/2026 21:10:31;;En attente d'analyse Agent - Dossier avec erreurs;Signature Contrat;839.60
2819;21/05/2026 21:03:24;;Souscription en cours;Coordonnées personnelles;354.84
2820;21/05/2026 21:03:24;;Souscription en cours;Coordonnées personnelles;545.26
2821;21/05/2026 21:02:00;;Souscription en cours;Choix de l'offre et livraison;152.43
2822;21/05/2026 21:02:00;;Souscription en cours;Choix de l'offre et livraison;533.76
2823;21/05/2026 20:58:07;;Dossier validé;Parcours terminé;551.21
2824;21/05/2026 20:58:07;;Dossier validé;Parcours terminé;806.47
2825;21/05/2026 20:51:27;;Souscription non démarrée;Parcours non démarré;600.38
2826;21/05/2026 20:51:27;;Souscription non démarrée;Parcours non démarré;684.22
2827;21/05/2026 20:48:54;;En attente d'analyse Agent - Dossier avec erreurs;Signature Contrat;466.26
2828;21/05/2026 20:48:54;;En attente d'analyse Agent - Dossier avec erreurs;Signature Contrat;612.85
2829;21/05/2026 20:43:19;;Souscription en cours;Coordonnées personnelles;404.26
2830;21/05/2026 20:43:19;;Souscription en cours;Coordonnées personnelles;433.17
2831;21/05/2026 20:39:22;;Souscription en cours;Bénéficiaire effectifs;895.04
2832;21/05/2026 20:39:22;;Souscription en cours;Bénéficiaire effectifs;106.90
2833;21/05/2026 20:32:20;;Dossier refusé;Saisie société;967.92
2834;21/05/2026 20:32:20;;Dossier refusé;Saisie société;477.02
2835;21/05/2026 20:23:24;;Souscription en cours;Informations complémentaires (Etablissements, etc.);407.14
2836;21/05/2026 20:23:24;;Souscription en cours;Informations complémentaires (Etablissements, etc.);802.46
2837;21/05/2026 20:04:43;;Dossier validé;Parcours terminé;833.27
2838;21/05/2026 20:04:43;;Dossier validé;Parcours terminé;194.84
2839;21/05/2026 19:59:15;;Dossier refusé;Saisie société;764.70
2840;21/05/2026 19:59:15;;Dossier refusé;Saisie société;373.73
2841;21/05/2026 19:39:13;;Souscription en cours;Choix de l'offre et livraison;341.19
2842;21/05/2026 19:39:13;;Souscription en cours;Choix de l'offre et livraison;592.40
2843;21/05/2026 19:17:03;;Dossier refusé;Saisie société;125.72
2844;21/05/2026 19:17:03;;Dossier refusé;Saisie société;415.77
2845;21/05/2026 19:06:28;;Dossier refusé;Saisie société;497.85
2846;21/05/2026 19:06:28;;Dossier refusé;Saisie société;684.13
2847;21/05/2026 19:04:35;;En attente d'analyse Agent - Dossier avec erreurs;Signature Contrat;492.25
2848;21/05/2026 19:04:35;;En attente d'analyse Agent - Dossier avec erreurs;Signature Contrat;129.00
2849;21/05/2026 19:03:53;;Souscription non démarrée;Parcours non démarré;182.40
2850;21/05/2026 19:03:53;;Souscription non démarrée;Parcours non démarré;316.18
2851;21/05/2026 18:57:24;Manon LEFEBVRE;Dossier validé;Parcours terminé;773.63
2852;21/05/2026 18:57:24;Manon LEFEBVRE;Dossier validé;Parcours terminé;375.07
2853;21/05/2026 18:55:37;;Souscription en cours;Coordonnées personnelles;671.40
2854;21/05/2026 18:55:37;;Souscription en cours;Coordonnées personnelles;159.42
2855;21/05/2026 18:52:52;;Dossier validé;Parcours terminé;584.99
2856;21/05/2026 18:52:52;;Dossier validé;Parcours terminé;531.15
2857;21/05/2026 18:51:56;;Souscription en cours;Choix de l'offre et livraison;401.84
2858;21/05/2026 18:51:56;;Souscription en cours;Choix de l'offre et livraison;562.34
2859;21/05/2026 18:35:36;;Souscription en cours;Coordonnées personnelles;762.16
2860;21/05/2026 18:35:36;;Souscription en cours;Coordonnées personnelles;660.27
2861;21/05/2026 18:32:29;;Souscription en cours;Choix de l'offre et livraison;794.91
2862;21/05/2026 18:32:29;;Souscription en cours;Choix de l'offre et livraison;662.83
2863;21/05/2026 18:08:48;;Souscription en cours;Coordonnées personnelles;333.17
2864;21/05/2026 18:08:48;;Souscription en cours;Coordonnées personnelles;796.30
2865;21/05/2026 18:08:42;;Souscription en cours;Choix de l'offre et livraison;989.55
2866;21/05/2026 18:08:42;;Souscription en cours;Choix de l'offre et livraison;775.25
2867;21/05/2026 17:57:52;;Souscription en cours;Coordonnées personnelles;963.09
2868;21/05/2026 17:57:52;;Souscription en cours;Coordonnées personnelles;554.66
2869;21/05/2026 17:55:14;;Souscription en cours;Informations complémentaires (CA, Profession, etc.);758.26
2870;21/05/2026 17:55:14;;Souscription en cours;Informations complémentaires (CA, Profession, etc.);332.64
2871;21/05/2026 17:54:09;;Souscription non démarrée;Parcours non démarré;248.36
2872;21/05/2026 17:54:09;;Souscription non démarrée;Parcours non démarré;717.06
2873;21/05/2026 17:53:36;;Dossier validé;Parcours terminé;925.18
2874;21/05/2026 17:53:36;;Dossier validé;Parcours terminé;975.42
2875;21/05/2026 17:52:10;;Souscription en cours;Coordonnées personnelles;345.83
2876;21/05/2026 17:52:10;;Souscription en cours;Coordonnées personnelles;274.28
2877;21/05/2026 17:51:47;;Souscription en cours;Informations complémentaires (CA, Profession, etc.);133.82
2878;21/05/2026 17:51:47;;Souscription en cours;Informations complémentaires (CA, Profession, etc.);550.47
2879;21/05/2026 17:47:12;;En attente d'analyse Agent - Dossier avec erreurs;Signature Contrat;749.67
2880;21/05/2026 17:47:12;;En attente d'analyse Agent - Dossier avec erreurs;Signature Contrat;852.86
2881;21/05/2026 17:43:29;;Dossier validé;Parcours terminé;336.00
2882;21/05/2026 17:43:29;;Dossier validé;Parcours terminé;986.78
2883;21/05/2026 17:41:46;;Souscription non démarrée;Parcours non démarré;751.34
2884;21/05/2026 17:41:46;;Souscription non démarrée;Parcours non démarré;125.89
2885;21/05/2026 17:39:37;;Souscription en cours;Informations complémentaires (Etablissements, etc.);481.05
2886;21/05/2026 17:39:37;;Souscription en cours;Informations complémentaires (Etablissements, etc.);432.60
2887;21/05/2026 17:31:19;;Dossier refusé;Informations complémentaires (CA, Profession, etc.);262.87
2888;21/05/2026 17:31:19;;Dossier refusé;Informations complémentaires (CA, Profession, etc.);825.42
2889;21/05/2026 17:29:50;;Souscription en cours;Signature Contrat;966.63
2890;21/05/2026 17:29:50;;Souscription en cours;Signature Contrat;421.01
2891;21/05/2026 17:22:46;;Souscription en cours;Vérification d'identité;102.43
2892;21/05/2026 17:22:46;;Souscription en cours;Vérification d'identité;493.85
2893;21/05/2026 17:21:08;;Souscription en cours;Coordonnées personnelles;444.13
2894;21/05/2026 17:21:08;;Souscription en cours;Coordonnées personnelles;405.71
2895;21/05/2026 17:16:26;;Souscription en cours;Informations complémentaires (CA, Profession, etc.);898.10
2896;21/05/2026 17:16:26;;Souscription en cours;Informations complémentaires (CA, Profession, etc.);510.45
2897;21/05/2026 17:06:34;;Dossier validé;Parcours terminé;397.75
2898;21/05/2026 17:06:34;;Dossier validé;Parcours terminé;823.66
2899;21/05/2026 17:01:28;;Souscription en cours;Choix de l'offre et livraison;648.43
2900;21/05/2026 17:01:28;;Souscription en cours;Choix de l'offre et livraison;317.55
2901;21/05/2026 16:56:20;;Dossier validé;Parcours terminé;983.38
2902;21/05/2026 16:56:20;;Dossier validé;Parcours terminé;967.62
2903;21/05/2026 16:54:38;;Souscription en cours;Signature Contrat;999.04
2904;21/05/2026 16:54:38;;Souscription en cours;Signature Contrat;397.76
2905;21/05/2026 16:50:12;;Dossier validé;Parcours terminé;216.72
2906;21/05/2026 16:50:12;;Dossier validé;Parcours terminé;488.04
2907;21/05/2026 16:44:18;;Dossier validé;Parcours terminé;974.57
2908;21/05/2026 16:44:18;;Dossier validé;Parcours terminé;789.39
2909;21/05/2026 16:38:03;;Souscription non démarrée;Parcours non démarré;392.68
2910;21/05/2026 16:38:03;;Souscription non démarrée;Parcours non démarré;882.68
2911;21/05/2026 16:33:27;;Souscription en cours;Coordonnées personnelles;442.76
2912;21/05/2026 16:33:27;;Souscription en cours;Coordonnées personnelles;305.77
2913;21/05/2026 16:31:17;;Dossier validé;Parcours terminé;818.29
2914;21/05/2026 16:31:17;;Dossier validé;Parcours terminé;136.76
2915;21/05/2026 16:27:04;;Souscription en cours;Signature Contrat;887.26
2916;21/05/2026 16:27:04;;Souscription en cours;Signature Contrat;240.25
2917;21/05/2026 16:19:55;;En attente d'analyse Agent - Dossier avec erreurs;Signature Contrat;450.27
2918;21/05/2026 16:19:55;;En attente d'analyse Agent - Dossier avec erreurs;Signature Contrat;241.41
2919;21/05/2026 16:13:28;;Souscription en cours;Vérification d'identité;242.63
2920;21/05/2026 16:13:28;;Souscription en cours;Vérification d'identité;156.05
2921;21/05/2026 16:05:51;;Dossier validé;Parcours terminé;117.13
2922;21/05/2026 16:05:51;;Dossier validé;Parcours terminé;989.74
2923;21/05/2026 16:04:29;;Dossier refusé;Saisie société;939.39
2924;21/05/2026 16:04:29;;Dossier refusé;Saisie société;189.81
2925;21/05/2026 16:02:26;;Souscription en cours;Coordonnées personnelles;616.26
2926;21/05/2026 16:02:26;;Souscription en cours;Coordonnées personnelles;571.45
2927;21/05/2026 15:58:52;;Dossier validé;Parcours terminé;556.66
2928;21/05/2026 15:58:52;;Dossier validé;Parcours terminé;885.56
2929;21/05/2026 15:58:50;;Souscription en cours;Coordonnées personnelles;231.52
2930;21/05/2026 15:58:50;;Souscription en cours;Coordonnées personnelles;648.45
2931;21/05/2026 15:51:55;;Dossier refusé;Vérification d'identité;563.65
2932;21/05/2026 15:51:55;;Dossier refusé;Vérification d'identité;658.32
2933;21/05/2026 15:49:00;;Dossier validé;Parcours terminé;290.81
2934;21/05/2026 15:49:00;;Dossier validé;Parcours terminé;639.79
2935;21/05/2026 15:48:54;;En attente d'analyse Agent - Dossier avec erreurs;Signature Contrat;525.78
2936;21/05/2026 15:48:54;;En attente d'analyse Agent - Dossier avec erreurs;Signature Contrat;270.48
2937;21/05/2026 15:43:20;;Souscription en cours;Coordonnées personnelles;237.69
2938;21/05/2026 15:43:20;;Souscription en cours;Coordonnées personnelles;425.77
2939;21/05/2026 15:42:12;;Souscription non démarrée;Parcours non démarré;487.68
2940;21/05/2026 15:42:12;;Souscription non démarrée;Parcours non démarré;863.70
2941;21/05/2026 15:41:46;;Souscription en cours;Signature Contrat;167.64
2942;21/05/2026 15:41:46;;Souscription en cours;Signature Contrat;193.83
2943;21/05/2026 15:40:50;;Dossier validé;Parcours terminé;698.69
2944;21/05/2026 15:40:50;;Dossier validé;Parcours terminé;432.47
2945;21/05/2026 15:35:26;;Dossier validé;Parcours terminé;763.73
2946;21/05/2026 15:35:26;;Dossier validé;Parcours terminé;252.58
2947;21/05/2026 15:32:07;;Souscription en cours;Coordonnées personnelles;929.31
2948;21/05/2026 15:32:07;;Souscription en cours;Coordonnées personnelles;161.04
2949;21/05/2026 15:30:08;;Dossier validé;Parcours terminé;458.95
2950;21/05/2026 15:30:08;;Dossier validé;Parcours terminé;886.14
2951;21/05/2026 15:28:12;;Souscription en cours;Choix de l'offre et livraison;809.14
2952;21/05/2026 15:28:12;;Souscription en cours;Choix de l'offre et livraison;260.35
2953;21/05/2026 15:22:08;;Souscription en cours;Coordonnées personnelles;936.55
2954;21/05/2026 15:22:08;;Souscription en cours;Coordonnées personnelles;131.12
2955;21/05/2026 15:21:16;;Dossier refusé;Saisie société;646.48
2956;21/05/2026 15:21:16;;Dossier refusé;Saisie société;705.20
2957;21/05/2026 15:16:02;;En attente d'analyse Agent - Dossier avec erreurs;Signature Contrat;810.70
2958;21/05/2026 15:16:02;;En attente d'analyse Agent - Dossier avec erreurs;Signature Contrat;474.23
2959;21/05/2026 15:12:11;;En attente d'analyse Agent - Dossier avec erreurs;Signature Contrat;303.45
2960;21/05/2026 15:12:11;;En attente d'analyse Agent - Dossier avec erreurs;Signature Contrat;651.37
2961;21/05/2026 15:07:10;;Dossier validé;Parcours terminé;931.74
2962;21/05/2026 15:07:10;;Dossier validé;Parcours terminé;521.47
2963;21/05/2026 15:01:55;;Dossier validé;Parcours terminé;568.06
2964;21/05/2026 15:01:55;;Dossier validé;Parcours terminé;467.60
2965;21/05/2026 15:01:30;;Dossier validé;Parcours terminé;853.51
2966;21/05/2026 15:01:30;;Dossier validé;Parcours terminé;804.77
2967;21/05/2026 14:57:20;;Dossier validé;Parcours terminé;660.14
2968;21/05/2026 14:57:20;;Dossier validé;Parcours terminé;872.83
2969;21/05/2026 14:55:16;;Souscription en cours;Choix de l'offre et livraison;450.02
2970;21/05/2026 14:55:16;;Souscription en cours;Choix de l'offre et livraison;742.97
2971;21/05/2026 14:54:53;;Souscription en cours;Choix de l'offre et livraison;116.70
2972;21/05/2026 14:54:53;;Souscription en cours;Choix de l'offre et livraison;360.89
2973;21/05/2026 14:53:31;;Dossier validé;Parcours terminé;112.61
2974;21/05/2026 14:53:31;;Dossier validé;Parcours terminé;811.84
2975;21/05/2026 14:44:13;;Souscription non démarrée;Parcours non démarré;998.07
2976;21/05/2026 14:44:13;;Souscription non démarrée;Parcours non démarré;517.76
2977;21/05/2026 14:42:22;;Dossier validé;Parcours terminé;574.64
2978;21/05/2026 14:42:22;;Dossier validé;Parcours terminé;927.55
2979;21/05/2026 14:32:04;;Dossier validé;Parcours terminé;524.46
2980;21/05/2026 14:32:04;;Dossier validé;Parcours terminé;191.99
2981;21/05/2026 14:29:10;;Souscription en cours;Choix de l'offre et livraison;999.78
2982;21/05/2026 14:29:10;;Souscription en cours;Choix de l'offre et livraison;858.40
2983;21/05/2026 14:22:33;;Souscription en cours;Vérification d'identité;454.05
2984;21/05/2026 14:22:33;;Souscription en cours;Vérification d'identité;409.03
2985;21/05/2026 14:10:28;;Dossier refusé;Saisie société;504.59
2986;21/05/2026 14:10:28;;Dossier refusé;Saisie société;694.42
2987;21/05/2026 14:10:06;;Souscription non démarrée;Parcours non démarré;366.99
2988;21/05/2026 14:10:06;;Souscription non démarrée;Parcours non démarré;195.51
2989;21/05/2026 14:08:37;;Souscription en cours;Choix de l'offre et livraison;244.23
2990;21/05/2026 14:08:37;;Souscription en cours;Choix de l'offre et livraison;593.55
2991;21/05/2026 13:55:32;;Souscription non démarrée;Parcours non démarré;532.79
2992;21/05/2026 13:55:32;;Souscription non démarrée;Parcours non démarré;205.89
2993;21/05/2026 13:53:38;;Souscription en cours;Coordonnées personnelles;952.95
2994;21/05/2026 13:53:38;;Souscription en cours;Coordonnées personnelles;767.80
2995;21/05/2026 13:50:56;;Souscription en cours;Informations complémentaires (CA, Profession, etc.);633.80
2996;21/05/2026 13:50:56;;Souscription en cours;Informations complémentaires (CA, Profession, etc.);936.33
2997;21/05/2026 13:50:37;;Dossier validé;Parcours terminé;462.68
2998;21/05/2026 13:50:37;;Dossier validé;Parcours terminé;109.16
2999;21/05/2026 13:50:24;;Souscription non démarrée;Parcours non démarré;277.58
3000;21/05/2026 13:50:24;;Souscription non démarrée;Parcours non démarré;477.55
3001;21/05/2026 13:49:02;;Dossier validé;Parcours terminé;801.08
3002;21/05/2026 13:49:02;;Dossier validé;Parcours terminé;909.55
3003;21/05/2026 13:48:44;;Souscription en cours;Coordonnées personnelles;407.26
3004;21/05/2026 13:48:44;;Souscription en cours;Coordonnées personnelles;299.13
3005;21/05/2026 13:35:54;;Dossier validé;Parcours terminé;464.40
3006;21/05/2026 13:35:54;;Dossier validé;Parcours terminé;841.80
3007;21/05/2026 12:53:12;;Souscription en cours;Signature Contrat;165.93
3008;21/05/2026 12:53:12;;Souscription en cours;Signature Contrat;232.63
3009;21/05/2026 12:47:50;;Souscription en cours;Coordonnées personnelles;662.08
3010;21/05/2026 12:47:50;;Souscription en cours;Coordonnées personnelles;401.65
3011;21/05/2026 12:46:46;;Dossier refusé;Signature Contrat;457.31
3012;21/05/2026 12:46:46;;Dossier refusé;Signature Contrat;338.68
3013;21/05/2026 12:44:27;;Dossier validé;Parcours terminé;701.37
3014;21/05/2026 12:44:27;;Dossier validé;Parcours terminé;300.73
3015;21/05/2026 12:40:52;;Souscription en cours;Coordonnées personnelles;830.96
3016;21/05/2026 12:40:52;;Souscription en cours;Coordonnées personnelles;402.98
3017;21/05/2026 12:31:47;;Souscription non démarrée;Parcours non démarré;180.11
3018;21/05/2026 12:31:47;;Souscription non démarrée;Parcours non démarré;376.77
3019;21/05/2026 12:21:32;;Dossier validé;Parcours terminé;113.95
3020;21/05/2026 12:21:32;;Dossier validé;Parcours terminé;725.99
3021;21/05/2026 12:19:51;;Dossier validé;Parcours terminé;623.58
3022;21/05/2026 12:19:51;;Dossier validé;Parcours terminé;236.50
3023;21/05/2026 12:18:11;;Souscription en cours;Informations complémentaires (Etablissements, etc.);893.19
3024;21/05/2026 12:18:11;;Souscription en cours;Informations complémentaires (Etablissements, etc.);491.61
3025;21/05/2026 12:13:12;Manon LEFEBVRE;Dossier refusé;Signature Contrat;447.98
3026;21/05/2026 12:13:12;Manon LEFEBVRE;Dossier refusé;Signature Contrat;297.35
3027;21/05/2026 12:10:17;;Souscription non démarrée;Parcours non démarré;562.91
3028;21/05/2026 12:10:17;;Souscription non démarrée;Parcours non démarré;130.94
3029;21/05/2026 12:02:44;;Souscription non démarrée;Parcours non démarré;527.17
3030;21/05/2026 12:02:44;;Souscription non démarrée;Parcours non démarré;630.41
3031;21/05/2026 12:02:23;;Dossier validé;Parcours terminé;415.32
3032;21/05/2026 12:02:23;;Dossier validé;Parcours terminé;475.04
3033;21/05/2026 12:01:26;;Dossier validé;Parcours terminé;902.31
3034;21/05/2026 12:01:26;;Dossier validé;Parcours terminé;281.58
3035;21/05/2026 11:54:55;;En attente d'analyse Agent - Dossier avec erreurs;Signature Contrat;315.28
3036;21/05/2026 11:54:55;;En attente d'analyse Agent - Dossier avec erreurs;Signature Contrat;168.84
3037;21/05/2026 11:52:23;;Dossier validé;Parcours terminé;333.30
3038;21/05/2026 11:52:23;;Dossier validé;Parcours terminé;844.47
3039;21/05/2026 11:39:37;;Dossier validé;Parcours terminé;728.74
3040;21/05/2026 11:39:37;;Dossier validé;Parcours terminé;914.75
3041;21/05/2026 11:37:13;;Souscription en cours;Synchronisation référentiel personne NOVA;220.30
3042;21/05/2026 11:37:13;;Souscription en cours;Synchronisation référentiel personne NOVA;561.38
3043;21/05/2026 11:35:35;;Dossier validé;Parcours terminé;218.11
3044;21/05/2026 11:35:35;;Dossier validé;Parcours terminé;776.26
3045;21/05/2026 11:32:15;;En attente d'analyse Agent - Dossier avec erreurs;Signature Contrat;101.24
3046;21/05/2026 11:32:15;;En attente d'analyse Agent - Dossier avec erreurs;Signature Contrat;823.82
3047;21/05/2026 11:24:13;;Souscription en cours;Coordonnées personnelles;117.61
3048;21/05/2026 11:24:13;;Souscription en cours;Coordonnées personnelles;675.38
3049;21/05/2026 11:13:58;;Souscription en cours;Informations complémentaires (Etablissements, etc.);699.87
3050;21/05/2026 11:13:58;;Souscription en cours;Informations complémentaires (Etablissements, etc.);755.03
3051;21/05/2026 11:11:16;;Souscription en cours;Choix de l'offre et livraison;325.84
3052;21/05/2026 11:11:16;;Souscription en cours;Choix de l'offre et livraison;971.09
3053;21/05/2026 11:09:11;;Souscription en cours;Choix de l'offre et livraison;937.24
3054;21/05/2026 11:09:11;;Souscription en cours;Choix de l'offre et livraison;683.03
3055;21/05/2026 11:05:24;;Souscription en cours;Vérification d'identité;228.68
3056;21/05/2026 11:05:24;;Souscription en cours;Vérification d'identité;377.31
3057;21/05/2026 11:03:23;;Dossier validé;Parcours terminé;489.95
3058;21/05/2026 11:03:23;;Dossier validé;Parcours terminé;310.47
3059;21/05/2026 11:01:41;;Dossier refusé;Saisie société;206.92
3060;21/05/2026 11:01:41;;Dossier refusé;Saisie société;408.37
3061;21/05/2026 10:59:33;;Souscription non démarrée;Parcours non démarré;703.59
3062;21/05/2026 10:59:33;;Souscription non démarrée;Parcours non démarré;410.76
3063;21/05/2026 10:58:19;;Souscription en cours;Choix de l'offre et livraison;176.12
3064;21/05/2026 10:58:19;;Souscription en cours;Choix de l'offre et livraison;373.29
3065;21/05/2026 10:53:31;;Dossier validé;Parcours terminé;420.20
3066;21/05/2026 10:53:31;;Dossier validé;Parcours terminé;781.77
3067;21/05/2026 10:53:00;;Souscription en cours;Vérification d'identité;386.92
3068;21/05/2026 10:53:00;;Souscription en cours;Vérification d'identité;558.77
3069;21/05/2026 10:37:11;;En attente d'analyse Agent - Dossier avec erreurs;Signature Contrat;959.61
3070;21/05/2026 10:37:11;;En attente d'analyse Agent - Dossier avec erreurs;Signature Contrat;180.28
3071;21/05/2026 10:35:33;Hugo MARTIN;Dossier refusé;Bénéficiaire effectifs;877.04
3072;21/05/2026 10:35:33;Hugo MARTIN;Dossier refusé;Bénéficiaire effectifs;997.63
3073;21/05/2026 10:30:18;;En attente d'analyse Agent - Dossier avec erreurs;Signature Contrat;670.96
3074;21/05/2026 10:30:18;;En attente d'analyse Agent - Dossier avec erreurs;Signature Contrat;280.98
3075;21/05/2026 10:28:32;;Souscription en cours;Bénéficiaire effectifs;872.01
3076;21/05/2026 10:28:32;;Souscription en cours;Bénéficiaire effectifs;910.68
3077;21/05/2026 10:13:08;;Dossier validé;Parcours terminé;515.63
3078;21/05/2026 10:13:08;;Dossier validé;Parcours terminé;630.53
3079;21/05/2026 10:11:18;;Souscription en cours;Choix de l'offre et livraison;517.14
3080;21/05/2026 10:11:18;;Souscription en cours;Choix de l'offre et livraison;483.39
3081;21/05/2026 10:07:49;;Souscription en cours;Choix de l'offre et livraison;479.37
3082;21/05/2026 10:07:49;;Souscription en cours;Choix de l'offre et livraison;339.48
3083;21/05/2026 10:07:16;;Souscription en cours;Vérification d'identité;226.71
3084;21/05/2026 10:07:16;;Souscription en cours;Vérification d'identité;209.57
3085;21/05/2026 09:57:01;;Souscription en cours;Signature Contrat;761.44
3086;21/05/2026 09:57:01;;Souscription en cours;Signature Contrat;966.41
3087;21/05/2026 09:47:22;;Souscription en cours;Vérification d'identité;195.05
3088;21/05/2026 09:47:22;;Souscription en cours;Vérification d'identité;842.53
3089;21/05/2026 09:42:57;;En attente d'analyse Agent - Dossier avec erreurs;Signature Contrat;925.33
3090;21/05/2026 09:42:57;;En attente d'analyse Agent - Dossier avec erreurs;Signature Contrat;160.38
3091;21/05/2026 09:42:17;;Souscription en cours;Coordonnées personnelles;867.45
3092;21/05/2026 09:42:17;;Souscription en cours;Coordonnées personnelles;269.25
3093;21/05/2026 09:37:29;;Dossier validé;Parcours terminé;957.24
3094;21/05/2026 09:37:29;;Dossier validé;Parcours terminé;371.83
3095;21/05/2026 09:23:48;;Souscription en cours;Vérification d'identité;318.22
3096;21/05/2026 09:23:48;;Souscription en cours;Vérification d'identité;174.28
3097;21/05/2026 09:21:40;;Dossier validé;Parcours terminé;381.59
3098;21/05/2026 09:21:40;;Dossier validé;Parcours terminé;141.91
3099;21/05/2026 09:14:40;;En attente d'analyse Agent - Dossier avec erreurs;Signature Contrat;762.55
3100;21/05/2026 09:14:40;;En attente d'analyse Agent - Dossier avec erreurs;Signature Contrat;412.45
3101;21/05/2026 09:13:23;;Souscription en cours;Vérification d'identité;738.35
3102;21/05/2026 09:13:23;;Souscription en cours;Vérification d'identité;476.16
3103;21/05/2026 09:11:28;;Souscription en cours;Coordonnées personnelles;172.42
3104;21/05/2026 09:11:28;;Souscription en cours;Coordonnées personnelles;218.52
3105;21/05/2026 09:03:42;;Dossier validé;Parcours terminé;459.75
3106;21/05/2026 09:03:42;;Dossier validé;Parcours terminé;259.18
3107;21/05/2026 09:02:34;Louis MARTIN;Dossier validé;Parcours terminé;522.99
3108;21/05/2026 09:02:34;Louis MARTIN;Dossier validé;Parcours terminé;461.99
3109;21/05/2026 09:01:29;;Dossier validé;Parcours terminé;127.54
3110;21/05/2026 09:01:29;;Dossier validé;Parcours terminé;886.35
3111;21/05/2026 08:39:17;;Souscription en cours;Informations complémentaires (Etablissements, etc.);794.46
3112;21/05/2026 08:39:17;;Souscription en cours;Informations complémentaires (Etablissements, etc.);107.99
3113;21/05/2026 08:22:11;;Dossier validé;Parcours terminé;626.05
3114;21/05/2026 08:22:11;;Dossier validé;Parcours terminé;977.17
3115;21/05/2026 06:31:29;;Souscription en cours;Synchronisation référentiel personne NOVA;277.98
3116;21/05/2026 06:31:29;;Souscription en cours;Synchronisation référentiel personne NOVA;219.17
3117;21/05/2026 06:08:35;Hugo MARTIN;Dossier validé;Parcours terminé;450.10
3118;21/05/2026 06:08:35;Hugo MARTIN;Dossier validé;Parcours terminé;746.49
3119;21/05/2026 06:06:13;;Souscription en cours;Choix de l'offre et livraison;170.24
3120;21/05/2026 06:06:13;;Souscription en cours;Choix de l'offre et livraison;259.91
3121;21/05/2026 06:05:04;;Dossier validé;Parcours terminé;681.30
3122;21/05/2026 06:05:04;;Dossier validé;Parcours terminé;187.16
3123;21/05/2026 05:54:28;;Souscription en cours;Coordonnées personnelles;308.20
3124;21/05/2026 05:54:28;;Souscription en cours;Coordonnées personnelles;248.87
3125;21/05/2026 05:13:41;;Souscription en cours;Coordonnées personnelles;676.66
3126;21/05/2026 05:13:41;;Souscription en cours;Coordonnées personnelles;231.45
3127;21/05/2026 05:08:30;;Dossier validé;Parcours terminé;202.58
3128;21/05/2026 05:08:30;;Dossier validé;Parcours terminé;486.15
3129;21/05/2026 05:06:53;;Dossier validé;Parcours terminé;411.20
3130;21/05/2026 05:06:53;;Dossier validé;Parcours terminé;337.39
3131;21/05/2026 04:21:02;;Souscription en cours;Coordonnées personnelles;682.08
3132;21/05/2026 04:21:02;;Souscription en cours;Coordonnées personnelles;484.67
3133;21/05/2026 03:51:53;;Dossier refusé;Signature Contrat;444.66
3134;21/05/2026 03:51:53;;Dossier refusé;Signature Contrat;532.47
3135;21/05/2026 03:28:34;;Dossier validé;Parcours terminé;814.41
3136;21/05/2026 03:28:34;;Dossier validé;Parcours terminé;115.77
3137;21/05/2026 03:22:38;;Dossier validé;Parcours terminé;530.53
3138;21/05/2026 03:22:38;;Dossier validé;Parcours terminé;298.29
3139;21/05/2026 02:12:53;;Souscription en cours;Signature Contrat;457.92
3140;21/05/2026 02:12:53;;Souscription en cours;Signature Contrat;573.51
3141;21/05/2026 01:46:43;;Dossier validé;Parcours terminé;647.96
3142;21/05/2026 01:46:43;;Dossier validé;Parcours terminé;642.81
3143;21/05/2026 01:36:39;;Dossier validé;Parcours terminé;362.47
3144;21/05/2026 01:36:39;;Dossier validé;Parcours terminé;382.02
3145;21/05/2026 01:28:32;;Dossier validé;Parcours terminé;651.45
3146;21/05/2026 01:28:32;;Dossier validé;Parcours terminé;431.41
3147;21/05/2026 00:35:51;Hugo MARTIN;Dossier validé;Parcours terminé;712.55
3148;21/05/2026 00:35:51;Hugo MARTIN;Dossier validé;Parcours terminé;329.86
3149;21/05/2026 00:10:19;;Dossier validé;Parcours terminé;369.76
3150;21/05/2026 00:10:19;;Dossier validé;Parcours terminé;231.51
3151;21/05/2026 00:02:35;;Dossier validé;Parcours terminé;121.67
3152;21/05/2026 00:02:35;;Dossier validé;Parcours terminé;729.08
3153;20/05/2026 23:58:58;;Souscription en cours;Signature Contrat;692.33
3154;20/05/2026 23:58:58;;Souscription en cours;Signature Contrat;432.26
3155;20/05/2026 23:53:40;;Souscription non démarrée;Parcours non démarré;430.00
3156;20/05/2026 23:53:40;;Souscription non démarrée;Parcours non démarré;878.28
3157;20/05/2026 23:28:13;;Souscription non démarrée;Parcours non démarré;623.03
3158;20/05/2026 23:28:13;;Souscription non démarrée;Parcours non démarré;810.21
3159;20/05/2026 22:50:15;;Souscription non démarrée;Parcours non démarré;144.18
3160;20/05/2026 22:50:15;;Souscription non démarrée;Parcours non démarré;439.33
3161;20/05/2026 22:39:43;;Souscription non démarrée;Parcours non démarré;242.34
3162;20/05/2026 22:39:43;;Souscription non démarrée;Parcours non démarré;747.44
3163;20/05/2026 22:29:13;;Dossier validé;Parcours terminé;895.74
3164;20/05/2026 22:29:13;;Dossier validé;Parcours terminé;686.56
3165;20/05/2026 22:22:21;;Dossier validé;Parcours terminé;899.81
3166;20/05/2026 22:22:21;;Dossier validé;Parcours terminé;971.38
3167;20/05/2026 22:22:21;;Dossier validé;Parcours terminé;473.94
3168;20/05/2026 22:22:21;;Dossier validé;Parcours terminé;559.36
3169;20/05/2026 22:16:09;;Souscription en cours;Vérification d'identité;661.60
3170;20/05/2026 22:16:09;;Souscription en cours;Vérification d'identité;215.82
3171;20/05/2026 22:08:38;;Souscription non démarrée;Parcours non démarré;772.22
3172;20/05/2026 22:08:38;;Souscription non démarrée;Parcours non démarré;763.50
3173;20/05/2026 21:58:21;;Souscription en cours;Coordonnées personnelles;852.53
3174;20/05/2026 21:58:21;;Souscription en cours;Coordonnées personnelles;507.00
3175;20/05/2026 21:52:32;;Souscription non démarrée;Parcours non démarré;513.84
3176;20/05/2026 21:52:32;;Souscription non démarrée;Parcours non démarré;645.07
3177;20/05/2026 21:33:59;;Souscription en cours;Informations complémentaires (Etablissements, etc.);515.74
3178;20/05/2026 21:33:59;;Souscription en cours;Informations complémentaires (Etablissements, etc.);488.64
3179;20/05/2026 21:08:42;;Dossier validé;Parcours terminé;196.10
3180;20/05/2026 21:08:42;;Dossier validé;Parcours terminé;429.18
3181;20/05/2026 21:02:08;;En attente d'analyse Agent - Dossier avec erreurs;Signature Contrat;410.22
3182;20/05/2026 21:02:08;;En attente d'analyse Agent - Dossier avec erreurs;Signature Contrat;159.19
3183;20/05/2026 20:58:59;;Souscription en cours;Vérification d'identité;518.27
3184;20/05/2026 20:58:59;;Souscription en cours;Vérification d'identité;596.84
3185;20/05/2026 20:55:01;;Dossier validé;Parcours terminé;844.13
3186;20/05/2026 20:55:01;;Dossier validé;Parcours terminé;481.05
3187;20/05/2026 20:54:03;;Dossier validé;Parcours terminé;850.81
3188;20/05/2026 20:54:03;;Dossier validé;Parcours terminé;233.59
3189;20/05/2026 20:51:24;;Souscription en cours;Coordonnées personnelles;938.60
3190;20/05/2026 20:51:24;;Souscription en cours;Coordonnées personnelles;218.31
3191;20/05/2026 20:47:45;;Souscription non démarrée;Parcours non démarré;713.33
3192;20/05/2026 20:47:45;;Souscription non démarrée;Parcours non démarré;847.95
3193;20/05/2026 20:34:40;;Dossier validé;Parcours terminé;932.12
3194;20/05/2026 20:34:40;;Dossier validé;Parcours terminé;930.27
3195;20/05/2026 20:28:35;;Souscription en cours;Coordonnées personnelles;206.39
3196;20/05/2026 20:28:35;;Souscription en cours;Coordonnées personnelles;325.46
3197;20/05/2026 20:27:46;;Souscription en cours;Vérification d'identité;236.96
3198;20/05/2026 20:27:46;;Souscription en cours;Vérification d'identité;699.69
3199;20/05/2026 20:02:51;;Souscription en cours;Choix de l'offre et livraison;934.57
3200;20/05/2026 20:02:51;;Souscription en cours;Choix de l'offre et livraison;823.98
3201;20/05/2026 19:56:08;;Dossier validé;Parcours terminé;407.30
3202;20/05/2026 19:56:08;;Dossier validé;Parcours terminé;302.00
3203;20/05/2026 19:54:55;;Souscription en cours;Coordonnées personnelles;135.10
3204;20/05/2026 19:54:55;;Souscription en cours;Coordonnées personnelles;755.54
3205;20/05/2026 19:47:21;;Souscription en cours;Vérification d'identité;886.85
3206;20/05/2026 19:47:21;;Souscription en cours;Vérification d'identité;895.06
3207;20/05/2026 19:43:12;;Souscription en cours;Coordonnées personnelles;953.65
3208;20/05/2026 19:43:12;;Souscription en cours;Coordonnées personnelles;429.65
3209;20/05/2026 19:40:52;;Dossier refusé;Parcours terminé;273.58
3210;20/05/2026 19:40:52;;Dossier refusé;Parcours terminé;782.37
3211;20/05/2026 19:11:19;;Souscription en cours;Vérification d'identité;618.12
3212;20/05/2026 19:11:19;;Souscription en cours;Vérification d'identité;616.22
3213;20/05/2026 19:08:02;;Souscription en cours;Coordonnées personnelles;297.05
3214;20/05/2026 19:08:02;;Souscription en cours;Coordonnées personnelles;924.88
3215;20/05/2026 18:58:15;;Dossier refusé;Signature Contrat;532.46
3216;20/05/2026 18:58:15;;Dossier refusé;Signature Contrat;999.54
3217;20/05/2026 18:55:38;;Dossier validé;Parcours terminé;872.32
3218;20/05/2026 18:55:38;;Dossier validé;Parcours terminé;998.52
3219;20/05/2026 18:51:11;;Souscription en cours;Signature Contrat;607.69
3220;20/05/2026 18:51:11;;Souscription en cours;Signature Contrat;743.13
3221;20/05/2026 18:48:31;;Souscription en cours;Vérification d'identité;116.74
3222;20/05/2026 18:48:31;;Souscription en cours;Vérification d'identité;109.44
3223;20/05/2026 18:44:25;;Dossier validé;Parcours terminé;788.83
3224;20/05/2026 18:44:25;;Dossier validé;Parcours terminé;228.33
3225;20/05/2026 18:43:57;;Dossier validé;Parcours terminé;688.11
3226;20/05/2026 18:43:57;;Dossier validé;Parcours terminé;178.64
3227;20/05/2026 18:42:06;;Souscription en cours;Informations complémentaires (CA, Profession, etc.);450.49
3228;20/05/2026 18:42:06;;Souscription en cours;Informations complémentaires (CA, Profession, etc.);427.76
3229;20/05/2026 18:31:42;;Souscription en cours;Coordonnées personnelles;554.34
3230;20/05/2026 18:31:42;;Souscription en cours;Coordonnées personnelles;228.96
3231;20/05/2026 18:29:13;;Souscription non démarrée;Parcours non démarré;682.79
3232;20/05/2026 18:29:13;;Souscription non démarrée;Parcours non démarré;507.78
3233;20/05/2026 18:11:20;;Dossier validé;Parcours terminé;273.99
3234;20/05/2026 18:11:20;;Dossier validé;Parcours terminé;318.18
3235;20/05/2026 18:02:25;;Dossier validé;Parcours terminé;197.68
3236;20/05/2026 18:02:25;;Dossier validé;Parcours terminé;218.56
3237;20/05/2026 17:59:46;;Souscription en cours;Coordonnées personnelles;461.81
3238;20/05/2026 17:59:46;;Souscription en cours;Coordonnées personnelles;416.46
3239;20/05/2026 17:56:20;;Dossier refusé;Signature Contrat;503.74
3240;20/05/2026 17:56:20;;Dossier refusé;Signature Contrat;492.59
3241;20/05/2026 17:53:19;;Souscription en cours;Coordonnées personnelles;386.89
3242;20/05/2026 17:53:19;;Souscription en cours;Coordonnées personnelles;419.15
3243;20/05/2026 17:51:52;Hugo MARTIN;Dossier validé;Parcours terminé;224.41
3244;20/05/2026 17:51:52;Hugo MARTIN;Dossier validé;Parcours terminé;554.80
3245;20/05/2026 17:48:47;;Dossier validé;Parcours terminé;225.57
3246;20/05/2026 17:48:47;;Dossier validé;Parcours terminé;160.81
3247;20/05/2026 17:45:00;;Souscription en cours;Coordonnées personnelles;667.48
3248;20/05/2026 17:45:00;;Souscription en cours;Coordonnées personnelles;919.04
3249;20/05/2026 17:42:09;;Dossier validé;Parcours terminé;393.33
3250;20/05/2026 17:42:09;;Dossier validé;Parcours terminé;210.62
3251;20/05/2026 17:38:38;;Dossier refusé;Saisie société;988.90
3252;20/05/2026 17:38:38;;Dossier refusé;Saisie société;705.72
3253;20/05/2026 17:37:51;;Souscription en cours;Coordonnées personnelles;956.96
3254;20/05/2026 17:37:51;;Souscription en cours;Coordonnées personnelles;977.47
3255;20/05/2026 17:27:22;Hugo DUBOIS;Dossier validé;Parcours terminé;776.25
3256;20/05/2026 17:27:22;Hugo DUBOIS;Dossier validé;Parcours terminé;994.97
3257;20/05/2026 17:27:00;;Souscription en cours;Signature Contrat;188.54
3258;20/05/2026 17:27:00;;Souscription en cours;Signature Contrat;118.35
3259;20/05/2026 17:26:55;;Souscription en cours;Coordonnées personnelles;349.47
3260;20/05/2026 17:26:55;;Souscription en cours;Coordonnées personnelles;338.85
3261;20/05/2026 17:26:12;;Souscription en cours;Coordonnées personnelles;995.41
3262;20/05/2026 17:26:12;;Souscription en cours;Coordonnées personnelles;983.41
3263;20/05/2026 17:24:39;;Souscription en cours;Coordonnées personnelles;851.54
3264;20/05/2026 17:24:39;;Souscription en cours;Coordonnées personnelles;873.80
3265;20/05/2026 17:24:29;;Souscription en cours;Coordonnées personnelles;392.49
3266;20/05/2026 17:24:29;;Souscription en cours;Coordonnées personnelles;809.08
3267;20/05/2026 17:24:24;;Souscription non démarrée;Parcours non démarré;574.46
3268;20/05/2026 17:24:24;;Souscription non démarrée;Parcours non démarré;897.99
3269;20/05/2026 17:21:38;Z5750800;Dossier validé;Parcours terminé;782.40
3270;20/05/2026 17:21:38;Z5750800;Dossier validé;Parcours terminé;130.31
3271;20/05/2026 17:17:09;;Souscription non démarrée;Parcours non démarré;622.37
3272;20/05/2026 17:17:09;;Souscription non démarrée;Parcours non démarré;516.56
3273;20/05/2026 17:16:33;;Dossier validé;Parcours terminé;993.68
3274;20/05/2026 17:16:33;;Dossier validé;Parcours terminé;393.04
3275;20/05/2026 17:13:44;;Dossier validé;Parcours terminé;823.42
3276;20/05/2026 17:13:44;;Dossier validé;Parcours terminé;717.81
3277;20/05/2026 17:12:07;Manon LEFEBVRE;Dossier validé;Parcours terminé;116.69
3278;20/05/2026 17:12:07;Manon LEFEBVRE;Dossier validé;Parcours terminé;538.03
3279;20/05/2026 17:12:05;;Souscription en cours;Coordonnées personnelles;350.88
3280;20/05/2026 17:12:05;;Souscription en cours;Coordonnées personnelles;744.84
3281;20/05/2026 17:11:12;;Dossier validé;Parcours terminé;640.50
3282;20/05/2026 17:11:12;;Dossier validé;Parcours terminé;389.33
3283;20/05/2026 17:07:37;Zoé MULLER;Dossier validé;Parcours terminé;287.92
3284;20/05/2026 17:07:37;Zoé MULLER;Dossier validé;Parcours terminé;865.91
3285;20/05/2026 17:05:11;;Dossier refusé;Signature Contrat;173.73
3286;20/05/2026 17:05:11;;Dossier refusé;Signature Contrat;908.29
3287;20/05/2026 17:03:24;;Souscription en cours;Bénéficiaire effectifs;393.88
3288;20/05/2026 17:03:24;;Souscription en cours;Bénéficiaire effectifs;447.10
3289;20/05/2026 16:50:47;;Dossier validé;Parcours terminé;875.29
3290;20/05/2026 16:50:47;;Dossier validé;Parcours terminé;551.26
3291;20/05/2026 16:48:52;;Dossier refusé;Signature Contrat;229.76
3292;20/05/2026 16:48:52;;Dossier refusé;Signature Contrat;679.97
3293;20/05/2026 16:41:29;;Souscription en cours;Coordonnées personnelles;547.90
3294;20/05/2026 16:41:29;;Souscription en cours;Coordonnées personnelles;215.68
3295;20/05/2026 16:33:16;;Souscription en cours;Coordonnées personnelles;988.56
3296;20/05/2026 16:33:16;;Souscription en cours;Coordonnées personnelles;786.73
3297;20/05/2026 16:31:02;;Souscription en cours;Vérification d'identité;497.69
3298;20/05/2026 16:31:02;;Souscription en cours;Vérification d'identité;109.92
3299;20/05/2026 16:30:28;;Souscription non démarrée;Parcours non démarré;228.14
3300;20/05/2026 16:30:28;;Souscription non démarrée;Parcours non démarré;200.05
3301;20/05/2026 16:28:14;;Souscription en cours;Choix de l'offre et livraison;107.47
3302;20/05/2026 16:28:14;;Souscription en cours;Choix de l'offre et livraison;688.30
3303;20/05/2026 16:27:29;;Souscription en cours;Coordonnées personnelles;500.63
3304;20/05/2026 16:27:29;;Souscription en cours;Coordonnées personnelles;790.16
3305;20/05/2026 16:26:42;;Souscription en cours;Vérification d'identité;843.20
3306;20/05/2026 16:26:42;;Souscription en cours;Vérification d'identité;451.87
3307;20/05/2026 16:26:30;;Dossier validé;Parcours terminé;373.41
3308;20/05/2026 16:26:30;;Dossier validé;Parcours terminé;286.53
3309;20/05/2026 16:21:11;;Dossier refusé;Saisie société;940.64
3310;20/05/2026 16:21:11;;Dossier refusé;Saisie société;656.51
3311;20/05/2026 16:08:52;;Dossier validé;Parcours terminé;163.06
3312;20/05/2026 16:08:52;;Dossier validé;Parcours terminé;605.80
3313;20/05/2026 15:55:21;;Souscription en cours;Signature Contrat;679.83
3314;20/05/2026 15:55:21;;Souscription en cours;Signature Contrat;524.49
3315;20/05/2026 15:55:00;;Dossier refusé;Saisie société;534.51
3316;20/05/2026 15:55:00;;Dossier refusé;Saisie société;777.90
3317;20/05/2026 15:52:31;;Souscription en cours;Signature Contrat;281.65
3318;20/05/2026 15:52:31;;Souscription en cours;Signature Contrat;416.82
3319;20/05/2026 15:51:36;;Souscription en cours;Coordonnées personnelles;599.20
3320;20/05/2026 15:51:36;;Souscription en cours;Coordonnées personnelles;218.08
3321;20/05/2026 15:47:33;;En attente d'analyse Agent - Dossier avec erreurs;Signature Contrat;568.36
3322;20/05/2026 15:47:33;;En attente d'analyse Agent - Dossier avec erreurs;Signature Contrat;494.89
3323;20/05/2026 15:46:54;;Dossier refusé;Saisie société;719.62
3324;20/05/2026 15:46:54;;Dossier refusé;Saisie société;129.25
3325;20/05/2026 15:42:05;;Dossier refusé;Signature Contrat;733.52
3326;20/05/2026 15:42:05;;Dossier refusé;Signature Contrat;137.96
3327;20/05/2026 15:41:27;;Dossier refusé;Saisie société;224.49
3328;20/05/2026 15:41:27;;Dossier refusé;Saisie société;769.14
3329;20/05/2026 15:39:06;;Souscription en cours;Coordonnées personnelles;960.39
3330;20/05/2026 15:39:06;;Souscription en cours;Coordonnées personnelles;123.50
3331;20/05/2026 15:36:28;;Souscription non démarrée;Parcours non démarré;801.49
3332;20/05/2026 15:36:28;;Souscription non démarrée;Parcours non démarré;458.53
3333;20/05/2026 15:30:52;;Dossier validé;Parcours terminé;223.23
3334;20/05/2026 15:30:52;;Dossier validé;Parcours terminé;691.39
3335;20/05/2026 15:27:11;;Dossier validé;Parcours terminé;528.41
3336;20/05/2026 15:27:11;;Dossier validé;Parcours terminé;255.11
3337;20/05/2026 15:24:01;;Dossier validé;Parcours terminé;181.48
3338;20/05/2026 15:24:01;;Dossier validé;Parcours terminé;147.72
3339;20/05/2026 15:23:38;;Dossier validé;Parcours terminé;621.68
3340;20/05/2026 15:23:38;;Dossier validé;Parcours terminé;713.35
3341;20/05/2026 15:22:51;;Dossier validé;Parcours terminé;982.05
3342;20/05/2026 15:22:51;;Dossier validé;Parcours terminé;846.01
3343;20/05/2026 15:22:46;;Souscription en cours;Vérification d'identité;536.59
3344;20/05/2026 15:22:46;;Souscription en cours;Vérification d'identité;923.91
3345;20/05/2026 15:21:37;;Dossier validé;Parcours terminé;352.12
3346;20/05/2026 15:21:37;;Dossier validé;Parcours terminé;181.67
3347;20/05/2026 15:19:46;;Souscription en cours;Coordonnées personnelles;453.42
3348;20/05/2026 15:19:46;;Souscription en cours;Coordonnées personnelles;443.14
3349;20/05/2026 15:18:56;;Dossier validé;Parcours terminé;582.06
3350;20/05/2026 15:18:56;;Dossier validé;Parcours terminé;523.57
3351;20/05/2026 15:12:10;;Souscription en cours;Signature Contrat;951.13
3352;20/05/2026 15:12:10;;Souscription en cours;Signature Contrat;955.47
3353;20/05/2026 15:09:06;;Dossier validé;Parcours terminé;535.85
3354;20/05/2026 15:09:06;;Dossier validé;Parcours terminé;139.30
3355;20/05/2026 15:08:57;;Dossier validé;Parcours terminé;794.39
3356;20/05/2026 15:08:57;;Dossier validé;Parcours terminé;605.20
3357;20/05/2026 15:08:49;;Souscription en cours;Signature Contrat;339.07
3358;20/05/2026 15:08:49;;Souscription en cours;Signature Contrat;393.80
3359;20/05/2026 15:02:34;;Dossier validé;Parcours terminé;685.68
3360;20/05/2026 15:02:34;;Dossier validé;Parcours terminé;253.33
3361;20/05/2026 14:58:26;;Souscription en cours;Vérification d'identité;521.39
3362;20/05/2026 14:58:26;;Souscription en cours;Vérification d'identité;951.95
3363;20/05/2026 14:54:41;;Dossier validé;Parcours terminé;181.34
3364;20/05/2026 14:54:41;;Dossier validé;Parcours terminé;264.01
3365;20/05/2026 14:54:26;;Souscription en cours;Informations complémentaires (Etablissements, etc.);859.19
3366;20/05/2026 14:54:26;;Souscription en cours;Informations complémentaires (Etablissements, etc.);272.79
3367;20/05/2026 14:47:39;;Dossier refusé;Saisie société;166.57
3368;20/05/2026 14:47:39;;Dossier refusé;Saisie société;592.90
3369;20/05/2026 14:46:50;;Dossier validé;Parcours terminé;879.86
3370;20/05/2026 14:46:50;;Dossier validé;Parcours terminé;404.02
3371;20/05/2026 14:46:25;;Souscription en cours;Coordonnées personnelles;123.11
3372;20/05/2026 14:46:25;;Souscription en cours;Coordonnées personnelles;114.73
3373;20/05/2026 14:44:00;;Souscription en cours;Bénéficiaire effectifs;832.87
3374;20/05/2026 14:44:00;;Souscription en cours;Bénéficiaire effectifs;624.18
3375;20/05/2026 14:41:47;;Dossier validé;Parcours terminé;209.58
3376;20/05/2026 14:41:47;;Dossier validé;Parcours terminé;879.86
3377;20/05/2026 14:40:25;;Souscription en cours;Informations complémentaires (Etablissements, etc.);168.16
3378;20/05/2026 14:40:25;;Souscription en cours;Informations complémentaires (Etablissements, etc.);403.50
3379;20/05/2026 14:39:12;;Dossier validé;Parcours terminé;395.90
3380;20/05/2026 14:39:12;;Dossier validé;Parcours terminé;346.06
3381;20/05/2026 14:36:01;;Souscription en cours;Vérification d'identité;467.14
3382;20/05/2026 14:36:01;;Souscription en cours;Vérification d'identité;983.96
3383;20/05/2026 14:35:48;;Dossier validé;Parcours terminé;942.05
3384;20/05/2026 14:35:48;;Dossier validé;Parcours terminé;214.79
3385;20/05/2026 14:33:38;;Souscription en cours;Vérification d'identité;461.83
3386;20/05/2026 14:33:38;;Souscription en cours;Vérification d'identité;750.83
3387;20/05/2026 14:30:35;;Souscription en cours;Choix de l'offre et livraison;556.28
3388;20/05/2026 14:30:35;;Souscription en cours;Choix de l'offre et livraison;862.63
3389;20/05/2026 14:27:37;;Dossier validé;Parcours terminé;742.22
3390;20/05/2026 14:27:37;;Dossier validé;Parcours terminé;830.23
3391;20/05/2026 14:18:07;;Souscription en cours;Coordonnées personnelles;754.52
3392;20/05/2026 14:18:07;;Souscription en cours;Coordonnées personnelles;344.71
3393;20/05/2026 14:07:50;;Souscription en cours;Informations complémentaires (CA, Profession, etc.);492.37
3394;20/05/2026 14:07:50;;Souscription en cours;Informations complémentaires (CA, Profession, etc.);372.40
3395;20/05/2026 14:04:47;;Souscription en cours;Vérification d'identité;766.12
3396;20/05/2026 14:04:47;;Souscription en cours;Vérification d'identité;923.80
3397;20/05/2026 13:48:07;;Dossier validé;Parcours terminé;605.49
3398;20/05/2026 13:48:07;;Dossier validé;Parcours terminé;630.99
3399;20/05/2026 13:40:16;;Souscription non démarrée;Parcours non démarré;350.25
3400;20/05/2026 13:40:16;;Souscription non démarrée;Parcours non démarré;802.44
3401;20/05/2026 13:37:22;;Dossier validé;Parcours terminé;741.17
3402;20/05/2026 13:37:22;;Dossier validé;Parcours terminé;280.88
3403;20/05/2026 13:33:22;;Souscription en cours;Coordonnées personnelles;889.85
3404;20/05/2026 13:33:22;;Souscription en cours;Coordonnées personnelles;466.14
3405;20/05/2026 13:27:41;;Souscription en cours;Informations complémentaires (CA, Profession, etc.);604.28
3406;20/05/2026 13:27:41;;Souscription en cours;Informations complémentaires (CA, Profession, etc.);563.91
3407;20/05/2026 13:24:47;;Souscription non démarrée;Parcours non démarré;487.76
3408;20/05/2026 13:24:47;;Souscription non démarrée;Parcours non démarré;634.12
3409;20/05/2026 13:24:17;;Souscription en cours;Vérification d'identité;615.82
3410;20/05/2026 13:24:17;;Souscription en cours;Vérification d'identité;879.49
3411;20/05/2026 13:14:48;;Souscription en cours;Coordonnées personnelles;359.92
3412;20/05/2026 13:14:48;;Souscription en cours;Coordonnées personnelles;516.20
3413;20/05/2026 13:14:38;;Dossier refusé;Saisie société;850.05
3414;20/05/2026 13:14:38;;Dossier refusé;Saisie société;907.41
3415;20/05/2026 13:12:13;;Dossier validé;Parcours terminé;159.01
3416;20/05/2026 13:12:13;;Dossier validé;Parcours terminé;664.32
3417;20/05/2026 13:04:37;Hugo MARTIN;Dossier validé;Parcours terminé;311.76
3418;20/05/2026 13:04:37;Hugo MARTIN;Dossier validé;Parcours terminé;177.72
3419;20/05/2026 12:57:40;;Dossier validé;Parcours terminé;886.37
3420;20/05/2026 12:57:40;;Dossier validé;Parcours terminé;650.09
3421;20/05/2026 12:56:53;;Dossier refusé;Saisie société;319.59
3422;20/05/2026 12:56:53;;Dossier refusé;Saisie société;156.75
3423;20/05/2026 12:50:01;;Dossier validé;Parcours terminé;700.87
3424;20/05/2026 12:50:01;;Dossier validé;Parcours terminé;187.39
3425;20/05/2026 12:36:24;;Dossier refusé;Saisie société;603.89
3426;20/05/2026 12:36:24;;Dossier refusé;Saisie société;445.28
3427;20/05/2026 12:34:05;;Souscription en cours;Choix de l'offre et livraison;651.35
3428;20/05/2026 12:34:05;;Souscription en cours;Choix de l'offre et livraison;484.62
3429;20/05/2026 12:32:32;;Souscription non démarrée;Parcours non démarré;935.83
3430;20/05/2026 12:32:32;;Souscription non démarrée;Parcours non démarré;731.47
3431;20/05/2026 12:09:38;;Souscription en cours;Coordonnées personnelles;595.01
3432;20/05/2026 12:09:38;;Souscription en cours;Coordonnées personnelles;634.56
3433;20/05/2026 12:05:00;;Souscription en cours;Coordonnées personnelles;956.10
3434;20/05/2026 12:05:00;;Souscription en cours;Coordonnées personnelles;808.85
3435;20/05/2026 12:04:27;;Souscription en cours;Signature Contrat;602.17
3436;20/05/2026 12:04:27;;Souscription en cours;Signature Contrat;964.44
3437;20/05/2026 12:04:17;;Souscription en cours;Coordonnées personnelles;750.84
3438;20/05/2026 12:04:17;;Souscription en cours;Coordonnées personnelles;390.00
3439;20/05/2026 12:01:05;Adam MARTIN;Dossier validé;Parcours terminé;535.46
3440;20/05/2026 12:01:05;Adam MARTIN;Dossier validé;Parcours terminé;896.30
3441;20/05/2026 11:54:52;;Dossier validé;Parcours terminé;671.49
3442;20/05/2026 11:54:52;;Dossier validé;Parcours terminé;724.73
3443;20/05/2026 11:54:47;;Dossier validé;Parcours terminé;218.75
3444;20/05/2026 11:54:47;;Dossier validé;Parcours terminé;554.17
3445;20/05/2026 11:36:01;;Dossier validé;Parcours terminé;287.75
3446;20/05/2026 11:36:01;;Dossier validé;Parcours terminé;901.82
3447;20/05/2026 11:32:55;;Souscription en cours;Informations complémentaires (Etablissements, etc.);828.98
3448;20/05/2026 11:32:55;;Souscription en cours;Informations complémentaires (Etablissements, etc.);792.73
3449;20/05/2026 11:32:22;;Souscription en cours;Choix de l'offre et livraison;646.39
3450;20/05/2026 11:32:22;;Souscription en cours;Choix de l'offre et livraison;366.44
3451;20/05/2026 11:26:48;;Souscription en cours;Informations complémentaires (Etablissements, etc.);214.17
3452;20/05/2026 11:26:48;;Souscription en cours;Informations complémentaires (Etablissements, etc.);993.87
3453;20/05/2026 11:26:08;;Souscription en cours;Bénéficiaire effectifs;679.50
3454;20/05/2026 11:26:08;;Souscription en cours;Bénéficiaire effectifs;861.69
3455;20/05/2026 11:19:35;;Souscription non démarrée;Parcours non démarré;461.52
3456;20/05/2026 11:19:35;;Souscription non démarrée;Parcours non démarré;208.57
3457;20/05/2026 11:18:32;Adam LAURENT;Dossier refusé;Bénéficiaire effectifs;627.88
3458;20/05/2026 11:18:32;Adam LAURENT;Dossier refusé;Bénéficiaire effectifs;678.25
3459;20/05/2026 11:17:47;;Dossier validé;Parcours terminé;760.86
3460;20/05/2026 11:17:47;;Dossier validé;Parcours terminé;676.90
3461;20/05/2026 11:16:32;;Souscription en cours;Coordonnées personnelles;361.74
3462;20/05/2026 11:16:32;;Souscription en cours;Coordonnées personnelles;352.13
3463;20/05/2026 11:09:20;;Dossier validé;Parcours terminé;178.67
3464;20/05/2026 11:09:20;;Dossier validé;Parcours terminé;374.07
3465;20/05/2026 11:08:16;;Dossier validé;Parcours terminé;406.19
3466;20/05/2026 11:08:16;;Dossier validé;Parcours terminé;331.35
3467;20/05/2026 11:05:27;;Dossier validé;Parcours terminé;371.43
3468;20/05/2026 11:05:27;;Dossier validé;Parcours terminé;850.92
3469;20/05/2026 11:04:07;;Souscription en cours;Synchronisation référentiel personne NOVA;264.90
3470;20/05/2026 11:04:07;;Souscription en cours;Synchronisation référentiel personne NOVA;920.64
3471;20/05/2026 11:01:17;;Dossier validé;Parcours terminé;525.61
3472;20/05/2026 11:01:17;;Dossier validé;Parcours terminé;194.55
3473;20/05/2026 10:55:07;;Souscription en cours;Choix de l'offre et livraison;765.63
3474;20/05/2026 10:55:07;;Souscription en cours;Choix de l'offre et livraison;476.07
3475;20/05/2026 10:49:55;Z5735392;Dossier validé;Parcours terminé;339.16
3476;20/05/2026 10:49:55;Z5735392;Dossier validé;Parcours terminé;110.63
3477;20/05/2026 10:46:27;;Souscription en cours;Coordonnées personnelles;405.21
3478;20/05/2026 10:46:27;;Souscription en cours;Coordonnées personnelles;541.29
3479;20/05/2026 10:43:54;;Dossier validé;Parcours terminé;214.91
3480;20/05/2026 10:43:54;;Dossier validé;Parcours terminé;805.98
3481;20/05/2026 10:41:37;;En attente d'analyse Agent - Dossier avec erreurs;Signature Contrat;354.78
3482;20/05/2026 10:41:37;;En attente d'analyse Agent - Dossier avec erreurs;Signature Contrat;964.21
3483;20/05/2026 10:39:45;;Dossier validé;Parcours terminé;149.49
3484;20/05/2026 10:39:45;;Dossier validé;Parcours terminé;401.14
3485;20/05/2026 10:39:22;;Souscription en cours;Coordonnées personnelles;779.70
3486;20/05/2026 10:39:22;;Souscription en cours;Coordonnées personnelles;402.25
3487;20/05/2026 10:36:41;;Dossier validé;Parcours terminé;452.61
3488;20/05/2026 10:36:41;;Dossier validé;Parcours terminé;138.74
3489;20/05/2026 10:34:20;;Dossier validé;Parcours terminé;380.98
3490;20/05/2026 10:34:20;;Dossier validé;Parcours terminé;411.86
3491;20/05/2026 10:27:18;;Dossier refusé;Saisie société;187.66
3492;20/05/2026 10:27:18;;Dossier refusé;Saisie société;757.88
3493;20/05/2026 10:20:33;;Dossier validé;Parcours terminé;413.99
3494;20/05/2026 10:20:33;;Dossier validé;Parcours terminé;486.46
3495;20/05/2026 10:17:02;;Souscription en cours;Choix de l'offre et livraison;701.41
3496;20/05/2026 10:17:02;;Souscription en cours;Choix de l'offre et livraison;585.33
3497;20/05/2026 10:08:07;;Dossier validé;Parcours terminé;641.06
3498;20/05/2026 10:08:07;;Dossier validé;Parcours terminé;206.19
3499;20/05/2026 10:05:32;;Dossier validé;Parcours terminé;785.51
3500;20/05/2026 10:05:32;;Dossier validé;Parcours terminé;511.04
3501;20/05/2026 10:00:33;;Dossier validé;Parcours terminé;202.72
3502;20/05/2026 10:00:33;;Dossier validé;Parcours terminé;275.09
3503;20/05/2026 09:40:31;;Souscription non démarrée;Parcours non démarré;663.55
3504;20/05/2026 09:40:31;;Souscription non démarrée;Parcours non démarré;205.70
3505;20/05/2026 09:36:50;;Souscription en cours;Coordonnées personnelles;403.42
3506;20/05/2026 09:36:50;;Souscription en cours;Coordonnées personnelles;146.18
3507;20/05/2026 09:23:24;Z5681453;Dossier refusé;Signature Contrat;786.29
3508;20/05/2026 09:23:24;Z5681453;Dossier refusé;Signature Contrat;870.72
3509;20/05/2026 09:20:06;;Dossier validé;Parcours terminé;194.95
3510;20/05/2026 09:20:06;;Dossier validé;Parcours terminé;646.07
3511;20/05/2026 09:10:35;;Souscription en cours;Choix de l'offre et livraison;153.99
3512;20/05/2026 09:10:35;;Souscription en cours;Choix de l'offre et livraison;616.89
3513;20/05/2026 09:07:55;;Souscription non démarrée;Parcours non démarré;196.13
3514;20/05/2026 09:07:55;;Souscription non démarrée;Parcours non démarré;937.64
3515;20/05/2026 08:53:10;;Souscription en cours;Coordonnées personnelles;781.56
3516;20/05/2026 08:53:10;;Souscription en cours;Coordonnées personnelles;424.55
3517;20/05/2026 08:37:05;;Souscription en cours;Coordonnées personnelles;641.19
3518;20/05/2026 08:37:05;;Souscription en cours;Coordonnées personnelles;568.86
3519;20/05/2026 08:34:32;;En attente d'analyse Agent - Dossier avec erreurs;Signature Contrat;698.76
3520;20/05/2026 08:34:32;;En attente d'analyse Agent - Dossier avec erreurs;Signature Contrat;326.30
3521;20/05/2026 08:27:00;;Souscription en cours;Choix de l'offre et livraison;605.95
3522;20/05/2026 08:27:00;;Souscription en cours;Choix de l'offre et livraison;554.15
3523;20/05/2026 08:23:59;;Dossier refusé;Coordonnées personnelles;529.66
3524;20/05/2026 08:23:59;;Dossier refusé;Coordonnées personnelles;314.27
3525;20/05/2026 08:17:07;;Dossier validé;Parcours terminé;998.91
3526;20/05/2026 08:17:07;;Dossier validé;Parcours terminé;142.71
3527;20/05/2026 07:55:04;;Dossier validé;Parcours terminé;373.52
3528;20/05/2026 07:55:04;;Dossier validé;Parcours terminé;353.19
3529;20/05/2026 07:54:26;;Dossier validé;Parcours terminé;491.61
3530;20/05/2026 07:54:26;;Dossier validé;Parcours terminé;374.07
3531;20/05/2026 07:50:43;;Dossier refusé;Saisie société;207.30
3532;20/05/2026 07:50:43;;Dossier refusé;Saisie société;625.91
3533;20/05/2026 07:50:21;;Dossier validé;Parcours terminé;646.57
3534;20/05/2026 07:50:21;;Dossier validé;Parcours terminé;833.29
3535;20/05/2026 07:50:13;;Souscription en cours;Coordonnées personnelles;402.42
3536;20/05/2026 07:50:13;;Souscription en cours;Coordonnées personnelles;791.76
3537;20/05/2026 07:37:53;;Souscription en cours;Coordonnées personnelles;585.17
3538;20/05/2026 07:37:53;;Souscription en cours;Coordonnées personnelles;300.99
3539;20/05/2026 07:01:49;;Souscription en cours;Coordonnées personnelles;357.33
3540;20/05/2026 07:01:49;;Souscription en cours;Coordonnées personnelles;759.44
3541;20/05/2026 06:30:31;Manon LEFEBVRE;Dossier validé;Parcours terminé;438.45
3542;20/05/2026 06:30:31;Manon LEFEBVRE;Dossier validé;Parcours terminé;701.29
3543;20/05/2026 06:22:50;;Dossier validé;Parcours terminé;356.45
3544;20/05/2026 06:22:50;;Dossier validé;Parcours terminé;937.97
3545;20/05/2026 05:38:11;;Dossier validé;Parcours terminé;118.86
3546;20/05/2026 05:38:11;;Dossier validé;Parcours terminé;951.43
3547;20/05/2026 05:27:15;;Dossier refusé;Saisie société;850.18
3548;20/05/2026 05:27:15;;Dossier refusé;Saisie société;839.12
3549;20/05/2026 05:24:42;;Dossier validé;Parcours terminé;224.00
3550;20/05/2026 05:24:42;;Dossier validé;Parcours terminé;781.24
3551;20/05/2026 02:57:25;;Souscription en cours;Choix de l'offre et livraison;633.47
3552;20/05/2026 02:57:25;;Souscription en cours;Choix de l'offre et livraison;166.20
3553;20/05/2026 02:10:00;;Souscription non démarrée;Parcours non démarré;537.71
3554;20/05/2026 02:10:00;;Souscription non démarrée;Parcours non démarré;726.11
3555;20/05/2026 01:51:18;;Dossier validé;Parcours terminé;968.58
3556;20/05/2026 01:51:18;;Dossier validé;Parcours terminé;957.34
3557;20/05/2026 01:28:33;;Dossier validé;Parcours terminé;772.81
3558;20/05/2026 01:28:33;;Dossier validé;Parcours terminé;534.27
3559;20/05/2026 00:44:56;;Souscription en cours;Synchronisation référentiel personne NOVA;640.12
3560;20/05/2026 00:44:56;;Souscription en cours;Synchronisation référentiel personne NOVA;743.16
3561;20/05/2026 00:22:16;;Souscription non démarrée;Parcours non démarré;102.74
3562;20/05/2026 00:22:16;;Souscription non démarrée;Parcours non démarré;658.70
3563;20/05/2026 00:12:50;Hugo MARTIN;Dossier validé;Parcours terminé;167.21
3564;20/05/2026 00:12:50;Hugo MARTIN;Dossier validé;Parcours terminé;501.67
3565;20/05/2026 00:11:07;;Dossier validé;Parcours terminé;672.42
3566;20/05/2026 00:11:07;;Dossier validé;Parcours terminé;454.02
3567;19/05/2026 23:54:27;;Souscription en cours;Coordonnées personnelles;471.30
3568;19/05/2026 23:54:27;;Souscription en cours;Coordonnées personnelles;389.81
3569;19/05/2026 23:44:11;;Souscription en cours;Coordonnées personnelles;248.78
3570;19/05/2026 23:44:11;;Souscription en cours;Coordonnées personnelles;245.59
3571;19/05/2026 23:31:31;;Souscription en cours;Coordonnées personnelles;801.48
3572;19/05/2026 23:31:31;;Souscription en cours;Coordonnées personnelles;813.09
3573;19/05/2026 22:48:25;;Dossier validé;Parcours terminé;338.77
3574;19/05/2026 22:48:25;;Dossier validé;Parcours terminé;938.66
3575;19/05/2026 22:29:48;;Souscription en cours;Coordonnées personnelles;299.97
3576;19/05/2026 22:29:48;;Souscription en cours;Coordonnées personnelles;957.05
3577;19/05/2026 22:26:01;;Souscription en cours;Choix de l'offre et livraison;824.84
3578;19/05/2026 22:26:01;;Souscription en cours;Choix de l'offre et livraison;871.45
3579;19/05/2026 22:15:31;;Dossier refusé;Choix de l'offre et livraison;175.43
3580;19/05/2026 22:15:31;;Dossier refusé;Choix de l'offre et livraison;532.92
3581;19/05/2026 22:05:28;;Dossier validé;Parcours terminé;333.96
3582;19/05/2026 22:05:28;;Dossier validé;Parcours terminé;403.36
3583;19/05/2026 21:58:21;;Souscription en cours;Vérification d'identité;837.06
3584;19/05/2026 21:58:21;;Souscription en cours;Vérification d'identité;219.40
3585;19/05/2026 21:42:16;;Dossier refusé;Signature Contrat;653.33
3586;19/05/2026 21:42:16;;Dossier refusé;Signature Contrat;138.57
3587;19/05/2026 21:35:57;;Dossier validé;Parcours terminé;264.41
3588;19/05/2026 21:35:57;;Dossier validé;Parcours terminé;148.47
3589;19/05/2026 21:30:43;;Dossier validé;Parcours terminé;962.17
3590;19/05/2026 21:30:43;;Dossier validé;Parcours terminé;388.72
3591;19/05/2026 21:20:59;;Dossier validé;Parcours terminé;653.48
3592;19/05/2026 21:20:59;;Dossier validé;Parcours terminé;765.43
3593;19/05/2026 21:18:07;;Dossier validé;Parcours terminé;325.32
3594;19/05/2026 21:18:07;;Dossier validé;Parcours terminé;111.58
3595;19/05/2026 21:11:31;;Dossier validé;Parcours terminé;727.06
3596;19/05/2026 21:11:31;;Dossier validé;Parcours terminé;846.74
3597;19/05/2026 21:09:14;;Souscription en cours;Coordonnées personnelles;684.51
3598;19/05/2026 21:09:14;;Souscription en cours;Coordonnées personnelles;496.49
3599;19/05/2026 21:08:59;;Souscription en cours;Vérification d'identité;156.88
3600;19/05/2026 21:08:59;;Souscription en cours;Vérification d'identité;425.56
3601;19/05/2026 21:02:59;;Souscription en cours;Signature Contrat;798.59
3602;19/05/2026 21:02:59;;Souscription en cours;Signature Contrat;718.68
3603;19/05/2026 21:01:24;;Dossier validé;Parcours terminé;596.89
3604;19/05/2026 21:01:24;;Dossier validé;Parcours terminé;513.52
3605;19/05/2026 20:47:24;;Souscription en cours;Vérification d'identité;108.76
3606;19/05/2026 20:47:24;;Souscription en cours;Vérification d'identité;189.52
3607;19/05/2026 20:39:09;;Souscription non démarrée;Parcours non démarré;695.47
3608;19/05/2026 20:39:09;;Souscription non démarrée;Parcours non démarré;833.74
3609;19/05/2026 20:37:17;;Dossier refusé;Saisie société;608.93
3610;19/05/2026 20:37:17;;Dossier refusé;Saisie société;936.04
3611;19/05/2026 20:22:42;;Souscription non démarrée;Parcours non démarré;977.87
3612;19/05/2026 20:22:42;;Souscription non démarrée;Parcours non démarré;760.54
3613;19/05/2026 20:19:59;;Dossier validé;Parcours terminé;381.91
3614;19/05/2026 20:19:59;;Dossier validé;Parcours terminé;728.17
3615;19/05/2026 20:09:10;;Souscription en cours;Coordonnées personnelles;589.87
3616;19/05/2026 20:09:10;;Souscription en cours;Coordonnées personnelles;224.81
3617;19/05/2026 20:06:49;;Souscription en cours;Choix de l'offre et livraison;725.17
3618;19/05/2026 20:06:49;;Souscription en cours;Choix de l'offre et livraison;798.65
3619;19/05/2026 19:56:38;;Dossier validé;Parcours terminé;642.50
3620;19/05/2026 19:56:38;;Dossier validé;Parcours terminé;688.15
3621;19/05/2026 19:54:56;;Dossier validé;Parcours terminé;225.40
3622;19/05/2026 19:54:56;;Dossier validé;Parcours terminé;918.47
3623;19/05/2026 19:52:40;;En attente d'analyse Agent - Dossier avec erreurs;Signature Contrat;991.40
3624;19/05/2026 19:52:40;;En attente d'analyse Agent - Dossier avec erreurs;Signature Contrat;455.13
3625;19/05/2026 19:48:12;;Dossier refusé;Saisie société;627.68
3626;19/05/2026 19:48:12;;Dossier refusé;Saisie société;892.79
3627;19/05/2026 19:08:44;;Souscription non démarrée;Parcours non démarré;761.65
3628;19/05/2026 19:08:44;;Souscription non démarrée;Parcours non démarré;968.66
3629;19/05/2026 19:03:12;;Souscription en cours;Synchronisation référentiel personne NOVA;909.94
3630;19/05/2026 19:03:12;;Souscription en cours;Synchronisation référentiel personne NOVA;578.24
3631;19/05/2026 19:00:54;;Dossier validé;Parcours terminé;471.03
3632;19/05/2026 19:00:54;;Dossier validé;Parcours terminé;659.19
3633;19/05/2026 18:46:52;;Souscription en cours;Coordonnées personnelles;204.21
3634;19/05/2026 18:46:52;;Souscription en cours;Coordonnées personnelles;379.71
3635;19/05/2026 18:29:27;;Souscription en cours;Coordonnées personnelles;688.12
3636;19/05/2026 18:29:27;;Souscription en cours;Coordonnées personnelles;779.32
3637;19/05/2026 18:27:35;;Souscription en cours;Coordonnées personnelles;693.64
3638;19/05/2026 18:27:35;;Souscription en cours;Coordonnées personnelles;603.26
3639;19/05/2026 18:27:16;;Dossier validé;Parcours terminé;913.33
3640;19/05/2026 18:27:16;;Dossier validé;Parcours terminé;842.74
3641;19/05/2026 18:14:23;;Dossier validé;Parcours terminé;623.76
3642;19/05/2026 18:14:23;;Dossier validé;Parcours terminé;274.80
3643;19/05/2026 17:58:47;;Souscription en cours;Coordonnées personnelles;135.68
3644;19/05/2026 17:58:47;;Souscription en cours;Coordonnées personnelles;591.02
3645;19/05/2026 17:55:17;;Souscription en cours;Coordonnées personnelles;287.57
3646;19/05/2026 17:55:17;;Souscription en cours;Coordonnées personnelles;761.85
3647;19/05/2026 17:53:15;;Dossier validé;Parcours terminé;461.25
3648;19/05/2026 17:53:15;;Dossier validé;Parcours terminé;190.56
3649;19/05/2026 17:51:19;;Dossier validé;Parcours terminé;897.32
3650;19/05/2026 17:51:19;;Dossier validé;Parcours terminé;293.36
3651;19/05/2026 17:48:46;;Souscription non démarrée;Parcours non démarré;408.16
3652;19/05/2026 17:48:46;;Souscription non démarrée;Parcours non démarré;722.37
3653;19/05/2026 17:48:20;;Souscription en cours;Coordonnées personnelles;628.42
3654;19/05/2026 17:48:20;;Souscription en cours;Coordonnées personnelles;443.23
3655;19/05/2026 17:37:15;;Souscription non démarrée;Parcours non démarré;120.58
3656;19/05/2026 17:37:15;;Souscription non démarrée;Parcours non démarré;429.43
3657;19/05/2026 17:30:51;;Dossier validé;Parcours terminé;409.95
3658;19/05/2026 17:30:51;;Dossier validé;Parcours terminé;615.26
3659;19/05/2026 17:15:26;;Dossier validé;Parcours terminé;639.89
3660;19/05/2026 17:15:26;;Dossier validé;Parcours terminé;377.25
3661;19/05/2026 17:03:44;;Souscription en cours;Informations complémentaires (Etablissements, etc.);448.72
3662;19/05/2026 17:03:44;;Souscription en cours;Informations complémentaires (Etablissements, etc.);370.02
3663;19/05/2026 16:58:23;;Dossier refusé;Saisie société;167.13
3664;19/05/2026 16:58:23;;Dossier refusé;Saisie société;271.55
3665;19/05/2026 16:58:18;;Dossier refusé;Signature Contrat;920.30
3666;19/05/2026 16:58:18;;Dossier refusé;Signature Contrat;255.07
3667;19/05/2026 16:56:11;;Dossier validé;Parcours terminé;103.63
3668;19/05/2026 16:56:11;;Dossier validé;Parcours terminé;347.91
3669;19/05/2026 16:55:48;;Souscription en cours;Coordonnées personnelles;681.29
3670;19/05/2026 16:55:48;;Souscription en cours;Coordonnées personnelles;730.31
3671;19/05/2026 16:45:07;;Dossier validé;Parcours terminé;241.14
3672;19/05/2026 16:45:07;;Dossier validé;Parcours terminé;908.04
3673;19/05/2026 16:42:00;;Souscription non démarrée;Parcours non démarré;978.64
3674;19/05/2026 16:42:00;;Souscription non démarrée;Parcours non démarré;666.90
3675;19/05/2026 16:41:15;;Souscription en cours;Coordonnées personnelles;568.80
3676;19/05/2026 16:41:15;;Souscription en cours;Coordonnées personnelles;857.59
3677;19/05/2026 16:39:35;;Dossier validé;Parcours terminé;690.77
3678;19/05/2026 16:39:35;;Dossier validé;Parcours terminé;509.17
3679;19/05/2026 16:21:29;Z5735392;Dossier refusé;Saisie société;126.41
3680;19/05/2026 16:21:29;Z5735392;Dossier refusé;Saisie société;954.09
3681;19/05/2026 16:14:06;;Dossier validé;Parcours terminé;278.43
3682;19/05/2026 16:14:06;;Dossier validé;Parcours terminé;680.08
3683;19/05/2026 16:10:45;;Dossier validé;Parcours terminé;669.74
3684;19/05/2026 16:10:45;;Dossier validé;Parcours terminé;609.95
3685;19/05/2026 16:09:22;;Souscription en cours;Choix de l'offre et livraison;584.09
3686;19/05/2026 16:09:22;;Souscription en cours;Choix de l'offre et livraison;787.17
3687;19/05/2026 15:58:29;;Souscription en cours;Signature Contrat;861.36
3688;19/05/2026 15:58:29;;Souscription en cours;Signature Contrat;542.77
3689;19/05/2026 15:53:12;;Souscription en cours;Coordonnées personnelles;579.97
3690;19/05/2026 15:53:12;;Souscription en cours;Coordonnées personnelles;287.04
3691;19/05/2026 15:50:46;;Souscription en cours;Coordonnées personnelles;186.54
3692;19/05/2026 15:50:46;;Souscription en cours;Coordonnées personnelles;958.60
3693;19/05/2026 15:49:05;;Dossier validé;Parcours terminé;397.35
3694;19/05/2026 15:49:05;;Dossier validé;Parcours terminé;326.41
3695;19/05/2026 15:48:07;;Souscription en cours;Choix de l'offre et livraison;400.00
3696;19/05/2026 15:48:07;;Souscription en cours;Choix de l'offre et livraison;412.48
3697;19/05/2026 15:44:10;;Dossier refusé;Signature Contrat;504.48
3698;19/05/2026 15:44:10;;Dossier refusé;Signature Contrat;491.12
3699;19/05/2026 15:42:24;;Dossier refusé;Saisie société;402.96
3700;19/05/2026 15:42:24;;Dossier refusé;Saisie société;568.45
3701;19/05/2026 15:41:10;;Dossier validé;Parcours terminé;440.42
3702;19/05/2026 15:41:10;;Dossier validé;Parcours terminé;676.00
3703;19/05/2026 15:40:29;;Souscription non démarrée;Parcours non démarré;675.23
3704;19/05/2026 15:40:29;;Souscription non démarrée;Parcours non démarré;306.58
3705;19/05/2026 15:38:02;;Dossier refusé;Saisie société;582.83
3706;19/05/2026 15:38:02;;Dossier refusé;Saisie société;760.54
3707;19/05/2026 15:25:13;;Souscription en cours;Coordonnées personnelles;820.71
3708;19/05/2026 15:25:13;;Souscription en cours;Coordonnées personnelles;809.33
3709;19/05/2026 15:22:56;;Dossier validé;Parcours terminé;650.41
3710;19/05/2026 15:22:56;;Dossier validé;Parcours terminé;881.27
3711;19/05/2026 15:16:38;;Souscription en cours;Informations complémentaires (Etablissements, etc.);472.52
3712;19/05/2026 15:16:38;;Souscription en cours;Informations complémentaires (Etablissements, etc.);483.68
3713;19/05/2026 15:16:21;;Dossier validé;Parcours terminé;785.12
3714;19/05/2026 15:16:21;;Dossier validé;Parcours terminé;740.40
3715;19/05/2026 15:01:46;;Dossier validé;Parcours terminé;529.82
3716;19/05/2026 15:01:46;;Dossier validé;Parcours terminé;120.87
3717;19/05/2026 15:00:22;;Souscription en cours;Informations complémentaires (CA, Profession, etc.);137.12
3718;19/05/2026 15:00:22;;Souscription en cours;Informations complémentaires (CA, Profession, etc.);467.49
3719;19/05/2026 14:59:57;;Dossier validé;Parcours terminé;289.45
3720;19/05/2026 14:59:57;;Dossier validé;Parcours terminé;525.48
3721;19/05/2026 14:51:44;;Souscription en cours;Choix de l'offre et livraison;690.44
3722;19/05/2026 14:51:44;;Souscription en cours;Choix de l'offre et livraison;916.69
3723;19/05/2026 14:47:30;;Dossier validé;Parcours terminé;891.31
3724;19/05/2026 14:47:30;;Dossier validé;Parcours terminé;846.47
3725;19/05/2026 14:44:13;;Dossier validé;Parcours terminé;881.81
3726;19/05/2026 14:44:13;;Dossier validé;Parcours terminé;144.22
3727;19/05/2026 14:42:36;;Souscription en cours;Informations complémentaires (CA, Profession, etc.);967.29
3728;19/05/2026 14:42:36;;Souscription en cours;Informations complémentaires (CA, Profession, etc.);642.51
3729;19/05/2026 14:31:45;;En attente d'analyse Agent - Dossier avec erreurs;Signature Contrat;256.45
3730;19/05/2026 14:31:45;;En attente d'analyse Agent - Dossier avec erreurs;Signature Contrat;697.44
3731;19/05/2026 14:30:21;Hugo MARTIN;Dossier validé;Parcours terminé;348.53
3732;19/05/2026 14:30:21;Hugo MARTIN;Dossier validé;Parcours terminé;247.30
3733;19/05/2026 14:24:57;;Dossier validé;Parcours terminé;405.92
3734;19/05/2026 14:24:57;;Dossier validé;Parcours terminé;224.83
3735;19/05/2026 14:24:37;;Dossier validé;Parcours terminé;910.19
3736;19/05/2026 14:24:37;;Dossier validé;Parcours terminé;389.65
3737;19/05/2026 14:18:39;;Souscription en cours;Coordonnées personnelles;458.22
3738;19/05/2026 14:18:39;;Souscription en cours;Coordonnées personnelles;959.41
3739;19/05/2026 14:16:57;;Dossier refusé;Saisie société;418.14
3740;19/05/2026 14:16:57;;Dossier refusé;Saisie société;228.31
3741;19/05/2026 14:15:24;;Dossier refusé;Parcours terminé;106.39
3742;19/05/2026 14:15:24;;Dossier refusé;Parcours terminé;933.42
3743;19/05/2026 14:14:46;;Dossier refusé;Signature Contrat;424.38
3744;19/05/2026 14:14:46;;Dossier refusé;Signature Contrat;337.44
3745;19/05/2026 14:10:25;;Souscription en cours;Vérification d'identité;273.33
3746;19/05/2026 14:10:25;;Souscription en cours;Vérification d'identité;535.91
3747;19/05/2026 14:07:26;;Dossier validé;Parcours terminé;478.73
3748;19/05/2026 14:07:26;;Dossier validé;Parcours terminé;838.45
3749;19/05/2026 14:01:07;;Dossier validé;Parcours terminé;944.57
3750;19/05/2026 14:01:07;;Dossier validé;Parcours terminé;614.95
3751;19/05/2026 14:00:54;;Souscription en cours;Coordonnées personnelles;880.66
3752;19/05/2026 14:00:54;;Souscription en cours;Coordonnées personnelles;276.58
3753;19/05/2026 14:00:54;;Souscription en cours;Informations complémentaires (CA, Profession, etc.);773.22
3754;19/05/2026 14:00:54;;Souscription en cours;Informations complémentaires (CA, Profession, etc.);864.49
3755;19/05/2026 13:56:56;;Dossier refusé;Saisie société;170.24
3756;19/05/2026 13:56:56;;Dossier refusé;Saisie société;512.49
3757;19/05/2026 13:49:16;;Souscription en cours;Coordonnées personnelles;383.50
3758;19/05/2026 13:49:16;;Souscription en cours;Coordonnées personnelles;425.26
3759;19/05/2026 13:45:22;;Dossier validé;Parcours terminé;350.03
3760;19/05/2026 13:45:22;;Dossier validé;Parcours terminé;503.02
3761;19/05/2026 13:44:25;;Dossier validé;Parcours terminé;531.02
3762;19/05/2026 13:44:25;;Dossier validé;Parcours terminé;883.67
3763;19/05/2026 13:37:19;Hugo MARTIN;Dossier validé;Parcours terminé;851.43
3764;19/05/2026 13:37:19;Hugo MARTIN;Dossier validé;Parcours terminé;524.27
3765;19/05/2026 12:55:38;;Dossier refusé;Signature Contrat;330.30
3766;19/05/2026 12:55:38;;Dossier refusé;Signature Contrat;109.62
3767;19/05/2026 12:51:23;;Dossier refusé;Saisie société;759.70
3768;19/05/2026 12:51:23;;Dossier refusé;Saisie société;550.96
3769;19/05/2026 12:42:25;;Dossier refusé;Saisie société;160.87
3770;19/05/2026 12:42:25;;Dossier refusé;Saisie société;469.28
3771;19/05/2026 12:29:15;;Dossier validé;Parcours terminé;434.47
3772;19/05/2026 12:29:15;;Dossier validé;Parcours terminé;999.92
3773;19/05/2026 12:26:16;;Dossier validé;Parcours terminé;277.00
3774;19/05/2026 12:26:16;;Dossier validé;Parcours terminé;293.10
3775;19/05/2026 12:07:56;;Souscription en cours;Vérification d'identité;495.78
3776;19/05/2026 12:07:56;;Souscription en cours;Vérification d'identité;591.07
3777;19/05/2026 11:48:56;;Dossier validé;Parcours terminé;391.39
3778;19/05/2026 11:48:56;;Dossier validé;Parcours terminé;684.33
3779;19/05/2026 11:48:24;;Dossier validé;Parcours terminé;200.60
3780;19/05/2026 11:48:24;;Dossier validé;Parcours terminé;566.09
3781;19/05/2026 11:44:24;;Souscription en cours;Coordonnées personnelles;503.89
3782;19/05/2026 11:44:24;;Souscription en cours;Coordonnées personnelles;524.77
3783;19/05/2026 11:39:57;;Souscription en cours;Coordonnées personnelles;663.92
3784;19/05/2026 11:39:57;;Souscription en cours;Coordonnées personnelles;979.79
3785;19/05/2026 11:27:44;;Dossier validé;Parcours terminé;353.99
3786;19/05/2026 11:27:44;;Dossier validé;Parcours terminé;997.98
3787;19/05/2026 11:27:18;;Dossier validé;Parcours terminé;727.76
3788;19/05/2026 11:27:18;;Dossier validé;Parcours terminé;556.17
3789;19/05/2026 11:25:31;;Souscription en cours;Choix de l'offre et livraison;903.76
3790;19/05/2026 11:25:31;;Souscription en cours;Choix de l'offre et livraison;190.87
3791;19/05/2026 11:15:46;;Souscription non démarrée;Parcours non démarré;320.87
3792;19/05/2026 11:15:46;;Souscription non démarrée;Parcours non démarré;261.55
3793;19/05/2026 11:11:21;;Souscription en cours;Signature Contrat;433.89
3794;19/05/2026 11:11:21;;Souscription en cours;Signature Contrat;289.49
3795;19/05/2026 11:03:16;;Souscription en cours;Signature Contrat;503.61
3796;19/05/2026 11:03:16;;Souscription en cours;Signature Contrat;604.81
3797;19/05/2026 11:02:54;;Souscription en cours;Coordonnées personnelles;918.84
3798;19/05/2026 11:02:54;;Souscription en cours;Coordonnées personnelles;435.49
3799;19/05/2026 10:59:55;;Souscription en cours;Choix de l'offre et livraison;595.85
3800;19/05/2026 10:59:55;;Souscription en cours;Choix de l'offre et livraison;254.95
3801;19/05/2026 10:50:48;Hugo DUBOIS;Dossier validé;Parcours terminé;120.72
3802;19/05/2026 10:50:48;Hugo DUBOIS;Dossier validé;Parcours terminé;353.26
3803;19/05/2026 10:45:08;Manon LEFEBVRE;Dossier validé;Parcours terminé;279.51
3804;19/05/2026 10:45:08;Manon LEFEBVRE;Dossier validé;Parcours terminé;340.21
3805;19/05/2026 10:33:35;;Dossier validé;Parcours terminé;543.06
3806;19/05/2026 10:33:35;;Dossier validé;Parcours terminé;282.41
3807;19/05/2026 10:33:30;;Souscription non démarrée;Parcours non démarré;687.03
3808;19/05/2026 10:33:30;;Souscription non démarrée;Parcours non démarré;533.56
3809;19/05/2026 10:30:58;;Dossier validé;Parcours terminé;270.55
3810;19/05/2026 10:30:58;;Dossier validé;Parcours terminé;445.40
3811;19/05/2026 10:27:23;;Dossier refusé;Saisie société;683.71
3812;19/05/2026 10:27:23;;Dossier refusé;Saisie société;109.59
3813;19/05/2026 10:27:04;;Dossier refusé;Synchronisation référentiel personne NOVA;339.53
3814;19/05/2026 10:27:04;;Dossier refusé;Synchronisation référentiel personne NOVA;382.99
3815;19/05/2026 10:21:11;;Dossier validé;Parcours terminé;777.17
3816;19/05/2026 10:21:11;;Dossier validé;Parcours terminé;452.07
3817;19/05/2026 10:18:25;;Souscription en cours;Coordonnées personnelles;113.05
3818;19/05/2026 10:18:25;;Souscription en cours;Coordonnées personnelles;634.62
3819;19/05/2026 10:14:47;;Souscription en cours;Choix de l'offre et livraison;436.89
3820;19/05/2026 10:14:47;;Souscription en cours;Choix de l'offre et livraison;275.91
3821;19/05/2026 10:13:44;Hugo MARTIN;Dossier refusé;Saisie société;836.08
3822;19/05/2026 10:13:44;Hugo MARTIN;Dossier refusé;Saisie société;823.29
3823;19/05/2026 10:11:34;;Dossier refusé;Signature Contrat;538.26
3824;19/05/2026 10:11:34;;Dossier refusé;Signature Contrat;931.55
3825;19/05/2026 10:06:43;;Souscription en cours;Coordonnées personnelles;783.39
3826;19/05/2026 10:06:43;;Souscription en cours;Coordonnées personnelles;492.64
3827;19/05/2026 10:04:15;;Dossier validé;Parcours terminé;325.01
3828;19/05/2026 10:04:15;;Dossier validé;Parcours terminé;847.89
3829;19/05/2026 10:03:57;;Dossier validé;Parcours terminé;418.59
3830;19/05/2026 10:03:57;;Dossier validé;Parcours terminé;316.38
3831;19/05/2026 09:50:27;;Souscription en cours;Coordonnées personnelles;804.51
3832;19/05/2026 09:50:27;;Souscription en cours;Coordonnées personnelles;690.32
3833;19/05/2026 09:43:33;;Dossier validé;Parcours terminé;519.98
3834;19/05/2026 09:43:33;;Dossier validé;Parcours terminé;187.52
3835;19/05/2026 09:40:28;;Dossier validé;Parcours terminé;912.88
3836;19/05/2026 09:40:28;;Dossier validé;Parcours terminé;467.54
3837;19/05/2026 09:28:31;;Souscription en cours;Signature Contrat;554.66
3838;19/05/2026 09:28:31;;Souscription en cours;Signature Contrat;190.14
3839;19/05/2026 09:27:56;;Souscription non démarrée;Parcours non démarré;510.32
3840;19/05/2026 09:27:56;;Souscription non démarrée;Parcours non démarré;592.12
3841;19/05/2026 09:27:05;;Dossier validé;Parcours terminé;696.28
3842;19/05/2026 09:27:05;;Dossier validé;Parcours terminé;899.95
3843;19/05/2026 09:24:54;;Dossier validé;Parcours terminé;345.06
3844;19/05/2026 09:24:54;;Dossier validé;Parcours terminé;202.27
3845;19/05/2026 09:14:38;;Souscription en cours;Choix de l'offre et livraison;371.85
3846;19/05/2026 09:14:38;;Souscription en cours;Choix de l'offre et livraison;636.93
3847;19/05/2026 09:13:13;;Dossier validé;Parcours terminé;847.13
3848;19/05/2026 09:13:13;;Dossier validé;Parcours terminé;690.22
3849;19/05/2026 09:08:30;;Dossier validé;Parcours terminé;569.61
3850;19/05/2026 09:08:30;;Dossier validé;Parcours terminé;928.24
3851;19/05/2026 09:07:15;;Souscription en cours;Signature Contrat;627.83
3852;19/05/2026 09:07:15;;Souscription en cours;Signature Contrat;955.19
3853;19/05/2026 08:58:07;;Dossier validé;Parcours terminé;346.56
3854;19/05/2026 08:58:07;;Dossier validé;Parcours terminé;582.56
3855;19/05/2026 08:55:10;;Souscription en cours;Coordonnées personnelles;402.68
3856;19/05/2026 08:55:10;;Souscription en cours;Coordonnées personnelles;607.96
3857;19/05/2026 08:54:54;;Dossier validé;Parcours terminé;301.71
3858;19/05/2026 08:54:54;;Dossier validé;Parcours terminé;763.13
3859;19/05/2026 08:53:19;;Souscription en cours;Coordonnées personnelles;704.75
3860;19/05/2026 08:53:19;;Souscription en cours;Coordonnées personnelles;876.96
3861;19/05/2026 08:49:33;;Souscription en cours;Coordonnées personnelles;310.01
3862;19/05/2026 08:49:33;;Souscription en cours;Coordonnées personnelles;352.90
3863;19/05/2026 08:49:04;;Dossier validé;Parcours terminé;774.33
3864;19/05/2026 08:49:04;;Dossier validé;Parcours terminé;927.96
3865;19/05/2026 08:49:01;;Dossier validé;Parcours terminé;679.50
3866;19/05/2026 08:49:01;;Dossier validé;Parcours terminé;202.14
3867;19/05/2026 08:48:28;;Souscription non démarrée;Parcours non démarré;226.55
3868;19/05/2026 08:48:28;;Souscription non démarrée;Parcours non démarré;871.73
3869;19/05/2026 08:35:14;;Souscription en cours;Coordonnées personnelles;608.80
3870;19/05/2026 08:35:14;;Souscription en cours;Coordonnées personnelles;648.72
3871;19/05/2026 08:30:58;;Souscription en cours;Signature Contrat;264.98
3872;19/05/2026 08:30:58;;Souscription en cours;Signature Contrat;596.88
3873;19/05/2026 08:20:19;Inès MICHEL;Dossier validé;Parcours terminé;825.19
3874;19/05/2026 08:20:19;Inès MICHEL;Dossier validé;Parcours terminé;302.92
3875;19/05/2026 07:44:21;;Souscription non démarrée;Parcours non démarré;170.62
3876;19/05/2026 07:44:21;;Souscription non démarrée;Parcours non démarré;312.87
3877;19/05/2026 06:12:08;;Dossier refusé;Saisie société;240.44
3878;19/05/2026 06:12:08;;Dossier refusé;Saisie société;101.04
3879;19/05/2026 06:10:05;;Souscription en cours;Coordonnées personnelles;526.36
3880;19/05/2026 06:10:05;;Souscription en cours;Coordonnées personnelles;112.46
3881;19/05/2026 03:43:43;;Dossier validé;Parcours terminé;469.45
3882;19/05/2026 03:43:43;;Dossier validé;Parcours terminé;792.32
3883;19/05/2026 03:29:02;;Souscription en cours;Coordonnées personnelles;953.36
3884;19/05/2026 03:29:02;;Souscription en cours;Coordonnées personnelles;454.12
3885;19/05/2026 02:54:36;;Dossier validé;Parcours terminé;410.64
3886;19/05/2026 02:54:36;;Dossier validé;Parcours terminé;395.10
3887;19/05/2026 02:52:57;;Dossier refusé;Signature Contrat;434.20
3888;19/05/2026 02:52:57;;Dossier refusé;Signature Contrat;129.86
3889;19/05/2026 02:02:05;;Dossier validé;Parcours terminé;138.13
3890;19/05/2026 02:02:05;;Dossier validé;Parcours terminé;641.36
3891;19/05/2026 00:58:19;;Dossier refusé;Signature Contrat;377.68
3892;19/05/2026 00:58:19;;Dossier refusé;Signature Contrat;636.11
3893;19/05/2026 00:35:43;;Souscription en cours;Coordonnées personnelles;515.99
3894;19/05/2026 00:35:43;;Souscription en cours;Coordonnées personnelles;678.07
3895;19/05/2026 00:25:24;;Dossier validé;Parcours terminé;260.03
3896;19/05/2026 00:25:24;;Dossier validé;Parcours terminé;531.67
3897;19/05/2026 00:23:20;;Dossier validé;Parcours terminé;691.48
3898;19/05/2026 00:23:20;;Dossier validé;Parcours terminé;169.65
3899;19/05/2026 00:10:26;;Souscription non démarrée;Parcours non démarré;905.45
3900;19/05/2026 00:10:26;;Souscription non démarrée;Parcours non démarré;757.51
3901;18/05/2026 23:51:50;;Souscription en cours;Choix de l'offre et livraison;515.10
3902;18/05/2026 23:51:50;;Souscription en cours;Choix de l'offre et livraison;357.38
3903;18/05/2026 23:04:33;;Dossier validé;Parcours terminé;304.74
3904;18/05/2026 23:04:33;;Dossier validé;Parcours terminé;500.58
3905;18/05/2026 22:57:29;;Souscription en cours;Signature Contrat;996.67
3906;18/05/2026 22:57:29;;Souscription en cours;Signature Contrat;108.79
3907;18/05/2026 22:56:17;Hugo MARTIN;Dossier validé;Parcours terminé;280.16
3908;18/05/2026 22:56:17;Hugo MARTIN;Dossier validé;Parcours terminé;408.63
3909;18/05/2026 22:45:13;Hugo DUBOIS;Dossier refusé;Choix de l'offre et livraison;531.05
3910;18/05/2026 22:45:13;Hugo DUBOIS;Dossier refusé;Choix de l'offre et livraison;840.89
3911;18/05/2026 22:42:38;;Souscription en cours;Choix de l'offre et livraison;256.76
3912;18/05/2026 22:42:38;;Souscription en cours;Choix de l'offre et livraison;325.76
3913;18/05/2026 22:36:30;;Dossier validé;Parcours terminé;633.79
3914;18/05/2026 22:36:30;;Dossier validé;Parcours terminé;887.41
3915;18/05/2026 22:36:19;;Dossier validé;Parcours terminé;289.27
3916;18/05/2026 22:36:19;;Dossier validé;Parcours terminé;126.51
3917;18/05/2026 22:34:57;;Souscription en cours;Choix de l'offre et livraison;609.92
3918;18/05/2026 22:34:57;;Souscription en cours;Choix de l'offre et livraison;916.71
3919;18/05/2026 22:24:29;;Souscription en cours;Coordonnées personnelles;861.38
3920;18/05/2026 22:24:29;;Souscription en cours;Coordonnées personnelles;562.38
3921;18/05/2026 22:13:22;;Souscription en cours;Signature Contrat;678.48
3922;18/05/2026 22:13:22;;Souscription en cours;Signature Contrat;217.99
3923;18/05/2026 22:07:21;;Souscription en cours;Synchronisation référentiel personne NOVA;213.72
3924;18/05/2026 22:07:21;;Souscription en cours;Synchronisation référentiel personne NOVA;598.52
3925;18/05/2026 22:06:43;;Dossier validé;Parcours terminé;383.97
3926;18/05/2026 22:06:43;;Dossier validé;Parcours terminé;601.32
3927;18/05/2026 22:02:17;;Souscription en cours;Signature Contrat;200.23
3928;18/05/2026 22:02:17;;Souscription en cours;Signature Contrat;564.83
3929;18/05/2026 21:47:42;;Dossier refusé;Informations complémentaires (Etablissements, etc.);587.94
3930;18/05/2026 21:47:42;;Dossier refusé;Informations complémentaires (Etablissements, etc.);650.77
3931;18/05/2026 21:08:02;;Dossier validé;Parcours terminé;606.38
3932;18/05/2026 21:08:02;;Dossier validé;Parcours terminé;761.83
3933;18/05/2026 20:56:10;;Souscription en cours;Informations complémentaires (CA, Profession, etc.);778.19
3934;18/05/2026 20:56:10;;Souscription en cours;Informations complémentaires (CA, Profession, etc.);533.36
3935;18/05/2026 20:35:29;;Souscription en cours;Coordonnées personnelles;314.91
3936;18/05/2026 20:35:29;;Souscription en cours;Coordonnées personnelles;160.63
3937;18/05/2026 20:25:34;;Dossier validé;Parcours terminé;674.50
3938;18/05/2026 20:25:34;;Dossier validé;Parcours terminé;259.65
3939;18/05/2026 20:00:19;;Dossier refusé;Saisie société;928.88
3940;18/05/2026 20:00:19;;Dossier refusé;Saisie société;544.56
3941;18/05/2026 19:52:23;;Souscription en cours;Choix de l'offre et livraison;778.20
3942;18/05/2026 19:52:23;;Souscription en cours;Choix de l'offre et livraison;247.17
3943;18/05/2026 19:49:58;Hugo MARTIN;Dossier validé;Parcours terminé;496.99
3944;18/05/2026 19:49:58;Hugo MARTIN;Dossier validé;Parcours terminé;854.45
3945;18/05/2026 19:20:38;;Souscription en cours;Coordonnées personnelles;306.88
3946;18/05/2026 19:20:38;;Souscription en cours;Coordonnées personnelles;984.53
3947;18/05/2026 19:08:03;;Souscription en cours;Coordonnées personnelles;712.17
3948;18/05/2026 19:08:03;;Souscription en cours;Coordonnées personnelles;657.02
3949;18/05/2026 18:56:21;;Souscription en cours;Coordonnées personnelles;480.16
3950;18/05/2026 18:56:21;;Souscription en cours;Coordonnées personnelles;137.07
3951;18/05/2026 18:52:29;Hugo MARTIN;Dossier validé;Parcours terminé;807.73
3952;18/05/2026 18:52:29;Hugo MARTIN;Dossier validé;Parcours terminé;637.58
3953;18/05/2026 18:44:22;;Dossier validé;Parcours terminé;233.94
3954;18/05/2026 18:44:22;;Dossier validé;Parcours terminé;763.33
3955;18/05/2026 18:16:37;;Souscription en cours;Coordonnées personnelles;410.20
3956;18/05/2026 18:16:37;;Souscription en cours;Coordonnées personnelles;331.62
3957;18/05/2026 17:47:39;;Dossier validé;Parcours terminé;482.13
3958;18/05/2026 17:47:39;;Dossier validé;Parcours terminé;461.28
3959;18/05/2026 17:40:12;;Dossier validé;Parcours terminé;743.85
3960;18/05/2026 17:40:12;;Dossier validé;Parcours terminé;393.13
3961;18/05/2026 17:33:25;;Dossier refusé;Informations complémentaires (CA, Profession, etc.);663.37
3962;18/05/2026 17:33:25;;Dossier refusé;Informations complémentaires (CA, Profession, etc.);899.67
3963;18/05/2026 17:31:42;;Souscription en cours;Coordonnées personnelles;129.45
3964;18/05/2026 17:31:42;;Souscription en cours;Coordonnées personnelles;660.09
3965;18/05/2026 17:22:52;;Dossier validé;Parcours terminé;881.60
3966;18/05/2026 17:22:52;;Dossier validé;Parcours terminé;921.40
3967;18/05/2026 17:08:21;;Souscription en cours;Coordonnées personnelles;126.40
3968;18/05/2026 17:08:21;;Souscription en cours;Coordonnées personnelles;349.89
3969;18/05/2026 17:04:58;;Dossier refusé;Signature Contrat;913.99
3970;18/05/2026 17:04:58;;Dossier refusé;Signature Contrat;218.04
3971;18/05/2026 17:04:11;;Dossier validé;Parcours terminé;677.33
3972;18/05/2026 17:04:11;;Dossier validé;Parcours terminé;850.25
3973;18/05/2026 16:57:02;;Dossier refusé;Saisie société;673.26
3974;18/05/2026 16:57:02;;Dossier refusé;Saisie société;898.45
3975;18/05/2026 16:53:27;;Dossier refusé;Saisie société;484.27
3976;18/05/2026 16:53:27;;Dossier refusé;Saisie société;989.54
3977;18/05/2026 16:49:22;;Souscription en cours;Informations complémentaires (CA, Profession, etc.);953.30
3978;18/05/2026 16:49:22;;Souscription en cours;Informations complémentaires (CA, Profession, etc.);321.75
3979;18/05/2026 16:38:09;;Souscription non démarrée;Parcours non démarré;895.62
3980;18/05/2026 16:38:09;;Souscription non démarrée;Parcours non démarré;983.38
3981;18/05/2026 16:37:39;;Dossier validé;Parcours terminé;725.85
3982;18/05/2026 16:37:39;;Dossier validé;Parcours terminé;412.55
3983;18/05/2026 16:37:02;;Dossier refusé;Saisie société;393.29
3984;18/05/2026 16:37:02;;Dossier refusé;Saisie société;868.06
3985;18/05/2026 16:34:56;;Dossier validé;Parcours terminé;380.73
3986;18/05/2026 16:34:56;;Dossier validé;Parcours terminé;829.77
3987;18/05/2026 16:25:48;;Souscription en cours;Vérification d'identité;882.75
3988;18/05/2026 16:25:48;;Souscription en cours;Vérification d'identité;445.44
3989;18/05/2026 16:21:58;;Dossier validé;Parcours terminé;966.19
3990;18/05/2026 16:21:58;;Dossier validé;Parcours terminé;393.84
3991;18/05/2026 16:07:57;;Souscription non démarrée;Parcours non démarré;819.33
3992;18/05/2026 16:07:57;;Souscription non démarrée;Parcours non démarré;665.09
3993;18/05/2026 16:04:09;;Souscription en cours;Vérification d'identité;792.70
3994;18/05/2026 16:04:09;;Souscription en cours;Vérification d'identité;190.53
3995;18/05/2026 16:03:57;;Dossier validé;Parcours terminé;702.69
3996;18/05/2026 16:03:57;;Dossier validé;Parcours terminé;439.40
3997;18/05/2026 15:57:46;;Dossier refusé;Saisie société;233.73
3998;18/05/2026 15:57:46;;Dossier refusé;Saisie société;796.67
3999;18/05/2026 15:57:05;;Dossier validé;Parcours terminé;458.53
4000;18/05/2026 15:57:05;;Dossier validé;Parcours terminé;958.39
4001;18/05/2026 15:47:26;;Dossier validé;Parcours terminé;492.53
4002;18/05/2026 15:47:26;;Dossier validé;Parcours terminé;693.35
4003;18/05/2026 15:46:04;;Dossier validé;Parcours terminé;746.71
4004;18/05/2026 15:46:04;;Dossier validé;Parcours terminé;913.24
4005;18/05/2026 15:45:09;;Dossier validé;Parcours terminé;641.35
4006;18/05/2026 15:45:09;;Dossier validé;Parcours terminé;481.09
4007;18/05/2026 15:24:14;Louis MARTIN;Dossier refusé;Saisie société;288.07
4008;18/05/2026 15:24:14;Louis MARTIN;Dossier refusé;Saisie société;482.03
4009;18/05/2026 15:15:12;;Souscription en cours;Coordonnées personnelles;853.74
4010;18/05/2026 15:15:12;;Souscription en cours;Coordonnées personnelles;640.31
4011;18/05/2026 15:03:40;;Dossier validé;Parcours terminé;949.14
4012;18/05/2026 15:03:40;;Dossier validé;Parcours terminé;233.71
4013;18/05/2026 15:03:36;;Souscription en cours;Coordonnées personnelles;378.04
4014;18/05/2026 15:03:36;;Souscription en cours;Coordonnées personnelles;343.29
4015;18/05/2026 14:58:56;;Dossier refusé;Saisie société;360.20
4016;18/05/2026 14:58:56;;Dossier refusé;Saisie société;174.06
4017;18/05/2026 14:57:17;;Souscription en cours;Choix de l'offre et livraison;844.91
4018;18/05/2026 14:57:17;;Souscription en cours;Choix de l'offre et livraison;836.04
4019;18/05/2026 14:53:59;;Dossier refusé;Saisie société;376.95
4020;18/05/2026 14:53:59;;Dossier refusé;Saisie société;211.66
4021;18/05/2026 14:49:46;;Souscription en cours;Coordonnées personnelles;287.43
4022;18/05/2026 14:49:46;;Souscription en cours;Coordonnées personnelles;378.69
4023;18/05/2026 14:49:21;;Dossier validé;Parcours terminé;550.69
4024;18/05/2026 14:49:21;;Dossier validé;Parcours terminé;956.64
4025;18/05/2026 14:38:19;;Souscription en cours;Coordonnées personnelles;590.46
4026;18/05/2026 14:38:19;;Souscription en cours;Coordonnées personnelles;766.68
4027;18/05/2026 14:37:58;;Dossier validé;Parcours terminé;878.91
4028;18/05/2026 14:37:58;;Dossier validé;Parcours terminé;473.54
4029;18/05/2026 14:29:38;;Souscription en cours;Bénéficiaire effectifs;864.86
4030;18/05/2026 14:29:38;;Souscription en cours;Bénéficiaire effectifs;644.51
4031;18/05/2026 14:25:15;;Dossier validé;Parcours terminé;970.52
4032;18/05/2026 14:25:15;;Dossier validé;Parcours terminé;150.56
4033;18/05/2026 14:22:26;Z5735392;Dossier refusé;Synchronisation référentiel personne NOVA;832.84
4034;18/05/2026 14:22:26;Z5735392;Dossier refusé;Synchronisation référentiel personne NOVA;708.95
4035;18/05/2026 14:15:01;;Souscription en cours;Coordonnées personnelles;191.25
4036;18/05/2026 14:15:01;;Souscription en cours;Coordonnées personnelles;590.49
4037;18/05/2026 14:09:00;;Souscription en cours;Coordonnées personnelles;684.67
4038;18/05/2026 14:09:00;;Souscription en cours;Coordonnées personnelles;648.18
4039;18/05/2026 14:07:54;;Dossier validé;Parcours terminé;497.09
4040;18/05/2026 14:07:54;;Dossier validé;Parcours terminé;776.23
4041;18/05/2026 13:54:33;;Dossier validé;Parcours terminé;935.05
4042;18/05/2026 13:54:33;;Dossier validé;Parcours terminé;896.79
4043;18/05/2026 13:51:54;;Souscription en cours;Choix de l'offre et livraison;651.02
4044;18/05/2026 13:51:54;;Souscription en cours;Choix de l'offre et livraison;422.98
4045;18/05/2026 13:51:12;;Souscription en cours;Coordonnées personnelles;715.79
4046;18/05/2026 13:51:12;;Souscription en cours;Coordonnées personnelles;347.19
4047;18/05/2026 13:47:07;;Souscription en cours;Coordonnées personnelles;809.97
4048;18/05/2026 13:47:07;;Souscription en cours;Coordonnées personnelles;841.96
4049;18/05/2026 13:25:34;;Souscription en cours;Signature Contrat;302.16
4050;18/05/2026 13:25:34;;Souscription en cours;Signature Contrat;959.10
4051;18/05/2026 13:09:46;;Dossier validé;Parcours terminé;230.19
4052;18/05/2026 13:09:46;;Dossier validé;Parcours terminé;810.64
4053;18/05/2026 13:09:01;;Souscription en cours;Coordonnées personnelles;449.77
4054;18/05/2026 13:09:01;;Souscription en cours;Coordonnées personnelles;688.50
4055;18/05/2026 12:53:01;;Souscription en cours;Signature Contrat;937.31
4056;18/05/2026 12:53:01;;Souscription en cours;Signature Contrat;922.17
4057;18/05/2026 12:50:03;;Dossier refusé;Choix de l'offre et livraison;856.11
4058;18/05/2026 12:50:03;;Dossier refusé;Choix de l'offre et livraison;134.33
4059;18/05/2026 12:45:59;;Souscription en cours;Coordonnées personnelles;478.67
4060;18/05/2026 12:45:59;;Souscription en cours;Coordonnées personnelles;477.79
4061;18/05/2026 12:30:27;;Dossier validé;Parcours terminé;518.98
4062;18/05/2026 12:30:27;;Dossier validé;Parcours terminé;436.55
4063;18/05/2026 12:24:15;;Dossier refusé;Choix de l'offre et livraison;771.88
4064;18/05/2026 12:24:15;;Dossier refusé;Choix de l'offre et livraison;446.76
4065;18/05/2026 12:24:10;;Dossier validé;Parcours terminé;430.65
4066;18/05/2026 12:24:10;;Dossier validé;Parcours terminé;590.82
4067;18/05/2026 12:14:01;;En attente d'analyse Agent - Dossier avec erreurs;Signature Contrat;531.95
4068;18/05/2026 12:14:01;;En attente d'analyse Agent - Dossier avec erreurs;Signature Contrat;666.83
4069;18/05/2026 12:11:33;;Souscription en cours;Coordonnées personnelles;812.67
4070;18/05/2026 12:11:33;;Souscription en cours;Coordonnées personnelles;436.67
4071;18/05/2026 12:09:11;;Souscription non démarrée;Parcours non démarré;453.25
4072;18/05/2026 12:09:11;;Souscription non démarrée;Parcours non démarré;446.80
4073;18/05/2026 12:07:49;;Dossier validé;Parcours terminé;611.79
4074;18/05/2026 12:07:49;;Dossier validé;Parcours terminé;845.62
4075;18/05/2026 11:57:00;;Souscription en cours;Choix de l'offre et livraison;976.00
4076;18/05/2026 11:57:00;;Souscription en cours;Choix de l'offre et livraison;452.67
4077;18/05/2026 11:45:49;;Dossier validé;Parcours terminé;568.91
4078;18/05/2026 11:45:49;;Dossier validé;Parcours terminé;660.33
4079;18/05/2026 11:35:07;;Souscription en cours;Vérification d'identité;250.96
4080;18/05/2026 11:35:07;;Souscription en cours;Vérification d'identité;627.82
4081;18/05/2026 11:30:08;;En attente d'analyse Agent - Dossier avec erreurs;Signature Contrat;171.97
4082;18/05/2026 11:30:08;;En attente d'analyse Agent - Dossier avec erreurs;Signature Contrat;480.86
4083;18/05/2026 11:27:01;;Souscription non démarrée;Parcours non démarré;738.77
4084;18/05/2026 11:27:01;;Souscription non démarrée;Parcours non démarré;856.81
4085;18/05/2026 11:18:33;;Dossier validé;Parcours terminé;188.61
4086;18/05/2026 11:18:33;;Dossier validé;Parcours terminé;985.95
4087;18/05/2026 11:11:23;;Souscription en cours;Vérification d'identité;796.94
4088;18/05/2026 11:11:23;;Souscription en cours;Vérification d'identité;403.45
4089;18/05/2026 11:09:15;;Souscription en cours;Informations complémentaires (Etablissements, etc.);233.94
4090;18/05/2026 11:09:15;;Souscription en cours;Informations complémentaires (Etablissements, etc.);231.81
4091;18/05/2026 11:09:01;;Dossier validé;Parcours terminé;749.30
4092;18/05/2026 11:09:01;;Dossier validé;Parcours terminé;605.81
4093;18/05/2026 11:05:13;Adam LAURENT;Dossier validé;Parcours terminé;815.67
4094;18/05/2026 11:05:13;Adam LAURENT;Dossier validé;Parcours terminé;721.54
4095;18/05/2026 11:03:11;;Souscription non démarrée;Parcours non démarré;732.95
4096;18/05/2026 11:03:11;;Souscription non démarrée;Parcours non démarré;797.13
4097;18/05/2026 10:54:19;;Dossier validé;Parcours terminé;300.40
4098;18/05/2026 10:54:19;;Dossier validé;Parcours terminé;304.96
4099;18/05/2026 10:52:19;;Dossier validé;Parcours terminé;181.30
4100;18/05/2026 10:52:19;;Dossier validé;Parcours terminé;766.83
4101;18/05/2026 10:47:27;;Dossier refusé;Saisie société;104.95
4102;18/05/2026 10:47:27;;Dossier refusé;Saisie société;113.25
4103;18/05/2026 10:46:56;;Dossier validé;Parcours terminé;506.21
4104;18/05/2026 10:46:56;;Dossier validé;Parcours terminé;500.89
4105;18/05/2026 10:39:26;;Souscription en cours;Coordonnées personnelles;418.48
4106;18/05/2026 10:39:26;;Souscription en cours;Coordonnées personnelles;226.15
4107;18/05/2026 10:19:08;;Dossier validé;Parcours terminé;501.59
4108;18/05/2026 10:19:08;;Dossier validé;Parcours terminé;505.68
4109;18/05/2026 10:17:40;;En attente d'analyse Agent - Dossier avec erreurs;Signature Contrat;250.72
4110;18/05/2026 10:17:40;;En attente d'analyse Agent - Dossier avec erreurs;Signature Contrat;262.43
4111;18/05/2026 10:12:58;;Dossier validé;Parcours terminé;261.36
4112;18/05/2026 10:12:58;;Dossier validé;Parcours terminé;846.33
4113;18/05/2026 10:08:11;;Dossier validé;Parcours terminé;731.24
4114;18/05/2026 10:08:11;;Dossier validé;Parcours terminé;299.41
4115;18/05/2026 10:04:16;;Souscription en cours;Synchronisation référentiel personne NOVA;441.03
4116;18/05/2026 10:04:16;;Souscription en cours;Synchronisation référentiel personne NOVA;509.36
4117;18/05/2026 09:50:22;;Souscription en cours;Signature Contrat;548.91
4118;18/05/2026 09:50:22;;Souscription en cours;Signature Contrat;850.72
4119;18/05/2026 09:46:13;;Souscription en cours;Coordonnées personnelles;430.98
4120;18/05/2026 09:46:13;;Souscription en cours;Coordonnées personnelles;712.83
4121;18/05/2026 09:43:31;;Dossier refusé;Saisie société;958.79
4122;18/05/2026 09:43:31;;Dossier refusé;Saisie société;732.67
4123;18/05/2026 09:22:15;;Souscription en cours;Signature Contrat;780.03
4124;18/05/2026 09:22:15;;Souscription en cours;Signature Contrat;941.43
4125;18/05/2026 09:19:19;;Dossier validé;Parcours terminé;138.08
4126;18/05/2026 09:19:19;;Dossier validé;Parcours terminé;421.15
4127;18/05/2026 09:04:13;;Dossier refusé;Choix de l'offre et livraison;127.15
4128;18/05/2026 09:04:13;;Dossier refusé;Choix de l'offre et livraison;394.80
4129;18/05/2026 08:46:31;;Dossier validé;Parcours terminé;824.96
4130;18/05/2026 08:46:31;;Dossier validé;Parcours terminé;896.36
4131;18/05/2026 08:29:06;Inès MICHEL;Dossier validé;Parcours terminé;649.60
4132;18/05/2026 08:29:06;Inès MICHEL;Dossier validé;Parcours terminé;619.05
4133;18/05/2026 08:21:18;;Souscription en cours;Coordonnées personnelles;573.56
4134;18/05/2026 08:21:18;;Souscription en cours;Coordonnées personnelles;629.54
4135;18/05/2026 08:00:42;;Dossier validé;Parcours terminé;627.13
4136;18/05/2026 08:00:42;;Dossier validé;Parcours terminé;881.38
4137;18/05/2026 07:50:07;;Souscription en cours;Coordonnées personnelles;412.48
4138;18/05/2026 07:50:07;;Souscription en cours;Coordonnées personnelles;299.86
4139;18/05/2026 07:16:17;;Dossier validé;Parcours terminé;987.48
4140;18/05/2026 07:16:17;;Dossier validé;Parcours terminé;506.47
4141;18/05/2026 02:01:48;;Dossier validé;Parcours terminé;672.29
4142;18/05/2026 02:01:48;;Dossier validé;Parcours terminé;964.07
4143;18/05/2026 01:37:45;;Dossier refusé;Choix de l'offre et livraison;652.97
4144;18/05/2026 01:37:45;;Dossier refusé;Choix de l'offre et livraison;440.42
4145;18/05/2026 01:11:23;;Dossier validé;Parcours terminé;865.63
4146;18/05/2026 01:11:23;;Dossier validé;Parcours terminé;678.46
4147;18/05/2026 00:53:21;;Souscription en cours;Coordonnées personnelles;609.13
4148;18/05/2026 00:53:21;;Souscription en cours;Coordonnées personnelles;983.43
4149;17/05/2026 23:55:09;;Dossier validé;Parcours terminé;351.97
4150;17/05/2026 23:55:09;;Dossier validé;Parcours terminé;488.24
4151;17/05/2026 23:55:05;;Souscription en cours;Coordonnées personnelles;448.20
4152;17/05/2026 23:55:05;;Souscription en cours;Coordonnées personnelles;559.28
4153;17/05/2026 23:21:04;;Dossier refusé;Signature Contrat;924.87
4154;17/05/2026 23:21:04;;Dossier refusé;Signature Contrat;731.18
4155;17/05/2026 23:02:16;;Dossier refusé;Saisie société;542.66
4156;17/05/2026 23:02:16;;Dossier refusé;Saisie société;973.44
4157;17/05/2026 22:04:13;;Souscription en cours;Vérification d'identité;266.90
4158;17/05/2026 22:04:13;;Souscription en cours;Vérification d'identité;824.24
4159;17/05/2026 21:56:41;;Dossier validé;Parcours terminé;418.17
4160;17/05/2026 21:56:41;;Dossier validé;Parcours terminé;299.27
4161;17/05/2026 21:16:39;;Dossier refusé;Saisie société;734.73
4162;17/05/2026 21:16:39;;Dossier refusé;Saisie société;953.18
4163;17/05/2026 21:06:51;;Souscription en cours;Vérification d'identité;711.59
4164;17/05/2026 21:06:51;;Souscription en cours;Vérification d'identité;578.66
4165;17/05/2026 20:26:39;;Souscription en cours;Vérification d'identité;176.33
4166;17/05/2026 20:26:39;;Souscription en cours;Vérification d'identité;911.54
4167;17/05/2026 18:52:00;;Dossier refusé;Saisie société;120.68
4168;17/05/2026 18:52:00;;Dossier refusé;Saisie société;873.34
4169;17/05/2026 18:02:20;;Dossier validé;Parcours terminé;242.75
4170;17/05/2026 18:02:20;;Dossier validé;Parcours terminé;471.31
4171;17/05/2026 17:40:38;;Dossier validé;Parcours terminé;301.92
4172;17/05/2026 17:40:38;;Dossier validé;Parcours terminé;490.45
4173;17/05/2026 17:34:24;;Dossier validé;Parcours terminé;896.63
4174;17/05/2026 17:34:24;;Dossier validé;Parcours terminé;228.33
4175;17/05/2026 17:30:23;;En attente d'analyse Agent - Dossier avec erreurs;Signature Contrat;552.24
4176;17/05/2026 17:30:23;;En attente d'analyse Agent - Dossier avec erreurs;Signature Contrat;825.76
4177;17/05/2026 17:24:27;;Souscription en cours;Choix de l'offre et livraison;986.10
4178;17/05/2026 17:24:27;;Souscription en cours;Choix de l'offre et livraison;316.84
4179;17/05/2026 17:20:24;;Dossier validé;Parcours terminé;532.69
4180;17/05/2026 17:20:24;;Dossier validé;Parcours terminé;465.20
4181;17/05/2026 17:18:53;;Dossier refusé;Saisie société;132.56
4182;17/05/2026 17:18:53;;Dossier refusé;Saisie société;649.86
4183;17/05/2026 16:57:05;;Dossier validé;Parcours terminé;461.00
4184;17/05/2026 16:57:05;;Dossier validé;Parcours terminé;671.00
4185;17/05/2026 16:52:11;;Souscription en cours;Signature Contrat;640.32
4186;17/05/2026 16:52:11;;Souscription en cours;Signature Contrat;501.22
4187;17/05/2026 16:50:04;;Souscription en cours;Choix de l'offre et livraison;306.09
4188;17/05/2026 16:50:04;;Souscription en cours;Choix de l'offre et livraison;504.40
4189;17/05/2026 16:21:38;;Souscription en cours;Coordonnées personnelles;230.41
4190;17/05/2026 16:21:38;;Souscription en cours;Coordonnées personnelles;911.05
4191;17/05/2026 16:20:39;;Dossier validé;Parcours terminé;794.47
4192;17/05/2026 16:20:39;;Dossier validé;Parcours terminé;665.74
4193;17/05/2026 15:47:32;;Dossier validé;Parcours terminé;148.37
4194;17/05/2026 15:47:32;;Dossier validé;Parcours terminé;149.82
4195;17/05/2026 15:20:32;;Dossier validé;Parcours terminé;478.88
4196;17/05/2026 15:20:32;;Dossier validé;Parcours terminé;813.69
4197;17/05/2026 15:18:35;;Dossier validé;Parcours terminé;419.97
4198;17/05/2026 15:18:35;;Dossier validé;Parcours terminé;244.60
4199;17/05/2026 15:15:21;;Souscription non démarrée;Parcours non démarré;356.74
4200;17/05/2026 15:15:21;;Souscription non démarrée;Parcours non démarré;327.75
4201;17/05/2026 15:06:58;;Souscription en cours;Coordonnées personnelles;827.22
4202;17/05/2026 15:06:58;;Souscription en cours;Coordonnées personnelles;880.48
4203;17/05/2026 15:04:04;;Souscription en cours;Coordonnées personnelles;347.95
4204;17/05/2026 15:04:04;;Souscription en cours;Coordonnées personnelles;906.06
4205;17/05/2026 14:51:59;;Souscription en cours;Signature Contrat;591.97
4206;17/05/2026 14:51:59;;Souscription en cours;Signature Contrat;287.92
4207;17/05/2026 14:48:41;;Dossier validé;Parcours terminé;493.74
4208;17/05/2026 14:48:41;;Dossier validé;Parcours terminé;992.54
4209;17/05/2026 14:48:08;;Dossier refusé;Saisie société;594.94
4210;17/05/2026 14:48:08;;Dossier refusé;Saisie société;554.83
4211;17/05/2026 14:17:37;;Dossier validé;Parcours terminé;738.95
4212;17/05/2026 14:17:37;;Dossier validé;Parcours terminé;292.24
4213;17/05/2026 14:14:53;;Dossier validé;Parcours terminé;280.18
4214;17/05/2026 14:14:53;;Dossier validé;Parcours terminé;597.19
4215;17/05/2026 14:08:10;;Souscription en cours;Coordonnées personnelles;984.68
4216;17/05/2026 14:08:10;;Souscription en cours;Coordonnées personnelles;198.34
4217;17/05/2026 13:48:07;;Dossier validé;Parcours terminé;789.73
4218;17/05/2026 13:48:07;;Dossier validé;Parcours terminé;775.77
4219;17/05/2026 13:47:53;;Dossier validé;Parcours terminé;962.77
4220;17/05/2026 13:47:53;;Dossier validé;Parcours terminé;713.45
4221;17/05/2026 13:45:48;;Dossier validé;Parcours terminé;806.62
4222;17/05/2026 13:45:48;;Dossier validé;Parcours terminé;281.25
4223;17/05/2026 13:25:53;;Dossier validé;Parcours terminé;916.94
4224;17/05/2026 13:25:53;;Dossier validé;Parcours terminé;681.42
4225;17/05/2026 13:20:21;;Souscription en cours;Signature Contrat;367.78
4226;17/05/2026 13:20:21;;Souscription en cours;Signature Contrat;276.62
4227;17/05/2026 12:58:35;;Souscription non démarrée;Parcours non démarré;470.46
4228;17/05/2026 12:58:35;;Souscription non démarrée;Parcours non démarré;739.57
4229;17/05/2026 12:57:00;;Dossier refusé;Saisie société;222.66
4230;17/05/2026 12:57:00;;Dossier refusé;Saisie société;237.86
4231;17/05/2026 12:42:24;;Dossier refusé;Choix de l'offre et livraison;369.17
4232;17/05/2026 12:42:24;;Dossier refusé;Choix de l'offre et livraison;121.20
4233;17/05/2026 12:22:27;;Souscription en cours;Coordonnées personnelles;294.13
4234;17/05/2026 12:22:27;;Souscription en cours;Coordonnées personnelles;775.93
4235;17/05/2026 12:19:18;;Dossier validé;Parcours terminé;323.85
4236;17/05/2026 12:19:18;;Dossier validé;Parcours terminé;806.00
4237;17/05/2026 11:31:27;;Souscription en cours;Vérification d'identité;821.60
4238;17/05/2026 11:31:27;;Souscription en cours;Vérification d'identité;534.56
4239;17/05/2026 11:23:39;;Dossier refusé;Saisie société;615.86
4240;17/05/2026 11:23:39;;Dossier refusé;Saisie société;359.91
4241;17/05/2026 11:08:42;;Souscription en cours;Coordonnées personnelles;957.38
4242;17/05/2026 11:08:42;;Souscription en cours;Coordonnées personnelles;764.35
4243;17/05/2026 11:00:45;;Souscription non démarrée;Parcours non démarré;389.18
4244;17/05/2026 11:00:45;;Souscription non démarrée;Parcours non démarré;105.36
4245;17/05/2026 11:00:09;;Dossier validé;Parcours terminé;964.53
4246;17/05/2026 11:00:09;;Dossier validé;Parcours terminé;737.54
4247;17/05/2026 10:41:45;;Dossier validé;Parcours terminé;392.71
4248;17/05/2026 10:41:45;;Dossier validé;Parcours terminé;801.63
4249;17/05/2026 10:39:00;;Dossier validé;Parcours terminé;767.30
4250;17/05/2026 10:39:00;;Dossier validé;Parcours terminé;644.21
4251;17/05/2026 10:34:29;;Dossier validé;Parcours terminé;116.55
4252;17/05/2026 10:34:29;;Dossier validé;Parcours terminé;157.22
4253;17/05/2026 10:22:59;;Souscription en cours;Coordonnées personnelles;324.62
4254;17/05/2026 10:22:59;;Souscription en cours;Coordonnées personnelles;587.77
4255;17/05/2026 10:15:43;;Souscription en cours;Coordonnées personnelles;315.78
4256;17/05/2026 10:15:43;;Souscription en cours;Coordonnées personnelles;451.95
4257;17/05/2026 09:30:25;Adam LAURENT;Dossier validé;Parcours terminé;916.38
4258;17/05/2026 09:30:25;Adam LAURENT;Dossier validé;Parcours terminé;639.49
4259;17/05/2026 09:21:24;;Souscription en cours;Informations complémentaires (CA, Profession, etc.);359.35
4260;17/05/2026 09:21:24;;Souscription en cours;Informations complémentaires (CA, Profession, etc.);327.72
4261;17/05/2026 09:21:03;;Souscription non démarrée;Parcours non démarré;710.27
4262;17/05/2026 09:21:03;;Souscription non démarrée;Parcours non démarré;671.77
4263;17/05/2026 09:14:51;;Souscription en cours;Informations complémentaires (CA, Profession, etc.);696.19
4264;17/05/2026 09:14:51;;Souscription en cours;Informations complémentaires (CA, Profession, etc.);680.46
4265;17/05/2026 09:13:33;;Souscription en cours;Coordonnées personnelles;838.64
4266;17/05/2026 09:13:33;;Souscription en cours;Coordonnées personnelles;900.89
4267;17/05/2026 08:57:59;;Dossier validé;Parcours terminé;542.08
4268;17/05/2026 08:57:59;;Dossier validé;Parcours terminé;616.79
4269;17/05/2026 08:57:11;;Souscription en cours;Coordonnées personnelles;872.40
4270;17/05/2026 08:57:11;;Souscription en cours;Coordonnées personnelles;704.14
4271;17/05/2026 08:49:57;;Dossier validé;Parcours terminé;370.80
4272;17/05/2026 08:49:57;;Dossier validé;Parcours terminé;449.39
4273;17/05/2026 08:39:39;;Souscription en cours;Vérification d'identité;514.48
4274;17/05/2026 08:39:39;;Souscription en cours;Vérification d'identité;879.65
4275;17/05/2026 08:37:39;;Dossier refusé;Saisie société;512.90
4276;17/05/2026 08:37:39;;Dossier refusé;Saisie société;541.28
4277;17/05/2026 08:28:56;;Dossier validé;Parcours terminé;891.00
4278;17/05/2026 08:28:56;;Dossier validé;Parcours terminé;188.96
4279;17/05/2026 07:55:23;;Dossier validé;Parcours terminé;789.78
4280;17/05/2026 07:55:23;;Dossier validé;Parcours terminé;289.96
4281;17/05/2026 05:09:39;;Dossier validé;Parcours terminé;395.19
4282;17/05/2026 05:09:39;;Dossier validé;Parcours terminé;791.88
4283;17/05/2026 04:41:03;;Souscription en cours;Coordonnées personnelles;668.81
4284;17/05/2026 04:41:03;;Souscription en cours;Coordonnées personnelles;595.90
4285;17/05/2026 04:35:21;;Dossier validé;Parcours terminé;853.85
4286;17/05/2026 04:35:21;;Dossier validé;Parcours terminé;218.18
4287;17/05/2026 03:36:33;Hugo MARTIN;Dossier validé;Parcours terminé;859.03
4288;17/05/2026 03:36:33;Hugo MARTIN;Dossier validé;Parcours terminé;242.62
4289;17/05/2026 03:30:53;;Souscription en cours;Coordonnées personnelles;685.44
4290;17/05/2026 03:30:53;;Souscription en cours;Coordonnées personnelles;871.96
4291;17/05/2026 02:24:21;;Dossier validé;Parcours terminé;138.23
4292;17/05/2026 02:24:21;;Dossier validé;Parcours terminé;868.69
4293;16/05/2026 23:58:05;;Dossier validé;Parcours terminé;461.02
4294;16/05/2026 23:58:05;;Dossier validé;Parcours terminé;837.61
4295;16/05/2026 23:54:15;;Souscription non démarrée;Parcours non démarré;532.76
4296;16/05/2026 23:54:15;;Souscription non démarrée;Parcours non démarré;789.49
4297;16/05/2026 23:46:41;;Dossier validé;Parcours terminé;850.32
4298;16/05/2026 23:46:41;;Dossier validé;Parcours terminé;557.58
4299;16/05/2026 23:09:43;;Souscription en cours;Bénéficiaire effectifs;113.85
4300;16/05/2026 23:09:43;;Souscription en cours;Bénéficiaire effectifs;447.14
4301;16/05/2026 22:33:46;Hugo MARTIN;Dossier refusé;Saisie société;727.89
4302;16/05/2026 22:33:46;Hugo MARTIN;Dossier refusé;Saisie société;892.39
4303;16/05/2026 22:33:41;;Souscription non démarrée;Parcours non démarré;678.15
4304;16/05/2026 22:33:41;;Souscription non démarrée;Parcours non démarré;244.35
4305;16/05/2026 22:01:48;;Souscription en cours;Coordonnées personnelles;260.27
4306;16/05/2026 22:01:48;;Souscription en cours;Coordonnées personnelles;560.18
4307;16/05/2026 21:37:03;;Dossier validé;Parcours terminé;107.14
4308;16/05/2026 21:37:03;;Dossier validé;Parcours terminé;944.64
4309;16/05/2026 21:30:42;;Souscription en cours;Coordonnées personnelles;552.53
4310;16/05/2026 21:30:42;;Souscription en cours;Coordonnées personnelles;780.75
4311;16/05/2026 21:22:36;;Souscription non démarrée;Parcours non démarré;359.86
4312;16/05/2026 21:22:36;;Souscription non démarrée;Parcours non démarré;893.45
4313;16/05/2026 21:13:21;;Dossier validé;Parcours terminé;878.33
4314;16/05/2026 21:13:21;;Dossier validé;Parcours terminé;480.46
4315;16/05/2026 20:51:31;;Dossier refusé;Saisie société;515.90
4316;16/05/2026 20:51:31;;Dossier refusé;Saisie société;463.87
4317;16/05/2026 20:47:25;;Souscription en cours;Coordonnées personnelles;689.09
4318;16/05/2026 20:47:25;;Souscription en cours;Coordonnées personnelles;281.59
4319;16/05/2026 20:41:12;;Souscription en cours;Coordonnées personnelles;847.95
4320;16/05/2026 20:41:12;;Souscription en cours;Coordonnées personnelles;654.87
4321;16/05/2026 20:28:06;;Souscription en cours;Vérification d'identité;504.70
4322;16/05/2026 20:28:06;;Souscription en cours;Vérification d'identité;969.65
4323;16/05/2026 20:22:35;;Souscription en cours;Choix de l'offre et livraison;577.38
4324;16/05/2026 20:22:35;;Souscription en cours;Choix de l'offre et livraison;986.63
4325;16/05/2026 20:21:18;;Souscription en cours;Coordonnées personnelles;596.58
4326;16/05/2026 20:21:18;;Souscription en cours;Coordonnées personnelles;926.24
4327;16/05/2026 20:07:19;;Dossier refusé;Synchronisation référentiel personne NOVA;695.04
4328;16/05/2026 20:07:19;;Dossier refusé;Synchronisation référentiel personne NOVA;586.18
4329;16/05/2026 19:38:52;;Dossier validé;Parcours terminé;344.67
4330;16/05/2026 19:38:52;;Dossier validé;Parcours terminé;207.37
4331;16/05/2026 19:30:50;;Dossier refusé;Saisie société;313.69
4332;16/05/2026 19:30:50;;Dossier refusé;Saisie société;964.51
4333;16/05/2026 19:23:15;;Dossier validé;Parcours terminé;570.64
4334;16/05/2026 19:23:15;;Dossier validé;Parcours terminé;940.26
4335;16/05/2026 19:15:04;;Souscription en cours;Coordonnées personnelles;842.26
4336;16/05/2026 19:15:04;;Souscription en cours;Coordonnées personnelles;171.67
4337;16/05/2026 19:02:00;;Souscription en cours;Choix de l'offre et livraison;945.85
4338;16/05/2026 19:02:00;;Souscription en cours;Choix de l'offre et livraison;674.10
4339;16/05/2026 18:21:24;;Souscription en cours;Coordonnées personnelles;269.87
4340;16/05/2026 18:21:24;;Souscription en cours;Coordonnées personnelles;970.64
4341;16/05/2026 18:07:04;;Souscription non démarrée;Parcours non démarré;651.21
4342;16/05/2026 18:07:04;;Souscription non démarrée;Parcours non démarré;467.08
4343;16/05/2026 17:53:15;;Souscription en cours;Choix de l'offre et livraison;583.38
4344;16/05/2026 17:53:15;;Souscription en cours;Choix de l'offre et livraison;699.31
4345;16/05/2026 17:51:36;Inès MICHEL;Dossier refusé;Saisie société;252.85
4346;16/05/2026 17:51:36;Inès MICHEL;Dossier refusé;Saisie société;832.09
4347;16/05/2026 17:46:04;;Dossier validé;Parcours terminé;605.65
4348;16/05/2026 17:46:04;;Dossier validé;Parcours terminé;316.33
4349;16/05/2026 17:42:15;Z5681453;Dossier refusé;Signature Contrat;993.39
4350;16/05/2026 17:42:15;Z5681453;Dossier refusé;Signature Contrat;987.96
4351;16/05/2026 17:32:45;;Dossier validé;Parcours terminé;950.07
4352;16/05/2026 17:32:45;;Dossier validé;Parcours terminé;889.03
4353;16/05/2026 17:14:52;;Souscription en cours;Coordonnées personnelles;599.46
4354;16/05/2026 17:14:52;;Souscription en cours;Coordonnées personnelles;855.20
4355;16/05/2026 17:09:12;;Souscription en cours;Vérification d'identité;954.21
4356;16/05/2026 17:09:12;;Souscription en cours;Vérification d'identité;434.99
4357;16/05/2026 17:01:55;;Souscription en cours;Vérification d'identité;638.17
4358;16/05/2026 17:01:55;;Souscription en cours;Vérification d'identité;617.57
4359;16/05/2026 16:40:08;;Souscription en cours;Synchronisation référentiel personne NOVA;157.51
4360;16/05/2026 16:40:08;;Souscription en cours;Synchronisation référentiel personne NOVA;180.86
4361;16/05/2026 16:31:46;;Souscription en cours;Choix de l'offre et livraison;863.50
4362;16/05/2026 16:31:46;;Souscription en cours;Choix de l'offre et livraison;349.04
4363;16/05/2026 16:25:22;;Souscription en cours;Coordonnées personnelles;886.67
4364;16/05/2026 16:25:22;;Souscription en cours;Coordonnées personnelles;439.75
4365;16/05/2026 16:24:52;;Dossier validé;Parcours terminé;156.81
4366;16/05/2026 16:24:52;;Dossier validé;Parcours terminé;160.44
4367;16/05/2026 16:14:58;Z5681453;Dossier refusé;Signature Contrat;287.11
4368;16/05/2026 16:14:58;Z5681453;Dossier refusé;Signature Contrat;971.22
4369;16/05/2026 16:06:15;;Dossier validé;Parcours terminé;945.87
4370;16/05/2026 16:06:15;;Dossier validé;Parcours terminé;326.77
4371;16/05/2026 15:56:06;;Dossier validé;Parcours terminé;264.84
4372;16/05/2026 15:56:06;;Dossier validé;Parcours terminé;125.91
4373;16/05/2026 15:51:39;;Souscription en cours;Coordonnées personnelles;576.56
4374;16/05/2026 15:51:39;;Souscription en cours;Coordonnées personnelles;470.58
4375;16/05/2026 15:40:02;;Dossier refusé;Saisie société;373.34
4376;16/05/2026 15:40:02;;Dossier refusé;Saisie société;940.26
4377;16/05/2026 15:38:14;;Dossier validé;Parcours terminé;102.67
4378;16/05/2026 15:38:14;;Dossier validé;Parcours terminé;237.85
4379;16/05/2026 15:35:51;;Souscription en cours;Signature Contrat;284.16
4380;16/05/2026 15:35:51;;Souscription en cours;Signature Contrat;776.45
4381;16/05/2026 15:28:46;;Dossier validé;Parcours terminé;948.41
4382;16/05/2026 15:28:46;;Dossier validé;Parcours terminé;850.98
4383;16/05/2026 15:25:52;;Dossier validé;Parcours terminé;455.62
4384;16/05/2026 15:25:52;;Dossier validé;Parcours terminé;238.44
4385;16/05/2026 15:16:02;;Dossier validé;Parcours terminé;903.49
4386;16/05/2026 15:16:02;;Dossier validé;Parcours terminé;382.81
4387;16/05/2026 15:11:02;Manon LEFEBVRE;Dossier validé;Parcours terminé;182.66
4388;16/05/2026 15:11:02;Manon LEFEBVRE;Dossier validé;Parcours terminé;933.37
4389;16/05/2026 15:06:43;Manon LEFEBVRE;Dossier validé;Parcours terminé;248.85
4390;16/05/2026 15:06:43;Manon LEFEBVRE;Dossier validé;Parcours terminé;502.70
4391;16/05/2026 15:04:03;;Souscription en cours;Choix de l'offre et livraison;613.98
4392;16/05/2026 15:04:03;;Souscription en cours;Choix de l'offre et livraison;177.01
4393;16/05/2026 14:51:05;;Dossier validé;Parcours terminé;739.25
4394;16/05/2026 14:51:05;;Dossier validé;Parcours terminé;127.49
4395;16/05/2026 14:42:12;;Dossier validé;Parcours terminé;380.15
4396;16/05/2026 14:42:12;;Dossier validé;Parcours terminé;235.35
4397;16/05/2026 14:35:31;;Dossier refusé;Choix de l'offre et livraison;978.18
4398;16/05/2026 14:35:31;;Dossier refusé;Choix de l'offre et livraison;459.65
4399;16/05/2026 14:34:54;;Dossier validé;Parcours terminé;609.95
4400;16/05/2026 14:34:54;;Dossier validé;Parcours terminé;457.14
4401;16/05/2026 14:29:09;;En attente d'analyse Agent - Dossier avec erreurs;Signature Contrat;621.57
4402;16/05/2026 14:29:09;;En attente d'analyse Agent - Dossier avec erreurs;Signature Contrat;256.93
4403;16/05/2026 14:24:27;;Souscription non démarrée;Parcours non démarré;595.07
4404;16/05/2026 14:24:27;;Souscription non démarrée;Parcours non démarré;221.65
4405;16/05/2026 14:21:36;;Souscription en cours;Signature Contrat;835.08
4406;16/05/2026 14:21:36;;Souscription en cours;Signature Contrat;671.69
4407;16/05/2026 14:12:38;;Dossier refusé;Saisie société;128.54
4408;16/05/2026 14:12:38;;Dossier refusé;Saisie société;353.32
4409;16/05/2026 13:25:36;;Souscription en cours;Coordonnées personnelles;824.28
4410;16/05/2026 13:25:36;;Souscription en cours;Coordonnées personnelles;591.15
4411;16/05/2026 12:59:22;;Souscription en cours;Coordonnées personnelles;288.43
4412;16/05/2026 12:59:22;;Souscription en cours;Coordonnées personnelles;735.30
4413;16/05/2026 12:43:00;;Dossier validé;Parcours terminé;988.10
4414;16/05/2026 12:43:00;;Dossier validé;Parcours terminé;663.63
4415;16/05/2026 12:22:49;;Dossier validé;Parcours terminé;137.45
4416;16/05/2026 12:22:49;;Dossier validé;Parcours terminé;575.55
4417;16/05/2026 12:14:58;;Souscription en cours;Coordonnées personnelles;621.53
4418;16/05/2026 12:14:58;;Souscription en cours;Coordonnées personnelles;926.19
4419;16/05/2026 12:14:03;;Souscription non démarrée;Parcours non démarré;801.68
4420;16/05/2026 12:14:03;;Souscription non démarrée;Parcours non démarré;351.52
4421;16/05/2026 12:10:23;;Souscription en cours;Coordonnées personnelles;993.20
4422;16/05/2026 12:10:23;;Souscription en cours;Coordonnées personnelles;394.11
4423;16/05/2026 12:08:05;;Dossier validé;Parcours terminé;180.55
4424;16/05/2026 12:08:05;;Dossier validé;Parcours terminé;778.49
4425;16/05/2026 12:06:17;;Dossier refusé;Saisie société;547.22
4426;16/05/2026 12:06:17;;Dossier refusé;Saisie société;432.69
4427;16/05/2026 12:06:11;;Dossier validé;Parcours terminé;213.97
4428;16/05/2026 12:06:11;;Dossier validé;Parcours terminé;284.18
4429;16/05/2026 11:53:57;Inès MICHEL;Dossier validé;Parcours terminé;862.98
4430;16/05/2026 11:53:57;Inès MICHEL;Dossier validé;Parcours terminé;296.03
4431;16/05/2026 11:38:58;;Dossier validé;Parcours terminé;620.31
4432;16/05/2026 11:38:58;;Dossier validé;Parcours terminé;339.29
4433;16/05/2026 11:34:52;;Dossier validé;Parcours terminé;222.73
4434;16/05/2026 11:34:52;;Dossier validé;Parcours terminé;762.75
4435;16/05/2026 11:33:23;;Dossier refusé;Saisie société;600.67
4436;16/05/2026 11:33:23;;Dossier refusé;Saisie société;505.31
4437;16/05/2026 11:31:00;Rayan MICHEL;Dossier refusé;Saisie société;428.90
4438;16/05/2026 11:31:00;Rayan MICHEL;Dossier refusé;Saisie société;510.07
4439;16/05/2026 11:21:03;Adam LAURENT;Dossier validé;Parcours terminé;618.25
4440;16/05/2026 11:21:03;Adam LAURENT;Dossier validé;Parcours terminé;820.58
4441;16/05/2026 11:11:38;;Souscription non démarrée;Parcours non démarré;560.00
4442;16/05/2026 11:11:38;;Souscription non démarrée;Parcours non démarré;292.20
4443;16/05/2026 11:05:19;;Souscription en cours;Signature Contrat;356.58
4444;16/05/2026 11:05:19;;Souscription en cours;Signature Contrat;651.42
4445;16/05/2026 11:04:53;;Souscription en cours;Informations complémentaires (Etablissements, etc.);820.20
4446;16/05/2026 11:04:53;;Souscription en cours;Informations complémentaires (Etablissements, etc.);167.36
4447;16/05/2026 11:04:13;;Dossier validé;Parcours terminé;840.57
4448;16/05/2026 11:04:13;;Dossier validé;Parcours terminé;935.58
4449;16/05/2026 10:50:13;;Dossier validé;Parcours terminé;109.90
4450;16/05/2026 10:50:13;;Dossier validé;Parcours terminé;907.00
4451;16/05/2026 10:34:09;;Souscription non démarrée;Parcours non démarré;268.44
4452;16/05/2026 10:34:09;;Souscription non démarrée;Parcours non démarré;633.49
4453;16/05/2026 10:26:14;;Dossier refusé;Saisie société;512.50
4454;16/05/2026 10:26:14;;Dossier refusé;Saisie société;859.26
4455;16/05/2026 10:14:55;;Souscription en cours;Choix de l'offre et livraison;893.25
4456;16/05/2026 10:14:55;;Souscription en cours;Choix de l'offre et livraison;586.02
4457;16/05/2026 10:09:19;;Dossier validé;Parcours terminé;849.60
4458;16/05/2026 10:09:19;;Dossier validé;Parcours terminé;798.05
4459;16/05/2026 10:03:29;Manon LEFEBVRE;Dossier validé;Parcours terminé;401.04
4460;16/05/2026 10:03:29;Manon LEFEBVRE;Dossier validé;Parcours terminé;575.84
4461;16/05/2026 10:00:45;;Souscription en cours;Coordonnées personnelles;593.74
4462;16/05/2026 10:00:45;;Souscription en cours;Coordonnées personnelles;219.23
4463;16/05/2026 09:33:30;;Souscription en cours;Signature Contrat;935.60
4464;16/05/2026 09:33:30;;Souscription en cours;Signature Contrat;947.77
4465;16/05/2026 09:32:07;;Souscription en cours;Coordonnées personnelles;316.14
4466;16/05/2026 09:32:07;;Souscription en cours;Coordonnées personnelles;975.94
4467;16/05/2026 09:08:43;;Dossier validé;Parcours terminé;857.86
4468;16/05/2026 09:08:43;;Dossier validé;Parcours terminé;688.10
4469;16/05/2026 08:59:13;;Dossier validé;Parcours terminé;812.38
4470;16/05/2026 08:59:13;;Dossier validé;Parcours terminé;265.01
4471;16/05/2026 08:43:49;;Souscription en cours;Coordonnées personnelles;707.74
4472;16/05/2026 08:43:49;;Souscription en cours;Coordonnées personnelles;589.83
4473;16/05/2026 08:07:09;;Dossier validé;Parcours terminé;515.51
4474;16/05/2026 08:07:09;;Dossier validé;Parcours terminé;494.38
4475;16/05/2026 07:31:25;;Souscription en cours;Coordonnées personnelles;926.16
4476;16/05/2026 07:31:25;;Souscription en cours;Coordonnées personnelles;567.14
4477;16/05/2026 07:08:24;;Souscription en cours;Synchronisation référentiel personne NOVA;870.24
4478;16/05/2026 07:08:24;;Souscription en cours;Synchronisation référentiel personne NOVA;987.35
4479;16/05/2026 04:32:10;;Souscription non démarrée;Parcours non démarré;170.98
4480;16/05/2026 04:32:10;;Souscription non démarrée;Parcours non démarré;821.97
4481;16/05/2026 03:06:48;;Souscription en cours;Coordonnées personnelles;796.46
4482;16/05/2026 03:06:48;;Souscription en cours;Coordonnées personnelles;866.00
4483;16/05/2026 02:51:57;;Dossier validé;Parcours terminé;310.77
4484;16/05/2026 02:51:57;;Dossier validé;Parcours terminé;710.67
4485;16/05/2026 02:40:14;;Souscription en cours;Coordonnées personnelles;983.81
4486;16/05/2026 02:40:14;;Souscription en cours;Coordonnées personnelles;270.29
4487;16/05/2026 01:23:43;;En attente d'analyse Agent - Dossier avec erreurs;Signature Contrat;630.09
4488;16/05/2026 01:23:43;;En attente d'analyse Agent - Dossier avec erreurs;Signature Contrat;735.51
4489;16/05/2026 01:19:19;;Souscription en cours;Choix de l'offre et livraison;380.27
4490;16/05/2026 01:19:19;;Souscription en cours;Choix de l'offre et livraison;712.96
4491;16/05/2026 00:24:37;;Dossier refusé;Bénéficiaire effectifs;763.35
4492;16/05/2026 00:24:37;;Dossier refusé;Bénéficiaire effectifs;523.03
4493;15/05/2026 23:58:24;;Dossier refusé;Saisie société;977.79
4494;15/05/2026 23:58:24;;Dossier refusé;Saisie société;655.97
4495;15/05/2026 23:43:30;;Dossier validé;Parcours terminé;921.43
4496;15/05/2026 23:43:30;;Dossier validé;Parcours terminé;393.66
4497;15/05/2026 23:30:48;;Dossier validé;Parcours terminé;526.26
4498;15/05/2026 23:30:48;;Dossier validé;Parcours terminé;204.67
4499;15/05/2026 23:10:13;;Dossier validé;Parcours terminé;933.77
4500;15/05/2026 23:10:13;;Dossier validé;Parcours terminé;289.99
4501;15/05/2026 23:02:03;;Dossier validé;Parcours terminé;179.99
4502;15/05/2026 23:02:03;;Dossier validé;Parcours terminé;551.70
4503;15/05/2026 22:59:31;;Souscription non démarrée;Parcours non démarré;858.83
4504;15/05/2026 22:59:31;;Souscription non démarrée;Parcours non démarré;353.56
4505;15/05/2026 22:55:35;;Souscription non démarrée;Parcours non démarré;380.87
4506;15/05/2026 22:55:35;;Souscription non démarrée;Parcours non démarré;226.57
4507;15/05/2026 22:39:47;;Dossier refusé;Signature Contrat;804.06
4508;15/05/2026 22:39:47;;Dossier refusé;Signature Contrat;421.03
4509;15/05/2026 22:34:03;;Souscription en cours;Signature Contrat;240.48
4510;15/05/2026 22:34:03;;Souscription en cours;Signature Contrat;647.83
4511;15/05/2026 22:33:35;;Souscription en cours;Coordonnées personnelles;940.59
4512;15/05/2026 22:33:35;;Souscription en cours;Coordonnées personnelles;570.23
4513;15/05/2026 22:24:51;;Dossier validé;Parcours terminé;870.36
4514;15/05/2026 22:24:51;;Dossier validé;Parcours terminé;867.05
4515;15/05/2026 22:18:09;;Dossier validé;Parcours terminé;817.05
4516;15/05/2026 22:18:09;;Dossier validé;Parcours terminé;812.87
4517;15/05/2026 21:34:17;;Dossier refusé;Signature Contrat;272.49
4518;15/05/2026 21:34:17;;Dossier refusé;Signature Contrat;800.88
4519;15/05/2026 21:22:40;;Souscription en cours;Coordonnées personnelles;698.52
4520;15/05/2026 21:22:40;;Souscription en cours;Coordonnées personnelles;826.58
4521;15/05/2026 21:13:46;;Dossier refusé;Signature Contrat;550.32
4522;15/05/2026 21:13:46;;Dossier refusé;Signature Contrat;139.16
4523;15/05/2026 21:12:43;;Dossier validé;Parcours terminé;882.48
4524;15/05/2026 21:12:43;;Dossier validé;Parcours terminé;582.23
4525;15/05/2026 20:40:48;;En attente d'analyse Agent - Dossier avec erreurs;Signature Contrat;545.78
4526;15/05/2026 20:40:48;;En attente d'analyse Agent - Dossier avec erreurs;Signature Contrat;184.03
4527;15/05/2026 20:26:53;;Dossier validé;Parcours terminé;133.45
4528;15/05/2026 20:26:53;;Dossier validé;Parcours terminé;609.47
4529;15/05/2026 20:25:03;;Souscription en cours;Signature Contrat;814.84
4530;15/05/2026 20:25:03;;Souscription en cours;Signature Contrat;975.25
4531;15/05/2026 20:20:30;;Dossier validé;Parcours terminé;837.57
4532;15/05/2026 20:20:30;;Dossier validé;Parcours terminé;175.30
4533;15/05/2026 20:00:45;;Souscription en cours;Informations complémentaires (Etablissements, etc.);121.08
4534;15/05/2026 20:00:45;;Souscription en cours;Informations complémentaires (Etablissements, etc.);495.51
4535;15/05/2026 20:00:18;;Souscription en cours;Coordonnées personnelles;787.49
4536;15/05/2026 20:00:18;;Souscription en cours;Coordonnées personnelles;218.79
4537;15/05/2026 19:54:40;;Dossier validé;Parcours terminé;686.48
4538;15/05/2026 19:54:40;;Dossier validé;Parcours terminé;610.01
4539;15/05/2026 19:24:52;Manon LEFEBVRE;Dossier validé;Parcours terminé;944.92
4540;15/05/2026 19:24:52;Manon LEFEBVRE;Dossier validé;Parcours terminé;914.55
4541;15/05/2026 19:12:56;;Souscription non démarrée;Parcours non démarré;576.78
4542;15/05/2026 19:12:56;;Souscription non démarrée;Parcours non démarré;800.78
4543;15/05/2026 19:02:02;;Souscription non démarrée;Parcours non démarré;143.93
4544;15/05/2026 19:02:02;;Souscription non démarrée;Parcours non démarré;819.21
4545;15/05/2026 18:57:30;;Souscription en cours;Criblages BE(s);222.39
4546;15/05/2026 18:57:30;;Souscription en cours;Criblages BE(s);102.69
4547;15/05/2026 18:46:11;;Souscription en cours;Vérification d'identité;832.34
4548;15/05/2026 18:46:11;;Souscription en cours;Vérification d'identité;243.52
4549;15/05/2026 18:43:17;;Dossier refusé;Saisie société;242.11
4550;15/05/2026 18:43:17;;Dossier refusé;Saisie société;909.46
4551;15/05/2026 18:42:39;;Souscription en cours;Choix de l'offre et livraison;907.12
4552;15/05/2026 18:42:39;;Souscription en cours;Choix de l'offre et livraison;602.15
4553;15/05/2026 18:41:58;;Souscription en cours;Informations complémentaires (Etablissements, etc.);103.60
4554;15/05/2026 18:41:58;;Souscription en cours;Informations complémentaires (Etablissements, etc.);578.03
4555;15/05/2026 18:38:01;;Souscription en cours;Choix de l'offre et livraison;821.86
4556;15/05/2026 18:38:01;;Souscription en cours;Choix de l'offre et livraison;854.18
4557;15/05/2026 18:36:37;;Souscription en cours;Informations complémentaires (CA, Profession, etc.);987.35
4558;15/05/2026 18:36:37;;Souscription en cours;Informations complémentaires (CA, Profession, etc.);993.42
4559;15/05/2026 18:22:31;;Souscription non démarrée;Parcours non démarré;872.61
4560;15/05/2026 18:22:31;;Souscription non démarrée;Parcours non démarré;891.59
4561;15/05/2026 18:10:28;;Dossier refusé;Saisie société;920.97
4562;15/05/2026 18:10:28;;Dossier refusé;Saisie société;183.33
4563;15/05/2026 18:07:22;;Souscription en cours;Informations complémentaires (CA, Profession, etc.);355.34
4564;15/05/2026 18:07:22;;Souscription en cours;Informations complémentaires (CA, Profession, etc.);321.34
4565;15/05/2026 18:02:09;;Souscription en cours;Coordonnées personnelles;680.48
4566;15/05/2026 18:02:09;;Souscription en cours;Coordonnées personnelles;581.25
4567;15/05/2026 17:58:53;Hugo MARTIN;Dossier validé;Parcours terminé;663.79
4568;15/05/2026 17:58:53;Hugo MARTIN;Dossier validé;Parcours terminé;442.69
4569;15/05/2026 17:53:54;;Dossier validé;Parcours terminé;571.01
4570;15/05/2026 17:53:54;;Dossier validé;Parcours terminé;935.56
4571;15/05/2026 17:48:05;;Souscription en cours;Coordonnées personnelles;154.37
4572;15/05/2026 17:48:05;;Souscription en cours;Coordonnées personnelles;416.95
4573;15/05/2026 17:41:58;;Dossier validé;Parcours terminé;915.51
4574;15/05/2026 17:41:58;;Dossier validé;Parcours terminé;161.99
4575;15/05/2026 17:38:52;Zoé MULLER;Dossier validé;Parcours terminé;814.93
4576;15/05/2026 17:38:52;Zoé MULLER;Dossier validé;Parcours terminé;355.88
4577;15/05/2026 17:38:51;;Dossier validé;Parcours terminé;689.08
4578;15/05/2026 17:38:51;;Dossier validé;Parcours terminé;190.97
4579;15/05/2026 17:35:09;;Dossier validé;Parcours terminé;831.79
4580;15/05/2026 17:35:09;;Dossier validé;Parcours terminé;914.48
4581;15/05/2026 17:29:26;;Souscription en cours;Coordonnées personnelles;645.81
4582;15/05/2026 17:29:26;;Souscription en cours;Coordonnées personnelles;730.55
4583;15/05/2026 17:20:19;;Dossier refusé;Saisie société;167.05
4584;15/05/2026 17:20:19;;Dossier refusé;Saisie société;359.89
4585;15/05/2026 17:15:41;;Dossier validé;Parcours terminé;332.31
4586;15/05/2026 17:15:41;;Dossier validé;Parcours terminé;694.07
4587;15/05/2026 17:12:54;;Souscription en cours;Coordonnées personnelles;593.58
4588;15/05/2026 17:12:54;;Souscription en cours;Coordonnées personnelles;836.42
4589;15/05/2026 17:07:29;;Dossier validé;Parcours terminé;709.42
4590;15/05/2026 17:07:29;;Dossier validé;Parcours terminé;927.27
4591;15/05/2026 16:56:07;;Dossier refusé;Choix de l'offre et livraison;436.54
4592;15/05/2026 16:56:07;;Dossier refusé;Choix de l'offre et livraison;137.61
4593;15/05/2026 16:50:51;;Dossier refusé;Parcours terminé;400.22
4594;15/05/2026 16:50:51;;Dossier refusé;Parcours terminé;760.82
4595;15/05/2026 16:41:42;;Dossier validé;Parcours terminé;905.84
4596;15/05/2026 16:41:42;;Dossier validé;Parcours terminé;833.25
4597;15/05/2026 16:34:17;;Souscription non démarrée;Parcours non démarré;267.75
4598;15/05/2026 16:34:17;;Souscription non démarrée;Parcours non démarré;732.01
4599;15/05/2026 16:32:34;;En attente d'analyse Agent - Dossier avec erreurs;Signature Contrat;457.74
4600;15/05/2026 16:32:34;;En attente d'analyse Agent - Dossier avec erreurs;Signature Contrat;448.74
4601;15/05/2026 16:21:40;;Dossier validé;Parcours terminé;733.96
4602;15/05/2026 16:21:40;;Dossier validé;Parcours terminé;211.28
4603;15/05/2026 16:21:20;;Dossier refusé;Saisie société;470.11
4604;15/05/2026 16:21:20;;Dossier refusé;Saisie société;894.62
4605;15/05/2026 16:19:08;Rayan MICHEL;Dossier validé;Parcours terminé;739.00
4606;15/05/2026 16:19:08;Rayan MICHEL;Dossier validé;Parcours terminé;760.03
4607;15/05/2026 16:15:25;;Souscription en cours;Choix de l'offre et livraison;427.08
4608;15/05/2026 16:15:25;;Souscription en cours;Choix de l'offre et livraison;801.51
4609;15/05/2026 16:10:20;;Dossier validé;Parcours terminé;871.35
4610;15/05/2026 16:10:20;;Dossier validé;Parcours terminé;945.21
4611;15/05/2026 16:01:38;;Dossier validé;Parcours terminé;792.95
4612;15/05/2026 16:01:38;;Dossier validé;Parcours terminé;419.88
4613;15/05/2026 15:55:26;;Dossier validé;Parcours terminé;253.50
4614;15/05/2026 15:55:26;;Dossier validé;Parcours terminé;286.24
4615;15/05/2026 15:48:43;;Dossier validé;Parcours terminé;169.55
4616;15/05/2026 15:48:43;;Dossier validé;Parcours terminé;153.53
4617;15/05/2026 15:42:36;;Dossier validé;Parcours terminé;616.94
4618;15/05/2026 15:42:36;;Dossier validé;Parcours terminé;814.10
4619;15/05/2026 15:37:47;;Souscription en cours;Vérification d'identité;132.19
4620;15/05/2026 15:37:47;;Souscription en cours;Vérification d'identité;734.13
4621;15/05/2026 15:35:13;;Dossier refusé;Saisie société;594.70
4622;15/05/2026 15:35:13;;Dossier refusé;Saisie société;286.37
4623;15/05/2026 15:33:29;;Souscription en cours;Signature Contrat;163.49
4624;15/05/2026 15:33:29;;Souscription en cours;Signature Contrat;105.37
4625;15/05/2026 15:29:59;;Souscription en cours;Choix de l'offre et livraison;624.07
4626;15/05/2026 15:29:59;;Souscription en cours;Choix de l'offre et livraison;520.38
4627;15/05/2026 15:24:38;;Dossier validé;Parcours terminé;198.03
4628;15/05/2026 15:24:38;;Dossier validé;Parcours terminé;846.19
4629;15/05/2026 15:23:39;;En attente d'analyse Agent - Dossier avec erreurs;Signature Contrat;679.49
4630;15/05/2026 15:23:39;;En attente d'analyse Agent - Dossier avec erreurs;Signature Contrat;717.15
4631;15/05/2026 15:13:08;Zoé MULLER;Dossier validé;Parcours terminé;302.09
4632;15/05/2026 15:13:08;Zoé MULLER;Dossier validé;Parcours terminé;913.26
4633;15/05/2026 15:12:03;;Souscription non démarrée;Parcours non démarré;398.15
4634;15/05/2026 15:12:03;;Souscription non démarrée;Parcours non démarré;318.22
4635;15/05/2026 15:11:20;;Souscription en cours;Coordonnées personnelles;530.38
4636;15/05/2026 15:11:20;;Souscription en cours;Coordonnées personnelles;873.67
4637;15/05/2026 15:10:38;;Souscription en cours;Informations complémentaires (CA, Profession, etc.);296.87
4638;15/05/2026 15:10:38;;Souscription en cours;Informations complémentaires (CA, Profession, etc.);816.74
4639;15/05/2026 15:06:32;;Dossier validé;Parcours terminé;262.33
4640;15/05/2026 15:06:32;;Dossier validé;Parcours terminé;522.54
4641;15/05/2026 15:04:22;;Souscription en cours;Coordonnées personnelles;147.14
4642;15/05/2026 15:04:22;;Souscription en cours;Coordonnées personnelles;455.35
4643;15/05/2026 15:04:00;;Dossier validé;Parcours terminé;212.90
4644;15/05/2026 15:04:00;;Dossier validé;Parcours terminé;138.16
4645;15/05/2026 15:02:56;;Souscription en cours;Choix de l'offre et livraison;232.44
4646;15/05/2026 15:02:56;;Souscription en cours;Choix de l'offre et livraison;630.13
4647;15/05/2026 15:02:05;;Dossier validé;Parcours terminé;245.02
4648;15/05/2026 15:02:05;;Dossier validé;Parcours terminé;180.21
4649;15/05/2026 15:00:11;;Dossier validé;Parcours terminé;902.22
4650;15/05/2026 15:00:11;;Dossier validé;Parcours terminé;662.15
4651;15/05/2026 14:59:38;;Souscription non démarrée;Parcours non démarré;989.87
4652;15/05/2026 14:59:38;;Souscription non démarrée;Parcours non démarré;312.50
4653;15/05/2026 14:46:52;;Souscription en cours;Choix de l'offre et livraison;148.01
4654;15/05/2026 14:46:52;;Souscription en cours;Choix de l'offre et livraison;848.21
4655;15/05/2026 14:43:11;;Dossier validé;Parcours terminé;925.45
4656;15/05/2026 14:43:11;;Dossier validé;Parcours terminé;859.22
4657;15/05/2026 14:42:37;;Souscription non démarrée;Parcours non démarré;217.51
4658;15/05/2026 14:42:37;;Souscription non démarrée;Parcours non démarré;592.98
4659;15/05/2026 14:39:53;;Souscription en cours;Synchronisation référentiel personne NOVA;233.99
4660;15/05/2026 14:39:53;;Souscription en cours;Synchronisation référentiel personne NOVA;633.93
4661;15/05/2026 14:39:11;;Dossier validé;Parcours terminé;201.22
4662;15/05/2026 14:39:11;;Dossier validé;Parcours terminé;400.42
4663;15/05/2026 14:32:46;;Souscription non démarrée;Parcours non démarré;168.79
4664;15/05/2026 14:32:46;;Souscription non démarrée;Parcours non démarré;694.78
4665;15/05/2026 14:32:23;;Dossier refusé;Saisie société;878.86
4666;15/05/2026 14:32:23;;Dossier refusé;Saisie société;755.77
4667;15/05/2026 14:30:51;;Souscription en cours;Choix de l'offre et livraison;404.68
4668;15/05/2026 14:30:51;;Souscription en cours;Choix de l'offre et livraison;295.06
4669;15/05/2026 14:27:52;;Dossier refusé;Saisie société;633.36
4670;15/05/2026 14:27:52;;Dossier refusé;Saisie société;396.21
4671;15/05/2026 14:26:55;;Dossier refusé;Saisie société;551.67
4672;15/05/2026 14:26:55;;Dossier refusé;Saisie société;290.31
4673;15/05/2026 14:26:10;;Souscription en cours;Signature Contrat;944.76
4674;15/05/2026 14:26:10;;Souscription en cours;Signature Contrat;598.03
4675;15/05/2026 14:18:00;;Dossier validé;Parcours terminé;503.25
4676;15/05/2026 14:18:00;;Dossier validé;Parcours terminé;300.78
4677;15/05/2026 14:17:21;;Dossier refusé;Saisie société;719.14
4678;15/05/2026 14:17:21;;Dossier refusé;Saisie société;881.63
4679;15/05/2026 14:16:24;;Dossier validé;Parcours terminé;861.22
4680;15/05/2026 14:16:24;;Dossier validé;Parcours terminé;672.60
4681;15/05/2026 14:02:08;;Souscription en cours;Informations complémentaires (CA, Profession, etc.);742.03
4682;15/05/2026 14:02:08;;Souscription en cours;Informations complémentaires (CA, Profession, etc.);571.11
4683;15/05/2026 13:52:35;;Dossier validé;Parcours terminé;251.49
4684;15/05/2026 13:52:35;;Dossier validé;Parcours terminé;327.74
4685;15/05/2026 13:47:38;;Souscription en cours;Choix de l'offre et livraison;819.92
4686;15/05/2026 13:47:38;;Souscription en cours;Choix de l'offre et livraison;928.33
4687;15/05/2026 13:41:37;;Dossier validé;Parcours terminé;623.52
4688;15/05/2026 13:41:37;;Dossier validé;Parcours terminé;459.70
4689;15/05/2026 13:25:49;;En attente d'analyse Agent - Dossier avec erreurs;Signature Contrat;845.96
4690;15/05/2026 13:25:49;;En attente d'analyse Agent - Dossier avec erreurs;Signature Contrat;183.40
4691;15/05/2026 13:22:58;;Dossier refusé;Parcours non démarré;688.14
4692;15/05/2026 13:22:58;;Dossier refusé;Parcours non démarré;262.41
4693;15/05/2026 13:09:24;;Dossier refusé;Saisie société;159.79
4694;15/05/2026 13:09:24;;Dossier refusé;Saisie société;822.50
4695;15/05/2026 12:59:26;;Souscription non démarrée;Parcours non démarré;257.75
4696;15/05/2026 12:59:26;;Souscription non démarrée;Parcours non démarré;162.04
4697;15/05/2026 12:54:18;;Dossier validé;Parcours terminé;958.17
4698;15/05/2026 12:54:18;;Dossier validé;Parcours terminé;928.63
4699;15/05/2026 12:52:26;Hugo MARTIN;Dossier validé;Parcours terminé;221.03
4700;15/05/2026 12:52:26;Hugo MARTIN;Dossier validé;Parcours terminé;617.06
4701;15/05/2026 12:41:17;;Souscription en cours;Vérification d'identité;533.11
4702;15/05/2026 12:41:17;;Souscription en cours;Vérification d'identité;511.70
4703;15/05/2026 12:37:08;;Souscription non démarrée;Parcours non démarré;264.98
4704;15/05/2026 12:37:08;;Souscription non démarrée;Parcours non démarré;185.91
4705;15/05/2026 12:35:40;;Souscription en cours;Coordonnées personnelles;370.17
4706;15/05/2026 12:35:40;;Souscription en cours;Coordonnées personnelles;256.04
4707;15/05/2026 12:35:02;;Dossier validé;Parcours terminé;582.96
4708;15/05/2026 12:35:02;;Dossier validé;Parcours terminé;204.22
4709;15/05/2026 12:29:33;;Dossier validé;Parcours terminé;193.53
4710;15/05/2026 12:29:33;;Dossier validé;Parcours terminé;967.06
4711;15/05/2026 12:27:41;;Dossier validé;Parcours terminé;415.28
4712;15/05/2026 12:27:41;;Dossier validé;Parcours terminé;321.34
4713;15/05/2026 12:22:40;;Souscription en cours;Coordonnées personnelles;125.11
4714;15/05/2026 12:22:40;;Souscription en cours;Coordonnées personnelles;616.60
4715;15/05/2026 12:22:27;;Dossier refusé;Parcours non démarré;306.95
4716;15/05/2026 12:22:27;;Dossier refusé;Parcours non démarré;348.78
4717;15/05/2026 12:21:43;;Souscription en cours;Bénéficiaire effectifs;838.92
4718;15/05/2026 12:21:43;;Souscription en cours;Bénéficiaire effectifs;279.58
4719;15/05/2026 12:14:48;;Souscription en cours;Vérification d'identité;940.43
4720;15/05/2026 12:14:48;;Souscription en cours;Vérification d'identité;847.32
4721;15/05/2026 12:10:40;;Souscription en cours;Choix de l'offre et livraison;543.70
4722;15/05/2026 12:10:40;;Souscription en cours;Choix de l'offre et livraison;425.13
4723;15/05/2026 11:56:31;;Souscription en cours;Signature Contrat;734.75
4724;15/05/2026 11:56:31;;Souscription en cours;Signature Contrat;176.57
4725;15/05/2026 11:55:27;;Dossier refusé;Signature Contrat;940.50
4726;15/05/2026 11:55:27;;Dossier refusé;Signature Contrat;339.81
4727;15/05/2026 11:46:38;;Souscription en cours;Choix de l'offre et livraison;560.36
4728;15/05/2026 11:46:38;;Souscription en cours;Choix de l'offre et livraison;171.95
4729;15/05/2026 11:43:49;;Dossier validé;Parcours terminé;919.94
4730;15/05/2026 11:43:49;;Dossier validé;Parcours terminé;536.18
4731;15/05/2026 11:39:48;;Dossier validé;Parcours terminé;801.64
4732;15/05/2026 11:39:48;;Dossier validé;Parcours terminé;603.88
4733;15/05/2026 11:32:05;Hugo MARTIN;Dossier validé;Parcours terminé;831.57
4734;15/05/2026 11:32:05;Hugo MARTIN;Dossier validé;Parcours terminé;870.92
4735;15/05/2026 11:31:53;;Souscription non démarrée;Parcours non démarré;307.25
4736;15/05/2026 11:31:53;;Souscription non démarrée;Parcours non démarré;214.73
4737;15/05/2026 11:24:54;;Souscription en cours;Vérification d'identité;492.56
4738;15/05/2026 11:24:54;;Souscription en cours;Vérification d'identité;849.17
4739;15/05/2026 11:24:45;;Dossier validé;Parcours terminé;644.62
4740;15/05/2026 11:24:45;;Dossier validé;Parcours terminé;202.66
4741;15/05/2026 11:21:13;;Souscription en cours;Coordonnées personnelles;376.08
4742;15/05/2026 11:21:13;;Souscription en cours;Coordonnées personnelles;421.62
4743;15/05/2026 11:19:32;;Souscription non démarrée;Parcours non démarré;788.97
4744;15/05/2026 11:19:32;;Souscription non démarrée;Parcours non démarré;399.79
4745;15/05/2026 11:16:21;;Souscription en cours;Choix de l'offre et livraison;329.24
4746;15/05/2026 11:16:21;;Souscription en cours;Choix de l'offre et livraison;718.52
4747;15/05/2026 11:11:08;;Souscription en cours;Choix de l'offre et livraison;684.16
4748;15/05/2026 11:11:08;;Souscription en cours;Choix de l'offre et livraison;883.53
4749;15/05/2026 11:01:40;;Souscription en cours;Coordonnées personnelles;855.95
4750;15/05/2026 11:01:40;;Souscription en cours;Coordonnées personnelles;405.50
4751;15/05/2026 10:59:45;;Dossier validé;Parcours terminé;477.57
4752;15/05/2026 10:59:45;;Dossier validé;Parcours terminé;906.08
4753;15/05/2026 10:48:58;;Dossier validé;Parcours terminé;286.88
4754;15/05/2026 10:48:58;;Dossier validé;Parcours terminé;556.04
4755;15/05/2026 10:48:02;;Souscription non démarrée;Parcours non démarré;483.17
4756;15/05/2026 10:48:02;;Souscription non démarrée;Parcours non démarré;307.89
4757;15/05/2026 10:44:09;;Souscription en cours;Coordonnées personnelles;537.59
4758;15/05/2026 10:44:09;;Souscription en cours;Coordonnées personnelles;868.40
4759;15/05/2026 10:38:49;;Souscription en cours;Choix de l'offre et livraison;900.00
4760;15/05/2026 10:38:49;;Souscription en cours;Choix de l'offre et livraison;217.83
4761;15/05/2026 10:36:56;;Dossier refusé;Choix de l'offre et livraison;199.02
4762;15/05/2026 10:36:56;;Dossier refusé;Choix de l'offre et livraison;930.85
4763;15/05/2026 10:34:26;;Souscription en cours;Vérification d'identité;615.57
4764;15/05/2026 10:34:26;;Souscription en cours;Vérification d'identité;601.84
4765;15/05/2026 10:33:55;;Dossier validé;Parcours terminé;838.32
4766;15/05/2026 10:33:55;;Dossier validé;Parcours terminé;292.16
4767;15/05/2026 10:28:37;;Dossier validé;Parcours terminé;854.66
4768;15/05/2026 10:28:37;;Dossier validé;Parcours terminé;141.70
4769;15/05/2026 10:18:56;;En attente d'analyse Agent - Dossier avec erreurs;Signature Contrat;228.48
4770;15/05/2026 10:18:56;;En attente d'analyse Agent - Dossier avec erreurs;Signature Contrat;475.73
4771;15/05/2026 10:07:13;;Souscription en cours;Signature Contrat;410.78
4772;15/05/2026 10:07:13;;Souscription en cours;Signature Contrat;244.25
4773;15/05/2026 10:04:50;;Dossier refusé;Saisie société;318.81
4774;15/05/2026 10:04:50;;Dossier refusé;Saisie société;190.42
4775;15/05/2026 10:01:25;;Dossier validé;Parcours terminé;533.66
4776;15/05/2026 10:01:25;;Dossier validé;Parcours terminé;174.98
4777;15/05/2026 10:01:07;;Dossier validé;Parcours terminé;932.06
4778;15/05/2026 10:01:07;;Dossier validé;Parcours terminé;487.72
4779;15/05/2026 09:59:40;;Dossier validé;Parcours terminé;574.67
4780;15/05/2026 09:59:40;;Dossier validé;Parcours terminé;422.90
4781;15/05/2026 09:57:32;;Dossier refusé;Saisie société;482.54
4782;15/05/2026 09:57:32;;Dossier refusé;Saisie société;232.53
4783;15/05/2026 09:56:49;;Souscription en cours;Choix de l'offre et livraison;330.70
4784;15/05/2026 09:56:49;;Souscription en cours;Choix de l'offre et livraison;276.69
4785;15/05/2026 09:54:04;;Dossier refusé;Signature Contrat;758.26
4786;15/05/2026 09:54:04;;Dossier refusé;Signature Contrat;397.23
4787;15/05/2026 09:50:48;Manon LEFEBVRE;Dossier validé;Parcours terminé;767.21
4788;15/05/2026 09:50:48;Manon LEFEBVRE;Dossier validé;Parcours terminé;752.26
4789;15/05/2026 09:39:34;;Souscription en cours;Choix de l'offre et livraison;176.94
4790;15/05/2026 09:39:34;;Souscription en cours;Choix de l'offre et livraison;722.41
4791;15/05/2026 09:10:59;;Dossier refusé;Signature Contrat;389.90
4792;15/05/2026 09:10:59;;Dossier refusé;Signature Contrat;596.45
4793;15/05/2026 08:33:38;;Souscription en cours;Vérification d'identité;761.68
4794;15/05/2026 08:33:38;;Souscription en cours;Vérification d'identité;907.67
4795;15/05/2026 07:31:28;;Dossier refusé;Choix de l'offre et livraison;897.15
4796;15/05/2026 07:31:28;;Dossier refusé;Choix de l'offre et livraison;195.08
4797;15/05/2026 07:22:27;Manon LEFEBVRE;Dossier validé;Parcours terminé;779.87
4798;15/05/2026 07:22:27;Manon LEFEBVRE;Dossier validé;Parcours terminé;759.35
4799;15/05/2026 07:12:38;;Dossier validé;Parcours terminé;209.43
4800;15/05/2026 07:12:38;;Dossier validé;Parcours terminé;782.25
4801;15/05/2026 06:27:36;;Dossier validé;Parcours terminé;677.91
4802;15/05/2026 06:27:36;;Dossier validé;Parcours terminé;980.94
4803;15/05/2026 06:14:16;;Dossier validé;Parcours terminé;863.07
4804;15/05/2026 06:14:16;;Dossier validé;Parcours terminé;462.19
4805;15/05/2026 06:05:48;;Souscription en cours;Coordonnées personnelles;182.43
4806;15/05/2026 06:05:48;;Souscription en cours;Coordonnées personnelles;670.40
4807;15/05/2026 05:52:49;;Souscription en cours;Signature Contrat;399.88
4808;15/05/2026 05:52:49;;Souscription en cours;Signature Contrat;673.95
4809;15/05/2026 04:57:10;;Dossier validé;Parcours terminé;983.10
4810;15/05/2026 04:57:10;;Dossier validé;Parcours terminé;370.05
4811;15/05/2026 01:49:47;;Dossier validé;Parcours terminé;985.12
4812;15/05/2026 01:49:47;;Dossier validé;Parcours terminé;166.41
4813;15/05/2026 01:23:52;;Dossier validé;Parcours terminé;238.37
4814;15/05/2026 01:23:52;;Dossier validé;Parcours terminé;191.92
4815;15/05/2026 01:02:20;;Dossier validé;Parcours terminé;771.37
4816;15/05/2026 01:02:20;;Dossier validé;Parcours terminé;214.35
4817;15/05/2026 00:56:10;;Dossier validé;Parcours terminé;588.06
4818;15/05/2026 00:56:10;;Dossier validé;Parcours terminé;959.74
4819;15/05/2026 00:47:51;;Dossier validé;Parcours terminé;705.57
4820;15/05/2026 00:47:51;;Dossier validé;Parcours terminé;778.67
4821;15/05/2026 00:42:12;;Dossier refusé;Saisie société;235.63
4822;15/05/2026 00:42:12;;Dossier refusé;Saisie société;807.09
4823;15/05/2026 00:38:05;;Dossier validé;Parcours terminé;537.87
4824;15/05/2026 00:38:05;;Dossier validé;Parcours terminé;790.34
4825;14/05/2026 23:57:25;;Dossier validé;Parcours terminé;225.66
4826;14/05/2026 23:57:25;;Dossier validé;Parcours terminé;640.74
4827;14/05/2026 23:53:05;;Souscription non démarrée;Parcours non démarré;289.03
4828;14/05/2026 23:53:05;;Souscription non démarrée;Parcours non démarré;420.34
4829;14/05/2026 23:43:08;;Dossier validé;Parcours terminé;189.45
4830;14/05/2026 23:43:08;;Dossier validé;Parcours terminé;293.23
4831;14/05/2026 23:42:55;;Souscription en cours;Signature Contrat;184.07
4832;14/05/2026 23:42:55;;Souscription en cours;Signature Contrat;214.49
4833;14/05/2026 23:19:58;;Souscription non démarrée;Parcours non démarré;722.14
4834;14/05/2026 23:19:58;;Souscription non démarrée;Parcours non démarré;498.83
4835;14/05/2026 23:10:07;;Souscription en cours;Choix de l'offre et livraison;138.85
4836;14/05/2026 23:10:07;;Souscription en cours;Choix de l'offre et livraison;277.33
4837;14/05/2026 23:01:52;;Dossier validé;Parcours terminé;509.56
4838;14/05/2026 23:01:52;;Dossier validé;Parcours terminé;259.17
4839;14/05/2026 22:54:28;;Dossier refusé;Saisie société;152.25
4840;14/05/2026 22:54:28;;Dossier refusé;Saisie société;183.19
4841;14/05/2026 22:47:06;;Souscription en cours;Informations complémentaires (CA, Profession, etc.);538.47
4842;14/05/2026 22:47:06;;Souscription en cours;Informations complémentaires (CA, Profession, etc.);932.71
4843;14/05/2026 22:46:26;;Souscription en cours;Coordonnées personnelles;174.35
4844;14/05/2026 22:46:26;;Souscription en cours;Coordonnées personnelles;795.28
4845;14/05/2026 22:39:47;;Souscription non démarrée;Parcours non démarré;953.06
4846;14/05/2026 22:39:47;;Souscription non démarrée;Parcours non démarré;548.61
4847;14/05/2026 22:25:34;;Souscription en cours;Coordonnées personnelles;956.58
4848;14/05/2026 22:25:34;;Souscription en cours;Coordonnées personnelles;560.62
4849;14/05/2026 22:14:11;;Souscription en cours;Choix de l'offre et livraison;189.64
4850;14/05/2026 22:14:11;;Souscription en cours;Choix de l'offre et livraison;129.36
4851;14/05/2026 22:10:03;;En attente d'analyse Agent - Dossier avec erreurs;Signature Contrat;271.90
4852;14/05/2026 22:10:03;;En attente d'analyse Agent - Dossier avec erreurs;Signature Contrat;205.42
4853;14/05/2026 22:07:40;;Souscription en cours;Informations complémentaires (CA, Profession, etc.);925.84
4854;14/05/2026 22:07:40;;Souscription en cours;Informations complémentaires (CA, Profession, etc.);231.06
4855;14/05/2026 22:05:10;;Souscription en cours;Choix de l'offre et livraison;713.02
4856;14/05/2026 22:05:10;;Souscription en cours;Choix de l'offre et livraison;472.49
4857;14/05/2026 22:00:34;;Souscription en cours;Coordonnées personnelles;944.82
4858;14/05/2026 22:00:34;;Souscription en cours;Coordonnées personnelles;316.05
4859;14/05/2026 21:46:58;;Souscription non démarrée;Parcours non démarré;969.77
4860;14/05/2026 21:46:58;;Souscription non démarrée;Parcours non démarré;309.72
4861;14/05/2026 21:38:35;;Souscription en cours;Vérification d'identité;703.25
4862;14/05/2026 21:38:35;;Souscription en cours;Vérification d'identité;407.30
4863;14/05/2026 21:33:17;;Souscription en cours;Signature Contrat;652.05
4864;14/05/2026 21:33:17;;Souscription en cours;Signature Contrat;235.57
4865;14/05/2026 21:21:59;;Souscription en cours;Coordonnées personnelles;109.87
4866;14/05/2026 21:21:59;;Souscription en cours;Coordonnées personnelles;731.32
4867;14/05/2026 21:14:15;;Dossier validé;Parcours terminé;679.95
4868;14/05/2026 21:14:15;;Dossier validé;Parcours terminé;784.55
4869;14/05/2026 20:53:50;;Dossier validé;Parcours terminé;232.03
4870;14/05/2026 20:53:50;;Dossier validé;Parcours terminé;290.08
4871;14/05/2026 20:26:06;;Dossier refusé;Signature Contrat;366.56
4872;14/05/2026 20:26:06;;Dossier refusé;Signature Contrat;356.60
4873;14/05/2026 20:25:00;;Dossier validé;Parcours terminé;767.59
4874;14/05/2026 20:25:00;;Dossier validé;Parcours terminé;671.67
4875;14/05/2026 19:55:14;;Souscription en cours;Coordonnées personnelles;349.24
4876;14/05/2026 19:55:14;;Souscription en cours;Coordonnées personnelles;158.05
4877;14/05/2026 19:49:17;;Dossier refusé;Signature Contrat;813.25
4878;14/05/2026 19:49:17;;Dossier refusé;Signature Contrat;556.68
4879;14/05/2026 19:37:18;;Dossier validé;Parcours terminé;489.17
4880;14/05/2026 19:37:18;;Dossier validé;Parcours terminé;214.13
4881;14/05/2026 19:17:27;;Dossier validé;Parcours terminé;898.92
4882;14/05/2026 19:17:27;;Dossier validé;Parcours terminé;536.54
4883;14/05/2026 19:15:00;;Souscription en cours;Vérification d'identité;219.90
4884;14/05/2026 19:15:00;;Souscription en cours;Vérification d'identité;177.28
4885;14/05/2026 19:07:44;Rayan MICHEL;Dossier refusé;Signature Contrat;796.41
4886;14/05/2026 19:07:44;Rayan MICHEL;Dossier refusé;Signature Contrat;697.39
4887;14/05/2026 18:57:11;;Dossier refusé;Saisie société;446.79
4888;14/05/2026 18:57:11;;Dossier refusé;Saisie société;804.63
4889;14/05/2026 18:49:40;;Souscription en cours;Signature Contrat;421.66
4890;14/05/2026 18:49:40;;Souscription en cours;Signature Contrat;436.65
4891;14/05/2026 18:49:09;;Dossier validé;Parcours terminé;903.53
4892;14/05/2026 18:49:09;;Dossier validé;Parcours terminé;621.16
4893;14/05/2026 18:45:11;;Dossier validé;Parcours terminé;605.43
4894;14/05/2026 18:45:11;;Dossier validé;Parcours terminé;499.42
4895;14/05/2026 18:43:52;;Dossier validé;Parcours terminé;155.96
4896;14/05/2026 18:43:52;;Dossier validé;Parcours terminé;321.52
4897;14/05/2026 18:43:04;;Dossier validé;Parcours terminé;536.21
4898;14/05/2026 18:43:04;;Dossier validé;Parcours terminé;158.46
4899;14/05/2026 18:28:04;;Souscription en cours;Vérification d'identité;273.12
4900;14/05/2026 18:28:04;;Souscription en cours;Vérification d'identité;254.11
4901;14/05/2026 18:25:11;;Dossier validé;Parcours terminé;486.17
4902;14/05/2026 18:25:11;;Dossier validé;Parcours terminé;349.68
4903;14/05/2026 18:11:26;;Souscription en cours;Signature Contrat;793.64
4904;14/05/2026 18:11:26;;Souscription en cours;Signature Contrat;820.72
4905;14/05/2026 18:05:31;;Souscription en cours;Choix de l'offre et livraison;480.38
4906;14/05/2026 18:05:31;;Souscription en cours;Choix de l'offre et livraison;813.74
4907;14/05/2026 17:27:49;;Dossier validé;Parcours terminé;643.84
4908;14/05/2026 17:27:49;;Dossier validé;Parcours terminé;657.42
4909;14/05/2026 17:24:40;;Souscription en cours;Informations complémentaires (CA, Profession, etc.);829.11
4910;14/05/2026 17:24:40;;Souscription en cours;Informations complémentaires (CA, Profession, etc.);737.65
4911;14/05/2026 17:23:07;Hugo MARTIN;Dossier validé;Parcours terminé;456.86
4912;14/05/2026 17:23:07;Hugo MARTIN;Dossier validé;Parcours terminé;555.17
4913;14/05/2026 17:20:48;;Souscription non démarrée;Parcours non démarré;633.93
4914;14/05/2026 17:20:48;;Souscription non démarrée;Parcours non démarré;423.53
4915;14/05/2026 17:00:22;;Souscription en cours;Bénéficiaire effectifs;460.55
4916;14/05/2026 17:00:22;;Souscription en cours;Bénéficiaire effectifs;159.58
4917;14/05/2026 16:54:50;;Souscription non démarrée;Parcours non démarré;626.19
4918;14/05/2026 16:54:50;;Souscription non démarrée;Parcours non démarré;313.30
4919;14/05/2026 16:48:28;;Souscription en cours;Signature Contrat;394.67
4920;14/05/2026 16:48:28;;Souscription en cours;Signature Contrat;450.16
4921;14/05/2026 16:44:05;;Dossier refusé;Signature Contrat;325.86
4922;14/05/2026 16:44:05;;Dossier refusé;Signature Contrat;429.70
4923;14/05/2026 16:37:26;;Souscription en cours;Choix de l'offre et livraison;455.13
4924;14/05/2026 16:37:26;;Souscription en cours;Choix de l'offre et livraison;526.83
4925;14/05/2026 16:27:39;;Souscription en cours;Synchronisation référentiel personne NOVA;953.82
4926;14/05/2026 16:27:39;;Souscription en cours;Synchronisation référentiel personne NOVA;520.40
4927;14/05/2026 16:21:00;;Souscription en cours;Signature Contrat;850.96
4928;14/05/2026 16:21:00;;Souscription en cours;Signature Contrat;224.71
4929;14/05/2026 16:14:38;;Dossier validé;Parcours terminé;611.35
4930;14/05/2026 16:14:38;;Dossier validé;Parcours terminé;385.19
4931;14/05/2026 16:08:17;;Dossier validé;Parcours terminé;332.99
4932;14/05/2026 16:08:17;;Dossier validé;Parcours terminé;526.46
4933;14/05/2026 16:03:06;;Dossier refusé;Signature Contrat;232.67
4934;14/05/2026 16:03:06;;Dossier refusé;Signature Contrat;215.80
4935;14/05/2026 15:59:06;;Souscription en cours;Coordonnées personnelles;646.03
4936;14/05/2026 15:59:06;;Souscription en cours;Coordonnées personnelles;375.32
4937;14/05/2026 15:57:26;;Souscription en cours;Informations complémentaires (CA, Profession, etc.);570.48
4938;14/05/2026 15:57:26;;Souscription en cours;Informations complémentaires (CA, Profession, etc.);345.81
4939;14/05/2026 15:56:25;;Souscription non démarrée;Parcours non démarré;721.27
4940;14/05/2026 15:56:25;;Souscription non démarrée;Parcours non démarré;307.73
4941;14/05/2026 15:56:12;;Souscription en cours;Coordonnées personnelles;776.97
4942;14/05/2026 15:56:12;;Souscription en cours;Coordonnées personnelles;971.82
4943;14/05/2026 15:45:21;;Dossier validé;Parcours terminé;408.39
4944;14/05/2026 15:45:21;;Dossier validé;Parcours terminé;969.18
4945;14/05/2026 15:42:11;;Souscription non démarrée;Parcours non démarré;430.19
4946;14/05/2026 15:42:11;;Souscription non démarrée;Parcours non démarré;766.96
4947;14/05/2026 15:37:07;;Souscription en cours;Coordonnées personnelles;366.93
4948;14/05/2026 15:37:07;;Souscription en cours;Coordonnées personnelles;450.63
4949;14/05/2026 15:36:03;;Dossier validé;Parcours terminé;229.34
4950;14/05/2026 15:36:03;;Dossier validé;Parcours terminé;796.37
4951;14/05/2026 15:35:33;;Souscription en cours;Coordonnées personnelles;889.38
4952;14/05/2026 15:35:33;;Souscription en cours;Coordonnées personnelles;673.12
4953;14/05/2026 15:34:18;;Souscription en cours;Coordonnées personnelles;309.31
4954;14/05/2026 15:34:18;;Souscription en cours;Coordonnées personnelles;189.09
4955;14/05/2026 15:33:06;;Dossier validé;Parcours terminé;300.98
4956;14/05/2026 15:33:06;;Dossier validé;Parcours terminé;299.67
4957;14/05/2026 15:32:20;;Dossier refusé;Saisie société;865.08
4958;14/05/2026 15:32:20;;Dossier refusé;Saisie société;301.45
4959;14/05/2026 15:31:23;;Souscription en cours;Signature Contrat;983.91
4960;14/05/2026 15:31:23;;Souscription en cours;Signature Contrat;412.02
4961;14/05/2026 15:30:08;;Dossier validé;Parcours terminé;104.41
4962;14/05/2026 15:30:08;;Dossier validé;Parcours terminé;386.02
4963;14/05/2026 15:23:30;;Souscription non démarrée;Parcours non démarré;981.69
4964;14/05/2026 15:23:30;;Souscription non démarrée;Parcours non démarré;255.91
4965;14/05/2026 15:16:16;;Dossier validé;Parcours terminé;199.85
4966;14/05/2026 15:16:16;;Dossier validé;Parcours terminé;914.20
4967;14/05/2026 15:14:54;;Souscription en cours;Informations complémentaires (Etablissements, etc.);832.74
4968;14/05/2026 15:14:54;;Souscription en cours;Informations complémentaires (Etablissements, etc.);939.43
4969;14/05/2026 15:13:01;;Souscription en cours;Coordonnées personnelles;941.67
4970;14/05/2026 15:13:01;;Souscription en cours;Coordonnées personnelles;596.30
4971;14/05/2026 15:08:12;;Souscription en cours;Choix de l'offre et livraison;166.19
4972;14/05/2026 15:08:12;;Souscription en cours;Choix de l'offre et livraison;617.44
4973;14/05/2026 15:06:15;;Dossier refusé;Saisie société;388.47
4974;14/05/2026 15:06:15;;Dossier refusé;Saisie société;314.34
4975;14/05/2026 15:04:30;;Dossier refusé;Saisie société;882.34
4976;14/05/2026 15:04:30;;Dossier refusé;Saisie société;203.23
4977;14/05/2026 15:03:52;;Dossier refusé;Saisie société;704.52
4978;14/05/2026 15:03:52;;Dossier refusé;Saisie société;681.57
4979;14/05/2026 15:02:03;;Dossier validé;Parcours terminé;658.13
4980;14/05/2026 15:02:03;;Dossier validé;Parcours terminé;555.30
4981;14/05/2026 15:00:32;;Dossier validé;Parcours terminé;967.45
4982;14/05/2026 15:00:32;;Dossier validé;Parcours terminé;132.05
4983;14/05/2026 14:53:47;;En attente d'analyse Agent - Dossier avec erreurs;Signature Contrat;417.14
4984;14/05/2026 14:53:47;;En attente d'analyse Agent - Dossier avec erreurs;Signature Contrat;594.76
4985;14/05/2026 14:52:34;;Souscription en cours;Coordonnées personnelles;789.64
4986;14/05/2026 14:52:34;;Souscription en cours;Coordonnées personnelles;161.31
4987;14/05/2026 14:41:40;;Dossier refusé;Signature Contrat;192.88
4988;14/05/2026 14:41:40;;Dossier refusé;Signature Contrat;263.50
4989;14/05/2026 14:39:54;;Souscription en cours;Vérification d'identité;395.98
4990;14/05/2026 14:39:54;;Souscription en cours;Vérification d'identité;734.92
4991;14/05/2026 14:39:19;;Dossier validé;Parcours terminé;919.34
4992;14/05/2026 14:39:19;;Dossier validé;Parcours terminé;953.10
4993;14/05/2026 14:39:03;Hugo MARTIN;Dossier validé;Parcours terminé;482.26
4994;14/05/2026 14:39:03;Hugo MARTIN;Dossier validé;Parcours terminé;650.45
4995;14/05/2026 14:37:14;;Souscription en cours;Informations complémentaires (CA, Profession, etc.);557.39
4996;14/05/2026 14:37:14;;Souscription en cours;Informations complémentaires (CA, Profession, etc.);598.47
4997;14/05/2026 14:36:41;;Dossier validé;Parcours terminé;850.36
4998;14/05/2026 14:36:41;;Dossier validé;Parcours terminé;228.83
4999;14/05/2026 14:34:06;;En attente d'analyse Agent - Dossier avec erreurs;Signature Contrat;600.18
5000;14/05/2026 14:34:06;;En attente d'analyse Agent - Dossier avec erreurs;Signature Contrat;751.49
5001;14/05/2026 14:33:57;;Dossier validé;Parcours terminé;941.36
5002;14/05/2026 14:33:57;;Dossier validé;Parcours terminé;389.58
5003;14/05/2026 14:32:34;;Souscription en cours;Coordonnées personnelles;461.13
5004;14/05/2026 14:32:34;;Souscription en cours;Coordonnées personnelles;510.32
5005;14/05/2026 14:31:21;;Souscription en cours;Informations complémentaires (CA, Profession, etc.);139.66
5006;14/05/2026 14:31:21;;Souscription en cours;Informations complémentaires (CA, Profession, etc.);962.12
5007;14/05/2026 14:26:08;;Dossier validé;Parcours terminé;988.96
5008;14/05/2026 14:26:08;;Dossier validé;Parcours terminé;386.34
5009;14/05/2026 14:23:00;;Dossier refusé;Coordonnées personnelles;340.42
5010;14/05/2026 14:23:00;;Dossier refusé;Coordonnées personnelles;301.78
5011;14/05/2026 14:22:46;;Souscription en cours;Coordonnées personnelles;603.87
5012;14/05/2026 14:22:46;;Souscription en cours;Coordonnées personnelles;381.34
5013;14/05/2026 14:02:20;Z5681453;Dossier validé;Parcours terminé;768.78
5014;14/05/2026 14:02:20;Z5681453;Dossier validé;Parcours terminé;772.76
5015;14/05/2026 13:54:54;;Dossier validé;Parcours terminé;455.42
5016;14/05/2026 13:54:54;;Dossier validé;Parcours terminé;625.22
5017;14/05/2026 13:35:27;;Dossier validé;Parcours terminé;225.76
5018;14/05/2026 13:35:27;;Dossier validé;Parcours terminé;696.80
5019;14/05/2026 13:33:09;;Dossier refusé;Saisie société;948.96
5020;14/05/2026 13:33:09;;Dossier refusé;Saisie société;828.86
5021;14/05/2026 13:32:54;;Souscription en cours;Vérification d'identité;822.56
5022;14/05/2026 13:32:54;;Souscription en cours;Vérification d'identité;760.25
5023;14/05/2026 13:30:16;;Souscription en cours;Choix de l'offre et livraison;556.73
5024;14/05/2026 13:30:16;;Souscription en cours;Choix de l'offre et livraison;915.54
5025;14/05/2026 13:28:27;;Souscription non démarrée;Parcours non démarré;527.86
5026;14/05/2026 13:28:27;;Souscription non démarrée;Parcours non démarré;590.63
5027;14/05/2026 13:21:30;;Dossier validé;Parcours terminé;820.38
5028;14/05/2026 13:21:30;;Dossier validé;Parcours terminé;668.55
5029;14/05/2026 13:19:58;;Souscription non démarrée;Parcours non démarré;835.51
5030;14/05/2026 13:19:58;;Souscription non démarrée;Parcours non démarré;523.43
5031;14/05/2026 13:17:44;Z5681453;Dossier refusé;Saisie société;757.42
5032;14/05/2026 13:17:44;Z5681453;Dossier refusé;Saisie société;581.49
5033;14/05/2026 13:11:19;;Souscription en cours;Choix de l'offre et livraison;370.13
5034;14/05/2026 13:11:19;;Souscription en cours;Choix de l'offre et livraison;269.06
5035;14/05/2026 13:10:11;;Souscription en cours;Coordonnées personnelles;255.07
5036;14/05/2026 13:10:11;;Souscription en cours;Coordonnées personnelles;216.31
5037;14/05/2026 13:02:25;;Dossier refusé;Signature Contrat;729.60
5038;14/05/2026 13:02:25;;Dossier refusé;Signature Contrat;337.84
5039;14/05/2026 12:55:24;;Souscription en cours;Coordonnées personnelles;692.01
5040;14/05/2026 12:55:24;;Souscription en cours;Coordonnées personnelles;817.50
5041;14/05/2026 12:52:10;;Dossier refusé;Choix de l'offre et livraison;202.58
5042;14/05/2026 12:52:10;;Dossier refusé;Choix de l'offre et livraison;834.00
5043;14/05/2026 12:49:16;;Souscription en cours;Synchronisation référentiel personne NOVA;736.90
5044;14/05/2026 12:49:16;;Souscription en cours;Synchronisation référentiel personne NOVA;853.90
5045;14/05/2026 12:39:58;;Dossier validé;Parcours terminé;810.13
5046;14/05/2026 12:39:58;;Dossier validé;Parcours terminé;169.35
5047;14/05/2026 12:36:15;;Dossier validé;Parcours terminé;130.22
5048;14/05/2026 12:36:15;;Dossier validé;Parcours terminé;719.42
5049;14/05/2026 12:34:23;;Dossier validé;Parcours terminé;557.99
5050;14/05/2026 12:34:23;;Dossier validé;Parcours terminé;671.52
5051;14/05/2026 12:02:21;;Dossier validé;Parcours terminé;705.36
5052;14/05/2026 12:02:21;;Dossier validé;Parcours terminé;891.26
5053;14/05/2026 11:54:36;;Dossier validé;Parcours terminé;418.63
5054;14/05/2026 11:54:36;;Dossier validé;Parcours terminé;484.24
5055;14/05/2026 11:53:26;;Souscription en cours;Vérification d'identité;883.22
5056;14/05/2026 11:53:26;;Souscription en cours;Vérification d'identité;503.36
5057;14/05/2026 11:52:37;;Dossier validé;Parcours terminé;880.07
5058;14/05/2026 11:52:37;;Dossier validé;Parcours terminé;506.75
5059;14/05/2026 11:48:31;;Dossier validé;Parcours terminé;532.73
5060;14/05/2026 11:48:31;;Dossier validé;Parcours terminé;723.32
5061;14/05/2026 11:44:59;;Dossier refusé;Saisie société;497.83
5062;14/05/2026 11:44:59;;Dossier refusé;Saisie société;953.29
5063;14/05/2026 11:44:37;;Souscription en cours;Coordonnées personnelles;151.67
5064;14/05/2026 11:44:37;;Souscription en cours;Coordonnées personnelles;283.89
5065;14/05/2026 11:44:25;;Dossier validé;Parcours terminé;494.99
5066;14/05/2026 11:44:25;;Dossier validé;Parcours terminé;840.63
5067;14/05/2026 11:38:29;;Dossier validé;Parcours terminé;414.72
5068;14/05/2026 11:38:29;;Dossier validé;Parcours terminé;352.22
5069;14/05/2026 11:35:23;;Souscription en cours;Informations complémentaires (Etablissements, etc.);412.57
5070;14/05/2026 11:35:23;;Souscription en cours;Informations complémentaires (Etablissements, etc.);996.07
5071;14/05/2026 11:32:49;;Dossier refusé;Signature Contrat;573.69
5072;14/05/2026 11:32:49;;Dossier refusé;Signature Contrat;693.13
5073;14/05/2026 11:17:47;;Dossier validé;Parcours terminé;918.07
5074;14/05/2026 11:17:47;;Dossier validé;Parcours terminé;888.27
5075;14/05/2026 11:16:06;;Souscription en cours;Informations complémentaires (Etablissements, etc.);944.03
5076;14/05/2026 11:16:06;;Souscription en cours;Informations complémentaires (Etablissements, etc.);989.88
5077;14/05/2026 11:15:20;;Souscription en cours;Coordonnées personnelles;830.84
5078;14/05/2026 11:15:20;;Souscription en cours;Coordonnées personnelles;155.81
5079;14/05/2026 11:13:39;;Dossier validé;Parcours terminé;315.60
5080;14/05/2026 11:13:39;;Dossier validé;Parcours terminé;762.89
5081;14/05/2026 11:12:18;;Dossier validé;Parcours terminé;959.90
5082;14/05/2026 11:12:18;;Dossier validé;Parcours terminé;203.52
5083;14/05/2026 11:06:03;;Dossier refusé;Saisie société;667.45
5084;14/05/2026 11:06:03;;Dossier refusé;Saisie société;696.21
5085;14/05/2026 11:02:42;;Dossier validé;Parcours terminé;800.59
5086;14/05/2026 11:02:42;;Dossier validé;Parcours terminé;390.03
5087;14/05/2026 10:59:10;;Dossier refusé;Choix de l'offre et livraison;371.78
5088;14/05/2026 10:59:10;;Dossier refusé;Choix de l'offre et livraison;633.83
5089;14/05/2026 10:56:28;;Dossier validé;Parcours terminé;550.82
5090;14/05/2026 10:56:28;;Dossier validé;Parcours terminé;919.03
5091;14/05/2026 10:56:27;;Souscription en cours;Synchronisation référentiel personne NOVA;240.11
5092;14/05/2026 10:56:27;;Souscription en cours;Synchronisation référentiel personne NOVA;776.46
5093;14/05/2026 10:55:07;Hugo MARTIN;Dossier validé;Parcours terminé;216.42
5094;14/05/2026 10:55:07;Hugo MARTIN;Dossier validé;Parcours terminé;830.42
5095;14/05/2026 10:49:53;;Souscription en cours;Coordonnées personnelles;615.19
5096;14/05/2026 10:49:53;;Souscription en cours;Coordonnées personnelles;247.64
5097;14/05/2026 10:42:00;;Dossier validé;Parcours terminé;114.79
5098;14/05/2026 10:42:00;;Dossier validé;Parcours terminé;226.66
5099;14/05/2026 10:36:50;;Dossier refusé;Saisie société;706.96
5100;14/05/2026 10:36:50;;Dossier refusé;Saisie société;907.18
5101;14/05/2026 10:36:02;;Souscription en cours;Signature Contrat;288.52
5102;14/05/2026 10:36:02;;Souscription en cours;Signature Contrat;893.66
5103;14/05/2026 10:35:24;;Souscription en cours;Coordonnées personnelles;925.66
5104;14/05/2026 10:35:24;;Souscription en cours;Coordonnées personnelles;761.79
5105;14/05/2026 10:25:57;;Souscription en cours;Signature Contrat;416.54
5106;14/05/2026 10:25:57;;Souscription en cours;Signature Contrat;710.73
5107;14/05/2026 10:12:52;;Dossier refusé;Saisie société;514.91
5108;14/05/2026 10:12:52;;Dossier refusé;Saisie société;255.10
5109;14/05/2026 10:10:22;;Dossier validé;Parcours terminé;922.65
5110;14/05/2026 10:10:22;;Dossier validé;Parcours terminé;425.58
5111;14/05/2026 10:08:33;;Souscription en cours;Signature Contrat;941.45
5112;14/05/2026 10:08:33;;Souscription en cours;Signature Contrat;267.69
5113;14/05/2026 10:05:25;;Souscription non démarrée;Parcours non démarré;964.52
5114;14/05/2026 10:05:25;;Souscription non démarrée;Parcours non démarré;366.92
5115;14/05/2026 09:53:04;;Souscription en cours;Coordonnées personnelles;755.62
5116;14/05/2026 09:53:04;;Souscription en cours;Coordonnées personnelles;582.86
5117;14/05/2026 09:41:00;;En attente d'analyse Agent - Dossier avec erreurs;Signature Contrat;849.07
5118;14/05/2026 09:41:00;;En attente d'analyse Agent - Dossier avec erreurs;Signature Contrat;586.04
5119;14/05/2026 09:40:58;;Dossier validé;Parcours terminé;687.25
5120;14/05/2026 09:40:58;;Dossier validé;Parcours terminé;919.79
5121;14/05/2026 09:39:57;;Dossier validé;Parcours terminé;507.65
5122;14/05/2026 09:39:57;;Dossier validé;Parcours terminé;575.95
5123;14/05/2026 09:35:24;;En attente d'analyse Agent - Dossier avec erreurs;Signature Contrat;218.44
5124;14/05/2026 09:35:24;;En attente d'analyse Agent - Dossier avec erreurs;Signature Contrat;797.39
5125;14/05/2026 09:32:04;;Dossier validé;Parcours terminé;565.04
5126;14/05/2026 09:32:04;;Dossier validé;Parcours terminé;538.53
5127;14/05/2026 09:11:17;;Dossier refusé;Saisie société;514.30
5128;14/05/2026 09:11:17;;Dossier refusé;Saisie société;891.51
5129;14/05/2026 09:11:16;;Souscription non démarrée;Parcours non démarré;784.61
5130;14/05/2026 09:11:16;;Souscription non démarrée;Parcours non démarré;284.96
5131;14/05/2026 08:51:21;;Dossier validé;Parcours terminé;815.10
5132;14/05/2026 08:51:21;;Dossier validé;Parcours terminé;223.25
5133;14/05/2026 08:27:46;;Dossier refusé;Saisie société;301.50
5134;14/05/2026 08:27:46;;Dossier refusé;Saisie société;503.49
5135;14/05/2026 07:55:38;;Souscription en cours;Signature Contrat;903.65
5136;14/05/2026 07:55:38;;Souscription en cours;Signature Contrat;120.80
5137;14/05/2026 07:36:00;;Souscription en cours;Coordonnées personnelles;378.94
5138;14/05/2026 07:36:00;;Souscription en cours;Coordonnées personnelles;624.09
5139;14/05/2026 07:03:00;;Dossier validé;Parcours terminé;764.03
5140;14/05/2026 07:03:00;;Dossier validé;Parcours terminé;552.04
5141;14/05/2026 07:00:34;Z5750800;Dossier validé;Parcours terminé;819.19
5142;14/05/2026 07:00:34;Z5750800;Dossier validé;Parcours terminé;470.45
5143;14/05/2026 06:43:57;;Souscription en cours;Bénéficiaire effectifs;600.17
5144;14/05/2026 06:43:57;;Souscription en cours;Bénéficiaire effectifs;944.57
5145;14/05/2026 04:55:53;;Souscription en cours;Choix de l'offre et livraison;921.26
5146;14/05/2026 04:55:53;;Souscription en cours;Choix de l'offre et livraison;805.94
5147;14/05/2026 03:46:19;;Dossier refusé;Signature Contrat;729.58
5148;14/05/2026 03:46:19;;Dossier refusé;Signature Contrat;238.10
5149;14/05/2026 02:01:00;;Dossier validé;Parcours terminé;752.42
5150;14/05/2026 02:01:00;;Dossier validé;Parcours terminé;303.14
5151;14/05/2026 01:34:08;;Souscription en cours;Vérification d'identité;541.38
5152;14/05/2026 01:34:08;;Souscription en cours;Vérification d'identité;848.64
5153;14/05/2026 01:32:10;;Dossier validé;Parcours terminé;117.59
5154;14/05/2026 01:32:10;;Dossier validé;Parcours terminé;403.07
5155;14/05/2026 01:21:14;;Dossier validé;Parcours terminé;176.15
5156;14/05/2026 01:21:14;;Dossier validé;Parcours terminé;404.06
5157;14/05/2026 00:25:38;;Souscription non démarrée;Parcours non démarré;984.56
5158;14/05/2026 00:25:38;;Souscription non démarrée;Parcours non démarré;481.66
5159;13/05/2026 23:59:23;;Dossier validé;Parcours terminé;406.00
5160;13/05/2026 23:59:23;;Dossier validé;Parcours terminé;963.72
5161;13/05/2026 23:48:43;;Souscription en cours;Choix de l'offre et livraison;430.57
5162;13/05/2026 23:48:43;;Souscription en cours;Choix de l'offre et livraison;500.33
5163;13/05/2026 23:46:49;;Souscription non démarrée;Parcours non démarré;540.48
5164;13/05/2026 23:46:49;;Souscription non démarrée;Parcours non démarré;167.92
5165;13/05/2026 23:45:39;Hugo MARTIN;Dossier validé;Parcours terminé;562.76
5166;13/05/2026 23:45:39;Hugo MARTIN;Dossier validé;Parcours terminé;510.46
5167;13/05/2026 23:42:35;;Dossier validé;Parcours terminé;342.16
5168;13/05/2026 23:42:35;;Dossier validé;Parcours terminé;136.16
5169;13/05/2026 23:35:50;;Souscription en cours;Vérification d'identité;546.67
5170;13/05/2026 23:35:50;;Souscription en cours;Vérification d'identité;611.15
5171;13/05/2026 23:23:36;;Dossier validé;Parcours terminé;435.92
5172;13/05/2026 23:23:36;;Dossier validé;Parcours terminé;288.56
5173;13/05/2026 23:23:22;;Dossier validé;Parcours terminé;248.19
5174;13/05/2026 23:23:22;;Dossier validé;Parcours terminé;923.91
5175;13/05/2026 23:10:40;;Dossier validé;Parcours terminé;216.79
5176;13/05/2026 23:10:40;;Dossier validé;Parcours terminé;389.37
5177;13/05/2026 23:06:48;;Souscription en cours;Choix de l'offre et livraison;877.89
5178;13/05/2026 23:06:48;;Souscription en cours;Choix de l'offre et livraison;437.45
5179;13/05/2026 22:29:02;;Dossier refusé;Saisie société;153.20
5180;13/05/2026 22:29:02;;Dossier refusé;Saisie société;294.13
5181;13/05/2026 22:27:49;;Dossier refusé;Signature Contrat;136.12
5182;13/05/2026 22:27:49;;Dossier refusé;Signature Contrat;578.63
5183;13/05/2026 22:15:12;;Dossier validé;Parcours terminé;202.75
5184;13/05/2026 22:15:12;;Dossier validé;Parcours terminé;142.92
5185;13/05/2026 22:10:55;;Dossier refusé;Signature Contrat;992.94
5186;13/05/2026 22:10:55;;Dossier refusé;Signature Contrat;688.40
5187;13/05/2026 21:59:35;;Dossier validé;Parcours terminé;220.92
5188;13/05/2026 21:59:35;;Dossier validé;Parcours terminé;811.85
5189;13/05/2026 21:46:07;;Souscription non démarrée;Parcours non démarré;899.51
5190;13/05/2026 21:46:07;;Souscription non démarrée;Parcours non démarré;989.71
5191;13/05/2026 21:45:23;Z5681453;Dossier refusé;Saisie société;276.60
5192;13/05/2026 21:45:23;Z5681453;Dossier refusé;Saisie société;155.65
5193;13/05/2026 21:27:22;;Souscription non démarrée;Parcours non démarré;852.23
5194;13/05/2026 21:27:22;;Souscription non démarrée;Parcours non démarré;175.04
5195;13/05/2026 21:20:40;;Dossier validé;Parcours terminé;693.61
5196;13/05/2026 21:20:40;;Dossier validé;Parcours terminé;309.03
5197;13/05/2026 21:11:59;;Souscription en cours;Signature Contrat;630.48
5198;13/05/2026 21:11:59;;Souscription en cours;Signature Contrat;840.62
5199;13/05/2026 21:03:58;;Souscription en cours;Vérification d'identité;310.05
5200;13/05/2026 21:03:58;;Souscription en cours;Vérification d'identité;731.46
5201;13/05/2026 20:38:43;;Dossier validé;Parcours terminé;942.27
5202;13/05/2026 20:38:43;;Dossier validé;Parcours terminé;874.20
5203;13/05/2026 20:26:23;;Souscription en cours;Coordonnées personnelles;474.17
5204;13/05/2026 20:26:23;;Souscription en cours;Coordonnées personnelles;514.04
5205;13/05/2026 20:16:17;;Souscription non démarrée;Parcours non démarré;694.12
5206;13/05/2026 20:16:17;;Souscription non démarrée;Parcours non démarré;565.63
5207;13/05/2026 19:58:22;;Souscription en cours;Signature Contrat;923.76
5208;13/05/2026 19:58:22;;Souscription en cours;Signature Contrat;295.49
5209;13/05/2026 19:56:36;;Dossier validé;Parcours terminé;413.07
5210;13/05/2026 19:56:36;;Dossier validé;Parcours terminé;368.50
5211;13/05/2026 19:53:11;;Souscription en cours;Vérification d'identité;816.55
5212;13/05/2026 19:53:11;;Souscription en cours;Vérification d'identité;289.86
5213;13/05/2026 19:34:50;;Souscription en cours;Signature Contrat;487.37
5214;13/05/2026 19:34:50;;Souscription en cours;Signature Contrat;894.34
5215;13/05/2026 19:30:21;;Dossier refusé;Saisie société;747.45
5216;13/05/2026 19:30:21;;Dossier refusé;Saisie société;258.19
5217;13/05/2026 19:24:11;;Dossier validé;Parcours terminé;818.11
5218;13/05/2026 19:24:11;;Dossier validé;Parcours terminé;268.66
5219;13/05/2026 19:23:49;;Souscription en cours;Choix de l'offre et livraison;472.92
5220;13/05/2026 19:23:49;;Souscription en cours;Choix de l'offre et livraison;827.92
5221;13/05/2026 19:10:07;;Souscription en cours;Signature Contrat;827.51
5222;13/05/2026 19:10:07;;Souscription en cours;Signature Contrat;417.51
5223;13/05/2026 18:56:22;;Dossier refusé;Saisie société;697.01
5224;13/05/2026 18:56:22;;Dossier refusé;Saisie société;593.88
5225;13/05/2026 18:49:29;;En attente d'analyse Agent - Dossier avec erreurs;Signature Contrat;787.55
5226;13/05/2026 18:49:29;;En attente d'analyse Agent - Dossier avec erreurs;Signature Contrat;545.09
5227;13/05/2026 18:42:18;;Souscription en cours;Choix de l'offre et livraison;939.01
5228;13/05/2026 18:42:18;;Souscription en cours;Choix de l'offre et livraison;347.23
5229;13/05/2026 18:38:05;;Souscription en cours;Vérification d'identité;850.46
5230;13/05/2026 18:38:05;;Souscription en cours;Vérification d'identité;574.49
5231;13/05/2026 18:36:42;;Souscription en cours;Informations complémentaires (CA, Profession, etc.);899.14
5232;13/05/2026 18:36:42;;Souscription en cours;Informations complémentaires (CA, Profession, etc.);391.74
5233;13/05/2026 18:35:09;;Dossier validé;Parcours terminé;644.96
5234;13/05/2026 18:35:09;;Dossier validé;Parcours terminé;506.97
5235;13/05/2026 18:12:24;;Souscription en cours;Choix de l'offre et livraison;878.14
5236;13/05/2026 18:12:24;;Souscription en cours;Choix de l'offre et livraison;422.62
5237;13/05/2026 18:12:11;;Dossier validé;Parcours terminé;921.78
5238;13/05/2026 18:12:11;;Dossier validé;Parcours terminé;729.50
5239;13/05/2026 17:52:15;;Dossier validé;Parcours terminé;429.93
5240;13/05/2026 17:52:15;;Dossier validé;Parcours terminé;585.87
5241;13/05/2026 17:50:48;;Souscription en cours;Choix de l'offre et livraison;135.07
5242;13/05/2026 17:50:48;;Souscription en cours;Choix de l'offre et livraison;398.31
5243;13/05/2026 17:45:44;;Dossier validé;Parcours terminé;846.89
5244;13/05/2026 17:45:44;;Dossier validé;Parcours terminé;497.60
5245;13/05/2026 17:36:59;;Souscription en cours;Vérification d'identité;332.39
5246;13/05/2026 17:36:59;;Souscription en cours;Vérification d'identité;286.68
5247;13/05/2026 17:34:39;;Souscription en cours;Coordonnées personnelles;945.96
5248;13/05/2026 17:34:39;;Souscription en cours;Coordonnées personnelles;778.01
5249;13/05/2026 17:25:59;;Dossier validé;Parcours terminé;896.96
5250;13/05/2026 17:25:59;;Dossier validé;Parcours terminé;763.15
5251;13/05/2026 17:25:14;;Souscription en cours;Coordonnées personnelles;900.47
5252;13/05/2026 17:25:14;;Souscription en cours;Coordonnées personnelles;560.31
5253;13/05/2026 17:19:31;;Dossier validé;Parcours terminé;665.61
5254;13/05/2026 17:19:31;;Dossier validé;Parcours terminé;125.96
5255;13/05/2026 17:13:17;;Souscription en cours;Choix de l'offre et livraison;692.56
5256;13/05/2026 17:13:17;;Souscription en cours;Choix de l'offre et livraison;784.68
5257;13/05/2026 17:03:29;;Dossier validé;Parcours terminé;729.52
5258;13/05/2026 17:03:29;;Dossier validé;Parcours terminé;547.11
5259;13/05/2026 17:00:45;;Dossier validé;Parcours terminé;525.90
5260;13/05/2026 17:00:45;;Dossier validé;Parcours terminé;962.59
5261;13/05/2026 16:55:48;;Souscription non démarrée;Parcours non démarré;819.23
5262;13/05/2026 16:55:48;;Souscription non démarrée;Parcours non démarré;971.34
5263;13/05/2026 16:50:43;;Dossier refusé;Saisie société;534.12
5264;13/05/2026 16:50:43;;Dossier refusé;Saisie société;509.29
5265;13/05/2026 16:46:17;;Dossier validé;Parcours terminé;216.95
5266;13/05/2026 16:46:17;;Dossier validé;Parcours terminé;703.28
5267;13/05/2026 16:38:22;;Dossier validé;Parcours terminé;544.93
5268;13/05/2026 16:38:22;;Dossier validé;Parcours terminé;832.31
5269;13/05/2026 16:37:16;;Dossier validé;Parcours terminé;365.79
5270;13/05/2026 16:37:16;;Dossier validé;Parcours terminé;385.56
5271;13/05/2026 16:32:24;;Souscription en cours;Synchronisation référentiel personne NOVA;262.04
5272;13/05/2026 16:32:24;;Souscription en cours;Synchronisation référentiel personne NOVA;722.57
5273;13/05/2026 16:18:26;;Souscription en cours;Informations complémentaires (Etablissements, etc.);532.70
5274;13/05/2026 16:18:26;;Souscription en cours;Informations complémentaires (Etablissements, etc.);497.12
5275;13/05/2026 15:53:57;;Souscription en cours;Synchronisation référentiel personne NOVA;167.03
5276;13/05/2026 15:53:57;;Souscription en cours;Synchronisation référentiel personne NOVA;215.54
5277;13/05/2026 15:53:04;;Dossier validé;Parcours terminé;486.56
5278;13/05/2026 15:53:04;;Dossier validé;Parcours terminé;218.24
5279;13/05/2026 15:48:34;;Dossier validé;Parcours terminé;489.61
5280;13/05/2026 15:48:34;;Dossier validé;Parcours terminé;400.09
5281;13/05/2026 15:48:20;;Souscription en cours;Signature Contrat;332.18
5282;13/05/2026 15:48:20;;Souscription en cours;Signature Contrat;115.37
5283;13/05/2026 15:48:01;;Dossier refusé;Signature Contrat;792.52
5284;13/05/2026 15:48:01;;Dossier refusé;Signature Contrat;604.99
5285;13/05/2026 15:47:44;;Souscription en cours;Signature Contrat;558.02
5286;13/05/2026 15:47:44;;Souscription en cours;Signature Contrat;289.86
5287;13/05/2026 15:40:34;;Dossier validé;Parcours terminé;368.50
5288;13/05/2026 15:40:34;;Dossier validé;Parcours terminé;160.47
5289;13/05/2026 15:34:18;;Souscription en cours;Coordonnées personnelles;198.68
5290;13/05/2026 15:34:18;;Souscription en cours;Coordonnées personnelles;430.02
5291;13/05/2026 15:33:02;;Souscription en cours;Coordonnées personnelles;952.08
5292;13/05/2026 15:33:02;;Souscription en cours;Coordonnées personnelles;228.33
5293;13/05/2026 15:19:49;;Souscription en cours;Coordonnées personnelles;109.71
5294;13/05/2026 15:19:49;;Souscription en cours;Coordonnées personnelles;306.07
5295;13/05/2026 15:16:15;;Dossier validé;Parcours terminé;301.37
5296;13/05/2026 15:16:15;;Dossier validé;Parcours terminé;738.81
5297;13/05/2026 15:16:02;;Souscription en cours;Informations complémentaires (Etablissements, etc.);655.59
5298;13/05/2026 15:16:02;;Souscription en cours;Informations complémentaires (Etablissements, etc.);400.11
5299;13/05/2026 15:11:56;;Dossier validé;Parcours terminé;286.75
5300;13/05/2026 15:11:56;;Dossier validé;Parcours terminé;903.83
5301;13/05/2026 15:10:06;;Souscription en cours;Coordonnées personnelles;704.31
5302;13/05/2026 15:10:06;;Souscription en cours;Coordonnées personnelles;745.07
5303;13/05/2026 15:09:36;Manon LEFEBVRE;Dossier validé;Parcours terminé;910.85
5304;13/05/2026 15:09:36;Manon LEFEBVRE;Dossier validé;Parcours terminé;646.24
5305;13/05/2026 15:08:36;;Dossier refusé;Saisie société;282.82
5306;13/05/2026 15:08:36;;Dossier refusé;Saisie société;840.36
5307;13/05/2026 15:03:55;;Souscription en cours;Signature Contrat;636.99
5308;13/05/2026 15:03:55;;Souscription en cours;Signature Contrat;486.39
5309;13/05/2026 14:44:48;;Dossier validé;Parcours terminé;214.25
5310;13/05/2026 14:44:48;;Dossier validé;Parcours terminé;134.86
5311;13/05/2026 14:41:10;;Souscription en cours;Coordonnées personnelles;476.74
5312;13/05/2026 14:41:10;;Souscription en cours;Coordonnées personnelles;162.64
5313;13/05/2026 14:39:28;;Dossier validé;Parcours terminé;978.66
5314;13/05/2026 14:39:28;;Dossier validé;Parcours terminé;856.73
5315;13/05/2026 14:38:11;;Dossier validé;Parcours terminé;812.86
5316;13/05/2026 14:38:11;;Dossier validé;Parcours terminé;282.40
5317;13/05/2026 14:29:27;;Dossier validé;Parcours terminé;280.27
5318;13/05/2026 14:29:27;;Dossier validé;Parcours terminé;556.41
5319;13/05/2026 14:25:19;;Souscription en cours;Coordonnées personnelles;966.11
5320;13/05/2026 14:25:19;;Souscription en cours;Coordonnées personnelles;325.87
5321;13/05/2026 14:16:55;;Dossier refusé;Saisie société;950.81
5322;13/05/2026 14:16:55;;Dossier refusé;Saisie société;302.13
5323;13/05/2026 14:06:50;;Dossier validé;Parcours terminé;295.55
5324;13/05/2026 14:06:50;;Dossier validé;Parcours terminé;811.23
5325;13/05/2026 14:05:07;;Souscription en cours;Vérification d'identité;224.22
5326;13/05/2026 14:05:07;;Souscription en cours;Vérification d'identité;204.68
5327;13/05/2026 13:53:09;Z5750800;Dossier validé;Parcours terminé;351.29
5328;13/05/2026 13:53:09;Z5750800;Dossier validé;Parcours terminé;548.60
5329;13/05/2026 13:50:34;;Dossier refusé;Saisie société;582.97
5330;13/05/2026 13:50:34;;Dossier refusé;Saisie société;882.29
5331;13/05/2026 13:39:18;;Dossier refusé;Saisie société;151.26
5332;13/05/2026 13:39:18;;Dossier refusé;Saisie société;976.36
5333;13/05/2026 13:15:50;;Souscription en cours;Coordonnées personnelles;602.76
5334;13/05/2026 13:15:50;;Souscription en cours;Coordonnées personnelles;204.11
5335;13/05/2026 13:06:13;;Dossier validé;Parcours terminé;512.11
5336;13/05/2026 13:06:13;;Dossier validé;Parcours terminé;296.50
5337;13/05/2026 12:31:50;;Souscription en cours;Vérification d'identité;608.83
5338;13/05/2026 12:31:50;;Souscription en cours;Vérification d'identité;143.89
5339;13/05/2026 12:19:32;;Dossier validé;Parcours terminé;784.78
5340;13/05/2026 12:19:32;;Dossier validé;Parcours terminé;191.03
5341;13/05/2026 12:14:36;;Souscription en cours;Informations complémentaires (CA, Profession, etc.);650.48
5342;13/05/2026 12:14:36;;Souscription en cours;Informations complémentaires (CA, Profession, etc.);196.10
5343;13/05/2026 12:12:23;;Souscription non démarrée;Parcours non démarré;350.27
5344;13/05/2026 12:12:23;;Souscription non démarrée;Parcours non démarré;197.41
5345;13/05/2026 12:11:11;;Souscription en cours;Signature Contrat;954.77
5346;13/05/2026 12:11:11;;Souscription en cours;Signature Contrat;508.52
5347;13/05/2026 12:02:28;;En attente d'analyse Agent - Dossier avec erreurs;Signature Contrat;233.46
5348;13/05/2026 12:02:28;;En attente d'analyse Agent - Dossier avec erreurs;Signature Contrat;961.58
5349;13/05/2026 11:42:38;;Souscription en cours;Choix de l'offre et livraison;640.08
5350;13/05/2026 11:42:38;;Souscription en cours;Choix de l'offre et livraison;138.59
5351;13/05/2026 11:41:10;;Souscription non démarrée;Parcours non démarré;149.88
5352;13/05/2026 11:41:10;;Souscription non démarrée;Parcours non démarré;359.99
5353;13/05/2026 11:37:25;;Dossier validé;Parcours terminé;363.21
5354;13/05/2026 11:37:25;;Dossier validé;Parcours terminé;722.00
5355;13/05/2026 11:28:16;;Dossier refusé;Saisie société;169.64
5356;13/05/2026 11:28:16;;Dossier refusé;Saisie société;384.01
5357;13/05/2026 11:21:09;;Dossier validé;Parcours terminé;295.63
5358;13/05/2026 11:21:09;;Dossier validé;Parcours terminé;255.48
5359;13/05/2026 11:15:08;;Dossier validé;Parcours terminé;650.39
5360;13/05/2026 11:15:08;;Dossier validé;Parcours terminé;356.27
5361;13/05/2026 11:11:38;;Dossier validé;Parcours terminé;369.48
5362;13/05/2026 11:11:38;;Dossier validé;Parcours terminé;558.66
5363;13/05/2026 11:11:17;;Dossier validé;Parcours terminé;416.81
5364;13/05/2026 11:11:17;;Dossier validé;Parcours terminé;731.23
5365;13/05/2026 11:10:09;;Souscription en cours;Vérification d'identité;616.94
5366;13/05/2026 11:10:09;;Souscription en cours;Vérification d'identité;449.86
5367;13/05/2026 11:06:43;;Dossier refusé;Saisie société;970.29
5368;13/05/2026 11:06:43;;Dossier refusé;Saisie société;945.67
5369;13/05/2026 10:57:36;;Dossier validé;Parcours terminé;177.10
5370;13/05/2026 10:57:36;;Dossier validé;Parcours terminé;382.10
5371;13/05/2026 10:51:34;Manon LEFEBVRE;Dossier validé;Parcours terminé;123.33
5372;13/05/2026 10:51:34;Manon LEFEBVRE;Dossier validé;Parcours terminé;591.22
5373;13/05/2026 10:51:08;;Dossier validé;Parcours terminé;145.94
5374;13/05/2026 10:51:08;;Dossier validé;Parcours terminé;850.79
5375;13/05/2026 10:50:57;;Dossier validé;Parcours terminé;692.52
5376;13/05/2026 10:50:57;;Dossier validé;Parcours terminé;334.70
5377;13/05/2026 10:49:33;;Dossier validé;Parcours terminé;243.35
5378;13/05/2026 10:49:33;;Dossier validé;Parcours terminé;187.72
5379;13/05/2026 10:45:14;;Souscription en cours;Vérification d'identité;989.49
5380;13/05/2026 10:45:14;;Souscription en cours;Vérification d'identité;618.07
5381;13/05/2026 10:39:39;;Dossier validé;Parcours terminé;849.75
5382;13/05/2026 10:39:39;;Dossier validé;Parcours terminé;972.44
5383;13/05/2026 10:38:02;;Dossier refusé;Saisie société;299.98
5384;13/05/2026 10:38:02;;Dossier refusé;Saisie société;866.80
5385;13/05/2026 10:35:51;Adam LAURENT;Dossier validé;Parcours terminé;668.91
5386;13/05/2026 10:35:51;Adam LAURENT;Dossier validé;Parcours terminé;768.61
5387;13/05/2026 10:35:14;;Souscription en cours;Coordonnées personnelles;134.37
5388;13/05/2026 10:35:14;;Souscription en cours;Coordonnées personnelles;537.93
5389;13/05/2026 10:28:08;;Dossier validé;Parcours terminé;334.39
5390;13/05/2026 10:28:08;;Dossier validé;Parcours terminé;965.78
5391;13/05/2026 10:27:13;;Souscription en cours;Choix de l'offre et livraison;767.48
5392;13/05/2026 10:27:13;;Souscription en cours;Choix de l'offre et livraison;103.18
5393;13/05/2026 10:19:20;;Dossier refusé;Signature Contrat;301.18
5394;13/05/2026 10:19:20;;Dossier refusé;Signature Contrat;690.60
5395;13/05/2026 10:17:03;;Dossier validé;Parcours terminé;192.09
5396;13/05/2026 10:17:03;;Dossier validé;Parcours terminé;480.95
5397;13/05/2026 10:14:50;;Dossier validé;Parcours terminé;939.15
5398;13/05/2026 10:14:50;;Dossier validé;Parcours terminé;530.24
5399;13/05/2026 10:06:34;;Souscription en cours;Coordonnées personnelles;722.55
5400;13/05/2026 10:06:34;;Souscription en cours;Coordonnées personnelles;360.63
5401;13/05/2026 10:06:08;;Dossier validé;Parcours terminé;732.14
5402;13/05/2026 10:06:08;;Dossier validé;Parcours terminé;826.39
5403;13/05/2026 10:04:03;;Dossier validé;Parcours terminé;311.22
5404;13/05/2026 10:04:03;;Dossier validé;Parcours terminé;741.77
5405;13/05/2026 10:03:05;;Dossier validé;Parcours terminé;754.93
5406;13/05/2026 10:03:05;;Dossier validé;Parcours terminé;908.59
5407;13/05/2026 10:02:15;Zoé MULLER;Dossier validé;Parcours terminé;191.98
5408;13/05/2026 10:02:15;Zoé MULLER;Dossier validé;Parcours terminé;625.84
5409;13/05/2026 09:53:01;Manon LEFEBVRE;Dossier validé;Parcours terminé;226.08
5410;13/05/2026 09:53:01;Manon LEFEBVRE;Dossier validé;Parcours terminé;496.33
5411;13/05/2026 09:50:15;;Dossier validé;Parcours terminé;147.00
5412;13/05/2026 09:50:15;;Dossier validé;Parcours terminé;799.61
5413;13/05/2026 09:44:04;;Dossier refusé;Signature Contrat;853.80
5414;13/05/2026 09:44:04;;Dossier refusé;Signature Contrat;269.65
5415;13/05/2026 09:43:00;;Dossier validé;Parcours terminé;465.89
5416;13/05/2026 09:43:00;;Dossier validé;Parcours terminé;117.61
5417;13/05/2026 09:30:41;;Souscription en cours;Coordonnées personnelles;816.83
5418;13/05/2026 09:30:41;;Souscription en cours;Coordonnées personnelles;134.91
5419;13/05/2026 09:28:03;;Souscription en cours;Signature Contrat;390.81
5420;13/05/2026 09:28:03;;Souscription en cours;Signature Contrat;764.86
5421;13/05/2026 09:25:58;;Dossier validé;Parcours terminé;881.03
5422;13/05/2026 09:25:58;;Dossier validé;Parcours terminé;401.58
5423;13/05/2026 09:23:16;;Souscription en cours;Coordonnées personnelles;739.77
5424;13/05/2026 09:23:16;;Souscription en cours;Coordonnées personnelles;739.06
5425;13/05/2026 09:21:54;;Dossier validé;Parcours terminé;513.75
5426;13/05/2026 09:21:54;;Dossier validé;Parcours terminé;862.16
5427;13/05/2026 09:19:37;;Souscription en cours;Synchronisation référentiel personne NOVA;623.82
5428;13/05/2026 09:19:37;;Souscription en cours;Synchronisation référentiel personne NOVA;927.21
5429;13/05/2026 09:06:17;;Souscription en cours;Choix de l'offre et livraison;578.97
5430;13/05/2026 09:06:17;;Souscription en cours;Choix de l'offre et livraison;733.70
5431;13/05/2026 09:05:18;;Souscription non démarrée;Parcours non démarré;797.95
5432;13/05/2026 09:05:18;;Souscription non démarrée;Parcours non démarré;743.67
5433;13/05/2026 08:53:41;;Dossier validé;Parcours terminé;915.55
5434;13/05/2026 08:53:41;;Dossier validé;Parcours terminé;337.57
5435;13/05/2026 08:41:05;;Souscription en cours;Coordonnées personnelles;350.69
5436;13/05/2026 08:41:05;;Souscription en cours;Coordonnées personnelles;176.39
5437;13/05/2026 08:39:25;;Dossier refusé;Signature Contrat;953.02
5438;13/05/2026 08:39:25;;Dossier refusé;Signature Contrat;416.47
5439;13/05/2026 08:33:11;Z5681453;Dossier validé;Parcours terminé;205.28
5440;13/05/2026 08:33:11;Z5681453;Dossier validé;Parcours terminé;999.62
5441;13/05/2026 08:26:16;;Dossier validé;Parcours terminé;248.42
5442;13/05/2026 08:26:16;;Dossier validé;Parcours terminé;760.38
5443;13/05/2026 08:22:45;;Dossier validé;Parcours terminé;310.28
5444;13/05/2026 08:22:45;;Dossier validé;Parcours terminé;380.70
5445;13/05/2026 08:14:18;;Dossier validé;Parcours terminé;716.91
5446;13/05/2026 08:14:18;;Dossier validé;Parcours terminé;320.83
5447;13/05/2026 08:09:29;Adam LAURENT;Dossier validé;Parcours terminé;522.26
5448;13/05/2026 08:09:29;Adam LAURENT;Dossier validé;Parcours terminé;219.74
5449;13/05/2026 07:48:16;;Dossier refusé;Informations complémentaires (Etablissements, etc.);503.35
5450;13/05/2026 07:48:16;;Dossier refusé;Informations complémentaires (Etablissements, etc.);424.48
5451;13/05/2026 05:28:59;;Souscription en cours;Coordonnées personnelles;820.98
5452;13/05/2026 05:28:59;;Souscription en cours;Coordonnées personnelles;514.26
5453;13/05/2026 05:06:38;;Souscription non démarrée;Parcours non démarré;129.41
5454;13/05/2026 05:06:38;;Souscription non démarrée;Parcours non démarré;559.66
5455;13/05/2026 04:37:47;;Souscription non démarrée;Parcours non démarré;617.50
5456;13/05/2026 04:37:47;;Souscription non démarrée;Parcours non démarré;681.39
5457;13/05/2026 02:57:19;;Souscription non démarrée;Parcours non démarré;599.87
5458;13/05/2026 02:57:19;;Souscription non démarrée;Parcours non démarré;477.95
5459;13/05/2026 02:49:01;Manon LEFEBVRE;Dossier validé;Parcours terminé;242.19
5460;13/05/2026 02:49:01;Manon LEFEBVRE;Dossier validé;Parcours terminé;782.53
5461;13/05/2026 01:34:51;Manon LEFEBVRE;Dossier refusé;Saisie société;258.28
5462;13/05/2026 01:34:51;Manon LEFEBVRE;Dossier refusé;Saisie société;327.83
5463;13/05/2026 00:38:09;;Dossier refusé;Saisie société;702.30
5464;13/05/2026 00:38:09;;Dossier refusé;Saisie société;230.36
5465;12/05/2026 23:28:32;;Dossier validé;Parcours terminé;110.90
5466;12/05/2026 23:28:32;;Dossier validé;Parcours terminé;646.23
5467;12/05/2026 23:28:16;;Souscription en cours;Coordonnées personnelles;959.84
5468;12/05/2026 23:28:16;;Souscription en cours;Coordonnées personnelles;680.42
5469;12/05/2026 23:10:08;;Souscription en cours;Vérification d'identité;319.49
5470;12/05/2026 23:10:08;;Souscription en cours;Vérification d'identité;572.17
5471;12/05/2026 23:07:25;;Souscription en cours;Coordonnées personnelles;970.22
5472;12/05/2026 23:07:25;;Souscription en cours;Coordonnées personnelles;343.46
5473;12/05/2026 22:53:48;;Dossier validé;Parcours terminé;423.85
5474;12/05/2026 22:53:48;;Dossier validé;Parcours terminé;324.20
5475;12/05/2026 22:20:10;;Souscription en cours;Coordonnées personnelles;919.50
5476;12/05/2026 22:20:10;;Souscription en cours;Coordonnées personnelles;951.69
5477;12/05/2026 22:14:41;;Dossier validé;Parcours terminé;965.20
5478;12/05/2026 22:14:41;;Dossier validé;Parcours terminé;850.70
5479;12/05/2026 22:01:53;;Souscription non démarrée;Parcours non démarré;468.08
5480;12/05/2026 22:01:53;;Souscription non démarrée;Parcours non démarré;965.72
5481;12/05/2026 21:53:11;;Souscription en cours;Signature Contrat;562.09
5482;12/05/2026 21:53:11;;Souscription en cours;Signature Contrat;147.93
5483;12/05/2026 21:51:27;;Dossier refusé;Saisie société;720.31
5484;12/05/2026 21:51:27;;Dossier refusé;Saisie société;914.18
5485;12/05/2026 21:47:20;;Dossier validé;Parcours terminé;504.53
5486;12/05/2026 21:47:20;;Dossier validé;Parcours terminé;725.75
5487;12/05/2026 21:43:13;;Dossier validé;Parcours terminé;599.64
5488;12/05/2026 21:43:13;;Dossier validé;Parcours terminé;176.76
5489;12/05/2026 21:40:42;;Souscription non démarrée;Parcours non démarré;397.88
5490;12/05/2026 21:40:42;;Souscription non démarrée;Parcours non démarré;932.84
5491;12/05/2026 21:32:02;;Dossier validé;Parcours terminé;181.19
5492;12/05/2026 21:32:02;;Dossier validé;Parcours terminé;165.27
5493;12/05/2026 21:24:19;;Dossier refusé;Saisie société;592.50
5494;12/05/2026 21:24:19;;Dossier refusé;Saisie société;545.92
5495;12/05/2026 21:16:21;;Dossier refusé;Saisie société;210.38
5496;12/05/2026 21:16:21;;Dossier refusé;Saisie société;703.31
5497;12/05/2026 21:07:03;;Dossier refusé;Signature Contrat;581.50
5498;12/05/2026 21:07:03;;Dossier refusé;Signature Contrat;206.02
5499;12/05/2026 20:56:56;;Dossier validé;Parcours terminé;487.66
5500;12/05/2026 20:56:56;;Dossier validé;Parcours terminé;543.91
5501;12/05/2026 20:50:23;;Dossier validé;Parcours terminé;577.46
5502;12/05/2026 20:50:23;;Dossier validé;Parcours terminé;768.35
5503;12/05/2026 20:39:58;;Dossier validé;Parcours terminé;643.42
5504;12/05/2026 20:39:58;;Dossier validé;Parcours terminé;294.02
5505;12/05/2026 20:31:45;;Souscription en cours;Coordonnées personnelles;995.05
5506;12/05/2026 20:31:45;;Souscription en cours;Coordonnées personnelles;848.63
5507;12/05/2026 20:26:03;;Souscription en cours;Coordonnées personnelles;299.03
5508;12/05/2026 20:26:03;;Souscription en cours;Coordonnées personnelles;674.54
5509;12/05/2026 20:24:25;;Dossier validé;Parcours terminé;823.97
5510;12/05/2026 20:24:25;;Dossier validé;Parcours terminé;372.38
5511;12/05/2026 20:23:20;;Souscription non démarrée;Parcours non démarré;509.16
5512;12/05/2026 20:23:20;;Souscription non démarrée;Parcours non démarré;669.91
5513;12/05/2026 20:12:16;;Dossier refusé;Signature Contrat;337.62
5514;12/05/2026 20:12:16;;Dossier refusé;Signature Contrat;478.42
5515;12/05/2026 20:10:07;;Souscription en cours;Criblages BE(s);692.22
5516;12/05/2026 20:10:07;;Souscription en cours;Criblages BE(s);946.75
5517;12/05/2026 20:08:12;;Souscription en cours;Coordonnées personnelles;773.04
5518;12/05/2026 20:08:12;;Souscription en cours;Coordonnées personnelles;624.02
5519;12/05/2026 19:54:44;;Souscription non démarrée;Parcours non démarré;662.51
5520;12/05/2026 19:54:44;;Souscription non démarrée;Parcours non démarré;527.23
5521;12/05/2026 19:53:08;;Dossier validé;Parcours terminé;938.81
5522;12/05/2026 19:53:08;;Dossier validé;Parcours terminé;282.28
5523;12/05/2026 19:50:00;;Dossier validé;Parcours terminé;156.95
5524;12/05/2026 19:50:00;;Dossier validé;Parcours terminé;206.89
5525;12/05/2026 19:47:21;;Souscription en cours;Choix de l'offre et livraison;802.45
5526;12/05/2026 19:47:21;;Souscription en cours;Choix de l'offre et livraison;907.28
5527;12/05/2026 19:47:13;;Dossier validé;Parcours terminé;542.77
5528;12/05/2026 19:47:13;;Dossier validé;Parcours terminé;354.05
5529;12/05/2026 19:37:48;;Dossier validé;Parcours terminé;793.14
5530;12/05/2026 19:37:48;;Dossier validé;Parcours terminé;113.91
5531;12/05/2026 19:26:12;Manon LEFEBVRE;Dossier validé;Parcours terminé;181.48
5532;12/05/2026 19:26:12;Manon LEFEBVRE;Dossier validé;Parcours terminé;342.71
5533;12/05/2026 19:24:00;Hugo MARTIN;Dossier validé;Parcours terminé;834.95
5534;12/05/2026 19:24:00;Hugo MARTIN;Dossier validé;Parcours terminé;305.92
5535;12/05/2026 18:56:14;;Souscription en cours;Signature Contrat;362.51
5536;12/05/2026 18:56:14;;Souscription en cours;Signature Contrat;169.82
5537;12/05/2026 18:54:23;;Souscription non démarrée;Parcours non démarré;971.45
5538;12/05/2026 18:54:23;;Souscription non démarrée;Parcours non démarré;687.26
5539;12/05/2026 18:49:00;;Dossier refusé;Saisie société;975.10
5540;12/05/2026 18:49:00;;Dossier refusé;Saisie société;210.77
5541;12/05/2026 18:48:52;;Dossier validé;Parcours terminé;374.62
5542;12/05/2026 18:48:52;;Dossier validé;Parcours terminé;396.07
5543;12/05/2026 18:46:26;;Souscription en cours;Informations complémentaires (Etablissements, etc.);410.71
5544;12/05/2026 18:46:26;;Souscription en cours;Informations complémentaires (Etablissements, etc.);202.31
5545;12/05/2026 18:42:42;;Souscription en cours;Choix de l'offre et livraison;401.20
5546;12/05/2026 18:42:42;;Souscription en cours;Choix de l'offre et livraison;442.14
5547;12/05/2026 18:40:02;;Souscription en cours;Coordonnées personnelles;501.32
5548;12/05/2026 18:40:02;;Souscription en cours;Coordonnées personnelles;587.66
5549;12/05/2026 18:33:53;Adam LAURENT;Dossier validé;Parcours terminé;404.50
5550;12/05/2026 18:33:53;Adam LAURENT;Dossier validé;Parcours terminé;293.22
5551;12/05/2026 18:26:38;;Souscription en cours;Coordonnées personnelles;166.82
5552;12/05/2026 18:26:38;;Souscription en cours;Coordonnées personnelles;135.12
5553;12/05/2026 18:15:40;;Souscription non démarrée;Parcours non démarré;696.42
5554;12/05/2026 18:15:40;;Souscription non démarrée;Parcours non démarré;647.66
5555;12/05/2026 18:04:03;;Dossier validé;Parcours terminé;344.91
5556;12/05/2026 18:04:03;;Dossier validé;Parcours terminé;995.97
5557;12/05/2026 18:01:36;;Dossier refusé;Saisie société;986.54
5558;12/05/2026 18:01:36;;Dossier refusé;Saisie société;205.75
5559;12/05/2026 17:55:47;;Dossier refusé;Saisie société;312.17
5560;12/05/2026 17:55:47;;Dossier refusé;Saisie société;639.64
5561;12/05/2026 17:41:56;;Souscription en cours;Choix de l'offre et livraison;276.79
5562;12/05/2026 17:41:56;;Souscription en cours;Choix de l'offre et livraison;839.21
5563;12/05/2026 17:28:25;;En attente d'analyse Agent - Dossier avec erreurs;Signature Contrat;745.58
5564;12/05/2026 17:28:25;;En attente d'analyse Agent - Dossier avec erreurs;Signature Contrat;628.50
5565;12/05/2026 17:23:35;;Souscription en cours;Vérification d'identité;946.76
5566;12/05/2026 17:23:35;;Souscription en cours;Vérification d'identité;845.36
5567;12/05/2026 17:15:47;Hugo MARTIN;Dossier validé;Parcours terminé;154.96
5568;12/05/2026 17:15:47;Hugo MARTIN;Dossier validé;Parcours terminé;132.35
5569;12/05/2026 17:12:27;;Dossier validé;Parcours terminé;754.86
5570;12/05/2026 17:12:27;;Dossier validé;Parcours terminé;936.59
5571;12/05/2026 17:10:38;;Souscription en cours;Coordonnées personnelles;172.25
5572;12/05/2026 17:10:38;;Souscription en cours;Coordonnées personnelles;328.22
5573;12/05/2026 17:10:05;;Dossier refusé;Signature Contrat;955.91
5574;12/05/2026 17:10:05;;Dossier refusé;Signature Contrat;142.68
5575;12/05/2026 17:08:44;;Souscription en cours;Signature Contrat;550.27
5576;12/05/2026 17:08:44;;Souscription en cours;Signature Contrat;857.36
5577;12/05/2026 17:08:25;;Souscription non démarrée;Parcours non démarré;820.86
5578;12/05/2026 17:08:25;;Souscription non démarrée;Parcours non démarré;986.48
5579;12/05/2026 17:06:20;;Souscription en cours;Choix de l'offre et livraison;622.78
5580;12/05/2026 17:06:20;;Souscription en cours;Choix de l'offre et livraison;917.66
5581;12/05/2026 16:50:40;;Souscription en cours;Coordonnées personnelles;448.86
5582;12/05/2026 16:50:40;;Souscription en cours;Coordonnées personnelles;889.93
5583;12/05/2026 16:32:47;;Souscription en cours;Vérification d'identité;121.84
5584;12/05/2026 16:32:47;;Souscription en cours;Vérification d'identité;574.32
5585;12/05/2026 16:19:17;;Dossier refusé;Saisie société;157.69
5586;12/05/2026 16:19:17;;Dossier refusé;Saisie société;277.14
5587;12/05/2026 16:13:44;;Souscription en cours;Vérification d'identité;747.58
5588;12/05/2026 16:13:44;;Souscription en cours;Vérification d'identité;374.68
5589;12/05/2026 16:10:08;;Dossier refusé;Saisie société;600.82
5590;12/05/2026 16:10:08;;Dossier refusé;Saisie société;502.70
5591;12/05/2026 16:08:29;;Souscription en cours;Coordonnées personnelles;876.52
5592;12/05/2026 16:08:29;;Souscription en cours;Coordonnées personnelles;195.75
5593;12/05/2026 16:06:18;;Dossier validé;Parcours terminé;531.66
5594;12/05/2026 16:06:18;;Dossier validé;Parcours terminé;532.68
5595;12/05/2026 16:01:41;;Dossier refusé;Choix de l'offre et livraison;864.84
5596;12/05/2026 16:01:41;;Dossier refusé;Choix de l'offre et livraison;850.07
5597;12/05/2026 15:53:38;;Souscription en cours;Vérification d'identité;144.64
5598;12/05/2026 15:53:38;;Souscription en cours;Vérification d'identité;535.39
5599;12/05/2026 15:47:02;;Souscription en cours;Coordonnées personnelles;825.20
5600;12/05/2026 15:47:02;;Souscription en cours;Coordonnées personnelles;502.25
5601;12/05/2026 15:39:50;;Dossier validé;Parcours terminé;957.20
5602;12/05/2026 15:39:50;;Dossier validé;Parcours terminé;346.81
5603;12/05/2026 15:36:07;;Dossier validé;Parcours terminé;164.22
5604;12/05/2026 15:36:07;;Dossier validé;Parcours terminé;692.23
5605;12/05/2026 15:35:03;Louis MARTIN;Dossier validé;Parcours terminé;527.29
5606;12/05/2026 15:35:03;Louis MARTIN;Dossier validé;Parcours terminé;296.43
5607;12/05/2026 15:33:08;;Souscription non démarrée;Parcours non démarré;664.80
5608;12/05/2026 15:33:08;;Souscription non démarrée;Parcours non démarré;495.43
5609;12/05/2026 15:29:48;;Souscription en cours;Coordonnées personnelles;422.70
5610;12/05/2026 15:29:48;;Souscription en cours;Coordonnées personnelles;184.96
5611;12/05/2026 15:20:47;;En attente d'analyse Agent - Dossier avec erreurs;Signature Contrat;828.39
5612;12/05/2026 15:20:47;;En attente d'analyse Agent - Dossier avec erreurs;Signature Contrat;449.68
5613;12/05/2026 15:18:25;;Dossier validé;Parcours terminé;143.04
5614;12/05/2026 15:18:25;;Dossier validé;Parcours terminé;124.98
5615;12/05/2026 15:11:39;;Souscription en cours;Vérification d'identité;817.79
5616;12/05/2026 15:11:39;;Souscription en cours;Vérification d'identité;241.94
5617;12/05/2026 15:11:15;Hugo MARTIN;Dossier validé;Parcours terminé;238.27
5618;12/05/2026 15:11:15;Hugo MARTIN;Dossier validé;Parcours terminé;248.51
5619;12/05/2026 15:01:02;;Souscription en cours;Choix de l'offre et livraison;717.27
5620;12/05/2026 15:01:02;;Souscription en cours;Choix de l'offre et livraison;496.41
5621;12/05/2026 14:59:15;;Dossier refusé;Saisie société;502.39
5622;12/05/2026 14:59:15;;Dossier refusé;Saisie société;612.47
5623;12/05/2026 14:58:49;;Souscription en cours;Informations complémentaires (CA, Profession, etc.);739.95
5624;12/05/2026 14:58:49;;Souscription en cours;Informations complémentaires (CA, Profession, etc.);484.15
5625;12/05/2026 14:57:59;;Souscription en cours;Coordonnées personnelles;697.15
5626;12/05/2026 14:57:59;;Souscription en cours;Coordonnées personnelles;384.92
5627;12/05/2026 14:57:06;;Dossier validé;Parcours terminé;257.44
5628;12/05/2026 14:57:06;;Dossier validé;Parcours terminé;835.91
5629;12/05/2026 14:54:49;;Dossier validé;Parcours terminé;427.68
5630;12/05/2026 14:54:49;;Dossier validé;Parcours terminé;440.77
5631;12/05/2026 14:36:17;;Dossier validé;Parcours terminé;781.27
5632;12/05/2026 14:36:17;;Dossier validé;Parcours terminé;300.27
5633;12/05/2026 14:31:40;;Dossier validé;Parcours terminé;134.63
5634;12/05/2026 14:31:40;;Dossier validé;Parcours terminé;284.52
5635;12/05/2026 14:31:14;;Dossier refusé;Saisie société;831.60
5636;12/05/2026 14:31:14;;Dossier refusé;Saisie société;518.57
5637;12/05/2026 14:20:24;;En attente d'analyse Agent - Dossier avec erreurs;Signature Contrat;306.18
5638;12/05/2026 14:20:24;;En attente d'analyse Agent - Dossier avec erreurs;Signature Contrat;349.82
5639;12/05/2026 14:07:44;;Souscription en cours;Signature Contrat;378.62
5640;12/05/2026 14:07:44;;Souscription en cours;Signature Contrat;587.27
5641;12/05/2026 13:53:38;;Dossier refusé;Informations complémentaires (CA, Profession, etc.);456.23
5642;12/05/2026 13:53:38;;Dossier refusé;Informations complémentaires (CA, Profession, etc.);767.85
5643;12/05/2026 13:50:49;;Dossier validé;Parcours terminé;183.72
5644;12/05/2026 13:50:49;;Dossier validé;Parcours terminé;856.15
5645;12/05/2026 13:38:12;;Dossier validé;Parcours terminé;212.57
5646;12/05/2026 13:38:12;;Dossier validé;Parcours terminé;538.62
5647;12/05/2026 13:34:23;Zoé MULLER;Dossier validé;Parcours terminé;381.49
5648;12/05/2026 13:34:23;Zoé MULLER;Dossier validé;Parcours terminé;125.31
5649;12/05/2026 13:22:08;;Souscription en cours;Coordonnées personnelles;328.31
5650;12/05/2026 13:22:08;;Souscription en cours;Coordonnées personnelles;163.92
5651;12/05/2026 13:18:59;;Souscription en cours;Coordonnées personnelles;923.24
5652;12/05/2026 13:18:59;;Souscription en cours;Coordonnées personnelles;422.41
5653;12/05/2026 13:10:01;;Souscription en cours;Coordonnées personnelles;964.61
5654;12/05/2026 13:10:01;;Souscription en cours;Coordonnées personnelles;784.22
5655;12/05/2026 12:47:40;;Souscription non démarrée;Parcours non démarré;668.53
5656;12/05/2026 12:47:40;;Souscription non démarrée;Parcours non démarré;371.58
5657;12/05/2026 12:46:07;;Dossier validé;Parcours terminé;345.25
5658;12/05/2026 12:46:07;;Dossier validé;Parcours terminé;238.45
5659;12/05/2026 12:44:16;;Dossier refusé;Saisie société;710.66
5660;12/05/2026 12:44:16;;Dossier refusé;Saisie société;246.75
5661;12/05/2026 12:33:00;;Dossier validé;Parcours terminé;486.84
5662;12/05/2026 12:33:00;;Dossier validé;Parcours terminé;779.27
5663;12/05/2026 12:27:35;;Souscription en cours;Choix de l'offre et livraison;629.73
5664;12/05/2026 12:27:35;;Souscription en cours;Choix de l'offre et livraison;903.91
5665;12/05/2026 12:10:52;;Souscription en cours;Informations complémentaires (CA, Profession, etc.);355.18
5666;12/05/2026 12:10:52;;Souscription en cours;Informations complémentaires (CA, Profession, etc.);312.97
5667;12/05/2026 12:04:05;;Dossier validé;Parcours terminé;280.82
5668;12/05/2026 12:04:05;;Dossier validé;Parcours terminé;223.37
5669;12/05/2026 11:56:17;;Souscription en cours;Coordonnées personnelles;790.12
5670;12/05/2026 11:56:17;;Souscription en cours;Coordonnées personnelles;828.62
5671;12/05/2026 11:55:23;;Souscription en cours;Coordonnées personnelles;750.39
5672;12/05/2026 11:55:23;;Souscription en cours;Coordonnées personnelles;799.55
5673;12/05/2026 11:42:15;;Dossier refusé;Saisie société;296.01
5674;12/05/2026 11:42:15;;Dossier refusé;Saisie société;340.18
5675;12/05/2026 11:37:17;;Souscription en cours;Coordonnées personnelles;287.64
5676;12/05/2026 11:37:17;;Souscription en cours;Coordonnées personnelles;935.15
5677;12/05/2026 11:36:00;;Dossier validé;Parcours terminé;173.93
5678;12/05/2026 11:36:00;;Dossier validé;Parcours terminé;802.11
5679;12/05/2026 11:29:24;;Souscription en cours;Coordonnées personnelles;965.60
5680;12/05/2026 11:29:24;;Souscription en cours;Coordonnées personnelles;645.97
5681;12/05/2026 11:27:25;;Souscription en cours;Coordonnées personnelles;304.14
5682;12/05/2026 11:27:25;;Souscription en cours;Coordonnées personnelles;621.15
5683;12/05/2026 11:26:19;;Dossier validé;Parcours terminé;630.32
5684;12/05/2026 11:26:19;;Dossier validé;Parcours terminé;302.06
5685;12/05/2026 11:09:49;;Dossier validé;Parcours terminé;185.28
5686;12/05/2026 11:09:49;;Dossier validé;Parcours terminé;411.57
5687;12/05/2026 11:07:47;;Dossier validé;Parcours terminé;277.14
5688;12/05/2026 11:07:47;;Dossier validé;Parcours terminé;926.27
5689;12/05/2026 10:52:49;Adam LAURENT;Dossier validé;Parcours terminé;572.17
5690;12/05/2026 10:52:49;Adam LAURENT;Dossier validé;Parcours terminé;124.41
5691;12/05/2026 10:41:31;;En attente d'analyse Agent - Dossier avec erreurs;Signature Contrat;852.53
5692;12/05/2026 10:41:31;;En attente d'analyse Agent - Dossier avec erreurs;Signature Contrat;504.04
5693;12/05/2026 10:29:59;;Dossier validé;Parcours terminé;953.72
5694;12/05/2026 10:29:59;;Dossier validé;Parcours terminé;331.35
5695;12/05/2026 10:29:10;;Souscription en cours;Vérification d'identité;874.70
5696;12/05/2026 10:29:10;;Souscription en cours;Vérification d'identité;288.22
5697;12/05/2026 10:18:53;;Dossier refusé;Saisie société;583.27
5698;12/05/2026 10:18:53;;Dossier refusé;Saisie société;390.25
5699;12/05/2026 10:16:10;;Souscription en cours;Criblages BE(s);214.25
5700;12/05/2026 10:16:10;;Souscription en cours;Criblages BE(s);930.18
5701;12/05/2026 09:57:22;;Souscription non démarrée;Parcours non démarré;572.34
5702;12/05/2026 09:57:22;;Souscription non démarrée;Parcours non démarré;841.43
5703;12/05/2026 09:42:40;;Dossier validé;Parcours terminé;749.50
5704;12/05/2026 09:42:40;;Dossier validé;Parcours terminé;956.40
5705;12/05/2026 09:25:30;;Dossier refusé;Parcours terminé;383.20
5706;12/05/2026 09:25:30;;Dossier refusé;Parcours terminé;523.01
5707;12/05/2026 09:12:08;;Dossier validé;Parcours terminé;861.94
5708;12/05/2026 09:12:08;;Dossier validé;Parcours terminé;181.20
5709;12/05/2026 09:11:34;;Souscription en cours;Signature Contrat;381.31
5710;12/05/2026 09:11:34;;Souscription en cours;Signature Contrat;475.79
5711;12/05/2026 09:06:46;;Dossier refusé;Parcours non démarré;659.76
5712;12/05/2026 09:06:46;;Dossier refusé;Parcours non démarré;813.05
5713;12/05/2026 08:52:36;;Dossier validé;Parcours terminé;670.76
5714;12/05/2026 08:52:36;;Dossier validé;Parcours terminé;694.10
5715;12/05/2026 08:44:35;;Souscription en cours;Vérification d'identité;797.54
5716;12/05/2026 08:44:35;;Souscription en cours;Vérification d'identité;435.59
5717;12/05/2026 08:43:06;;Dossier validé;Parcours terminé;320.28
5718;12/05/2026 08:43:06;;Dossier validé;Parcours terminé;358.80
5719;12/05/2026 08:36:59;;Dossier validé;Parcours terminé;628.65
5720;12/05/2026 08:36:59;;Dossier validé;Parcours terminé;355.74
5721;12/05/2026 08:34:18;Rayan MICHEL;Dossier validé;Parcours terminé;897.90
5722;12/05/2026 08:34:18;Rayan MICHEL;Dossier validé;Parcours terminé;583.91
5723;12/05/2026 08:33:15;;Dossier refusé;Saisie société;813.15
5724;12/05/2026 08:33:15;;Dossier refusé;Saisie société;644.38
5725;12/05/2026 07:59:03;;Souscription non démarrée;Parcours non démarré;444.46
5726;12/05/2026 07:59:03;;Souscription non démarrée;Parcours non démarré;841.78
5727;12/05/2026 07:44:41;;Dossier refusé;Saisie société;814.95
5728;12/05/2026 07:44:41;;Dossier refusé;Saisie société;390.97
5729;12/05/2026 07:05:01;;Souscription en cours;Choix de l'offre et livraison;225.46
5730;12/05/2026 07:05:01;;Souscription en cours;Choix de l'offre et livraison;615.66
5731;12/05/2026 05:57:50;Inès MICHEL;Dossier validé;Parcours terminé;330.29
5732;12/05/2026 05:57:50;Inès MICHEL;Dossier validé;Parcours terminé;403.72
5733;12/05/2026 04:14:55;;Souscription en cours;Coordonnées personnelles;991.94
5734;12/05/2026 04:14:55;;Souscription en cours;Coordonnées personnelles;353.28
5735;12/05/2026 03:24:10;;Dossier validé;Parcours terminé;489.84
5736;12/05/2026 03:24:10;;Dossier validé;Parcours terminé;121.78
5737;12/05/2026 02:59:06;;Souscription en cours;Choix de l'offre et livraison;851.13
5738;12/05/2026 02:59:06;;Souscription en cours;Choix de l'offre et livraison;482.50
5739;12/05/2026 02:50:26;;Souscription en cours;Coordonnées personnelles;185.83
5740;12/05/2026 02:50:26;;Souscription en cours;Coordonnées personnelles;838.45
5741;12/05/2026 01:06:15;;Souscription en cours;Choix de l'offre et livraison;632.04
5742;12/05/2026 01:06:15;;Souscription en cours;Choix de l'offre et livraison;823.67
5743;12/05/2026 00:12:12;;Dossier refusé;Bénéficiaire effectifs;315.66
5744;12/05/2026 00:12:12;;Dossier refusé;Bénéficiaire effectifs;999.43
5745;12/05/2026 00:05:15;;Dossier validé;Parcours terminé;956.13
5746;12/05/2026 00:05:15;;Dossier validé;Parcours terminé;921.10
5747;11/05/2026 23:32:57;;Dossier validé;Parcours terminé;242.26
5748;11/05/2026 23:32:57;;Dossier validé;Parcours terminé;873.46
5749;11/05/2026 23:08:37;;Souscription en cours;Bénéficiaire effectifs;969.19
5750;11/05/2026 23:08:37;;Souscription en cours;Bénéficiaire effectifs;876.82
5751;11/05/2026 22:46:37;;Dossier refusé;Bénéficiaire effectifs;226.54
5752;11/05/2026 22:46:37;;Dossier refusé;Bénéficiaire effectifs;829.48
5753;11/05/2026 22:28:12;;Dossier validé;Parcours terminé;109.77
5754;11/05/2026 22:28:12;;Dossier validé;Parcours terminé;549.40
5755;11/05/2026 22:03:37;;Souscription en cours;Informations complémentaires (Etablissements, etc.);989.54
5756;11/05/2026 22:03:37;;Souscription en cours;Informations complémentaires (Etablissements, etc.);477.72
5757;11/05/2026 22:00:52;;Souscription non démarrée;Parcours non démarré;254.33
5758;11/05/2026 22:00:52;;Souscription non démarrée;Parcours non démarré;990.62
5759;11/05/2026 21:44:35;;Dossier validé;Parcours terminé;628.90
5760;11/05/2026 21:44:35;;Dossier validé;Parcours terminé;330.27
5761;11/05/2026 21:16:28;;Souscription non démarrée;Parcours non démarré;869.64
5762;11/05/2026 21:16:28;;Souscription non démarrée;Parcours non démarré;721.58
5763;11/05/2026 20:42:39;;Dossier validé;Parcours terminé;321.02
5764;11/05/2026 20:42:39;;Dossier validé;Parcours terminé;288.18
5765;11/05/2026 20:07:06;;Souscription non démarrée;Parcours non démarré;128.92
5766;11/05/2026 20:07:06;;Souscription non démarrée;Parcours non démarré;315.10
5767;11/05/2026 19:53:04;;Dossier validé;Parcours terminé;615.81
5768;11/05/2026 19:53:04;;Dossier validé;Parcours terminé;986.25
5769;11/05/2026 19:42:57;;Dossier validé;Parcours terminé;885.10
5770;11/05/2026 19:42:57;;Dossier validé;Parcours terminé;867.26
5771;11/05/2026 19:32:38;Manon LEFEBVRE;Dossier refusé;Signature Contrat;375.60
5772;11/05/2026 19:32:38;Manon LEFEBVRE;Dossier refusé;Signature Contrat;280.22
5773;11/05/2026 19:31:35;;En attente d'analyse Agent - Dossier avec erreurs;Signature Contrat;959.09
5774;11/05/2026 19:31:35;;En attente d'analyse Agent - Dossier avec erreurs;Signature Contrat;230.34
5775;11/05/2026 19:08:54;;Dossier refusé;Saisie société;619.08
5776;11/05/2026 19:08:54;;Dossier refusé;Saisie société;267.94
5777;11/05/2026 18:12:27;;Souscription en cours;Choix de l'offre et livraison;694.34
5778;11/05/2026 18:12:27;;Souscription en cours;Choix de l'offre et livraison;262.00
5779;11/05/2026 18:06:00;;Dossier validé;Parcours terminé;151.78
5780;11/05/2026 18:06:00;;Dossier validé;Parcours terminé;389.44
5781;11/05/2026 18:01:27;;Dossier refusé;Saisie société;930.29
5782;11/05/2026 18:01:27;;Dossier refusé;Saisie société;170.19
5783;11/05/2026 17:57:09;;Souscription non démarrée;Parcours non démarré;533.35
5784;11/05/2026 17:57:09;;Souscription non démarrée;Parcours non démarré;763.67
5785;11/05/2026 17:49:49;;Souscription en cours;Informations complémentaires (Etablissements, etc.);284.19
5786;11/05/2026 17:49:49;;Souscription en cours;Informations complémentaires (Etablissements, etc.);794.65
5787;11/05/2026 17:41:43;;Souscription en cours;Synchronisation référentiel personne NOVA;262.85
5788;11/05/2026 17:41:43;;Souscription en cours;Synchronisation référentiel personne NOVA;678.12
5789;11/05/2026 17:38:56;;Dossier refusé;Saisie société;744.97
5790;11/05/2026 17:38:56;;Dossier refusé;Saisie société;734.13
5791;11/05/2026 17:35:44;;Dossier refusé;Saisie société;641.95
5792;11/05/2026 17:35:44;;Dossier refusé;Saisie société;133.18
5793;11/05/2026 17:27:42;;Souscription en cours;Informations complémentaires (CA, Profession, etc.);974.73
5794;11/05/2026 17:27:42;;Souscription en cours;Informations complémentaires (CA, Profession, etc.);280.01
5795;11/05/2026 17:14:17;;En attente d'analyse Agent - Dossier avec erreurs;Signature Contrat;642.74
5796;11/05/2026 17:14:17;;En attente d'analyse Agent - Dossier avec erreurs;Signature Contrat;555.34
5797;11/05/2026 17:14:02;;Dossier validé;Parcours terminé;191.65
5798;11/05/2026 17:14:02;;Dossier validé;Parcours terminé;889.11
5799;11/05/2026 17:07:54;;En attente d'analyse Agent - Dossier avec erreurs;Signature Contrat;493.68
5800;11/05/2026 17:07:54;;En attente d'analyse Agent - Dossier avec erreurs;Signature Contrat;820.51
5801;11/05/2026 16:51:29;;Souscription en cours;Coordonnées personnelles;211.07
5802;11/05/2026 16:51:29;;Souscription en cours;Coordonnées personnelles;510.07
5803;11/05/2026 16:45:04;;Souscription en cours;Vérification d'identité;353.59
5804;11/05/2026 16:45:04;;Souscription en cours;Vérification d'identité;204.98
5805;11/05/2026 16:41:45;;Souscription en cours;Bénéficiaire effectifs;326.41
5806;11/05/2026 16:41:45;;Souscription en cours;Bénéficiaire effectifs;129.09
5807;11/05/2026 16:37:14;;Dossier refusé;Parcours non démarré;136.62
5808;11/05/2026 16:37:14;;Dossier refusé;Parcours non démarré;867.21
5809;11/05/2026 16:33:52;;Souscription en cours;Informations complémentaires (Etablissements, etc.);805.39
5810;11/05/2026 16:33:52;;Souscription en cours;Informations complémentaires (Etablissements, etc.);734.07
5811;11/05/2026 16:31:56;;En attente d'analyse Agent - Dossier avec erreurs;Signature Contrat;456.15
5812;11/05/2026 16:31:56;;En attente d'analyse Agent - Dossier avec erreurs;Signature Contrat;454.62
5813;11/05/2026 16:31:19;;Souscription en cours;Signature Contrat;346.15
5814;11/05/2026 16:31:19;;Souscription en cours;Signature Contrat;601.73
5815;11/05/2026 16:27:05;;Souscription en cours;Vérification d'identité;891.18
5816;11/05/2026 16:27:05;;Souscription en cours;Vérification d'identité;585.25
5817;11/05/2026 16:26:44;;Souscription en cours;Coordonnées personnelles;567.81
5818;11/05/2026 16:26:44;;Souscription en cours;Coordonnées personnelles;389.60
5819;11/05/2026 15:59:02;;Dossier validé;Parcours terminé;529.44
5820;11/05/2026 15:59:02;;Dossier validé;Parcours terminé;398.09
5821;11/05/2026 15:29:41;;Souscription en cours;Vérification d'identité;287.26
5822;11/05/2026 15:29:41;;Souscription en cours;Vérification d'identité;886.72
5823;11/05/2026 15:22:04;;Dossier validé;Parcours terminé;360.68
5824;11/05/2026 15:22:04;;Dossier validé;Parcours terminé;988.37
5825;11/05/2026 15:16:33;;Souscription non démarrée;Parcours non démarré;458.91
5826;11/05/2026 15:16:33;;Souscription non démarrée;Parcours non démarré;789.63
5827;11/05/2026 14:55:40;;Dossier validé;Parcours terminé;981.29
5828;11/05/2026 14:55:40;;Dossier validé;Parcours terminé;465.91
5829;11/05/2026 14:51:25;Z5735392;Dossier validé;Parcours terminé;457.99
5830;11/05/2026 14:51:25;Z5735392;Dossier validé;Parcours terminé;857.19
5831;11/05/2026 14:42:49;;Dossier refusé;Saisie société;771.05
5832;11/05/2026 14:42:49;;Dossier refusé;Saisie société;214.34
5833;11/05/2026 14:40:04;;Dossier validé;Parcours terminé;607.15
5834;11/05/2026 14:40:04;;Dossier validé;Parcours terminé;620.71
5835;11/05/2026 14:36:00;;Dossier validé;Parcours terminé;238.20
5836;11/05/2026 14:36:00;;Dossier validé;Parcours terminé;535.51
5837;11/05/2026 14:34:05;;Dossier validé;Parcours terminé;905.88
5838;11/05/2026 14:34:05;;Dossier validé;Parcours terminé;533.59
5839;11/05/2026 14:26:07;;Souscription non démarrée;Parcours non démarré;407.29
5840;11/05/2026 14:26:07;;Souscription non démarrée;Parcours non démarré;585.12
5841;11/05/2026 14:25:13;;Dossier validé;Parcours terminé;756.13
5842;11/05/2026 14:25:13;;Dossier validé;Parcours terminé;283.08
5843;11/05/2026 14:24:20;;Dossier validé;Parcours terminé;324.41
5844;11/05/2026 14:24:20;;Dossier validé;Parcours terminé;478.54
5845;11/05/2026 14:20:24;;Souscription en cours;Signature Contrat;273.42
5846;11/05/2026 14:20:24;;Souscription en cours;Signature Contrat;796.61
5847;11/05/2026 14:17:13;;Souscription en cours;Coordonnées personnelles;515.95
5848;11/05/2026 14:17:13;;Souscription en cours;Coordonnées personnelles;708.49
5849;11/05/2026 14:06:31;;Dossier validé;Parcours terminé;261.26
5850;11/05/2026 14:06:31;;Dossier validé;Parcours terminé;378.78
5851;11/05/2026 14:06:27;;Souscription en cours;Vérification d'identité;857.28
5852;11/05/2026 14:06:27;;Souscription en cours;Vérification d'identité;758.76
5853;11/05/2026 13:54:05;;Dossier validé;Parcours terminé;979.17
5854;11/05/2026 13:54:05;;Dossier validé;Parcours terminé;410.53
5855;11/05/2026 13:30:40;;Souscription en cours;Coordonnées personnelles;747.87
5856;11/05/2026 13:30:40;;Souscription en cours;Coordonnées personnelles;491.28
5857;11/05/2026 13:13:14;;Souscription en cours;Coordonnées personnelles;511.80
5858;11/05/2026 13:13:14;;Souscription en cours;Coordonnées personnelles;688.48
5859;11/05/2026 13:03:01;;Dossier refusé;Saisie société;415.17
5860;11/05/2026 13:03:01;;Dossier refusé;Saisie société;939.09
5861;11/05/2026 13:02:42;;Dossier validé;Parcours terminé;191.69
5862;11/05/2026 13:02:42;;Dossier validé;Parcours terminé;435.64
5863;11/05/2026 13:00:07;;Dossier validé;Parcours terminé;338.02
5864;11/05/2026 13:00:07;;Dossier validé;Parcours terminé;877.53
5865;11/05/2026 12:50:55;;Souscription non démarrée;Parcours non démarré;914.02
5866;11/05/2026 12:50:55;;Souscription non démarrée;Parcours non démarré;589.13
5867;11/05/2026 12:42:16;;Dossier refusé;Informations complémentaires (Etablissements, etc.);191.74
5868;11/05/2026 12:42:16;;Dossier refusé;Informations complémentaires (Etablissements, etc.);778.79
5869;11/05/2026 12:36:56;;Souscription en cours;Coordonnées personnelles;385.59
5870;11/05/2026 12:36:56;;Souscription en cours;Coordonnées personnelles;460.14
5871;11/05/2026 12:31:23;;Dossier validé;Parcours terminé;721.54
5872;11/05/2026 12:31:23;;Dossier validé;Parcours terminé;618.02
5873;11/05/2026 12:18:31;;Souscription en cours;Signature Contrat;383.88
5874;11/05/2026 12:18:31;;Souscription en cours;Signature Contrat;741.82
5875;11/05/2026 12:08:04;;Dossier refusé;Saisie société;705.84
5876;11/05/2026 12:08:04;;Dossier refusé;Saisie société;943.50
5877;11/05/2026 12:03:16;;Souscription en cours;Coordonnées personnelles;446.67
5878;11/05/2026 12:03:16;;Souscription en cours;Coordonnées personnelles;440.95
5879;11/05/2026 11:58:07;;Dossier validé;Parcours terminé;436.68
5880;11/05/2026 11:58:07;;Dossier validé;Parcours terminé;859.96
5881;11/05/2026 11:54:47;;Souscription en cours;Coordonnées personnelles;718.12
5882;11/05/2026 11:54:47;;Souscription en cours;Coordonnées personnelles;242.54
5883;11/05/2026 11:50:04;;Dossier validé;Parcours terminé;265.03
5884;11/05/2026 11:50:04;;Dossier validé;Parcours terminé;660.23
5885;11/05/2026 11:37:33;;Dossier validé;Parcours terminé;767.79
5886;11/05/2026 11:37:33;;Dossier validé;Parcours terminé;250.22
5887;11/05/2026 11:30:04;;Souscription en cours;Signature Contrat;563.70
5888;11/05/2026 11:30:04;;Souscription en cours;Signature Contrat;875.61
5889;11/05/2026 11:29:25;;Souscription en cours;Coordonnées personnelles;513.43
5890;11/05/2026 11:29:25;;Souscription en cours;Coordonnées personnelles;768.83
5891;11/05/2026 11:04:49;;Dossier validé;Parcours terminé;946.38
5892;11/05/2026 11:04:49;;Dossier validé;Parcours terminé;574.48
5893;11/05/2026 10:52:24;;Dossier validé;Parcours terminé;260.52
5894;11/05/2026 10:52:24;;Dossier validé;Parcours terminé;472.15
5895;11/05/2026 10:48:34;;Souscription non démarrée;Parcours non démarré;718.96
5896;11/05/2026 10:48:34;;Souscription non démarrée;Parcours non démarré;279.17
5897;11/05/2026 10:04:24;;Dossier validé;Parcours terminé;849.97
5898;11/05/2026 10:04:24;;Dossier validé;Parcours terminé;985.63
5899;11/05/2026 09:54:01;;Souscription en cours;Bénéficiaire effectifs;668.36
5900;11/05/2026 09:54:01;;Souscription en cours;Bénéficiaire effectifs;449.32
5901;11/05/2026 09:49:25;;Dossier validé;Parcours terminé;124.25
5902;11/05/2026 09:49:25;;Dossier validé;Parcours terminé;353.35
5903;11/05/2026 09:44:37;;Souscription en cours;Coordonnées personnelles;971.84
5904;11/05/2026 09:44:37;;Souscription en cours;Coordonnées personnelles;217.92
5905;11/05/2026 09:43:43;;Souscription non démarrée;Parcours non démarré;990.92
5906;11/05/2026 09:43:43;;Souscription non démarrée;Parcours non démarré;981.74
5907;11/05/2026 09:27:35;;Souscription non démarrée;Parcours non démarré;466.06
5908;11/05/2026 09:27:35;;Souscription non démarrée;Parcours non démarré;767.51
5909;11/05/2026 09:03:19;;Souscription en cours;Coordonnées personnelles;504.17
5910;11/05/2026 09:03:19;;Souscription en cours;Coordonnées personnelles;556.12
5911;11/05/2026 09:02:41;;Dossier validé;Parcours terminé;486.25
5912;11/05/2026 09:02:41;;Dossier validé;Parcours terminé;727.81
5913;11/05/2026 08:57:28;;Dossier validé;Parcours terminé;691.73
5914;11/05/2026 08:57:28;;Dossier validé;Parcours terminé;792.56
5915;11/05/2026 08:55:27;;Dossier validé;Parcours terminé;515.27
5916;11/05/2026 08:55:27;;Dossier validé;Parcours terminé;623.18
5917;11/05/2026 08:47:21;;Souscription en cours;Choix de l'offre et livraison;542.53
5918;11/05/2026 08:47:21;;Souscription en cours;Choix de l'offre et livraison;214.96
5919;11/05/2026 08:24:24;;Dossier validé;Parcours terminé;721.80
5920;11/05/2026 08:24:24;;Dossier validé;Parcours terminé;207.21
5921;11/05/2026 07:47:39;;Dossier validé;Parcours terminé;672.81
5922;11/05/2026 07:47:39;;Dossier validé;Parcours terminé;629.52
5923;11/05/2026 07:29:59;;Souscription non démarrée;Parcours non démarré;559.97
5924;11/05/2026 07:29:59;;Souscription non démarrée;Parcours non démarré;795.81
5925;11/05/2026 06:51:58;;Dossier validé;Parcours terminé;383.97
5926;11/05/2026 06:51:58;;Dossier validé;Parcours terminé;671.82
5927;11/05/2026 04:42:04;;Souscription en cours;Signature Contrat;659.16
5928;11/05/2026 04:42:04;;Souscription en cours;Signature Contrat;836.21
5929;11/05/2026 02:23:35;;Dossier validé;Parcours terminé;318.58
5930;11/05/2026 02:23:35;;Dossier validé;Parcours terminé;512.05
5931;11/05/2026 01:51:51;;Dossier validé;Parcours terminé;390.78
5932;11/05/2026 01:51:51;;Dossier validé;Parcours terminé;705.70
5933;11/05/2026 01:48:36;;Souscription en cours;Synchronisation référentiel personne NOVA;862.16
5934;11/05/2026 01:48:36;;Souscription en cours;Synchronisation référentiel personne NOVA;691.87
5935;11/05/2026 00:21:05;;Dossier refusé;Saisie société;374.31
5936;11/05/2026 00:21:05;;Dossier refusé;Saisie société;722.41
5937;10/05/2026 23:52:26;Zoé MULLER;Dossier validé;Parcours terminé;787.66
5938;10/05/2026 23:52:26;Zoé MULLER;Dossier validé;Parcours terminé;278.07
5939;10/05/2026 23:13:24;;Souscription en cours;Informations complémentaires (Etablissements, etc.);657.67
5940;10/05/2026 23:13:24;;Souscription en cours;Informations complémentaires (Etablissements, etc.);747.90
5941;10/05/2026 22:08:12;;Souscription non démarrée;Parcours non démarré;812.69
5942;10/05/2026 22:08:12;;Souscription non démarrée;Parcours non démarré;907.34
5943;10/05/2026 22:06:04;;Souscription non démarrée;Parcours non démarré;230.89
5944;10/05/2026 22:06:04;;Souscription non démarrée;Parcours non démarré;466.94
5945;10/05/2026 22:03:58;;Souscription non démarrée;Parcours non démarré;889.51
5946;10/05/2026 22:03:58;;Souscription non démarrée;Parcours non démarré;702.07
5947;10/05/2026 21:39:58;;Dossier validé;Parcours terminé;945.91
5948;10/05/2026 21:39:58;;Dossier validé;Parcours terminé;811.95
5949;10/05/2026 21:34:20;;Dossier validé;Parcours terminé;653.37
5950;10/05/2026 21:34:20;;Dossier validé;Parcours terminé;279.14
5951;10/05/2026 21:25:30;;Dossier validé;Parcours terminé;975.06
5952;10/05/2026 21:25:30;;Dossier validé;Parcours terminé;582.74
5953;10/05/2026 21:16:01;;Souscription en cours;Coordonnées personnelles;126.20
5954;10/05/2026 21:16:01;;Souscription en cours;Coordonnées personnelles;323.49
5955;10/05/2026 21:01:00;;Souscription non démarrée;Parcours non démarré;745.07
5956;10/05/2026 21:01:00;;Souscription non démarrée;Parcours non démarré;928.40
5957;10/05/2026 20:19:43;;Dossier validé;Parcours terminé;952.34
5958;10/05/2026 20:19:43;;Dossier validé;Parcours terminé;267.46
5959;10/05/2026 19:20:24;;Souscription non démarrée;Parcours non démarré;309.36
5960;10/05/2026 19:20:24;;Souscription non démarrée;Parcours non démarré;852.72
5961;10/05/2026 19:08:20;;Souscription non démarrée;Parcours non démarré;198.42
5962;10/05/2026 19:08:20;;Souscription non démarrée;Parcours non démarré;477.21
5963;10/05/2026 17:10:23;;Souscription en cours;Vérification d'identité;333.62
5964;10/05/2026 17:10:23;;Souscription en cours;Vérification d'identité;658.14
5965;10/05/2026 16:53:49;;Souscription en cours;Choix de l'offre et livraison;705.70
5966;10/05/2026 16:53:49;;Souscription en cours;Choix de l'offre et livraison;288.06
5967;10/05/2026 16:51:57;;Souscription en cours;Signature Contrat;331.61
5968;10/05/2026 16:51:57;;Souscription en cours;Signature Contrat;296.15
5969;10/05/2026 16:28:27;;Dossier validé;Parcours terminé;558.13
5970;10/05/2026 16:28:27;;Dossier validé;Parcours terminé;901.26
5971;10/05/2026 16:15:55;;Souscription en cours;Coordonnées personnelles;340.51
5972;10/05/2026 16:15:55;;Souscription en cours;Coordonnées personnelles;390.78
5973;10/05/2026 15:59:50;;Souscription en cours;Coordonnées personnelles;167.09
5974;10/05/2026 15:59:50;;Souscription en cours;Coordonnées personnelles;863.63
5975;10/05/2026 15:58:47;;Dossier validé;Parcours terminé;955.51
5976;10/05/2026 15:58:47;;Dossier validé;Parcours terminé;104.82
5977;10/05/2026 15:57:41;;Dossier validé;Parcours terminé;288.96
5978;10/05/2026 15:57:41;;Dossier validé;Parcours terminé;145.72
5979;10/05/2026 15:44:43;;Dossier validé;Parcours terminé;293.29
5980;10/05/2026 15:44:43;;Dossier validé;Parcours terminé;774.61
5981;10/05/2026 15:40:33;;Dossier validé;Parcours terminé;271.29
5982;10/05/2026 15:40:33;;Dossier validé;Parcours terminé;666.13
5983;10/05/2026 15:24:05;;Dossier refusé;Signature Contrat;823.78
5984;10/05/2026 15:24:05;;Dossier refusé;Signature Contrat;147.19
5985;10/05/2026 15:10:49;;Dossier validé;Parcours terminé;804.37
5986;10/05/2026 15:10:49;;Dossier validé;Parcours terminé;128.10
5987;10/05/2026 15:10:23;;Souscription en cours;Choix de l'offre et livraison;888.13
5988;10/05/2026 15:10:23;;Souscription en cours;Choix de l'offre et livraison;225.12
5989;10/05/2026 14:52:51;;Souscription en cours;Coordonnées personnelles;708.34
5990;10/05/2026 14:52:51;;Souscription en cours;Coordonnées personnelles;386.51
5991;10/05/2026 14:06:24;;Souscription en cours;Signature Contrat;216.47
5992;10/05/2026 14:06:24;;Souscription en cours;Signature Contrat;337.21
5993;10/05/2026 13:54:14;;Souscription en cours;Coordonnées personnelles;834.66
5994;10/05/2026 13:54:14;;Souscription en cours;Coordonnées personnelles;308.71
5995;10/05/2026 13:20:03;;Dossier validé;Parcours terminé;968.33
5996;10/05/2026 13:20:03;;Dossier validé;Parcours terminé;846.16
5997;10/05/2026 13:15:49;;Dossier validé;Parcours terminé;383.19
5998;10/05/2026 13:15:49;;Dossier validé;Parcours terminé;874.46
5999;10/05/2026 12:53:24;;Souscription en cours;Coordonnées personnelles;729.92
6000;10/05/2026 12:53:24;;Souscription en cours;Coordonnées personnelles;348.58
6001;10/05/2026 12:44:17;;Souscription en cours;Informations complémentaires (Etablissements, etc.);399.06
6002;10/05/2026 12:44:17;;Souscription en cours;Informations complémentaires (Etablissements, etc.);342.01
6003;10/05/2026 12:39:23;;Souscription en cours;Coordonnées personnelles;464.88
6004;10/05/2026 12:39:23;;Souscription en cours;Coordonnées personnelles;746.26
6005;10/05/2026 12:32:49;;Souscription non démarrée;Parcours non démarré;104.10
6006;10/05/2026 12:32:49;;Souscription non démarrée;Parcours non démarré;722.69
6007;10/05/2026 12:32:40;;Dossier validé;Parcours terminé;362.97
6008;10/05/2026 12:32:40;;Dossier validé;Parcours terminé;796.68
6009;10/05/2026 12:21:40;;Dossier validé;Parcours terminé;522.93
6010;10/05/2026 12:21:40;;Dossier validé;Parcours terminé;737.92
6011;10/05/2026 12:16:56;;Souscription non démarrée;Parcours non démarré;783.90
6012;10/05/2026 12:16:56;;Souscription non démarrée;Parcours non démarré;348.26
6013;10/05/2026 12:13:25;;Dossier refusé;Saisie société;452.19
6014;10/05/2026 12:13:25;;Dossier refusé;Saisie société;141.51
6015;10/05/2026 11:51:42;;Souscription non démarrée;Parcours non démarré;260.39
6016;10/05/2026 11:51:42;;Souscription non démarrée;Parcours non démarré;202.30
6017;10/05/2026 11:09:38;;Dossier validé;Parcours terminé;356.21
6018;10/05/2026 11:09:38;;Dossier validé;Parcours terminé;576.67
6019;10/05/2026 11:04:36;;Dossier validé;Parcours terminé;858.05
6020;10/05/2026 11:04:36;;Dossier validé;Parcours terminé;540.23
6021;10/05/2026 11:02:58;;Dossier validé;Parcours terminé;540.42
6022;10/05/2026 11:02:58;;Dossier validé;Parcours terminé;570.34
6023;10/05/2026 10:50:49;;Dossier validé;Parcours terminé;108.89
6024;10/05/2026 10:50:49;;Dossier validé;Parcours terminé;567.49
6025;10/05/2026 10:36:34;;Dossier validé;Parcours terminé;558.77
6026;10/05/2026 10:36:34;;Dossier validé;Parcours terminé;696.67
6027;10/05/2026 10:27:44;;Souscription en cours;Choix de l'offre et livraison;441.49
6028;10/05/2026 10:27:44;;Souscription en cours;Choix de l'offre et livraison;782.59
6029;10/05/2026 10:24:44;;Dossier refusé;Saisie société;108.74
6030;10/05/2026 10:24:44;;Dossier refusé;Saisie société;159.34
6031;10/05/2026 10:05:43;;Souscription en cours;Signature Contrat;847.95
6032;10/05/2026 10:05:43;;Souscription en cours;Signature Contrat;178.47
6033;10/05/2026 09:36:12;;Souscription en cours;Signature Contrat;953.85
6034;10/05/2026 09:36:12;;Souscription en cours;Signature Contrat;508.02
6035;10/05/2026 09:12:08;;Dossier refusé;Saisie société;604.83
6036;10/05/2026 09:12:08;;Dossier refusé;Saisie société;550.94
6037;10/05/2026 08:42:52;;Souscription non démarrée;Parcours non démarré;897.59
6038;10/05/2026 08:42:52;;Souscription non démarrée;Parcours non démarré;179.73
6039;10/05/2026 08:36:36;;Souscription en cours;Coordonnées personnelles;988.16
6040;10/05/2026 08:36:36;;Souscription en cours;Coordonnées personnelles;847.80
6041;10/05/2026 08:20:50;;Souscription en cours;Choix de l'offre et livraison;927.99
6042;10/05/2026 08:20:50;;Souscription en cours;Choix de l'offre et livraison;511.36
6043;10/05/2026 08:09:28;;Souscription en cours;Coordonnées personnelles;674.90
6044;10/05/2026 08:09:28;;Souscription en cours;Coordonnées personnelles;799.69
6045;10/05/2026 06:06:22;;Souscription en cours;Choix de l'offre et livraison;642.00
6046;10/05/2026 06:06:22;;Souscription en cours;Choix de l'offre et livraison;692.21
6047;10/05/2026 04:44:14;;Souscription non démarrée;Parcours non démarré;377.85
6048;10/05/2026 04:44:14;;Souscription non démarrée;Parcours non démarré;987.09
6049;09/05/2026 23:38:54;;Dossier validé;Parcours terminé;585.11
6050;09/05/2026 23:38:54;;Dossier validé;Parcours terminé;353.60
6051;09/05/2026 23:31:46;;Dossier validé;Parcours terminé;698.88
6052;09/05/2026 23:31:46;;Dossier validé;Parcours terminé;244.58
6053;09/05/2026 22:51:25;;Souscription en cours;Signature Contrat;361.33
6054;09/05/2026 22:51:25;;Souscription en cours;Signature Contrat;561.56
6055;09/05/2026 22:36:29;;Dossier refusé;Informations complémentaires (CA, Profession, etc.);651.50
6056;09/05/2026 22:36:29;;Dossier refusé;Informations complémentaires (CA, Profession, etc.);260.37
6057;09/05/2026 22:32:23;;Dossier validé;Parcours terminé;906.48
6058;09/05/2026 22:32:23;;Dossier validé;Parcours terminé;790.51
6059;09/05/2026 22:25:18;;Dossier validé;Parcours terminé;942.15
6060;09/05/2026 22:25:18;;Dossier validé;Parcours terminé;738.48
6061;09/05/2026 22:01:39;;Souscription en cours;Coordonnées personnelles;486.58
6062;09/05/2026 22:01:39;;Souscription en cours;Coordonnées personnelles;446.01
6063;09/05/2026 21:55:28;;Dossier validé;Parcours terminé;483.41
6064;09/05/2026 21:55:28;;Dossier validé;Parcours terminé;389.35
6065;09/05/2026 21:48:15;;Dossier validé;Parcours terminé;368.03
6066;09/05/2026 21:48:15;;Dossier validé;Parcours terminé;786.18
6067;09/05/2026 21:10:13;;Souscription en cours;Choix de l'offre et livraison;703.46
6068;09/05/2026 21:10:13;;Souscription en cours;Choix de l'offre et livraison;510.09
6069;09/05/2026 21:06:54;;Dossier refusé;Saisie société;865.94
6070;09/05/2026 21:06:54;;Dossier refusé;Saisie société;867.81
6071;09/05/2026 21:04:33;;Dossier refusé;Saisie société;306.02
6072;09/05/2026 21:04:33;;Dossier refusé;Saisie société;651.96
6073;09/05/2026 21:04:07;;Souscription non démarrée;Parcours non démarré;844.13
6074;09/05/2026 21:04:07;;Souscription non démarrée;Parcours non démarré;967.17
6075;09/05/2026 20:38:18;;Souscription en cours;Choix de l'offre et livraison;108.02
6076;09/05/2026 20:38:18;;Souscription en cours;Choix de l'offre et livraison;635.99
6077;09/05/2026 20:37:13;;Souscription en cours;Signature Contrat;104.57
6078;09/05/2026 20:37:13;;Souscription en cours;Signature Contrat;769.34
6079;09/05/2026 19:43:10;;Souscription en cours;Choix de l'offre et livraison;367.63
6080;09/05/2026 19:43:10;;Souscription en cours;Choix de l'offre et livraison;811.20
6081;09/05/2026 19:30:21;;Dossier validé;Parcours terminé;194.55
6082;09/05/2026 19:30:21;;Dossier validé;Parcours terminé;964.77
6083;09/05/2026 19:28:55;;Souscription non démarrée;Parcours non démarré;755.85
6084;09/05/2026 19:28:55;;Souscription non démarrée;Parcours non démarré;254.63
6085;09/05/2026 18:59:41;;Souscription en cours;Coordonnées personnelles;436.74
6086;09/05/2026 18:59:41;;Souscription en cours;Coordonnées personnelles;908.51
6087;09/05/2026 18:41:51;;Dossier validé;Parcours terminé;417.29
6088;09/05/2026 18:41:51;;Dossier validé;Parcours terminé;333.08
6089;09/05/2026 18:27:42;;En attente d'analyse Agent - Dossier avec erreurs;Signature Contrat;205.18
6090;09/05/2026 18:27:42;;En attente d'analyse Agent - Dossier avec erreurs;Signature Contrat;408.35
6091;09/05/2026 18:16:19;;Souscription en cours;Coordonnées personnelles;977.41
6092;09/05/2026 18:16:19;;Souscription en cours;Coordonnées personnelles;870.97
6093;09/05/2026 18:13:29;;En attente d'analyse Agent - Dossier avec erreurs;Signature Contrat;701.50
6094;09/05/2026 18:13:29;;En attente d'analyse Agent - Dossier avec erreurs;Signature Contrat;282.54
6095;09/05/2026 17:34:15;;Dossier validé;Parcours terminé;977.85
6096;09/05/2026 17:34:15;;Dossier validé;Parcours terminé;546.63
6097;09/05/2026 17:27:18;;Souscription en cours;Choix de l'offre et livraison;574.37
6098;09/05/2026 17:27:18;;Souscription en cours;Choix de l'offre et livraison;321.35
6099;09/05/2026 17:21:43;Hugo MARTIN;Dossier validé;Parcours terminé;170.58
6100;09/05/2026 17:21:43;Hugo MARTIN;Dossier validé;Parcours terminé;493.76
6101;09/05/2026 16:51:52;;Souscription en cours;Coordonnées personnelles;907.04
6102;09/05/2026 16:51:52;;Souscription en cours;Coordonnées personnelles;481.10
6103;09/05/2026 16:44:04;;Dossier refusé;Choix de l'offre et livraison;465.53
6104;09/05/2026 16:44:04;;Dossier refusé;Choix de l'offre et livraison;513.31
6105;09/05/2026 16:41:01;;Souscription non démarrée;Parcours non démarré;885.03
6106;09/05/2026 16:41:01;;Souscription non démarrée;Parcours non démarré;747.31
6107;09/05/2026 16:38:44;;Souscription non démarrée;Parcours non démarré;943.01
6108;09/05/2026 16:38:44;;Souscription non démarrée;Parcours non démarré;822.22
6109;09/05/2026 16:33:49;;Souscription en cours;Coordonnées personnelles;205.60
6110;09/05/2026 16:33:49;;Souscription en cours;Coordonnées personnelles;689.50
6111;09/05/2026 16:20:22;;Souscription en cours;Synchronisation référentiel personne NOVA;457.49
6112;09/05/2026 16:20:22;;Souscription en cours;Synchronisation référentiel personne NOVA;833.48
6113;09/05/2026 16:19:21;;Souscription en cours;Vérification d'identité;686.63
6114;09/05/2026 16:19:21;;Souscription en cours;Vérification d'identité;658.92
6115;09/05/2026 16:16:32;;Dossier validé;Parcours terminé;411.01
6116;09/05/2026 16:16:32;;Dossier validé;Parcours terminé;924.73
6117;09/05/2026 16:12:49;;Dossier validé;Parcours terminé;645.94
6118;09/05/2026 16:12:49;;Dossier validé;Parcours terminé;380.38
6119;09/05/2026 15:53:42;;Souscription en cours;Coordonnées personnelles;721.76
6120;09/05/2026 15:53:42;;Souscription en cours;Coordonnées personnelles;422.38
6121;09/05/2026 15:52:07;;Dossier validé;Parcours terminé;883.21
6122;09/05/2026 15:52:07;;Dossier validé;Parcours terminé;614.42
6123;09/05/2026 15:46:47;;Souscription en cours;Choix de l'offre et livraison;780.49
6124;09/05/2026 15:46:47;;Souscription en cours;Choix de l'offre et livraison;716.19
6125;09/05/2026 15:41:51;;Dossier validé;Parcours terminé;139.35
6126;09/05/2026 15:41:51;;Dossier validé;Parcours terminé;536.56
6127;09/05/2026 15:33:12;;Dossier validé;Parcours terminé;124.68
6128;09/05/2026 15:33:12;;Dossier validé;Parcours terminé;191.39
6129;09/05/2026 15:16:54;;Dossier validé;Parcours terminé;657.35
6130;09/05/2026 15:16:54;;Dossier validé;Parcours terminé;702.97
6131;09/05/2026 15:16:54;;Souscription en cours;Coordonnées personnelles;328.76
6132;09/05/2026 15:16:54;;Souscription en cours;Coordonnées personnelles;409.52
6133;09/05/2026 15:16:09;;Souscription en cours;Coordonnées personnelles;617.80
6134;09/05/2026 15:16:09;;Souscription en cours;Coordonnées personnelles;524.21
6135;09/05/2026 15:07:58;;Dossier validé;Parcours terminé;586.73
6136;09/05/2026 15:07:58;;Dossier validé;Parcours terminé;460.75
6137;09/05/2026 15:05:55;;Souscription non démarrée;Parcours non démarré;866.35
6138;09/05/2026 15:05:55;;Souscription non démarrée;Parcours non démarré;775.04
6139;09/05/2026 15:03:40;;Dossier validé;Parcours terminé;166.80
6140;09/05/2026 15:03:40;;Dossier validé;Parcours terminé;222.68
6141;09/05/2026 15:03:20;;Dossier refusé;Signature Contrat;624.70
6142;09/05/2026 15:03:20;;Dossier refusé;Signature Contrat;906.36
6143;09/05/2026 14:42:22;;Souscription en cours;Coordonnées personnelles;778.59
6144;09/05/2026 14:42:22;;Souscription en cours;Coordonnées personnelles;687.10
6145;09/05/2026 14:22:06;;Dossier refusé;Signature Contrat;781.71
6146;09/05/2026 14:22:06;;Dossier refusé;Signature Contrat;110.17
6147;09/05/2026 14:12:54;;Souscription non démarrée;Parcours non démarré;749.34
6148;09/05/2026 14:12:54;;Souscription non démarrée;Parcours non démarré;277.81
6149;09/05/2026 14:11:40;;Souscription en cours;Signature Contrat;512.68
6150;09/05/2026 14:11:40;;Souscription en cours;Signature Contrat;256.44
6151;09/05/2026 13:28:15;;Dossier validé;Parcours terminé;369.21
6152;09/05/2026 13:28:15;;Dossier validé;Parcours terminé;914.55
6153;09/05/2026 13:07:47;;Dossier validé;Parcours terminé;766.46
6154;09/05/2026 13:07:47;;Dossier validé;Parcours terminé;506.49
6155;09/05/2026 13:05:40;;Dossier refusé;Saisie société;988.65
6156;09/05/2026 13:05:40;;Dossier refusé;Saisie société;618.10
6157;09/05/2026 13:05:20;;En attente d'analyse Agent - Dossier avec erreurs;Signature Contrat;530.33
6158;09/05/2026 13:05:20;;En attente d'analyse Agent - Dossier avec erreurs;Signature Contrat;887.29
6159;09/05/2026 13:03:06;;Dossier validé;Parcours terminé;696.51
6160;09/05/2026 13:03:06;;Dossier validé;Parcours terminé;328.56
6161;09/05/2026 12:58:53;Rayan MICHEL;Dossier validé;Parcours terminé;290.41
6162;09/05/2026 12:58:53;Rayan MICHEL;Dossier validé;Parcours terminé;599.97
6163;09/05/2026 12:56:06;;Dossier validé;Parcours terminé;395.57
6164;09/05/2026 12:56:06;;Dossier validé;Parcours terminé;974.31
6165;09/05/2026 12:48:29;;Souscription non démarrée;Parcours non démarré;276.46
6166;09/05/2026 12:48:29;;Souscription non démarrée;Parcours non démarré;755.68
6167;09/05/2026 12:47:51;;Souscription en cours;Coordonnées personnelles;261.35
6168;09/05/2026 12:47:51;;Souscription en cours;Coordonnées personnelles;353.56
6169;09/05/2026 12:31:37;Hugo MARTIN;Dossier refusé;Signature Contrat;651.39
6170;09/05/2026 12:31:37;Hugo MARTIN;Dossier refusé;Signature Contrat;539.87
6171;09/05/2026 12:28:54;;Dossier validé;Parcours terminé;936.89
6172;09/05/2026 12:28:54;;Dossier validé;Parcours terminé;596.02
6173;09/05/2026 12:27:37;;Dossier validé;Parcours terminé;915.56
6174;09/05/2026 12:27:37;;Dossier validé;Parcours terminé;256.61
6175;09/05/2026 12:24:56;;Dossier refusé;Signature Contrat;960.74
6176;09/05/2026 12:24:56;;Dossier refusé;Signature Contrat;497.77
6177;09/05/2026 11:53:27;;Souscription en cours;Coordonnées personnelles;244.57
6178;09/05/2026 11:53:27;;Souscription en cours;Coordonnées personnelles;536.41
6179;09/05/2026 11:53:06;;Dossier refusé;Saisie société;552.47
6180;09/05/2026 11:53:06;;Dossier refusé;Saisie société;481.98
6181;09/05/2026 11:40:31;;Dossier refusé;Saisie société;919.46
6182;09/05/2026 11:40:31;;Dossier refusé;Saisie société;241.02
6183;09/05/2026 11:38:21;;Dossier refusé;Saisie société;289.62
6184;09/05/2026 11:38:21;;Dossier refusé;Saisie société;582.56
6185;09/05/2026 11:32:35;;Souscription en cours;Signature Contrat;786.50
6186;09/05/2026 11:32:35;;Souscription en cours;Signature Contrat;421.60
6187;09/05/2026 11:31:27;;Souscription en cours;Informations complémentaires (Etablissements, etc.);839.70
6188;09/05/2026 11:31:27;;Souscription en cours;Informations complémentaires (Etablissements, etc.);324.94
6189;09/05/2026 11:23:42;;Dossier validé;Parcours terminé;866.51
6190;09/05/2026 11:23:42;;Dossier validé;Parcours terminé;257.67
6191;09/05/2026 11:20:19;;Dossier refusé;Signature Contrat;694.97
6192;09/05/2026 11:20:19;;Dossier refusé;Signature Contrat;118.55
6193;09/05/2026 11:18:56;;Souscription en cours;Choix de l'offre et livraison;525.44
6194;09/05/2026 11:18:56;;Souscription en cours;Choix de l'offre et livraison;904.69
6195;09/05/2026 11:14:04;;Souscription en cours;Coordonnées personnelles;450.35
6196;09/05/2026 11:14:04;;Souscription en cours;Coordonnées personnelles;948.71
6197;09/05/2026 11:11:17;Hugo MARTIN;Dossier refusé;Signature Contrat;740.99
6198;09/05/2026 11:11:17;Hugo MARTIN;Dossier refusé;Signature Contrat;913.54
6199;09/05/2026 11:09:00;;En attente d'analyse Agent - Dossier avec erreurs;Signature Contrat;443.80
6200;09/05/2026 11:09:00;;En attente d'analyse Agent - Dossier avec erreurs;Signature Contrat;289.64
6201;09/05/2026 11:04:21;Hugo MARTIN;Dossier validé;Parcours terminé;237.98
6202;09/05/2026 11:04:21;Hugo MARTIN;Dossier validé;Parcours terminé;642.63
6203;09/05/2026 11:01:20;;Souscription en cours;Coordonnées personnelles;728.11
6204;09/05/2026 11:01:20;;Souscription en cours;Coordonnées personnelles;609.08
6205;09/05/2026 10:54:54;;En attente d'analyse Agent - Dossier avec erreurs;Signature Contrat;775.06
6206;09/05/2026 10:54:54;;En attente d'analyse Agent - Dossier avec erreurs;Signature Contrat;218.41
6207;09/05/2026 10:51:22;;Dossier refusé;Saisie société;349.69
6208;09/05/2026 10:51:22;;Dossier refusé;Saisie société;117.58
6209;09/05/2026 10:48:18;;Souscription en cours;Choix de l'offre et livraison;205.75
6210;09/05/2026 10:48:18;;Souscription en cours;Choix de l'offre et livraison;514.10
6211;09/05/2026 10:46:55;;Dossier refusé;Saisie société;334.98
6212;09/05/2026 10:46:55;;Dossier refusé;Saisie société;145.66
6213;09/05/2026 10:45:23;;Dossier refusé;Choix de l'offre et livraison;546.75
6214;09/05/2026 10:45:23;;Dossier refusé;Choix de l'offre et livraison;115.95
6215;09/05/2026 10:43:43;;Dossier validé;Parcours terminé;729.12
6216;09/05/2026 10:43:43;;Dossier validé;Parcours terminé;679.56
6217;09/05/2026 10:42:58;;Dossier validé;Parcours terminé;614.34
6218;09/05/2026 10:42:58;;Dossier validé;Parcours terminé;305.90
6219;09/05/2026 10:38:30;;Dossier validé;Parcours terminé;498.07
6220;09/05/2026 10:38:30;;Dossier validé;Parcours terminé;785.61
6221;09/05/2026 10:33:38;;Souscription en cours;Coordonnées personnelles;519.82
6222;09/05/2026 10:33:38;;Souscription en cours;Coordonnées personnelles;140.39
6223;09/05/2026 10:21:36;;Souscription en cours;Choix de l'offre et livraison;990.86
6224;09/05/2026 10:21:36;;Souscription en cours;Choix de l'offre et livraison;690.21
6225;09/05/2026 10:20:32;;Dossier refusé;Saisie société;299.33
6226;09/05/2026 10:20:32;;Dossier refusé;Saisie société;294.49
6227;09/05/2026 10:19:27;;Dossier validé;Parcours terminé;897.23
6228;09/05/2026 10:19:27;;Dossier validé;Parcours terminé;896.61
6229;09/05/2026 10:16:26;;Dossier validé;Parcours terminé;311.59
6230;09/05/2026 10:16:26;;Dossier validé;Parcours terminé;573.48
6231;09/05/2026 10:13:11;;Dossier validé;Parcours terminé;109.09
6232;09/05/2026 10:13:11;;Dossier validé;Parcours terminé;158.38
6233;09/05/2026 10:11:00;;Dossier validé;Parcours terminé;611.21
6234;09/05/2026 10:11:00;;Dossier validé;Parcours terminé;494.00
6235;09/05/2026 10:08:09;;Dossier refusé;Saisie société;158.14
6236;09/05/2026 10:08:09;;Dossier refusé;Saisie société;821.99
6237;09/05/2026 09:48:52;;Souscription en cours;Coordonnées personnelles;144.14
6238;09/05/2026 09:48:52;;Souscription en cours;Coordonnées personnelles;470.07
6239;09/05/2026 09:42:18;;Dossier validé;Parcours terminé;924.81
6240;09/05/2026 09:42:18;;Dossier validé;Parcours terminé;699.81
6241;09/05/2026 09:37:46;;Dossier validé;Parcours terminé;800.80
6242;09/05/2026 09:37:46;;Dossier validé;Parcours terminé;341.17
6243;09/05/2026 09:36:23;;Souscription en cours;Coordonnées personnelles;979.50
6244;09/05/2026 09:36:23;;Souscription en cours;Coordonnées personnelles;370.50
6245;09/05/2026 09:33:25;;Dossier refusé;Parcours terminé;158.03
6246;09/05/2026 09:33:25;;Dossier refusé;Parcours terminé;722.69
6247;09/05/2026 09:28:07;;Souscription en cours;Coordonnées personnelles;258.14
6248;09/05/2026 09:28:07;;Souscription en cours;Coordonnées personnelles;184.52
6249;09/05/2026 09:26:09;;Souscription en cours;Coordonnées personnelles;205.06
6250;09/05/2026 09:26:09;;Souscription en cours;Coordonnées personnelles;286.19
6251;09/05/2026 09:11:18;;Dossier validé;Parcours terminé;285.37
6252;09/05/2026 09:11:18;;Dossier validé;Parcours terminé;177.42
6253;09/05/2026 08:44:41;;Souscription en cours;Coordonnées personnelles;500.38
6254;09/05/2026 08:44:41;;Souscription en cours;Coordonnées personnelles;660.59
6255;09/05/2026 08:24:37;;Souscription en cours;Coordonnées personnelles;570.95
6256;09/05/2026 08:24:37;;Souscription en cours;Coordonnées personnelles;982.53
6257;09/05/2026 08:16:08;;Dossier validé;Parcours terminé;996.27
6258;09/05/2026 08:16:08;;Dossier validé;Parcours terminé;597.55
6259;09/05/2026 08:12:47;;Souscription en cours;Signature Contrat;893.59
6260;09/05/2026 08:12:47;;Souscription en cours;Signature Contrat;358.23
6261;09/05/2026 07:57:57;;Dossier validé;Parcours terminé;483.34
6262;09/05/2026 07:57:57;;Dossier validé;Parcours terminé;548.89
6263;09/05/2026 07:41:14;;Dossier validé;Parcours terminé;141.56
6264;09/05/2026 07:41:14;;Dossier validé;Parcours terminé;277.98
6265;09/05/2026 03:17:48;;Souscription en cours;Vérification d'identité;618.62
6266;09/05/2026 03:17:48;;Souscription en cours;Vérification d'identité;975.86
6267;09/05/2026 02:36:18;;Dossier validé;Parcours terminé;572.13
6268;09/05/2026 02:36:18;;Dossier validé;Parcours terminé;264.45
6269;09/05/2026 02:27:22;;Souscription en cours;Vérification d'identité;837.97
6270;09/05/2026 02:27:22;;Souscription en cours;Vérification d'identité;477.38
6271;09/05/2026 02:05:59;;Souscription en cours;Choix de l'offre et livraison;409.70
6272;09/05/2026 02:05:59;;Souscription en cours;Choix de l'offre et livraison;187.32
6273;09/05/2026 01:08:20;;Souscription en cours;Choix de l'offre et livraison;742.51
6274;09/05/2026 01:08:20;;Souscription en cours;Choix de l'offre et livraison;580.46
6275;09/05/2026 00:52:01;;Souscription en cours;Informations complémentaires (Etablissements, etc.);793.53
6276;09/05/2026 00:52:01;;Souscription en cours;Informations complémentaires (Etablissements, etc.);575.63
6277;09/05/2026 00:47:16;;Souscription en cours;Coordonnées personnelles;895.90
6278;09/05/2026 00:47:16;;Souscription en cours;Coordonnées personnelles;272.70
6279;09/05/2026 00:19:44;;Dossier validé;Parcours terminé;976.74
6280;09/05/2026 00:19:44;;Dossier validé;Parcours terminé;647.56
6281;08/05/2026 22:46:10;;Dossier validé;Parcours terminé;478.58
6282;08/05/2026 22:46:10;;Dossier validé;Parcours terminé;457.48
6283;08/05/2026 22:41:57;;Souscription en cours;Informations complémentaires (CA, Profession, etc.);187.40
6284;08/05/2026 22:41:57;;Souscription en cours;Informations complémentaires (CA, Profession, etc.);850.66
6285;08/05/2026 22:19:04;;Dossier validé;Parcours terminé;651.18
6286;08/05/2026 22:19:04;;Dossier validé;Parcours terminé;247.50
6287;08/05/2026 21:53:41;;En attente d'analyse Agent - Dossier avec erreurs;Signature Contrat;824.54
6288;08/05/2026 21:53:41;;En attente d'analyse Agent - Dossier avec erreurs;Signature Contrat;699.50
6289;08/05/2026 21:36:36;;Dossier validé;Parcours terminé;149.02
6290;08/05/2026 21:36:36;;Dossier validé;Parcours terminé;590.36
6291;08/05/2026 21:32:58;;Souscription en cours;Vérification d'identité;995.39
6292;08/05/2026 21:32:58;;Souscription en cours;Vérification d'identité;646.90
6293;08/05/2026 21:27:56;;Dossier validé;Parcours terminé;348.01
6294;08/05/2026 21:27:56;;Dossier validé;Parcours terminé;561.57
6295;08/05/2026 21:17:54;;Souscription en cours;Synchronisation référentiel personne NOVA;455.31
6296;08/05/2026 21:17:54;;Souscription en cours;Synchronisation référentiel personne NOVA;280.06
6297;08/05/2026 21:06:17;;Dossier validé;Parcours terminé;123.64
6298;08/05/2026 21:06:17;;Dossier validé;Parcours terminé;386.26
6299;08/05/2026 21:04:32;;Souscription en cours;Coordonnées personnelles;799.93
6300;08/05/2026 21:04:32;;Souscription en cours;Coordonnées personnelles;737.10
6301;08/05/2026 20:38:01;;Dossier refusé;Saisie société;765.62
6302;08/05/2026 20:38:01;;Dossier refusé;Saisie société;839.53
6303;08/05/2026 20:36:50;;Dossier validé;Parcours terminé;116.18
6304;08/05/2026 20:36:50;;Dossier validé;Parcours terminé;640.32
6305;08/05/2026 20:13:51;;Dossier validé;Parcours terminé;217.49
6306;08/05/2026 20:13:51;;Dossier validé;Parcours terminé;536.85
6307;08/05/2026 20:00:17;;Souscription en cours;Signature Contrat;101.46
6308;08/05/2026 20:00:17;;Souscription en cours;Signature Contrat;853.36
6309;08/05/2026 20:00:09;;Souscription en cours;Signature Contrat;116.41
6310;08/05/2026 20:00:09;;Souscription en cours;Signature Contrat;691.89
6311;08/05/2026 19:55:20;;Dossier validé;Parcours terminé;890.89
6312;08/05/2026 19:55:20;;Dossier validé;Parcours terminé;679.60
6313;08/05/2026 19:43:29;;Dossier validé;Parcours terminé;157.07
6314;08/05/2026 19:43:29;;Dossier validé;Parcours terminé;115.67
6315;08/05/2026 19:00:42;;Dossier refusé;Saisie société;524.53
6316;08/05/2026 19:00:42;;Dossier refusé;Saisie société;588.81
6317;08/05/2026 18:54:01;;Dossier validé;Parcours terminé;918.53
6318;08/05/2026 18:54:01;;Dossier validé;Parcours terminé;403.06
6319;08/05/2026 18:52:46;;Dossier validé;Parcours terminé;650.51
6320;08/05/2026 18:52:46;;Dossier validé;Parcours terminé;323.40
6321;08/05/2026 18:47:35;;Souscription en cours;Coordonnées personnelles;644.77
6322;08/05/2026 18:47:35;;Souscription en cours;Coordonnées personnelles;312.92
6323;08/05/2026 18:47:30;;Dossier validé;Parcours terminé;186.96
6324;08/05/2026 18:47:30;;Dossier validé;Parcours terminé;645.44
6325;08/05/2026 18:46:31;Manon LEFEBVRE;Dossier refusé;Saisie société;846.26
6326;08/05/2026 18:46:31;Manon LEFEBVRE;Dossier refusé;Saisie société;708.72
6327;08/05/2026 18:45:47;;Souscription en cours;Synchronisation référentiel personne NOVA;718.42
6328;08/05/2026 18:45:47;;Souscription en cours;Synchronisation référentiel personne NOVA;671.76
6329;08/05/2026 18:38:55;;Dossier validé;Parcours terminé;334.87
6330;08/05/2026 18:38:55;;Dossier validé;Parcours terminé;533.33
6331;08/05/2026 18:38:54;;Dossier validé;Parcours terminé;456.84
6332;08/05/2026 18:38:54;;Dossier validé;Parcours terminé;149.22
6333;08/05/2026 18:30:18;;Dossier validé;Parcours terminé;833.62
6334;08/05/2026 18:30:18;;Dossier validé;Parcours terminé;943.53
6335;08/05/2026 18:23:23;;Dossier validé;Parcours terminé;866.82
6336;08/05/2026 18:23:23;;Dossier validé;Parcours terminé;528.33
6337;08/05/2026 18:14:03;;Souscription en cours;Coordonnées personnelles;296.62
6338;08/05/2026 18:14:03;;Souscription en cours;Coordonnées personnelles;530.44
6339;08/05/2026 18:05:12;;Souscription en cours;Coordonnées personnelles;994.80
6340;08/05/2026 18:05:12;;Souscription en cours;Coordonnées personnelles;820.11
6341;08/05/2026 18:01:48;;Souscription en cours;Coordonnées personnelles;870.39
6342;08/05/2026 18:01:48;;Souscription en cours;Coordonnées personnelles;482.00
6343;08/05/2026 17:57:29;;Dossier validé;Parcours terminé;379.34
6344;08/05/2026 17:57:29;;Dossier validé;Parcours terminé;129.03
6345;08/05/2026 17:50:17;;Dossier validé;Parcours terminé;278.04
6346;08/05/2026 17:50:17;;Dossier validé;Parcours terminé;528.56
6347;08/05/2026 17:46:14;;Dossier validé;Parcours terminé;417.96
6348;08/05/2026 17:46:14;;Dossier validé;Parcours terminé;825.06
6349;08/05/2026 17:42:07;;Souscription non démarrée;Parcours non démarré;359.97
6350;08/05/2026 17:42:07;;Souscription non démarrée;Parcours non démarré;362.95
6351;08/05/2026 17:31:31;;Souscription en cours;Vérification d'identité;785.25
6352;08/05/2026 17:31:31;;Souscription en cours;Vérification d'identité;740.11
6353;08/05/2026 17:20:22;;Souscription en cours;Informations complémentaires (Etablissements, etc.);968.69
6354;08/05/2026 17:20:22;;Souscription en cours;Informations complémentaires (Etablissements, etc.);914.43
6355;08/05/2026 16:58:03;;Dossier validé;Parcours terminé;507.72
6356;08/05/2026 16:58:03;;Dossier validé;Parcours terminé;367.95
6357;08/05/2026 16:43:46;;Souscription non démarrée;Parcours non démarré;438.97
6358;08/05/2026 16:43:46;;Souscription non démarrée;Parcours non démarré;278.69
6359;08/05/2026 16:34:48;;Dossier validé;Parcours terminé;999.27
6360;08/05/2026 16:34:48;;Dossier validé;Parcours terminé;466.39
6361;08/05/2026 16:34:27;;Dossier refusé;Signature Contrat;873.00
6362;08/05/2026 16:34:27;;Dossier refusé;Signature Contrat;483.56
6363;08/05/2026 16:21:57;;Dossier refusé;Saisie société;755.27
6364;08/05/2026 16:21:57;;Dossier refusé;Saisie société;302.20
6365;08/05/2026 16:20:48;;Dossier validé;Parcours terminé;797.29
6366;08/05/2026 16:20:48;;Dossier validé;Parcours terminé;882.63
6367;08/05/2026 16:14:40;;Souscription en cours;Choix de l'offre et livraison;361.55
6368;08/05/2026 16:14:40;;Souscription en cours;Choix de l'offre et livraison;630.56
6369;08/05/2026 16:12:53;;Souscription en cours;Vérification d'identité;274.67
6370;08/05/2026 16:12:53;;Souscription en cours;Vérification d'identité;946.99
6371;08/05/2026 16:04:11;;Souscription en cours;Informations complémentaires (Etablissements, etc.);344.52
6372;08/05/2026 16:04:11;;Souscription en cours;Informations complémentaires (Etablissements, etc.);618.45
6373;08/05/2026 15:56:29;;Dossier refusé;Saisie société;813.24
6374;08/05/2026 15:56:29;;Dossier refusé;Saisie société;148.56
6375;08/05/2026 15:56:26;;Dossier validé;Parcours terminé;621.82
6376;08/05/2026 15:56:26;;Dossier validé;Parcours terminé;177.09
6377;08/05/2026 15:53:27;;Dossier validé;Parcours terminé;423.40
6378;08/05/2026 15:53:27;;Dossier validé;Parcours terminé;131.51
6379;08/05/2026 15:38:52;;Souscription en cours;Coordonnées personnelles;538.79
6380;08/05/2026 15:38:52;;Souscription en cours;Coordonnées personnelles;924.46
6381;08/05/2026 15:37:51;;Dossier validé;Parcours terminé;569.33
6382;08/05/2026 15:37:51;;Dossier validé;Parcours terminé;168.55
6383;08/05/2026 15:26:29;;Dossier validé;Parcours terminé;589.46
6384;08/05/2026 15:26:29;;Dossier validé;Parcours terminé;492.24
6385;08/05/2026 15:25:42;Adam MARTIN;Dossier validé;Parcours terminé;785.32
6386;08/05/2026 15:25:42;Adam MARTIN;Dossier validé;Parcours terminé;863.11
6387;08/05/2026 15:22:04;;Souscription en cours;Vérification d'identité;976.03
6388;08/05/2026 15:22:04;;Souscription en cours;Vérification d'identité;441.48
6389;08/05/2026 15:17:06;;Dossier validé;Parcours terminé;568.85
6390;08/05/2026 15:17:06;;Dossier validé;Parcours terminé;334.15
6391;08/05/2026 15:11:52;;Dossier validé;Parcours terminé;824.05
6392;08/05/2026 15:11:52;;Dossier validé;Parcours terminé;617.68
6393;08/05/2026 15:08:21;;Dossier validé;Parcours terminé;694.23
6394;08/05/2026 15:08:21;;Dossier validé;Parcours terminé;941.90
6395;08/05/2026 14:55:45;;Dossier validé;Parcours terminé;805.42
6396;08/05/2026 14:55:45;;Dossier validé;Parcours terminé;256.93
6397;08/05/2026 14:55:32;;Dossier validé;Parcours terminé;590.15
6398;08/05/2026 14:55:32;;Dossier validé;Parcours terminé;935.37
6399;08/05/2026 14:43:18;Hugo MARTIN;Dossier validé;Parcours terminé;466.33
6400;08/05/2026 14:43:18;Hugo MARTIN;Dossier validé;Parcours terminé;331.70
6401;08/05/2026 14:42:57;;Dossier validé;Parcours terminé;682.98
6402;08/05/2026 14:42:57;;Dossier validé;Parcours terminé;498.92
6403;08/05/2026 14:37:17;;Souscription non démarrée;Parcours non démarré;932.97
6404;08/05/2026 14:37:17;;Souscription non démarrée;Parcours non démarré;763.86
6405;08/05/2026 14:23:54;;Dossier validé;Parcours terminé;916.31
6406;08/05/2026 14:23:54;;Dossier validé;Parcours terminé;328.16
6407;08/05/2026 14:22:30;;Souscription en cours;Coordonnées personnelles;720.11
6408;08/05/2026 14:22:30;;Souscription en cours;Coordonnées personnelles;652.85
6409;08/05/2026 14:22:15;;Souscription en cours;Coordonnées personnelles;324.85
6410;08/05/2026 14:22:15;;Souscription en cours;Coordonnées personnelles;472.60
6411;08/05/2026 14:21:41;;Dossier validé;Parcours terminé;901.74
6412;08/05/2026 14:21:41;;Dossier validé;Parcours terminé;865.43
6413;08/05/2026 14:17:26;Hugo MARTIN;Dossier validé;Parcours terminé;411.75
6414;08/05/2026 14:17:26;Hugo MARTIN;Dossier validé;Parcours terminé;237.43
6415;08/05/2026 14:08:47;;Dossier refusé;Saisie société;551.78
6416;08/05/2026 14:08:47;;Dossier refusé;Saisie société;276.22
6417;08/05/2026 13:59:30;;Souscription en cours;Signature Contrat;877.31
6418;08/05/2026 13:59:30;;Souscription en cours;Signature Contrat;208.29
6419;08/05/2026 13:57:07;;Souscription en cours;Informations complémentaires (Etablissements, etc.);640.60
6420;08/05/2026 13:57:07;;Souscription en cours;Informations complémentaires (Etablissements, etc.);776.02
6421;08/05/2026 13:44:27;;Dossier validé;Parcours terminé;611.63
6422;08/05/2026 13:44:27;;Dossier validé;Parcours terminé;882.98
6423;08/05/2026 13:30:53;;Souscription en cours;Choix de l'offre et livraison;723.31
6424;08/05/2026 13:30:53;;Souscription en cours;Choix de l'offre et livraison;697.16
6425;08/05/2026 13:24:50;;Souscription en cours;Choix de l'offre et livraison;907.04
6426;08/05/2026 13:24:50;;Souscription en cours;Choix de l'offre et livraison;147.75
6427;08/05/2026 13:18:53;;Dossier validé;Parcours terminé;991.01
6428;08/05/2026 13:18:53;;Dossier validé;Parcours terminé;513.19
6429;08/05/2026 13:10:38;Inès MICHEL;Dossier validé;Parcours terminé;771.69
6430;08/05/2026 13:10:38;Inès MICHEL;Dossier validé;Parcours terminé;530.41
6431;08/05/2026 13:08:38;;Dossier validé;Parcours terminé;425.72
6432;08/05/2026 13:08:38;;Dossier validé;Parcours terminé;139.96
6433;08/05/2026 13:01:47;;Souscription en cours;Coordonnées personnelles;639.16
6434;08/05/2026 13:01:47;;Souscription en cours;Coordonnées personnelles;983.24
6435;08/05/2026 12:58:07;;Souscription en cours;Signature Contrat;866.04
6436;08/05/2026 12:58:07;;Souscription en cours;Signature Contrat;215.64
6437;08/05/2026 12:50:41;;Souscription en cours;Choix de l'offre et livraison;963.18
6438;08/05/2026 12:50:41;;Souscription en cours;Choix de l'offre et livraison;225.94
6439;08/05/2026 12:46:59;;Dossier refusé;Saisie société;770.54
6440;08/05/2026 12:46:59;;Dossier refusé;Saisie société;495.53
6441;08/05/2026 12:40:40;;Dossier validé;Parcours terminé;539.51
6442;08/05/2026 12:40:40;;Dossier validé;Parcours terminé;130.34
6443;08/05/2026 12:40:38;;Souscription en cours;Vérification d'identité;618.01
6444;08/05/2026 12:40:38;;Souscription en cours;Vérification d'identité;586.95
6445;08/05/2026 12:00:03;;Dossier validé;Parcours terminé;143.07
6446;08/05/2026 12:00:03;;Dossier validé;Parcours terminé;411.57
6447;08/05/2026 11:56:51;;Souscription en cours;Informations complémentaires (CA, Profession, etc.);984.98
6448;08/05/2026 11:56:51;;Souscription en cours;Informations complémentaires (CA, Profession, etc.);656.68
6449;08/05/2026 11:51:50;Z5735392;Dossier validé;Parcours terminé;586.00
6450;08/05/2026 11:51:50;Z5735392;Dossier validé;Parcours terminé;726.51
6451;08/05/2026 11:47:45;;Dossier validé;Parcours terminé;649.71
6452;08/05/2026 11:47:45;;Dossier validé;Parcours terminé;526.39
6453;08/05/2026 11:41:18;;Dossier refusé;Saisie société;482.28
6454;08/05/2026 11:41:18;;Dossier refusé;Saisie société;986.32
6455;08/05/2026 11:33:33;;Dossier validé;Parcours terminé;323.65
6456;08/05/2026 11:33:33;;Dossier validé;Parcours terminé;656.10
6457;08/05/2026 11:29:43;;En attente d'analyse Agent - Dossier avec erreurs;Signature Contrat;531.33
6458;08/05/2026 11:29:43;;En attente d'analyse Agent - Dossier avec erreurs;Signature Contrat;428.46
6459;08/05/2026 11:24:52;;Dossier validé;Parcours terminé;566.92
6460;08/05/2026 11:24:52;;Dossier validé;Parcours terminé;835.00
6461;08/05/2026 11:21:26;;Souscription en cours;Coordonnées personnelles;550.14
6462;08/05/2026 11:21:26;;Souscription en cours;Coordonnées personnelles;638.28
6463;08/05/2026 11:20:51;;Souscription en cours;Choix de l'offre et livraison;735.70
6464;08/05/2026 11:20:51;;Souscription en cours;Choix de l'offre et livraison;645.74
6465;08/05/2026 11:04:45;;Souscription en cours;Signature Contrat;876.11
6466;08/05/2026 11:04:45;;Souscription en cours;Signature Contrat;978.22
6467;08/05/2026 11:04:31;Hugo MARTIN;Dossier validé;Parcours terminé;781.93
6468;08/05/2026 11:04:31;Hugo MARTIN;Dossier validé;Parcours terminé;392.11
6469;08/05/2026 11:03:51;;Dossier validé;Parcours terminé;261.78
6470;08/05/2026 11:03:51;;Dossier validé;Parcours terminé;807.22
6471;08/05/2026 11:00:23;;Souscription en cours;Choix de l'offre et livraison;399.55
6472;08/05/2026 11:00:23;;Souscription en cours;Choix de l'offre et livraison;745.12
6473;08/05/2026 10:31:38;;Dossier refusé;Saisie société;230.91
6474;08/05/2026 10:31:38;;Dossier refusé;Saisie société;661.14
6475;08/05/2026 10:23:13;;Dossier validé;Parcours terminé;985.66
6476;08/05/2026 10:23:13;;Dossier validé;Parcours terminé;161.59
6477;08/05/2026 10:19:35;;Souscription en cours;Informations complémentaires (CA, Profession, etc.);384.66
6478;08/05/2026 10:19:35;;Souscription en cours;Informations complémentaires (CA, Profession, etc.);539.98
6479;08/05/2026 10:05:49;;Souscription en cours;Coordonnées personnelles;382.27
6480;08/05/2026 10:05:49;;Souscription en cours;Coordonnées personnelles;886.12
6481;08/05/2026 10:02:15;;Souscription en cours;Coordonnées personnelles;737.64
6482;08/05/2026 10:02:15;;Souscription en cours;Coordonnées personnelles;459.81
6483;08/05/2026 10:00:27;;Dossier validé;Parcours terminé;201.90
6484;08/05/2026 10:00:27;;Dossier validé;Parcours terminé;538.40
6485;08/05/2026 09:58:53;;Dossier validé;Parcours terminé;313.97
6486;08/05/2026 09:58:53;;Dossier validé;Parcours terminé;403.72
6487;08/05/2026 09:51:04;;Dossier refusé;Choix de l'offre et livraison;605.22
6488;08/05/2026 09:51:04;;Dossier refusé;Choix de l'offre et livraison;713.88
6489;08/05/2026 09:42:05;;Dossier validé;Parcours terminé;932.67
6490;08/05/2026 09:42:05;;Dossier validé;Parcours terminé;268.92
6491;08/05/2026 08:25:37;;Dossier refusé;Signature Contrat;747.42
6492;08/05/2026 08:25:37;;Dossier refusé;Signature Contrat;732.72
6493;08/05/2026 08:22:08;;Dossier validé;Parcours terminé;473.78
6494;08/05/2026 08:22:08;;Dossier validé;Parcours terminé;668.16
6495;08/05/2026 08:20:44;;Dossier refusé;Saisie société;920.53
6496;08/05/2026 08:20:44;;Dossier refusé;Saisie société;674.20
6497;08/05/2026 08:18:58;Adam LAURENT;Dossier validé;Parcours terminé;966.79
6498;08/05/2026 08:18:58;Adam LAURENT;Dossier validé;Parcours terminé;618.22
6499;08/05/2026 08:02:00;;Dossier validé;Parcours terminé;999.69
6500;08/05/2026 08:02:00;;Dossier validé;Parcours terminé;725.43
6501;08/05/2026 07:54:06;;En attente d'analyse Agent - Dossier avec erreurs;Signature Contrat;399.24
6502;08/05/2026 07:54:06;;En attente d'analyse Agent - Dossier avec erreurs;Signature Contrat;938.25
6503;08/05/2026 07:14:58;;En attente d'analyse Agent - Dossier avec erreurs;Signature Contrat;675.66
6504;08/05/2026 07:14:58;;En attente d'analyse Agent - Dossier avec erreurs;Signature Contrat;535.67
6505;08/05/2026 07:03:39;;Dossier validé;Parcours terminé;424.29
6506;08/05/2026 07:03:39;;Dossier validé;Parcours terminé;845.19
6507;08/05/2026 06:56:35;;Dossier refusé;Saisie société;222.13
6508;08/05/2026 06:56:35;;Dossier refusé;Saisie société;418.63
6509;08/05/2026 06:27:08;;Souscription non démarrée;Parcours non démarré;653.79
6510;08/05/2026 06:27:08;;Souscription non démarrée;Parcours non démarré;402.22
6511;08/05/2026 04:58:15;;Dossier validé;Parcours terminé;578.10
6512;08/05/2026 04:58:15;;Dossier validé;Parcours terminé;890.77
6513;08/05/2026 02:36:32;;En attente d'analyse Agent - Dossier avec erreurs;Signature Contrat;246.63
6514;08/05/2026 02:36:32;;En attente d'analyse Agent - Dossier avec erreurs;Signature Contrat;315.88
6515;08/05/2026 01:16:16;;Dossier validé;Parcours terminé;697.56
6516;08/05/2026 01:16:16;;Dossier validé;Parcours terminé;424.00
6517;08/05/2026 00:52:04;;Dossier validé;Parcours terminé;906.33
6518;08/05/2026 00:52:04;;Dossier validé;Parcours terminé;650.40
6519;08/05/2026 00:20:15;;Souscription en cours;Coordonnées personnelles;416.22
6520;08/05/2026 00:20:15;;Souscription en cours;Coordonnées personnelles;358.13
6521;08/05/2026 00:03:47;;Souscription en cours;Coordonnées personnelles;389.45
6522;08/05/2026 00:03:47;;Souscription en cours;Coordonnées personnelles;638.27
6523;07/05/2026 23:59:58;;Dossier refusé;Saisie société;375.03
6524;07/05/2026 23:59:58;;Dossier refusé;Saisie société;264.63
6525;07/05/2026 23:27:51;;Dossier validé;Parcours terminé;996.41
6526;07/05/2026 23:27:51;;Dossier validé;Parcours terminé;908.45
6527;07/05/2026 22:59:45;;Dossier validé;Parcours terminé;875.65
6528;07/05/2026 22:59:45;;Dossier validé;Parcours terminé;192.90
6529;07/05/2026 22:54:24;;Dossier validé;Parcours terminé;429.79
6530;07/05/2026 22:54:24;;Dossier validé;Parcours terminé;841.61
6531;07/05/2026 22:53:21;Manon LEFEBVRE;Dossier refusé;Saisie société;895.86
6532;07/05/2026 22:53:21;Manon LEFEBVRE;Dossier refusé;Saisie société;599.29
6533;07/05/2026 22:28:10;;Souscription en cours;Coordonnées personnelles;925.74
6534;07/05/2026 22:28:10;;Souscription en cours;Coordonnées personnelles;125.90
6535;07/05/2026 22:20:27;;Souscription en cours;Choix de l'offre et livraison;128.97
6536;07/05/2026 22:20:27;;Souscription en cours;Choix de l'offre et livraison;299.06
6537;07/05/2026 22:08:36;;Souscription en cours;Coordonnées personnelles;738.22
6538;07/05/2026 22:08:36;;Souscription en cours;Coordonnées personnelles;949.12
6539;07/05/2026 22:04:21;;Dossier refusé;Saisie société;195.21
6540;07/05/2026 22:04:21;;Dossier refusé;Saisie société;701.15
6541;07/05/2026 21:46:29;;Dossier validé;Parcours terminé;126.13
6542;07/05/2026 21:46:29;;Dossier validé;Parcours terminé;637.98
6543;07/05/2026 21:44:21;;Souscription en cours;Coordonnées personnelles;498.42
6544;07/05/2026 21:44:21;;Souscription en cours;Coordonnées personnelles;198.77
6545;07/05/2026 21:40:32;;Dossier validé;Parcours terminé;851.78
6546;07/05/2026 21:40:32;;Dossier validé;Parcours terminé;634.21
6547;07/05/2026 21:33:50;;Dossier validé;Parcours terminé;139.23
6548;07/05/2026 21:33:50;;Dossier validé;Parcours terminé;903.34
6549;07/05/2026 21:28:37;;En attente d'analyse Agent - Dossier avec erreurs;Signature Contrat;676.22
6550;07/05/2026 21:28:37;;En attente d'analyse Agent - Dossier avec erreurs;Signature Contrat;405.80
6551;07/05/2026 21:24:12;;Dossier refusé;Choix de l'offre et livraison;140.86
6552;07/05/2026 21:24:12;;Dossier refusé;Choix de l'offre et livraison;163.98
6553;07/05/2026 21:09:40;;Souscription en cours;Signature Contrat;460.51
6554;07/05/2026 21:09:40;;Souscription en cours;Signature Contrat;555.14
6555;07/05/2026 20:54:26;;Dossier validé;Parcours terminé;541.99
6556;07/05/2026 20:54:26;;Dossier validé;Parcours terminé;610.86
6557;07/05/2026 20:48:41;;Souscription non démarrée;Parcours non démarré;979.29
6558;07/05/2026 20:48:41;;Souscription non démarrée;Parcours non démarré;865.81
6559;07/05/2026 20:37:27;;Dossier refusé;Saisie société;307.87
6560;07/05/2026 20:37:27;;Dossier refusé;Saisie société;298.90
6561;07/05/2026 20:33:37;;Dossier validé;Parcours terminé;644.56
6562;07/05/2026 20:33:37;;Dossier validé;Parcours terminé;498.70
6563;07/05/2026 20:23:02;;Dossier refusé;Synchronisation référentiel personne NOVA;487.65
6564;07/05/2026 20:23:02;;Dossier refusé;Synchronisation référentiel personne NOVA;760.14
6565;07/05/2026 20:03:20;;Dossier refusé;Saisie société;363.50
6566;07/05/2026 20:03:20;;Dossier refusé;Saisie société;414.64
6567;07/05/2026 19:42:00;;Dossier validé;Parcours terminé;347.70
6568;07/05/2026 19:42:00;;Dossier validé;Parcours terminé;177.34
6569;07/05/2026 19:35:17;;Souscription en cours;Coordonnées personnelles;316.08
6570;07/05/2026 19:35:17;;Souscription en cours;Coordonnées personnelles;703.06
6571;07/05/2026 19:12:00;;Dossier validé;Parcours terminé;963.67
6572;07/05/2026 19:12:00;;Dossier validé;Parcours terminé;176.12
6573;07/05/2026 18:46:59;;Souscription en cours;Signature Contrat;523.47
6574;07/05/2026 18:46:59;;Souscription en cours;Signature Contrat;290.98
6575;07/05/2026 18:43:01;;Souscription non démarrée;Parcours non démarré;458.07
6576;07/05/2026 18:43:01;;Souscription non démarrée;Parcours non démarré;810.33
6577;07/05/2026 18:24:05;;Souscription en cours;Coordonnées personnelles;590.34
6578;07/05/2026 18:24:05;;Souscription en cours;Coordonnées personnelles;203.41
6579;07/05/2026 18:18:42;;Dossier refusé;Signature Contrat;846.35
6580;07/05/2026 18:18:42;;Dossier refusé;Signature Contrat;927.47
6581;07/05/2026 18:14:04;;Souscription en cours;Coordonnées personnelles;120.99
6582;07/05/2026 18:14:04;;Souscription en cours;Coordonnées personnelles;932.44
6583;07/05/2026 17:42:20;;Dossier validé;Parcours terminé;847.91
6584;07/05/2026 17:42:20;;Dossier validé;Parcours terminé;334.07
6585;07/05/2026 17:37:45;;Souscription non démarrée;Parcours non démarré;705.62
6586;07/05/2026 17:37:45;;Souscription non démarrée;Parcours non démarré;927.55
6587;07/05/2026 17:14:31;;Souscription en cours;Choix de l'offre et livraison;286.98
6588;07/05/2026 17:14:31;;Souscription en cours;Choix de l'offre et livraison;280.42
6589;07/05/2026 17:12:01;;Dossier validé;Parcours terminé;967.04
6590;07/05/2026 17:12:01;;Dossier validé;Parcours terminé;594.20
6591;07/05/2026 17:11:52;;Souscription en cours;Coordonnées personnelles;587.31
6592;07/05/2026 17:11:52;;Souscription en cours;Coordonnées personnelles;198.74
6593;07/05/2026 17:08:25;;Dossier refusé;Signature Contrat;422.70
6594;07/05/2026 17:08:25;;Dossier refusé;Signature Contrat;563.74
6595;07/05/2026 17:08:17;;Souscription en cours;Informations complémentaires (Etablissements, etc.);356.44
6596;07/05/2026 17:08:17;;Souscription en cours;Informations complémentaires (Etablissements, etc.);316.74
6597;07/05/2026 17:01:14;;Souscription en cours;Choix de l'offre et livraison;197.51
6598;07/05/2026 17:01:14;;Souscription en cours;Choix de l'offre et livraison;704.10
6599;07/05/2026 16:59:58;;Dossier validé;Parcours terminé;821.51
6600;07/05/2026 16:59:58;;Dossier validé;Parcours terminé;166.56
6601;07/05/2026 16:45:56;Inès MICHEL;Dossier refusé;Coordonnées personnelles;303.85
6602;07/05/2026 16:45:56;Inès MICHEL;Dossier refusé;Coordonnées personnelles;258.01
6603;07/05/2026 16:40:48;;Souscription en cours;Synchronisation référentiel personne NOVA;516.75
6604;07/05/2026 16:40:48;;Souscription en cours;Synchronisation référentiel personne NOVA;869.32
6605;07/05/2026 16:37:34;;Dossier validé;Parcours terminé;861.41
6606;07/05/2026 16:37:34;;Dossier validé;Parcours terminé;328.70
6607;07/05/2026 16:30:03;;Dossier refusé;Choix de l'offre et livraison;375.09
6608;07/05/2026 16:30:03;;Dossier refusé;Choix de l'offre et livraison;750.60
6609;07/05/2026 16:18:12;;Dossier validé;Parcours terminé;529.22
6610;07/05/2026 16:18:12;;Dossier validé;Parcours terminé;603.40
6611;07/05/2026 16:16:51;;Souscription en cours;Coordonnées personnelles;898.36
6612;07/05/2026 16:16:51;;Souscription en cours;Coordonnées personnelles;592.75
6613;07/05/2026 16:11:53;;Souscription en cours;Signature Contrat;256.28
6614;07/05/2026 16:11:53;;Souscription en cours;Signature Contrat;779.62
6615;07/05/2026 16:06:29;;Souscription en cours;Coordonnées personnelles;836.22
6616;07/05/2026 16:06:29;;Souscription en cours;Coordonnées personnelles;255.26
6617;07/05/2026 16:02:08;;Souscription en cours;Signature Contrat;366.25
6618;07/05/2026 16:02:08;;Souscription en cours;Signature Contrat;268.97
6619;07/05/2026 16:01:45;;Dossier validé;Parcours terminé;459.37
6620;07/05/2026 16:01:45;;Dossier validé;Parcours terminé;171.86
6621;07/05/2026 15:53:46;;Souscription en cours;Choix de l'offre et livraison;898.05
6622;07/05/2026 15:53:46;;Souscription en cours;Choix de l'offre et livraison;433.34
6623;07/05/2026 15:49:00;;Souscription en cours;Signature Contrat;922.45
6624;07/05/2026 15:49:00;;Souscription en cours;Signature Contrat;623.62
6625;07/05/2026 15:48:35;;Dossier validé;Parcours terminé;128.33
6626;07/05/2026 15:48:35;;Dossier validé;Parcours terminé;259.48
6627;07/05/2026 15:46:59;;Souscription en cours;Choix de l'offre et livraison;396.83
6628;07/05/2026 15:46:59;;Souscription en cours;Choix de l'offre et livraison;713.24
6629;07/05/2026 15:40:37;;Souscription non démarrée;Parcours non démarré;342.98
6630;07/05/2026 15:40:37;;Souscription non démarrée;Parcours non démarré;127.27
6631;07/05/2026 15:36:10;;Dossier validé;Parcours terminé;775.46
6632;07/05/2026 15:36:10;;Dossier validé;Parcours terminé;955.35
6633;07/05/2026 15:32:39;;Souscription en cours;Coordonnées personnelles;626.08
6634;07/05/2026 15:32:39;;Souscription en cours;Coordonnées personnelles;520.10
6635;07/05/2026 15:30:45;;Souscription en cours;Coordonnées personnelles;334.57
6636;07/05/2026 15:30:45;;Souscription en cours;Coordonnées personnelles;890.35
6637;07/05/2026 15:29:11;;Dossier refusé;Saisie société;508.93
6638;07/05/2026 15:29:11;;Dossier refusé;Saisie société;837.24
6639;07/05/2026 15:27:26;;Dossier validé;Parcours terminé;732.24
6640;07/05/2026 15:27:26;;Dossier validé;Parcours terminé;120.79
6641;07/05/2026 15:23:07;;Dossier validé;Parcours terminé;691.33
6642;07/05/2026 15:23:07;;Dossier validé;Parcours terminé;107.09
6643;07/05/2026 15:17:12;;Souscription non démarrée;Parcours non démarré;586.26
6644;07/05/2026 15:17:12;;Souscription non démarrée;Parcours non démarré;537.90
6645;07/05/2026 15:16:43;;Dossier refusé;Signature Contrat;471.32
6646;07/05/2026 15:16:43;;Dossier refusé;Signature Contrat;797.51
6647;07/05/2026 15:15:25;;Dossier validé;Parcours terminé;422.54
6648;07/05/2026 15:15:25;;Dossier validé;Parcours terminé;473.25
6649;07/05/2026 15:14:24;;Souscription non démarrée;Parcours non démarré;509.79
6650;07/05/2026 15:14:24;;Souscription non démarrée;Parcours non démarré;848.55
6651;07/05/2026 15:12:25;;Dossier validé;Parcours terminé;832.05
6652;07/05/2026 15:12:25;;Dossier validé;Parcours terminé;990.82
6653;07/05/2026 15:09:40;;Souscription en cours;Choix de l'offre et livraison;133.76
6654;07/05/2026 15:09:40;;Souscription en cours;Choix de l'offre et livraison;911.09
6655;07/05/2026 15:07:30;;Souscription en cours;Choix de l'offre et livraison;768.78
6656;07/05/2026 15:07:30;;Souscription en cours;Choix de l'offre et livraison;847.31
6657;07/05/2026 15:03:22;;Souscription en cours;Signature Contrat;172.40
6658;07/05/2026 15:03:22;;Souscription en cours;Signature Contrat;362.15
6659;07/05/2026 14:57:02;;Souscription non démarrée;Parcours non démarré;792.49
6660;07/05/2026 14:57:02;;Souscription non démarrée;Parcours non démarré;172.26
6661;07/05/2026 14:50:56;;Souscription en cours;Signature Contrat;131.13
6662;07/05/2026 14:50:56;;Souscription en cours;Signature Contrat;487.05
6663;07/05/2026 14:46:48;;Souscription en cours;Vérification d'identité;652.46
6664;07/05/2026 14:46:48;;Souscription en cours;Vérification d'identité;823.56
6665;07/05/2026 14:44:48;;Souscription en cours;Coordonnées personnelles;746.13
6666;07/05/2026 14:44:48;;Souscription en cours;Coordonnées personnelles;133.99
6667;07/05/2026 14:44:47;;Dossier validé;Parcours terminé;622.92
6668;07/05/2026 14:44:47;;Dossier validé;Parcours terminé;750.37
6669;07/05/2026 14:42:45;;Souscription en cours;Coordonnées personnelles;967.65
6670;07/05/2026 14:42:45;;Souscription en cours;Coordonnées personnelles;936.99
6671;07/05/2026 14:37:12;;Dossier validé;Parcours terminé;512.59
6672;07/05/2026 14:37:12;;Dossier validé;Parcours terminé;494.65
6673;07/05/2026 14:29:08;;Souscription non démarrée;Parcours non démarré;937.77
6674;07/05/2026 14:29:08;;Souscription non démarrée;Parcours non démarré;591.40
6675;07/05/2026 14:19:33;;Dossier validé;Parcours terminé;485.06
6676;07/05/2026 14:19:33;;Dossier validé;Parcours terminé;845.19
6677;07/05/2026 14:17:06;;Souscription non démarrée;Parcours non démarré;998.72
6678;07/05/2026 14:17:06;;Souscription non démarrée;Parcours non démarré;775.48
6679;07/05/2026 14:10:40;;Dossier validé;Parcours terminé;350.27
6680;07/05/2026 14:10:40;;Dossier validé;Parcours terminé;749.22
6681;07/05/2026 14:01:17;;Souscription en cours;Coordonnées personnelles;979.97
6682;07/05/2026 14:01:17;;Souscription en cours;Coordonnées personnelles;802.26
6683;07/05/2026 13:51:54;;Souscription en cours;Choix de l'offre et livraison;883.62
6684;07/05/2026 13:51:54;;Souscription en cours;Choix de l'offre et livraison;656.54
6685;07/05/2026 13:29:46;;Souscription en cours;Signature Contrat;667.41
6686;07/05/2026 13:29:46;;Souscription en cours;Signature Contrat;935.92
6687;07/05/2026 13:24:25;;Souscription en cours;Signature Contrat;297.02
6688;07/05/2026 13:24:25;;Souscription en cours;Signature Contrat;326.58
6689;07/05/2026 13:18:35;;Dossier validé;Parcours terminé;963.50
6690;07/05/2026 13:18:35;;Dossier validé;Parcours terminé;112.55
6691;07/05/2026 13:09:35;;Souscription en cours;Coordonnées personnelles;733.48
6692;07/05/2026 13:09:35;;Souscription en cours;Coordonnées personnelles;474.54
6693;07/05/2026 13:06:32;;Souscription en cours;Signature Contrat;961.16
6694;07/05/2026 13:06:32;;Souscription en cours;Signature Contrat;673.40
6695;07/05/2026 12:58:29;;Dossier validé;Parcours terminé;248.55
6696;07/05/2026 12:58:29;;Dossier validé;Parcours terminé;295.87
6697;07/05/2026 12:55:40;;Dossier validé;Parcours terminé;174.84
6698;07/05/2026 12:55:40;;Dossier validé;Parcours terminé;907.12
6699;07/05/2026 12:49:12;;Souscription en cours;Coordonnées personnelles;307.50
6700;07/05/2026 12:49:12;;Souscription en cours;Coordonnées personnelles;961.35
6701;07/05/2026 12:41:22;;Dossier refusé;Synchronisation référentiel personne NOVA;198.61
6702;07/05/2026 12:41:22;;Dossier refusé;Synchronisation référentiel personne NOVA;877.68
6703;07/05/2026 12:39:26;;Dossier validé;Parcours terminé;546.15
6704;07/05/2026 12:39:26;;Dossier validé;Parcours terminé;937.57
6705;07/05/2026 12:39:13;;Souscription non démarrée;Parcours non démarré;177.92
6706;07/05/2026 12:39:13;;Souscription non démarrée;Parcours non démarré;452.34
6707;07/05/2026 12:35:54;;Dossier refusé;Saisie société;936.74
6708;07/05/2026 12:35:54;;Dossier refusé;Saisie société;823.61
6709;07/05/2026 12:24:33;;Dossier validé;Parcours terminé;119.69
6710;07/05/2026 12:24:33;;Dossier validé;Parcours terminé;330.76
6711;07/05/2026 12:05:12;;Souscription non démarrée;Parcours non démarré;871.87
6712;07/05/2026 12:05:12;;Souscription non démarrée;Parcours non démarré;170.73
6713;07/05/2026 12:04:46;;Dossier validé;Parcours terminé;737.26
6714;07/05/2026 12:04:46;;Dossier validé;Parcours terminé;171.02
6715;07/05/2026 12:02:15;;Dossier validé;Parcours terminé;951.79
6716;07/05/2026 12:02:15;;Dossier validé;Parcours terminé;856.56
6717;07/05/2026 11:59:28;;Souscription en cours;Coordonnées personnelles;522.49
6718;07/05/2026 11:59:28;;Souscription en cours;Coordonnées personnelles;398.22
6719;07/05/2026 11:50:59;;Souscription en cours;Criblages BE(s);793.51
6720;07/05/2026 11:50:59;;Souscription en cours;Criblages BE(s);203.46
6721;07/05/2026 11:45:09;;Souscription en cours;Coordonnées personnelles;869.76
6722;07/05/2026 11:45:09;;Souscription en cours;Coordonnées personnelles;310.41
6723;07/05/2026 11:43:56;;Souscription en cours;Coordonnées personnelles;970.20
6724;07/05/2026 11:43:56;;Souscription en cours;Coordonnées personnelles;874.88
6725;07/05/2026 11:34:44;;Dossier validé;Parcours terminé;734.17
6726;07/05/2026 11:34:44;;Dossier validé;Parcours terminé;884.39
6727;07/05/2026 11:25:22;;Dossier validé;Parcours terminé;513.34
6728;07/05/2026 11:25:22;;Dossier validé;Parcours terminé;606.40
6729;07/05/2026 11:24:26;;Souscription en cours;Coordonnées personnelles;984.18
6730;07/05/2026 11:24:26;;Souscription en cours;Coordonnées personnelles;934.28
6731;07/05/2026 11:17:54;;Souscription en cours;Coordonnées personnelles;425.26
6732;07/05/2026 11:17:54;;Souscription en cours;Coordonnées personnelles;258.33
6733;07/05/2026 11:16:19;;Souscription en cours;Choix de l'offre et livraison;638.33
6734;07/05/2026 11:16:19;;Souscription en cours;Choix de l'offre et livraison;803.16
6735;07/05/2026 11:08:11;;Dossier validé;Parcours terminé;682.67
6736;07/05/2026 11:08:11;;Dossier validé;Parcours terminé;848.17
6737;07/05/2026 11:02:15;;Souscription en cours;Informations complémentaires (CA, Profession, etc.);462.16
6738;07/05/2026 11:02:15;;Souscription en cours;Informations complémentaires (CA, Profession, etc.);211.98
6739;07/05/2026 10:57:28;;Souscription en cours;Coordonnées personnelles;138.32
6740;07/05/2026 10:57:28;;Souscription en cours;Coordonnées personnelles;273.49
6741;07/05/2026 10:55:16;;Souscription en cours;Informations complémentaires (Etablissements, etc.);217.10
6742;07/05/2026 10:55:16;;Souscription en cours;Informations complémentaires (Etablissements, etc.);650.63
6743;07/05/2026 10:52:21;;Souscription en cours;Coordonnées personnelles;440.33
6744;07/05/2026 10:52:21;;Souscription en cours;Coordonnées personnelles;663.09
6745;07/05/2026 10:50:51;;Dossier refusé;Parcours terminé;255.88
6746;07/05/2026 10:50:51;;Dossier refusé;Parcours terminé;952.42
6747;07/05/2026 10:44:34;;Dossier validé;Parcours terminé;357.34
6748;07/05/2026 10:44:34;;Dossier validé;Parcours terminé;474.27
6749;07/05/2026 10:40:45;;Souscription en cours;Coordonnées personnelles;225.05
6750;07/05/2026 10:40:45;;Souscription en cours;Coordonnées personnelles;154.64
6751;07/05/2026 10:39:56;;Dossier refusé;Signature Contrat;462.21
6752;07/05/2026 10:39:56;;Dossier refusé;Signature Contrat;820.88
6753;07/05/2026 10:35:54;Hugo MARTIN;Dossier validé;Parcours terminé;146.27
6754;07/05/2026 10:35:54;Hugo MARTIN;Dossier validé;Parcours terminé;408.20
6755;07/05/2026 10:33:26;;Souscription en cours;Coordonnées personnelles;664.95
6756;07/05/2026 10:33:26;;Souscription en cours;Coordonnées personnelles;430.48
6757;07/05/2026 10:18:52;;En attente d'analyse Agent - Dossier avec erreurs;Signature Contrat;230.23
6758;07/05/2026 10:18:52;;En attente d'analyse Agent - Dossier avec erreurs;Signature Contrat;669.27
6759;07/05/2026 10:06:46;;Souscription en cours;Coordonnées personnelles;314.24
6760;07/05/2026 10:06:46;;Souscription en cours;Coordonnées personnelles;413.95
6761;07/05/2026 10:01:40;;Dossier validé;Parcours terminé;935.99
6762;07/05/2026 10:01:40;;Dossier validé;Parcours terminé;661.57
6763;07/05/2026 10:00:15;;Souscription en cours;Vérification d'identité;984.22
6764;07/05/2026 10:00:15;;Souscription en cours;Vérification d'identité;490.40
6765;07/05/2026 09:48:32;;Dossier validé;Parcours terminé;965.75
6766;07/05/2026 09:48:32;;Dossier validé;Parcours terminé;358.01
6767;07/05/2026 09:46:47;;Dossier validé;Parcours terminé;405.84
6768;07/05/2026 09:46:47;;Dossier validé;Parcours terminé;541.84
6769;07/05/2026 09:38:06;Hugo MARTIN;Dossier validé;Parcours terminé;696.31
6770;07/05/2026 09:38:06;Hugo MARTIN;Dossier validé;Parcours terminé;170.57
6771;07/05/2026 09:36:32;;Dossier refusé;Saisie société;151.13
6772;07/05/2026 09:36:32;;Dossier refusé;Saisie société;746.10
6773;07/05/2026 09:24:27;;Souscription en cours;Signature Contrat;770.34
6774;07/05/2026 09:24:27;;Souscription en cours;Signature Contrat;434.33
6775;07/05/2026 09:19:27;;Souscription en cours;Choix de l'offre et livraison;415.10
6776;07/05/2026 09:19:27;;Souscription en cours;Choix de l'offre et livraison;344.44
6777;07/05/2026 09:18:50;;Dossier validé;Parcours terminé;514.11
6778;07/05/2026 09:18:50;;Dossier validé;Parcours terminé;943.31
6779;07/05/2026 09:16:44;;Dossier validé;Parcours terminé;471.44
6780;07/05/2026 09:16:44;;Dossier validé;Parcours terminé;954.03
6781;07/05/2026 09:12:36;;Dossier refusé;Saisie société;472.17
6782;07/05/2026 09:12:36;;Dossier refusé;Saisie société;210.31
6783;07/05/2026 09:01:35;Zoé MULLER;Dossier validé;Parcours terminé;257.74
6784;07/05/2026 09:01:35;Zoé MULLER;Dossier validé;Parcours terminé;604.26
6785;07/05/2026 09:01:21;Hugo MARTIN;Dossier refusé;Saisie société;582.45
6786;07/05/2026 09:01:21;Hugo MARTIN;Dossier refusé;Saisie société;668.81
6787;07/05/2026 09:00:07;;Souscription en cours;Informations complémentaires (CA, Profession, etc.);999.99
6788;07/05/2026 09:00:07;;Souscription en cours;Informations complémentaires (CA, Profession, etc.);219.67
6789;07/05/2026 08:48:54;;Souscription en cours;Vérification d'identité;317.64
6790;07/05/2026 08:48:54;;Souscription en cours;Vérification d'identité;187.55
6791;07/05/2026 08:46:24;;Dossier validé;Parcours terminé;428.53
6792;07/05/2026 08:46:24;;Dossier validé;Parcours terminé;466.72
6793;07/05/2026 08:12:05;Z5681453;Dossier validé;Parcours terminé;211.04
6794;07/05/2026 08:12:05;Z5681453;Dossier validé;Parcours terminé;796.55
6795;07/05/2026 08:06:27;Adam LAURENT;Dossier validé;Parcours terminé;590.92
6796;07/05/2026 08:06:27;Adam LAURENT;Dossier validé;Parcours terminé;762.53
6797;07/05/2026 07:57:24;;Souscription en cours;Choix de l'offre et livraison;162.07
6798;07/05/2026 07:57:24;;Souscription en cours;Choix de l'offre et livraison;355.49
6799;07/05/2026 07:34:28;;Dossier validé;Parcours terminé;194.81
6800;07/05/2026 07:34:28;;Dossier validé;Parcours terminé;773.73
6801;07/05/2026 07:22:12;;Dossier validé;Parcours terminé;164.08
6802;07/05/2026 07:22:12;;Dossier validé;Parcours terminé;126.80
6803;07/05/2026 07:09:57;;Souscription en cours;Informations complémentaires (Etablissements, etc.);770.89
6804;07/05/2026 07:09:57;;Souscription en cours;Informations complémentaires (Etablissements, etc.);410.62
6805;07/05/2026 07:04:34;;Souscription en cours;Coordonnées personnelles;782.88
6806;07/05/2026 07:04:34;;Souscription en cours;Coordonnées personnelles;790.64
6807;07/05/2026 06:25:44;;En attente d'analyse Agent - Dossier avec erreurs;Signature Contrat;223.55
6808;07/05/2026 06:25:44;;En attente d'analyse Agent - Dossier avec erreurs;Signature Contrat;935.64
6809;07/05/2026 05:42:34;;Souscription en cours;Vérification d'identité;958.83
6810;07/05/2026 05:42:34;;Souscription en cours;Vérification d'identité;188.46
6811;07/05/2026 04:28:36;;Souscription en cours;Signature Contrat;610.44
6812;07/05/2026 04:28:36;;Souscription en cours;Signature Contrat;898.84
6813;07/05/2026 02:42:42;;Dossier validé;Parcours terminé;726.89
6814;07/05/2026 02:42:42;;Dossier validé;Parcours terminé;821.31
6815;07/05/2026 02:28:04;;Souscription en cours;Choix de l'offre et livraison;594.45
6816;07/05/2026 02:28:04;;Souscription en cours;Choix de l'offre et livraison;432.22
6817;07/05/2026 02:27:24;;Dossier validé;Parcours terminé;555.00
6818;07/05/2026 02:27:24;;Dossier validé;Parcours terminé;407.07
6819;07/05/2026 01:50:01;Z5681453;Dossier validé;Parcours terminé;431.41
6820;07/05/2026 01:50:01;Z5681453;Dossier validé;Parcours terminé;590.66
6821;06/05/2026 23:05:03;;Souscription non démarrée;Parcours non démarré;362.92
6822;06/05/2026 23:05:03;;Souscription non démarrée;Parcours non démarré;485.04
6823;06/05/2026 22:46:31;;Souscription en cours;Informations complémentaires (CA, Profession, etc.);776.00
6824;06/05/2026 22:46:31;;Souscription en cours;Informations complémentaires (CA, Profession, etc.);925.24
6825;06/05/2026 22:41:12;;Souscription en cours;Bénéficiaire effectifs;136.35
6826;06/05/2026 22:41:12;;Souscription en cours;Bénéficiaire effectifs;295.22
6827;06/05/2026 22:06:02;;Souscription en cours;Signature Contrat;507.13
6828;06/05/2026 22:06:02;;Souscription en cours;Signature Contrat;332.99
6829;06/05/2026 22:01:46;;En attente d'analyse Agent - Dossier avec erreurs;Signature Contrat;827.16
6830;06/05/2026 22:01:46;;En attente d'analyse Agent - Dossier avec erreurs;Signature Contrat;586.91
6831;06/05/2026 21:51:30;;Dossier validé;Parcours terminé;853.06
6832;06/05/2026 21:51:30;;Dossier validé;Parcours terminé;615.99
6833;06/05/2026 21:48:33;;Souscription en cours;Choix de l'offre et livraison;140.73
6834;06/05/2026 21:48:33;;Souscription en cours;Choix de l'offre et livraison;186.52
6835;06/05/2026 21:39:57;Hugo MARTIN;Dossier validé;Parcours terminé;807.12
6836;06/05/2026 21:39:57;Hugo MARTIN;Dossier validé;Parcours terminé;423.74
6837;06/05/2026 21:32:04;;Souscription en cours;Choix de l'offre et livraison;546.42
6838;06/05/2026 21:32:04;;Souscription en cours;Choix de l'offre et livraison;646.04
6839;06/05/2026 21:27:51;;Dossier validé;Parcours terminé;749.77
6840;06/05/2026 21:27:51;;Dossier validé;Parcours terminé;374.66
6841;06/05/2026 21:13:19;;Dossier refusé;Saisie société;974.05
6842;06/05/2026 21:13:19;;Dossier refusé;Saisie société;568.09
6843;06/05/2026 20:59:57;;Souscription non démarrée;Parcours non démarré;305.16
6844;06/05/2026 20:59:57;;Souscription non démarrée;Parcours non démarré;755.96
6845;06/05/2026 20:57:59;Zoé MULLER;Dossier refusé;Signature Contrat;879.59
6846;06/05/2026 20:57:59;Zoé MULLER;Dossier refusé;Signature Contrat;430.77
6847;06/05/2026 20:55:15;;Souscription en cours;Informations complémentaires (CA, Profession, etc.);175.24
6848;06/05/2026 20:55:15;;Souscription en cours;Informations complémentaires (CA, Profession, etc.);384.02
6849;06/05/2026 20:32:46;;Souscription en cours;Choix de l'offre et livraison;296.55
6850;06/05/2026 20:32:46;;Souscription en cours;Choix de l'offre et livraison;463.03
6851;06/05/2026 20:30:47;;Souscription non démarrée;Parcours non démarré;233.75
6852;06/05/2026 20:30:47;;Souscription non démarrée;Parcours non démarré;191.75
6853;06/05/2026 20:23:29;;Souscription en cours;Choix de l'offre et livraison;570.57
6854;06/05/2026 20:23:29;;Souscription en cours;Choix de l'offre et livraison;198.91
6855;06/05/2026 20:22:26;;Dossier refusé;Signature Contrat;422.87
6856;06/05/2026 20:22:26;;Dossier refusé;Signature Contrat;472.31
6857;06/05/2026 20:14:06;;Dossier validé;Parcours terminé;531.74
6858;06/05/2026 20:14:06;;Dossier validé;Parcours terminé;573.92
6859;06/05/2026 20:09:43;;Souscription en cours;Coordonnées personnelles;667.31
6860;06/05/2026 20:09:43;;Souscription en cours;Coordonnées personnelles;455.93
6861;06/05/2026 20:06:25;;Souscription en cours;Vérification d'identité;641.21
6862;06/05/2026 20:06:25;;Souscription en cours;Vérification d'identité;141.97
6863;06/05/2026 20:02:08;;Dossier refusé;Saisie société;433.22
6864;06/05/2026 20:02:08;;Dossier refusé;Saisie société;594.48
6865;06/05/2026 19:28:23;;Souscription en cours;Coordonnées personnelles;871.91
6866;06/05/2026 19:28:23;;Souscription en cours;Coordonnées personnelles;546.01
6867;06/05/2026 19:25:39;Zoé MULLER;Dossier refusé;Saisie société;206.07
6868;06/05/2026 19:25:39;Zoé MULLER;Dossier refusé;Saisie société;142.04
6869;06/05/2026 18:56:10;;Souscription non démarrée;Parcours non démarré;855.83
6870;06/05/2026 18:56:10;;Souscription non démarrée;Parcours non démarré;209.90
6871;06/05/2026 18:45:02;;Souscription en cours;Choix de l'offre et livraison;897.72
6872;06/05/2026 18:45:02;;Souscription en cours;Choix de l'offre et livraison;195.85
6873;06/05/2026 18:35:00;;Souscription en cours;Signature Contrat;602.48
6874;06/05/2026 18:35:00;;Souscription en cours;Signature Contrat;542.55
6875;06/05/2026 18:24:18;;Dossier refusé;Parcours non démarré;734.51
6876;06/05/2026 18:24:18;;Dossier refusé;Parcours non démarré;973.41
6877;06/05/2026 18:17:34;Hugo DUBOIS;Dossier validé;Parcours terminé;821.98
6878;06/05/2026 18:17:34;Hugo DUBOIS;Dossier validé;Parcours terminé;991.36
6879;06/05/2026 18:02:24;;Souscription en cours;Vérification d'identité;703.97
6880;06/05/2026 18:02:24;;Souscription en cours;Vérification d'identité;215.29
6881;06/05/2026 17:56:05;;Dossier validé;Parcours terminé;841.90
6882;06/05/2026 17:56:05;;Dossier validé;Parcours terminé;157.60
6883;06/05/2026 17:49:29;Hugo MARTIN;Dossier validé;Parcours terminé;734.00
6884;06/05/2026 17:49:29;Hugo MARTIN;Dossier validé;Parcours terminé;173.10
6885;06/05/2026 17:45:49;;Souscription en cours;Coordonnées personnelles;514.94
6886;06/05/2026 17:45:49;;Souscription en cours;Coordonnées personnelles;657.15
6887;06/05/2026 17:27:44;;Souscription en cours;Vérification d'identité;233.48
6888;06/05/2026 17:27:44;;Souscription en cours;Vérification d'identité;450.37
6889;06/05/2026 17:11:53;;Souscription en cours;Coordonnées personnelles;441.98
6890;06/05/2026 17:11:53;;Souscription en cours;Coordonnées personnelles;681.58
6891;06/05/2026 17:09:12;;Dossier validé;Parcours terminé;674.10
6892;06/05/2026 17:09:12;;Dossier validé;Parcours terminé;787.18
6893;06/05/2026 17:07:33;;Souscription non démarrée;Parcours non démarré;639.26
6894;06/05/2026 17:07:33;;Souscription non démarrée;Parcours non démarré;160.31
6895;06/05/2026 17:06:16;;Souscription en cours;Coordonnées personnelles;373.45
6896;06/05/2026 17:06:16;;Souscription en cours;Coordonnées personnelles;826.15
6897;06/05/2026 17:04:23;;Dossier validé;Parcours terminé;435.78
6898;06/05/2026 17:04:23;;Dossier validé;Parcours terminé;350.83
6899;06/05/2026 17:04:02;;Souscription en cours;Signature Contrat;543.11
6900;06/05/2026 17:04:02;;Souscription en cours;Signature Contrat;596.69
6901;06/05/2026 16:47:48;;Souscription non démarrée;Parcours non démarré;398.48
6902;06/05/2026 16:47:48;;Souscription non démarrée;Parcours non démarré;524.36
6903;06/05/2026 16:45:19;;Dossier validé;Parcours terminé;850.05
6904;06/05/2026 16:45:19;;Dossier validé;Parcours terminé;144.10
6905;06/05/2026 16:43:41;;Dossier refusé;Saisie société;278.68
6906;06/05/2026 16:43:41;;Dossier refusé;Saisie société;227.26
6907;06/05/2026 16:34:01;;Dossier validé;Parcours terminé;707.36
6908;06/05/2026 16:34:01;;Dossier validé;Parcours terminé;362.87
6909;06/05/2026 16:32:35;;Dossier validé;Parcours terminé;778.92
6910;06/05/2026 16:32:35;;Dossier validé;Parcours terminé;745.02
6911;06/05/2026 16:21:50;;Souscription en cours;Choix de l'offre et livraison;122.34
6912;06/05/2026 16:21:50;;Souscription en cours;Choix de l'offre et livraison;465.00
6913;06/05/2026 16:17:12;;Dossier validé;Parcours terminé;253.85
6914;06/05/2026 16:17:12;;Dossier validé;Parcours terminé;555.31
6915;06/05/2026 16:07:23;;Souscription en cours;Informations complémentaires (CA, Profession, etc.);659.86
6916;06/05/2026 16:07:23;;Souscription en cours;Informations complémentaires (CA, Profession, etc.);829.21
6917;06/05/2026 15:58:22;;Dossier validé;Parcours terminé;605.25
6918;06/05/2026 15:58:22;;Dossier validé;Parcours terminé;686.25
6919;06/05/2026 15:51:18;;Dossier validé;Parcours terminé;893.19
6920;06/05/2026 15:51:18;;Dossier validé;Parcours terminé;197.87
6921;06/05/2026 15:46:46;;Souscription en cours;Choix de l'offre et livraison;809.66
6922;06/05/2026 15:46:46;;Souscription en cours;Choix de l'offre et livraison;899.59
6923;06/05/2026 15:44:07;;Souscription en cours;Choix de l'offre et livraison;689.49
6924;06/05/2026 15:44:07;;Souscription en cours;Choix de l'offre et livraison;637.29
6925;06/05/2026 15:43:41;;Souscription en cours;Choix de l'offre et livraison;493.37
6926;06/05/2026 15:43:41;;Souscription en cours;Choix de l'offre et livraison;783.88
6927;06/05/2026 15:43:22;;Souscription en cours;Signature Contrat;763.16
6928;06/05/2026 15:43:22;;Souscription en cours;Signature Contrat;690.73
6929;06/05/2026 15:20:33;;Souscription en cours;Informations complémentaires (CA, Profession, etc.);210.35
6930;06/05/2026 15:20:33;;Souscription en cours;Informations complémentaires (CA, Profession, etc.);674.97
6931;06/05/2026 15:18:55;;Souscription en cours;Signature Contrat;335.05
6932;06/05/2026 15:18:55;;Souscription en cours;Signature Contrat;122.03
6933;06/05/2026 15:15:12;;Dossier validé;Parcours terminé;454.07
6934;06/05/2026 15:15:12;;Dossier validé;Parcours terminé;580.06
6935;06/05/2026 15:15:11;;Souscription en cours;Choix de l'offre et livraison;209.89
6936;06/05/2026 15:15:11;;Souscription en cours;Choix de l'offre et livraison;725.76
6937;06/05/2026 14:46:39;;Dossier validé;Parcours terminé;310.53
6938;06/05/2026 14:46:39;;Dossier validé;Parcours terminé;248.61
6939;06/05/2026 14:46:39;;Souscription non démarrée;Parcours non démarré;353.27
6940;06/05/2026 14:46:39;;Souscription non démarrée;Parcours non démarré;698.23
6941;06/05/2026 14:40:29;;Souscription en cours;Vérification d'identité;730.18
6942;06/05/2026 14:40:29;;Souscription en cours;Vérification d'identité;441.22
6943;06/05/2026 14:26:59;Manon LEFEBVRE;Dossier refusé;Informations complémentaires (Etablissements, etc.);880.92
6944;06/05/2026 14:26:59;Manon LEFEBVRE;Dossier refusé;Informations complémentaires (Etablissements, etc.);467.72
6945;06/05/2026 14:26:59;;Souscription en cours;Informations complémentaires (CA, Profession, etc.);956.75
6946;06/05/2026 14:26:59;;Souscription en cours;Informations complémentaires (CA, Profession, etc.);207.87
6947;06/05/2026 14:12:31;;Dossier validé;Parcours terminé;771.47
6948;06/05/2026 14:12:31;;Dossier validé;Parcours terminé;729.46
6949;06/05/2026 14:09:41;;Dossier validé;Parcours terminé;604.52
6950;06/05/2026 14:09:41;;Dossier validé;Parcours terminé;786.54
6951;06/05/2026 13:56:01;;Souscription en cours;Choix de l'offre et livraison;211.79
6952;06/05/2026 13:56:01;;Souscription en cours;Choix de l'offre et livraison;919.57
6953;06/05/2026 13:40:20;;Souscription en cours;Coordonnées personnelles;272.82
6954;06/05/2026 13:40:20;;Souscription en cours;Coordonnées personnelles;238.19
6955;06/05/2026 13:37:21;Inès MICHEL;Dossier validé;Parcours terminé;403.67
6956;06/05/2026 13:37:21;Inès MICHEL;Dossier validé;Parcours terminé;390.37
6957;06/05/2026 13:35:54;;Dossier validé;Parcours terminé;169.93
6958;06/05/2026 13:35:54;;Dossier validé;Parcours terminé;473.92
6959;06/05/2026 13:31:34;;Dossier validé;Parcours terminé;262.55
6960;06/05/2026 13:31:34;;Dossier validé;Parcours terminé;397.88
6961;06/05/2026 13:30:24;;Dossier validé;Parcours terminé;447.43
6962;06/05/2026 13:30:24;;Dossier validé;Parcours terminé;413.27
6963;06/05/2026 13:29:29;;Souscription en cours;Coordonnées personnelles;229.23
6964;06/05/2026 13:29:29;;Souscription en cours;Coordonnées personnelles;461.29
6965;06/05/2026 13:20:35;;Dossier validé;Parcours terminé;637.18
6966;06/05/2026 13:20:35;;Dossier validé;Parcours terminé;331.14
6967;06/05/2026 13:16:49;;Dossier refusé;Saisie société;711.59
6968;06/05/2026 13:16:49;;Dossier refusé;Saisie société;669.23
6969;06/05/2026 12:57:41;;Souscription en cours;Informations complémentaires (CA, Profession, etc.);177.52
6970;06/05/2026 12:57:41;;Souscription en cours;Informations complémentaires (CA, Profession, etc.);345.08
6971;06/05/2026 12:56:48;Adam LAURENT;Dossier refusé;Saisie société;908.16
6972;06/05/2026 12:56:48;Adam LAURENT;Dossier refusé;Saisie société;402.30
6973;06/05/2026 12:50:45;;Dossier validé;Parcours terminé;616.27
6974;06/05/2026 12:50:45;;Dossier validé;Parcours terminé;973.88
6975;06/05/2026 12:27:36;;Dossier refusé;Signature Contrat;847.88
6976;06/05/2026 12:27:36;;Dossier refusé;Signature Contrat;980.15
6977;06/05/2026 12:26:55;;Dossier refusé;Saisie société;232.05
6978;06/05/2026 12:26:55;;Dossier refusé;Saisie société;771.29
6979;06/05/2026 12:24:49;;Dossier validé;Parcours terminé;633.43
6980;06/05/2026 12:24:49;;Dossier validé;Parcours terminé;256.83
6981;06/05/2026 12:24:06;;Dossier refusé;Saisie société;495.00
6982;06/05/2026 12:24:06;;Dossier refusé;Saisie société;574.52
6983;06/05/2026 12:13:37;;En attente d'analyse Agent - Dossier avec erreurs;Signature Contrat;325.84
6984;06/05/2026 12:13:37;;En attente d'analyse Agent - Dossier avec erreurs;Signature Contrat;954.83
6985;06/05/2026 12:05:25;;Dossier validé;Parcours terminé;130.71
6986;06/05/2026 12:05:25;;Dossier validé;Parcours terminé;733.86
6987;06/05/2026 11:50:55;;Souscription en cours;Signature Contrat;472.60
6988;06/05/2026 11:50:55;;Souscription en cours;Signature Contrat;201.75
6989;06/05/2026 11:46:31;;Dossier validé;Parcours terminé;671.39
6990;06/05/2026 11:46:31;;Dossier validé;Parcours terminé;899.80
6991;06/05/2026 11:36:50;;Souscription en cours;Coordonnées personnelles;990.23
6992;06/05/2026 11:36:50;;Souscription en cours;Coordonnées personnelles;175.35
6993;06/05/2026 11:34:08;Hugo MARTIN;Dossier validé;Parcours terminé;125.67
6994;06/05/2026 11:34:08;Hugo MARTIN;Dossier validé;Parcours terminé;745.09
6995;06/05/2026 11:33:54;Inès MICHEL;Dossier refusé;Signature Contrat;426.07
6996;06/05/2026 11:33:54;Inès MICHEL;Dossier refusé;Signature Contrat;258.87
6997;06/05/2026 11:33:19;;Souscription en cours;Synchronisation référentiel personne NOVA;785.64
6998;06/05/2026 11:33:19;;Souscription en cours;Synchronisation référentiel personne NOVA;372.01
6999;06/05/2026 11:33:07;;Dossier validé;Parcours terminé;368.46
7000;06/05/2026 11:33:07;;Dossier validé;Parcours terminé;282.95
7001;06/05/2026 11:28:47;;Souscription non démarrée;Parcours non démarré;676.92
7002;06/05/2026 11:28:47;;Souscription non démarrée;Parcours non démarré;175.29
7003;06/05/2026 11:25:03;;Souscription en cours;Signature Contrat;212.65
7004;06/05/2026 11:25:03;;Souscription en cours;Signature Contrat;209.73
7005;06/05/2026 11:23:44;;Souscription en cours;Criblages BE(s);904.32
7006;06/05/2026 11:23:44;;Souscription en cours;Criblages BE(s);374.21
7007;06/05/2026 11:23:06;;Dossier refusé;Saisie société;327.11
7008;06/05/2026 11:23:06;;Dossier refusé;Saisie société;599.03
7009;06/05/2026 11:20:37;;Souscription en cours;Coordonnées personnelles;369.42
7010;06/05/2026 11:20:37;;Souscription en cours;Coordonnées personnelles;333.41
7011;06/05/2026 11:10:39;Rayan MICHEL;Dossier validé;Parcours terminé;537.97
7012;06/05/2026 11:10:39;Rayan MICHEL;Dossier validé;Parcours terminé;308.86
7013;06/05/2026 11:06:28;;Dossier refusé;Signature Contrat;151.50
7014;06/05/2026 11:06:28;;Dossier refusé;Signature Contrat;883.35
7015;06/05/2026 10:54:49;;Souscription en cours;Coordonnées personnelles;192.78
7016;06/05/2026 10:54:49;;Souscription en cours;Coordonnées personnelles;793.11
7017;06/05/2026 10:53:35;;Dossier validé;Parcours terminé;741.34
7018;06/05/2026 10:53:35;;Dossier validé;Parcours terminé;738.54
7019;06/05/2026 10:51:00;;Souscription en cours;Coordonnées personnelles;923.74
7020;06/05/2026 10:51:00;;Souscription en cours;Coordonnées personnelles;803.92
7021;06/05/2026 10:47:20;;Dossier refusé;Saisie société;387.74
7022;06/05/2026 10:47:20;;Dossier refusé;Saisie société;264.68
7023;06/05/2026 10:45:48;;Souscription en cours;Informations complémentaires (Etablissements, etc.);644.61
7024;06/05/2026 10:45:48;;Souscription en cours;Informations complémentaires (Etablissements, etc.);316.41
7025;06/05/2026 10:43:19;;Souscription non démarrée;Parcours non démarré;479.37
7026;06/05/2026 10:43:19;;Souscription non démarrée;Parcours non démarré;151.01
7027;06/05/2026 10:29:59;;Dossier validé;Parcours terminé;752.35
7028;06/05/2026 10:29:59;;Dossier validé;Parcours terminé;897.49
7029;06/05/2026 10:22:16;;Souscription en cours;Signature Contrat;801.88
7030;06/05/2026 10:22:16;;Souscription en cours;Signature Contrat;898.14
7031;06/05/2026 10:18:47;;Dossier refusé;Saisie société;200.86
7032;06/05/2026 10:18:47;;Dossier refusé;Saisie société;453.90
7033;06/05/2026 10:13:03;;Dossier validé;Parcours terminé;366.35
7034;06/05/2026 10:13:03;;Dossier validé;Parcours terminé;284.58
7035;06/05/2026 10:12:05;;Dossier refusé;Informations complémentaires (CA, Profession, etc.);619.12
7036;06/05/2026 10:12:05;;Dossier refusé;Informations complémentaires (CA, Profession, etc.);625.30
7037;06/05/2026 09:49:51;;Souscription en cours;Signature Contrat;515.51
7038;06/05/2026 09:49:51;;Souscription en cours;Signature Contrat;966.74
7039;06/05/2026 09:48:19;;Souscription en cours;Signature Contrat;873.73
7040;06/05/2026 09:48:19;;Souscription en cours;Signature Contrat;988.22
7041;06/05/2026 09:48:08;;Souscription en cours;Coordonnées personnelles;353.78
7042;06/05/2026 09:48:08;;Souscription en cours;Coordonnées personnelles;279.22
7043;06/05/2026 09:42:51;;Souscription non démarrée;Parcours non démarré;499.76
7044;06/05/2026 09:42:51;;Souscription non démarrée;Parcours non démarré;482.32
7045;06/05/2026 09:28:29;;Dossier validé;Parcours terminé;355.43
7046;06/05/2026 09:28:29;;Dossier validé;Parcours terminé;939.05
7047;06/05/2026 09:26:20;;Souscription en cours;Coordonnées personnelles;631.26
7048;06/05/2026 09:26:20;;Souscription en cours;Coordonnées personnelles;655.99
7049;06/05/2026 09:12:54;;Dossier validé;Parcours terminé;797.14
7050;06/05/2026 09:12:54;;Dossier validé;Parcours terminé;690.54
7051;06/05/2026 09:03:23;;Souscription en cours;Signature Contrat;299.08
7052;06/05/2026 09:03:23;;Souscription en cours;Signature Contrat;480.04
7053;06/05/2026 08:52:50;Adam LAURENT;Dossier validé;Parcours terminé;156.06
7054;06/05/2026 08:52:50;Adam LAURENT;Dossier validé;Parcours terminé;818.41
7055;06/05/2026 08:38:42;;Souscription non démarrée;Parcours non démarré;480.05
7056;06/05/2026 08:38:42;;Souscription non démarrée;Parcours non démarré;551.44
7057;06/05/2026 08:29:05;;Dossier validé;Parcours terminé;279.31
7058;06/05/2026 08:29:05;;Dossier validé;Parcours terminé;742.26
7059;06/05/2026 08:26:11;;Dossier refusé;Parcours terminé;415.77
7060;06/05/2026 08:26:11;;Dossier refusé;Parcours terminé;764.40
7061;06/05/2026 08:25:53;;Souscription en cours;Choix de l'offre et livraison;271.85
7062;06/05/2026 08:25:53;;Souscription en cours;Choix de l'offre et livraison;355.31
7063;06/05/2026 08:21:33;;Dossier validé;Parcours terminé;792.54
7064;06/05/2026 08:21:33;;Dossier validé;Parcours terminé;341.17
7065;06/05/2026 08:10:31;;Dossier refusé;Saisie société;798.31
7066;06/05/2026 08:10:31;;Dossier refusé;Saisie société;450.30
7067;06/05/2026 08:05:15;;Dossier refusé;Saisie société;480.31
7068;06/05/2026 08:05:15;;Dossier refusé;Saisie société;696.31
7069;06/05/2026 07:57:43;;Souscription en cours;Signature Contrat;516.11
7070;06/05/2026 07:57:43;;Souscription en cours;Signature Contrat;807.07
7071;06/05/2026 07:13:37;;Souscription en cours;Vérification d'identité;672.34
7072;06/05/2026 07:13:37;;Souscription en cours;Vérification d'identité;696.71
7073;06/05/2026 06:09:53;;En attente d'analyse Agent - Dossier avec erreurs;Signature Contrat;112.02
7074;06/05/2026 06:09:53;;En attente d'analyse Agent - Dossier avec erreurs;Signature Contrat;947.63
7075;06/05/2026 04:58:36;;Souscription en cours;Signature Contrat;194.11
7076;06/05/2026 04:58:36;;Souscription en cours;Signature Contrat;145.66
7077;06/05/2026 03:16:55;;Souscription en cours;Signature Contrat;292.01
7078;06/05/2026 03:16:55;;Souscription en cours;Signature Contrat;753.80
7079;06/05/2026 03:07:29;Hugo MARTIN;Dossier validé;Parcours terminé;421.39
7080;06/05/2026 03:07:29;Hugo MARTIN;Dossier validé;Parcours terminé;925.04
7081;06/05/2026 03:07:25;;Dossier validé;Parcours terminé;990.71
7082;06/05/2026 03:07:25;;Dossier validé;Parcours terminé;954.14
7083;06/05/2026 01:35:54;;Souscription non démarrée;Parcours non démarré;528.42
7084;06/05/2026 01:35:54;;Souscription non démarrée;Parcours non démarré;953.59
7085;06/05/2026 01:16:11;;Dossier refusé;Informations complémentaires (CA, Profession, etc.);796.90
7086;06/05/2026 01:16:11;;Dossier refusé;Informations complémentaires (CA, Profession, etc.);600.28
7087;06/05/2026 01:02:27;;Souscription en cours;Coordonnées personnelles;288.37
7088;06/05/2026 01:02:27;;Souscription en cours;Coordonnées personnelles;679.25
7089;06/05/2026 00:35:02;;Souscription en cours;Coordonnées personnelles;924.30
7090;06/05/2026 00:35:02;;Souscription en cours;Coordonnées personnelles;599.30
7091;06/05/2026 00:00:07;;Dossier validé;Parcours terminé;149.73
7092;06/05/2026 00:00:07;;Dossier validé;Parcours terminé;205.56
7093;05/05/2026 23:58:08;;Souscription en cours;Signature Contrat;193.94
7094;05/05/2026 23:58:08;;Souscription en cours;Signature Contrat;760.54
7095;05/05/2026 23:54:42;;Souscription non démarrée;Parcours non démarré;752.56
7096;05/05/2026 23:54:42;;Souscription non démarrée;Parcours non démarré;364.22
7097;05/05/2026 23:48:16;;Dossier validé;Parcours terminé;944.57
7098;05/05/2026 23:48:16;;Dossier validé;Parcours terminé;320.30
7099;05/05/2026 23:24:28;;Souscription en cours;Informations complémentaires (CA, Profession, etc.);419.88
7100;05/05/2026 23:24:28;;Souscription en cours;Informations complémentaires (CA, Profession, etc.);502.08
7101;05/05/2026 22:45:28;;Souscription en cours;Coordonnées personnelles;472.90
7102;05/05/2026 22:45:28;;Souscription en cours;Coordonnées personnelles;372.98
7103;05/05/2026 22:39:17;;Dossier refusé;Signature Contrat;687.47
7104;05/05/2026 22:39:17;;Dossier refusé;Signature Contrat;381.99
7105;05/05/2026 22:30:23;;Souscription en cours;Informations complémentaires (Etablissements, etc.);384.59
7106;05/05/2026 22:30:23;;Souscription en cours;Informations complémentaires (Etablissements, etc.);266.53
7107;05/05/2026 22:24:33;;Souscription en cours;Choix de l'offre et livraison;471.25
7108;05/05/2026 22:24:33;;Souscription en cours;Choix de l'offre et livraison;228.90
7109;05/05/2026 22:22:41;;Dossier validé;Parcours terminé;207.53
7110;05/05/2026 22:22:41;;Dossier validé;Parcours terminé;161.46
7111;05/05/2026 21:19:23;;Dossier refusé;Signature Contrat;505.23
7112;05/05/2026 21:19:23;;Dossier refusé;Signature Contrat;709.54
7113;05/05/2026 21:12:20;;Dossier refusé;Signature Contrat;405.40
7114;05/05/2026 21:12:20;;Dossier refusé;Signature Contrat;906.11
7115;05/05/2026 20:55:14;;Dossier validé;Parcours terminé;656.68
7116;05/05/2026 20:55:14;;Dossier validé;Parcours terminé;440.11
7117;05/05/2026 20:54:38;;Dossier refusé;Parcours non démarré;574.28
7118;05/05/2026 20:54:38;;Dossier refusé;Parcours non démarré;288.08
7119;05/05/2026 20:39:12;;Dossier validé;Parcours terminé;437.08
7120;05/05/2026 20:39:12;;Dossier validé;Parcours terminé;542.18
7121;05/05/2026 20:39:09;;Dossier validé;Parcours terminé;943.20
7122;05/05/2026 20:39:09;;Dossier validé;Parcours terminé;278.68
7123;05/05/2026 20:31:47;;Souscription en cours;Coordonnées personnelles;131.76
7124;05/05/2026 20:31:47;;Souscription en cours;Coordonnées personnelles;874.36
7125;05/05/2026 20:27:05;;Souscription non démarrée;Parcours non démarré;628.02
7126;05/05/2026 20:27:05;;Souscription non démarrée;Parcours non démarré;536.89
7127;05/05/2026 20:16:34;;Souscription en cours;Coordonnées personnelles;873.67
7128;05/05/2026 20:16:34;;Souscription en cours;Coordonnées personnelles;898.52
7129;05/05/2026 20:06:31;;Dossier validé;Parcours terminé;175.04
7130;05/05/2026 20:06:31;;Dossier validé;Parcours terminé;170.44
7131;05/05/2026 20:01:48;;Souscription non démarrée;Parcours non démarré;400.75
7132;05/05/2026 20:01:48;;Souscription non démarrée;Parcours non démarré;451.17
7133;05/05/2026 19:54:01;;Dossier validé;Parcours terminé;555.04
7134;05/05/2026 19:54:01;;Dossier validé;Parcours terminé;978.59
7135;05/05/2026 19:48:10;;Dossier refusé;Saisie société;790.83
7136;05/05/2026 19:48:10;;Dossier refusé;Saisie société;363.29
7137;05/05/2026 19:36:49;;Souscription non démarrée;Parcours non démarré;429.15
7138;05/05/2026 19:36:49;;Souscription non démarrée;Parcours non démarré;548.13
7139;05/05/2026 19:21:05;;Dossier refusé;Saisie société;286.95
7140;05/05/2026 19:21:05;;Dossier refusé;Saisie société;274.41
7141;05/05/2026 19:19:46;;Souscription en cours;Coordonnées personnelles;885.87
7142;05/05/2026 19:19:46;;Souscription en cours;Coordonnées personnelles;895.54
7143;05/05/2026 19:16:23;;Souscription en cours;Choix de l'offre et livraison;318.83
7144;05/05/2026 19:16:23;;Souscription en cours;Choix de l'offre et livraison;667.91
7145;05/05/2026 19:12:21;;Dossier validé;Parcours terminé;777.99
7146;05/05/2026 19:12:21;;Dossier validé;Parcours terminé;179.07
7147;05/05/2026 19:10:11;;Souscription en cours;Synchronisation référentiel personne NOVA;172.30
7148;05/05/2026 19:10:11;;Souscription en cours;Synchronisation référentiel personne NOVA;271.98
7149;05/05/2026 19:09:11;;Souscription en cours;Vérification d'identité;475.65
7150;05/05/2026 19:09:11;;Souscription en cours;Vérification d'identité;169.04
7151;05/05/2026 18:51:20;;Dossier validé;Parcours terminé;587.59
7152;05/05/2026 18:51:20;;Dossier validé;Parcours terminé;410.20
7153;05/05/2026 18:47:57;;Souscription en cours;Informations complémentaires (CA, Profession, etc.);757.53
7154;05/05/2026 18:47:57;;Souscription en cours;Informations complémentaires (CA, Profession, etc.);184.64
7155;05/05/2026 18:43:00;;Souscription en cours;Coordonnées personnelles;146.75
7156;05/05/2026 18:43:00;;Souscription en cours;Coordonnées personnelles;289.72
7157;05/05/2026 18:36:41;;Souscription en cours;Coordonnées personnelles;164.61
7158;05/05/2026 18:36:41;;Souscription en cours;Coordonnées personnelles;165.55
7159;05/05/2026 18:36:08;;Dossier validé;Parcours terminé;579.71
7160;05/05/2026 18:36:08;;Dossier validé;Parcours terminé;408.27
7161;05/05/2026 18:20:01;;Souscription en cours;Coordonnées personnelles;966.16
7162;05/05/2026 18:20:01;;Souscription en cours;Coordonnées personnelles;913.83
7163;05/05/2026 18:15:53;;Souscription en cours;Choix de l'offre et livraison;550.61
7164;05/05/2026 18:15:53;;Souscription en cours;Choix de l'offre et livraison;806.86
7165;05/05/2026 18:11:59;;Souscription non démarrée;Parcours non démarré;904.99
7166;05/05/2026 18:11:59;;Souscription non démarrée;Parcours non démarré;952.79
7167;05/05/2026 18:02:36;;Souscription en cours;Coordonnées personnelles;600.78
7168;05/05/2026 18:02:36;;Souscription en cours;Coordonnées personnelles;580.49
7169;05/05/2026 17:51:35;;Souscription en cours;Coordonnées personnelles;114.48
7170;05/05/2026 17:51:35;;Souscription en cours;Coordonnées personnelles;749.29
7171;05/05/2026 17:40:09;;Dossier validé;Parcours terminé;998.64
7172;05/05/2026 17:40:09;;Dossier validé;Parcours terminé;531.72
7173;05/05/2026 17:40:09;;Souscription en cours;Bénéficiaire effectifs;392.06
7174;05/05/2026 17:40:09;;Souscription en cours;Bénéficiaire effectifs;269.49
7175;05/05/2026 17:29:03;;Dossier validé;Parcours terminé;696.51
7176;05/05/2026 17:29:03;;Dossier validé;Parcours terminé;650.82
7177;05/05/2026 17:28:28;;Souscription non démarrée;Parcours non démarré;559.52
7178;05/05/2026 17:28:28;;Souscription non démarrée;Parcours non démarré;823.17
7179;05/05/2026 17:22:42;;Souscription en cours;Coordonnées personnelles;382.21
7180;05/05/2026 17:22:42;;Souscription en cours;Coordonnées personnelles;483.32
7181;05/05/2026 17:14:02;;Souscription en cours;Coordonnées personnelles;459.26
7182;05/05/2026 17:14:02;;Souscription en cours;Coordonnées personnelles;186.30
7183;05/05/2026 17:08:36;;Souscription en cours;Coordonnées personnelles;826.48
7184;05/05/2026 17:08:36;;Souscription en cours;Coordonnées personnelles;952.68
7185;05/05/2026 17:04:12;;Dossier validé;Parcours terminé;825.14
7186;05/05/2026 17:04:12;;Dossier validé;Parcours terminé;851.88
7187;05/05/2026 17:03:18;Hugo DUBOIS;Dossier validé;Parcours terminé;602.20
7188;05/05/2026 17:03:18;Hugo DUBOIS;Dossier validé;Parcours terminé;220.32
7189;05/05/2026 16:56:24;;Dossier refusé;Vérification d'identité;983.59
7190;05/05/2026 16:56:24;;Dossier refusé;Vérification d'identité;291.08
7191;05/05/2026 16:50:30;;Souscription en cours;Informations complémentaires (CA, Profession, etc.);845.97
7192;05/05/2026 16:50:30;;Souscription en cours;Informations complémentaires (CA, Profession, etc.);432.99
7193;05/05/2026 16:47:59;;Dossier refusé;Saisie société;590.65
7194;05/05/2026 16:47:59;;Dossier refusé;Saisie société;838.63
7195;05/05/2026 16:45:44;;Souscription en cours;Synchronisation référentiel personne NOVA;774.83
7196;05/05/2026 16:45:44;;Souscription en cours;Synchronisation référentiel personne NOVA;698.17
7197;05/05/2026 16:43:46;Hugo DUBOIS;Dossier validé;Parcours terminé;688.39
7198;05/05/2026 16:43:46;Hugo DUBOIS;Dossier validé;Parcours terminé;791.18
7199;05/05/2026 16:41:18;;Souscription en cours;Coordonnées personnelles;523.44
7200;05/05/2026 16:41:18;;Souscription en cours;Coordonnées personnelles;831.64
7201;05/05/2026 16:34:26;;Souscription non démarrée;Parcours non démarré;369.73
7202;05/05/2026 16:34:26;;Souscription non démarrée;Parcours non démarré;874.81
7203;05/05/2026 16:18:29;;Souscription en cours;Vérification d'identité;163.20
7204;05/05/2026 16:18:29;;Souscription en cours;Vérification d'identité;846.43
7205;05/05/2026 16:16:37;;Dossier validé;Parcours terminé;413.08
7206;05/05/2026 16:16:37;;Dossier validé;Parcours terminé;806.83
7207;05/05/2026 16:15:03;;Souscription en cours;Informations complémentaires (CA, Profession, etc.);723.34
7208;05/05/2026 16:15:03;;Souscription en cours;Informations complémentaires (CA, Profession, etc.);266.99
7209;05/05/2026 16:05:06;;Dossier validé;Parcours terminé;618.66
7210;05/05/2026 16:05:06;;Dossier validé;Parcours terminé;158.71
7211;05/05/2026 15:44:10;;Dossier validé;Parcours terminé;154.07
7212;05/05/2026 15:44:10;;Dossier validé;Parcours terminé;755.76
7213;05/05/2026 15:39:17;;Souscription en cours;Coordonnées personnelles;475.80
7214;05/05/2026 15:39:17;;Souscription en cours;Coordonnées personnelles;355.76
7215;05/05/2026 15:37:55;;Dossier validé;Parcours terminé;168.00
7216;05/05/2026 15:37:55;;Dossier validé;Parcours terminé;955.02
7217;05/05/2026 15:25:35;;Dossier validé;Parcours terminé;839.32
7218;05/05/2026 15:25:35;;Dossier validé;Parcours terminé;777.32
7219;05/05/2026 15:24:12;;Dossier validé;Parcours terminé;145.65
7220;05/05/2026 15:24:12;;Dossier validé;Parcours terminé;663.04
7221;05/05/2026 15:22:29;Adam LAURENT;Dossier validé;Parcours terminé;919.11
7222;05/05/2026 15:22:29;Adam LAURENT;Dossier validé;Parcours terminé;517.32
7223;05/05/2026 15:20:28;Hugo MARTIN;Dossier validé;Parcours terminé;283.63
7224;05/05/2026 15:20:28;Hugo MARTIN;Dossier validé;Parcours terminé;172.81
7225;05/05/2026 15:09:50;;Souscription en cours;Coordonnées personnelles;506.28
7226;05/05/2026 15:09:50;;Souscription en cours;Coordonnées personnelles;617.54
7227;05/05/2026 15:08:06;;Dossier validé;Parcours terminé;178.56
7228;05/05/2026 15:08:06;;Dossier validé;Parcours terminé;356.40
7229;05/05/2026 15:03:42;;Dossier validé;Parcours terminé;863.50
7230;05/05/2026 15:03:42;;Dossier validé;Parcours terminé;862.50
7231;05/05/2026 14:45:06;;Souscription en cours;Coordonnées personnelles;879.96
7232;05/05/2026 14:45:06;;Souscription en cours;Coordonnées personnelles;802.18
7233;05/05/2026 14:42:16;;Dossier validé;Parcours terminé;243.11
7234;05/05/2026 14:42:16;;Dossier validé;Parcours terminé;845.83
7235;05/05/2026 14:40:59;;Dossier validé;Parcours terminé;584.09
7236;05/05/2026 14:40:59;;Dossier validé;Parcours terminé;934.04
7237;05/05/2026 14:31:52;;Souscription en cours;Coordonnées personnelles;390.50
7238;05/05/2026 14:31:52;;Souscription en cours;Coordonnées personnelles;468.28
7239;05/05/2026 14:23:29;;Souscription en cours;Signature Contrat;499.50
7240;05/05/2026 14:23:29;;Souscription en cours;Signature Contrat;814.39
7241;05/05/2026 14:15:04;;Dossier validé;Parcours terminé;877.28
7242;05/05/2026 14:15:04;;Dossier validé;Parcours terminé;161.12
7243;05/05/2026 14:13:41;;Souscription en cours;Vérification d'identité;809.97
7244;05/05/2026 14:13:41;;Souscription en cours;Vérification d'identité;565.69
7245;05/05/2026 14:13:41;;Dossier validé;Parcours terminé;990.09
7246;05/05/2026 14:13:41;;Dossier validé;Parcours terminé;571.61
7247;05/05/2026 14:10:04;Hugo MARTIN;Dossier validé;Parcours terminé;831.77
7248;05/05/2026 14:10:04;Hugo MARTIN;Dossier validé;Parcours terminé;556.02
7249;05/05/2026 14:05:03;;Dossier validé;Parcours terminé;494.82
7250;05/05/2026 14:05:03;;Dossier validé;Parcours terminé;985.57
7251;05/05/2026 13:53:31;;Dossier validé;Parcours terminé;476.24
7252;05/05/2026 13:53:31;;Dossier validé;Parcours terminé;621.86
7253;05/05/2026 13:50:00;;Dossier refusé;Signature Contrat;206.99
7254;05/05/2026 13:50:00;;Dossier refusé;Signature Contrat;691.88
7255;05/05/2026 13:47:06;;Souscription en cours;Coordonnées personnelles;109.20
7256;05/05/2026 13:47:06;;Souscription en cours;Coordonnées personnelles;659.02
7257;05/05/2026 13:46:07;;Dossier validé;Parcours terminé;803.51
7258;05/05/2026 13:46:07;;Dossier validé;Parcours terminé;516.73
7259;05/05/2026 13:37:36;;Souscription non démarrée;Parcours non démarré;161.53
7260;05/05/2026 13:37:36;;Souscription non démarrée;Parcours non démarré;485.30
7261;05/05/2026 13:30:16;;Souscription non démarrée;Parcours non démarré;765.60
7262;05/05/2026 13:30:16;;Souscription non démarrée;Parcours non démarré;529.95
7263;05/05/2026 13:20:23;;Souscription en cours;Coordonnées personnelles;377.59
7264;05/05/2026 13:20:23;;Souscription en cours;Coordonnées personnelles;301.42
7265;05/05/2026 13:14:47;;Souscription en cours;Coordonnées personnelles;444.33
7266;05/05/2026 13:14:47;;Souscription en cours;Coordonnées personnelles;806.56
7267;05/05/2026 13:06:50;;Dossier validé;Parcours terminé;670.89
7268;05/05/2026 13:06:50;;Dossier validé;Parcours terminé;482.29
7269;05/05/2026 12:58:51;;Souscription non démarrée;Parcours non démarré;977.73
7270;05/05/2026 12:58:51;;Souscription non démarrée;Parcours non démarré;753.10
7271;05/05/2026 12:52:07;;Souscription en cours;Vérification d'identité;574.97
7272;05/05/2026 12:52:07;;Souscription en cours;Vérification d'identité;320.38
7273;05/05/2026 12:46:24;;Souscription non démarrée;Parcours non démarré;725.24
7274;05/05/2026 12:46:24;;Souscription non démarrée;Parcours non démarré;146.64
7275;05/05/2026 12:45:28;;Dossier validé;Parcours terminé;845.66
7276;05/05/2026 12:45:28;;Dossier validé;Parcours terminé;815.05
7277;05/05/2026 12:43:14;;Dossier validé;Parcours terminé;454.00
7278;05/05/2026 12:43:14;;Dossier validé;Parcours terminé;246.79
7279;05/05/2026 12:34:38;;Dossier refusé;Saisie société;672.31
7280;05/05/2026 12:34:38;;Dossier refusé;Saisie société;980.66
7281;05/05/2026 12:30:45;Hugo MARTIN;Dossier validé;Parcours terminé;345.32
7282;05/05/2026 12:30:45;Hugo MARTIN;Dossier validé;Parcours terminé;975.10
7283;05/05/2026 12:19:26;;Souscription en cours;Choix de l'offre et livraison;605.53
7284;05/05/2026 12:19:26;;Souscription en cours;Choix de l'offre et livraison;656.90
7285;05/05/2026 12:18:48;;Souscription non démarrée;Parcours non démarré;190.70
7286;05/05/2026 12:18:48;;Souscription non démarrée;Parcours non démarré;301.61
7287;05/05/2026 12:10:05;;En attente d'analyse Agent - Dossier avec erreurs;Signature Contrat;745.94
7288;05/05/2026 12:10:05;;En attente d'analyse Agent - Dossier avec erreurs;Signature Contrat;906.01
7289;05/05/2026 12:09:23;;Dossier validé;Parcours terminé;196.14
7290;05/05/2026 12:09:23;;Dossier validé;Parcours terminé;354.21
7291;05/05/2026 12:04:47;;Souscription en cours;Coordonnées personnelles;331.36
7292;05/05/2026 12:04:47;;Souscription en cours;Coordonnées personnelles;325.29
7293;05/05/2026 12:03:19;;Dossier refusé;Saisie société;432.81
7294;05/05/2026 12:03:19;;Dossier refusé;Saisie société;108.93
7295;05/05/2026 11:52:21;;Dossier validé;Parcours terminé;284.32
7296;05/05/2026 11:52:21;;Dossier validé;Parcours terminé;809.02
7297;05/05/2026 11:49:47;;Souscription en cours;Informations complémentaires (Etablissements, etc.);410.86
7298;05/05/2026 11:49:47;;Souscription en cours;Informations complémentaires (Etablissements, etc.);802.71
7299;05/05/2026 11:46:50;;Souscription non démarrée;Parcours non démarré;950.13
7300;05/05/2026 11:46:50;;Souscription non démarrée;Parcours non démarré;851.52
7301;05/05/2026 11:36:54;Hugo DUBOIS;Dossier validé;Parcours terminé;862.53
7302;05/05/2026 11:36:54;Hugo DUBOIS;Dossier validé;Parcours terminé;206.35
7303;05/05/2026 11:36:52;;Dossier validé;Parcours terminé;295.88
7304;05/05/2026 11:36:52;;Dossier validé;Parcours terminé;412.36
7305;05/05/2026 11:31:12;;Dossier validé;Parcours terminé;479.44
7306;05/05/2026 11:31:12;;Dossier validé;Parcours terminé;179.92
7307;05/05/2026 11:23:48;;Souscription en cours;Choix de l'offre et livraison;907.84
7308;05/05/2026 11:23:48;;Souscription en cours;Choix de l'offre et livraison;258.94
7309;05/05/2026 11:23:23;;Souscription en cours;Choix de l'offre et livraison;672.69
7310;05/05/2026 11:23:23;;Souscription en cours;Choix de l'offre et livraison;250.35
7311;05/05/2026 11:17:18;;Souscription en cours;Choix de l'offre et livraison;992.05
7312;05/05/2026 11:17:18;;Souscription en cours;Choix de l'offre et livraison;160.33
7313;05/05/2026 11:11:39;;Dossier validé;Parcours terminé;351.14
7314;05/05/2026 11:11:39;;Dossier validé;Parcours terminé;976.11
7315;05/05/2026 11:07:24;Manon LEFEBVRE;Dossier validé;Parcours terminé;327.24
7316;05/05/2026 11:07:24;Manon LEFEBVRE;Dossier validé;Parcours terminé;499.39
7317;05/05/2026 10:54:33;;Souscription en cours;Vérification d'identité;134.28
7318;05/05/2026 10:54:33;;Souscription en cours;Vérification d'identité;785.09
7319;05/05/2026 10:46:20;;Dossier validé;Parcours terminé;358.07
7320;05/05/2026 10:46:20;;Dossier validé;Parcours terminé;934.40
7321;05/05/2026 10:43:20;;Souscription non démarrée;Parcours non démarré;491.90
7322;05/05/2026 10:43:20;;Souscription non démarrée;Parcours non démarré;986.32
7323;05/05/2026 10:41:56;;Souscription en cours;Coordonnées personnelles;144.76
7324;05/05/2026 10:41:56;;Souscription en cours;Coordonnées personnelles;345.95
7325;05/05/2026 10:39:09;;Dossier refusé;Saisie société;488.04
7326;05/05/2026 10:39:09;;Dossier refusé;Saisie société;902.17
7327;05/05/2026 10:38:25;;Souscription en cours;Coordonnées personnelles;274.58
7328;05/05/2026 10:38:25;;Souscription en cours;Coordonnées personnelles;877.23
7329;05/05/2026 10:37:07;;Dossier validé;Parcours terminé;406.72
7330;05/05/2026 10:37:07;;Dossier validé;Parcours terminé;112.21
7331;05/05/2026 10:35:22;;Dossier validé;Parcours terminé;765.53
7332;05/05/2026 10:35:22;;Dossier validé;Parcours terminé;726.58
7333;05/05/2026 10:30:33;;Dossier validé;Parcours terminé;520.64
7334;05/05/2026 10:30:33;;Dossier validé;Parcours terminé;330.95
7335;05/05/2026 10:19:28;;Dossier refusé;Signature Contrat;221.71
7336;05/05/2026 10:19:28;;Dossier refusé;Signature Contrat;347.20
7337;05/05/2026 10:14:08;;Dossier validé;Parcours terminé;675.98
7338;05/05/2026 10:14:08;;Dossier validé;Parcours terminé;381.09
7339;05/05/2026 10:11:01;;Souscription non démarrée;Parcours non démarré;385.99
7340;05/05/2026 10:11:01;;Souscription non démarrée;Parcours non démarré;813.84
7341;05/05/2026 10:07:02;;Souscription non démarrée;Parcours non démarré;976.48
7342;05/05/2026 10:07:02;;Souscription non démarrée;Parcours non démarré;205.83
7343;05/05/2026 09:59:17;;Dossier refusé;Saisie société;623.77
7344;05/05/2026 09:59:17;;Dossier refusé;Saisie société;942.57
7345;05/05/2026 09:58:37;;Dossier validé;Parcours terminé;713.20
7346;05/05/2026 09:58:37;;Dossier validé;Parcours terminé;390.65
7347;05/05/2026 09:55:10;;Dossier validé;Parcours terminé;638.65
7348;05/05/2026 09:55:10;;Dossier validé;Parcours terminé;807.83
7349;05/05/2026 09:36:06;;Dossier refusé;Choix de l'offre et livraison;302.86
7350;05/05/2026 09:36:06;;Dossier refusé;Choix de l'offre et livraison;304.77
7351;05/05/2026 09:30:19;;Dossier validé;Parcours terminé;176.18
7352;05/05/2026 09:30:19;;Dossier validé;Parcours terminé;239.36
7353;05/05/2026 09:10:04;;Dossier refusé;Saisie société;529.35
7354;05/05/2026 09:10:04;;Dossier refusé;Saisie société;739.51
7355;05/05/2026 08:54:32;;Souscription en cours;Coordonnées personnelles;112.54
7356;05/05/2026 08:54:32;;Souscription en cours;Coordonnées personnelles;581.97
7357;05/05/2026 08:53:36;;Souscription en cours;Signature Contrat;610.85
7358;05/05/2026 08:53:36;;Souscription en cours;Signature Contrat;539.43
7359;05/05/2026 08:34:52;;Dossier validé;Parcours terminé;239.88
7360;05/05/2026 08:34:52;;Dossier validé;Parcours terminé;524.70
7361;05/05/2026 08:26:24;Zoé MULLER;Dossier refusé;Saisie société;540.84
7362;05/05/2026 08:26:24;Zoé MULLER;Dossier refusé;Saisie société;993.69
7363;05/05/2026 08:17:17;;Dossier refusé;Saisie société;996.49
7364;05/05/2026 08:17:17;;Dossier refusé;Saisie société;652.12
7365;05/05/2026 08:16:52;;Dossier validé;Parcours terminé;601.69
7366;05/05/2026 08:16:52;;Dossier validé;Parcours terminé;617.97
7367;05/05/2026 08:05:52;;Souscription en cours;Informations complémentaires (CA, Profession, etc.);826.45
7368;05/05/2026 08:05:52;;Souscription en cours;Informations complémentaires (CA, Profession, etc.);224.43
7369;05/05/2026 07:44:33;;Souscription en cours;Coordonnées personnelles;580.27
7370;05/05/2026 07:44:33;;Souscription en cours;Coordonnées personnelles;630.39
7371;05/05/2026 07:41:31;;Souscription non démarrée;Parcours non démarré;414.01
7372;05/05/2026 07:41:31;;Souscription non démarrée;Parcours non démarré;169.74
7373;05/05/2026 07:21:22;;Souscription en cours;Bénéficiaire effectifs;504.23
7374;05/05/2026 07:21:22;;Souscription en cours;Bénéficiaire effectifs;796.21
7375;05/05/2026 07:19:21;;Dossier refusé;Saisie société;769.91
7376;05/05/2026 07:19:21;;Dossier refusé;Saisie société;647.28
7377;05/05/2026 06:54:11;Zoé MULLER;Dossier validé;Parcours terminé;886.61
7378;05/05/2026 06:54:11;Zoé MULLER;Dossier validé;Parcours terminé;195.39
7379;05/05/2026 04:58:51;;Dossier validé;Parcours terminé;509.48
7380;05/05/2026 04:58:51;;Dossier validé;Parcours terminé;674.55
7381;05/05/2026 04:17:14;;Dossier validé;Parcours terminé;341.97
7382;05/05/2026 04:17:14;;Dossier validé;Parcours terminé;410.74
7383;05/05/2026 03:40:20;;Souscription en cours;Coordonnées personnelles;321.62
7384;05/05/2026 03:40:20;;Souscription en cours;Coordonnées personnelles;481.61
7385;05/05/2026 02:42:06;;Souscription en cours;Coordonnées personnelles;413.98
7386;05/05/2026 02:42:06;;Souscription en cours;Coordonnées personnelles;425.81
7387;05/05/2026 02:34:50;;Dossier validé;Parcours terminé;227.52
7388;05/05/2026 02:34:50;;Dossier validé;Parcours terminé;182.02
7389;05/05/2026 01:59:20;;Dossier validé;Parcours terminé;696.53
7390;05/05/2026 01:59:20;;Dossier validé;Parcours terminé;573.20
7391;05/05/2026 01:56:34;;Souscription en cours;Coordonnées personnelles;594.25
7392;05/05/2026 01:56:34;;Souscription en cours;Coordonnées personnelles;322.80
7393;05/05/2026 01:50:40;;Souscription non démarrée;Parcours non démarré;149.17
7394;05/05/2026 01:50:40;;Souscription non démarrée;Parcours non démarré;979.46
7395;05/05/2026 01:39:33;;Dossier refusé;Choix de l'offre et livraison;534.05
7396;05/05/2026 01:39:33;;Dossier refusé;Choix de l'offre et livraison;382.96
7397;05/05/2026 01:08:31;;Dossier validé;Parcours terminé;357.49
7398;05/05/2026 01:08:31;;Dossier validé;Parcours terminé;364.84
7399;05/05/2026 01:06:13;Manon LEFEBVRE;Dossier refusé;Saisie société;535.21
7400;05/05/2026 01:06:13;Manon LEFEBVRE;Dossier refusé;Saisie société;721.04
7401;05/05/2026 00:52:24;;Dossier validé;Parcours terminé;465.21
7402;05/05/2026 00:52:24;;Dossier validé;Parcours terminé;970.81
7403;05/05/2026 00:40:53;;Dossier validé;Parcours terminé;853.56
7404;05/05/2026 00:40:53;;Dossier validé;Parcours terminé;730.27
7405;05/05/2026 00:40:01;;Souscription en cours;Coordonnées personnelles;609.23
7406;05/05/2026 00:40:01;;Souscription en cours;Coordonnées personnelles;703.45
7407;04/05/2026 23:04:00;;Dossier validé;Parcours terminé;646.07
7408;04/05/2026 23:04:00;;Dossier validé;Parcours terminé;840.02
7409;04/05/2026 22:42:47;;Souscription en cours;Signature Contrat;399.31
7410;04/05/2026 22:42:47;;Souscription en cours;Signature Contrat;380.85
7411;04/05/2026 22:41:43;;Souscription en cours;Vérification d'identité;542.76
7412;04/05/2026 22:41:43;;Souscription en cours;Vérification d'identité;461.56
7413;04/05/2026 22:23:24;;Souscription non démarrée;Parcours non démarré;811.11
7414;04/05/2026 22:23:24;;Souscription non démarrée;Parcours non démarré;654.44
7415;04/05/2026 22:14:34;;Dossier validé;Parcours terminé;926.95
7416;04/05/2026 22:14:34;;Dossier validé;Parcours terminé;560.77
7417;04/05/2026 21:49:41;;Dossier validé;Parcours terminé;138.92
7418;04/05/2026 21:49:41;;Dossier validé;Parcours terminé;551.51
7419;04/05/2026 21:43:54;;Souscription non démarrée;Parcours non démarré;202.23
7420;04/05/2026 21:43:54;;Souscription non démarrée;Parcours non démarré;952.13
7421;04/05/2026 21:41:49;;Souscription en cours;Coordonnées personnelles;402.37
7422;04/05/2026 21:41:49;;Souscription en cours;Coordonnées personnelles;578.06
7423;04/05/2026 21:41:10;;Souscription en cours;Choix de l'offre et livraison;732.76
7424;04/05/2026 21:41:10;;Souscription en cours;Choix de l'offre et livraison;326.24
7425;04/05/2026 21:38:02;;Dossier refusé;Informations complémentaires (Etablissements, etc.);726.18
7426;04/05/2026 21:38:02;;Dossier refusé;Informations complémentaires (Etablissements, etc.);257.16
7427;04/05/2026 21:35:57;Hugo MARTIN;Dossier refusé;Saisie société;230.60
7428;04/05/2026 21:35:57;Hugo MARTIN;Dossier refusé;Saisie société;409.86
7429;04/05/2026 20:55:34;;Dossier validé;Parcours terminé;499.22
7430;04/05/2026 20:55:34;;Dossier validé;Parcours terminé;998.51
7431;04/05/2026 20:54:31;;Souscription en cours;Coordonnées personnelles;832.33
7432;04/05/2026 20:54:31;;Souscription en cours;Coordonnées personnelles;937.40
7433;04/05/2026 20:51:15;;Dossier validé;Parcours terminé;695.06
7434;04/05/2026 20:51:15;;Dossier validé;Parcours terminé;640.33
7435;04/05/2026 20:19:00;;Souscription non démarrée;Parcours non démarré;432.18
7436;04/05/2026 20:19:00;;Souscription non démarrée;Parcours non démarré;285.63
7437;04/05/2026 19:52:45;;Souscription en cours;Vérification d'identité;822.66
7438;04/05/2026 19:52:45;;Souscription en cours;Vérification d'identité;431.00
7439;04/05/2026 19:45:50;;Souscription en cours;Vérification d'identité;460.75
7440;04/05/2026 19:45:50;;Souscription en cours;Vérification d'identité;111.87
7441;04/05/2026 19:44:13;Hugo MARTIN;Dossier refusé;Saisie société;154.64
7442;04/05/2026 19:44:13;Hugo MARTIN;Dossier refusé;Saisie société;148.75
7443;04/05/2026 19:40:46;;Souscription en cours;Choix de l'offre et livraison;193.88
7444;04/05/2026 19:40:46;;Souscription en cours;Choix de l'offre et livraison;996.18
7445;04/05/2026 19:24:27;;Dossier validé;Parcours terminé;955.86
7446;04/05/2026 19:24:27;;Dossier validé;Parcours terminé;879.75
7447;04/05/2026 19:23:32;;Dossier validé;Parcours terminé;551.44
7448;04/05/2026 19:23:32;;Dossier validé;Parcours terminé;153.25
7449;04/05/2026 19:20:38;;Souscription non démarrée;Parcours non démarré;416.34
7450;04/05/2026 19:20:38;;Souscription non démarrée;Parcours non démarré;561.60
7451;04/05/2026 18:28:56;;Dossier validé;Parcours terminé;496.54
7452;04/05/2026 18:28:56;;Dossier validé;Parcours terminé;745.03
7453;04/05/2026 18:28:35;;Dossier refusé;Saisie société;677.53
7454;04/05/2026 18:28:35;;Dossier refusé;Saisie société;135.73
7455;04/05/2026 18:27:06;;Souscription en cours;Choix de l'offre et livraison;803.20
7456;04/05/2026 18:27:06;;Souscription en cours;Choix de l'offre et livraison;136.54
7457;04/05/2026 18:14:03;;Dossier validé;Parcours terminé;797.47
7458;04/05/2026 18:14:03;;Dossier validé;Parcours terminé;679.26
7459;04/05/2026 18:12:47;;Dossier validé;Parcours terminé;459.66
7460;04/05/2026 18:12:47;;Dossier validé;Parcours terminé;999.25
7461;04/05/2026 17:59:37;;Souscription en cours;Choix de l'offre et livraison;634.12
7462;04/05/2026 17:59:37;;Souscription en cours;Choix de l'offre et livraison;128.75
7463;04/05/2026 17:52:31;;Souscription non démarrée;Parcours non démarré;665.28
7464;04/05/2026 17:52:31;;Souscription non démarrée;Parcours non démarré;348.00
7465;04/05/2026 17:47:50;;Dossier refusé;Saisie société;673.48
7466;04/05/2026 17:47:50;;Dossier refusé;Saisie société;573.52
7467;04/05/2026 17:41:08;;Souscription en cours;Choix de l'offre et livraison;960.44
7468;04/05/2026 17:41:08;;Souscription en cours;Choix de l'offre et livraison;286.68
7469;04/05/2026 17:39:33;;Dossier validé;Parcours terminé;418.95
7470;04/05/2026 17:39:33;;Dossier validé;Parcours terminé;384.78
7471;04/05/2026 17:24:17;;Souscription en cours;Choix de l'offre et livraison;498.52
7472;04/05/2026 17:24:17;;Souscription en cours;Choix de l'offre et livraison;499.83
7473;04/05/2026 17:23:08;;Souscription en cours;Coordonnées personnelles;919.50
7474;04/05/2026 17:23:08;;Souscription en cours;Coordonnées personnelles;711.85
7475;04/05/2026 17:18:45;;Dossier validé;Parcours terminé;683.72
7476;04/05/2026 17:18:45;;Dossier validé;Parcours terminé;331.53
7477;04/05/2026 17:03:58;;Souscription en cours;Choix de l'offre et livraison;730.61
7478;04/05/2026 17:03:58;;Souscription en cours;Choix de l'offre et livraison;850.44
7479;04/05/2026 16:49:55;;Souscription en cours;Coordonnées personnelles;421.30
7480;04/05/2026 16:49:55;;Souscription en cours;Coordonnées personnelles;278.85
7481;04/05/2026 16:31:49;;Souscription en cours;Coordonnées personnelles;351.33
7482;04/05/2026 16:31:49;;Souscription en cours;Coordonnées personnelles;538.11
7483;04/05/2026 16:27:29;Hugo DUBOIS;Dossier validé;Parcours terminé;856.87
7484;04/05/2026 16:27:29;Hugo DUBOIS;Dossier validé;Parcours terminé;926.53
7485;04/05/2026 16:21:32;;Souscription en cours;Coordonnées personnelles;790.26
7486;04/05/2026 16:21:32;;Souscription en cours;Coordonnées personnelles;412.82
7487;04/05/2026 16:18:45;;Dossier validé;Parcours terminé;662.34
7488;04/05/2026 16:18:45;;Dossier validé;Parcours terminé;858.84
7489;04/05/2026 16:11:48;;Dossier refusé;Saisie société;504.35
7490;04/05/2026 16:11:48;;Dossier refusé;Saisie société;307.84
7491;04/05/2026 15:51:19;;Souscription en cours;Coordonnées personnelles;612.09
7492;04/05/2026 15:51:19;;Souscription en cours;Coordonnées personnelles;896.64
7493;04/05/2026 15:50:39;;Dossier refusé;Saisie société;676.41
7494;04/05/2026 15:50:39;;Dossier refusé;Saisie société;150.60
7495;04/05/2026 15:49:20;;Dossier validé;Parcours terminé;765.93
7496;04/05/2026 15:49:20;;Dossier validé;Parcours terminé;296.91
7497;04/05/2026 15:46:34;;Dossier refusé;Saisie société;596.68
7498;04/05/2026 15:46:34;;Dossier refusé;Saisie société;510.24
7499;04/05/2026 15:45:13;;Dossier refusé;Signature Contrat;549.18
7500;04/05/2026 15:45:13;;Dossier refusé;Signature Contrat;937.78
7501;04/05/2026 15:36:35;;Dossier validé;Parcours terminé;931.19
7502;04/05/2026 15:36:35;;Dossier validé;Parcours terminé;772.62
7503;04/05/2026 15:29:15;;Dossier validé;Parcours terminé;880.25
7504;04/05/2026 15:29:15;;Dossier validé;Parcours terminé;101.27
7505;04/05/2026 15:27:12;;En attente d'analyse Agent - Dossier avec erreurs;Signature Contrat;783.33
7506;04/05/2026 15:27:12;;En attente d'analyse Agent - Dossier avec erreurs;Signature Contrat;861.99
7507;04/05/2026 15:24:35;;Dossier refusé;Bénéficiaire effectifs;451.43
7508;04/05/2026 15:24:35;;Dossier refusé;Bénéficiaire effectifs;831.20
7509;04/05/2026 15:24:21;;Souscription non démarrée;Parcours non démarré;933.65
7510;04/05/2026 15:24:21;;Souscription non démarrée;Parcours non démarré;838.27
7511;04/05/2026 15:23:05;Hugo MARTIN;Dossier refusé;Saisie société;713.86
7512;04/05/2026 15:23:05;Hugo MARTIN;Dossier refusé;Saisie société;283.33
7513;04/05/2026 14:51:51;;Souscription en cours;Signature Contrat;558.61
7514;04/05/2026 14:51:51;;Souscription en cours;Signature Contrat;728.86
7515;04/05/2026 14:44:57;;Dossier validé;Parcours terminé;222.25
7516;04/05/2026 14:44:57;;Dossier validé;Parcours terminé;497.36
7517;04/05/2026 14:41:42;;Dossier refusé;Signature Contrat;904.85
7518;04/05/2026 14:41:42;;Dossier refusé;Signature Contrat;332.21
7519;04/05/2026 14:41:03;Hugo MARTIN;Dossier refusé;Saisie société;474.96
7520;04/05/2026 14:41:03;Hugo MARTIN;Dossier refusé;Saisie société;417.86
7521;04/05/2026 14:28:00;;Dossier validé;Parcours terminé;139.45
7522;04/05/2026 14:28:00;;Dossier validé;Parcours terminé;510.73
7523;04/05/2026 14:26:49;;Dossier validé;Parcours terminé;987.85
7524;04/05/2026 14:26:49;;Dossier validé;Parcours terminé;879.09
7525;04/05/2026 14:25:34;;Dossier refusé;Signature Contrat;564.15
7526;04/05/2026 14:25:34;;Dossier refusé;Signature Contrat;282.63
7527;04/05/2026 14:13:51;;Dossier validé;Parcours terminé;513.11
7528;04/05/2026 14:13:51;;Dossier validé;Parcours terminé;326.62
7529;04/05/2026 14:07:15;;Dossier refusé;Signature Contrat;768.52
7530;04/05/2026 14:07:15;;Dossier refusé;Signature Contrat;660.54
7531;04/05/2026 14:06:51;;Souscription non démarrée;Parcours non démarré;362.31
7532;04/05/2026 14:06:51;;Souscription non démarrée;Parcours non démarré;450.96
7533;04/05/2026 13:49:43;;Souscription en cours;Informations complémentaires (CA, Profession, etc.);399.68
7534;04/05/2026 13:49:43;;Souscription en cours;Informations complémentaires (CA, Profession, etc.);797.43
7535;04/05/2026 13:24:22;;Souscription non démarrée;Parcours non démarré;955.90
7536;04/05/2026 13:24:22;;Souscription non démarrée;Parcours non démarré;884.70
7537;04/05/2026 13:17:02;;Souscription non démarrée;Parcours non démarré;582.98
7538;04/05/2026 13:17:02;;Souscription non démarrée;Parcours non démarré;333.66
7539;04/05/2026 13:10:43;;Dossier validé;Parcours terminé;121.16
7540;04/05/2026 13:10:43;;Dossier validé;Parcours terminé;670.92
7541;04/05/2026 12:44:22;;Souscription en cours;Coordonnées personnelles;469.07
7542;04/05/2026 12:44:22;;Souscription en cours;Coordonnées personnelles;204.86
7543;04/05/2026 12:24:28;;Dossier validé;Parcours terminé;454.87
7544;04/05/2026 12:24:28;;Dossier validé;Parcours terminé;912.17
7545;04/05/2026 12:03:25;;Souscription en cours;Coordonnées personnelles;302.60
7546;04/05/2026 12:03:25;;Souscription en cours;Coordonnées personnelles;829.73
7547;04/05/2026 11:54:54;;Souscription en cours;Coordonnées personnelles;244.04
7548;04/05/2026 11:54:54;;Souscription en cours;Coordonnées personnelles;973.40
7549;04/05/2026 11:50:44;;Souscription en cours;Informations complémentaires (Etablissements, etc.);821.90
7550;04/05/2026 11:50:44;;Souscription en cours;Informations complémentaires (Etablissements, etc.);789.93
7551;04/05/2026 11:46:55;;Dossier validé;Parcours terminé;165.11
7552;04/05/2026 11:46:55;;Dossier validé;Parcours terminé;160.11
7553;04/05/2026 11:31:33;;Dossier validé;Parcours terminé;287.98
7554;04/05/2026 11:31:33;;Dossier validé;Parcours terminé;194.07
7555;04/05/2026 11:19:58;;Souscription en cours;Choix de l'offre et livraison;695.97
7556;04/05/2026 11:19:58;;Souscription en cours;Choix de l'offre et livraison;476.31
7557;04/05/2026 11:14:28;;Dossier validé;Parcours terminé;568.38
7558;04/05/2026 11:14:28;;Dossier validé;Parcours terminé;189.42
7559;04/05/2026 11:11:40;;Souscription en cours;Signature Contrat;789.21
7560;04/05/2026 11:11:40;;Souscription en cours;Signature Contrat;243.32
7561;04/05/2026 11:03:42;;Dossier validé;Parcours terminé;506.98
7562;04/05/2026 11:03:42;;Dossier validé;Parcours terminé;885.47
7563;04/05/2026 11:00:21;;Dossier validé;Parcours terminé;733.42
7564;04/05/2026 11:00:21;;Dossier validé;Parcours terminé;886.59
7565;04/05/2026 10:51:38;Adam MARTIN;Dossier validé;Parcours terminé;685.74
7566;04/05/2026 10:51:38;Adam MARTIN;Dossier validé;Parcours terminé;217.73
7567;04/05/2026 10:46:55;;Souscription en cours;Coordonnées personnelles;115.53
7568;04/05/2026 10:46:55;;Souscription en cours;Coordonnées personnelles;294.39
7569;04/05/2026 10:38:23;;Dossier refusé;Saisie société;270.26
7570;04/05/2026 10:38:23;;Dossier refusé;Saisie société;450.60
7571;04/05/2026 10:35:32;;Souscription en cours;Coordonnées personnelles;554.78
7572;04/05/2026 10:35:32;;Souscription en cours;Coordonnées personnelles;172.11
7573;04/05/2026 10:34:18;;Dossier validé;Parcours terminé;348.56
7574;04/05/2026 10:34:18;;Dossier validé;Parcours terminé;434.96
7575;04/05/2026 10:33:30;Zoé MULLER;Dossier validé;Parcours terminé;614.87
7576;04/05/2026 10:33:30;Zoé MULLER;Dossier validé;Parcours terminé;839.63
7577;04/05/2026 10:12:38;;Dossier refusé;Saisie société;278.53
7578;04/05/2026 10:12:38;;Dossier refusé;Saisie société;970.36
7579;04/05/2026 10:08:02;;Dossier validé;Parcours terminé;483.13
7580;04/05/2026 10:08:02;;Dossier validé;Parcours terminé;495.50
7581;04/05/2026 09:55:18;;Souscription en cours;Signature Contrat;146.95
7582;04/05/2026 09:55:18;;Souscription en cours;Signature Contrat;547.16
7583;04/05/2026 09:53:07;;Dossier refusé;Parcours non démarré;604.56
7584;04/05/2026 09:53:07;;Dossier refusé;Parcours non démarré;820.85
7585;04/05/2026 09:44:53;;Dossier validé;Parcours terminé;270.56
7586;04/05/2026 09:44:53;;Dossier validé;Parcours terminé;567.82
7587;04/05/2026 09:41:43;;Dossier validé;Parcours terminé;466.67
7588;04/05/2026 09:41:43;;Dossier validé;Parcours terminé;508.91
7589;04/05/2026 09:32:20;;Dossier validé;Parcours terminé;316.05
7590;04/05/2026 09:32:20;;Dossier validé;Parcours terminé;673.84
7591;04/05/2026 09:08:41;;Souscription en cours;Informations complémentaires (Etablissements, etc.);451.80
7592;04/05/2026 09:08:41;;Souscription en cours;Informations complémentaires (Etablissements, etc.);963.30
7593;04/05/2026 09:02:42;;Dossier validé;Parcours terminé;173.54
7594;04/05/2026 09:02:42;;Dossier validé;Parcours terminé;149.66
7595;04/05/2026 08:52:20;;Souscription non démarrée;Parcours non démarré;454.16
7596;04/05/2026 08:52:20;;Souscription non démarrée;Parcours non démarré;616.64
7597;04/05/2026 08:42:31;;Dossier validé;Parcours terminé;333.38
7598;04/05/2026 08:42:31;;Dossier validé;Parcours terminé;469.01
7599;04/05/2026 08:20:59;;Dossier validé;Parcours terminé;677.11
7600;04/05/2026 08:20:59;;Dossier validé;Parcours terminé;277.03
7601;04/05/2026 07:20:17;;Souscription en cours;Choix de l'offre et livraison;354.98
7602;04/05/2026 07:20:17;;Souscription en cours;Choix de l'offre et livraison;447.18
7603;04/05/2026 06:04:59;;Dossier refusé;Bénéficiaire effectifs;891.76
7604;04/05/2026 06:04:59;;Dossier refusé;Bénéficiaire effectifs;552.58
7605;04/05/2026 06:02:53;;Dossier validé;Parcours terminé;309.17
7606;04/05/2026 06:02:53;;Dossier validé;Parcours terminé;701.60
7607;04/05/2026 05:54:32;;Dossier refusé;Signature Contrat;221.49
7608;04/05/2026 05:54:32;;Dossier refusé;Signature Contrat;879.07
7609;04/05/2026 04:04:42;;Souscription en cours;Coordonnées personnelles;354.04
7610;04/05/2026 04:04:42;;Souscription en cours;Coordonnées personnelles;465.57
7611;04/05/2026 00:40:04;;Dossier refusé;Signature Contrat;634.98
7612;04/05/2026 00:40:04;;Dossier refusé;Signature Contrat;859.92
7613;04/05/2026 00:18:18;;Souscription en cours;Coordonnées personnelles;759.75
7614;04/05/2026 00:18:18;;Souscription en cours;Coordonnées personnelles;247.01
7615;04/05/2026 00:04:33;Manon LEFEBVRE;Dossier refusé;Saisie société;687.36
7616;04/05/2026 00:04:33;Manon LEFEBVRE;Dossier refusé;Saisie société;128.29
7617;03/05/2026 23:46:07;;Souscription en cours;Choix de l'offre et livraison;710.55
7618;03/05/2026 23:46:07;;Souscription en cours;Choix de l'offre et livraison;718.71
7619;03/05/2026 23:18:14;;Dossier validé;Parcours terminé;116.80
7620;03/05/2026 23:18:14;;Dossier validé;Parcours terminé;354.75
7621;03/05/2026 22:55:30;;Dossier validé;Parcours terminé;340.24
7622;03/05/2026 22:55:30;;Dossier validé;Parcours terminé;940.71
7623;03/05/2026 21:55:15;Hugo DUBOIS;Dossier validé;Parcours terminé;121.62
7624;03/05/2026 21:55:15;Hugo DUBOIS;Dossier validé;Parcours terminé;247.25
7625;03/05/2026 21:51:55;;Souscription en cours;Coordonnées personnelles;421.36
7626;03/05/2026 21:51:55;;Souscription en cours;Coordonnées personnelles;750.76
7627;03/05/2026 21:49:40;;Dossier refusé;Saisie société;120.78
7628;03/05/2026 21:49:40;;Dossier refusé;Saisie société;383.45
7629;03/05/2026 21:40:43;;Souscription non démarrée;Parcours non démarré;919.75
7630;03/05/2026 21:40:43;;Souscription non démarrée;Parcours non démarré;974.15
7631;03/05/2026 21:27:08;;Souscription en cours;Choix de l'offre et livraison;536.42
7632;03/05/2026 21:27:08;;Souscription en cours;Choix de l'offre et livraison;481.88
7633;03/05/2026 21:15:23;;Dossier validé;Parcours terminé;521.22
7634;03/05/2026 21:15:23;;Dossier validé;Parcours terminé;810.44
7635;03/05/2026 20:58:18;;Dossier validé;Parcours terminé;157.20
7636;03/05/2026 20:58:18;;Dossier validé;Parcours terminé;624.47
7637;03/05/2026 20:42:30;;Souscription non démarrée;Parcours non démarré;750.51
7638;03/05/2026 20:42:30;;Souscription non démarrée;Parcours non démarré;776.92
7639;03/05/2026 20:32:13;Hugo MARTIN;Dossier validé;Parcours terminé;842.50
7640;03/05/2026 20:32:13;Hugo MARTIN;Dossier validé;Parcours terminé;526.60
7641;03/05/2026 20:29:42;;Dossier refusé;Saisie société;533.73
7642;03/05/2026 20:29:42;;Dossier refusé;Saisie société;387.98
7643;03/05/2026 19:46:15;;Dossier validé;Parcours terminé;749.12
7644;03/05/2026 19:46:15;;Dossier validé;Parcours terminé;423.75
7645;03/05/2026 19:24:44;Adam MARTIN;Dossier validé;Parcours terminé;309.96
7646;03/05/2026 19:24:44;Adam MARTIN;Dossier validé;Parcours terminé;598.50
7647;03/05/2026 19:23:58;;Dossier validé;Parcours terminé;652.63
7648;03/05/2026 19:23:58;;Dossier validé;Parcours terminé;484.58
7649;03/05/2026 18:59:21;;Souscription en cours;Coordonnées personnelles;655.83
7650;03/05/2026 18:59:21;;Souscription en cours;Coordonnées personnelles;586.17
7651;03/05/2026 18:49:10;;Dossier validé;Parcours terminé;749.71
7652;03/05/2026 18:49:10;;Dossier validé;Parcours terminé;151.69
7653;03/05/2026 18:37:44;;Souscription en cours;Coordonnées personnelles;464.63
7654;03/05/2026 18:37:44;;Souscription en cours;Coordonnées personnelles;905.17
7655;03/05/2026 18:27:04;;Souscription non démarrée;Parcours non démarré;491.81
7656;03/05/2026 18:27:04;;Souscription non démarrée;Parcours non démarré;837.81
7657;03/05/2026 17:48:46;;Souscription en cours;Choix de l'offre et livraison;331.34
7658;03/05/2026 17:48:46;;Souscription en cours;Choix de l'offre et livraison;524.97
7659;03/05/2026 17:35:09;;Dossier validé;Parcours terminé;195.19
7660;03/05/2026 17:35:09;;Dossier validé;Parcours terminé;153.42
7661;03/05/2026 17:32:48;;Dossier validé;Parcours terminé;340.34
7662;03/05/2026 17:32:48;;Dossier validé;Parcours terminé;777.89
7663;03/05/2026 17:31:13;;Dossier refusé;Saisie société;955.10
7664;03/05/2026 17:31:13;;Dossier refusé;Saisie société;859.73
7665;03/05/2026 17:19:14;;Souscription en cours;Signature Contrat;322.86
7666;03/05/2026 17:19:14;;Souscription en cours;Signature Contrat;995.45
7667;03/05/2026 17:10:19;;Dossier refusé;Saisie société;538.49
7668;03/05/2026 17:10:19;;Dossier refusé;Saisie société;962.83
7669;03/05/2026 17:03:22;Rayan MICHEL;Dossier refusé;Saisie société;206.09
7670;03/05/2026 17:03:22;Rayan MICHEL;Dossier refusé;Saisie société;801.75
7671;03/05/2026 16:37:42;;Dossier validé;Parcours terminé;562.59
7672;03/05/2026 16:37:42;;Dossier validé;Parcours terminé;707.19
7673;03/05/2026 16:24:54;;Souscription en cours;Coordonnées personnelles;880.14
7674;03/05/2026 16:24:54;;Souscription en cours;Coordonnées personnelles;568.12
7675;03/05/2026 15:59:48;;Souscription non démarrée;Parcours non démarré;391.58
7676;03/05/2026 15:59:48;;Souscription non démarrée;Parcours non démarré;450.25
7677;03/05/2026 15:53:05;Z5681453;Dossier refusé;Signature Contrat;657.99
7678;03/05/2026 15:53:05;Z5681453;Dossier refusé;Signature Contrat;426.69
7679;03/05/2026 15:42:43;;Souscription en cours;Coordonnées personnelles;154.31
7680;03/05/2026 15:42:43;;Souscription en cours;Coordonnées personnelles;753.52
7681;03/05/2026 15:42:41;Adam LAURENT;Dossier validé;Parcours terminé;613.64
7682;03/05/2026 15:42:41;Adam LAURENT;Dossier validé;Parcours terminé;831.80
7683;03/05/2026 15:12:07;;Souscription non démarrée;Parcours non démarré;606.70
7684;03/05/2026 15:12:07;;Souscription non démarrée;Parcours non démarré;910.46
7685;03/05/2026 15:10:23;;Dossier validé;Parcours terminé;432.85
7686;03/05/2026 15:10:23;;Dossier validé;Parcours terminé;672.54
7687;03/05/2026 14:55:25;;Souscription en cours;Signature Contrat;116.42
7688;03/05/2026 14:55:25;;Souscription en cours;Signature Contrat;696.76
7689;03/05/2026 14:42:25;;Souscription en cours;Coordonnées personnelles;208.87
7690;03/05/2026 14:42:25;;Souscription en cours;Coordonnées personnelles;241.51
7691;03/05/2026 14:42:23;;Dossier validé;Parcours terminé;492.83
7692;03/05/2026 14:42:23;;Dossier validé;Parcours terminé;399.15
7693;03/05/2026 14:27:11;;Dossier validé;Parcours terminé;502.65
7694;03/05/2026 14:27:11;;Dossier validé;Parcours terminé;259.02
7695;03/05/2026 14:22:51;;Dossier validé;Parcours terminé;965.85
7696;03/05/2026 14:22:51;;Dossier validé;Parcours terminé;728.60
7697;03/05/2026 14:22:27;;Dossier validé;Parcours terminé;713.28
7698;03/05/2026 14:22:27;;Dossier validé;Parcours terminé;502.53
7699;03/05/2026 14:12:52;;Souscription non démarrée;Parcours non démarré;703.91
7700;03/05/2026 14:12:52;;Souscription non démarrée;Parcours non démarré;514.60
7701;03/05/2026 13:52:40;;Souscription non démarrée;Parcours non démarré;174.11
7702;03/05/2026 13:52:40;;Souscription non démarrée;Parcours non démarré;218.74
7703;03/05/2026 13:52:36;;Souscription non démarrée;Parcours non démarré;132.39
7704;03/05/2026 13:52:36;;Souscription non démarrée;Parcours non démarré;410.84
7705;03/05/2026 13:48:48;;Dossier validé;Parcours terminé;176.20
7706;03/05/2026 13:48:48;;Dossier validé;Parcours terminé;465.10
7707;03/05/2026 12:51:02;;Souscription en cours;Informations complémentaires (Etablissements, etc.);238.12
7708;03/05/2026 12:51:02;;Souscription en cours;Informations complémentaires (Etablissements, etc.);496.43
7709;03/05/2026 12:49:35;;Souscription en cours;Coordonnées personnelles;900.49
7710;03/05/2026 12:49:35;;Souscription en cours;Coordonnées personnelles;694.98
7711;03/05/2026 12:44:17;;Dossier validé;Parcours terminé;739.35
7712;03/05/2026 12:44:17;;Dossier validé;Parcours terminé;448.25
7713;03/05/2026 12:34:29;;Dossier refusé;Signature Contrat;948.75
7714;03/05/2026 12:34:29;;Dossier refusé;Signature Contrat;812.16
7715;03/05/2026 12:27:44;;Dossier validé;Parcours terminé;317.90
7716;03/05/2026 12:27:44;;Dossier validé;Parcours terminé;764.23
7717;03/05/2026 12:18:07;;Dossier validé;Parcours terminé;624.00
7718;03/05/2026 12:18:07;;Dossier validé;Parcours terminé;996.38
7719;03/05/2026 12:16:42;;Dossier validé;Parcours terminé;172.38
7720;03/05/2026 12:16:42;;Dossier validé;Parcours terminé;284.87
7721;03/05/2026 12:09:04;;Dossier refusé;Signature Contrat;372.95
7722;03/05/2026 12:09:04;;Dossier refusé;Signature Contrat;410.34
7723;03/05/2026 12:03:25;;Souscription en cours;Choix de l'offre et livraison;929.77
7724;03/05/2026 12:03:25;;Souscription en cours;Choix de l'offre et livraison;632.75
7725;03/05/2026 11:51:24;Adam LAURENT;Dossier validé;Parcours terminé;767.55
7726;03/05/2026 11:51:24;Adam LAURENT;Dossier validé;Parcours terminé;798.74
7727;03/05/2026 11:48:44;;Dossier validé;Parcours terminé;334.12
7728;03/05/2026 11:48:44;;Dossier validé;Parcours terminé;372.15
7729;03/05/2026 11:47:03;;Souscription non démarrée;Parcours non démarré;134.78
7730;03/05/2026 11:47:03;;Souscription non démarrée;Parcours non démarré;956.82
7731;03/05/2026 11:35:08;;Dossier validé;Parcours terminé;355.63
7732;03/05/2026 11:35:08;;Dossier validé;Parcours terminé;922.26
7733;03/05/2026 11:32:30;;Souscription en cours;Coordonnées personnelles;264.68
7734;03/05/2026 11:32:30;;Souscription en cours;Coordonnées personnelles;693.93
7735;03/05/2026 11:24:31;;Dossier validé;Parcours terminé;899.67
7736;03/05/2026 11:24:31;;Dossier validé;Parcours terminé;364.11
7737;03/05/2026 11:23:09;;Souscription en cours;Signature Contrat;926.61
7738;03/05/2026 11:23:09;;Souscription en cours;Signature Contrat;720.77
7739;03/05/2026 11:09:56;Manon LEFEBVRE;Dossier refusé;Signature Contrat;631.26
7740;03/05/2026 11:09:56;Manon LEFEBVRE;Dossier refusé;Signature Contrat;111.22
7741;03/05/2026 11:09:17;;Dossier validé;Parcours terminé;546.68
7742;03/05/2026 11:09:17;;Dossier validé;Parcours terminé;149.35
7743;03/05/2026 11:02:42;;Dossier validé;Parcours terminé;800.73
7744;03/05/2026 11:02:42;;Dossier validé;Parcours terminé;300.16
7745;03/05/2026 10:58:44;;Dossier validé;Parcours terminé;839.13
7746;03/05/2026 10:58:44;;Dossier validé;Parcours terminé;991.47
7747;03/05/2026 10:42:45;Hugo MARTIN;Dossier refusé;Choix de l'offre et livraison;203.81
7748;03/05/2026 10:42:45;Hugo MARTIN;Dossier refusé;Choix de l'offre et livraison;693.29
7749;03/05/2026 10:41:12;;Dossier validé;Parcours terminé;635.21
7750;03/05/2026 10:41:12;;Dossier validé;Parcours terminé;473.60
7751;03/05/2026 10:37:42;;Souscription en cours;Choix de l'offre et livraison;489.40
7752;03/05/2026 10:37:42;;Souscription en cours;Choix de l'offre et livraison;868.27
7753;03/05/2026 10:32:37;;Dossier validé;Parcours terminé;373.42
7754;03/05/2026 10:32:37;;Dossier validé;Parcours terminé;439.02
7755;03/05/2026 10:29:04;;Dossier validé;Parcours terminé;515.88
7756;03/05/2026 10:29:04;;Dossier validé;Parcours terminé;524.09
7757;03/05/2026 10:24:28;;Souscription en cours;Coordonnées personnelles;483.17
7758;03/05/2026 10:24:28;;Souscription en cours;Coordonnées personnelles;861.48
7759;03/05/2026 10:22:41;;Dossier refusé;Saisie société;706.74
7760;03/05/2026 10:22:41;;Dossier refusé;Saisie société;491.57
7761;03/05/2026 10:13:04;;Souscription en cours;Coordonnées personnelles;203.53
7762;03/05/2026 10:13:04;;Souscription en cours;Coordonnées personnelles;428.60
7763;03/05/2026 10:00:48;;Souscription en cours;Vérification d'identité;816.12
7764;03/05/2026 10:00:48;;Souscription en cours;Vérification d'identité;226.86
7765;03/05/2026 09:39:43;;Dossier validé;Parcours terminé;498.10
7766;03/05/2026 09:39:43;;Dossier validé;Parcours terminé;765.71
7767;03/05/2026 09:20:13;;Souscription en cours;Informations complémentaires (CA, Profession, etc.);528.70
7768;03/05/2026 09:20:13;;Souscription en cours;Informations complémentaires (CA, Profession, etc.);362.07
7769;03/05/2026 09:17:49;;Souscription en cours;Choix de l'offre et livraison;735.79
7770;03/05/2026 09:17:49;;Souscription en cours;Choix de l'offre et livraison;874.05
7771;03/05/2026 08:47:20;;Souscription en cours;Choix de l'offre et livraison;979.94
7772;03/05/2026 08:47:20;;Souscription en cours;Choix de l'offre et livraison;835.40
7773;03/05/2026 08:25:23;Hugo DUBOIS;Dossier validé;Parcours terminé;330.49
7774;03/05/2026 08:25:23;Hugo DUBOIS;Dossier validé;Parcours terminé;930.23
7775;03/05/2026 08:04:57;;Dossier validé;Parcours terminé;775.51
7776;03/05/2026 08:04:57;;Dossier validé;Parcours terminé;505.27
7777;03/05/2026 08:02:20;;Souscription en cours;Vérification d'identité;502.04
7778;03/05/2026 08:02:20;;Souscription en cours;Vérification d'identité;522.01
7779;03/05/2026 07:56:53;;Souscription en cours;Choix de l'offre et livraison;384.78
7780;03/05/2026 07:56:53;;Souscription en cours;Choix de l'offre et livraison;343.22
7781;03/05/2026 07:49:30;;Dossier refusé;Signature Contrat;229.92
7782;03/05/2026 07:49:30;;Dossier refusé;Signature Contrat;380.44
7783;03/05/2026 04:29:44;;Dossier validé;Parcours terminé;178.92
7784;03/05/2026 04:29:44;;Dossier validé;Parcours terminé;403.18
7785;03/05/2026 03:08:34;;Dossier validé;Parcours terminé;757.28
7786;03/05/2026 03:08:34;;Dossier validé;Parcours terminé;586.42
7787;03/05/2026 03:07:24;;Souscription en cours;Signature Contrat;233.85
7788;03/05/2026 03:07:24;;Souscription en cours;Signature Contrat;566.20
7789;03/05/2026 02:31:55;;Dossier validé;Parcours terminé;463.00
7790;03/05/2026 02:31:55;;Dossier validé;Parcours terminé;875.55
7791;03/05/2026 01:35:21;;Souscription en cours;Synchronisation référentiel personne NOVA;527.49
7792;03/05/2026 01:35:21;;Souscription en cours;Synchronisation référentiel personne NOVA;289.01
7793;03/05/2026 00:35:18;;Souscription en cours;Synchronisation référentiel personne NOVA;990.17
7794;03/05/2026 00:35:18;;Souscription en cours;Synchronisation référentiel personne NOVA;742.46
7795;03/05/2026 00:10:47;;Dossier refusé;Saisie société;218.98
7796;03/05/2026 00:10:47;;Dossier refusé;Saisie société;615.30
7797;03/05/2026 00:02:57;;Dossier validé;Parcours terminé;141.42
7798;03/05/2026 00:02:57;;Dossier validé;Parcours terminé;795.01
