Numéro;Date de création;Responsable;Statut;Étape en cours;Valeur
1;10/05/2026 23:52:26;;Souscription en cours;Coordonnées personnelles;787.66
2;10/05/2026 23:52:26;;Souscription en cours;Coordonnées personnelles;278.07
3;10/05/2026 23:13:24;;Souscription en cours;Informations complémentaires (Etablissements, etc.);657.67
4;10/05/2026 23:13:24;;Souscription en cours;Informations complémentaires (Etablissements, etc.);747.90
5;10/05/2026 22:08:12;;Souscription non démarrée;Parcours non démarré;812.69
6;10/05/2026 22:08:12;;Souscription non démarrée;Parcours non démarré;907.34
7;10/05/2026 22:06:04;;Souscription non démarrée;Parcours non démarré;230.89
8;10/05/2026 22:06:04;;Souscription non démarrée;Parcours non démarré;466.94
9;10/05/2026 22:03:58;;Souscription non démarrée;Parcours non démarré;889.51
10;10/05/2026 22:03:58;;Souscription non démarrée;Parcours non démarré;702.07
11;10/05/2026 21:39:58;;Souscription en cours;Choix de l'offre et livraison;945.91
12;10/05/2026 21:39:58;;Souscription en cours;Choix de l'offre et livraison;811.95
13;10/05/2026 21:34:20;;Souscription en cours;Synchronisation référentiel personne NOVA;653.37
14;10/05/2026 21:34:20;;Souscription en cours;Synchronisation référentiel personne NOVA;279.14
15;10/05/2026 21:25:30;;Dossier validé;Parcours terminé;975.06
16;10/05/2026 21:25:30;;Dossier validé;Parcours terminé;582.74
17;10/05/2026 21:16:01;;Souscription en cours;Coordonnées personnelles;126.20
18;10/05/2026 21:16:01;;Souscription en cours;Coordonnées personnelles;323.49
19;10/05/2026 21:01:00;;Souscription non démarrée;Parcours non démarré;745.07
20;10/05/2026 21:01:00;;Souscription non démarrée;Parcours non démarré;928.40
21;10/05/2026 20:19:43;;Souscription en cours;Coordonnées personnelles;952.34
22;10/05/2026 20:19:43;;Souscription en cours;Coordonnées personnelles;267.46
23;10/05/2026 19:20:24;;Souscription non démarrée;Parcours non démarré;309.36
24;10/05/2026 19:20:24;;Souscription non démarrée;Parcours non démarré;852.72
25;10/05/2026 19:08:20;;Souscription non démarrée;Parcours non démarré;198.42
26;10/05/2026 19:08:20;;Souscription non démarrée;Parcours non démarré;477.21
27;10/05/2026 17:10:23;;Souscription en cours;Vérification d'identité;333.62
28;10/05/2026 17:10:23;;Souscription en cours;Vérification d'identité;658.14
29;10/05/2026 16:53:49;;Souscription en cours;Choix de l'offre et livraison;705.70
30;10/05/2026 16:53:49;;Souscription en cours;Choix de l'offre et livraison;288.06
31;10/05/2026 16:51:57;;Souscription en cours;Signature Contrat;331.61
32;10/05/2026 16:51:57;;Souscription en cours;Signature Contrat;296.15
33;10/05/2026 16:28:27;;Souscription en cours;Synchronisation référentiel personne NOVA;558.13
34;10/05/2026 16:28:27;;Souscription en cours;Synchronisation référentiel personne NOVA;901.26
35;10/05/2026 16:15:55;;Souscription en cours;Coordonnées personnelles;340.51
36;10/05/2026 16:15:55;;Souscription en cours;Coordonnées personnelles;390.78
37;10/05/2026 15:59:50;;Souscription en cours;Coordonnées personnelles;167.09
38;10/05/2026 15:59:50;;Souscription en cours;Coordonnées personnelles;863.63
39;10/05/2026 15:58:47;;Souscription en cours;Coordonnées personnelles;955.51
40;10/05/2026 15:58:47;;Souscription en cours;Coordonnées personnelles;104.82
41;10/05/2026 15:57:41;;Souscription en cours;Coordonnées personnelles;288.96
42;10/05/2026 15:57:41;;Souscription en cours;Coordonnées personnelles;145.72
43;10/05/2026 15:44:43;;Souscription en cours;Choix de l'offre et livraison;293.29
44;10/05/2026 15:44:43;;Souscription en cours;Choix de l'offre et livraison;774.61
45;10/05/2026 15:40:33;;Souscription en cours;Coordonnées personnelles;271.29
46;10/05/2026 15:40:33;;Souscription en cours;Coordonnées personnelles;666.13
47;10/05/2026 15:24:05;;Souscription en cours;Vérification d'identité;823.78
48;10/05/2026 15:24:05;;Souscription en cours;Vérification d'identité;147.19
49;10/05/2026 15:10:49;;Souscription en cours;Informations complémentaires (Etablissements, etc.);804.37
50;10/05/2026 15:10:49;;Souscription en cours;Informations complémentaires (Etablissements, etc.);128.10
51;10/05/2026 15:10:23;;Souscription en cours;Choix de l'offre et livraison;888.13
52;10/05/2026 15:10:23;;Souscription en cours;Choix de l'offre et livraison;225.12
53;10/05/2026 14:52:51;;Souscription en cours;Coordonnées personnelles;708.34
54;10/05/2026 14:52:51;;Souscription en cours;Coordonnées personnelles;386.51
55;10/05/2026 14:06:24;;Souscription en cours;Signature Contrat;216.47
56;10/05/2026 14:06:24;;Souscription en cours;Signature Contrat;337.21
57;10/05/2026 13:54:14;;Souscription en cours;Coordonnées personnelles;834.66
58;10/05/2026 13:54:14;;Souscription en cours;Coordonnées personnelles;308.71
59;10/05/2026 13:20:03;;En attente d'analyse Agent - Dossier avec erreurs;Signature Contrat;968.33
60;10/05/2026 13:20:03;;En attente d'analyse Agent - Dossier avec erreurs;Signature Contrat;846.16
61;10/05/2026 13:15:49;;Souscription en cours;Coordonnées personnelles;383.19
62;10/05/2026 13:15:49;;Souscription en cours;Coordonnées personnelles;874.46
63;10/05/2026 12:53:24;;Souscription en cours;Coordonnées personnelles;729.92
64;10/05/2026 12:53:24;;Souscription en cours;Coordonnées personnelles;348.58
65;10/05/2026 12:44:17;;Souscription en cours;Informations complémentaires (Etablissements, etc.);399.06
66;10/05/2026 12:44:17;;Souscription en cours;Informations complémentaires (Etablissements, etc.);342.01
67;10/05/2026 12:39:23;;Souscription en cours;Coordonnées personnelles;464.88
68;10/05/2026 12:39:23;;Souscription en cours;Coordonnées personnelles;746.26
69;10/05/2026 12:32:49;;Souscription non démarrée;Parcours non démarré;104.10
70;10/05/2026 12:32:49;;Souscription non démarrée;Parcours non démarré;722.69
71;10/05/2026 12:32:40;;Souscription en cours;Choix de l'offre et livraison;362.97
72;10/05/2026 12:32:40;;Souscription en cours;Choix de l'offre et livraison;796.68
73;10/05/2026 12:21:40;;Souscription en cours;Coordonnées personnelles;522.93
74;10/05/2026 12:21:40;;Souscription en cours;Coordonnées personnelles;737.92
75;10/05/2026 12:16:56;;Souscription non démarrée;Parcours non démarré;783.90
76;10/05/2026 12:16:56;;Souscription non démarrée;Parcours non démarré;348.26
77;10/05/2026 12:13:25;;Souscription en cours;Coordonnées personnelles;452.19
78;10/05/2026 12:13:25;;Souscription en cours;Coordonnées personnelles;141.51
79;10/05/2026 11:51:42;;Souscription non démarrée;Parcours non démarré;260.39
80;10/05/2026 11:51:42;;Souscription non démarrée;Parcours non démarré;202.30
81;10/05/2026 11:09:38;;Souscription en cours;Coordonnées personnelles;356.21
82;10/05/2026 11:09:38;;Souscription en cours;Coordonnées personnelles;576.67
83;10/05/2026 11:04:36;;Souscription en cours;Vérification d'identité;858.05
84;10/05/2026 11:04:36;;Souscription en cours;Vérification d'identité;540.23
85;10/05/2026 11:02:58;;Dossier validé;Parcours terminé;540.42
86;10/05/2026 11:02:58;;Dossier validé;Parcours terminé;570.34
87;10/05/2026 10:50:49;;Souscription en cours;Coordonnées personnelles;108.89
88;10/05/2026 10:50:49;;Souscription en cours;Coordonnées personnelles;567.49
89;10/05/2026 10:36:34;;Dossier validé;Parcours terminé;558.77
90;10/05/2026 10:36:34;;Dossier validé;Parcours terminé;696.67
91;10/05/2026 10:27:44;;Souscription en cours;Choix de l'offre et livraison;441.49
92;10/05/2026 10:27:44;;Souscription en cours;Choix de l'offre et livraison;782.59
93;10/05/2026 10:24:44;;Souscription en cours;Signature Contrat;108.74
94;10/05/2026 10:24:44;;Souscription en cours;Signature Contrat;159.34
95;10/05/2026 10:05:43;;Souscription en cours;Signature Contrat;847.95
96;10/05/2026 10:05:43;;Souscription en cours;Signature Contrat;178.47
97;10/05/2026 09:36:12;;Souscription en cours;Signature Contrat;953.85
98;10/05/2026 09:36:12;;Souscription en cours;Signature Contrat;508.02
99;10/05/2026 09:12:08;;En attente d'analyse Agent - Dossier avec erreurs;Signature Contrat;604.83
100;10/05/2026 09:12:08;;En attente d'analyse Agent - Dossier avec erreurs;Signature Contrat;550.94
101;10/05/2026 08:42:52;;Souscription non démarrée;Parcours non démarré;897.59
102;10/05/2026 08:42:52;;Souscription non démarrée;Parcours non démarré;179.73
103;10/05/2026 08:36:36;;Souscription en cours;Coordonnées personnelles;988.16
104;10/05/2026 08:36:36;;Souscription en cours;Coordonnées personnelles;847.80
105;10/05/2026 08:20:50;;Souscription en cours;Choix de l'offre et livraison;927.99
106;10/05/2026 08:20:50;;Souscription en cours;Choix de l'offre et livraison;511.36
107;10/05/2026 08:09:28;;Souscription en cours;Coordonnées personnelles;674.90
108;10/05/2026 08:09:28;;Souscription en cours;Coordonnées personnelles;799.69
109;10/05/2026 06:06:22;;Souscription en cours;Choix de l'offre et livraison;642.00
110;10/05/2026 06:06:22;;Souscription en cours;Choix de l'offre et livraison;692.21
111;10/05/2026 04:44:14;;Souscription non démarrée;Parcours non démarré;377.85
112;10/05/2026 04:44:14;;Souscription non démarrée;Parcours non démarré;987.09
113;09/05/2026 23:38:54;;Dossier validé;Parcours terminé;585.11
114;09/05/2026 23:38:54;;Dossier validé;Parcours terminé;353.60
115;09/05/2026 23:31:46;;En attente d'analyse Agent - Dossier avec erreurs;Signature Contrat;698.88
116;09/05/2026 23:31:46;;En attente d'analyse Agent - Dossier avec erreurs;Signature Contrat;244.58
117;09/05/2026 22:51:25;;Souscription en cours;Signature Contrat;361.33
118;09/05/2026 22:51:25;;Souscription en cours;Signature Contrat;561.56
119;09/05/2026 22:36:29;;En attente d'analyse Agent - Dossier avec erreurs;Signature Contrat;651.50
120;09/05/2026 22:36:29;;En attente d'analyse Agent - Dossier avec erreurs;Signature Contrat;260.37
121;09/05/2026 22:32:23;;Dossier validé;Parcours terminé;906.48
122;09/05/2026 22:32:23;;Dossier validé;Parcours terminé;790.51
123;09/05/2026 22:25:18;;En attente d'analyse Agent - Dossier avec erreurs;Signature Contrat;942.15
124;09/05/2026 22:25:18;;En attente d'analyse Agent - Dossier avec erreurs;Signature Contrat;738.48
125;09/05/2026 22:01:39;;Souscription en cours;Coordonnées personnelles;486.58
126;09/05/2026 22:01:39;;Souscription en cours;Coordonnées personnelles;446.01
127;09/05/2026 21:55:28;;Souscription en cours;Vérification d'identité;483.41
128;09/05/2026 21:55:28;;Souscription en cours;Vérification d'identité;389.35
129;09/05/2026 21:48:15;;Souscription en cours;Coordonnées personnelles;368.03
130;09/05/2026 21:48:15;;Souscription en cours;Coordonnées personnelles;786.18
131;09/05/2026 21:10:13;;Souscription en cours;Choix de l'offre et livraison;703.46
132;09/05/2026 21:10:13;;Souscription en cours;Choix de l'offre et livraison;510.09
133;09/05/2026 21:06:54;;Souscription en cours;Vérification d'identité;865.94
134;09/05/2026 21:06:54;;Souscription en cours;Vérification d'identité;867.81
135;09/05/2026 21:04:33;;Dossier refusé;Saisie société;306.02
136;09/05/2026 21:04:33;;Dossier refusé;Saisie société;651.96
137;09/05/2026 21:04:07;;Souscription non démarrée;Parcours non démarré;844.13
138;09/05/2026 21:04:07;;Souscription non démarrée;Parcours non démarré;967.17
139;09/05/2026 20:38:18;;Souscription en cours;Choix de l'offre et livraison;108.02
140;09/05/2026 20:38:18;;Souscription en cours;Choix de l'offre et livraison;635.99
141;09/05/2026 20:37:13;;Souscription en cours;Signature Contrat;104.57
142;09/05/2026 20:37:13;;Souscription en cours;Signature Contrat;769.34
143;09/05/2026 19:43:10;;Souscription en cours;Choix de l'offre et livraison;367.63
144;09/05/2026 19:43:10;;Souscription en cours;Choix de l'offre et livraison;811.20
145;09/05/2026 19:30:21;;Souscription en cours;Coordonnées personnelles;194.55
146;09/05/2026 19:30:21;;Souscription en cours;Coordonnées personnelles;964.77
147;09/05/2026 19:28:55;;Souscription non démarrée;Parcours non démarré;755.85
148;09/05/2026 19:28:55;;Souscription non démarrée;Parcours non démarré;254.63
149;09/05/2026 18:59:41;;Souscription en cours;Coordonnées personnelles;436.74
150;09/05/2026 18:59:41;;Souscription en cours;Coordonnées personnelles;908.51
151;09/05/2026 18:41:51;;Dossier validé;Parcours terminé;417.29
152;09/05/2026 18:41:51;;Dossier validé;Parcours terminé;333.08
153;09/05/2026 18:27:42;;Souscription en cours;Synchronisation référentiel personne NOVA;205.18
154;09/05/2026 18:27:42;;Souscription en cours;Synchronisation référentiel personne NOVA;408.35
155;09/05/2026 18:16:19;;Souscription en cours;Coordonnées personnelles;977.41
156;09/05/2026 18:16:19;;Souscription en cours;Coordonnées personnelles;870.97
157;09/05/2026 18:13:29;;Souscription en cours;Coordonnées personnelles;701.50
158;09/05/2026 18:13:29;;Souscription en cours;Coordonnées personnelles;282.54
159;09/05/2026 17:34:15;;Souscription en cours;Signature Contrat;977.85
160;09/05/2026 17:34:15;;Souscription en cours;Signature Contrat;546.63
161;09/05/2026 17:27:18;;Souscription en cours;Choix de l'offre et livraison;574.37
162;09/05/2026 17:27:18;;Souscription en cours;Choix de l'offre et livraison;321.35
163;09/05/2026 17:21:43;;Souscription en cours;Coordonnées personnelles;170.58
164;09/05/2026 17:21:43;;Souscription en cours;Coordonnées personnelles;493.76
165;09/05/2026 16:51:52;;Souscription en cours;Coordonnées personnelles;907.04
166;09/05/2026 16:51:52;;Souscription en cours;Coordonnées personnelles;481.10
167;09/05/2026 16:44:04;;Souscription en cours;Coordonnées personnelles;465.53
168;09/05/2026 16:44:04;;Souscription en cours;Coordonnées personnelles;513.31
169;09/05/2026 16:41:01;;Souscription non démarrée;Parcours non démarré;885.03
170;09/05/2026 16:41:01;;Souscription non démarrée;Parcours non démarré;747.31
171;09/05/2026 16:38:44;;Souscription non démarrée;Parcours non démarré;943.01
172;09/05/2026 16:38:44;;Souscription non démarrée;Parcours non démarré;822.22
173;09/05/2026 16:33:49;;Souscription en cours;Coordonnées personnelles;205.60
174;09/05/2026 16:33:49;;Souscription en cours;Coordonnées personnelles;689.50
175;09/05/2026 16:20:22;;Souscription en cours;Synchronisation référentiel personne NOVA;457.49
176;09/05/2026 16:20:22;;Souscription en cours;Synchronisation référentiel personne NOVA;833.48
177;09/05/2026 16:19:21;;Souscription en cours;Vérification d'identité;686.63
178;09/05/2026 16:19:21;;Souscription en cours;Vérification d'identité;658.92
179;09/05/2026 16:16:32;;Dossier validé;Parcours terminé;411.01
180;09/05/2026 16:16:32;;Dossier validé;Parcours terminé;924.73
181;09/05/2026 16:12:49;;Dossier validé;Parcours terminé;645.94
182;09/05/2026 16:12:49;;Dossier validé;Parcours terminé;380.38
183;09/05/2026 15:53:42;;Souscription en cours;Coordonnées personnelles;721.76
184;09/05/2026 15:53:42;;Souscription en cours;Coordonnées personnelles;422.38
185;09/05/2026 15:52:07;;Souscription en cours;Coordonnées personnelles;883.21
186;09/05/2026 15:52:07;;Souscription en cours;Coordonnées personnelles;614.42
187;09/05/2026 15:46:47;;Souscription en cours;Choix de l'offre et livraison;780.49
188;09/05/2026 15:46:47;;Souscription en cours;Choix de l'offre et livraison;716.19
189;09/05/2026 15:41:51;;Dossier validé;Parcours terminé;139.35
190;09/05/2026 15:41:51;;Dossier validé;Parcours terminé;536.56
191;09/05/2026 15:33:12;;Dossier validé;Parcours terminé;124.68
192;09/05/2026 15:33:12;;Dossier validé;Parcours terminé;191.39
193;09/05/2026 15:16:54;;Souscription en cours;Vérification d'identité;657.35
194;09/05/2026 15:16:54;;Souscription en cours;Vérification d'identité;702.97
195;09/05/2026 15:16:54;;Souscription en cours;Coordonnées personnelles;328.76
196;09/05/2026 15:16:54;;Souscription en cours;Coordonnées personnelles;409.52
197;09/05/2026 15:16:09;;Souscription en cours;Coordonnées personnelles;617.80
198;09/05/2026 15:16:09;;Souscription en cours;Coordonnées personnelles;524.21
199;09/05/2026 15:07:58;;Souscription en cours;Choix de l'offre et livraison;586.73
200;09/05/2026 15:07:58;;Souscription en cours;Choix de l'offre et livraison;460.75
201;09/05/2026 15:05:55;;Souscription non démarrée;Parcours non démarré;866.35
202;09/05/2026 15:05:55;;Souscription non démarrée;Parcours non démarré;775.04
203;09/05/2026 15:03:40;;Souscription en cours;Coordonnées personnelles;166.80
204;09/05/2026 15:03:40;;Souscription en cours;Coordonnées personnelles;222.68
205;09/05/2026 15:03:20;;Souscription en cours;Vérification d'identité;624.70
206;09/05/2026 15:03:20;;Souscription en cours;Vérification d'identité;906.36
207;09/05/2026 14:42:22;;Souscription en cours;Coordonnées personnelles;778.59
208;09/05/2026 14:42:22;;Souscription en cours;Coordonnées personnelles;687.10
209;09/05/2026 14:22:06;;En attente d'analyse Agent - Dossier avec erreurs;Signature Contrat;781.71
210;09/05/2026 14:22:06;;En attente d'analyse Agent - Dossier avec erreurs;Signature Contrat;110.17
211;09/05/2026 14:12:54;;Souscription non démarrée;Parcours non démarré;749.34
212;09/05/2026 14:12:54;;Souscription non démarrée;Parcours non démarré;277.81
213;09/05/2026 14:11:40;;Souscription en cours;Signature Contrat;512.68
214;09/05/2026 14:11:40;;Souscription en cours;Signature Contrat;256.44
215;09/05/2026 13:28:15;;En attente d'analyse Agent - Dossier avec erreurs;Signature Contrat;369.21
216;09/05/2026 13:28:15;;En attente d'analyse Agent - Dossier avec erreurs;Signature Contrat;914.55
217;09/05/2026 13:07:47;;Souscription en cours;Coordonnées personnelles;766.46
218;09/05/2026 13:07:47;;Souscription en cours;Coordonnées personnelles;506.49
219;09/05/2026 13:05:40;;Souscription en cours;Coordonnées personnelles;988.65
220;09/05/2026 13:05:40;;Souscription en cours;Coordonnées personnelles;618.10
221;09/05/2026 13:05:20;;Souscription en cours;Coordonnées personnelles;530.33
222;09/05/2026 13:05:20;;Souscription en cours;Coordonnées personnelles;887.29
223;09/05/2026 13:03:06;;Dossier validé;Parcours terminé;696.51
224;09/05/2026 13:03:06;;Dossier validé;Parcours terminé;328.56
225;09/05/2026 12:58:53;;En attente d'analyse Agent - Dossier avec erreurs;Signature Contrat;290.41
226;09/05/2026 12:58:53;;En attente d'analyse Agent - Dossier avec erreurs;Signature Contrat;599.97
227;09/05/2026 12:56:06;;Souscription en cours;Bénéficiaire effectifs;395.57
228;09/05/2026 12:56:06;;Souscription en cours;Bénéficiaire effectifs;974.31
229;09/05/2026 12:48:29;;Souscription non démarrée;Parcours non démarré;276.46
230;09/05/2026 12:48:29;;Souscription non démarrée;Parcours non démarré;755.68
231;09/05/2026 12:47:51;;Souscription en cours;Coordonnées personnelles;261.35
232;09/05/2026 12:47:51;;Souscription en cours;Coordonnées personnelles;353.56
233;09/05/2026 12:31:37;;Souscription en cours;Choix de l'offre et livraison;651.39
234;09/05/2026 12:31:37;;Souscription en cours;Choix de l'offre et livraison;539.87
235;09/05/2026 12:28:54;;Dossier validé;Parcours terminé;936.89
236;09/05/2026 12:28:54;;Dossier validé;Parcours terminé;596.02
237;09/05/2026 12:27:37;;Souscription en cours;Coordonnées personnelles;915.56
238;09/05/2026 12:27:37;;Souscription en cours;Coordonnées personnelles;256.61
239;09/05/2026 12:24:56;;Souscription en cours;Coordonnées personnelles;960.74
240;09/05/2026 12:24:56;;Souscription en cours;Coordonnées personnelles;497.77
241;09/05/2026 11:53:27;;Souscription en cours;Coordonnées personnelles;244.57
242;09/05/2026 11:53:27;;Souscription en cours;Coordonnées personnelles;536.41
243;09/05/2026 11:53:06;;En attente d'analyse Agent - Dossier avec erreurs;Signature Contrat;552.47
244;09/05/2026 11:53:06;;En attente d'analyse Agent - Dossier avec erreurs;Signature Contrat;481.98
245;09/05/2026 11:40:31;;Souscription en cours;Coordonnées personnelles;919.46
246;09/05/2026 11:40:31;;Souscription en cours;Coordonnées personnelles;241.02
247;09/05/2026 11:38:21;;Dossier refusé;Saisie société;289.62
248;09/05/2026 11:38:21;;Dossier refusé;Saisie société;582.56
249;09/05/2026 11:32:35;;Souscription en cours;Signature Contrat;786.50
250;09/05/2026 11:32:35;;Souscription en cours;Signature Contrat;421.60
251;09/05/2026 11:31:27;;Souscription en cours;Informations complémentaires (Etablissements, etc.);839.70
252;09/05/2026 11:31:27;;Souscription en cours;Informations complémentaires (Etablissements, etc.);324.94
253;09/05/2026 11:23:42;;Souscription en cours;Coordonnées personnelles;866.51
254;09/05/2026 11:23:42;;Souscription en cours;Coordonnées personnelles;257.67
255;09/05/2026 11:20:19;;Dossier refusé;Signature Contrat;694.97
256;09/05/2026 11:20:19;;Dossier refusé;Signature Contrat;118.55
257;09/05/2026 11:18:56;;Souscription en cours;Choix de l'offre et livraison;525.44
258;09/05/2026 11:18:56;;Souscription en cours;Choix de l'offre et livraison;904.69
259;09/05/2026 11:14:04;;Souscription en cours;Coordonnées personnelles;450.35
260;09/05/2026 11:14:04;;Souscription en cours;Coordonnées personnelles;948.71
261;09/05/2026 11:11:17;Hugo MARTIN;Dossier refusé;Signature Contrat;740.99
262;09/05/2026 11:11:17;Hugo MARTIN;Dossier refusé;Signature Contrat;913.54
263;09/05/2026 11:09:00;;Souscription en cours;Signature Contrat;443.80
264;09/05/2026 11:09:00;;Souscription en cours;Signature Contrat;289.64
265;09/05/2026 11:04:21;Hugo MARTIN;Dossier validé;Parcours terminé;237.98
266;09/05/2026 11:04:21;Hugo MARTIN;Dossier validé;Parcours terminé;642.63
267;09/05/2026 11:01:20;;Souscription en cours;Coordonnées personnelles;728.11
268;09/05/2026 11:01:20;;Souscription en cours;Coordonnées personnelles;609.08
269;09/05/2026 10:54:54;;Souscription en cours;Choix de l'offre et livraison;775.06
270;09/05/2026 10:54:54;;Souscription en cours;Choix de l'offre et livraison;218.41
271;09/05/2026 10:51:22;;Dossier refusé;Saisie société;349.69
272;09/05/2026 10:51:22;;Dossier refusé;Saisie société;117.58
273;09/05/2026 10:48:18;;Souscription en cours;Choix de l'offre et livraison;205.75
274;09/05/2026 10:48:18;;Souscription en cours;Choix de l'offre et livraison;514.10
275;09/05/2026 10:46:55;;Dossier refusé;Saisie société;334.98
276;09/05/2026 10:46:55;;Dossier refusé;Saisie société;145.66
277;09/05/2026 10:45:23;;Dossier refusé;Choix de l'offre et livraison;546.75
278;09/05/2026 10:45:23;;Dossier refusé;Choix de l'offre et livraison;115.95
279;09/05/2026 10:43:43;;Dossier validé;Parcours terminé;729.12
280;09/05/2026 10:43:43;;Dossier validé;Parcours terminé;679.56
281;09/05/2026 10:42:58;;Souscription en cours;Coordonnées personnelles;614.34
282;09/05/2026 10:42:58;;Souscription en cours;Coordonnées personnelles;305.90
283;09/05/2026 10:38:30;;En attente d'analyse Agent - Dossier avec erreurs;Signature Contrat;498.07
284;09/05/2026 10:38:30;;En attente d'analyse Agent - Dossier avec erreurs;Signature Contrat;785.61
285;09/05/2026 10:33:38;;Souscription en cours;Coordonnées personnelles;519.82
286;09/05/2026 10:33:38;;Souscription en cours;Coordonnées personnelles;140.39
287;09/05/2026 10:21:36;;Souscription en cours;Choix de l'offre et livraison;990.86
288;09/05/2026 10:21:36;;Souscription en cours;Choix de l'offre et livraison;690.21
289;09/05/2026 10:20:32;;En attente d'analyse Agent - Dossier avec erreurs;Signature Contrat;299.33
290;09/05/2026 10:20:32;;En attente d'analyse Agent - Dossier avec erreurs;Signature Contrat;294.49
291;09/05/2026 10:19:27;;Souscription en cours;Vérification d'identité;897.23
292;09/05/2026 10:19:27;;Souscription en cours;Vérification d'identité;896.61
293;09/05/2026 10:16:26;;Dossier validé;Parcours terminé;311.59
294;09/05/2026 10:16:26;;Dossier validé;Parcours terminé;573.48
295;09/05/2026 10:13:11;;Dossier validé;Parcours terminé;109.09
296;09/05/2026 10:13:11;;Dossier validé;Parcours terminé;158.38
297;09/05/2026 10:11:00;;En attente d'analyse Agent - Dossier avec erreurs;Signature Contrat;611.21
298;09/05/2026 10:11:00;;En attente d'analyse Agent - Dossier avec erreurs;Signature Contrat;494.00
299;09/05/2026 10:08:09;;Souscription en cours;Coordonnées personnelles;158.14
300;09/05/2026 10:08:09;;Souscription en cours;Coordonnées personnelles;821.99
301;09/05/2026 09:48:52;;Souscription en cours;Coordonnées personnelles;144.14
302;09/05/2026 09:48:52;;Souscription en cours;Coordonnées personnelles;470.07
303;09/05/2026 09:42:18;;Dossier validé;Parcours terminé;924.81
304;09/05/2026 09:42:18;;Dossier validé;Parcours terminé;699.81
305;09/05/2026 09:37:46;;Souscription en cours;Choix de l'offre et livraison;800.80
306;09/05/2026 09:37:46;;Souscription en cours;Choix de l'offre et livraison;341.17
307;09/05/2026 09:36:23;;Souscription en cours;Coordonnées personnelles;979.50
308;09/05/2026 09:36:23;;Souscription en cours;Coordonnées personnelles;370.50
309;09/05/2026 09:33:25;;Souscription en cours;Vérification d'identité;158.03
310;09/05/2026 09:33:25;;Souscription en cours;Vérification d'identité;722.69
311;09/05/2026 09:28:07;;Souscription en cours;Coordonnées personnelles;258.14
312;09/05/2026 09:28:07;;Souscription en cours;Coordonnées personnelles;184.52
313;09/05/2026 09:26:09;;Souscription en cours;Coordonnées personnelles;205.06
314;09/05/2026 09:26:09;;Souscription en cours;Coordonnées personnelles;286.19
315;09/05/2026 09:11:18;;Dossier validé;Parcours terminé;285.37
316;09/05/2026 09:11:18;;Dossier validé;Parcours terminé;177.42
317;09/05/2026 08:44:41;;Souscription en cours;Coordonnées personnelles;500.38
318;09/05/2026 08:44:41;;Souscription en cours;Coordonnées personnelles;660.59
319;09/05/2026 08:24:37;;Souscription en cours;Coordonnées personnelles;570.95
320;09/05/2026 08:24:37;;Souscription en cours;Coordonnées personnelles;982.53
321;09/05/2026 08:16:08;;En attente d'analyse Agent - Dossier avec erreurs;Signature Contrat;996.27
322;09/05/2026 08:16:08;;En attente d'analyse Agent - Dossier avec erreurs;Signature Contrat;597.55
323;09/05/2026 08:12:47;;Souscription en cours;Signature Contrat;893.59
324;09/05/2026 08:12:47;;Souscription en cours;Signature Contrat;358.23
325;09/05/2026 07:57:57;;Dossier validé;Parcours terminé;483.34
326;09/05/2026 07:57:57;;Dossier validé;Parcours terminé;548.89
327;09/05/2026 07:41:14;;Dossier validé;Parcours terminé;141.56
328;09/05/2026 07:41:14;;Dossier validé;Parcours terminé;277.98
329;09/05/2026 03:17:48;;Souscription en cours;Vérification d'identité;618.62
330;09/05/2026 03:17:48;;Souscription en cours;Vérification d'identité;975.86
331;09/05/2026 02:36:18;;En attente d'analyse Agent - Dossier avec erreurs;Signature Contrat;572.13
332;09/05/2026 02:36:18;;En attente d'analyse Agent - Dossier avec erreurs;Signature Contrat;264.45
333;09/05/2026 02:27:22;;Souscription en cours;Vérification d'identité;837.97
334;09/05/2026 02:27:22;;Souscription en cours;Vérification d'identité;477.38
335;09/05/2026 02:05:59;;Souscription en cours;Choix de l'offre et livraison;409.70
336;09/05/2026 02:05:59;;Souscription en cours;Choix de l'offre et livraison;187.32
337;09/05/2026 01:08:20;;Souscription en cours;Choix de l'offre et livraison;742.51
338;09/05/2026 01:08:20;;Souscription en cours;Choix de l'offre et livraison;580.46
339;09/05/2026 00:52:01;;Souscription en cours;Informations complémentaires (Etablissements, etc.);793.53
340;09/05/2026 00:52:01;;Souscription en cours;Informations complémentaires (Etablissements, etc.);575.63
341;09/05/2026 00:47:16;;Souscription en cours;Coordonnées personnelles;895.90
342;09/05/2026 00:47:16;;Souscription en cours;Coordonnées personnelles;272.70
343;09/05/2026 00:19:44;;Souscription en cours;Vérification d'identité;976.74
344;09/05/2026 00:19:44;;Souscription en cours;Vérification d'identité;647.56
345;08/05/2026 22:46:10;;Souscription en cours;Informations complémentaires (CA, Profession, etc.);478.58
346;08/05/2026 22:46:10;;Souscription en cours;Informations complémentaires (CA, Profession, etc.);457.48
347;08/05/2026 22:41:57;;Souscription en cours;Informations complémentaires (CA, Profession, etc.);187.40
348;08/05/2026 22:41:57;;Souscription en cours;Informations complémentaires (CA, Profession, etc.);850.66
349;08/05/2026 22:19:04;;Souscription en cours;Choix de l'offre et livraison;651.18
350;08/05/2026 22:19:04;;Souscription en cours;Choix de l'offre et livraison;247.50
351;08/05/2026 21:53:41;;Souscription en cours;Choix de l'offre et livraison;824.54
352;08/05/2026 21:53:41;;Souscription en cours;Choix de l'offre et livraison;699.50
353;08/05/2026 21:36:36;;Souscription en cours;Coordonnées personnelles;149.02
354;08/05/2026 21:36:36;;Souscription en cours;Coordonnées personnelles;590.36
355;08/05/2026 21:32:58;;Souscription en cours;Vérification d'identité;995.39
356;08/05/2026 21:32:58;;Souscription en cours;Vérification d'identité;646.90
357;08/05/2026 21:27:56;;Dossier validé;Parcours terminé;348.01
358;08/05/2026 21:27:56;;Dossier validé;Parcours terminé;561.57
359;08/05/2026 21:17:54;;Souscription en cours;Synchronisation référentiel personne NOVA;455.31
360;08/05/2026 21:17:54;;Souscription en cours;Synchronisation référentiel personne NOVA;280.06
361;08/05/2026 21:06:17;;Souscription en cours;Choix de l'offre et livraison;123.64
362;08/05/2026 21:06:17;;Souscription en cours;Choix de l'offre et livraison;386.26
363;08/05/2026 21:04:32;;Souscription en cours;Coordonnées personnelles;799.93
364;08/05/2026 21:04:32;;Souscription en cours;Coordonnées personnelles;737.10
365;08/05/2026 20:38:01;;Dossier refusé;Saisie société;765.62
366;08/05/2026 20:38:01;;Dossier refusé;Saisie société;839.53
367;08/05/2026 20:36:50;;Souscription en cours;Signature Contrat;116.18
368;08/05/2026 20:36:50;;Souscription en cours;Signature Contrat;640.32
369;08/05/2026 20:13:51;;Souscription en cours;Coordonnées personnelles;217.49
370;08/05/2026 20:13:51;;Souscription en cours;Coordonnées personnelles;536.85
371;08/05/2026 20:00:17;;Souscription en cours;Signature Contrat;101.46
372;08/05/2026 20:00:17;;Souscription en cours;Signature Contrat;853.36
373;08/05/2026 20:00:09;;Souscription en cours;Signature Contrat;116.41
374;08/05/2026 20:00:09;;Souscription en cours;Signature Contrat;691.89
375;08/05/2026 19:55:20;;Souscription en cours;Choix de l'offre et livraison;890.89
376;08/05/2026 19:55:20;;Souscription en cours;Choix de l'offre et livraison;679.60
377;08/05/2026 19:43:29;;Souscription en cours;Coordonnées personnelles;157.07
378;08/05/2026 19:43:29;;Souscription en cours;Coordonnées personnelles;115.67
379;08/05/2026 19:00:42;;Dossier refusé;Saisie société;524.53
380;08/05/2026 19:00:42;;Dossier refusé;Saisie société;588.81
381;08/05/2026 18:54:01;;Dossier validé;Parcours terminé;918.53
382;08/05/2026 18:54:01;;Dossier validé;Parcours terminé;403.06
383;08/05/2026 18:52:46;;En attente d'analyse Agent - Dossier avec erreurs;Signature Contrat;650.51
384;08/05/2026 18:52:46;;En attente d'analyse Agent - Dossier avec erreurs;Signature Contrat;323.40
385;08/05/2026 18:47:35;;Souscription en cours;Coordonnées personnelles;644.77
386;08/05/2026 18:47:35;;Souscription en cours;Coordonnées personnelles;312.92
387;08/05/2026 18:47:30;;Dossier validé;Parcours terminé;186.96
388;08/05/2026 18:47:30;;Dossier validé;Parcours terminé;645.44
389;08/05/2026 18:46:31;Manon LEFEBVRE;Dossier refusé;Saisie société;846.26
390;08/05/2026 18:46:31;Manon LEFEBVRE;Dossier refusé;Saisie société;708.72
391;08/05/2026 18:45:47;;Souscription en cours;Synchronisation référentiel personne NOVA;718.42
392;08/05/2026 18:45:47;;Souscription en cours;Synchronisation référentiel personne NOVA;671.76
393;08/05/2026 18:38:55;;En attente d'analyse Agent - Dossier avec erreurs;Signature Contrat;334.87
394;08/05/2026 18:38:55;;En attente d'analyse Agent - Dossier avec erreurs;Signature Contrat;533.33
395;08/05/2026 18:38:54;;Dossier validé;Parcours terminé;456.84
396;08/05/2026 18:38:54;;Dossier validé;Parcours terminé;149.22
397;08/05/2026 18:30:18;;Dossier validé;Parcours terminé;833.62
398;08/05/2026 18:30:18;;Dossier validé;Parcours terminé;943.53
399;08/05/2026 18:23:23;;Dossier validé;Parcours terminé;866.82
400;08/05/2026 18:23:23;;Dossier validé;Parcours terminé;528.33
401;08/05/2026 18:14:03;;Souscription en cours;Coordonnées personnelles;296.62
402;08/05/2026 18:14:03;;Souscription en cours;Coordonnées personnelles;530.44
403;08/05/2026 18:05:12;;Souscription en cours;Coordonnées personnelles;994.80
404;08/05/2026 18:05:12;;Souscription en cours;Coordonnées personnelles;820.11
405;08/05/2026 18:01:48;;Souscription en cours;Coordonnées personnelles;870.39
406;08/05/2026 18:01:48;;Souscription en cours;Coordonnées personnelles;482.00
407;08/05/2026 17:57:29;;Dossier validé;Parcours terminé;379.34
408;08/05/2026 17:57:29;;Dossier validé;Parcours terminé;129.03
409;08/05/2026 17:50:17;;Dossier validé;Parcours terminé;278.04
410;08/05/2026 17:50:17;;Dossier validé;Parcours terminé;528.56
411;08/05/2026 17:46:14;;Souscription en cours;Coordonnées personnelles;417.96
412;08/05/2026 17:46:14;;Souscription en cours;Coordonnées personnelles;825.06
413;08/05/2026 17:42:07;;Souscription non démarrée;Parcours non démarré;359.97
414;08/05/2026 17:42:07;;Souscription non démarrée;Parcours non démarré;362.95
415;08/05/2026 17:31:31;;Souscription en cours;Vérification d'identité;785.25
416;08/05/2026 17:31:31;;Souscription en cours;Vérification d'identité;740.11
417;08/05/2026 17:20:22;;Souscription en cours;Informations complémentaires (Etablissements, etc.);968.69
418;08/05/2026 17:20:22;;Souscription en cours;Informations complémentaires (Etablissements, etc.);914.43
419;08/05/2026 16:58:03;;Dossier validé;Parcours terminé;507.72
420;08/05/2026 16:58:03;;Dossier validé;Parcours terminé;367.95
421;08/05/2026 16:43:46;;Souscription non démarrée;Parcours non démarré;438.97
422;08/05/2026 16:43:46;;Souscription non démarrée;Parcours non démarré;278.69
423;08/05/2026 16:34:48;;Dossier validé;Parcours terminé;999.27
424;08/05/2026 16:34:48;;Dossier validé;Parcours terminé;466.39
425;08/05/2026 16:34:27;;En attente d'analyse Agent - Dossier avec erreurs;Signature Contrat;873.00
426;08/05/2026 16:34:27;;En attente d'analyse Agent - Dossier avec erreurs;Signature Contrat;483.56
427;08/05/2026 16:21:57;;Dossier refusé;Saisie société;755.27
428;08/05/2026 16:21:57;;Dossier refusé;Saisie société;302.20
429;08/05/2026 16:20:48;;Dossier validé;Parcours terminé;797.29
430;08/05/2026 16:20:48;;Dossier validé;Parcours terminé;882.63
431;08/05/2026 16:14:40;;Souscription en cours;Choix de l'offre et livraison;361.55
432;08/05/2026 16:14:40;;Souscription en cours;Choix de l'offre et livraison;630.56
433;08/05/2026 16:12:53;;Souscription en cours;Vérification d'identité;274.67
434;08/05/2026 16:12:53;;Souscription en cours;Vérification d'identité;946.99
435;08/05/2026 16:04:11;;Souscription en cours;Informations complémentaires (Etablissements, etc.);344.52
436;08/05/2026 16:04:11;;Souscription en cours;Informations complémentaires (Etablissements, etc.);618.45
437;08/05/2026 15:56:29;;Souscription en cours;Informations complémentaires (Etablissements, etc.);813.24
438;08/05/2026 15:56:29;;Souscription en cours;Informations complémentaires (Etablissements, etc.);148.56
439;08/05/2026 15:56:26;;Dossier validé;Parcours terminé;621.82
440;08/05/2026 15:56:26;;Dossier validé;Parcours terminé;177.09
441;08/05/2026 15:53:27;;Dossier validé;Parcours terminé;423.40
442;08/05/2026 15:53:27;;Dossier validé;Parcours terminé;131.51
443;08/05/2026 15:38:52;;Souscription en cours;Coordonnées personnelles;538.79
444;08/05/2026 15:38:52;;Souscription en cours;Coordonnées personnelles;924.46
445;08/05/2026 15:37:51;;Dossier validé;Parcours terminé;569.33
446;08/05/2026 15:37:51;;Dossier validé;Parcours terminé;168.55
447;08/05/2026 15:26:29;;Souscription en cours;Choix de l'offre et livraison;589.46
448;08/05/2026 15:26:29;;Souscription en cours;Choix de l'offre et livraison;492.24
449;08/05/2026 15:25:42;;Souscription en cours;Vérification d'identité;785.32
450;08/05/2026 15:25:42;;Souscription en cours;Vérification d'identité;863.11
451;08/05/2026 15:22:04;;Souscription en cours;Vérification d'identité;976.03
452;08/05/2026 15:22:04;;Souscription en cours;Vérification d'identité;441.48
453;08/05/2026 15:17:06;;Dossier validé;Parcours terminé;568.85
454;08/05/2026 15:17:06;;Dossier validé;Parcours terminé;334.15
455;08/05/2026 15:11:52;;Souscription en cours;Choix de l'offre et livraison;824.05
456;08/05/2026 15:11:52;;Souscription en cours;Choix de l'offre et livraison;617.68
457;08/05/2026 15:08:21;;En attente d'analyse Agent - Dossier avec erreurs;Signature Contrat;694.23
458;08/05/2026 15:08:21;;En attente d'analyse Agent - Dossier avec erreurs;Signature Contrat;941.90
459;08/05/2026 14:55:45;;Souscription en cours;Signature Contrat;805.42
460;08/05/2026 14:55:45;;Souscription en cours;Signature Contrat;256.93
461;08/05/2026 14:55:32;;Souscription en cours;Coordonnées personnelles;590.15
462;08/05/2026 14:55:32;;Souscription en cours;Coordonnées personnelles;935.37
463;08/05/2026 14:43:18;;En attente d'analyse Agent - Dossier avec erreurs;Signature Contrat;466.33
464;08/05/2026 14:43:18;;En attente d'analyse Agent - Dossier avec erreurs;Signature Contrat;331.70
465;08/05/2026 14:42:57;;Souscription en cours;Vérification d'identité;682.98
466;08/05/2026 14:42:57;;Souscription en cours;Vérification d'identité;498.92
467;08/05/2026 14:37:17;;Souscription non démarrée;Parcours non démarré;932.97
468;08/05/2026 14:37:17;;Souscription non démarrée;Parcours non démarré;763.86
469;08/05/2026 14:23:54;;Dossier validé;Parcours terminé;916.31
470;08/05/2026 14:23:54;;Dossier validé;Parcours terminé;328.16
471;08/05/2026 14:22:30;;Souscription en cours;Coordonnées personnelles;720.11
472;08/05/2026 14:22:30;;Souscription en cours;Coordonnées personnelles;652.85
473;08/05/2026 14:22:15;;Souscription en cours;Coordonnées personnelles;324.85
474;08/05/2026 14:22:15;;Souscription en cours;Coordonnées personnelles;472.60
475;08/05/2026 14:21:41;;Dossier validé;Parcours terminé;901.74
476;08/05/2026 14:21:41;;Dossier validé;Parcours terminé;865.43
477;08/05/2026 14:17:26;Hugo MARTIN;Dossier validé;Parcours terminé;411.75
478;08/05/2026 14:17:26;Hugo MARTIN;Dossier validé;Parcours terminé;237.43
479;08/05/2026 14:08:47;;Souscription en cours;Choix de l'offre et livraison;551.78
480;08/05/2026 14:08:47;;Souscription en cours;Choix de l'offre et livraison;276.22
481;08/05/2026 13:59:30;;Souscription en cours;Signature Contrat;877.31
482;08/05/2026 13:59:30;;Souscription en cours;Signature Contrat;208.29
483;08/05/2026 13:57:07;;Souscription en cours;Informations complémentaires (Etablissements, etc.);640.60
484;08/05/2026 13:57:07;;Souscription en cours;Informations complémentaires (Etablissements, etc.);776.02
485;08/05/2026 13:44:27;;Souscription en cours;Coordonnées personnelles;611.63
486;08/05/2026 13:44:27;;Souscription en cours;Coordonnées personnelles;882.98
487;08/05/2026 13:30:53;;Souscription en cours;Choix de l'offre et livraison;723.31
488;08/05/2026 13:30:53;;Souscription en cours;Choix de l'offre et livraison;697.16
489;08/05/2026 13:24:50;;Souscription en cours;Choix de l'offre et livraison;907.04
490;08/05/2026 13:24:50;;Souscription en cours;Choix de l'offre et livraison;147.75
491;08/05/2026 13:18:53;;Dossier validé;Parcours terminé;991.01
492;08/05/2026 13:18:53;;Dossier validé;Parcours terminé;513.19
493;08/05/2026 13:10:38;Inès MICHEL;Dossier validé;Parcours terminé;771.69
494;08/05/2026 13:10:38;Inès MICHEL;Dossier validé;Parcours terminé;530.41
495;08/05/2026 13:08:38;;Dossier validé;Parcours terminé;425.72
496;08/05/2026 13:08:38;;Dossier validé;Parcours terminé;139.96
497;08/05/2026 13:01:47;;Souscription en cours;Coordonnées personnelles;639.16
498;08/05/2026 13:01:47;;Souscription en cours;Coordonnées personnelles;983.24
499;08/05/2026 12:58:07;;Souscription en cours;Signature Contrat;866.04
500;08/05/2026 12:58:07;;Souscription en cours;Signature Contrat;215.64
501;08/05/2026 12:50:41;;Souscription en cours;Choix de l'offre et livraison;963.18
502;08/05/2026 12:50:41;;Souscription en cours;Choix de l'offre et livraison;225.94
503;08/05/2026 12:46:59;;Dossier refusé;Saisie société;770.54
504;08/05/2026 12:46:59;;Dossier refusé;Saisie société;495.53
505;08/05/2026 12:40:40;;Dossier validé;Parcours terminé;539.51
506;08/05/2026 12:40:40;;Dossier validé;Parcours terminé;130.34
507;08/05/2026 12:40:38;;Souscription en cours;Vérification d'identité;618.01
508;08/05/2026 12:40:38;;Souscription en cours;Vérification d'identité;586.95
509;08/05/2026 12:00:03;;Dossier validé;Parcours terminé;143.07
510;08/05/2026 12:00:03;;Dossier validé;Parcours terminé;411.57
511;08/05/2026 11:56:51;;Souscription en cours;Informations complémentaires (CA, Profession, etc.);984.98
512;08/05/2026 11:56:51;;Souscription en cours;Informations complémentaires (CA, Profession, etc.);656.68
513;08/05/2026 11:51:50;Z5735392;Dossier validé;Parcours terminé;586.00
514;08/05/2026 11:51:50;Z5735392;Dossier validé;Parcours terminé;726.51
515;08/05/2026 11:47:45;;Dossier validé;Parcours terminé;649.71
516;08/05/2026 11:47:45;;Dossier validé;Parcours terminé;526.39
517;08/05/2026 11:41:18;;Souscription en cours;Synchronisation référentiel personne NOVA;482.28
518;08/05/2026 11:41:18;;Souscription en cours;Synchronisation référentiel personne NOVA;986.32
519;08/05/2026 11:33:33;;Dossier validé;Parcours terminé;323.65
520;08/05/2026 11:33:33;;Dossier validé;Parcours terminé;656.10
521;08/05/2026 11:29:43;;Souscription en cours;Signature Contrat;531.33
522;08/05/2026 11:29:43;;Souscription en cours;Signature Contrat;428.46
523;08/05/2026 11:24:52;;En attente d'analyse Agent - Dossier avec erreurs;Signature Contrat;566.92
524;08/05/2026 11:24:52;;En attente d'analyse Agent - Dossier avec erreurs;Signature Contrat;835.00
525;08/05/2026 11:21:26;;Souscription en cours;Coordonnées personnelles;550.14
526;08/05/2026 11:21:26;;Souscription en cours;Coordonnées personnelles;638.28
527;08/05/2026 11:20:51;;Souscription en cours;Choix de l'offre et livraison;735.70
528;08/05/2026 11:20:51;;Souscription en cours;Choix de l'offre et livraison;645.74
529;08/05/2026 11:04:45;;Souscription en cours;Signature Contrat;876.11
530;08/05/2026 11:04:45;;Souscription en cours;Signature Contrat;978.22
531;08/05/2026 11:04:31;Hugo MARTIN;Dossier validé;Parcours terminé;781.93
532;08/05/2026 11:04:31;Hugo MARTIN;Dossier validé;Parcours terminé;392.11
533;08/05/2026 11:03:51;;Dossier validé;Parcours terminé;261.78
534;08/05/2026 11:03:51;;Dossier validé;Parcours terminé;807.22
535;08/05/2026 11:00:23;;Souscription en cours;Choix de l'offre et livraison;399.55
536;08/05/2026 11:00:23;;Souscription en cours;Choix de l'offre et livraison;745.12
537;08/05/2026 10:31:38;;Dossier refusé;Saisie société;230.91
538;08/05/2026 10:31:38;;Dossier refusé;Saisie société;661.14
539;08/05/2026 10:23:13;;Souscription en cours;Coordonnées personnelles;985.66
540;08/05/2026 10:23:13;;Souscription en cours;Coordonnées personnelles;161.59
541;08/05/2026 10:19:35;;Souscription en cours;Informations complémentaires (CA, Profession, etc.);384.66
542;08/05/2026 10:19:35;;Souscription en cours;Informations complémentaires (CA, Profession, etc.);539.98
543;08/05/2026 10:05:49;;Souscription en cours;Coordonnées personnelles;382.27
544;08/05/2026 10:05:49;;Souscription en cours;Coordonnées personnelles;886.12
545;08/05/2026 10:02:15;;Souscription en cours;Coordonnées personnelles;737.64
546;08/05/2026 10:02:15;;Souscription en cours;Coordonnées personnelles;459.81
547;08/05/2026 10:00:27;;En attente d'analyse Agent - Dossier avec erreurs;Signature Contrat;201.90
548;08/05/2026 10:00:27;;En attente d'analyse Agent - Dossier avec erreurs;Signature Contrat;538.40
549;08/05/2026 09:58:53;;Dossier validé;Parcours terminé;313.97
550;08/05/2026 09:58:53;;Dossier validé;Parcours terminé;403.72
551;08/05/2026 09:51:04;;Dossier refusé;Choix de l'offre et livraison;605.22
552;08/05/2026 09:51:04;;Dossier refusé;Choix de l'offre et livraison;713.88
553;08/05/2026 09:42:05;;Dossier validé;Parcours terminé;932.67
554;08/05/2026 09:42:05;;Dossier validé;Parcours terminé;268.92
555;08/05/2026 08:25:37;;Souscription en cours;Coordonnées personnelles;747.42
556;08/05/2026 08:25:37;;Souscription en cours;Coordonnées personnelles;732.72
557;08/05/2026 08:22:08;;En attente d'analyse Agent - Dossier avec erreurs;Signature Contrat;473.78
558;08/05/2026 08:22:08;;En attente d'analyse Agent - Dossier avec erreurs;Signature Contrat;668.16
559;08/05/2026 08:20:44;;Dossier refusé;Saisie société;920.53
560;08/05/2026 08:20:44;;Dossier refusé;Saisie société;674.20
561;08/05/2026 08:18:58;;En attente d'analyse Agent - Dossier avec erreurs;Signature Contrat;966.79
562;08/05/2026 08:18:58;;En attente d'analyse Agent - Dossier avec erreurs;Signature Contrat;618.22
563;08/05/2026 08:02:00;;Souscription en cours;Coordonnées personnelles;999.69
564;08/05/2026 08:02:00;;Souscription en cours;Coordonnées personnelles;725.43
565;08/05/2026 07:54:06;;Souscription en cours;Coordonnées personnelles;399.24
566;08/05/2026 07:54:06;;Souscription en cours;Coordonnées personnelles;938.25
567;08/05/2026 07:14:58;;Souscription en cours;Choix de l'offre et livraison;675.66
568;08/05/2026 07:14:58;;Souscription en cours;Choix de l'offre et livraison;535.67
569;08/05/2026 07:03:39;;Dossier validé;Parcours terminé;424.29
570;08/05/2026 07:03:39;;Dossier validé;Parcours terminé;845.19
571;08/05/2026 06:56:35;;Dossier refusé;Saisie société;222.13
572;08/05/2026 06:56:35;;Dossier refusé;Saisie société;418.63
573;08/05/2026 06:27:08;;Souscription non démarrée;Parcours non démarré;653.79
574;08/05/2026 06:27:08;;Souscription non démarrée;Parcours non démarré;402.22
575;08/05/2026 04:58:15;;Dossier validé;Parcours terminé;578.10
576;08/05/2026 04:58:15;;Dossier validé;Parcours terminé;890.77
577;08/05/2026 02:36:32;;Souscription en cours;Coordonnées personnelles;246.63
578;08/05/2026 02:36:32;;Souscription en cours;Coordonnées personnelles;315.88
579;08/05/2026 01:16:16;;Souscription en cours;Coordonnées personnelles;697.56
580;08/05/2026 01:16:16;;Souscription en cours;Coordonnées personnelles;424.00
581;08/05/2026 00:52:04;;Dossier validé;Parcours terminé;906.33
582;08/05/2026 00:52:04;;Dossier validé;Parcours terminé;650.40
583;08/05/2026 00:20:15;;Souscription en cours;Coordonnées personnelles;416.22
584;08/05/2026 00:20:15;;Souscription en cours;Coordonnées personnelles;358.13
585;08/05/2026 00:03:47;;Souscription en cours;Coordonnées personnelles;389.45
586;08/05/2026 00:03:47;;Souscription en cours;Coordonnées personnelles;638.27
587;07/05/2026 23:59:58;;Dossier refusé;Saisie société;375.03
588;07/05/2026 23:59:58;;Dossier refusé;Saisie société;264.63
589;07/05/2026 23:27:51;;Souscription en cours;Coordonnées personnelles;996.41
590;07/05/2026 23:27:51;;Souscription en cours;Coordonnées personnelles;908.45
591;07/05/2026 22:59:45;;En attente d'analyse Agent - Dossier avec erreurs;Signature Contrat;875.65
592;07/05/2026 22:59:45;;En attente d'analyse Agent - Dossier avec erreurs;Signature Contrat;192.90
593;07/05/2026 22:54:24;;En attente d'analyse Agent - Dossier avec erreurs;Signature Contrat;429.79
594;07/05/2026 22:54:24;;En attente d'analyse Agent - Dossier avec erreurs;Signature Contrat;841.61
595;07/05/2026 22:53:21;Manon LEFEBVRE;Dossier refusé;Saisie société;895.86
596;07/05/2026 22:53:21;Manon LEFEBVRE;Dossier refusé;Saisie société;599.29
597;07/05/2026 22:28:10;;Souscription en cours;Coordonnées personnelles;925.74
598;07/05/2026 22:28:10;;Souscription en cours;Coordonnées personnelles;125.90
599;07/05/2026 22:20:27;;Souscription en cours;Choix de l'offre et livraison;128.97
600;07/05/2026 22:20:27;;Souscription en cours;Choix de l'offre et livraison;299.06
601;07/05/2026 22:08:36;;Souscription en cours;Coordonnées personnelles;738.22
602;07/05/2026 22:08:36;;Souscription en cours;Coordonnées personnelles;949.12
603;07/05/2026 22:04:21;;Dossier refusé;Saisie société;195.21
604;07/05/2026 22:04:21;;Dossier refusé;Saisie société;701.15
605;07/05/2026 21:46:29;;En attente d'analyse Agent - Dossier avec erreurs;Signature Contrat;126.13
606;07/05/2026 21:46:29;;En attente d'analyse Agent - Dossier avec erreurs;Signature Contrat;637.98
607;07/05/2026 21:44:21;;Souscription en cours;Coordonnées personnelles;498.42
608;07/05/2026 21:44:21;;Souscription en cours;Coordonnées personnelles;198.77
609;07/05/2026 21:40:32;;Souscription en cours;Informations complémentaires (CA, Profession, etc.);851.78
610;07/05/2026 21:40:32;;Souscription en cours;Informations complémentaires (CA, Profession, etc.);634.21
611;07/05/2026 21:33:50;;Souscription en cours;Coordonnées personnelles;139.23
612;07/05/2026 21:33:50;;Souscription en cours;Coordonnées personnelles;903.34
613;07/05/2026 21:28:37;;Souscription en cours;Signature Contrat;676.22
614;07/05/2026 21:28:37;;Souscription en cours;Signature Contrat;405.80
615;07/05/2026 21:24:12;;Dossier refusé;Choix de l'offre et livraison;140.86
616;07/05/2026 21:24:12;;Dossier refusé;Choix de l'offre et livraison;163.98
617;07/05/2026 21:09:40;;Souscription en cours;Signature Contrat;460.51
618;07/05/2026 21:09:40;;Souscription en cours;Signature Contrat;555.14
619;07/05/2026 20:54:26;;Dossier validé;Parcours terminé;541.99
620;07/05/2026 20:54:26;;Dossier validé;Parcours terminé;610.86
621;07/05/2026 20:48:41;;Souscription non démarrée;Parcours non démarré;979.29
622;07/05/2026 20:48:41;;Souscription non démarrée;Parcours non démarré;865.81
623;07/05/2026 20:37:27;;Dossier refusé;Saisie société;307.87
624;07/05/2026 20:37:27;;Dossier refusé;Saisie société;298.90
625;07/05/2026 20:33:37;;En attente d'analyse Agent - Dossier avec erreurs;Signature Contrat;644.56
626;07/05/2026 20:33:37;;En attente d'analyse Agent - Dossier avec erreurs;Signature Contrat;498.70
627;07/05/2026 20:23:02;;Dossier refusé;Synchronisation référentiel personne NOVA;487.65
628;07/05/2026 20:23:02;;Dossier refusé;Synchronisation référentiel personne NOVA;760.14
629;07/05/2026 20:03:20;;Dossier refusé;Saisie société;363.50
630;07/05/2026 20:03:20;;Dossier refusé;Saisie société;414.64
631;07/05/2026 19:42:00;;Dossier validé;Parcours terminé;347.70
632;07/05/2026 19:42:00;;Dossier validé;Parcours terminé;177.34
633;07/05/2026 19:35:17;;Souscription en cours;Coordonnées personnelles;316.08
634;07/05/2026 19:35:17;;Souscription en cours;Coordonnées personnelles;703.06
635;07/05/2026 19:12:00;;Dossier validé;Parcours terminé;963.67
636;07/05/2026 19:12:00;;Dossier validé;Parcours terminé;176.12
637;07/05/2026 18:46:59;;Souscription en cours;Signature Contrat;523.47
638;07/05/2026 18:46:59;;Souscription en cours;Signature Contrat;290.98
639;07/05/2026 18:43:01;;Souscription non démarrée;Parcours non démarré;458.07
640;07/05/2026 18:43:01;;Souscription non démarrée;Parcours non démarré;810.33
641;07/05/2026 18:24:05;;Souscription en cours;Coordonnées personnelles;590.34
642;07/05/2026 18:24:05;;Souscription en cours;Coordonnées personnelles;203.41
643;07/05/2026 18:18:42;;Dossier refusé;Signature Contrat;846.35
644;07/05/2026 18:18:42;;Dossier refusé;Signature Contrat;927.47
645;07/05/2026 18:14:04;;Souscription en cours;Coordonnées personnelles;120.99
646;07/05/2026 18:14:04;;Souscription en cours;Coordonnées personnelles;932.44
647;07/05/2026 17:42:20;;Dossier validé;Parcours terminé;847.91
648;07/05/2026 17:42:20;;Dossier validé;Parcours terminé;334.07
649;07/05/2026 17:37:45;;Souscription non démarrée;Parcours non démarré;705.62
650;07/05/2026 17:37:45;;Souscription non démarrée;Parcours non démarré;927.55
651;07/05/2026 17:14:31;;Souscription en cours;Choix de l'offre et livraison;286.98
652;07/05/2026 17:14:31;;Souscription en cours;Choix de l'offre et livraison;280.42
653;07/05/2026 17:12:01;;Dossier validé;Parcours terminé;967.04
654;07/05/2026 17:12:01;;Dossier validé;Parcours terminé;594.20
655;07/05/2026 17:11:52;;Souscription en cours;Coordonnées personnelles;587.31
656;07/05/2026 17:11:52;;Souscription en cours;Coordonnées personnelles;198.74
657;07/05/2026 17:08:25;;Dossier refusé;Signature Contrat;422.70
658;07/05/2026 17:08:25;;Dossier refusé;Signature Contrat;563.74
659;07/05/2026 17:08:17;;Souscription en cours;Informations complémentaires (Etablissements, etc.);356.44
660;07/05/2026 17:08:17;;Souscription en cours;Informations complémentaires (Etablissements, etc.);316.74
661;07/05/2026 17:01:14;;Souscription en cours;Choix de l'offre et livraison;197.51
662;07/05/2026 17:01:14;;Souscription en cours;Choix de l'offre et livraison;704.10
663;07/05/2026 16:59:58;;Dossier validé;Parcours terminé;821.51
664;07/05/2026 16:59:58;;Dossier validé;Parcours terminé;166.56
665;07/05/2026 16:45:56;;En attente d'analyse Agent - Dossier avec erreurs;Signature Contrat;303.85
666;07/05/2026 16:45:56;;En attente d'analyse Agent - Dossier avec erreurs;Signature Contrat;258.01
667;07/05/2026 16:40:48;;Souscription en cours;Synchronisation référentiel personne NOVA;516.75
668;07/05/2026 16:40:48;;Souscription en cours;Synchronisation référentiel personne NOVA;869.32
669;07/05/2026 16:37:34;;Dossier validé;Parcours terminé;861.41
670;07/05/2026 16:37:34;;Dossier validé;Parcours terminé;328.70
671;07/05/2026 16:30:03;;Dossier refusé;Choix de l'offre et livraison;375.09
672;07/05/2026 16:30:03;;Dossier refusé;Choix de l'offre et livraison;750.60
673;07/05/2026 16:18:12;;Dossier validé;Parcours terminé;529.22
674;07/05/2026 16:18:12;;Dossier validé;Parcours terminé;603.40
675;07/05/2026 16:16:51;;Souscription en cours;Coordonnées personnelles;898.36
676;07/05/2026 16:16:51;;Souscription en cours;Coordonnées personnelles;592.75
677;07/05/2026 16:11:53;;Souscription en cours;Signature Contrat;256.28
678;07/05/2026 16:11:53;;Souscription en cours;Signature Contrat;779.62
679;07/05/2026 16:06:29;;Souscription en cours;Coordonnées personnelles;836.22
680;07/05/2026 16:06:29;;Souscription en cours;Coordonnées personnelles;255.26
681;07/05/2026 16:02:08;;Souscription en cours;Signature Contrat;366.25
682;07/05/2026 16:02:08;;Souscription en cours;Signature Contrat;268.97
683;07/05/2026 16:01:45;;Dossier validé;Parcours terminé;459.37
684;07/05/2026 16:01:45;;Dossier validé;Parcours terminé;171.86
685;07/05/2026 15:53:46;;Souscription en cours;Choix de l'offre et livraison;898.05
686;07/05/2026 15:53:46;;Souscription en cours;Choix de l'offre et livraison;433.34
687;07/05/2026 15:49:00;;Souscription en cours;Signature Contrat;922.45
688;07/05/2026 15:49:00;;Souscription en cours;Signature Contrat;623.62
689;07/05/2026 15:48:35;;Dossier validé;Parcours terminé;128.33
690;07/05/2026 15:48:35;;Dossier validé;Parcours terminé;259.48
691;07/05/2026 15:46:59;;Souscription en cours;Choix de l'offre et livraison;396.83
692;07/05/2026 15:46:59;;Souscription en cours;Choix de l'offre et livraison;713.24
693;07/05/2026 15:40:37;;Souscription non démarrée;Parcours non démarré;342.98
694;07/05/2026 15:40:37;;Souscription non démarrée;Parcours non démarré;127.27
695;07/05/2026 15:36:10;;Dossier validé;Parcours terminé;775.46
696;07/05/2026 15:36:10;;Dossier validé;Parcours terminé;955.35
697;07/05/2026 15:32:39;;Souscription en cours;Coordonnées personnelles;626.08
698;07/05/2026 15:32:39;;Souscription en cours;Coordonnées personnelles;520.10
699;07/05/2026 15:30:45;;Souscription en cours;Coordonnées personnelles;334.57
700;07/05/2026 15:30:45;;Souscription en cours;Coordonnées personnelles;890.35
701;07/05/2026 15:29:11;;Dossier refusé;Saisie société;508.93
702;07/05/2026 15:29:11;;Dossier refusé;Saisie société;837.24
703;07/05/2026 15:27:26;;Dossier validé;Parcours terminé;732.24
704;07/05/2026 15:27:26;;Dossier validé;Parcours terminé;120.79
705;07/05/2026 15:23:07;;Souscription en cours;Choix de l'offre et livraison;691.33
706;07/05/2026 15:23:07;;Souscription en cours;Choix de l'offre et livraison;107.09
707;07/05/2026 15:17:12;;Souscription non démarrée;Parcours non démarré;586.26
708;07/05/2026 15:17:12;;Souscription non démarrée;Parcours non démarré;537.90
709;07/05/2026 15:16:43;;Dossier refusé;Signature Contrat;471.32
710;07/05/2026 15:16:43;;Dossier refusé;Signature Contrat;797.51
711;07/05/2026 15:15:25;;Dossier validé;Parcours terminé;422.54
712;07/05/2026 15:15:25;;Dossier validé;Parcours terminé;473.25
713;07/05/2026 15:14:24;;Souscription non démarrée;Parcours non démarré;509.79
714;07/05/2026 15:14:24;;Souscription non démarrée;Parcours non démarré;848.55
715;07/05/2026 15:12:25;;Dossier validé;Parcours terminé;832.05
716;07/05/2026 15:12:25;;Dossier validé;Parcours terminé;990.82
717;07/05/2026 15:09:40;;Souscription en cours;Choix de l'offre et livraison;133.76
718;07/05/2026 15:09:40;;Souscription en cours;Choix de l'offre et livraison;911.09
719;07/05/2026 15:07:30;;Souscription en cours;Choix de l'offre et livraison;768.78
720;07/05/2026 15:07:30;;Souscription en cours;Choix de l'offre et livraison;847.31
721;07/05/2026 15:03:22;;Souscription en cours;Signature Contrat;172.40
722;07/05/2026 15:03:22;;Souscription en cours;Signature Contrat;362.15
723;07/05/2026 14:57:02;;Souscription non démarrée;Parcours non démarré;792.49
724;07/05/2026 14:57:02;;Souscription non démarrée;Parcours non démarré;172.26
725;07/05/2026 14:50:56;;Souscription en cours;Signature Contrat;131.13
726;07/05/2026 14:50:56;;Souscription en cours;Signature Contrat;487.05
727;07/05/2026 14:46:48;;Souscription en cours;Vérification d'identité;652.46
728;07/05/2026 14:46:48;;Souscription en cours;Vérification d'identité;823.56
729;07/05/2026 14:44:48;;Souscription en cours;Coordonnées personnelles;746.13
730;07/05/2026 14:44:48;;Souscription en cours;Coordonnées personnelles;133.99
731;07/05/2026 14:44:47;;En attente d'analyse Agent - Dossier avec erreurs;Signature Contrat;622.92
732;07/05/2026 14:44:47;;En attente d'analyse Agent - Dossier avec erreurs;Signature Contrat;750.37
733;07/05/2026 14:42:45;;Souscription en cours;Coordonnées personnelles;967.65
734;07/05/2026 14:42:45;;Souscription en cours;Coordonnées personnelles;936.99
735;07/05/2026 14:37:12;;Dossier validé;Parcours terminé;512.59
736;07/05/2026 14:37:12;;Dossier validé;Parcours terminé;494.65
737;07/05/2026 14:29:08;;Souscription non démarrée;Parcours non démarré;937.77
738;07/05/2026 14:29:08;;Souscription non démarrée;Parcours non démarré;591.40
739;07/05/2026 14:19:33;;Dossier validé;Parcours terminé;485.06
740;07/05/2026 14:19:33;;Dossier validé;Parcours terminé;845.19
741;07/05/2026 14:17:06;;Souscription non démarrée;Parcours non démarré;998.72
742;07/05/2026 14:17:06;;Souscription non démarrée;Parcours non démarré;775.48
743;07/05/2026 14:10:40;;Dossier validé;Parcours terminé;350.27
744;07/05/2026 14:10:40;;Dossier validé;Parcours terminé;749.22
745;07/05/2026 14:01:17;;Souscription en cours;Coordonnées personnelles;979.97
746;07/05/2026 14:01:17;;Souscription en cours;Coordonnées personnelles;802.26
747;07/05/2026 13:51:54;;Souscription en cours;Choix de l'offre et livraison;883.62
748;07/05/2026 13:51:54;;Souscription en cours;Choix de l'offre et livraison;656.54
749;07/05/2026 13:29:46;;Souscription en cours;Signature Contrat;667.41
750;07/05/2026 13:29:46;;Souscription en cours;Signature Contrat;935.92
751;07/05/2026 13:24:25;;Souscription en cours;Signature Contrat;297.02
752;07/05/2026 13:24:25;;Souscription en cours;Signature Contrat;326.58
753;07/05/2026 13:18:35;;Dossier validé;Parcours terminé;963.50
754;07/05/2026 13:18:35;;Dossier validé;Parcours terminé;112.55
755;07/05/2026 13:09:35;;Souscription en cours;Coordonnées personnelles;733.48
756;07/05/2026 13:09:35;;Souscription en cours;Coordonnées personnelles;474.54
757;07/05/2026 13:06:32;;Souscription en cours;Signature Contrat;961.16
758;07/05/2026 13:06:32;;Souscription en cours;Signature Contrat;673.40
759;07/05/2026 12:58:29;;Souscription en cours;Choix de l'offre et livraison;248.55
760;07/05/2026 12:58:29;;Souscription en cours;Choix de l'offre et livraison;295.87
761;07/05/2026 12:55:40;;Dossier validé;Parcours terminé;174.84
762;07/05/2026 12:55:40;;Dossier validé;Parcours terminé;907.12
763;07/05/2026 12:49:12;;Souscription en cours;Coordonnées personnelles;307.50
764;07/05/2026 12:49:12;;Souscription en cours;Coordonnées personnelles;961.35
765;07/05/2026 12:41:22;;Dossier refusé;Synchronisation référentiel personne NOVA;198.61
766;07/05/2026 12:41:22;;Dossier refusé;Synchronisation référentiel personne NOVA;877.68
767;07/05/2026 12:39:26;;En attente d'analyse Agent - Dossier avec erreurs;Signature Contrat;546.15
768;07/05/2026 12:39:26;;En attente d'analyse Agent - Dossier avec erreurs;Signature Contrat;937.57
769;07/05/2026 12:39:13;;Souscription non démarrée;Parcours non démarré;177.92
770;07/05/2026 12:39:13;;Souscription non démarrée;Parcours non démarré;452.34
771;07/05/2026 12:35:54;;Dossier refusé;Saisie société;936.74
772;07/05/2026 12:35:54;;Dossier refusé;Saisie société;823.61
773;07/05/2026 12:24:33;;Dossier validé;Parcours terminé;119.69
774;07/05/2026 12:24:33;;Dossier validé;Parcours terminé;330.76
775;07/05/2026 12:05:12;;Souscription non démarrée;Parcours non démarré;871.87
776;07/05/2026 12:05:12;;Souscription non démarrée;Parcours non démarré;170.73
777;07/05/2026 12:04:46;;Dossier validé;Parcours terminé;737.26
778;07/05/2026 12:04:46;;Dossier validé;Parcours terminé;171.02
779;07/05/2026 12:02:15;;Dossier validé;Parcours terminé;951.79
780;07/05/2026 12:02:15;;Dossier validé;Parcours terminé;856.56
781;07/05/2026 11:59:28;;Souscription en cours;Coordonnées personnelles;522.49
782;07/05/2026 11:59:28;;Souscription en cours;Coordonnées personnelles;398.22
783;07/05/2026 11:50:59;;Souscription en cours;Criblages BE(s);793.51
784;07/05/2026 11:50:59;;Souscription en cours;Criblages BE(s);203.46
785;07/05/2026 11:45:09;;Souscription en cours;Coordonnées personnelles;869.76
786;07/05/2026 11:45:09;;Souscription en cours;Coordonnées personnelles;310.41
787;07/05/2026 11:43:56;;Souscription en cours;Coordonnées personnelles;970.20
788;07/05/2026 11:43:56;;Souscription en cours;Coordonnées personnelles;874.88
789;07/05/2026 11:34:44;;Dossier validé;Parcours terminé;734.17
790;07/05/2026 11:34:44;;Dossier validé;Parcours terminé;884.39
791;07/05/2026 11:25:22;;Dossier validé;Parcours terminé;513.34
792;07/05/2026 11:25:22;;Dossier validé;Parcours terminé;606.40
793;07/05/2026 11:24:26;;Souscription en cours;Coordonnées personnelles;984.18
794;07/05/2026 11:24:26;;Souscription en cours;Coordonnées personnelles;934.28
795;07/05/2026 11:17:54;;Souscription en cours;Coordonnées personnelles;425.26
796;07/05/2026 11:17:54;;Souscription en cours;Coordonnées personnelles;258.33
797;07/05/2026 11:16:19;;Souscription en cours;Choix de l'offre et livraison;638.33
798;07/05/2026 11:16:19;;Souscription en cours;Choix de l'offre et livraison;803.16
799;07/05/2026 11:08:11;;Dossier validé;Parcours terminé;682.67
800;07/05/2026 11:08:11;;Dossier validé;Parcours terminé;848.17
801;07/05/2026 11:02:15;;Souscription en cours;Informations complémentaires (CA, Profession, etc.);462.16
802;07/05/2026 11:02:15;;Souscription en cours;Informations complémentaires (CA, Profession, etc.);211.98
803;07/05/2026 10:57:28;;Souscription en cours;Coordonnées personnelles;138.32
804;07/05/2026 10:57:28;;Souscription en cours;Coordonnées personnelles;273.49
805;07/05/2026 10:55:16;;Souscription en cours;Informations complémentaires (Etablissements, etc.);217.10
806;07/05/2026 10:55:16;;Souscription en cours;Informations complémentaires (Etablissements, etc.);650.63
807;07/05/2026 10:52:21;;Souscription en cours;Coordonnées personnelles;440.33
808;07/05/2026 10:52:21;;Souscription en cours;Coordonnées personnelles;663.09
809;07/05/2026 10:50:51;;Dossier refusé;Parcours terminé;255.88
810;07/05/2026 10:50:51;;Dossier refusé;Parcours terminé;952.42
811;07/05/2026 10:44:34;;En attente d'analyse Agent - Dossier avec erreurs;Signature Contrat;357.34
812;07/05/2026 10:44:34;;En attente d'analyse Agent - Dossier avec erreurs;Signature Contrat;474.27
813;07/05/2026 10:40:45;;Souscription en cours;Coordonnées personnelles;225.05
814;07/05/2026 10:40:45;;Souscription en cours;Coordonnées personnelles;154.64
815;07/05/2026 10:39:56;;Dossier refusé;Signature Contrat;462.21
816;07/05/2026 10:39:56;;Dossier refusé;Signature Contrat;820.88
817;07/05/2026 10:35:54;Hugo MARTIN;Dossier validé;Parcours terminé;146.27
818;07/05/2026 10:35:54;Hugo MARTIN;Dossier validé;Parcours terminé;408.20
819;07/05/2026 10:33:26;;Souscription en cours;Coordonnées personnelles;664.95
820;07/05/2026 10:33:26;;Souscription en cours;Coordonnées personnelles;430.48
821;07/05/2026 10:18:52;;Souscription en cours;Bénéficiaire effectifs;230.23
822;07/05/2026 10:18:52;;Souscription en cours;Bénéficiaire effectifs;669.27
823;07/05/2026 10:06:46;;Souscription en cours;Coordonnées personnelles;314.24
824;07/05/2026 10:06:46;;Souscription en cours;Coordonnées personnelles;413.95
825;07/05/2026 10:01:40;;Dossier validé;Parcours terminé;935.99
826;07/05/2026 10:01:40;;Dossier validé;Parcours terminé;661.57
827;07/05/2026 10:00:15;;Souscription en cours;Vérification d'identité;984.22
828;07/05/2026 10:00:15;;Souscription en cours;Vérification d'identité;490.40
829;07/05/2026 09:48:32;;Dossier validé;Parcours terminé;965.75
830;07/05/2026 09:48:32;;Dossier validé;Parcours terminé;358.01
831;07/05/2026 09:46:47;;Dossier validé;Parcours terminé;405.84
832;07/05/2026 09:46:47;;Dossier validé;Parcours terminé;541.84
833;07/05/2026 09:38:06;Hugo MARTIN;Dossier validé;Parcours terminé;696.31
834;07/05/2026 09:38:06;Hugo MARTIN;Dossier validé;Parcours terminé;170.57
835;07/05/2026 09:36:32;;Dossier refusé;Saisie société;151.13
836;07/05/2026 09:36:32;;Dossier refusé;Saisie société;746.10
837;07/05/2026 09:24:27;;Souscription en cours;Signature Contrat;770.34
838;07/05/2026 09:24:27;;Souscription en cours;Signature Contrat;434.33
839;07/05/2026 09:19:27;;Souscription en cours;Choix de l'offre et livraison;415.10
840;07/05/2026 09:19:27;;Souscription en cours;Choix de l'offre et livraison;344.44
841;07/05/2026 09:18:50;;Dossier validé;Parcours terminé;514.11
842;07/05/2026 09:18:50;;Dossier validé;Parcours terminé;943.31
843;07/05/2026 09:16:44;;Souscription en cours;Coordonnées personnelles;471.44
844;07/05/2026 09:16:44;;Souscription en cours;Coordonnées personnelles;954.03
845;07/05/2026 09:12:36;;En attente d'analyse Agent - Dossier avec erreurs;Signature Contrat;472.17
846;07/05/2026 09:12:36;;En attente d'analyse Agent - Dossier avec erreurs;Signature Contrat;210.31
847;07/05/2026 09:01:35;Zoé MULLER;Dossier validé;Parcours terminé;257.74
848;07/05/2026 09:01:35;Zoé MULLER;Dossier validé;Parcours terminé;604.26
849;07/05/2026 09:01:21;Hugo MARTIN;Dossier refusé;Saisie société;582.45
850;07/05/2026 09:01:21;Hugo MARTIN;Dossier refusé;Saisie société;668.81
851;07/05/2026 09:00:07;;Souscription en cours;Informations complémentaires (CA, Profession, etc.);999.99
852;07/05/2026 09:00:07;;Souscription en cours;Informations complémentaires (CA, Profession, etc.);219.67
853;07/05/2026 08:48:54;;Souscription en cours;Vérification d'identité;317.64
854;07/05/2026 08:48:54;;Souscription en cours;Vérification d'identité;187.55
855;07/05/2026 08:46:24;;Dossier validé;Parcours terminé;428.53
856;07/05/2026 08:46:24;;Dossier validé;Parcours terminé;466.72
857;07/05/2026 08:12:05;Z5681453;Dossier validé;Parcours terminé;211.04
858;07/05/2026 08:12:05;Z5681453;Dossier validé;Parcours terminé;796.55
859;07/05/2026 08:06:27;;Souscription en cours;Vérification d'identité;590.92
860;07/05/2026 08:06:27;;Souscription en cours;Vérification d'identité;762.53
861;07/05/2026 07:57:24;;Souscription en cours;Choix de l'offre et livraison;162.07
862;07/05/2026 07:57:24;;Souscription en cours;Choix de l'offre et livraison;355.49
863;07/05/2026 07:34:28;;Dossier validé;Parcours terminé;194.81
864;07/05/2026 07:34:28;;Dossier validé;Parcours terminé;773.73
865;07/05/2026 07:22:12;;Dossier validé;Parcours terminé;164.08
866;07/05/2026 07:22:12;;Dossier validé;Parcours terminé;126.80
867;07/05/2026 07:09:57;;Souscription en cours;Informations complémentaires (Etablissements, etc.);770.89
868;07/05/2026 07:09:57;;Souscription en cours;Informations complémentaires (Etablissements, etc.);410.62
869;07/05/2026 07:04:34;;Souscription en cours;Coordonnées personnelles;782.88
870;07/05/2026 07:04:34;;Souscription en cours;Coordonnées personnelles;790.64
871;07/05/2026 06:25:44;;Souscription en cours;Coordonnées personnelles;223.55
872;07/05/2026 06:25:44;;Souscription en cours;Coordonnées personnelles;935.64
873;07/05/2026 05:42:34;;Souscription en cours;Vérification d'identité;958.83
874;07/05/2026 05:42:34;;Souscription en cours;Vérification d'identité;188.46
875;07/05/2026 04:28:36;;Souscription en cours;Signature Contrat;610.44
876;07/05/2026 04:28:36;;Souscription en cours;Signature Contrat;898.84
877;07/05/2026 02:42:42;;Dossier validé;Parcours terminé;726.89
878;07/05/2026 02:42:42;;Dossier validé;Parcours terminé;821.31
879;07/05/2026 02:28:04;;Souscription en cours;Choix de l'offre et livraison;594.45
880;07/05/2026 02:28:04;;Souscription en cours;Choix de l'offre et livraison;432.22
881;07/05/2026 02:27:24;;Dossier validé;Parcours terminé;555.00
882;07/05/2026 02:27:24;;Dossier validé;Parcours terminé;407.07
883;07/05/2026 01:50:01;Z5681453;Dossier validé;Parcours terminé;431.41
884;07/05/2026 01:50:01;Z5681453;Dossier validé;Parcours terminé;590.66
885;06/05/2026 23:05:03;;Souscription non démarrée;Parcours non démarré;362.92
886;06/05/2026 23:05:03;;Souscription non démarrée;Parcours non démarré;485.04
887;06/05/2026 22:46:31;;Souscription en cours;Informations complémentaires (CA, Profession, etc.);776.00
888;06/05/2026 22:46:31;;Souscription en cours;Informations complémentaires (CA, Profession, etc.);925.24
889;06/05/2026 22:41:12;;Souscription en cours;Bénéficiaire effectifs;136.35
890;06/05/2026 22:41:12;;Souscription en cours;Bénéficiaire effectifs;295.22
891;06/05/2026 22:06:02;;Souscription en cours;Signature Contrat;507.13
892;06/05/2026 22:06:02;;Souscription en cours;Signature Contrat;332.99
893;06/05/2026 22:01:46;;En attente d'analyse Agent - Dossier avec erreurs;Signature Contrat;827.16
894;06/05/2026 22:01:46;;En attente d'analyse Agent - Dossier avec erreurs;Signature Contrat;586.91
895;06/05/2026 21:51:30;;Souscription en cours;Coordonnées personnelles;853.06
896;06/05/2026 21:51:30;;Souscription en cours;Coordonnées personnelles;615.99
897;06/05/2026 21:48:33;;Souscription en cours;Choix de l'offre et livraison;140.73
898;06/05/2026 21:48:33;;Souscription en cours;Choix de l'offre et livraison;186.52
899;06/05/2026 21:39:57;Hugo MARTIN;Dossier validé;Parcours terminé;807.12
900;06/05/2026 21:39:57;Hugo MARTIN;Dossier validé;Parcours terminé;423.74
901;06/05/2026 21:32:04;;Souscription en cours;Choix de l'offre et livraison;546.42
902;06/05/2026 21:32:04;;Souscription en cours;Choix de l'offre et livraison;646.04
903;06/05/2026 21:27:51;;Dossier validé;Parcours terminé;749.77
904;06/05/2026 21:27:51;;Dossier validé;Parcours terminé;374.66
905;06/05/2026 21:13:19;;En attente d'analyse Agent - Dossier sans erreur;Parcours terminé;974.05
906;06/05/2026 21:13:19;;En attente d'analyse Agent - Dossier sans erreur;Parcours terminé;568.09
907;06/05/2026 20:59:57;;Souscription non démarrée;Parcours non démarré;305.16
908;06/05/2026 20:59:57;;Souscription non démarrée;Parcours non démarré;755.96
909;06/05/2026 20:57:59;Zoé MULLER;Dossier refusé;Signature Contrat;879.59
910;06/05/2026 20:57:59;Zoé MULLER;Dossier refusé;Signature Contrat;430.77
911;06/05/2026 20:55:15;;Souscription en cours;Informations complémentaires (CA, Profession, etc.);175.24
912;06/05/2026 20:55:15;;Souscription en cours;Informations complémentaires (CA, Profession, etc.);384.02
913;06/05/2026 20:32:46;;Souscription en cours;Choix de l'offre et livraison;296.55
914;06/05/2026 20:32:46;;Souscription en cours;Choix de l'offre et livraison;463.03
915;06/05/2026 20:30:47;;Souscription non démarrée;Parcours non démarré;233.75
916;06/05/2026 20:30:47;;Souscription non démarrée;Parcours non démarré;191.75
917;06/05/2026 20:23:29;;Souscription en cours;Choix de l'offre et livraison;570.57
918;06/05/2026 20:23:29;;Souscription en cours;Choix de l'offre et livraison;198.91
919;06/05/2026 20:22:26;;Dossier refusé;Signature Contrat;422.87
920;06/05/2026 20:22:26;;Dossier refusé;Signature Contrat;472.31
921;06/05/2026 20:14:06;;Dossier validé;Parcours terminé;531.74
922;06/05/2026 20:14:06;;Dossier validé;Parcours terminé;573.92
923;06/05/2026 20:09:43;;Souscription en cours;Coordonnées personnelles;667.31
924;06/05/2026 20:09:43;;Souscription en cours;Coordonnées personnelles;455.93
925;06/05/2026 20:06:25;;Souscription en cours;Vérification d'identité;641.21
926;06/05/2026 20:06:25;;Souscription en cours;Vérification d'identité;141.97
927;06/05/2026 20:02:08;;Souscription en cours;Coordonnées personnelles;433.22
928;06/05/2026 20:02:08;;Souscription en cours;Coordonnées personnelles;594.48
929;06/05/2026 19:28:23;;Souscription en cours;Coordonnées personnelles;871.91
930;06/05/2026 19:28:23;;Souscription en cours;Coordonnées personnelles;546.01
931;06/05/2026 19:25:39;Zoé MULLER;Dossier refusé;Saisie société;206.07
932;06/05/2026 19:25:39;Zoé MULLER;Dossier refusé;Saisie société;142.04
933;06/05/2026 18:56:10;;Souscription non démarrée;Parcours non démarré;855.83
934;06/05/2026 18:56:10;;Souscription non démarrée;Parcours non démarré;209.90
935;06/05/2026 18:45:02;;Souscription en cours;Choix de l'offre et livraison;897.72
936;06/05/2026 18:45:02;;Souscription en cours;Choix de l'offre et livraison;195.85
937;06/05/2026 18:35:00;;Souscription en cours;Signature Contrat;602.48
938;06/05/2026 18:35:00;;Souscription en cours;Signature Contrat;542.55
939;06/05/2026 18:24:18;;Dossier refusé;Parcours non démarré;734.51
940;06/05/2026 18:24:18;;Dossier refusé;Parcours non démarré;973.41
941;06/05/2026 18:17:34;Hugo DUBOIS;Dossier validé;Parcours terminé;821.98
942;06/05/2026 18:17:34;Hugo DUBOIS;Dossier validé;Parcours terminé;991.36
943;06/05/2026 18:02:24;;Souscription en cours;Vérification d'identité;703.97
944;06/05/2026 18:02:24;;Souscription en cours;Vérification d'identité;215.29
945;06/05/2026 17:56:05;;Dossier validé;Parcours terminé;841.90
946;06/05/2026 17:56:05;;Dossier validé;Parcours terminé;157.60
947;06/05/2026 17:49:29;Hugo MARTIN;Dossier validé;Parcours terminé;734.00
948;06/05/2026 17:49:29;Hugo MARTIN;Dossier validé;Parcours terminé;173.10
949;06/05/2026 17:45:49;;Souscription en cours;Coordonnées personnelles;514.94
950;06/05/2026 17:45:49;;Souscription en cours;Coordonnées personnelles;657.15
951;06/05/2026 17:27:44;;Souscription en cours;Vérification d'identité;233.48
952;06/05/2026 17:27:44;;Souscription en cours;Vérification d'identité;450.37
953;06/05/2026 17:11:53;;Souscription en cours;Coordonnées personnelles;441.98
954;06/05/2026 17:11:53;;Souscription en cours;Coordonnées personnelles;681.58
955;06/05/2026 17:09:12;;Dossier validé;Parcours terminé;674.10
956;06/05/2026 17:09:12;;Dossier validé;Parcours terminé;787.18
957;06/05/2026 17:07:33;;Souscription non démarrée;Parcours non démarré;639.26
958;06/05/2026 17:07:33;;Souscription non démarrée;Parcours non démarré;160.31
959;06/05/2026 17:06:16;;Souscription en cours;Coordonnées personnelles;373.45
960;06/05/2026 17:06:16;;Souscription en cours;Coordonnées personnelles;826.15
961;06/05/2026 17:04:23;;Dossier validé;Parcours terminé;435.78
962;06/05/2026 17:04:23;;Dossier validé;Parcours terminé;350.83
963;06/05/2026 17:04:02;;Souscription en cours;Signature Contrat;543.11
964;06/05/2026 17:04:02;;Souscription en cours;Signature Contrat;596.69
965;06/05/2026 16:47:48;;Souscription non démarrée;Parcours non démarré;398.48
966;06/05/2026 16:47:48;;Souscription non démarrée;Parcours non démarré;524.36
967;06/05/2026 16:45:19;;Souscription en cours;Choix de l'offre et livraison;850.05
968;06/05/2026 16:45:19;;Souscription en cours;Choix de l'offre et livraison;144.10
969;06/05/2026 16:43:41;;Dossier refusé;Saisie société;278.68
970;06/05/2026 16:43:41;;Dossier refusé;Saisie société;227.26
971;06/05/2026 16:34:01;;En attente d'analyse Agent - Dossier avec erreurs;Signature Contrat;707.36
972;06/05/2026 16:34:01;;En attente d'analyse Agent - Dossier avec erreurs;Signature Contrat;362.87
973;06/05/2026 16:32:35;;Dossier validé;Parcours terminé;778.92
974;06/05/2026 16:32:35;;Dossier validé;Parcours terminé;745.02
975;06/05/2026 16:21:50;;Souscription en cours;Choix de l'offre et livraison;122.34
976;06/05/2026 16:21:50;;Souscription en cours;Choix de l'offre et livraison;465.00
977;06/05/2026 16:17:12;;Dossier validé;Parcours terminé;253.85
978;06/05/2026 16:17:12;;Dossier validé;Parcours terminé;555.31
979;06/05/2026 16:07:23;;Souscription en cours;Informations complémentaires (CA, Profession, etc.);659.86
980;06/05/2026 16:07:23;;Souscription en cours;Informations complémentaires (CA, Profession, etc.);829.21
981;06/05/2026 15:58:22;;Dossier validé;Parcours terminé;605.25
982;06/05/2026 15:58:22;;Dossier validé;Parcours terminé;686.25
983;06/05/2026 15:51:18;;Dossier validé;Parcours terminé;893.19
984;06/05/2026 15:51:18;;Dossier validé;Parcours terminé;197.87
985;06/05/2026 15:46:46;;Souscription en cours;Choix de l'offre et livraison;809.66
986;06/05/2026 15:46:46;;Souscription en cours;Choix de l'offre et livraison;899.59
987;06/05/2026 15:44:07;;Souscription en cours;Choix de l'offre et livraison;689.49
988;06/05/2026 15:44:07;;Souscription en cours;Choix de l'offre et livraison;637.29
989;06/05/2026 15:43:41;;Souscription en cours;Choix de l'offre et livraison;493.37
990;06/05/2026 15:43:41;;Souscription en cours;Choix de l'offre et livraison;783.88
991;06/05/2026 15:43:22;;Souscription en cours;Signature Contrat;763.16
992;06/05/2026 15:43:22;;Souscription en cours;Signature Contrat;690.73
993;06/05/2026 15:20:33;;Souscription en cours;Informations complémentaires (CA, Profession, etc.);210.35
994;06/05/2026 15:20:33;;Souscription en cours;Informations complémentaires (CA, Profession, etc.);674.97
995;06/05/2026 15:18:55;;Souscription en cours;Signature Contrat;335.05
996;06/05/2026 15:18:55;;Souscription en cours;Signature Contrat;122.03
997;06/05/2026 15:15:12;;En attente d'analyse Agent - Dossier avec erreurs;Signature Contrat;454.07
998;06/05/2026 15:15:12;;En attente d'analyse Agent - Dossier avec erreurs;Signature Contrat;580.06
999;06/05/2026 15:15:11;;Souscription en cours;Choix de l'offre et livraison;209.89
1000;06/05/2026 15:15:11;;Souscription en cours;Choix de l'offre et livraison;725.76
1001;06/05/2026 14:46:39;;Dossier validé;Parcours terminé;310.53
1002;06/05/2026 14:46:39;;Dossier validé;Parcours terminé;248.61
1003;06/05/2026 14:46:39;;Souscription non démarrée;Parcours non démarré;353.27
1004;06/05/2026 14:46:39;;Souscription non démarrée;Parcours non démarré;698.23
1005;06/05/2026 14:40:29;;Souscription en cours;Vérification d'identité;730.18
1006;06/05/2026 14:40:29;;Souscription en cours;Vérification d'identité;441.22
1007;06/05/2026 14:26:59;Manon LEFEBVRE;Dossier refusé;Informations complémentaires (Etablissements, etc.);880.92
1008;06/05/2026 14:26:59;Manon LEFEBVRE;Dossier refusé;Informations complémentaires (Etablissements, etc.);467.72
1009;06/05/2026 14:26:59;;Souscription en cours;Informations complémentaires (CA, Profession, etc.);956.75
1010;06/05/2026 14:26:59;;Souscription en cours;Informations complémentaires (CA, Profession, etc.);207.87
1011;06/05/2026 14:12:31;;En attente d'analyse Agent - Dossier avec erreurs;Signature Contrat;771.47
1012;06/05/2026 14:12:31;;En attente d'analyse Agent - Dossier avec erreurs;Signature Contrat;729.46
1013;06/05/2026 14:09:41;;Souscription en cours;Coordonnées personnelles;604.52
1014;06/05/2026 14:09:41;;Souscription en cours;Coordonnées personnelles;786.54
1015;06/05/2026 13:56:01;;Souscription en cours;Choix de l'offre et livraison;211.79
1016;06/05/2026 13:56:01;;Souscription en cours;Choix de l'offre et livraison;919.57
1017;06/05/2026 13:40:20;;Souscription en cours;Coordonnées personnelles;272.82
1018;06/05/2026 13:40:20;;Souscription en cours;Coordonnées personnelles;238.19
1019;06/05/2026 13:37:21;Inès MICHEL;Dossier validé;Parcours terminé;403.67
1020;06/05/2026 13:37:21;Inès MICHEL;Dossier validé;Parcours terminé;390.37
1021;06/05/2026 13:35:54;;Dossier validé;Parcours terminé;169.93
1022;06/05/2026 13:35:54;;Dossier validé;Parcours terminé;473.92
1023;06/05/2026 13:31:34;;Souscription en cours;Bénéficiaire effectifs;262.55
1024;06/05/2026 13:31:34;;Souscription en cours;Bénéficiaire effectifs;397.88
1025;06/05/2026 13:30:24;;Dossier validé;Parcours terminé;447.43
1026;06/05/2026 13:30:24;;Dossier validé;Parcours terminé;413.27
1027;06/05/2026 13:29:29;;Souscription en cours;Coordonnées personnelles;229.23
1028;06/05/2026 13:29:29;;Souscription en cours;Coordonnées personnelles;461.29
1029;06/05/2026 13:20:35;;Dossier validé;Parcours terminé;637.18
1030;06/05/2026 13:20:35;;Dossier validé;Parcours terminé;331.14
1031;06/05/2026 13:16:49;;Souscription en cours;Coordonnées personnelles;711.59
1032;06/05/2026 13:16:49;;Souscription en cours;Coordonnées personnelles;669.23
1033;06/05/2026 12:57:41;;Souscription en cours;Informations complémentaires (CA, Profession, etc.);177.52
1034;06/05/2026 12:57:41;;Souscription en cours;Informations complémentaires (CA, Profession, etc.);345.08
1035;06/05/2026 12:56:48;Adam LAURENT;Dossier refusé;Saisie société;908.16
1036;06/05/2026 12:56:48;Adam LAURENT;Dossier refusé;Saisie société;402.30
1037;06/05/2026 12:50:45;;Dossier validé;Parcours terminé;616.27
1038;06/05/2026 12:50:45;;Dossier validé;Parcours terminé;973.88
1039;06/05/2026 12:27:36;;Dossier refusé;Signature Contrat;847.88
1040;06/05/2026 12:27:36;;Dossier refusé;Signature Contrat;980.15
1041;06/05/2026 12:26:55;;En attente d'analyse Agent - Dossier avec erreurs;Signature Contrat;232.05
1042;06/05/2026 12:26:55;;En attente d'analyse Agent - Dossier avec erreurs;Signature Contrat;771.29
1043;06/05/2026 12:24:49;;En attente d'analyse Agent - Dossier avec erreurs;Signature Contrat;633.43
1044;06/05/2026 12:24:49;;En attente d'analyse Agent - Dossier avec erreurs;Signature Contrat;256.83
1045;06/05/2026 12:24:06;;Souscription en cours;Signature Contrat;495.00
1046;06/05/2026 12:24:06;;Souscription en cours;Signature Contrat;574.52
1047;06/05/2026 12:13:37;;En attente d'analyse Agent - Dossier avec erreurs;Signature Contrat;325.84
1048;06/05/2026 12:13:37;;En attente d'analyse Agent - Dossier avec erreurs;Signature Contrat;954.83
1049;06/05/2026 12:05:25;;Dossier validé;Parcours terminé;130.71
1050;06/05/2026 12:05:25;;Dossier validé;Parcours terminé;733.86
1051;06/05/2026 11:50:55;;Souscription en cours;Signature Contrat;472.60
1052;06/05/2026 11:50:55;;Souscription en cours;Signature Contrat;201.75
1053;06/05/2026 11:46:31;;Souscription en cours;Signature Contrat;671.39
1054;06/05/2026 11:46:31;;Souscription en cours;Signature Contrat;899.80
1055;06/05/2026 11:36:50;;Souscription en cours;Coordonnées personnelles;990.23
1056;06/05/2026 11:36:50;;Souscription en cours;Coordonnées personnelles;175.35
1057;06/05/2026 11:34:08;;Souscription en cours;Choix de l'offre et livraison;125.67
1058;06/05/2026 11:34:08;;Souscription en cours;Choix de l'offre et livraison;745.09
1059;06/05/2026 11:33:54;Inès MICHEL;Dossier refusé;Signature Contrat;426.07
1060;06/05/2026 11:33:54;Inès MICHEL;Dossier refusé;Signature Contrat;258.87
1061;06/05/2026 11:33:19;;Souscription en cours;Synchronisation référentiel personne NOVA;785.64
1062;06/05/2026 11:33:19;;Souscription en cours;Synchronisation référentiel personne NOVA;372.01
1063;06/05/2026 11:33:07;;Souscription en cours;Coordonnées personnelles;368.46
1064;06/05/2026 11:33:07;;Souscription en cours;Coordonnées personnelles;282.95
1065;06/05/2026 11:28:47;;Souscription non démarrée;Parcours non démarré;676.92
1066;06/05/2026 11:28:47;;Souscription non démarrée;Parcours non démarré;175.29
1067;06/05/2026 11:25:03;;Souscription en cours;Signature Contrat;212.65
1068;06/05/2026 11:25:03;;Souscription en cours;Signature Contrat;209.73
1069;06/05/2026 11:23:44;;Souscription en cours;Criblages BE(s);904.32
1070;06/05/2026 11:23:44;;Souscription en cours;Criblages BE(s);374.21
1071;06/05/2026 11:23:06;;Dossier refusé;Saisie société;327.11
1072;06/05/2026 11:23:06;;Dossier refusé;Saisie société;599.03
1073;06/05/2026 11:20:37;;Souscription en cours;Coordonnées personnelles;369.42
1074;06/05/2026 11:20:37;;Souscription en cours;Coordonnées personnelles;333.41
1075;06/05/2026 11:10:39;;Souscription en cours;Choix de l'offre et livraison;537.97
1076;06/05/2026 11:10:39;;Souscription en cours;Choix de l'offre et livraison;308.86
1077;06/05/2026 11:06:28;;Dossier refusé;Signature Contrat;151.50
1078;06/05/2026 11:06:28;;Dossier refusé;Signature Contrat;883.35
1079;06/05/2026 10:54:49;;Souscription en cours;Coordonnées personnelles;192.78
1080;06/05/2026 10:54:49;;Souscription en cours;Coordonnées personnelles;793.11
1081;06/05/2026 10:53:35;;Dossier validé;Parcours terminé;741.34
1082;06/05/2026 10:53:35;;Dossier validé;Parcours terminé;738.54
1083;06/05/2026 10:51:00;;Souscription en cours;Coordonnées personnelles;923.74
1084;06/05/2026 10:51:00;;Souscription en cours;Coordonnées personnelles;803.92
1085;06/05/2026 10:47:20;;Dossier refusé;Saisie société;387.74
1086;06/05/2026 10:47:20;;Dossier refusé;Saisie société;264.68
1087;06/05/2026 10:45:48;;Souscription en cours;Informations complémentaires (Etablissements, etc.);644.61
1088;06/05/2026 10:45:48;;Souscription en cours;Informations complémentaires (Etablissements, etc.);316.41
1089;06/05/2026 10:43:19;;Souscription non démarrée;Parcours non démarré;479.37
1090;06/05/2026 10:43:19;;Souscription non démarrée;Parcours non démarré;151.01
1091;06/05/2026 10:29:59;;Dossier validé;Parcours terminé;752.35
1092;06/05/2026 10:29:59;;Dossier validé;Parcours terminé;897.49
1093;06/05/2026 10:22:16;;Souscription en cours;Signature Contrat;801.88
1094;06/05/2026 10:22:16;;Souscription en cours;Signature Contrat;898.14
1095;06/05/2026 10:18:47;;Dossier refusé;Saisie société;200.86
1096;06/05/2026 10:18:47;;Dossier refusé;Saisie société;453.90
1097;06/05/2026 10:13:03;;Dossier validé;Parcours terminé;366.35
1098;06/05/2026 10:13:03;;Dossier validé;Parcours terminé;284.58
1099;06/05/2026 10:12:05;;Dossier refusé;Informations complémentaires (CA, Profession, etc.);619.12
1100;06/05/2026 10:12:05;;Dossier refusé;Informations complémentaires (CA, Profession, etc.);625.30
1101;06/05/2026 09:49:51;;Souscription en cours;Signature Contrat;515.51
1102;06/05/2026 09:49:51;;Souscription en cours;Signature Contrat;966.74
1103;06/05/2026 09:48:19;;Souscription en cours;Signature Contrat;873.73
1104;06/05/2026 09:48:19;;Souscription en cours;Signature Contrat;988.22
1105;06/05/2026 09:48:08;;Souscription en cours;Coordonnées personnelles;353.78
1106;06/05/2026 09:48:08;;Souscription en cours;Coordonnées personnelles;279.22
1107;06/05/2026 09:42:51;;Souscription non démarrée;Parcours non démarré;499.76
1108;06/05/2026 09:42:51;;Souscription non démarrée;Parcours non démarré;482.32
1109;06/05/2026 09:28:29;;Dossier validé;Parcours terminé;355.43
1110;06/05/2026 09:28:29;;Dossier validé;Parcours terminé;939.05
1111;06/05/2026 09:26:20;;Souscription en cours;Coordonnées personnelles;631.26
1112;06/05/2026 09:26:20;;Souscription en cours;Coordonnées personnelles;655.99
1113;06/05/2026 09:12:54;;Souscription en cours;Choix de l'offre et livraison;797.14
1114;06/05/2026 09:12:54;;Souscription en cours;Choix de l'offre et livraison;690.54
1115;06/05/2026 09:03:23;;Souscription en cours;Signature Contrat;299.08
1116;06/05/2026 09:03:23;;Souscription en cours;Signature Contrat;480.04
1117;06/05/2026 08:52:50;;En attente d'analyse Agent - Dossier avec erreurs;Signature Contrat;156.06
1118;06/05/2026 08:52:50;;En attente d'analyse Agent - Dossier avec erreurs;Signature Contrat;818.41
1119;06/05/2026 08:38:42;;Souscription non démarrée;Parcours non démarré;480.05
1120;06/05/2026 08:38:42;;Souscription non démarrée;Parcours non démarré;551.44
1121;06/05/2026 08:29:05;;Souscription en cours;Coordonnées personnelles;279.31
1122;06/05/2026 08:29:05;;Souscription en cours;Coordonnées personnelles;742.26
1123;06/05/2026 08:26:11;;Dossier refusé;Parcours terminé;415.77
1124;06/05/2026 08:26:11;;Dossier refusé;Parcours terminé;764.40
1125;06/05/2026 08:25:53;;Souscription en cours;Choix de l'offre et livraison;271.85
1126;06/05/2026 08:25:53;;Souscription en cours;Choix de l'offre et livraison;355.31
1127;06/05/2026 08:21:33;;Dossier validé;Parcours terminé;792.54
1128;06/05/2026 08:21:33;;Dossier validé;Parcours terminé;341.17
1129;06/05/2026 08:10:31;;Dossier refusé;Saisie société;798.31
1130;06/05/2026 08:10:31;;Dossier refusé;Saisie société;450.30
1131;06/05/2026 08:05:15;;En attente d'analyse Agent - Dossier avec erreurs;Signature Contrat;480.31
1132;06/05/2026 08:05:15;;En attente d'analyse Agent - Dossier avec erreurs;Signature Contrat;696.31
1133;06/05/2026 07:57:43;;Souscription en cours;Signature Contrat;516.11
1134;06/05/2026 07:57:43;;Souscription en cours;Signature Contrat;807.07
1135;06/05/2026 07:13:37;;Souscription en cours;Vérification d'identité;672.34
1136;06/05/2026 07:13:37;;Souscription en cours;Vérification d'identité;696.71
1137;06/05/2026 06:09:53;;Souscription en cours;Coordonnées personnelles;112.02
1138;06/05/2026 06:09:53;;Souscription en cours;Coordonnées personnelles;947.63
1139;06/05/2026 04:58:36;;Souscription en cours;Signature Contrat;194.11
1140;06/05/2026 04:58:36;;Souscription en cours;Signature Contrat;145.66
1141;06/05/2026 03:16:55;;Souscription en cours;Signature Contrat;292.01
1142;06/05/2026 03:16:55;;Souscription en cours;Signature Contrat;753.80
1143;06/05/2026 03:07:29;Hugo MARTIN;Dossier validé;Parcours terminé;421.39
1144;06/05/2026 03:07:29;Hugo MARTIN;Dossier validé;Parcours terminé;925.04
1145;06/05/2026 03:07:25;;Souscription en cours;Coordonnées personnelles;990.71
1146;06/05/2026 03:07:25;;Souscription en cours;Coordonnées personnelles;954.14
1147;06/05/2026 01:35:54;;Souscription non démarrée;Parcours non démarré;528.42
1148;06/05/2026 01:35:54;;Souscription non démarrée;Parcours non démarré;953.59
1149;06/05/2026 01:16:11;;Dossier refusé;Informations complémentaires (CA, Profession, etc.);796.90
1150;06/05/2026 01:16:11;;Dossier refusé;Informations complémentaires (CA, Profession, etc.);600.28
1151;06/05/2026 01:02:27;;Souscription en cours;Coordonnées personnelles;288.37
1152;06/05/2026 01:02:27;;Souscription en cours;Coordonnées personnelles;679.25
1153;06/05/2026 00:35:02;;Souscription en cours;Coordonnées personnelles;924.30
1154;06/05/2026 00:35:02;;Souscription en cours;Coordonnées personnelles;599.30
1155;06/05/2026 00:00:07;;Dossier validé;Parcours terminé;149.73
1156;06/05/2026 00:00:07;;Dossier validé;Parcours terminé;205.56
1157;05/05/2026 23:58:08;;Souscription en cours;Signature Contrat;193.94
1158;05/05/2026 23:58:08;;Souscription en cours;Signature Contrat;760.54
1159;05/05/2026 23:54:42;;Souscription non démarrée;Parcours non démarré;752.56
1160;05/05/2026 23:54:42;;Souscription non démarrée;Parcours non démarré;364.22
1161;05/05/2026 23:48:16;;Dossier validé;Parcours terminé;944.57
1162;05/05/2026 23:48:16;;Dossier validé;Parcours terminé;320.30
1163;05/05/2026 23:24:28;;Souscription en cours;Informations complémentaires (CA, Profession, etc.);419.88
1164;05/05/2026 23:24:28;;Souscription en cours;Informations complémentaires (CA, Profession, etc.);502.08
1165;05/05/2026 22:45:28;;Souscription en cours;Coordonnées personnelles;472.90
1166;05/05/2026 22:45:28;;Souscription en cours;Coordonnées personnelles;372.98
1167;05/05/2026 22:39:17;;En attente d'analyse Agent - Dossier avec erreurs;Signature Contrat;687.47
1168;05/05/2026 22:39:17;;En attente d'analyse Agent - Dossier avec erreurs;Signature Contrat;381.99
1169;05/05/2026 22:30:23;;Souscription en cours;Informations complémentaires (Etablissements, etc.);384.59
1170;05/05/2026 22:30:23;;Souscription en cours;Informations complémentaires (Etablissements, etc.);266.53
1171;05/05/2026 22:24:33;;Souscription en cours;Choix de l'offre et livraison;471.25
1172;05/05/2026 22:24:33;;Souscription en cours;Choix de l'offre et livraison;228.90
1173;05/05/2026 22:22:41;;Dossier validé;Parcours terminé;207.53
1174;05/05/2026 22:22:41;;Dossier validé;Parcours terminé;161.46
1175;05/05/2026 21:19:23;;Dossier refusé;Signature Contrat;505.23
1176;05/05/2026 21:19:23;;Dossier refusé;Signature Contrat;709.54
1177;05/05/2026 21:12:20;;Dossier refusé;Signature Contrat;405.40
1178;05/05/2026 21:12:20;;Dossier refusé;Signature Contrat;906.11
1179;05/05/2026 20:55:14;;Souscription en cours;Choix de l'offre et livraison;656.68
1180;05/05/2026 20:55:14;;Souscription en cours;Choix de l'offre et livraison;440.11
1181;05/05/2026 20:54:38;;Dossier refusé;Parcours non démarré;574.28
1182;05/05/2026 20:54:38;;Dossier refusé;Parcours non démarré;288.08
1183;05/05/2026 20:39:12;;Souscription en cours;Coordonnées personnelles;437.08
1184;05/05/2026 20:39:12;;Souscription en cours;Coordonnées personnelles;542.18
1185;05/05/2026 20:39:09;;Souscription en cours;Coordonnées personnelles;943.20
1186;05/05/2026 20:39:09;;Souscription en cours;Coordonnées personnelles;278.68
1187;05/05/2026 20:31:47;;Souscription en cours;Coordonnées personnelles;131.76
1188;05/05/2026 20:31:47;;Souscription en cours;Coordonnées personnelles;874.36
1189;05/05/2026 20:27:05;;Souscription non démarrée;Parcours non démarré;628.02
1190;05/05/2026 20:27:05;;Souscription non démarrée;Parcours non démarré;536.89
1191;05/05/2026 20:16:34;;Souscription en cours;Coordonnées personnelles;873.67
1192;05/05/2026 20:16:34;;Souscription en cours;Coordonnées personnelles;898.52
1193;05/05/2026 20:06:31;;Dossier validé;Parcours terminé;175.04
1194;05/05/2026 20:06:31;;Dossier validé;Parcours terminé;170.44
1195;05/05/2026 20:01:48;;Souscription non démarrée;Parcours non démarré;400.75
1196;05/05/2026 20:01:48;;Souscription non démarrée;Parcours non démarré;451.17
1197;05/05/2026 19:54:01;;Dossier validé;Parcours terminé;555.04
1198;05/05/2026 19:54:01;;Dossier validé;Parcours terminé;978.59
1199;05/05/2026 19:48:10;;Dossier refusé;Saisie société;790.83
1200;05/05/2026 19:48:10;;Dossier refusé;Saisie société;363.29
1201;05/05/2026 19:36:49;;Souscription non démarrée;Parcours non démarré;429.15
1202;05/05/2026 19:36:49;;Souscription non démarrée;Parcours non démarré;548.13
1203;05/05/2026 19:21:05;;Dossier refusé;Saisie société;286.95
1204;05/05/2026 19:21:05;;Dossier refusé;Saisie société;274.41
1205;05/05/2026 19:19:46;;Souscription en cours;Coordonnées personnelles;885.87
1206;05/05/2026 19:19:46;;Souscription en cours;Coordonnées personnelles;895.54
1207;05/05/2026 19:16:23;;Souscription en cours;Choix de l'offre et livraison;318.83
1208;05/05/2026 19:16:23;;Souscription en cours;Choix de l'offre et livraison;667.91
1209;05/05/2026 19:12:21;;En attente d'analyse Agent - Dossier avec erreurs;Signature Contrat;777.99
1210;05/05/2026 19:12:21;;En attente d'analyse Agent - Dossier avec erreurs;Signature Contrat;179.07
1211;05/05/2026 19:10:11;;Souscription en cours;Synchronisation référentiel personne NOVA;172.30
1212;05/05/2026 19:10:11;;Souscription en cours;Synchronisation référentiel personne NOVA;271.98
1213;05/05/2026 19:09:11;;Souscription en cours;Vérification d'identité;475.65
1214;05/05/2026 19:09:11;;Souscription en cours;Vérification d'identité;169.04
1215;05/05/2026 18:51:20;;Dossier validé;Parcours terminé;587.59
1216;05/05/2026 18:51:20;;Dossier validé;Parcours terminé;410.20
1217;05/05/2026 18:47:57;;Souscription en cours;Informations complémentaires (CA, Profession, etc.);757.53
1218;05/05/2026 18:47:57;;Souscription en cours;Informations complémentaires (CA, Profession, etc.);184.64
1219;05/05/2026 18:43:00;;Souscription en cours;Coordonnées personnelles;146.75
1220;05/05/2026 18:43:00;;Souscription en cours;Coordonnées personnelles;289.72
1221;05/05/2026 18:36:41;;Souscription en cours;Coordonnées personnelles;164.61
1222;05/05/2026 18:36:41;;Souscription en cours;Coordonnées personnelles;165.55
1223;05/05/2026 18:36:08;;Dossier validé;Parcours terminé;579.71
1224;05/05/2026 18:36:08;;Dossier validé;Parcours terminé;408.27
1225;05/05/2026 18:20:01;;Souscription en cours;Coordonnées personnelles;966.16
1226;05/05/2026 18:20:01;;Souscription en cours;Coordonnées personnelles;913.83
1227;05/05/2026 18:15:53;;Souscription en cours;Choix de l'offre et livraison;550.61
1228;05/05/2026 18:15:53;;Souscription en cours;Choix de l'offre et livraison;806.86
1229;05/05/2026 18:11:59;;Souscription non démarrée;Parcours non démarré;904.99
1230;05/05/2026 18:11:59;;Souscription non démarrée;Parcours non démarré;952.79
1231;05/05/2026 18:02:36;;Souscription en cours;Coordonnées personnelles;600.78
1232;05/05/2026 18:02:36;;Souscription en cours;Coordonnées personnelles;580.49
1233;05/05/2026 17:51:35;;Souscription en cours;Coordonnées personnelles;114.48
1234;05/05/2026 17:51:35;;Souscription en cours;Coordonnées personnelles;749.29
1235;05/05/2026 17:40:09;;Souscription en cours;Informations complémentaires (CA, Profession, etc.);998.64
1236;05/05/2026 17:40:09;;Souscription en cours;Informations complémentaires (CA, Profession, etc.);531.72
1237;05/05/2026 17:40:09;;Souscription en cours;Bénéficiaire effectifs;392.06
1238;05/05/2026 17:40:09;;Souscription en cours;Bénéficiaire effectifs;269.49
1239;05/05/2026 17:29:03;;Dossier validé;Parcours terminé;696.51
1240;05/05/2026 17:29:03;;Dossier validé;Parcours terminé;650.82
1241;05/05/2026 17:28:28;;Souscription non démarrée;Parcours non démarré;559.52
1242;05/05/2026 17:28:28;;Souscription non démarrée;Parcours non démarré;823.17
1243;05/05/2026 17:22:42;;Souscription en cours;Coordonnées personnelles;382.21
1244;05/05/2026 17:22:42;;Souscription en cours;Coordonnées personnelles;483.32
1245;05/05/2026 17:14:02;;Souscription en cours;Coordonnées personnelles;459.26
1246;05/05/2026 17:14:02;;Souscription en cours;Coordonnées personnelles;186.30
1247;05/05/2026 17:08:36;;Souscription en cours;Coordonnées personnelles;826.48
1248;05/05/2026 17:08:36;;Souscription en cours;Coordonnées personnelles;952.68
1249;05/05/2026 17:04:12;;Dossier validé;Parcours terminé;825.14
1250;05/05/2026 17:04:12;;Dossier validé;Parcours terminé;851.88
1251;05/05/2026 17:03:18;Hugo DUBOIS;Dossier validé;Parcours terminé;602.20
1252;05/05/2026 17:03:18;Hugo DUBOIS;Dossier validé;Parcours terminé;220.32
1253;05/05/2026 16:56:24;;Dossier refusé;Vérification d'identité;983.59
1254;05/05/2026 16:56:24;;Dossier refusé;Vérification d'identité;291.08
1255;05/05/2026 16:50:30;;Souscription en cours;Informations complémentaires (CA, Profession, etc.);845.97
1256;05/05/2026 16:50:30;;Souscription en cours;Informations complémentaires (CA, Profession, etc.);432.99
1257;05/05/2026 16:47:59;;Dossier refusé;Saisie société;590.65
1258;05/05/2026 16:47:59;;Dossier refusé;Saisie société;838.63
1259;05/05/2026 16:45:44;;Souscription en cours;Synchronisation référentiel personne NOVA;774.83
1260;05/05/2026 16:45:44;;Souscription en cours;Synchronisation référentiel personne NOVA;698.17
1261;05/05/2026 16:43:46;Hugo DUBOIS;Dossier validé;Parcours terminé;688.39
1262;05/05/2026 16:43:46;Hugo DUBOIS;Dossier validé;Parcours terminé;791.18
1263;05/05/2026 16:41:18;;Souscription en cours;Coordonnées personnelles;523.44
1264;05/05/2026 16:41:18;;Souscription en cours;Coordonnées personnelles;831.64
1265;05/05/2026 16:34:26;;Souscription non démarrée;Parcours non démarré;369.73
1266;05/05/2026 16:34:26;;Souscription non démarrée;Parcours non démarré;874.81
1267;05/05/2026 16:18:29;;Souscription en cours;Vérification d'identité;163.20
1268;05/05/2026 16:18:29;;Souscription en cours;Vérification d'identité;846.43
1269;05/05/2026 16:16:37;;Souscription en cours;Informations complémentaires (CA, Profession, etc.);413.08
1270;05/05/2026 16:16:37;;Souscription en cours;Informations complémentaires (CA, Profession, etc.);806.83
1271;05/05/2026 16:15:03;;Souscription en cours;Informations complémentaires (CA, Profession, etc.);723.34
1272;05/05/2026 16:15:03;;Souscription en cours;Informations complémentaires (CA, Profession, etc.);266.99
1273;05/05/2026 16:05:06;;Souscription en cours;Synchronisation référentiel personne NOVA;618.66
1274;05/05/2026 16:05:06;;Souscription en cours;Synchronisation référentiel personne NOVA;158.71
1275;05/05/2026 15:44:10;;Souscription en cours;Coordonnées personnelles;154.07
1276;05/05/2026 15:44:10;;Souscription en cours;Coordonnées personnelles;755.76
1277;05/05/2026 15:39:17;;Souscription en cours;Coordonnées personnelles;475.80
1278;05/05/2026 15:39:17;;Souscription en cours;Coordonnées personnelles;355.76
1279;05/05/2026 15:37:55;;Dossier validé;Parcours terminé;168.00
1280;05/05/2026 15:37:55;;Dossier validé;Parcours terminé;955.02
1281;05/05/2026 15:25:35;;Dossier validé;Parcours terminé;839.32
1282;05/05/2026 15:25:35;;Dossier validé;Parcours terminé;777.32
1283;05/05/2026 15:24:12;;Souscription en cours;Synchronisation référentiel personne NOVA;145.65
1284;05/05/2026 15:24:12;;Souscription en cours;Synchronisation référentiel personne NOVA;663.04
1285;05/05/2026 15:22:29;Adam LAURENT;Dossier validé;Parcours terminé;919.11
1286;05/05/2026 15:22:29;Adam LAURENT;Dossier validé;Parcours terminé;517.32
1287;05/05/2026 15:20:28;Hugo MARTIN;Dossier validé;Parcours terminé;283.63
1288;05/05/2026 15:20:28;Hugo MARTIN;Dossier validé;Parcours terminé;172.81
1289;05/05/2026 15:09:50;;Souscription en cours;Coordonnées personnelles;506.28
1290;05/05/2026 15:09:50;;Souscription en cours;Coordonnées personnelles;617.54
1291;05/05/2026 15:08:06;;Dossier validé;Parcours terminé;178.56
1292;05/05/2026 15:08:06;;Dossier validé;Parcours terminé;356.40
1293;05/05/2026 15:03:42;;Dossier validé;Parcours terminé;863.50
1294;05/05/2026 15:03:42;;Dossier validé;Parcours terminé;862.50
1295;05/05/2026 14:45:06;;Souscription en cours;Coordonnées personnelles;879.96
1296;05/05/2026 14:45:06;;Souscription en cours;Coordonnées personnelles;802.18
1297;05/05/2026 14:42:16;;Dossier validé;Parcours terminé;243.11
1298;05/05/2026 14:42:16;;Dossier validé;Parcours terminé;845.83
1299;05/05/2026 14:40:59;;Dossier validé;Parcours terminé;584.09
1300;05/05/2026 14:40:59;;Dossier validé;Parcours terminé;934.04
1301;05/05/2026 14:31:52;;Souscription en cours;Coordonnées personnelles;390.50
1302;05/05/2026 14:31:52;;Souscription en cours;Coordonnées personnelles;468.28
1303;05/05/2026 14:23:29;;Souscription en cours;Signature Contrat;499.50
1304;05/05/2026 14:23:29;;Souscription en cours;Signature Contrat;814.39
1305;05/05/2026 14:15:04;;Dossier validé;Parcours terminé;877.28
1306;05/05/2026 14:15:04;;Dossier validé;Parcours terminé;161.12
1307;05/05/2026 14:13:41;;Souscription en cours;Vérification d'identité;809.97
1308;05/05/2026 14:13:41;;Souscription en cours;Vérification d'identité;565.69
1309;05/05/2026 14:13:41;;Dossier validé;Parcours terminé;990.09
1310;05/05/2026 14:13:41;;Dossier validé;Parcours terminé;571.61
1311;05/05/2026 14:10:04;Hugo MARTIN;Dossier validé;Parcours terminé;831.77
1312;05/05/2026 14:10:04;Hugo MARTIN;Dossier validé;Parcours terminé;556.02
1313;05/05/2026 14:05:03;;Dossier validé;Parcours terminé;494.82
1314;05/05/2026 14:05:03;;Dossier validé;Parcours terminé;985.57
1315;05/05/2026 13:53:31;;Dossier validé;Parcours terminé;476.24
1316;05/05/2026 13:53:31;;Dossier validé;Parcours terminé;621.86
1317;05/05/2026 13:50:00;;Dossier refusé;Signature Contrat;206.99
1318;05/05/2026 13:50:00;;Dossier refusé;Signature Contrat;691.88
1319;05/05/2026 13:47:06;;Souscription en cours;Coordonnées personnelles;109.20
1320;05/05/2026 13:47:06;;Souscription en cours;Coordonnées personnelles;659.02
1321;05/05/2026 13:46:07;;En attente d'analyse Agent - Dossier avec erreurs;Signature Contrat;803.51
1322;05/05/2026 13:46:07;;En attente d'analyse Agent - Dossier avec erreurs;Signature Contrat;516.73
1323;05/05/2026 13:37:36;;Souscription non démarrée;Parcours non démarré;161.53
1324;05/05/2026 13:37:36;;Souscription non démarrée;Parcours non démarré;485.30
1325;05/05/2026 13:30:16;;Souscription non démarrée;Parcours non démarré;765.60
1326;05/05/2026 13:30:16;;Souscription non démarrée;Parcours non démarré;529.95
1327;05/05/2026 13:20:23;;Souscription en cours;Coordonnées personnelles;377.59
1328;05/05/2026 13:20:23;;Souscription en cours;Coordonnées personnelles;301.42
1329;05/05/2026 13:14:47;;Souscription en cours;Coordonnées personnelles;444.33
1330;05/05/2026 13:14:47;;Souscription en cours;Coordonnées personnelles;806.56
1331;05/05/2026 13:06:50;;Dossier validé;Parcours terminé;670.89
1332;05/05/2026 13:06:50;;Dossier validé;Parcours terminé;482.29
1333;05/05/2026 12:58:51;;Souscription non démarrée;Parcours non démarré;977.73
1334;05/05/2026 12:58:51;;Souscription non démarrée;Parcours non démarré;753.10
1335;05/05/2026 12:52:07;;Souscription en cours;Vérification d'identité;574.97
1336;05/05/2026 12:52:07;;Souscription en cours;Vérification d'identité;320.38
1337;05/05/2026 12:46:24;;Souscription non démarrée;Parcours non démarré;725.24
1338;05/05/2026 12:46:24;;Souscription non démarrée;Parcours non démarré;146.64
1339;05/05/2026 12:45:28;;Dossier validé;Parcours terminé;845.66
1340;05/05/2026 12:45:28;;Dossier validé;Parcours terminé;815.05
1341;05/05/2026 12:43:14;;Dossier validé;Parcours terminé;454.00
1342;05/05/2026 12:43:14;;Dossier validé;Parcours terminé;246.79
1343;05/05/2026 12:34:38;;Dossier refusé;Saisie société;672.31
1344;05/05/2026 12:34:38;;Dossier refusé;Saisie société;980.66
1345;05/05/2026 12:30:45;;Souscription en cours;Coordonnées personnelles;345.32
1346;05/05/2026 12:30:45;;Souscription en cours;Coordonnées personnelles;975.10
1347;05/05/2026 12:19:26;;Souscription en cours;Choix de l'offre et livraison;605.53
1348;05/05/2026 12:19:26;;Souscription en cours;Choix de l'offre et livraison;656.90
1349;05/05/2026 12:18:48;;Souscription non démarrée;Parcours non démarré;190.70
1350;05/05/2026 12:18:48;;Souscription non démarrée;Parcours non démarré;301.61
1351;05/05/2026 12:10:05;;En attente d'analyse Agent - Dossier avec erreurs;Signature Contrat;745.94
1352;05/05/2026 12:10:05;;En attente d'analyse Agent - Dossier avec erreurs;Signature Contrat;906.01
1353;05/05/2026 12:09:23;;Souscription en cours;Vérification d'identité;196.14
1354;05/05/2026 12:09:23;;Souscription en cours;Vérification d'identité;354.21
1355;05/05/2026 12:04:47;;Souscription en cours;Coordonnées personnelles;331.36
1356;05/05/2026 12:04:47;;Souscription en cours;Coordonnées personnelles;325.29
1357;05/05/2026 12:03:19;;Dossier refusé;Saisie société;432.81
1358;05/05/2026 12:03:19;;Dossier refusé;Saisie société;108.93
1359;05/05/2026 11:52:21;;Souscription en cours;Coordonnées personnelles;284.32
1360;05/05/2026 11:52:21;;Souscription en cours;Coordonnées personnelles;809.02
1361;05/05/2026 11:49:47;;Souscription en cours;Informations complémentaires (Etablissements, etc.);410.86
1362;05/05/2026 11:49:47;;Souscription en cours;Informations complémentaires (Etablissements, etc.);802.71
1363;05/05/2026 11:46:50;;Souscription non démarrée;Parcours non démarré;950.13
1364;05/05/2026 11:46:50;;Souscription non démarrée;Parcours non démarré;851.52
1365;05/05/2026 11:36:54;;En attente d'analyse Agent - Dossier avec erreurs;Signature Contrat;862.53
1366;05/05/2026 11:36:54;;En attente d'analyse Agent - Dossier avec erreurs;Signature Contrat;206.35
1367;05/05/2026 11:36:52;;Dossier validé;Parcours terminé;295.88
1368;05/05/2026 11:36:52;;Dossier validé;Parcours terminé;412.36
1369;05/05/2026 11:31:12;;Dossier validé;Parcours terminé;479.44
1370;05/05/2026 11:31:12;;Dossier validé;Parcours terminé;179.92
1371;05/05/2026 11:23:48;;Souscription en cours;Choix de l'offre et livraison;907.84
1372;05/05/2026 11:23:48;;Souscription en cours;Choix de l'offre et livraison;258.94
1373;05/05/2026 11:23:23;;Souscription en cours;Choix de l'offre et livraison;672.69
1374;05/05/2026 11:23:23;;Souscription en cours;Choix de l'offre et livraison;250.35
1375;05/05/2026 11:17:18;;Souscription en cours;Choix de l'offre et livraison;992.05
1376;05/05/2026 11:17:18;;Souscription en cours;Choix de l'offre et livraison;160.33
1377;05/05/2026 11:11:39;;Dossier validé;Parcours terminé;351.14
1378;05/05/2026 11:11:39;;Dossier validé;Parcours terminé;976.11
1379;05/05/2026 11:07:24;Manon LEFEBVRE;Dossier validé;Parcours terminé;327.24
1380;05/05/2026 11:07:24;Manon LEFEBVRE;Dossier validé;Parcours terminé;499.39
1381;05/05/2026 10:54:33;;Souscription en cours;Vérification d'identité;134.28
1382;05/05/2026 10:54:33;;Souscription en cours;Vérification d'identité;785.09
1383;05/05/2026 10:46:20;;Souscription en cours;Choix de l'offre et livraison;358.07
1384;05/05/2026 10:46:20;;Souscription en cours;Choix de l'offre et livraison;934.40
1385;05/05/2026 10:43:20;;Souscription non démarrée;Parcours non démarré;491.90
1386;05/05/2026 10:43:20;;Souscription non démarrée;Parcours non démarré;986.32
1387;05/05/2026 10:41:56;;Souscription en cours;Coordonnées personnelles;144.76
1388;05/05/2026 10:41:56;;Souscription en cours;Coordonnées personnelles;345.95
1389;05/05/2026 10:39:09;;En attente d'analyse Agent - Dossier avec erreurs;Signature Contrat;488.04
1390;05/05/2026 10:39:09;;En attente d'analyse Agent - Dossier avec erreurs;Signature Contrat;902.17
1391;05/05/2026 10:38:25;;Souscription en cours;Coordonnées personnelles;274.58
1392;05/05/2026 10:38:25;;Souscription en cours;Coordonnées personnelles;877.23
1393;05/05/2026 10:37:07;;Dossier validé;Parcours terminé;406.72
1394;05/05/2026 10:37:07;;Dossier validé;Parcours terminé;112.21
1395;05/05/2026 10:35:22;;Dossier validé;Parcours terminé;765.53
1396;05/05/2026 10:35:22;;Dossier validé;Parcours terminé;726.58
1397;05/05/2026 10:30:33;;Dossier validé;Parcours terminé;520.64
1398;05/05/2026 10:30:33;;Dossier validé;Parcours terminé;330.95
1399;05/05/2026 10:19:28;;Dossier refusé;Signature Contrat;221.71
1400;05/05/2026 10:19:28;;Dossier refusé;Signature Contrat;347.20
1401;05/05/2026 10:14:08;;Dossier validé;Parcours terminé;675.98
1402;05/05/2026 10:14:08;;Dossier validé;Parcours terminé;381.09
1403;05/05/2026 10:11:01;;Souscription non démarrée;Parcours non démarré;385.99
1404;05/05/2026 10:11:01;;Souscription non démarrée;Parcours non démarré;813.84
1405;05/05/2026 10:07:02;;Souscription non démarrée;Parcours non démarré;976.48
1406;05/05/2026 10:07:02;;Souscription non démarrée;Parcours non démarré;205.83
1407;05/05/2026 09:59:17;;Dossier refusé;Saisie société;623.77
1408;05/05/2026 09:59:17;;Dossier refusé;Saisie société;942.57
1409;05/05/2026 09:58:37;;Souscription en cours;Choix de l'offre et livraison;713.20
1410;05/05/2026 09:58:37;;Souscription en cours;Choix de l'offre et livraison;390.65
1411;05/05/2026 09:55:10;;Dossier validé;Parcours terminé;638.65
1412;05/05/2026 09:55:10;;Dossier validé;Parcours terminé;807.83
1413;05/05/2026 09:36:06;;Dossier refusé;Choix de l'offre et livraison;302.86
1414;05/05/2026 09:36:06;;Dossier refusé;Choix de l'offre et livraison;304.77
1415;05/05/2026 09:30:19;;Souscription en cours;Coordonnées personnelles;176.18
1416;05/05/2026 09:30:19;;Souscription en cours;Coordonnées personnelles;239.36
1417;05/05/2026 09:10:04;;Dossier refusé;Saisie société;529.35
1418;05/05/2026 09:10:04;;Dossier refusé;Saisie société;739.51
1419;05/05/2026 08:54:32;;Souscription en cours;Coordonnées personnelles;112.54
1420;05/05/2026 08:54:32;;Souscription en cours;Coordonnées personnelles;581.97
1421;05/05/2026 08:53:36;;Souscription en cours;Signature Contrat;610.85
1422;05/05/2026 08:53:36;;Souscription en cours;Signature Contrat;539.43
1423;05/05/2026 08:34:52;;Souscription en cours;Coordonnées personnelles;239.88
1424;05/05/2026 08:34:52;;Souscription en cours;Coordonnées personnelles;524.70
1425;05/05/2026 08:26:24;Zoé MULLER;Dossier refusé;Saisie société;540.84
1426;05/05/2026 08:26:24;Zoé MULLER;Dossier refusé;Saisie société;993.69
1427;05/05/2026 08:17:17;;Dossier refusé;Saisie société;996.49
1428;05/05/2026 08:17:17;;Dossier refusé;Saisie société;652.12
1429;05/05/2026 08:16:52;;Dossier validé;Parcours terminé;601.69
1430;05/05/2026 08:16:52;;Dossier validé;Parcours terminé;617.97
1431;05/05/2026 08:05:52;;Souscription en cours;Informations complémentaires (CA, Profession, etc.);826.45
1432;05/05/2026 08:05:52;;Souscription en cours;Informations complémentaires (CA, Profession, etc.);224.43
1433;05/05/2026 07:44:33;;Souscription en cours;Coordonnées personnelles;580.27
1434;05/05/2026 07:44:33;;Souscription en cours;Coordonnées personnelles;630.39
1435;05/05/2026 07:41:31;;Souscription non démarrée;Parcours non démarré;414.01
1436;05/05/2026 07:41:31;;Souscription non démarrée;Parcours non démarré;169.74
1437;05/05/2026 07:21:22;;Souscription en cours;Bénéficiaire effectifs;504.23
1438;05/05/2026 07:21:22;;Souscription en cours;Bénéficiaire effectifs;796.21
1439;05/05/2026 07:19:21;;Dossier refusé;Saisie société;769.91
1440;05/05/2026 07:19:21;;Dossier refusé;Saisie société;647.28
1441;05/05/2026 06:54:11;Zoé MULLER;Dossier validé;Parcours terminé;886.61
1442;05/05/2026 06:54:11;Zoé MULLER;Dossier validé;Parcours terminé;195.39
1443;05/05/2026 04:58:51;;Dossier validé;Parcours terminé;509.48
1444;05/05/2026 04:58:51;;Dossier validé;Parcours terminé;674.55
1445;05/05/2026 04:17:14;;En attente d'analyse Agent - Dossier avec erreurs;Signature Contrat;341.97
1446;05/05/2026 04:17:14;;En attente d'analyse Agent - Dossier avec erreurs;Signature Contrat;410.74
1447;05/05/2026 03:40:20;;Souscription en cours;Coordonnées personnelles;321.62
1448;05/05/2026 03:40:20;;Souscription en cours;Coordonnées personnelles;481.61
1449;05/05/2026 02:42:06;;Souscription en cours;Coordonnées personnelles;413.98
1450;05/05/2026 02:42:06;;Souscription en cours;Coordonnées personnelles;425.81
1451;05/05/2026 02:34:50;;Dossier validé;Parcours terminé;227.52
1452;05/05/2026 02:34:50;;Dossier validé;Parcours terminé;182.02
1453;05/05/2026 01:59:20;;Dossier validé;Parcours terminé;696.53
1454;05/05/2026 01:59:20;;Dossier validé;Parcours terminé;573.20
1455;05/05/2026 01:56:34;;Souscription en cours;Coordonnées personnelles;594.25
1456;05/05/2026 01:56:34;;Souscription en cours;Coordonnées personnelles;322.80
1457;05/05/2026 01:50:40;;Souscription non démarrée;Parcours non démarré;149.17
1458;05/05/2026 01:50:40;;Souscription non démarrée;Parcours non démarré;979.46
1459;05/05/2026 01:39:33;;Dossier refusé;Choix de l'offre et livraison;534.05
1460;05/05/2026 01:39:33;;Dossier refusé;Choix de l'offre et livraison;382.96
1461;05/05/2026 01:08:31;;Dossier validé;Parcours terminé;357.49
1462;05/05/2026 01:08:31;;Dossier validé;Parcours terminé;364.84
1463;05/05/2026 01:06:13;Manon LEFEBVRE;Dossier refusé;Saisie société;535.21
1464;05/05/2026 01:06:13;Manon LEFEBVRE;Dossier refusé;Saisie société;721.04
1465;05/05/2026 00:52:24;;Dossier validé;Parcours terminé;465.21
1466;05/05/2026 00:52:24;;Dossier validé;Parcours terminé;970.81
1467;05/05/2026 00:40:53;;Dossier validé;Parcours terminé;853.56
1468;05/05/2026 00:40:53;;Dossier validé;Parcours terminé;730.27
1469;05/05/2026 00:40:01;;Souscription en cours;Coordonnées personnelles;609.23
1470;05/05/2026 00:40:01;;Souscription en cours;Coordonnées personnelles;703.45
1471;04/05/2026 23:04:00;;Dossier validé;Parcours terminé;646.07
1472;04/05/2026 23:04:00;;Dossier validé;Parcours terminé;840.02
1473;04/05/2026 22:42:47;;Souscription en cours;Signature Contrat;399.31
1474;04/05/2026 22:42:47;;Souscription en cours;Signature Contrat;380.85
1475;04/05/2026 22:41:43;;Souscription en cours;Vérification d'identité;542.76
1476;04/05/2026 22:41:43;;Souscription en cours;Vérification d'identité;461.56
1477;04/05/2026 22:23:24;;Souscription non démarrée;Parcours non démarré;811.11
1478;04/05/2026 22:23:24;;Souscription non démarrée;Parcours non démarré;654.44
1479;04/05/2026 22:14:34;;Dossier validé;Parcours terminé;926.95
1480;04/05/2026 22:14:34;;Dossier validé;Parcours terminé;560.77
1481;04/05/2026 21:49:41;;Dossier validé;Parcours terminé;138.92
1482;04/05/2026 21:49:41;;Dossier validé;Parcours terminé;551.51
1483;04/05/2026 21:43:54;;Souscription non démarrée;Parcours non démarré;202.23
1484;04/05/2026 21:43:54;;Souscription non démarrée;Parcours non démarré;952.13
1485;04/05/2026 21:41:49;;Souscription en cours;Coordonnées personnelles;402.37
1486;04/05/2026 21:41:49;;Souscription en cours;Coordonnées personnelles;578.06
1487;04/05/2026 21:41:10;;Souscription en cours;Choix de l'offre et livraison;732.76
1488;04/05/2026 21:41:10;;Souscription en cours;Choix de l'offre et livraison;326.24
1489;04/05/2026 21:38:02;;Dossier refusé;Informations complémentaires (Etablissements, etc.);726.18
1490;04/05/2026 21:38:02;;Dossier refusé;Informations complémentaires (Etablissements, etc.);257.16
1491;04/05/2026 21:35:57;Hugo MARTIN;Dossier refusé;Saisie société;230.60
1492;04/05/2026 21:35:57;Hugo MARTIN;Dossier refusé;Saisie société;409.86
1493;04/05/2026 20:55:34;;Dossier validé;Parcours terminé;499.22
1494;04/05/2026 20:55:34;;Dossier validé;Parcours terminé;998.51
1495;04/05/2026 20:54:31;;Souscription en cours;Coordonnées personnelles;832.33
1496;04/05/2026 20:54:31;;Souscription en cours;Coordonnées personnelles;937.40
1497;04/05/2026 20:51:15;;Dossier validé;Parcours terminé;695.06
1498;04/05/2026 20:51:15;;Dossier validé;Parcours terminé;640.33
1499;04/05/2026 20:19:00;;Souscription non démarrée;Parcours non démarré;432.18
1500;04/05/2026 20:19:00;;Souscription non démarrée;Parcours non démarré;285.63
1501;04/05/2026 19:52:45;;Souscription en cours;Vérification d'identité;822.66
1502;04/05/2026 19:52:45;;Souscription en cours;Vérification d'identité;431.00
1503;04/05/2026 19:45:50;;Souscription en cours;Vérification d'identité;460.75
1504;04/05/2026 19:45:50;;Souscription en cours;Vérification d'identité;111.87
1505;04/05/2026 19:44:13;Hugo MARTIN;Dossier refusé;Saisie société;154.64
1506;04/05/2026 19:44:13;Hugo MARTIN;Dossier refusé;Saisie société;148.75
1507;04/05/2026 19:40:46;;Souscription en cours;Choix de l'offre et livraison;193.88
1508;04/05/2026 19:40:46;;Souscription en cours;Choix de l'offre et livraison;996.18
1509;04/05/2026 19:24:27;;Dossier validé;Parcours terminé;955.86
1510;04/05/2026 19:24:27;;Dossier validé;Parcours terminé;879.75
1511;04/05/2026 19:23:32;;Souscription en cours;Coordonnées personnelles;551.44
1512;04/05/2026 19:23:32;;Souscription en cours;Coordonnées personnelles;153.25
1513;04/05/2026 19:20:38;;Souscription non démarrée;Parcours non démarré;416.34
1514;04/05/2026 19:20:38;;Souscription non démarrée;Parcours non démarré;561.60
1515;04/05/2026 18:28:56;;Dossier validé;Parcours terminé;496.54
1516;04/05/2026 18:28:56;;Dossier validé;Parcours terminé;745.03
1517;04/05/2026 18:28:35;;Dossier refusé;Saisie société;677.53
1518;04/05/2026 18:28:35;;Dossier refusé;Saisie société;135.73
1519;04/05/2026 18:27:06;;Souscription en cours;Choix de l'offre et livraison;803.20
1520;04/05/2026 18:27:06;;Souscription en cours;Choix de l'offre et livraison;136.54
1521;04/05/2026 18:14:03;;Dossier validé;Parcours terminé;797.47
1522;04/05/2026 18:14:03;;Dossier validé;Parcours terminé;679.26
1523;04/05/2026 18:12:47;;Souscription en cours;Coordonnées personnelles;459.66
1524;04/05/2026 18:12:47;;Souscription en cours;Coordonnées personnelles;999.25
1525;04/05/2026 17:59:37;;Souscription en cours;Choix de l'offre et livraison;634.12
1526;04/05/2026 17:59:37;;Souscription en cours;Choix de l'offre et livraison;128.75
1527;04/05/2026 17:52:31;;Souscription non démarrée;Parcours non démarré;665.28
1528;04/05/2026 17:52:31;;Souscription non démarrée;Parcours non démarré;348.00
1529;04/05/2026 17:47:50;;Dossier refusé;Saisie société;673.48
1530;04/05/2026 17:47:50;;Dossier refusé;Saisie société;573.52
1531;04/05/2026 17:41:08;;Souscription en cours;Choix de l'offre et livraison;960.44
1532;04/05/2026 17:41:08;;Souscription en cours;Choix de l'offre et livraison;286.68
1533;04/05/2026 17:39:33;;Dossier validé;Parcours terminé;418.95
1534;04/05/2026 17:39:33;;Dossier validé;Parcours terminé;384.78
1535;04/05/2026 17:24:17;;Souscription en cours;Choix de l'offre et livraison;498.52
1536;04/05/2026 17:24:17;;Souscription en cours;Choix de l'offre et livraison;499.83
1537;04/05/2026 17:23:08;;Souscription en cours;Coordonnées personnelles;919.50
1538;04/05/2026 17:23:08;;Souscription en cours;Coordonnées personnelles;711.85
1539;04/05/2026 17:18:45;;Souscription en cours;Coordonnées personnelles;683.72
1540;04/05/2026 17:18:45;;Souscription en cours;Coordonnées personnelles;331.53
1541;04/05/2026 17:03:58;;Souscription en cours;Choix de l'offre et livraison;730.61
1542;04/05/2026 17:03:58;;Souscription en cours;Choix de l'offre et livraison;850.44
1543;04/05/2026 16:49:55;;Souscription en cours;Coordonnées personnelles;421.30
1544;04/05/2026 16:49:55;;Souscription en cours;Coordonnées personnelles;278.85
1545;04/05/2026 16:31:49;;Souscription en cours;Coordonnées personnelles;351.33
1546;04/05/2026 16:31:49;;Souscription en cours;Coordonnées personnelles;538.11
1547;04/05/2026 16:27:29;Hugo DUBOIS;Dossier validé;Parcours terminé;856.87
1548;04/05/2026 16:27:29;Hugo DUBOIS;Dossier validé;Parcours terminé;926.53
1549;04/05/2026 16:21:32;;Souscription en cours;Coordonnées personnelles;790.26
1550;04/05/2026 16:21:32;;Souscription en cours;Coordonnées personnelles;412.82
1551;04/05/2026 16:18:45;;Dossier validé;Parcours terminé;662.34
1552;04/05/2026 16:18:45;;Dossier validé;Parcours terminé;858.84
1553;04/05/2026 16:11:48;;Dossier refusé;Saisie société;504.35
1554;04/05/2026 16:11:48;;Dossier refusé;Saisie société;307.84
1555;04/05/2026 15:51:19;;Souscription en cours;Coordonnées personnelles;612.09
1556;04/05/2026 15:51:19;;Souscription en cours;Coordonnées personnelles;896.64
1557;04/05/2026 15:50:39;;Dossier refusé;Saisie société;676.41
1558;04/05/2026 15:50:39;;Dossier refusé;Saisie société;150.60
1559;04/05/2026 15:49:20;;Dossier validé;Parcours terminé;765.93
1560;04/05/2026 15:49:20;;Dossier validé;Parcours terminé;296.91
1561;04/05/2026 15:46:34;;Dossier refusé;Saisie société;596.68
1562;04/05/2026 15:46:34;;Dossier refusé;Saisie société;510.24
1563;04/05/2026 15:45:13;;Dossier refusé;Signature Contrat;549.18
1564;04/05/2026 15:45:13;;Dossier refusé;Signature Contrat;937.78
1565;04/05/2026 15:36:35;;Dossier validé;Parcours terminé;931.19
1566;04/05/2026 15:36:35;;Dossier validé;Parcours terminé;772.62
1567;04/05/2026 15:29:15;;Dossier validé;Parcours terminé;880.25
1568;04/05/2026 15:29:15;;Dossier validé;Parcours terminé;101.27
1569;04/05/2026 15:27:12;;En attente d'analyse Agent - Dossier avec erreurs;Signature Contrat;783.33
1570;04/05/2026 15:27:12;;En attente d'analyse Agent - Dossier avec erreurs;Signature Contrat;861.99
1571;04/05/2026 15:24:35;;Dossier refusé;Bénéficiaire effectifs;451.43
1572;04/05/2026 15:24:35;;Dossier refusé;Bénéficiaire effectifs;831.20
1573;04/05/2026 15:24:21;;Souscription non démarrée;Parcours non démarré;933.65
1574;04/05/2026 15:24:21;;Souscription non démarrée;Parcours non démarré;838.27
1575;04/05/2026 15:23:05;Hugo MARTIN;Dossier refusé;Saisie société;713.86
1576;04/05/2026 15:23:05;Hugo MARTIN;Dossier refusé;Saisie société;283.33
1577;04/05/2026 14:51:51;;Souscription en cours;Signature Contrat;558.61
1578;04/05/2026 14:51:51;;Souscription en cours;Signature Contrat;728.86
1579;04/05/2026 14:44:57;;En attente d'analyse Agent - Dossier avec erreurs;Signature Contrat;222.25
1580;04/05/2026 14:44:57;;En attente d'analyse Agent - Dossier avec erreurs;Signature Contrat;497.36
1581;04/05/2026 14:41:42;;Dossier refusé;Signature Contrat;904.85
1582;04/05/2026 14:41:42;;Dossier refusé;Signature Contrat;332.21
1583;04/05/2026 14:41:03;Hugo MARTIN;Dossier refusé;Saisie société;474.96
1584;04/05/2026 14:41:03;Hugo MARTIN;Dossier refusé;Saisie société;417.86
1585;04/05/2026 14:28:00;;Dossier validé;Parcours terminé;139.45
1586;04/05/2026 14:28:00;;Dossier validé;Parcours terminé;510.73
1587;04/05/2026 14:26:49;;Dossier validé;Parcours terminé;987.85
1588;04/05/2026 14:26:49;;Dossier validé;Parcours terminé;879.09
1589;04/05/2026 14:25:34;;Souscription en cours;Coordonnées personnelles;564.15
1590;04/05/2026 14:25:34;;Souscription en cours;Coordonnées personnelles;282.63
1591;04/05/2026 14:13:51;;Dossier validé;Parcours terminé;513.11
1592;04/05/2026 14:13:51;;Dossier validé;Parcours terminé;326.62
1593;04/05/2026 14:07:15;;Dossier refusé;Signature Contrat;768.52
1594;04/05/2026 14:07:15;;Dossier refusé;Signature Contrat;660.54
1595;04/05/2026 14:06:51;;Souscription non démarrée;Parcours non démarré;362.31
1596;04/05/2026 14:06:51;;Souscription non démarrée;Parcours non démarré;450.96
1597;04/05/2026 13:49:43;;Souscription en cours;Informations complémentaires (CA, Profession, etc.);399.68
1598;04/05/2026 13:49:43;;Souscription en cours;Informations complémentaires (CA, Profession, etc.);797.43
1599;04/05/2026 13:24:22;;Souscription non démarrée;Parcours non démarré;955.90
1600;04/05/2026 13:24:22;;Souscription non démarrée;Parcours non démarré;884.70
1601;04/05/2026 13:17:02;;Souscription non démarrée;Parcours non démarré;582.98
1602;04/05/2026 13:17:02;;Souscription non démarrée;Parcours non démarré;333.66
1603;04/05/2026 13:10:43;;Dossier validé;Parcours terminé;121.16
1604;04/05/2026 13:10:43;;Dossier validé;Parcours terminé;670.92
1605;04/05/2026 12:44:22;;Souscription en cours;Coordonnées personnelles;469.07
1606;04/05/2026 12:44:22;;Souscription en cours;Coordonnées personnelles;204.86
1607;04/05/2026 12:24:28;;Dossier validé;Parcours terminé;454.87
1608;04/05/2026 12:24:28;;Dossier validé;Parcours terminé;912.17
1609;04/05/2026 12:03:25;;Souscription en cours;Coordonnées personnelles;302.60
1610;04/05/2026 12:03:25;;Souscription en cours;Coordonnées personnelles;829.73
1611;04/05/2026 11:54:54;;Souscription en cours;Coordonnées personnelles;244.04
1612;04/05/2026 11:54:54;;Souscription en cours;Coordonnées personnelles;973.40
1613;04/05/2026 11:50:44;;Souscription en cours;Informations complémentaires (Etablissements, etc.);821.90
1614;04/05/2026 11:50:44;;Souscription en cours;Informations complémentaires (Etablissements, etc.);789.93
1615;04/05/2026 11:46:55;;Dossier validé;Parcours terminé;165.11
1616;04/05/2026 11:46:55;;Dossier validé;Parcours terminé;160.11
1617;04/05/2026 11:31:33;;Dossier validé;Parcours terminé;287.98
1618;04/05/2026 11:31:33;;Dossier validé;Parcours terminé;194.07
1619;04/05/2026 11:19:58;;Souscription en cours;Choix de l'offre et livraison;695.97
1620;04/05/2026 11:19:58;;Souscription en cours;Choix de l'offre et livraison;476.31
1621;04/05/2026 11:14:28;;Dossier validé;Parcours terminé;568.38
1622;04/05/2026 11:14:28;;Dossier validé;Parcours terminé;189.42
1623;04/05/2026 11:11:40;;Souscription en cours;Signature Contrat;789.21
1624;04/05/2026 11:11:40;;Souscription en cours;Signature Contrat;243.32
1625;04/05/2026 11:03:42;;Dossier validé;Parcours terminé;506.98
1626;04/05/2026 11:03:42;;Dossier validé;Parcours terminé;885.47
1627;04/05/2026 11:00:21;;Dossier validé;Parcours terminé;733.42
1628;04/05/2026 11:00:21;;Dossier validé;Parcours terminé;886.59
1629;04/05/2026 10:51:38;Adam MARTIN;Dossier validé;Parcours terminé;685.74
1630;04/05/2026 10:51:38;Adam MARTIN;Dossier validé;Parcours terminé;217.73
1631;04/05/2026 10:46:55;;Souscription en cours;Coordonnées personnelles;115.53
1632;04/05/2026 10:46:55;;Souscription en cours;Coordonnées personnelles;294.39
1633;04/05/2026 10:38:23;;Dossier refusé;Saisie société;270.26
1634;04/05/2026 10:38:23;;Dossier refusé;Saisie société;450.60
1635;04/05/2026 10:35:32;;Souscription en cours;Coordonnées personnelles;554.78
1636;04/05/2026 10:35:32;;Souscription en cours;Coordonnées personnelles;172.11
1637;04/05/2026 10:34:18;;Dossier validé;Parcours terminé;348.56
1638;04/05/2026 10:34:18;;Dossier validé;Parcours terminé;434.96
1639;04/05/2026 10:33:30;Zoé MULLER;Dossier validé;Parcours terminé;614.87
1640;04/05/2026 10:33:30;Zoé MULLER;Dossier validé;Parcours terminé;839.63
1641;04/05/2026 10:12:38;;Dossier refusé;Saisie société;278.53
1642;04/05/2026 10:12:38;;Dossier refusé;Saisie société;970.36
1643;04/05/2026 10:08:02;;Dossier validé;Parcours terminé;483.13
1644;04/05/2026 10:08:02;;Dossier validé;Parcours terminé;495.50
1645;04/05/2026 09:55:18;;Souscription en cours;Signature Contrat;146.95
1646;04/05/2026 09:55:18;;Souscription en cours;Signature Contrat;547.16
1647;04/05/2026 09:53:07;;Dossier refusé;Parcours non démarré;604.56
1648;04/05/2026 09:53:07;;Dossier refusé;Parcours non démarré;820.85
1649;04/05/2026 09:44:53;;Dossier validé;Parcours terminé;270.56
1650;04/05/2026 09:44:53;;Dossier validé;Parcours terminé;567.82
1651;04/05/2026 09:41:43;;Dossier validé;Parcours terminé;466.67
1652;04/05/2026 09:41:43;;Dossier validé;Parcours terminé;508.91
1653;04/05/2026 09:32:20;;Dossier validé;Parcours terminé;316.05
1654;04/05/2026 09:32:20;;Dossier validé;Parcours terminé;673.84
1655;04/05/2026 09:08:41;;Souscription en cours;Informations complémentaires (Etablissements, etc.);451.80
1656;04/05/2026 09:08:41;;Souscription en cours;Informations complémentaires (Etablissements, etc.);963.30
1657;04/05/2026 09:02:42;;Dossier validé;Parcours terminé;173.54
1658;04/05/2026 09:02:42;;Dossier validé;Parcours terminé;149.66
1659;04/05/2026 08:52:20;;Souscription non démarrée;Parcours non démarré;454.16
1660;04/05/2026 08:52:20;;Souscription non démarrée;Parcours non démarré;616.64
1661;04/05/2026 08:42:31;;Dossier validé;Parcours terminé;333.38
1662;04/05/2026 08:42:31;;Dossier validé;Parcours terminé;469.01
1663;04/05/2026 08:20:59;;Dossier validé;Parcours terminé;677.11
1664;04/05/2026 08:20:59;;Dossier validé;Parcours terminé;277.03
1665;04/05/2026 07:20:17;;Souscription en cours;Choix de l'offre et livraison;354.98
1666;04/05/2026 07:20:17;;Souscription en cours;Choix de l'offre et livraison;447.18
1667;04/05/2026 06:04:59;;Dossier refusé;Bénéficiaire effectifs;891.76
1668;04/05/2026 06:04:59;;Dossier refusé;Bénéficiaire effectifs;552.58
1669;04/05/2026 06:02:53;;Dossier validé;Parcours terminé;309.17
1670;04/05/2026 06:02:53;;Dossier validé;Parcours terminé;701.60
1671;04/05/2026 05:54:32;;Dossier refusé;Signature Contrat;221.49
1672;04/05/2026 05:54:32;;Dossier refusé;Signature Contrat;879.07
1673;04/05/2026 04:04:42;;Souscription en cours;Coordonnées personnelles;354.04
1674;04/05/2026 04:04:42;;Souscription en cours;Coordonnées personnelles;465.57
1675;04/05/2026 00:40:04;;Dossier refusé;Signature Contrat;634.98
1676;04/05/2026 00:40:04;;Dossier refusé;Signature Contrat;859.92
1677;04/05/2026 00:18:18;;Souscription en cours;Coordonnées personnelles;759.75
1678;04/05/2026 00:18:18;;Souscription en cours;Coordonnées personnelles;247.01
1679;04/05/2026 00:04:33;Manon LEFEBVRE;Dossier refusé;Saisie société;687.36
1680;04/05/2026 00:04:33;Manon LEFEBVRE;Dossier refusé;Saisie société;128.29
1681;03/05/2026 23:46:07;;Souscription en cours;Choix de l'offre et livraison;710.55
1682;03/05/2026 23:46:07;;Souscription en cours;Choix de l'offre et livraison;718.71
1683;03/05/2026 23:18:14;;Dossier validé;Parcours terminé;116.80
1684;03/05/2026 23:18:14;;Dossier validé;Parcours terminé;354.75
1685;03/05/2026 22:55:30;;Dossier validé;Parcours terminé;340.24
1686;03/05/2026 22:55:30;;Dossier validé;Parcours terminé;940.71
1687;03/05/2026 21:55:15;;Souscription en cours;Vérification d'identité;121.62
1688;03/05/2026 21:55:15;;Souscription en cours;Vérification d'identité;247.25
1689;03/05/2026 21:51:55;;Souscription en cours;Coordonnées personnelles;421.36
1690;03/05/2026 21:51:55;;Souscription en cours;Coordonnées personnelles;750.76
1691;03/05/2026 21:49:40;;Dossier refusé;Saisie société;120.78
1692;03/05/2026 21:49:40;;Dossier refusé;Saisie société;383.45
1693;03/05/2026 21:40:43;;Souscription non démarrée;Parcours non démarré;919.75
1694;03/05/2026 21:40:43;;Souscription non démarrée;Parcours non démarré;974.15
1695;03/05/2026 21:27:08;;Souscription en cours;Choix de l'offre et livraison;536.42
1696;03/05/2026 21:27:08;;Souscription en cours;Choix de l'offre et livraison;481.88
1697;03/05/2026 21:15:23;;Dossier validé;Parcours terminé;521.22
1698;03/05/2026 21:15:23;;Dossier validé;Parcours terminé;810.44
1699;03/05/2026 20:58:18;;Dossier validé;Parcours terminé;157.20
1700;03/05/2026 20:58:18;;Dossier validé;Parcours terminé;624.47
1701;03/05/2026 20:42:30;;Souscription non démarrée;Parcours non démarré;750.51
1702;03/05/2026 20:42:30;;Souscription non démarrée;Parcours non démarré;776.92
1703;03/05/2026 20:32:13;Hugo MARTIN;Dossier validé;Parcours terminé;842.50
1704;03/05/2026 20:32:13;Hugo MARTIN;Dossier validé;Parcours terminé;526.60
1705;03/05/2026 20:29:42;;Dossier refusé;Saisie société;533.73
1706;03/05/2026 20:29:42;;Dossier refusé;Saisie société;387.98
1707;03/05/2026 19:46:15;;Dossier validé;Parcours terminé;749.12
1708;03/05/2026 19:46:15;;Dossier validé;Parcours terminé;423.75
1709;03/05/2026 19:24:44;Adam MARTIN;Dossier validé;Parcours terminé;309.96
1710;03/05/2026 19:24:44;Adam MARTIN;Dossier validé;Parcours terminé;598.50
1711;03/05/2026 19:23:58;;Dossier validé;Parcours terminé;652.63
1712;03/05/2026 19:23:58;;Dossier validé;Parcours terminé;484.58
1713;03/05/2026 18:59:21;;Souscription en cours;Coordonnées personnelles;655.83
1714;03/05/2026 18:59:21;;Souscription en cours;Coordonnées personnelles;586.17
1715;03/05/2026 18:49:10;;Dossier validé;Parcours terminé;749.71
1716;03/05/2026 18:49:10;;Dossier validé;Parcours terminé;151.69
1717;03/05/2026 18:37:44;;Souscription en cours;Coordonnées personnelles;464.63
1718;03/05/2026 18:37:44;;Souscription en cours;Coordonnées personnelles;905.17
1719;03/05/2026 18:27:04;;Souscription non démarrée;Parcours non démarré;491.81
1720;03/05/2026 18:27:04;;Souscription non démarrée;Parcours non démarré;837.81
1721;03/05/2026 17:48:46;;Souscription en cours;Choix de l'offre et livraison;331.34
1722;03/05/2026 17:48:46;;Souscription en cours;Choix de l'offre et livraison;524.97
1723;03/05/2026 17:35:09;;Souscription en cours;Coordonnées personnelles;195.19
1724;03/05/2026 17:35:09;;Souscription en cours;Coordonnées personnelles;153.42
1725;03/05/2026 17:32:48;;En attente d'analyse Agent - Dossier avec erreurs;Signature Contrat;340.34
1726;03/05/2026 17:32:48;;En attente d'analyse Agent - Dossier avec erreurs;Signature Contrat;777.89
1727;03/05/2026 17:31:13;;Dossier refusé;Saisie société;955.10
1728;03/05/2026 17:31:13;;Dossier refusé;Saisie société;859.73
1729;03/05/2026 17:19:14;;Souscription en cours;Signature Contrat;322.86
1730;03/05/2026 17:19:14;;Souscription en cours;Signature Contrat;995.45
1731;03/05/2026 17:10:19;;Dossier refusé;Saisie société;538.49
1732;03/05/2026 17:10:19;;Dossier refusé;Saisie société;962.83
1733;03/05/2026 17:03:22;Rayan MICHEL;Dossier refusé;Saisie société;206.09
1734;03/05/2026 17:03:22;Rayan MICHEL;Dossier refusé;Saisie société;801.75
1735;03/05/2026 16:37:42;;Dossier validé;Parcours terminé;562.59
1736;03/05/2026 16:37:42;;Dossier validé;Parcours terminé;707.19
1737;03/05/2026 16:24:54;;Souscription en cours;Coordonnées personnelles;880.14
1738;03/05/2026 16:24:54;;Souscription en cours;Coordonnées personnelles;568.12
1739;03/05/2026 15:59:48;;Souscription non démarrée;Parcours non démarré;391.58
1740;03/05/2026 15:59:48;;Souscription non démarrée;Parcours non démarré;450.25
1741;03/05/2026 15:53:05;Z5681453;Dossier refusé;Signature Contrat;657.99
1742;03/05/2026 15:53:05;Z5681453;Dossier refusé;Signature Contrat;426.69
1743;03/05/2026 15:42:43;;Souscription en cours;Coordonnées personnelles;154.31
1744;03/05/2026 15:42:43;;Souscription en cours;Coordonnées personnelles;753.52
1745;03/05/2026 15:42:41;;En attente d'analyse Agent - Dossier avec erreurs;Signature Contrat;613.64
1746;03/05/2026 15:42:41;;En attente d'analyse Agent - Dossier avec erreurs;Signature Contrat;831.80
1747;03/05/2026 15:12:07;;Souscription non démarrée;Parcours non démarré;606.70
1748;03/05/2026 15:12:07;;Souscription non démarrée;Parcours non démarré;910.46
1749;03/05/2026 15:10:23;;Dossier validé;Parcours terminé;432.85
1750;03/05/2026 15:10:23;;Dossier validé;Parcours terminé;672.54
1751;03/05/2026 14:55:25;;Souscription en cours;Signature Contrat;116.42
1752;03/05/2026 14:55:25;;Souscription en cours;Signature Contrat;696.76
1753;03/05/2026 14:42:25;;Souscription en cours;Coordonnées personnelles;208.87
1754;03/05/2026 14:42:25;;Souscription en cours;Coordonnées personnelles;241.51
1755;03/05/2026 14:42:23;;Dossier validé;Parcours terminé;492.83
1756;03/05/2026 14:42:23;;Dossier validé;Parcours terminé;399.15
1757;03/05/2026 14:27:11;;Dossier validé;Parcours terminé;502.65
1758;03/05/2026 14:27:11;;Dossier validé;Parcours terminé;259.02
1759;03/05/2026 14:22:51;;Dossier validé;Parcours terminé;965.85
1760;03/05/2026 14:22:51;;Dossier validé;Parcours terminé;728.60
1761;03/05/2026 14:22:27;;Dossier validé;Parcours terminé;713.28
1762;03/05/2026 14:22:27;;Dossier validé;Parcours terminé;502.53
1763;03/05/2026 14:12:52;;Souscription non démarrée;Parcours non démarré;703.91
1764;03/05/2026 14:12:52;;Souscription non démarrée;Parcours non démarré;514.60
1765;03/05/2026 13:52:40;;Souscription non démarrée;Parcours non démarré;174.11
1766;03/05/2026 13:52:40;;Souscription non démarrée;Parcours non démarré;218.74
1767;03/05/2026 13:52:36;;Souscription non démarrée;Parcours non démarré;132.39
1768;03/05/2026 13:52:36;;Souscription non démarrée;Parcours non démarré;410.84
1769;03/05/2026 13:48:48;;Dossier validé;Parcours terminé;176.20
1770;03/05/2026 13:48:48;;Dossier validé;Parcours terminé;465.10
1771;03/05/2026 12:51:02;;Souscription en cours;Informations complémentaires (Etablissements, etc.);238.12
1772;03/05/2026 12:51:02;;Souscription en cours;Informations complémentaires (Etablissements, etc.);496.43
1773;03/05/2026 12:49:35;;Souscription en cours;Coordonnées personnelles;900.49
1774;03/05/2026 12:49:35;;Souscription en cours;Coordonnées personnelles;694.98
1775;03/05/2026 12:44:17;;Dossier validé;Parcours terminé;739.35
1776;03/05/2026 12:44:17;;Dossier validé;Parcours terminé;448.25
1777;03/05/2026 12:34:29;;Dossier refusé;Signature Contrat;948.75
1778;03/05/2026 12:34:29;;Dossier refusé;Signature Contrat;812.16
1779;03/05/2026 12:27:44;;En attente d'analyse Agent - Dossier avec erreurs;Signature Contrat;317.90
1780;03/05/2026 12:27:44;;En attente d'analyse Agent - Dossier avec erreurs;Signature Contrat;764.23
1781;03/05/2026 12:18:07;;Souscription en cours;Coordonnées personnelles;624.00
1782;03/05/2026 12:18:07;;Souscription en cours;Coordonnées personnelles;996.38
1783;03/05/2026 12:16:42;;Dossier validé;Parcours terminé;172.38
1784;03/05/2026 12:16:42;;Dossier validé;Parcours terminé;284.87
1785;03/05/2026 12:09:04;;Souscription en cours;Synchronisation référentiel personne NOVA;372.95
1786;03/05/2026 12:09:04;;Souscription en cours;Synchronisation référentiel personne NOVA;410.34
1787;03/05/2026 12:03:25;;Souscription en cours;Choix de l'offre et livraison;929.77
1788;03/05/2026 12:03:25;;Souscription en cours;Choix de l'offre et livraison;632.75
1789;03/05/2026 11:51:24;Adam LAURENT;Dossier validé;Parcours terminé;767.55
1790;03/05/2026 11:51:24;Adam LAURENT;Dossier validé;Parcours terminé;798.74
1791;03/05/2026 11:48:44;;Dossier validé;Parcours terminé;334.12
1792;03/05/2026 11:48:44;;Dossier validé;Parcours terminé;372.15
1793;03/05/2026 11:47:03;;Souscription non démarrée;Parcours non démarré;134.78
1794;03/05/2026 11:47:03;;Souscription non démarrée;Parcours non démarré;956.82
1795;03/05/2026 11:35:08;;Dossier validé;Parcours terminé;355.63
1796;03/05/2026 11:35:08;;Dossier validé;Parcours terminé;922.26
1797;03/05/2026 11:32:30;;Souscription en cours;Coordonnées personnelles;264.68
1798;03/05/2026 11:32:30;;Souscription en cours;Coordonnées personnelles;693.93
1799;03/05/2026 11:24:31;;Dossier validé;Parcours terminé;899.67
1800;03/05/2026 11:24:31;;Dossier validé;Parcours terminé;364.11
1801;03/05/2026 11:23:09;;Souscription en cours;Signature Contrat;926.61
1802;03/05/2026 11:23:09;;Souscription en cours;Signature Contrat;720.77
1803;03/05/2026 11:09:56;Manon LEFEBVRE;Dossier refusé;Signature Contrat;631.26
1804;03/05/2026 11:09:56;Manon LEFEBVRE;Dossier refusé;Signature Contrat;111.22
1805;03/05/2026 11:09:17;;Dossier validé;Parcours terminé;546.68
1806;03/05/2026 11:09:17;;Dossier validé;Parcours terminé;149.35
1807;03/05/2026 11:02:42;;Dossier validé;Parcours terminé;800.73
1808;03/05/2026 11:02:42;;Dossier validé;Parcours terminé;300.16
1809;03/05/2026 10:58:44;;Dossier validé;Parcours terminé;839.13
1810;03/05/2026 10:58:44;;Dossier validé;Parcours terminé;991.47
1811;03/05/2026 10:42:45;Hugo MARTIN;Dossier refusé;Choix de l'offre et livraison;203.81
1812;03/05/2026 10:42:45;Hugo MARTIN;Dossier refusé;Choix de l'offre et livraison;693.29
1813;03/05/2026 10:41:12;;Dossier validé;Parcours terminé;635.21
1814;03/05/2026 10:41:12;;Dossier validé;Parcours terminé;473.60
1815;03/05/2026 10:37:42;;Souscription en cours;Choix de l'offre et livraison;489.40
1816;03/05/2026 10:37:42;;Souscription en cours;Choix de l'offre et livraison;868.27
1817;03/05/2026 10:32:37;;Dossier validé;Parcours terminé;373.42
1818;03/05/2026 10:32:37;;Dossier validé;Parcours terminé;439.02
1819;03/05/2026 10:29:04;;Souscription en cours;Vérification d'identité;515.88
1820;03/05/2026 10:29:04;;Souscription en cours;Vérification d'identité;524.09
1821;03/05/2026 10:24:28;;Souscription en cours;Coordonnées personnelles;483.17
1822;03/05/2026 10:24:28;;Souscription en cours;Coordonnées personnelles;861.48
1823;03/05/2026 10:22:41;;Dossier refusé;Saisie société;706.74
1824;03/05/2026 10:22:41;;Dossier refusé;Saisie société;491.57
1825;03/05/2026 10:13:04;;Souscription en cours;Coordonnées personnelles;203.53
1826;03/05/2026 10:13:04;;Souscription en cours;Coordonnées personnelles;428.60
1827;03/05/2026 10:00:48;;Souscription en cours;Vérification d'identité;816.12
1828;03/05/2026 10:00:48;;Souscription en cours;Vérification d'identité;226.86
1829;03/05/2026 09:39:43;;Dossier validé;Parcours terminé;498.10
1830;03/05/2026 09:39:43;;Dossier validé;Parcours terminé;765.71
1831;03/05/2026 09:20:13;;Souscription en cours;Informations complémentaires (CA, Profession, etc.);528.70
1832;03/05/2026 09:20:13;;Souscription en cours;Informations complémentaires (CA, Profession, etc.);362.07
1833;03/05/2026 09:17:49;;Souscription en cours;Choix de l'offre et livraison;735.79
1834;03/05/2026 09:17:49;;Souscription en cours;Choix de l'offre et livraison;874.05
1835;03/05/2026 08:47:20;;Souscription en cours;Choix de l'offre et livraison;979.94
1836;03/05/2026 08:47:20;;Souscription en cours;Choix de l'offre et livraison;835.40
1837;03/05/2026 08:25:23;;Souscription en cours;Coordonnées personnelles;330.49
1838;03/05/2026 08:25:23;;Souscription en cours;Coordonnées personnelles;930.23
1839;03/05/2026 08:04:57;;Dossier validé;Parcours terminé;775.51
1840;03/05/2026 08:04:57;;Dossier validé;Parcours terminé;505.27
1841;03/05/2026 08:02:20;;Souscription en cours;Vérification d'identité;502.04
1842;03/05/2026 08:02:20;;Souscription en cours;Vérification d'identité;522.01
1843;03/05/2026 07:56:53;;Souscription en cours;Choix de l'offre et livraison;384.78
1844;03/05/2026 07:56:53;;Souscription en cours;Choix de l'offre et livraison;343.22
1845;03/05/2026 07:49:30;;Dossier refusé;Signature Contrat;229.92
1846;03/05/2026 07:49:30;;Dossier refusé;Signature Contrat;380.44
1847;03/05/2026 04:29:44;;Dossier validé;Parcours terminé;178.92
1848;03/05/2026 04:29:44;;Dossier validé;Parcours terminé;403.18
1849;03/05/2026 03:08:34;;Dossier validé;Parcours terminé;757.28
1850;03/05/2026 03:08:34;;Dossier validé;Parcours terminé;586.42
1851;03/05/2026 03:07:24;;Souscription en cours;Signature Contrat;233.85
1852;03/05/2026 03:07:24;;Souscription en cours;Signature Contrat;566.20
1853;03/05/2026 02:31:55;;Dossier validé;Parcours terminé;463.00
1854;03/05/2026 02:31:55;;Dossier validé;Parcours terminé;875.55
1855;03/05/2026 01:35:21;;Souscription en cours;Synchronisation référentiel personne NOVA;527.49
1856;03/05/2026 01:35:21;;Souscription en cours;Synchronisation référentiel personne NOVA;289.01
1857;03/05/2026 00:35:18;;Souscription en cours;Synchronisation référentiel personne NOVA;990.17
1858;03/05/2026 00:35:18;;Souscription en cours;Synchronisation référentiel personne NOVA;742.46
1859;03/05/2026 00:10:47;;Dossier refusé;Saisie société;218.98
1860;03/05/2026 00:10:47;;Dossier refusé;Saisie société;615.30
1861;03/05/2026 00:02:57;;Dossier validé;Parcours terminé;141.42
1862;03/05/2026 00:02:57;;Dossier validé;Parcours terminé;795.01
