Numéro;Date de création;Responsable;Statut;Étape en cours;Valeur
1;24/05/2026 22:58:41;;Souscription en cours;Signature Contrat;483.12
2;24/05/2026 22:58:41;;Souscription en cours;Signature Contrat;311.66
3;24/05/2026 22:20:16;;Souscription non démarrée;Parcours non démarré;405.88
4;24/05/2026 22:20:16;;Souscription non démarrée;Parcours non démarré;550.70
5;24/05/2026 22:19:54;;Souscription en cours;Coordonnées personnelles;845.97
6;24/05/2026 22:19:54;;Souscription en cours;Coordonnées personnelles;496.87
7;24/05/2026 22:16:07;;Souscription en cours;Vérification d'identité;943.17
8;24/05/2026 22:16:07;;Souscription en cours;Vérification d'identité;774.73
9;24/05/2026 20:36:32;;Souscription en cours;Coordonnées personnelles;103.42
10;24/05/2026 20:36:32;;Souscription en cours;Coordonnées personnelles;859.66
11;24/05/2026 20:33:10;;Souscription en cours;Vérification d'identité;298.08
12;24/05/2026 20:33:10;;Souscription en cours;Vérification d'identité;172.79
13;24/05/2026 20:24:40;;Souscription en cours;Coordonnées personnelles;453.59
14;24/05/2026 20:24:40;;Souscription en cours;Coordonnées personnelles;254.09
15;24/05/2026 19:46:43;;Souscription en cours;Signature Contrat;358.73
16;24/05/2026 19:46:43;;Souscription en cours;Signature Contrat;610.08
17;24/05/2026 19:23:11;;Souscription en cours;Vérification d'identité;284.00
18;24/05/2026 19:23:11;;Souscription en cours;Vérification d'identité;698.10
19;24/05/2026 19:07:36;;En attente d'analyse Agent - Dossier avec erreurs;Signature Contrat;279.17
20;24/05/2026 19:07:36;;En attente d'analyse Agent - Dossier avec erreurs;Signature Contrat;148.80
21;24/05/2026 19:03:39;;Souscription en cours;Coordonnées personnelles;460.43
22;24/05/2026 19:03:39;;Souscription en cours;Coordonnées personnelles;296.56
23;24/05/2026 19:02:53;;Souscription en cours;Vérification d'identité;724.59
24;24/05/2026 19:02:53;;Souscription en cours;Vérification d'identité;856.30
25;24/05/2026 19:02:06;;Souscription en cours;Signature Contrat;755.23
26;24/05/2026 19:02:06;;Souscription en cours;Signature Contrat;585.72
27;24/05/2026 19:01:16;;Souscription en cours;Vérification d'identité;433.98
28;24/05/2026 19:01:16;;Souscription en cours;Vérification d'identité;364.44
29;24/05/2026 17:44:14;;Souscription en cours;Choix de l'offre et livraison;909.73
30;24/05/2026 17:44:14;;Souscription en cours;Choix de l'offre et livraison;818.44
31;24/05/2026 17:29:40;;Souscription en cours;Coordonnées personnelles;638.61
32;24/05/2026 17:29:40;;Souscription en cours;Coordonnées personnelles;189.55
33;24/05/2026 17:22:16;;Souscription en cours;Coordonnées personnelles;832.44
34;24/05/2026 17:22:16;;Souscription en cours;Coordonnées personnelles;348.77
35;24/05/2026 17:03:24;;Souscription en cours;Coordonnées personnelles;904.71
36;24/05/2026 17:03:24;;Souscription en cours;Coordonnées personnelles;996.58
37;24/05/2026 16:44:12;;Souscription en cours;Criblages BE(s);240.30
38;24/05/2026 16:44:12;;Souscription en cours;Criblages BE(s);374.71
39;24/05/2026 16:39:39;;Souscription en cours;Informations complémentaires (Etablissements, etc.);829.43
40;24/05/2026 16:39:39;;Souscription en cours;Informations complémentaires (Etablissements, etc.);924.86
41;24/05/2026 16:36:05;;Souscription en cours;Coordonnées personnelles;208.15
42;24/05/2026 16:36:05;;Souscription en cours;Coordonnées personnelles;985.00
43;24/05/2026 16:21:54;;Souscription en cours;Informations complémentaires (CA, Profession, etc.);173.92
44;24/05/2026 16:21:54;;Souscription en cours;Informations complémentaires (CA, Profession, etc.);969.41
45;24/05/2026 16:17:11;;Souscription en cours;Coordonnées personnelles;173.49
46;24/05/2026 16:17:11;;Souscription en cours;Coordonnées personnelles;382.22
47;24/05/2026 16:07:01;;Souscription en cours;Coordonnées personnelles;687.32
48;24/05/2026 16:07:01;;Souscription en cours;Coordonnées personnelles;237.66
49;24/05/2026 16:03:07;;Souscription en cours;Informations complémentaires (Etablissements, etc.);927.36
50;24/05/2026 16:03:07;;Souscription en cours;Informations complémentaires (Etablissements, etc.);894.90
51;24/05/2026 16:01:28;;Souscription en cours;Signature Contrat;651.57
52;24/05/2026 16:01:28;;Souscription en cours;Signature Contrat;713.82
53;24/05/2026 15:59:11;;Souscription en cours;Signature Contrat;891.62
54;24/05/2026 15:59:11;;Souscription en cours;Signature Contrat;121.48
55;24/05/2026 15:49:56;;Souscription en cours;Coordonnées personnelles;583.02
56;24/05/2026 15:49:56;;Souscription en cours;Coordonnées personnelles;944.70
57;24/05/2026 15:34:05;;Souscription en cours;Choix de l'offre et livraison;675.68
58;24/05/2026 15:34:05;;Souscription en cours;Choix de l'offre et livraison;655.79
59;24/05/2026 15:20:34;;Souscription en cours;Choix de l'offre et livraison;258.54
60;24/05/2026 15:20:34;;Souscription en cours;Choix de l'offre et livraison;153.27
61;24/05/2026 15:10:32;;Souscription en cours;Synchronisation référentiel personne NOVA;122.16
62;24/05/2026 15:10:32;;Souscription en cours;Synchronisation référentiel personne NOVA;612.84
63;24/05/2026 15:08:44;;Souscription en cours;Choix de l'offre et livraison;139.34
64;24/05/2026 15:08:44;;Souscription en cours;Choix de l'offre et livraison;867.62
65;24/05/2026 15:08:03;;Souscription en cours;Coordonnées personnelles;106.43
66;24/05/2026 15:08:03;;Souscription en cours;Coordonnées personnelles;961.46
67;24/05/2026 15:01:51;;En attente d'analyse Agent - Dossier avec erreurs;Signature Contrat;129.02
68;24/05/2026 15:01:51;;En attente d'analyse Agent - Dossier avec erreurs;Signature Contrat;260.19
69;24/05/2026 14:36:20;;Souscription en cours;Coordonnées personnelles;150.91
70;24/05/2026 14:36:20;;Souscription en cours;Coordonnées personnelles;524.30
71;24/05/2026 14:35:10;;Souscription en cours;Signature Contrat;836.53
72;24/05/2026 14:35:10;;Souscription en cours;Signature Contrat;257.83
73;24/05/2026 14:33:16;;Souscription en cours;Bénéficiaire effectifs;369.23
74;24/05/2026 14:33:16;;Souscription en cours;Bénéficiaire effectifs;234.53
75;24/05/2026 14:25:59;;Souscription en cours;Synchronisation référentiel personne NOVA;940.11
76;24/05/2026 14:25:59;;Souscription en cours;Synchronisation référentiel personne NOVA;762.24
77;24/05/2026 14:23:25;;Souscription en cours;Coordonnées personnelles;540.98
78;24/05/2026 14:23:25;;Souscription en cours;Coordonnées personnelles;229.05
79;24/05/2026 13:06:05;;Souscription en cours;Choix de l'offre et livraison;949.46
80;24/05/2026 13:06:05;;Souscription en cours;Choix de l'offre et livraison;769.21
81;24/05/2026 12:57:23;;Souscription en cours;Synchronisation référentiel personne NOVA;634.37
82;24/05/2026 12:57:23;;Souscription en cours;Synchronisation référentiel personne NOVA;876.56
83;24/05/2026 12:53:13;;Souscription en cours;Informations complémentaires (CA, Profession, etc.);939.50
84;24/05/2026 12:53:13;;Souscription en cours;Informations complémentaires (CA, Profession, etc.);193.13
85;24/05/2026 12:47:05;;En attente d'analyse Agent - Dossier avec erreurs;Signature Contrat;994.95
86;24/05/2026 12:47:05;;En attente d'analyse Agent - Dossier avec erreurs;Signature Contrat;821.99
87;24/05/2026 12:35:31;;Souscription non démarrée;Parcours non démarré;488.20
88;24/05/2026 12:35:31;;Souscription non démarrée;Parcours non démarré;525.92
89;24/05/2026 12:27:52;;Souscription en cours;Coordonnées personnelles;755.38
90;24/05/2026 12:27:52;;Souscription en cours;Coordonnées personnelles;531.00
91;24/05/2026 12:20:47;;En attente d'analyse Agent - Dossier avec erreurs;Signature Contrat;712.29
92;24/05/2026 12:20:47;;En attente d'analyse Agent - Dossier avec erreurs;Signature Contrat;829.78
93;24/05/2026 12:04:56;;Souscription en cours;Coordonnées personnelles;750.31
94;24/05/2026 12:04:56;;Souscription en cours;Coordonnées personnelles;365.13
95;24/05/2026 11:38:26;;Souscription non démarrée;Parcours non démarré;779.28
96;24/05/2026 11:38:26;;Souscription non démarrée;Parcours non démarré;318.78
97;24/05/2026 11:29:03;;En attente d'analyse Agent - Dossier avec erreurs;Signature Contrat;756.25
98;24/05/2026 11:29:03;;En attente d'analyse Agent - Dossier avec erreurs;Signature Contrat;417.00
99;24/05/2026 11:23:23;;Souscription non démarrée;Parcours non démarré;282.01
100;24/05/2026 11:23:23;;Souscription non démarrée;Parcours non démarré;656.30
101;24/05/2026 11:01:09;;Souscription en cours;Coordonnées personnelles;694.20
102;24/05/2026 11:01:09;;Souscription en cours;Coordonnées personnelles;736.94
103;24/05/2026 11:00:52;;Souscription non démarrée;Parcours non démarré;505.38
104;24/05/2026 11:00:52;;Souscription non démarrée;Parcours non démarré;482.29
105;24/05/2026 11:00:45;;Souscription en cours;Coordonnées personnelles;294.47
106;24/05/2026 11:00:45;;Souscription en cours;Coordonnées personnelles;143.63
107;24/05/2026 10:46:42;;Souscription en cours;Coordonnées personnelles;592.72
108;24/05/2026 10:46:42;;Souscription en cours;Coordonnées personnelles;476.81
109;24/05/2026 10:39:31;;Souscription en cours;Coordonnées personnelles;190.41
110;24/05/2026 10:39:31;;Souscription en cours;Coordonnées personnelles;201.98
111;24/05/2026 10:34:18;;En attente d'analyse Agent - Dossier avec erreurs;Signature Contrat;867.44
112;24/05/2026 10:34:18;;En attente d'analyse Agent - Dossier avec erreurs;Signature Contrat;555.42
113;24/05/2026 10:31:50;;Souscription en cours;Signature Contrat;527.72
114;24/05/2026 10:31:50;;Souscription en cours;Signature Contrat;557.86
115;24/05/2026 10:31:37;;Souscription en cours;Informations complémentaires (CA, Profession, etc.);395.44
116;24/05/2026 10:31:37;;Souscription en cours;Informations complémentaires (CA, Profession, etc.);332.17
117;24/05/2026 10:31:35;;Souscription en cours;Coordonnées personnelles;329.56
118;24/05/2026 10:31:35;;Souscription en cours;Coordonnées personnelles;171.48
119;24/05/2026 10:18:12;;Souscription en cours;Criblages BE(s);930.85
120;24/05/2026 10:18:12;;Souscription en cours;Criblages BE(s);648.89
121;24/05/2026 10:08:12;;Souscription en cours;Choix de l'offre et livraison;740.87
122;24/05/2026 10:08:12;;Souscription en cours;Choix de l'offre et livraison;873.81
123;24/05/2026 10:07:13;;En attente d'analyse Agent - Dossier avec erreurs;Signature Contrat;671.46
124;24/05/2026 10:07:13;;En attente d'analyse Agent - Dossier avec erreurs;Signature Contrat;296.14
125;24/05/2026 10:06:47;;En attente d'analyse Agent - Dossier avec erreurs;Signature Contrat;488.85
126;24/05/2026 10:06:47;;En attente d'analyse Agent - Dossier avec erreurs;Signature Contrat;896.92
127;24/05/2026 09:47:56;;Souscription en cours;Vérification d'identité;480.72
128;24/05/2026 09:47:56;;Souscription en cours;Vérification d'identité;736.95
129;24/05/2026 09:40:17;;Souscription en cours;Coordonnées personnelles;722.31
130;24/05/2026 09:40:17;;Souscription en cours;Coordonnées personnelles;252.52
131;24/05/2026 08:47:15;;Souscription non démarrée;Parcours non démarré;607.75
132;24/05/2026 08:47:15;;Souscription non démarrée;Parcours non démarré;715.70
133;24/05/2026 08:04:55;;Souscription en cours;Choix de l'offre et livraison;946.73
134;24/05/2026 08:04:55;;Souscription en cours;Choix de l'offre et livraison;902.67
135;24/05/2026 08:00:06;;Souscription en cours;Coordonnées personnelles;504.27
136;24/05/2026 08:00:06;;Souscription en cours;Coordonnées personnelles;367.13
137;24/05/2026 07:50:03;;Souscription en cours;Coordonnées personnelles;606.80
138;24/05/2026 07:50:03;;Souscription en cours;Coordonnées personnelles;795.35
139;24/05/2026 03:43:27;;Souscription en cours;Choix de l'offre et livraison;106.15
140;24/05/2026 03:43:27;;Souscription en cours;Choix de l'offre et livraison;718.97
141;24/05/2026 02:35:37;;Souscription en cours;Coordonnées personnelles;733.63
142;24/05/2026 02:35:37;;Souscription en cours;Coordonnées personnelles;812.11
143;24/05/2026 01:45:47;;Souscription en cours;Vérification d'identité;436.92
144;24/05/2026 01:45:47;;Souscription en cours;Vérification d'identité;378.03
145;24/05/2026 00:30:25;;Souscription en cours;Informations complémentaires (CA, Profession, etc.);381.23
146;24/05/2026 00:30:25;;Souscription en cours;Informations complémentaires (CA, Profession, etc.);993.25
147;24/05/2026 00:09:12;;Souscription en cours;Vérification d'identité;246.70
148;24/05/2026 00:09:12;;Souscription en cours;Vérification d'identité;786.39
149;24/05/2026 00:06:26;;Souscription en cours;Coordonnées personnelles;364.83
150;24/05/2026 00:06:26;;Souscription en cours;Coordonnées personnelles;920.05
151;23/05/2026 23:54:40;Manon LEFEBVRE;Dossier refusé;Saisie société;139.69
152;23/05/2026 23:54:40;Manon LEFEBVRE;Dossier refusé;Saisie société;390.48
153;23/05/2026 23:42:22;;Souscription en cours;Coordonnées personnelles;455.57
154;23/05/2026 23:42:22;;Souscription en cours;Coordonnées personnelles;923.46
155;23/05/2026 22:38:15;;Souscription en cours;Vérification d'identité;942.99
156;23/05/2026 22:38:15;;Souscription en cours;Vérification d'identité;204.38
157;23/05/2026 22:36:04;;Souscription en cours;Bénéficiaire effectifs;700.24
158;23/05/2026 22:36:04;;Souscription en cours;Bénéficiaire effectifs;606.22
159;23/05/2026 22:29:47;;Souscription en cours;Signature Contrat;100.84
160;23/05/2026 22:29:47;;Souscription en cours;Signature Contrat;790.61
161;23/05/2026 22:26:08;;Dossier validé;Parcours terminé;762.04
162;23/05/2026 22:26:08;;Dossier validé;Parcours terminé;232.73
163;23/05/2026 22:25:02;;Souscription non démarrée;Parcours non démarré;908.04
164;23/05/2026 22:25:02;;Souscription non démarrée;Parcours non démarré;788.47
165;23/05/2026 21:21:24;;Dossier refusé;Signature Contrat;447.82
166;23/05/2026 21:21:24;;Dossier refusé;Signature Contrat;863.20
167;23/05/2026 21:07:16;;Souscription en cours;Informations complémentaires (CA, Profession, etc.);930.44
168;23/05/2026 21:07:16;;Souscription en cours;Informations complémentaires (CA, Profession, etc.);643.70
169;23/05/2026 20:55:07;;En attente d'analyse Agent - Dossier avec erreurs;Signature Contrat;984.12
170;23/05/2026 20:55:07;;En attente d'analyse Agent - Dossier avec erreurs;Signature Contrat;156.96
171;23/05/2026 20:29:28;;Souscription en cours;Coordonnées personnelles;729.63
172;23/05/2026 20:29:28;;Souscription en cours;Coordonnées personnelles;958.80
173;23/05/2026 20:28:25;;Souscription en cours;Choix de l'offre et livraison;160.23
174;23/05/2026 20:28:25;;Souscription en cours;Choix de l'offre et livraison;494.94
175;23/05/2026 20:27:48;;Souscription en cours;Vérification d'identité;316.61
176;23/05/2026 20:27:48;;Souscription en cours;Vérification d'identité;575.97
177;23/05/2026 20:24:35;;Dossier validé;Parcours terminé;773.70
178;23/05/2026 20:24:35;;Dossier validé;Parcours terminé;569.26
179;23/05/2026 20:22:12;;Dossier validé;Parcours terminé;120.21
180;23/05/2026 20:22:12;;Dossier validé;Parcours terminé;171.66
181;23/05/2026 20:08:28;;Dossier validé;Parcours terminé;142.28
182;23/05/2026 20:08:28;;Dossier validé;Parcours terminé;841.58
183;23/05/2026 19:55:53;;Souscription en cours;Coordonnées personnelles;921.25
184;23/05/2026 19:55:53;;Souscription en cours;Coordonnées personnelles;488.59
185;23/05/2026 19:26:08;;Souscription en cours;Coordonnées personnelles;866.50
186;23/05/2026 19:26:08;;Souscription en cours;Coordonnées personnelles;191.06
187;23/05/2026 19:14:07;;Souscription en cours;Coordonnées personnelles;515.41
188;23/05/2026 19:14:07;;Souscription en cours;Coordonnées personnelles;939.00
189;23/05/2026 19:12:23;;Souscription en cours;Vérification d'identité;992.50
190;23/05/2026 19:12:23;;Souscription en cours;Vérification d'identité;391.56
191;23/05/2026 19:05:14;;Dossier refusé;Saisie société;562.45
192;23/05/2026 19:05:14;;Dossier refusé;Saisie société;973.29
193;23/05/2026 18:50:11;;Souscription en cours;Choix de l'offre et livraison;280.21
194;23/05/2026 18:50:11;;Souscription en cours;Choix de l'offre et livraison;126.97
195;23/05/2026 18:46:52;;En attente d'analyse Agent - Dossier avec erreurs;Signature Contrat;345.18
196;23/05/2026 18:46:52;;En attente d'analyse Agent - Dossier avec erreurs;Signature Contrat;144.70
197;23/05/2026 17:57:35;;Souscription non démarrée;Parcours non démarré;336.51
198;23/05/2026 17:57:35;;Souscription non démarrée;Parcours non démarré;781.78
199;23/05/2026 17:46:09;;Dossier validé;Parcours terminé;767.72
200;23/05/2026 17:46:09;;Dossier validé;Parcours terminé;903.19
201;23/05/2026 17:46:06;;Souscription en cours;Signature Contrat;835.48
202;23/05/2026 17:46:06;;Souscription en cours;Signature Contrat;963.60
203;23/05/2026 17:36:50;;Dossier validé;Parcours terminé;568.28
204;23/05/2026 17:36:50;;Dossier validé;Parcours terminé;698.54
205;23/05/2026 17:36:17;;Souscription non démarrée;Parcours non démarré;428.59
206;23/05/2026 17:36:17;;Souscription non démarrée;Parcours non démarré;826.10
207;23/05/2026 17:24:52;;Souscription en cours;Choix de l'offre et livraison;318.57
208;23/05/2026 17:24:52;;Souscription en cours;Choix de l'offre et livraison;751.31
209;23/05/2026 17:17:44;;Souscription en cours;Signature Contrat;873.37
210;23/05/2026 17:17:44;;Souscription en cours;Signature Contrat;732.47
211;23/05/2026 17:17:25;;Souscription en cours;Vérification d'identité;741.77
212;23/05/2026 17:17:25;;Souscription en cours;Vérification d'identité;907.27
213;23/05/2026 16:45:38;;Souscription en cours;Coordonnées personnelles;613.82
214;23/05/2026 16:45:38;;Souscription en cours;Coordonnées personnelles;163.79
215;23/05/2026 16:40:41;;En attente d'analyse Agent - Dossier avec erreurs;Signature Contrat;475.65
216;23/05/2026 16:40:41;;En attente d'analyse Agent - Dossier avec erreurs;Signature Contrat;639.92
217;23/05/2026 16:40:34;;En attente d'analyse Agent - Dossier avec erreurs;Signature Contrat;423.16
218;23/05/2026 16:40:34;;En attente d'analyse Agent - Dossier avec erreurs;Signature Contrat;496.37
219;23/05/2026 16:26:37;;Dossier refusé;Choix de l'offre et livraison;230.59
220;23/05/2026 16:26:37;;Dossier refusé;Choix de l'offre et livraison;223.95
221;23/05/2026 16:24:27;;En attente d'analyse Agent - Dossier avec erreurs;Signature Contrat;250.27
222;23/05/2026 16:24:27;;En attente d'analyse Agent - Dossier avec erreurs;Signature Contrat;785.10
223;23/05/2026 16:19:27;;Souscription en cours;Choix de l'offre et livraison;852.48
224;23/05/2026 16:19:27;;Souscription en cours;Choix de l'offre et livraison;550.80
225;23/05/2026 16:11:09;;Souscription en cours;Choix de l'offre et livraison;813.01
226;23/05/2026 16:11:09;;Souscription en cours;Choix de l'offre et livraison;422.83
227;23/05/2026 15:59:48;;Dossier refusé;Bénéficiaire effectifs;397.51
228;23/05/2026 15:59:48;;Dossier refusé;Bénéficiaire effectifs;805.20
229;23/05/2026 15:52:09;;Souscription en cours;Coordonnées personnelles;167.22
230;23/05/2026 15:52:09;;Souscription en cours;Coordonnées personnelles;780.88
231;23/05/2026 15:18:37;;Souscription en cours;Vérification d'identité;598.63
232;23/05/2026 15:18:37;;Souscription en cours;Vérification d'identité;468.63
233;23/05/2026 15:04:31;;Souscription en cours;Coordonnées personnelles;613.04
234;23/05/2026 15:04:31;;Souscription en cours;Coordonnées personnelles;394.31
235;23/05/2026 15:00:21;;Dossier validé;Parcours terminé;461.67
236;23/05/2026 15:00:21;;Dossier validé;Parcours terminé;684.59
237;23/05/2026 14:59:41;;En attente d'analyse Agent - Dossier avec erreurs;Signature Contrat;424.57
238;23/05/2026 14:59:41;;En attente d'analyse Agent - Dossier avec erreurs;Signature Contrat;289.77
239;23/05/2026 14:25:55;;Souscription en cours;Signature Contrat;314.60
240;23/05/2026 14:25:55;;Souscription en cours;Signature Contrat;553.70
241;23/05/2026 14:22:11;;Souscription en cours;Coordonnées personnelles;145.09
242;23/05/2026 14:22:11;;Souscription en cours;Coordonnées personnelles;452.81
243;23/05/2026 14:20:57;;Souscription en cours;Coordonnées personnelles;502.21
244;23/05/2026 14:20:57;;Souscription en cours;Coordonnées personnelles;886.21
245;23/05/2026 13:54:43;;Souscription en cours;Signature Contrat;971.85
246;23/05/2026 13:54:43;;Souscription en cours;Signature Contrat;903.32
247;23/05/2026 13:43:47;;Souscription en cours;Choix de l'offre et livraison;464.28
248;23/05/2026 13:43:47;;Souscription en cours;Choix de l'offre et livraison;645.22
249;23/05/2026 13:38:01;;Souscription en cours;Coordonnées personnelles;527.09
250;23/05/2026 13:38:01;;Souscription en cours;Coordonnées personnelles;258.41
251;23/05/2026 13:13:37;;Souscription en cours;Coordonnées personnelles;400.71
252;23/05/2026 13:13:37;;Souscription en cours;Coordonnées personnelles;264.11
253;23/05/2026 12:57:28;;Souscription en cours;Choix de l'offre et livraison;283.39
254;23/05/2026 12:57:28;;Souscription en cours;Choix de l'offre et livraison;220.02
255;23/05/2026 12:53:45;;Souscription en cours;Bénéficiaire effectifs;768.26
256;23/05/2026 12:53:45;;Souscription en cours;Bénéficiaire effectifs;656.45
257;23/05/2026 12:47:32;;Dossier refusé;Saisie société;333.72
258;23/05/2026 12:47:32;;Dossier refusé;Saisie société;362.63
259;23/05/2026 12:38:57;;Souscription en cours;Choix de l'offre et livraison;300.15
260;23/05/2026 12:38:57;;Souscription en cours;Choix de l'offre et livraison;743.41
261;23/05/2026 12:38:01;;Souscription en cours;Informations complémentaires (Etablissements, etc.);662.97
262;23/05/2026 12:38:01;;Souscription en cours;Informations complémentaires (Etablissements, etc.);882.22
263;23/05/2026 12:36:08;;Souscription en cours;Vérification d'identité;338.95
264;23/05/2026 12:36:08;;Souscription en cours;Vérification d'identité;303.99
265;23/05/2026 12:34:22;;En attente d'analyse Agent - Dossier avec erreurs;Signature Contrat;928.70
266;23/05/2026 12:34:22;;En attente d'analyse Agent - Dossier avec erreurs;Signature Contrat;109.52
267;23/05/2026 12:19:31;;Dossier validé;Parcours terminé;196.23
268;23/05/2026 12:19:31;;Dossier validé;Parcours terminé;976.66
269;23/05/2026 12:17:23;;Souscription en cours;Choix de l'offre et livraison;161.55
270;23/05/2026 12:17:23;;Souscription en cours;Choix de l'offre et livraison;533.15
271;23/05/2026 12:15:17;;Souscription non démarrée;Parcours non démarré;711.93
272;23/05/2026 12:15:17;;Souscription non démarrée;Parcours non démarré;107.23
273;23/05/2026 12:13:01;;Souscription en cours;Coordonnées personnelles;352.45
274;23/05/2026 12:13:01;;Souscription en cours;Coordonnées personnelles;296.63
275;23/05/2026 11:59:57;;Souscription en cours;Vérification d'identité;258.44
276;23/05/2026 11:59:57;;Souscription en cours;Vérification d'identité;428.62
277;23/05/2026 11:57:04;;Dossier validé;Parcours terminé;193.89
278;23/05/2026 11:57:04;;Dossier validé;Parcours terminé;504.14
279;23/05/2026 11:55:43;;Souscription en cours;Coordonnées personnelles;995.68
280;23/05/2026 11:55:43;;Souscription en cours;Coordonnées personnelles;896.67
281;23/05/2026 11:54:57;;Souscription en cours;Signature Contrat;439.96
282;23/05/2026 11:54:57;;Souscription en cours;Signature Contrat;326.77
283;23/05/2026 11:53:44;;Souscription en cours;Informations complémentaires (CA, Profession, etc.);361.77
284;23/05/2026 11:53:44;;Souscription en cours;Informations complémentaires (CA, Profession, etc.);463.41
285;23/05/2026 11:51:59;;Souscription non démarrée;Parcours non démarré;911.47
286;23/05/2026 11:51:59;;Souscription non démarrée;Parcours non démarré;632.61
287;23/05/2026 11:47:43;;En attente d'analyse Agent - Dossier avec erreurs;Signature Contrat;731.90
288;23/05/2026 11:47:43;;En attente d'analyse Agent - Dossier avec erreurs;Signature Contrat;640.15
289;23/05/2026 11:41:03;;En attente d'analyse Agent - Dossier sans erreur;Parcours terminé;111.31
290;23/05/2026 11:41:03;;En attente d'analyse Agent - Dossier sans erreur;Parcours terminé;903.11
291;23/05/2026 11:38:25;;Souscription non démarrée;Parcours non démarré;398.92
292;23/05/2026 11:38:25;;Souscription non démarrée;Parcours non démarré;713.93
293;23/05/2026 11:28:10;;Dossier refusé;Saisie société;326.30
294;23/05/2026 11:28:10;;Dossier refusé;Saisie société;219.25
295;23/05/2026 11:22:10;;Souscription en cours;Coordonnées personnelles;847.73
296;23/05/2026 11:22:10;;Souscription en cours;Coordonnées personnelles;145.92
297;23/05/2026 11:02:21;;Souscription en cours;Coordonnées personnelles;577.98
298;23/05/2026 11:02:21;;Souscription en cours;Coordonnées personnelles;837.76
299;23/05/2026 11:01:59;;Dossier refusé;Signature Contrat;749.23
300;23/05/2026 11:01:59;;Dossier refusé;Signature Contrat;839.74
301;23/05/2026 11:00:45;;Souscription en cours;Coordonnées personnelles;685.86
302;23/05/2026 11:00:45;;Souscription en cours;Coordonnées personnelles;869.85
303;23/05/2026 10:53:53;;Souscription en cours;Choix de l'offre et livraison;806.91
304;23/05/2026 10:53:53;;Souscription en cours;Choix de l'offre et livraison;798.50
305;23/05/2026 10:52:46;;Dossier refusé;Bénéficiaire effectifs;721.93
306;23/05/2026 10:52:46;;Dossier refusé;Bénéficiaire effectifs;407.08
307;23/05/2026 10:26:49;;Souscription en cours;Signature Contrat;402.38
308;23/05/2026 10:26:49;;Souscription en cours;Signature Contrat;396.47
309;23/05/2026 10:26:31;;Souscription en cours;Choix de l'offre et livraison;948.38
310;23/05/2026 10:26:31;;Souscription en cours;Choix de l'offre et livraison;809.29
311;23/05/2026 10:12:29;;Souscription en cours;Signature Contrat;994.11
312;23/05/2026 10:12:29;;Souscription en cours;Signature Contrat;330.00
313;23/05/2026 10:10:15;;Souscription en cours;Informations complémentaires (CA, Profession, etc.);247.75
314;23/05/2026 10:10:15;;Souscription en cours;Informations complémentaires (CA, Profession, etc.);521.27
315;23/05/2026 10:06:40;;Souscription en cours;Coordonnées personnelles;841.47
316;23/05/2026 10:06:40;;Souscription en cours;Coordonnées personnelles;601.97
317;23/05/2026 09:58:02;;Souscription en cours;Coordonnées personnelles;692.17
318;23/05/2026 09:58:02;;Souscription en cours;Coordonnées personnelles;538.74
319;23/05/2026 09:34:55;;Souscription en cours;Choix de l'offre et livraison;857.48
320;23/05/2026 09:34:55;;Souscription en cours;Choix de l'offre et livraison;971.65
321;23/05/2026 09:26:01;;Souscription en cours;Informations complémentaires (Etablissements, etc.);574.94
322;23/05/2026 09:26:01;;Souscription en cours;Informations complémentaires (Etablissements, etc.);271.26
323;23/05/2026 09:19:23;;En attente d'analyse Agent - Dossier avec erreurs;Signature Contrat;193.42
324;23/05/2026 09:19:23;;En attente d'analyse Agent - Dossier avec erreurs;Signature Contrat;777.85
325;23/05/2026 08:36:30;;Dossier refusé;Saisie société;313.43
326;23/05/2026 08:36:30;;Dossier refusé;Saisie société;503.83
327;23/05/2026 07:50:20;;Souscription en cours;Coordonnées personnelles;150.32
328;23/05/2026 07:50:20;;Souscription en cours;Coordonnées personnelles;654.31
329;23/05/2026 07:30:57;;Souscription en cours;Signature Contrat;146.98
330;23/05/2026 07:30:57;;Souscription en cours;Signature Contrat;950.29
331;23/05/2026 07:21:54;;Souscription en cours;Choix de l'offre et livraison;723.61
332;23/05/2026 07:21:54;;Souscription en cours;Choix de l'offre et livraison;376.02
333;23/05/2026 06:46:58;;Dossier refusé;Saisie société;760.15
334;23/05/2026 06:46:58;;Dossier refusé;Saisie société;809.46
335;23/05/2026 06:43:59;Hugo DUBOIS;Dossier validé;Parcours terminé;584.80
336;23/05/2026 06:43:59;Hugo DUBOIS;Dossier validé;Parcours terminé;308.76
337;23/05/2026 06:21:06;;Souscription en cours;Coordonnées personnelles;935.79
338;23/05/2026 06:21:06;;Souscription en cours;Coordonnées personnelles;200.10
339;23/05/2026 05:01:50;;En attente d'analyse Agent - Dossier avec erreurs;Signature Contrat;384.46
340;23/05/2026 05:01:50;;En attente d'analyse Agent - Dossier avec erreurs;Signature Contrat;932.43
341;23/05/2026 04:33:39;;Souscription en cours;Coordonnées personnelles;696.46
342;23/05/2026 04:33:39;;Souscription en cours;Coordonnées personnelles;103.64
343;23/05/2026 04:13:47;;Souscription en cours;Choix de l'offre et livraison;224.20
344;23/05/2026 04:13:47;;Souscription en cours;Choix de l'offre et livraison;721.99
345;23/05/2026 03:42:32;;Dossier validé;Parcours terminé;507.38
346;23/05/2026 03:42:32;;Dossier validé;Parcours terminé;163.83
347;23/05/2026 02:37:21;;Dossier validé;Parcours terminé;391.47
348;23/05/2026 02:37:21;;Dossier validé;Parcours terminé;548.82
349;23/05/2026 01:03:41;;Souscription en cours;Coordonnées personnelles;483.17
350;23/05/2026 01:03:41;;Souscription en cours;Coordonnées personnelles;146.76
351;23/05/2026 00:03:43;;Souscription en cours;Vérification d'identité;297.97
352;23/05/2026 00:03:43;;Souscription en cours;Vérification d'identité;202.36
353;22/05/2026 23:58:30;;Souscription en cours;Coordonnées personnelles;313.46
354;22/05/2026 23:58:30;;Souscription en cours;Coordonnées personnelles;968.43
355;22/05/2026 23:40:12;;Souscription en cours;Informations complémentaires (Etablissements, etc.);587.08
356;22/05/2026 23:40:12;;Souscription en cours;Informations complémentaires (Etablissements, etc.);569.64
357;22/05/2026 23:35:56;;Souscription en cours;Coordonnées personnelles;297.52
358;22/05/2026 23:35:56;;Souscription en cours;Coordonnées personnelles;404.68
359;22/05/2026 23:13:31;Z5681453;Dossier validé;Parcours terminé;828.99
360;22/05/2026 23:13:31;Z5681453;Dossier validé;Parcours terminé;387.85
361;22/05/2026 22:18:07;;Dossier validé;Parcours terminé;925.22
362;22/05/2026 22:18:07;;Dossier validé;Parcours terminé;266.12
363;22/05/2026 22:15:59;;Dossier refusé;Parcours terminé;233.92
364;22/05/2026 22:15:59;;Dossier refusé;Parcours terminé;650.59
365;22/05/2026 21:37:14;;Dossier validé;Parcours terminé;340.73
366;22/05/2026 21:37:14;;Dossier validé;Parcours terminé;555.49
367;22/05/2026 21:37:12;;Dossier refusé;Saisie société;172.38
368;22/05/2026 21:37:12;;Dossier refusé;Saisie société;288.64
369;22/05/2026 21:31:20;;Souscription en cours;Synchronisation référentiel personne NOVA;826.26
370;22/05/2026 21:31:20;;Souscription en cours;Synchronisation référentiel personne NOVA;701.24
371;22/05/2026 21:07:31;;Souscription non démarrée;Parcours non démarré;953.17
372;22/05/2026 21:07:31;;Souscription non démarrée;Parcours non démarré;797.88
373;22/05/2026 21:01:26;;Dossier validé;Parcours terminé;876.61
374;22/05/2026 21:01:26;;Dossier validé;Parcours terminé;473.33
375;22/05/2026 20:55:26;;Souscription non démarrée;Parcours non démarré;982.05
376;22/05/2026 20:55:26;;Souscription non démarrée;Parcours non démarré;798.46
377;22/05/2026 20:45:43;;Souscription en cours;Coordonnées personnelles;255.92
378;22/05/2026 20:45:43;;Souscription en cours;Coordonnées personnelles;488.05
379;22/05/2026 20:40:39;;Souscription en cours;Choix de l'offre et livraison;955.94
380;22/05/2026 20:40:39;;Souscription en cours;Choix de l'offre et livraison;971.08
381;22/05/2026 20:16:39;;Souscription en cours;Coordonnées personnelles;322.89
382;22/05/2026 20:16:39;;Souscription en cours;Coordonnées personnelles;366.66
383;22/05/2026 19:59:07;;Souscription en cours;Coordonnées personnelles;885.63
384;22/05/2026 19:59:07;;Souscription en cours;Coordonnées personnelles;460.52
385;22/05/2026 19:54:20;;Dossier validé;Parcours terminé;475.20
386;22/05/2026 19:54:20;;Dossier validé;Parcours terminé;711.51
387;22/05/2026 19:50:59;;Souscription en cours;Informations complémentaires (CA, Profession, etc.);194.82
388;22/05/2026 19:50:59;;Souscription en cours;Informations complémentaires (CA, Profession, etc.);429.18
389;22/05/2026 19:46:36;;Souscription non démarrée;Parcours non démarré;280.62
390;22/05/2026 19:46:36;;Souscription non démarrée;Parcours non démarré;368.85
391;22/05/2026 19:40:41;;En attente d'analyse Agent - Dossier avec erreurs;Signature Contrat;891.71
392;22/05/2026 19:40:41;;En attente d'analyse Agent - Dossier avec erreurs;Signature Contrat;147.88
393;22/05/2026 19:37:51;;Souscription en cours;Coordonnées personnelles;769.17
394;22/05/2026 19:37:51;;Souscription en cours;Coordonnées personnelles;320.60
395;22/05/2026 19:15:27;;Souscription en cours;Vérification d'identité;424.94
396;22/05/2026 19:15:27;;Souscription en cours;Vérification d'identité;752.92
397;22/05/2026 18:58:50;;Souscription en cours;Vérification d'identité;631.13
398;22/05/2026 18:58:50;;Souscription en cours;Vérification d'identité;677.00
399;22/05/2026 18:55:08;;En attente d'analyse Agent - Dossier avec erreurs;Signature Contrat;725.60
400;22/05/2026 18:55:08;;En attente d'analyse Agent - Dossier avec erreurs;Signature Contrat;250.88
401;22/05/2026 18:40:09;;Souscription en cours;Coordonnées personnelles;756.82
402;22/05/2026 18:40:09;;Souscription en cours;Coordonnées personnelles;105.05
403;22/05/2026 18:25:00;;Souscription en cours;Vérification d'identité;993.71
404;22/05/2026 18:25:00;;Souscription en cours;Vérification d'identité;371.74
405;22/05/2026 18:24:50;;Souscription en cours;Vérification d'identité;848.60
406;22/05/2026 18:24:50;;Souscription en cours;Vérification d'identité;214.01
407;22/05/2026 18:15:47;;Souscription en cours;Coordonnées personnelles;476.10
408;22/05/2026 18:15:47;;Souscription en cours;Coordonnées personnelles;787.00
409;22/05/2026 18:15:19;;Souscription en cours;Choix de l'offre et livraison;852.36
410;22/05/2026 18:15:19;;Souscription en cours;Choix de l'offre et livraison;709.92
411;22/05/2026 18:06:59;;Souscription non démarrée;Parcours non démarré;833.47
412;22/05/2026 18:06:59;;Souscription non démarrée;Parcours non démarré;341.25
413;22/05/2026 18:02:22;;Dossier validé;Parcours terminé;897.45
414;22/05/2026 18:02:22;;Dossier validé;Parcours terminé;130.97
415;22/05/2026 17:56:58;;Souscription en cours;Vérification d'identité;854.67
416;22/05/2026 17:56:58;;Souscription en cours;Vérification d'identité;221.83
417;22/05/2026 17:55:58;;Souscription en cours;Choix de l'offre et livraison;765.76
418;22/05/2026 17:55:58;;Souscription en cours;Choix de l'offre et livraison;254.31
419;22/05/2026 17:53:26;;Dossier refusé;Signature Contrat;933.86
420;22/05/2026 17:53:26;;Dossier refusé;Signature Contrat;371.51
421;22/05/2026 17:51:38;;En attente d'analyse Agent - Dossier avec erreurs;Signature Contrat;772.60
422;22/05/2026 17:51:38;;En attente d'analyse Agent - Dossier avec erreurs;Signature Contrat;329.67
423;22/05/2026 17:30:36;;Souscription en cours;Coordonnées personnelles;848.92
424;22/05/2026 17:30:36;;Souscription en cours;Coordonnées personnelles;214.39
425;22/05/2026 17:24:27;;Souscription en cours;Bénéficiaire effectifs;748.45
426;22/05/2026 17:24:27;;Souscription en cours;Bénéficiaire effectifs;392.90
427;22/05/2026 17:16:49;;Souscription en cours;Coordonnées personnelles;423.69
428;22/05/2026 17:16:49;;Souscription en cours;Coordonnées personnelles;374.33
429;22/05/2026 17:05:08;;Souscription en cours;Coordonnées personnelles;896.77
430;22/05/2026 17:05:08;;Souscription en cours;Coordonnées personnelles;610.26
431;22/05/2026 17:04:20;;Souscription en cours;Informations complémentaires (Etablissements, etc.);991.32
432;22/05/2026 17:04:20;;Souscription en cours;Informations complémentaires (Etablissements, etc.);507.39
433;22/05/2026 16:48:30;;Dossier validé;Parcours terminé;635.70
434;22/05/2026 16:48:30;;Dossier validé;Parcours terminé;491.09
435;22/05/2026 16:45:35;;Souscription en cours;Coordonnées personnelles;133.35
436;22/05/2026 16:45:35;;Souscription en cours;Coordonnées personnelles;154.73
437;22/05/2026 16:39:40;Hugo DUBOIS;Dossier validé;Parcours terminé;860.04
438;22/05/2026 16:39:40;Hugo DUBOIS;Dossier validé;Parcours terminé;445.77
439;22/05/2026 16:36:24;;Dossier refusé;Saisie société;770.01
440;22/05/2026 16:36:24;;Dossier refusé;Saisie société;571.33
441;22/05/2026 16:35:49;;Dossier validé;Parcours terminé;101.69
442;22/05/2026 16:35:49;;Dossier validé;Parcours terminé;811.74
443;22/05/2026 16:34:59;;Dossier refusé;Parcours non démarré;601.07
444;22/05/2026 16:34:59;;Dossier refusé;Parcours non démarré;278.82
445;22/05/2026 16:33:37;;Souscription en cours;Coordonnées personnelles;466.52
446;22/05/2026 16:33:37;;Souscription en cours;Coordonnées personnelles;946.97
447;22/05/2026 16:31:42;;Souscription en cours;Synchronisation référentiel personne NOVA;980.20
448;22/05/2026 16:31:42;;Souscription en cours;Synchronisation référentiel personne NOVA;858.96
449;22/05/2026 16:25:38;;Dossier validé;Parcours terminé;866.19
450;22/05/2026 16:25:38;;Dossier validé;Parcours terminé;638.32
451;22/05/2026 16:10:30;;Souscription non démarrée;Parcours non démarré;951.18
452;22/05/2026 16:10:30;;Souscription non démarrée;Parcours non démarré;786.13
453;22/05/2026 16:04:18;;Souscription en cours;Vérification d'identité;153.33
454;22/05/2026 16:04:18;;Souscription en cours;Vérification d'identité;423.92
455;22/05/2026 16:03:30;;Souscription en cours;Choix de l'offre et livraison;860.21
456;22/05/2026 16:03:30;;Souscription en cours;Choix de l'offre et livraison;913.35
457;22/05/2026 16:01:47;;Souscription en cours;Coordonnées personnelles;185.88
458;22/05/2026 16:01:47;;Souscription en cours;Coordonnées personnelles;973.74
459;22/05/2026 15:56:08;;Souscription non démarrée;Parcours non démarré;292.26
460;22/05/2026 15:56:08;;Souscription non démarrée;Parcours non démarré;426.17
461;22/05/2026 15:55:58;Hugo MARTIN;Dossier refusé;Saisie société;963.64
462;22/05/2026 15:55:58;Hugo MARTIN;Dossier refusé;Saisie société;657.84
463;22/05/2026 15:49:02;;Souscription en cours;Coordonnées personnelles;320.80
464;22/05/2026 15:49:02;;Souscription en cours;Coordonnées personnelles;650.80
465;22/05/2026 15:48:31;;Souscription en cours;Choix de l'offre et livraison;727.02
466;22/05/2026 15:48:31;;Souscription en cours;Choix de l'offre et livraison;615.41
467;22/05/2026 15:46:03;;Souscription en cours;Coordonnées personnelles;784.54
468;22/05/2026 15:46:03;;Souscription en cours;Coordonnées personnelles;181.07
469;22/05/2026 15:42:45;;Souscription en cours;Vérification d'identité;382.75
470;22/05/2026 15:42:45;;Souscription en cours;Vérification d'identité;240.37
471;22/05/2026 15:40:52;;Souscription en cours;Coordonnées personnelles;472.12
472;22/05/2026 15:40:52;;Souscription en cours;Coordonnées personnelles;208.73
473;22/05/2026 15:40:13;;Dossier validé;Parcours terminé;561.89
474;22/05/2026 15:40:13;;Dossier validé;Parcours terminé;338.55
475;22/05/2026 15:39:53;Hugo MARTIN;Dossier validé;Parcours terminé;439.52
476;22/05/2026 15:39:53;Hugo MARTIN;Dossier validé;Parcours terminé;391.65
477;22/05/2026 15:39:47;;Souscription en cours;Coordonnées personnelles;985.31
478;22/05/2026 15:39:47;;Souscription en cours;Coordonnées personnelles;151.74
479;22/05/2026 15:39:35;;Dossier refusé;Bénéficiaire effectifs;445.78
480;22/05/2026 15:39:35;;Dossier refusé;Bénéficiaire effectifs;878.74
481;22/05/2026 15:38:31;;Souscription en cours;Coordonnées personnelles;739.11
482;22/05/2026 15:38:31;;Souscription en cours;Coordonnées personnelles;955.96
483;22/05/2026 15:32:29;;Dossier validé;Parcours terminé;992.00
484;22/05/2026 15:32:29;;Dossier validé;Parcours terminé;514.41
485;22/05/2026 15:27:02;;Souscription non démarrée;Parcours non démarré;362.42
486;22/05/2026 15:27:02;;Souscription non démarrée;Parcours non démarré;499.04
487;22/05/2026 15:24:20;;Dossier refusé;Parcours terminé;204.64
488;22/05/2026 15:24:20;;Dossier refusé;Parcours terminé;720.67
489;22/05/2026 15:13:47;;Souscription non démarrée;Parcours non démarré;439.12
490;22/05/2026 15:13:47;;Souscription non démarrée;Parcours non démarré;955.49
491;22/05/2026 15:10:45;;Souscription non démarrée;Parcours non démarré;692.51
492;22/05/2026 15:10:45;;Souscription non démarrée;Parcours non démarré;671.80
493;22/05/2026 15:09:57;;Dossier refusé;Saisie société;776.05
494;22/05/2026 15:09:57;;Dossier refusé;Saisie société;181.32
495;22/05/2026 14:56:42;;Dossier validé;Parcours terminé;188.56
496;22/05/2026 14:56:42;;Dossier validé;Parcours terminé;308.83
497;22/05/2026 14:44:10;;Souscription en cours;Bénéficiaire effectifs;766.92
498;22/05/2026 14:44:10;;Souscription en cours;Bénéficiaire effectifs;770.69
499;22/05/2026 14:43:57;;Souscription en cours;Coordonnées personnelles;395.04
500;22/05/2026 14:43:57;;Souscription en cours;Coordonnées personnelles;874.00
501;22/05/2026 14:40:40;;En attente d'analyse Agent - Dossier avec erreurs;Signature Contrat;692.94
502;22/05/2026 14:40:40;;En attente d'analyse Agent - Dossier avec erreurs;Signature Contrat;344.74
503;22/05/2026 14:38:19;;Souscription en cours;Signature Contrat;247.88
504;22/05/2026 14:38:19;;Souscription en cours;Signature Contrat;136.35
505;22/05/2026 14:34:53;;Dossier refusé;Signature Contrat;612.76
506;22/05/2026 14:34:53;;Dossier refusé;Signature Contrat;994.10
507;22/05/2026 14:32:12;;Dossier validé;Parcours terminé;705.62
508;22/05/2026 14:32:12;;Dossier validé;Parcours terminé;464.35
509;22/05/2026 14:31:06;;Souscription en cours;Coordonnées personnelles;433.72
510;22/05/2026 14:31:06;;Souscription en cours;Coordonnées personnelles;931.03
511;22/05/2026 14:29:20;;Souscription en cours;Coordonnées personnelles;869.44
512;22/05/2026 14:29:20;;Souscription en cours;Coordonnées personnelles;848.45
513;22/05/2026 14:28:13;;Souscription en cours;Vérification d'identité;160.88
514;22/05/2026 14:28:13;;Souscription en cours;Vérification d'identité;644.86
515;22/05/2026 14:23:58;;Souscription en cours;Criblages BE(s);600.97
516;22/05/2026 14:23:58;;Souscription en cours;Criblages BE(s);715.50
517;22/05/2026 14:10:35;;Souscription en cours;Choix de l'offre et livraison;543.62
518;22/05/2026 14:10:35;;Souscription en cours;Choix de l'offre et livraison;468.43
519;22/05/2026 14:09:15;;Souscription en cours;Parcours terminé;416.89
520;22/05/2026 14:09:15;;Souscription en cours;Parcours terminé;830.05
521;22/05/2026 14:05:51;;Dossier validé;Parcours terminé;420.68
522;22/05/2026 14:05:51;;Dossier validé;Parcours terminé;379.07
523;22/05/2026 13:53:16;;Souscription en cours;Vérification d'identité;572.29
524;22/05/2026 13:53:16;;Souscription en cours;Vérification d'identité;427.49
525;22/05/2026 13:51:55;;Dossier refusé;Signature Contrat;927.85
526;22/05/2026 13:51:55;;Dossier refusé;Signature Contrat;231.79
527;22/05/2026 13:50:27;;Dossier validé;Parcours terminé;826.27
528;22/05/2026 13:50:27;;Dossier validé;Parcours terminé;525.73
529;22/05/2026 13:41:15;;Souscription en cours;Signature Contrat;643.99
530;22/05/2026 13:41:15;;Souscription en cours;Signature Contrat;697.62
531;22/05/2026 13:39:08;;Dossier validé;Parcours terminé;979.36
532;22/05/2026 13:39:08;;Dossier validé;Parcours terminé;112.47
533;22/05/2026 13:17:01;;Dossier validé;Parcours terminé;305.18
534;22/05/2026 13:17:01;;Dossier validé;Parcours terminé;597.02
535;22/05/2026 13:02:12;;Souscription en cours;Synchronisation référentiel personne NOVA;569.33
536;22/05/2026 13:02:12;;Souscription en cours;Synchronisation référentiel personne NOVA;192.13
537;22/05/2026 12:47:16;Z5750800;Dossier refusé;Saisie société;128.78
538;22/05/2026 12:47:16;Z5750800;Dossier refusé;Saisie société;196.78
539;22/05/2026 12:28:30;;Souscription en cours;Coordonnées personnelles;871.14
540;22/05/2026 12:28:30;;Souscription en cours;Coordonnées personnelles;935.96
541;22/05/2026 12:05:09;Rayan MICHEL;Dossier validé;Parcours terminé;927.50
542;22/05/2026 12:05:09;Rayan MICHEL;Dossier validé;Parcours terminé;999.50
543;22/05/2026 11:51:00;;Souscription en cours;Coordonnées personnelles;606.55
544;22/05/2026 11:51:00;;Souscription en cours;Coordonnées personnelles;857.73
545;22/05/2026 11:36:23;;Souscription en cours;Vérification d'identité;764.92
546;22/05/2026 11:36:23;;Souscription en cours;Vérification d'identité;583.55
547;22/05/2026 11:24:31;;En attente d'analyse Agent - Dossier avec erreurs;Signature Contrat;459.81
548;22/05/2026 11:24:31;;En attente d'analyse Agent - Dossier avec erreurs;Signature Contrat;971.91
549;22/05/2026 11:18:15;;Souscription en cours;Choix de l'offre et livraison;777.61
550;22/05/2026 11:18:15;;Souscription en cours;Choix de l'offre et livraison;169.32
551;22/05/2026 11:16:47;Manon LEFEBVRE;Dossier refusé;Saisie société;262.95
552;22/05/2026 11:16:47;Manon LEFEBVRE;Dossier refusé;Saisie société;612.58
553;22/05/2026 11:13:32;;Dossier refusé;Saisie société;427.07
554;22/05/2026 11:13:32;;Dossier refusé;Saisie société;901.28
555;22/05/2026 11:08:07;;Souscription en cours;Coordonnées personnelles;145.64
556;22/05/2026 11:08:07;;Souscription en cours;Coordonnées personnelles;656.12
557;22/05/2026 10:57:56;;Souscription en cours;Coordonnées personnelles;126.46
558;22/05/2026 10:57:56;;Souscription en cours;Coordonnées personnelles;836.21
559;22/05/2026 10:57:25;;Dossier refusé;Choix de l'offre et livraison;848.59
560;22/05/2026 10:57:25;;Dossier refusé;Choix de l'offre et livraison;563.73
561;22/05/2026 10:36:12;;En attente d'analyse Agent - Dossier avec erreurs;Signature Contrat;177.68
562;22/05/2026 10:36:12;;En attente d'analyse Agent - Dossier avec erreurs;Signature Contrat;556.85
563;22/05/2026 10:34:55;Manon LEFEBVRE;Dossier validé;Parcours terminé;742.84
564;22/05/2026 10:34:55;Manon LEFEBVRE;Dossier validé;Parcours terminé;791.17
565;22/05/2026 10:31:46;;Dossier validé;Parcours terminé;531.98
566;22/05/2026 10:31:46;;Dossier validé;Parcours terminé;946.43
567;22/05/2026 10:27:51;;Souscription en cours;Coordonnées personnelles;590.60
568;22/05/2026 10:27:51;;Souscription en cours;Coordonnées personnelles;879.29
569;22/05/2026 10:24:23;;Dossier refusé;Saisie société;397.55
570;22/05/2026 10:24:23;;Dossier refusé;Saisie société;888.03
571;22/05/2026 10:11:14;;Souscription non démarrée;Parcours non démarré;622.49
572;22/05/2026 10:11:14;;Souscription non démarrée;Parcours non démarré;898.80
573;22/05/2026 10:06:40;;Dossier validé;Parcours terminé;534.91
574;22/05/2026 10:06:40;;Dossier validé;Parcours terminé;111.18
575;22/05/2026 09:42:35;;Dossier refusé;Saisie société;792.66
576;22/05/2026 09:42:35;;Dossier refusé;Saisie société;169.10
577;22/05/2026 09:42:06;;Dossier validé;Parcours terminé;205.58
578;22/05/2026 09:42:06;;Dossier validé;Parcours terminé;926.45
579;22/05/2026 09:41:36;;Dossier refusé;Bénéficiaire effectifs;709.44
580;22/05/2026 09:41:36;;Dossier refusé;Bénéficiaire effectifs;266.46
581;22/05/2026 09:38:50;;En attente d'analyse Agent - Dossier avec erreurs;Signature Contrat;869.39
582;22/05/2026 09:38:50;;En attente d'analyse Agent - Dossier avec erreurs;Signature Contrat;664.87
583;22/05/2026 09:30:41;;Dossier validé;Parcours terminé;186.41
584;22/05/2026 09:30:41;;Dossier validé;Parcours terminé;350.62
585;22/05/2026 09:14:08;;Souscription en cours;Signature Contrat;692.83
586;22/05/2026 09:14:08;;Souscription en cours;Signature Contrat;726.94
587;22/05/2026 09:13:26;;Dossier validé;Parcours terminé;161.87
588;22/05/2026 09:13:26;;Dossier validé;Parcours terminé;882.75
589;22/05/2026 09:08:26;;Dossier validé;Parcours terminé;659.03
590;22/05/2026 09:08:26;;Dossier validé;Parcours terminé;578.25
591;22/05/2026 09:03:55;;Souscription en cours;Choix de l'offre et livraison;629.87
592;22/05/2026 09:03:55;;Souscription en cours;Choix de l'offre et livraison;304.66
593;22/05/2026 09:01:30;;Souscription en cours;Informations complémentaires (Etablissements, etc.);645.89
594;22/05/2026 09:01:30;;Souscription en cours;Informations complémentaires (Etablissements, etc.);133.94
595;22/05/2026 08:34:57;;Souscription en cours;Informations complémentaires (CA, Profession, etc.);308.15
596;22/05/2026 08:34:57;;Souscription en cours;Informations complémentaires (CA, Profession, etc.);642.83
597;22/05/2026 08:20:45;;Souscription en cours;Coordonnées personnelles;155.82
598;22/05/2026 08:20:45;;Souscription en cours;Coordonnées personnelles;790.25
599;22/05/2026 08:19:38;;Souscription en cours;Coordonnées personnelles;580.78
600;22/05/2026 08:19:38;;Souscription en cours;Coordonnées personnelles;415.70
601;22/05/2026 08:13:40;;Dossier refusé;Saisie société;971.80
602;22/05/2026 08:13:40;;Dossier refusé;Saisie société;756.15
603;22/05/2026 06:35:05;;Dossier refusé;Saisie société;621.32
604;22/05/2026 06:35:05;;Dossier refusé;Saisie société;989.63
605;22/05/2026 06:01:53;;Dossier refusé;Signature Contrat;269.43
606;22/05/2026 06:01:53;;Dossier refusé;Signature Contrat;105.14
607;22/05/2026 05:54:25;;Dossier validé;Parcours terminé;487.36
608;22/05/2026 05:54:25;;Dossier validé;Parcours terminé;909.86
609;22/05/2026 05:03:45;;Souscription non démarrée;Parcours non démarré;547.96
610;22/05/2026 05:03:45;;Souscription non démarrée;Parcours non démarré;800.26
611;22/05/2026 04:25:21;;Souscription en cours;Choix de l'offre et livraison;913.48
612;22/05/2026 04:25:21;;Souscription en cours;Choix de l'offre et livraison;453.48
613;22/05/2026 02:45:31;;Souscription en cours;Choix de l'offre et livraison;880.70
614;22/05/2026 02:45:31;;Souscription en cours;Choix de l'offre et livraison;653.46
615;22/05/2026 01:19:01;;Souscription en cours;Coordonnées personnelles;171.16
616;22/05/2026 01:19:01;;Souscription en cours;Coordonnées personnelles;440.78
617;22/05/2026 00:48:10;;En attente d'analyse Agent - Dossier avec erreurs;Signature Contrat;112.08
618;22/05/2026 00:48:10;;En attente d'analyse Agent - Dossier avec erreurs;Signature Contrat;982.58
619;22/05/2026 00:23:08;;Souscription en cours;Coordonnées personnelles;291.97
620;22/05/2026 00:23:08;;Souscription en cours;Coordonnées personnelles;682.30
621;22/05/2026 00:15:42;;Dossier refusé;Saisie société;111.32
622;22/05/2026 00:15:42;;Dossier refusé;Saisie société;810.05
623;22/05/2026 00:15:38;;En attente d'analyse Agent - Dossier avec erreurs;Signature Contrat;670.64
624;22/05/2026 00:15:38;;En attente d'analyse Agent - Dossier avec erreurs;Signature Contrat;456.92
625;22/05/2026 00:04:11;;Souscription en cours;Coordonnées personnelles;767.94
626;22/05/2026 00:04:11;;Souscription en cours;Coordonnées personnelles;530.08
627;21/05/2026 23:44:00;;Souscription en cours;Coordonnées personnelles;153.56
628;21/05/2026 23:44:00;;Souscription en cours;Coordonnées personnelles;313.37
629;21/05/2026 23:38:03;;Dossier refusé;Saisie société;422.23
630;21/05/2026 23:38:03;;Dossier refusé;Saisie société;534.79
631;21/05/2026 23:20:50;;Dossier validé;Parcours terminé;536.59
632;21/05/2026 23:20:50;;Dossier validé;Parcours terminé;541.05
633;21/05/2026 23:15:53;;Souscription non démarrée;Parcours non démarré;387.61
634;21/05/2026 23:15:53;;Souscription non démarrée;Parcours non démarré;391.44
635;21/05/2026 23:12:43;;Dossier refusé;Saisie société;715.31
636;21/05/2026 23:12:43;;Dossier refusé;Saisie société;770.56
637;21/05/2026 23:08:51;;Souscription en cours;Coordonnées personnelles;741.52
638;21/05/2026 23:08:51;;Souscription en cours;Coordonnées personnelles;239.67
639;21/05/2026 23:08:45;;Souscription en cours;Coordonnées personnelles;498.05
640;21/05/2026 23:08:45;;Souscription en cours;Coordonnées personnelles;821.07
641;21/05/2026 23:05:06;;Souscription non démarrée;Parcours non démarré;714.40
642;21/05/2026 23:05:06;;Souscription non démarrée;Parcours non démarré;200.48
643;21/05/2026 22:50:39;;En attente d'analyse Agent - Dossier avec erreurs;Signature Contrat;355.26
644;21/05/2026 22:50:39;;En attente d'analyse Agent - Dossier avec erreurs;Signature Contrat;869.19
645;21/05/2026 22:49:10;;Souscription en cours;Informations complémentaires (CA, Profession, etc.);713.38
646;21/05/2026 22:49:10;;Souscription en cours;Informations complémentaires (CA, Profession, etc.);327.23
647;21/05/2026 22:47:42;;Souscription en cours;Vérification d'identité;204.78
648;21/05/2026 22:47:42;;Souscription en cours;Vérification d'identité;342.81
649;21/05/2026 22:40:09;;Souscription en cours;Synchronisation référentiel personne NOVA;677.44
650;21/05/2026 22:40:09;;Souscription en cours;Synchronisation référentiel personne NOVA;463.57
651;21/05/2026 22:39:53;;Souscription en cours;Choix de l'offre et livraison;317.73
652;21/05/2026 22:39:53;;Souscription en cours;Choix de l'offre et livraison;983.22
653;21/05/2026 22:31:45;;Souscription en cours;Coordonnées personnelles;522.69
654;21/05/2026 22:31:45;;Souscription en cours;Coordonnées personnelles;339.84
655;21/05/2026 22:16:57;;Souscription non démarrée;Parcours non démarré;385.92
656;21/05/2026 22:16:57;;Souscription non démarrée;Parcours non démarré;615.44
657;21/05/2026 22:10:05;;Dossier validé;Parcours terminé;980.39
658;21/05/2026 22:10:05;;Dossier validé;Parcours terminé;847.32
659;21/05/2026 21:43:42;;Souscription non démarrée;Parcours non démarré;903.46
660;21/05/2026 21:43:42;;Souscription non démarrée;Parcours non démarré;651.65
661;21/05/2026 21:33:14;;Souscription en cours;Coordonnées personnelles;521.80
662;21/05/2026 21:33:14;;Souscription en cours;Coordonnées personnelles;328.80
663;21/05/2026 21:27:59;;Dossier validé;Parcours terminé;809.04
664;21/05/2026 21:27:59;;Dossier validé;Parcours terminé;865.06
665;21/05/2026 21:25:41;;Souscription en cours;Coordonnées personnelles;213.27
666;21/05/2026 21:25:41;;Souscription en cours;Coordonnées personnelles;273.84
667;21/05/2026 21:22:50;;Souscription en cours;Coordonnées personnelles;564.45
668;21/05/2026 21:22:50;;Souscription en cours;Coordonnées personnelles;798.72
669;21/05/2026 21:16:21;;Souscription en cours;Coordonnées personnelles;451.45
670;21/05/2026 21:16:21;;Souscription en cours;Coordonnées personnelles;361.85
671;21/05/2026 21:10:31;;Souscription en cours;Choix de l'offre et livraison;293.79
672;21/05/2026 21:10:31;;Souscription en cours;Choix de l'offre et livraison;839.60
673;21/05/2026 21:03:24;;Souscription en cours;Coordonnées personnelles;354.84
674;21/05/2026 21:03:24;;Souscription en cours;Coordonnées personnelles;545.26
675;21/05/2026 21:02:00;;Souscription en cours;Choix de l'offre et livraison;152.43
676;21/05/2026 21:02:00;;Souscription en cours;Choix de l'offre et livraison;533.76
677;21/05/2026 20:58:07;;Dossier validé;Parcours terminé;551.21
678;21/05/2026 20:58:07;;Dossier validé;Parcours terminé;806.47
679;21/05/2026 20:51:27;;Souscription non démarrée;Parcours non démarré;600.38
680;21/05/2026 20:51:27;;Souscription non démarrée;Parcours non démarré;684.22
681;21/05/2026 20:48:54;;Souscription en cours;Signature Contrat;466.26
682;21/05/2026 20:48:54;;Souscription en cours;Signature Contrat;612.85
683;21/05/2026 20:43:19;;Souscription en cours;Coordonnées personnelles;404.26
684;21/05/2026 20:43:19;;Souscription en cours;Coordonnées personnelles;433.17
685;21/05/2026 20:39:22;;Souscription en cours;Bénéficiaire effectifs;895.04
686;21/05/2026 20:39:22;;Souscription en cours;Bénéficiaire effectifs;106.90
687;21/05/2026 20:32:20;;Souscription en cours;Coordonnées personnelles;967.92
688;21/05/2026 20:32:20;;Souscription en cours;Coordonnées personnelles;477.02
689;21/05/2026 20:23:24;;Souscription en cours;Informations complémentaires (Etablissements, etc.);407.14
690;21/05/2026 20:23:24;;Souscription en cours;Informations complémentaires (Etablissements, etc.);802.46
691;21/05/2026 20:04:43;;Dossier validé;Parcours terminé;833.27
692;21/05/2026 20:04:43;;Dossier validé;Parcours terminé;194.84
693;21/05/2026 19:59:15;;Souscription en cours;Coordonnées personnelles;764.70
694;21/05/2026 19:59:15;;Souscription en cours;Coordonnées personnelles;373.73
695;21/05/2026 19:39:13;;Souscription en cours;Choix de l'offre et livraison;341.19
696;21/05/2026 19:39:13;;Souscription en cours;Choix de l'offre et livraison;592.40
697;21/05/2026 19:17:03;;Dossier refusé;Saisie société;125.72
698;21/05/2026 19:17:03;;Dossier refusé;Saisie société;415.77
699;21/05/2026 19:06:28;;Dossier refusé;Saisie société;497.85
700;21/05/2026 19:06:28;;Dossier refusé;Saisie société;684.13
701;21/05/2026 19:04:35;;Souscription en cours;Signature Contrat;492.25
702;21/05/2026 19:04:35;;Souscription en cours;Signature Contrat;129.00
703;21/05/2026 19:03:53;;Souscription non démarrée;Parcours non démarré;182.40
704;21/05/2026 19:03:53;;Souscription non démarrée;Parcours non démarré;316.18
705;21/05/2026 18:57:24;Manon LEFEBVRE;Dossier validé;Parcours terminé;773.63
706;21/05/2026 18:57:24;Manon LEFEBVRE;Dossier validé;Parcours terminé;375.07
707;21/05/2026 18:55:37;;Souscription en cours;Coordonnées personnelles;671.40
708;21/05/2026 18:55:37;;Souscription en cours;Coordonnées personnelles;159.42
709;21/05/2026 18:52:52;;En attente d'analyse Agent - Dossier avec erreurs;Signature Contrat;584.99
710;21/05/2026 18:52:52;;En attente d'analyse Agent - Dossier avec erreurs;Signature Contrat;531.15
711;21/05/2026 18:51:56;;Souscription en cours;Choix de l'offre et livraison;401.84
712;21/05/2026 18:51:56;;Souscription en cours;Choix de l'offre et livraison;562.34
713;21/05/2026 18:35:36;;Souscription en cours;Coordonnées personnelles;762.16
714;21/05/2026 18:35:36;;Souscription en cours;Coordonnées personnelles;660.27
715;21/05/2026 18:32:29;;Souscription en cours;Choix de l'offre et livraison;794.91
716;21/05/2026 18:32:29;;Souscription en cours;Choix de l'offre et livraison;662.83
717;21/05/2026 18:08:48;;Souscription en cours;Coordonnées personnelles;333.17
718;21/05/2026 18:08:48;;Souscription en cours;Coordonnées personnelles;796.30
719;21/05/2026 18:08:42;;Souscription en cours;Choix de l'offre et livraison;989.55
720;21/05/2026 18:08:42;;Souscription en cours;Choix de l'offre et livraison;775.25
721;21/05/2026 17:57:52;;Souscription en cours;Coordonnées personnelles;963.09
722;21/05/2026 17:57:52;;Souscription en cours;Coordonnées personnelles;554.66
723;21/05/2026 17:55:14;;Souscription en cours;Informations complémentaires (CA, Profession, etc.);758.26
724;21/05/2026 17:55:14;;Souscription en cours;Informations complémentaires (CA, Profession, etc.);332.64
725;21/05/2026 17:54:09;;Souscription non démarrée;Parcours non démarré;248.36
726;21/05/2026 17:54:09;;Souscription non démarrée;Parcours non démarré;717.06
727;21/05/2026 17:53:36;;Dossier validé;Parcours terminé;925.18
728;21/05/2026 17:53:36;;Dossier validé;Parcours terminé;975.42
729;21/05/2026 17:52:10;;Souscription en cours;Coordonnées personnelles;345.83
730;21/05/2026 17:52:10;;Souscription en cours;Coordonnées personnelles;274.28
731;21/05/2026 17:51:47;;Souscription en cours;Informations complémentaires (CA, Profession, etc.);133.82
732;21/05/2026 17:51:47;;Souscription en cours;Informations complémentaires (CA, Profession, etc.);550.47
733;21/05/2026 17:47:12;;En attente d'analyse Agent - Dossier avec erreurs;Signature Contrat;749.67
734;21/05/2026 17:47:12;;En attente d'analyse Agent - Dossier avec erreurs;Signature Contrat;852.86
735;21/05/2026 17:43:29;;En attente d'analyse Agent - Dossier avec erreurs;Signature Contrat;336.00
736;21/05/2026 17:43:29;;En attente d'analyse Agent - Dossier avec erreurs;Signature Contrat;986.78
737;21/05/2026 17:41:46;;Souscription non démarrée;Parcours non démarré;751.34
738;21/05/2026 17:41:46;;Souscription non démarrée;Parcours non démarré;125.89
739;21/05/2026 17:39:37;;Souscription en cours;Informations complémentaires (Etablissements, etc.);481.05
740;21/05/2026 17:39:37;;Souscription en cours;Informations complémentaires (Etablissements, etc.);432.60
741;21/05/2026 17:31:19;;Dossier refusé;Informations complémentaires (CA, Profession, etc.);262.87
742;21/05/2026 17:31:19;;Dossier refusé;Informations complémentaires (CA, Profession, etc.);825.42
743;21/05/2026 17:29:50;;Souscription en cours;Signature Contrat;966.63
744;21/05/2026 17:29:50;;Souscription en cours;Signature Contrat;421.01
745;21/05/2026 17:22:46;;Souscription en cours;Vérification d'identité;102.43
746;21/05/2026 17:22:46;;Souscription en cours;Vérification d'identité;493.85
747;21/05/2026 17:21:08;;Souscription en cours;Coordonnées personnelles;444.13
748;21/05/2026 17:21:08;;Souscription en cours;Coordonnées personnelles;405.71
749;21/05/2026 17:16:26;;Souscription en cours;Informations complémentaires (CA, Profession, etc.);898.10
750;21/05/2026 17:16:26;;Souscription en cours;Informations complémentaires (CA, Profession, etc.);510.45
751;21/05/2026 17:06:34;;Dossier validé;Parcours terminé;397.75
752;21/05/2026 17:06:34;;Dossier validé;Parcours terminé;823.66
753;21/05/2026 17:01:28;;Souscription en cours;Choix de l'offre et livraison;648.43
754;21/05/2026 17:01:28;;Souscription en cours;Choix de l'offre et livraison;317.55
755;21/05/2026 16:56:20;;En attente d'analyse Agent - Dossier avec erreurs;Signature Contrat;983.38
756;21/05/2026 16:56:20;;En attente d'analyse Agent - Dossier avec erreurs;Signature Contrat;967.62
757;21/05/2026 16:54:38;;Souscription en cours;Signature Contrat;999.04
758;21/05/2026 16:54:38;;Souscription en cours;Signature Contrat;397.76
759;21/05/2026 16:50:12;;Souscription en cours;Coordonnées personnelles;216.72
760;21/05/2026 16:50:12;;Souscription en cours;Coordonnées personnelles;488.04
761;21/05/2026 16:44:18;;Dossier validé;Parcours terminé;974.57
762;21/05/2026 16:44:18;;Dossier validé;Parcours terminé;789.39
763;21/05/2026 16:38:03;;Souscription non démarrée;Parcours non démarré;392.68
764;21/05/2026 16:38:03;;Souscription non démarrée;Parcours non démarré;882.68
765;21/05/2026 16:33:27;;Souscription en cours;Coordonnées personnelles;442.76
766;21/05/2026 16:33:27;;Souscription en cours;Coordonnées personnelles;305.77
767;21/05/2026 16:31:17;;En attente d'analyse Agent - Dossier avec erreurs;Signature Contrat;818.29
768;21/05/2026 16:31:17;;En attente d'analyse Agent - Dossier avec erreurs;Signature Contrat;136.76
769;21/05/2026 16:27:04;;Souscription en cours;Signature Contrat;887.26
770;21/05/2026 16:27:04;;Souscription en cours;Signature Contrat;240.25
771;21/05/2026 16:19:55;;Souscription en cours;Informations complémentaires (CA, Profession, etc.);450.27
772;21/05/2026 16:19:55;;Souscription en cours;Informations complémentaires (CA, Profession, etc.);241.41
773;21/05/2026 16:13:28;;Souscription en cours;Vérification d'identité;242.63
774;21/05/2026 16:13:28;;Souscription en cours;Vérification d'identité;156.05
775;21/05/2026 16:05:51;;Dossier validé;Parcours terminé;117.13
776;21/05/2026 16:05:51;;Dossier validé;Parcours terminé;989.74
777;21/05/2026 16:04:29;;En attente d'analyse Agent - Dossier avec erreurs;Signature Contrat;939.39
778;21/05/2026 16:04:29;;En attente d'analyse Agent - Dossier avec erreurs;Signature Contrat;189.81
779;21/05/2026 16:02:26;;Souscription en cours;Coordonnées personnelles;616.26
780;21/05/2026 16:02:26;;Souscription en cours;Coordonnées personnelles;571.45
781;21/05/2026 15:58:52;;Dossier validé;Parcours terminé;556.66
782;21/05/2026 15:58:52;;Dossier validé;Parcours terminé;885.56
783;21/05/2026 15:58:50;;Souscription en cours;Coordonnées personnelles;231.52
784;21/05/2026 15:58:50;;Souscription en cours;Coordonnées personnelles;648.45
785;21/05/2026 15:51:55;;Dossier refusé;Vérification d'identité;563.65
786;21/05/2026 15:51:55;;Dossier refusé;Vérification d'identité;658.32
787;21/05/2026 15:49:00;;Dossier validé;Parcours terminé;290.81
788;21/05/2026 15:49:00;;Dossier validé;Parcours terminé;639.79
789;21/05/2026 15:48:54;;Souscription en cours;Bénéficiaire effectifs;525.78
790;21/05/2026 15:48:54;;Souscription en cours;Bénéficiaire effectifs;270.48
791;21/05/2026 15:43:20;;Souscription en cours;Coordonnées personnelles;237.69
792;21/05/2026 15:43:20;;Souscription en cours;Coordonnées personnelles;425.77
793;21/05/2026 15:42:12;;Souscription non démarrée;Parcours non démarré;487.68
794;21/05/2026 15:42:12;;Souscription non démarrée;Parcours non démarré;863.70
795;21/05/2026 15:41:46;;Souscription en cours;Signature Contrat;167.64
796;21/05/2026 15:41:46;;Souscription en cours;Signature Contrat;193.83
797;21/05/2026 15:40:50;;Dossier validé;Parcours terminé;698.69
798;21/05/2026 15:40:50;;Dossier validé;Parcours terminé;432.47
799;21/05/2026 15:35:26;;Dossier validé;Parcours terminé;763.73
800;21/05/2026 15:35:26;;Dossier validé;Parcours terminé;252.58
801;21/05/2026 15:32:07;;Souscription en cours;Coordonnées personnelles;929.31
802;21/05/2026 15:32:07;;Souscription en cours;Coordonnées personnelles;161.04
803;21/05/2026 15:30:08;;Souscription en cours;Choix de l'offre et livraison;458.95
804;21/05/2026 15:30:08;;Souscription en cours;Choix de l'offre et livraison;886.14
805;21/05/2026 15:28:12;;Souscription en cours;Choix de l'offre et livraison;809.14
806;21/05/2026 15:28:12;;Souscription en cours;Choix de l'offre et livraison;260.35
807;21/05/2026 15:22:08;;Souscription en cours;Coordonnées personnelles;936.55
808;21/05/2026 15:22:08;;Souscription en cours;Coordonnées personnelles;131.12
809;21/05/2026 15:21:16;;Dossier refusé;Saisie société;646.48
810;21/05/2026 15:21:16;;Dossier refusé;Saisie société;705.20
811;21/05/2026 15:16:02;;Souscription en cours;Bénéficiaire effectifs;810.70
812;21/05/2026 15:16:02;;Souscription en cours;Bénéficiaire effectifs;474.23
813;21/05/2026 15:12:11;;Souscription en cours;Choix de l'offre et livraison;303.45
814;21/05/2026 15:12:11;;Souscription en cours;Choix de l'offre et livraison;651.37
815;21/05/2026 15:07:10;;Dossier validé;Parcours terminé;931.74
816;21/05/2026 15:07:10;;Dossier validé;Parcours terminé;521.47
817;21/05/2026 15:01:55;;Dossier validé;Parcours terminé;568.06
818;21/05/2026 15:01:55;;Dossier validé;Parcours terminé;467.60
819;21/05/2026 15:01:30;;Dossier validé;Parcours terminé;853.51
820;21/05/2026 15:01:30;;Dossier validé;Parcours terminé;804.77
821;21/05/2026 14:57:20;;Dossier validé;Parcours terminé;660.14
822;21/05/2026 14:57:20;;Dossier validé;Parcours terminé;872.83
823;21/05/2026 14:55:16;;Souscription en cours;Choix de l'offre et livraison;450.02
824;21/05/2026 14:55:16;;Souscription en cours;Choix de l'offre et livraison;742.97
825;21/05/2026 14:54:53;;Souscription en cours;Choix de l'offre et livraison;116.70
826;21/05/2026 14:54:53;;Souscription en cours;Choix de l'offre et livraison;360.89
827;21/05/2026 14:53:31;;En attente d'analyse Agent - Dossier avec erreurs;Signature Contrat;112.61
828;21/05/2026 14:53:31;;En attente d'analyse Agent - Dossier avec erreurs;Signature Contrat;811.84
829;21/05/2026 14:44:13;;Souscription non démarrée;Parcours non démarré;998.07
830;21/05/2026 14:44:13;;Souscription non démarrée;Parcours non démarré;517.76
831;21/05/2026 14:42:22;;Dossier validé;Parcours terminé;574.64
832;21/05/2026 14:42:22;;Dossier validé;Parcours terminé;927.55
833;21/05/2026 14:32:04;;Dossier validé;Parcours terminé;524.46
834;21/05/2026 14:32:04;;Dossier validé;Parcours terminé;191.99
835;21/05/2026 14:29:10;;Souscription en cours;Choix de l'offre et livraison;999.78
836;21/05/2026 14:29:10;;Souscription en cours;Choix de l'offre et livraison;858.40
837;21/05/2026 14:22:33;;Souscription en cours;Vérification d'identité;454.05
838;21/05/2026 14:22:33;;Souscription en cours;Vérification d'identité;409.03
839;21/05/2026 14:10:28;;Dossier refusé;Saisie société;504.59
840;21/05/2026 14:10:28;;Dossier refusé;Saisie société;694.42
841;21/05/2026 14:10:06;;Souscription non démarrée;Parcours non démarré;366.99
842;21/05/2026 14:10:06;;Souscription non démarrée;Parcours non démarré;195.51
843;21/05/2026 14:08:37;;Souscription en cours;Choix de l'offre et livraison;244.23
844;21/05/2026 14:08:37;;Souscription en cours;Choix de l'offre et livraison;593.55
845;21/05/2026 13:55:32;;Souscription non démarrée;Parcours non démarré;532.79
846;21/05/2026 13:55:32;;Souscription non démarrée;Parcours non démarré;205.89
847;21/05/2026 13:53:38;;Souscription en cours;Coordonnées personnelles;952.95
848;21/05/2026 13:53:38;;Souscription en cours;Coordonnées personnelles;767.80
849;21/05/2026 13:50:56;;Souscription en cours;Informations complémentaires (CA, Profession, etc.);633.80
850;21/05/2026 13:50:56;;Souscription en cours;Informations complémentaires (CA, Profession, etc.);936.33
851;21/05/2026 13:50:37;;Dossier validé;Parcours terminé;462.68
852;21/05/2026 13:50:37;;Dossier validé;Parcours terminé;109.16
853;21/05/2026 13:50:24;;Souscription non démarrée;Parcours non démarré;277.58
854;21/05/2026 13:50:24;;Souscription non démarrée;Parcours non démarré;477.55
855;21/05/2026 13:49:02;;Dossier validé;Parcours terminé;801.08
856;21/05/2026 13:49:02;;Dossier validé;Parcours terminé;909.55
857;21/05/2026 13:48:44;;Souscription en cours;Coordonnées personnelles;407.26
858;21/05/2026 13:48:44;;Souscription en cours;Coordonnées personnelles;299.13
859;21/05/2026 13:35:54;;Dossier validé;Parcours terminé;464.40
860;21/05/2026 13:35:54;;Dossier validé;Parcours terminé;841.80
861;21/05/2026 12:53:12;;Souscription en cours;Signature Contrat;165.93
862;21/05/2026 12:53:12;;Souscription en cours;Signature Contrat;232.63
863;21/05/2026 12:47:50;;Souscription en cours;Coordonnées personnelles;662.08
864;21/05/2026 12:47:50;;Souscription en cours;Coordonnées personnelles;401.65
865;21/05/2026 12:46:46;;En attente d'analyse Agent - Dossier avec erreurs;Signature Contrat;457.31
866;21/05/2026 12:46:46;;En attente d'analyse Agent - Dossier avec erreurs;Signature Contrat;338.68
867;21/05/2026 12:44:27;;En attente d'analyse Agent - Dossier avec erreurs;Signature Contrat;701.37
868;21/05/2026 12:44:27;;En attente d'analyse Agent - Dossier avec erreurs;Signature Contrat;300.73
869;21/05/2026 12:40:52;;Souscription en cours;Coordonnées personnelles;830.96
870;21/05/2026 12:40:52;;Souscription en cours;Coordonnées personnelles;402.98
871;21/05/2026 12:31:47;;Souscription non démarrée;Parcours non démarré;180.11
872;21/05/2026 12:31:47;;Souscription non démarrée;Parcours non démarré;376.77
873;21/05/2026 12:21:32;;Dossier validé;Parcours terminé;113.95
874;21/05/2026 12:21:32;;Dossier validé;Parcours terminé;725.99
875;21/05/2026 12:19:51;;Souscription en cours;Coordonnées personnelles;623.58
876;21/05/2026 12:19:51;;Souscription en cours;Coordonnées personnelles;236.50
877;21/05/2026 12:18:11;;Souscription en cours;Informations complémentaires (Etablissements, etc.);893.19
878;21/05/2026 12:18:11;;Souscription en cours;Informations complémentaires (Etablissements, etc.);491.61
879;21/05/2026 12:13:12;Manon LEFEBVRE;Dossier refusé;Signature Contrat;447.98
880;21/05/2026 12:13:12;Manon LEFEBVRE;Dossier refusé;Signature Contrat;297.35
881;21/05/2026 12:10:17;;Souscription non démarrée;Parcours non démarré;562.91
882;21/05/2026 12:10:17;;Souscription non démarrée;Parcours non démarré;130.94
883;21/05/2026 12:02:44;;Souscription non démarrée;Parcours non démarré;527.17
884;21/05/2026 12:02:44;;Souscription non démarrée;Parcours non démarré;630.41
885;21/05/2026 12:02:23;;Dossier validé;Parcours terminé;415.32
886;21/05/2026 12:02:23;;Dossier validé;Parcours terminé;475.04
887;21/05/2026 12:01:26;;En attente d'analyse Agent - Dossier avec erreurs;Signature Contrat;902.31
888;21/05/2026 12:01:26;;En attente d'analyse Agent - Dossier avec erreurs;Signature Contrat;281.58
889;21/05/2026 11:54:55;;Souscription en cours;Coordonnées personnelles;315.28
890;21/05/2026 11:54:55;;Souscription en cours;Coordonnées personnelles;168.84
891;21/05/2026 11:52:23;;Dossier validé;Parcours terminé;333.30
892;21/05/2026 11:52:23;;Dossier validé;Parcours terminé;844.47
893;21/05/2026 11:39:37;;En attente d'analyse Agent - Dossier avec erreurs;Signature Contrat;728.74
894;21/05/2026 11:39:37;;En attente d'analyse Agent - Dossier avec erreurs;Signature Contrat;914.75
895;21/05/2026 11:37:13;;Souscription en cours;Synchronisation référentiel personne NOVA;220.30
896;21/05/2026 11:37:13;;Souscription en cours;Synchronisation référentiel personne NOVA;561.38
897;21/05/2026 11:35:35;;Dossier validé;Parcours terminé;218.11
898;21/05/2026 11:35:35;;Dossier validé;Parcours terminé;776.26
899;21/05/2026 11:32:15;;Souscription en cours;Coordonnées personnelles;101.24
900;21/05/2026 11:32:15;;Souscription en cours;Coordonnées personnelles;823.82
901;21/05/2026 11:24:13;;Souscription en cours;Coordonnées personnelles;117.61
902;21/05/2026 11:24:13;;Souscription en cours;Coordonnées personnelles;675.38
903;21/05/2026 11:13:58;;Souscription en cours;Informations complémentaires (Etablissements, etc.);699.87
904;21/05/2026 11:13:58;;Souscription en cours;Informations complémentaires (Etablissements, etc.);755.03
905;21/05/2026 11:11:16;;Souscription en cours;Choix de l'offre et livraison;325.84
906;21/05/2026 11:11:16;;Souscription en cours;Choix de l'offre et livraison;971.09
907;21/05/2026 11:09:11;;Souscription en cours;Choix de l'offre et livraison;937.24
908;21/05/2026 11:09:11;;Souscription en cours;Choix de l'offre et livraison;683.03
909;21/05/2026 11:05:24;;Souscription en cours;Vérification d'identité;228.68
910;21/05/2026 11:05:24;;Souscription en cours;Vérification d'identité;377.31
911;21/05/2026 11:03:23;;Dossier validé;Parcours terminé;489.95
912;21/05/2026 11:03:23;;Dossier validé;Parcours terminé;310.47
913;21/05/2026 11:01:41;;Dossier refusé;Saisie société;206.92
914;21/05/2026 11:01:41;;Dossier refusé;Saisie société;408.37
915;21/05/2026 10:59:33;;Souscription non démarrée;Parcours non démarré;703.59
916;21/05/2026 10:59:33;;Souscription non démarrée;Parcours non démarré;410.76
917;21/05/2026 10:58:19;;Souscription en cours;Choix de l'offre et livraison;176.12
918;21/05/2026 10:58:19;;Souscription en cours;Choix de l'offre et livraison;373.29
919;21/05/2026 10:53:31;;En attente d'analyse Agent - Dossier avec erreurs;Signature Contrat;420.20
920;21/05/2026 10:53:31;;En attente d'analyse Agent - Dossier avec erreurs;Signature Contrat;781.77
921;21/05/2026 10:53:00;;Souscription en cours;Vérification d'identité;386.92
922;21/05/2026 10:53:00;;Souscription en cours;Vérification d'identité;558.77
923;21/05/2026 10:37:11;;Souscription en cours;Signature Contrat;959.61
924;21/05/2026 10:37:11;;Souscription en cours;Signature Contrat;180.28
925;21/05/2026 10:35:33;;Souscription en cours;Coordonnées personnelles;877.04
926;21/05/2026 10:35:33;;Souscription en cours;Coordonnées personnelles;997.63
927;21/05/2026 10:30:18;;Souscription en cours;Coordonnées personnelles;670.96
928;21/05/2026 10:30:18;;Souscription en cours;Coordonnées personnelles;280.98
929;21/05/2026 10:28:32;;Souscription en cours;Bénéficiaire effectifs;872.01
930;21/05/2026 10:28:32;;Souscription en cours;Bénéficiaire effectifs;910.68
931;21/05/2026 10:13:08;;Dossier validé;Parcours terminé;515.63
932;21/05/2026 10:13:08;;Dossier validé;Parcours terminé;630.53
933;21/05/2026 10:11:18;;Souscription en cours;Choix de l'offre et livraison;517.14
934;21/05/2026 10:11:18;;Souscription en cours;Choix de l'offre et livraison;483.39
935;21/05/2026 10:07:49;;Souscription en cours;Choix de l'offre et livraison;479.37
936;21/05/2026 10:07:49;;Souscription en cours;Choix de l'offre et livraison;339.48
937;21/05/2026 10:07:16;;Souscription en cours;Vérification d'identité;226.71
938;21/05/2026 10:07:16;;Souscription en cours;Vérification d'identité;209.57
939;21/05/2026 09:57:01;;Souscription en cours;Signature Contrat;761.44
940;21/05/2026 09:57:01;;Souscription en cours;Signature Contrat;966.41
941;21/05/2026 09:47:22;;Souscription en cours;Vérification d'identité;195.05
942;21/05/2026 09:47:22;;Souscription en cours;Vérification d'identité;842.53
943;21/05/2026 09:42:57;;Souscription en cours;Informations complémentaires (Etablissements, etc.);925.33
944;21/05/2026 09:42:57;;Souscription en cours;Informations complémentaires (Etablissements, etc.);160.38
945;21/05/2026 09:42:17;;Souscription en cours;Coordonnées personnelles;867.45
946;21/05/2026 09:42:17;;Souscription en cours;Coordonnées personnelles;269.25
947;21/05/2026 09:37:29;;Dossier validé;Parcours terminé;957.24
948;21/05/2026 09:37:29;;Dossier validé;Parcours terminé;371.83
949;21/05/2026 09:23:48;;Souscription en cours;Vérification d'identité;318.22
950;21/05/2026 09:23:48;;Souscription en cours;Vérification d'identité;174.28
951;21/05/2026 09:21:40;;Souscription en cours;Vérification d'identité;381.59
952;21/05/2026 09:21:40;;Souscription en cours;Vérification d'identité;141.91
953;21/05/2026 09:14:40;;Souscription en cours;Vérification d'identité;762.55
954;21/05/2026 09:14:40;;Souscription en cours;Vérification d'identité;412.45
955;21/05/2026 09:13:23;;Souscription en cours;Vérification d'identité;738.35
956;21/05/2026 09:13:23;;Souscription en cours;Vérification d'identité;476.16
957;21/05/2026 09:11:28;;Souscription en cours;Coordonnées personnelles;172.42
958;21/05/2026 09:11:28;;Souscription en cours;Coordonnées personnelles;218.52
959;21/05/2026 09:03:42;;Dossier validé;Parcours terminé;459.75
960;21/05/2026 09:03:42;;Dossier validé;Parcours terminé;259.18
961;21/05/2026 09:02:34;Louis MARTIN;Dossier validé;Parcours terminé;522.99
962;21/05/2026 09:02:34;Louis MARTIN;Dossier validé;Parcours terminé;461.99
963;21/05/2026 09:01:29;;Dossier validé;Parcours terminé;127.54
964;21/05/2026 09:01:29;;Dossier validé;Parcours terminé;886.35
965;21/05/2026 08:39:17;;Souscription en cours;Informations complémentaires (Etablissements, etc.);794.46
966;21/05/2026 08:39:17;;Souscription en cours;Informations complémentaires (Etablissements, etc.);107.99
967;21/05/2026 08:22:11;;En attente d'analyse Agent - Dossier avec erreurs;Signature Contrat;626.05
968;21/05/2026 08:22:11;;En attente d'analyse Agent - Dossier avec erreurs;Signature Contrat;977.17
969;21/05/2026 06:31:29;;Souscription en cours;Synchronisation référentiel personne NOVA;277.98
970;21/05/2026 06:31:29;;Souscription en cours;Synchronisation référentiel personne NOVA;219.17
971;21/05/2026 06:08:35;Hugo MARTIN;Dossier validé;Parcours terminé;450.10
972;21/05/2026 06:08:35;Hugo MARTIN;Dossier validé;Parcours terminé;746.49
973;21/05/2026 06:06:13;;Souscription en cours;Choix de l'offre et livraison;170.24
974;21/05/2026 06:06:13;;Souscription en cours;Choix de l'offre et livraison;259.91
975;21/05/2026 06:05:04;;Dossier validé;Parcours terminé;681.30
976;21/05/2026 06:05:04;;Dossier validé;Parcours terminé;187.16
977;21/05/2026 05:54:28;;Souscription en cours;Coordonnées personnelles;308.20
978;21/05/2026 05:54:28;;Souscription en cours;Coordonnées personnelles;248.87
979;21/05/2026 05:13:41;;Souscription en cours;Coordonnées personnelles;676.66
980;21/05/2026 05:13:41;;Souscription en cours;Coordonnées personnelles;231.45
981;21/05/2026 05:08:30;;En attente d'analyse Agent - Dossier avec erreurs;Signature Contrat;202.58
982;21/05/2026 05:08:30;;En attente d'analyse Agent - Dossier avec erreurs;Signature Contrat;486.15
983;21/05/2026 05:06:53;;Dossier validé;Parcours terminé;411.20
984;21/05/2026 05:06:53;;Dossier validé;Parcours terminé;337.39
985;21/05/2026 04:21:02;;Souscription en cours;Coordonnées personnelles;682.08
986;21/05/2026 04:21:02;;Souscription en cours;Coordonnées personnelles;484.67
987;21/05/2026 03:51:53;;Dossier refusé;Signature Contrat;444.66
988;21/05/2026 03:51:53;;Dossier refusé;Signature Contrat;532.47
989;21/05/2026 03:28:34;;Dossier validé;Parcours terminé;814.41
990;21/05/2026 03:28:34;;Dossier validé;Parcours terminé;115.77
991;21/05/2026 03:22:38;;Dossier validé;Parcours terminé;530.53
992;21/05/2026 03:22:38;;Dossier validé;Parcours terminé;298.29
993;21/05/2026 02:12:53;;Souscription en cours;Signature Contrat;457.92
994;21/05/2026 02:12:53;;Souscription en cours;Signature Contrat;573.51
995;21/05/2026 01:46:43;;Dossier validé;Parcours terminé;647.96
996;21/05/2026 01:46:43;;Dossier validé;Parcours terminé;642.81
997;21/05/2026 01:36:39;;Dossier validé;Parcours terminé;362.47
998;21/05/2026 01:36:39;;Dossier validé;Parcours terminé;382.02
999;21/05/2026 01:28:32;;Dossier validé;Parcours terminé;651.45
1000;21/05/2026 01:28:32;;Dossier validé;Parcours terminé;431.41
1001;21/05/2026 00:35:51;;En attente d'analyse Agent - Dossier avec erreurs;Signature Contrat;712.55
1002;21/05/2026 00:35:51;;En attente d'analyse Agent - Dossier avec erreurs;Signature Contrat;329.86
1003;21/05/2026 00:10:19;;Dossier validé;Parcours terminé;369.76
1004;21/05/2026 00:10:19;;Dossier validé;Parcours terminé;231.51
1005;21/05/2026 00:02:35;;Dossier validé;Parcours terminé;121.67
1006;21/05/2026 00:02:35;;Dossier validé;Parcours terminé;729.08
1007;20/05/2026 23:58:58;;Souscription en cours;Signature Contrat;692.33
1008;20/05/2026 23:58:58;;Souscription en cours;Signature Contrat;432.26
1009;20/05/2026 23:53:40;;Souscription non démarrée;Parcours non démarré;430.00
1010;20/05/2026 23:53:40;;Souscription non démarrée;Parcours non démarré;878.28
1011;20/05/2026 23:28:13;;Souscription non démarrée;Parcours non démarré;623.03
1012;20/05/2026 23:28:13;;Souscription non démarrée;Parcours non démarré;810.21
1013;20/05/2026 22:50:15;;Souscription non démarrée;Parcours non démarré;144.18
1014;20/05/2026 22:50:15;;Souscription non démarrée;Parcours non démarré;439.33
1015;20/05/2026 22:39:43;;Souscription non démarrée;Parcours non démarré;242.34
1016;20/05/2026 22:39:43;;Souscription non démarrée;Parcours non démarré;747.44
1017;20/05/2026 22:29:13;;En attente d'analyse Agent - Dossier avec erreurs;Signature Contrat;895.74
1018;20/05/2026 22:29:13;;En attente d'analyse Agent - Dossier avec erreurs;Signature Contrat;686.56
1019;20/05/2026 22:22:21;;Dossier validé;Parcours terminé;899.81
1020;20/05/2026 22:22:21;;Dossier validé;Parcours terminé;971.38
1021;20/05/2026 22:22:21;;En attente d'analyse Agent - Dossier avec erreurs;Signature Contrat;473.94
1022;20/05/2026 22:22:21;;En attente d'analyse Agent - Dossier avec erreurs;Signature Contrat;559.36
1023;20/05/2026 22:16:09;;Souscription en cours;Vérification d'identité;661.60
1024;20/05/2026 22:16:09;;Souscription en cours;Vérification d'identité;215.82
1025;20/05/2026 22:08:38;;Souscription non démarrée;Parcours non démarré;772.22
1026;20/05/2026 22:08:38;;Souscription non démarrée;Parcours non démarré;763.50
1027;20/05/2026 21:58:21;;Souscription en cours;Coordonnées personnelles;852.53
1028;20/05/2026 21:58:21;;Souscription en cours;Coordonnées personnelles;507.00
1029;20/05/2026 21:52:32;;Souscription non démarrée;Parcours non démarré;513.84
1030;20/05/2026 21:52:32;;Souscription non démarrée;Parcours non démarré;645.07
1031;20/05/2026 21:33:59;;Souscription en cours;Informations complémentaires (Etablissements, etc.);515.74
1032;20/05/2026 21:33:59;;Souscription en cours;Informations complémentaires (Etablissements, etc.);488.64
1033;20/05/2026 21:08:42;;Dossier validé;Parcours terminé;196.10
1034;20/05/2026 21:08:42;;Dossier validé;Parcours terminé;429.18
1035;20/05/2026 21:02:08;;Souscription en cours;Choix de l'offre et livraison;410.22
1036;20/05/2026 21:02:08;;Souscription en cours;Choix de l'offre et livraison;159.19
1037;20/05/2026 20:58:59;;Souscription en cours;Vérification d'identité;518.27
1038;20/05/2026 20:58:59;;Souscription en cours;Vérification d'identité;596.84
1039;20/05/2026 20:55:01;;Dossier validé;Parcours terminé;844.13
1040;20/05/2026 20:55:01;;Dossier validé;Parcours terminé;481.05
1041;20/05/2026 20:54:03;;Dossier validé;Parcours terminé;850.81
1042;20/05/2026 20:54:03;;Dossier validé;Parcours terminé;233.59
1043;20/05/2026 20:51:24;;Souscription en cours;Coordonnées personnelles;938.60
1044;20/05/2026 20:51:24;;Souscription en cours;Coordonnées personnelles;218.31
1045;20/05/2026 20:47:45;;Souscription non démarrée;Parcours non démarré;713.33
1046;20/05/2026 20:47:45;;Souscription non démarrée;Parcours non démarré;847.95
1047;20/05/2026 20:34:40;;En attente d'analyse Agent - Dossier avec erreurs;Signature Contrat;932.12
1048;20/05/2026 20:34:40;;En attente d'analyse Agent - Dossier avec erreurs;Signature Contrat;930.27
1049;20/05/2026 20:28:35;;Souscription en cours;Coordonnées personnelles;206.39
1050;20/05/2026 20:28:35;;Souscription en cours;Coordonnées personnelles;325.46
1051;20/05/2026 20:27:46;;Souscription en cours;Vérification d'identité;236.96
1052;20/05/2026 20:27:46;;Souscription en cours;Vérification d'identité;699.69
1053;20/05/2026 20:02:51;;Souscription en cours;Choix de l'offre et livraison;934.57
1054;20/05/2026 20:02:51;;Souscription en cours;Choix de l'offre et livraison;823.98
1055;20/05/2026 19:56:08;;Dossier validé;Parcours terminé;407.30
1056;20/05/2026 19:56:08;;Dossier validé;Parcours terminé;302.00
1057;20/05/2026 19:54:55;;Souscription en cours;Coordonnées personnelles;135.10
1058;20/05/2026 19:54:55;;Souscription en cours;Coordonnées personnelles;755.54
1059;20/05/2026 19:47:21;;Souscription en cours;Vérification d'identité;886.85
1060;20/05/2026 19:47:21;;Souscription en cours;Vérification d'identité;895.06
1061;20/05/2026 19:43:12;;Souscription en cours;Coordonnées personnelles;953.65
1062;20/05/2026 19:43:12;;Souscription en cours;Coordonnées personnelles;429.65
1063;20/05/2026 19:40:52;;Dossier refusé;Parcours terminé;273.58
1064;20/05/2026 19:40:52;;Dossier refusé;Parcours terminé;782.37
1065;20/05/2026 19:11:19;;Souscription en cours;Vérification d'identité;618.12
1066;20/05/2026 19:11:19;;Souscription en cours;Vérification d'identité;616.22
1067;20/05/2026 19:08:02;;Souscription en cours;Coordonnées personnelles;297.05
1068;20/05/2026 19:08:02;;Souscription en cours;Coordonnées personnelles;924.88
1069;20/05/2026 18:58:15;;Souscription en cours;Coordonnées personnelles;532.46
1070;20/05/2026 18:58:15;;Souscription en cours;Coordonnées personnelles;999.54
1071;20/05/2026 18:55:38;;En attente d'analyse Agent - Dossier avec erreurs;Signature Contrat;872.32
1072;20/05/2026 18:55:38;;En attente d'analyse Agent - Dossier avec erreurs;Signature Contrat;998.52
1073;20/05/2026 18:51:11;;Souscription en cours;Signature Contrat;607.69
1074;20/05/2026 18:51:11;;Souscription en cours;Signature Contrat;743.13
1075;20/05/2026 18:48:31;;Souscription en cours;Vérification d'identité;116.74
1076;20/05/2026 18:48:31;;Souscription en cours;Vérification d'identité;109.44
1077;20/05/2026 18:44:25;;Dossier validé;Parcours terminé;788.83
1078;20/05/2026 18:44:25;;Dossier validé;Parcours terminé;228.33
1079;20/05/2026 18:43:57;;Dossier validé;Parcours terminé;688.11
1080;20/05/2026 18:43:57;;Dossier validé;Parcours terminé;178.64
1081;20/05/2026 18:42:06;;Souscription en cours;Informations complémentaires (CA, Profession, etc.);450.49
1082;20/05/2026 18:42:06;;Souscription en cours;Informations complémentaires (CA, Profession, etc.);427.76
1083;20/05/2026 18:31:42;;Souscription en cours;Coordonnées personnelles;554.34
1084;20/05/2026 18:31:42;;Souscription en cours;Coordonnées personnelles;228.96
1085;20/05/2026 18:29:13;;Souscription non démarrée;Parcours non démarré;682.79
1086;20/05/2026 18:29:13;;Souscription non démarrée;Parcours non démarré;507.78
1087;20/05/2026 18:11:20;;Souscription en cours;Choix de l'offre et livraison;273.99
1088;20/05/2026 18:11:20;;Souscription en cours;Choix de l'offre et livraison;318.18
1089;20/05/2026 18:02:25;;Dossier validé;Parcours terminé;197.68
1090;20/05/2026 18:02:25;;Dossier validé;Parcours terminé;218.56
1091;20/05/2026 17:59:46;;Souscription en cours;Coordonnées personnelles;461.81
1092;20/05/2026 17:59:46;;Souscription en cours;Coordonnées personnelles;416.46
1093;20/05/2026 17:56:20;;Dossier refusé;Signature Contrat;503.74
1094;20/05/2026 17:56:20;;Dossier refusé;Signature Contrat;492.59
1095;20/05/2026 17:53:19;;Souscription en cours;Coordonnées personnelles;386.89
1096;20/05/2026 17:53:19;;Souscription en cours;Coordonnées personnelles;419.15
1097;20/05/2026 17:51:52;;En attente d'analyse Agent - Dossier avec erreurs;Signature Contrat;224.41
1098;20/05/2026 17:51:52;;En attente d'analyse Agent - Dossier avec erreurs;Signature Contrat;554.80
1099;20/05/2026 17:48:47;;Dossier validé;Parcours terminé;225.57
1100;20/05/2026 17:48:47;;Dossier validé;Parcours terminé;160.81
1101;20/05/2026 17:45:00;;Souscription en cours;Coordonnées personnelles;667.48
1102;20/05/2026 17:45:00;;Souscription en cours;Coordonnées personnelles;919.04
1103;20/05/2026 17:42:09;;Dossier validé;Parcours terminé;393.33
1104;20/05/2026 17:42:09;;Dossier validé;Parcours terminé;210.62
1105;20/05/2026 17:38:38;;En attente d'analyse Agent - Dossier avec erreurs;Signature Contrat;988.90
1106;20/05/2026 17:38:38;;En attente d'analyse Agent - Dossier avec erreurs;Signature Contrat;705.72
1107;20/05/2026 17:37:51;;Souscription en cours;Coordonnées personnelles;956.96
1108;20/05/2026 17:37:51;;Souscription en cours;Coordonnées personnelles;977.47
1109;20/05/2026 17:27:22;Hugo DUBOIS;Dossier validé;Parcours terminé;776.25
1110;20/05/2026 17:27:22;Hugo DUBOIS;Dossier validé;Parcours terminé;994.97
1111;20/05/2026 17:27:00;;Souscription en cours;Signature Contrat;188.54
1112;20/05/2026 17:27:00;;Souscription en cours;Signature Contrat;118.35
1113;20/05/2026 17:26:55;;Souscription en cours;Coordonnées personnelles;349.47
1114;20/05/2026 17:26:55;;Souscription en cours;Coordonnées personnelles;338.85
1115;20/05/2026 17:26:12;;Souscription en cours;Coordonnées personnelles;995.41
1116;20/05/2026 17:26:12;;Souscription en cours;Coordonnées personnelles;983.41
1117;20/05/2026 17:24:39;;Souscription en cours;Coordonnées personnelles;851.54
1118;20/05/2026 17:24:39;;Souscription en cours;Coordonnées personnelles;873.80
1119;20/05/2026 17:24:29;;Souscription en cours;Coordonnées personnelles;392.49
1120;20/05/2026 17:24:29;;Souscription en cours;Coordonnées personnelles;809.08
1121;20/05/2026 17:24:24;;Souscription non démarrée;Parcours non démarré;574.46
1122;20/05/2026 17:24:24;;Souscription non démarrée;Parcours non démarré;897.99
1123;20/05/2026 17:21:38;Z5750800;Dossier validé;Parcours terminé;782.40
1124;20/05/2026 17:21:38;Z5750800;Dossier validé;Parcours terminé;130.31
1125;20/05/2026 17:17:09;;Souscription non démarrée;Parcours non démarré;622.37
1126;20/05/2026 17:17:09;;Souscription non démarrée;Parcours non démarré;516.56
1127;20/05/2026 17:16:33;;Dossier validé;Parcours terminé;993.68
1128;20/05/2026 17:16:33;;Dossier validé;Parcours terminé;393.04
1129;20/05/2026 17:13:44;;En attente d'analyse Agent - Dossier avec erreurs;Signature Contrat;823.42
1130;20/05/2026 17:13:44;;En attente d'analyse Agent - Dossier avec erreurs;Signature Contrat;717.81
1131;20/05/2026 17:12:07;Manon LEFEBVRE;Dossier validé;Parcours terminé;116.69
1132;20/05/2026 17:12:07;Manon LEFEBVRE;Dossier validé;Parcours terminé;538.03
1133;20/05/2026 17:12:05;;Souscription en cours;Coordonnées personnelles;350.88
1134;20/05/2026 17:12:05;;Souscription en cours;Coordonnées personnelles;744.84
1135;20/05/2026 17:11:12;;En attente d'analyse Agent - Dossier avec erreurs;Signature Contrat;640.50
1136;20/05/2026 17:11:12;;En attente d'analyse Agent - Dossier avec erreurs;Signature Contrat;389.33
1137;20/05/2026 17:07:37;Zoé MULLER;Dossier validé;Parcours terminé;287.92
1138;20/05/2026 17:07:37;Zoé MULLER;Dossier validé;Parcours terminé;865.91
1139;20/05/2026 17:05:11;;Dossier refusé;Signature Contrat;173.73
1140;20/05/2026 17:05:11;;Dossier refusé;Signature Contrat;908.29
1141;20/05/2026 17:03:24;;Souscription en cours;Bénéficiaire effectifs;393.88
1142;20/05/2026 17:03:24;;Souscription en cours;Bénéficiaire effectifs;447.10
1143;20/05/2026 16:50:47;;Dossier validé;Parcours terminé;875.29
1144;20/05/2026 16:50:47;;Dossier validé;Parcours terminé;551.26
1145;20/05/2026 16:48:52;;Dossier refusé;Signature Contrat;229.76
1146;20/05/2026 16:48:52;;Dossier refusé;Signature Contrat;679.97
1147;20/05/2026 16:41:29;;Souscription en cours;Coordonnées personnelles;547.90
1148;20/05/2026 16:41:29;;Souscription en cours;Coordonnées personnelles;215.68
1149;20/05/2026 16:33:16;;Souscription en cours;Coordonnées personnelles;988.56
1150;20/05/2026 16:33:16;;Souscription en cours;Coordonnées personnelles;786.73
1151;20/05/2026 16:31:02;;Souscription en cours;Vérification d'identité;497.69
1152;20/05/2026 16:31:02;;Souscription en cours;Vérification d'identité;109.92
1153;20/05/2026 16:30:28;;Souscription non démarrée;Parcours non démarré;228.14
1154;20/05/2026 16:30:28;;Souscription non démarrée;Parcours non démarré;200.05
1155;20/05/2026 16:28:14;;Souscription en cours;Choix de l'offre et livraison;107.47
1156;20/05/2026 16:28:14;;Souscription en cours;Choix de l'offre et livraison;688.30
1157;20/05/2026 16:27:29;;Souscription en cours;Coordonnées personnelles;500.63
1158;20/05/2026 16:27:29;;Souscription en cours;Coordonnées personnelles;790.16
1159;20/05/2026 16:26:42;;Souscription en cours;Vérification d'identité;843.20
1160;20/05/2026 16:26:42;;Souscription en cours;Vérification d'identité;451.87
1161;20/05/2026 16:26:30;;Dossier validé;Parcours terminé;373.41
1162;20/05/2026 16:26:30;;Dossier validé;Parcours terminé;286.53
1163;20/05/2026 16:21:11;;Dossier refusé;Saisie société;940.64
1164;20/05/2026 16:21:11;;Dossier refusé;Saisie société;656.51
1165;20/05/2026 16:08:52;;Souscription en cours;Informations complémentaires (CA, Profession, etc.);163.06
1166;20/05/2026 16:08:52;;Souscription en cours;Informations complémentaires (CA, Profession, etc.);605.80
1167;20/05/2026 15:55:21;;Souscription en cours;Signature Contrat;679.83
1168;20/05/2026 15:55:21;;Souscription en cours;Signature Contrat;524.49
1169;20/05/2026 15:55:00;;En attente d'analyse Agent - Dossier avec erreurs;Signature Contrat;534.51
1170;20/05/2026 15:55:00;;En attente d'analyse Agent - Dossier avec erreurs;Signature Contrat;777.90
1171;20/05/2026 15:52:31;;Souscription en cours;Signature Contrat;281.65
1172;20/05/2026 15:52:31;;Souscription en cours;Signature Contrat;416.82
1173;20/05/2026 15:51:36;;Souscription en cours;Coordonnées personnelles;599.20
1174;20/05/2026 15:51:36;;Souscription en cours;Coordonnées personnelles;218.08
1175;20/05/2026 15:47:33;;En attente d'analyse Agent - Dossier avec erreurs;Signature Contrat;568.36
1176;20/05/2026 15:47:33;;En attente d'analyse Agent - Dossier avec erreurs;Signature Contrat;494.89
1177;20/05/2026 15:46:54;;Dossier refusé;Saisie société;719.62
1178;20/05/2026 15:46:54;;Dossier refusé;Saisie société;129.25
1179;20/05/2026 15:42:05;;Dossier refusé;Signature Contrat;733.52
1180;20/05/2026 15:42:05;;Dossier refusé;Signature Contrat;137.96
1181;20/05/2026 15:41:27;;Dossier refusé;Saisie société;224.49
1182;20/05/2026 15:41:27;;Dossier refusé;Saisie société;769.14
1183;20/05/2026 15:39:06;;Souscription en cours;Coordonnées personnelles;960.39
1184;20/05/2026 15:39:06;;Souscription en cours;Coordonnées personnelles;123.50
1185;20/05/2026 15:36:28;;Souscription non démarrée;Parcours non démarré;801.49
1186;20/05/2026 15:36:28;;Souscription non démarrée;Parcours non démarré;458.53
1187;20/05/2026 15:30:52;;Dossier validé;Parcours terminé;223.23
1188;20/05/2026 15:30:52;;Dossier validé;Parcours terminé;691.39
1189;20/05/2026 15:27:11;;Dossier validé;Parcours terminé;528.41
1190;20/05/2026 15:27:11;;Dossier validé;Parcours terminé;255.11
1191;20/05/2026 15:24:01;;Dossier validé;Parcours terminé;181.48
1192;20/05/2026 15:24:01;;Dossier validé;Parcours terminé;147.72
1193;20/05/2026 15:23:38;;Dossier validé;Parcours terminé;621.68
1194;20/05/2026 15:23:38;;Dossier validé;Parcours terminé;713.35
1195;20/05/2026 15:22:51;;Dossier validé;Parcours terminé;982.05
1196;20/05/2026 15:22:51;;Dossier validé;Parcours terminé;846.01
1197;20/05/2026 15:22:46;;Souscription en cours;Vérification d'identité;536.59
1198;20/05/2026 15:22:46;;Souscription en cours;Vérification d'identité;923.91
1199;20/05/2026 15:21:37;;Dossier validé;Parcours terminé;352.12
1200;20/05/2026 15:21:37;;Dossier validé;Parcours terminé;181.67
1201;20/05/2026 15:19:46;;Souscription en cours;Coordonnées personnelles;453.42
1202;20/05/2026 15:19:46;;Souscription en cours;Coordonnées personnelles;443.14
1203;20/05/2026 15:18:56;;En attente d'analyse Agent - Dossier avec erreurs;Signature Contrat;582.06
1204;20/05/2026 15:18:56;;En attente d'analyse Agent - Dossier avec erreurs;Signature Contrat;523.57
1205;20/05/2026 15:12:10;;Souscription en cours;Signature Contrat;951.13
1206;20/05/2026 15:12:10;;Souscription en cours;Signature Contrat;955.47
1207;20/05/2026 15:09:06;;Dossier validé;Parcours terminé;535.85
1208;20/05/2026 15:09:06;;Dossier validé;Parcours terminé;139.30
1209;20/05/2026 15:08:57;;Dossier validé;Parcours terminé;794.39
1210;20/05/2026 15:08:57;;Dossier validé;Parcours terminé;605.20
1211;20/05/2026 15:08:49;;Souscription en cours;Signature Contrat;339.07
1212;20/05/2026 15:08:49;;Souscription en cours;Signature Contrat;393.80
1213;20/05/2026 15:02:34;;Dossier validé;Parcours terminé;685.68
1214;20/05/2026 15:02:34;;Dossier validé;Parcours terminé;253.33
1215;20/05/2026 14:58:26;;Souscription en cours;Vérification d'identité;521.39
1216;20/05/2026 14:58:26;;Souscription en cours;Vérification d'identité;951.95
1217;20/05/2026 14:54:41;;Dossier validé;Parcours terminé;181.34
1218;20/05/2026 14:54:41;;Dossier validé;Parcours terminé;264.01
1219;20/05/2026 14:54:26;;Souscription en cours;Informations complémentaires (Etablissements, etc.);859.19
1220;20/05/2026 14:54:26;;Souscription en cours;Informations complémentaires (Etablissements, etc.);272.79
1221;20/05/2026 14:47:39;;Dossier refusé;Saisie société;166.57
1222;20/05/2026 14:47:39;;Dossier refusé;Saisie société;592.90
1223;20/05/2026 14:46:50;;En attente d'analyse Agent - Dossier avec erreurs;Signature Contrat;879.86
1224;20/05/2026 14:46:50;;En attente d'analyse Agent - Dossier avec erreurs;Signature Contrat;404.02
1225;20/05/2026 14:46:25;;Souscription en cours;Coordonnées personnelles;123.11
1226;20/05/2026 14:46:25;;Souscription en cours;Coordonnées personnelles;114.73
1227;20/05/2026 14:44:00;;Souscription en cours;Bénéficiaire effectifs;832.87
1228;20/05/2026 14:44:00;;Souscription en cours;Bénéficiaire effectifs;624.18
1229;20/05/2026 14:41:47;;En attente d'analyse Agent - Dossier sans erreur;Parcours terminé;209.58
1230;20/05/2026 14:41:47;;En attente d'analyse Agent - Dossier sans erreur;Parcours terminé;879.86
1231;20/05/2026 14:40:25;;Souscription en cours;Informations complémentaires (Etablissements, etc.);168.16
1232;20/05/2026 14:40:25;;Souscription en cours;Informations complémentaires (Etablissements, etc.);403.50
1233;20/05/2026 14:39:12;;Souscription en cours;Coordonnées personnelles;395.90
1234;20/05/2026 14:39:12;;Souscription en cours;Coordonnées personnelles;346.06
1235;20/05/2026 14:36:01;;Souscription en cours;Vérification d'identité;467.14
1236;20/05/2026 14:36:01;;Souscription en cours;Vérification d'identité;983.96
1237;20/05/2026 14:35:48;;Dossier validé;Parcours terminé;942.05
1238;20/05/2026 14:35:48;;Dossier validé;Parcours terminé;214.79
1239;20/05/2026 14:33:38;;Souscription en cours;Vérification d'identité;461.83
1240;20/05/2026 14:33:38;;Souscription en cours;Vérification d'identité;750.83
1241;20/05/2026 14:30:35;;Souscription en cours;Choix de l'offre et livraison;556.28
1242;20/05/2026 14:30:35;;Souscription en cours;Choix de l'offre et livraison;862.63
1243;20/05/2026 14:27:37;;Dossier validé;Parcours terminé;742.22
1244;20/05/2026 14:27:37;;Dossier validé;Parcours terminé;830.23
1245;20/05/2026 14:18:07;;Souscription en cours;Coordonnées personnelles;754.52
1246;20/05/2026 14:18:07;;Souscription en cours;Coordonnées personnelles;344.71
1247;20/05/2026 14:07:50;;Souscription en cours;Informations complémentaires (CA, Profession, etc.);492.37
1248;20/05/2026 14:07:50;;Souscription en cours;Informations complémentaires (CA, Profession, etc.);372.40
1249;20/05/2026 14:04:47;;Souscription en cours;Vérification d'identité;766.12
1250;20/05/2026 14:04:47;;Souscription en cours;Vérification d'identité;923.80
1251;20/05/2026 13:48:07;;Dossier validé;Parcours terminé;605.49
1252;20/05/2026 13:48:07;;Dossier validé;Parcours terminé;630.99
1253;20/05/2026 13:40:16;;Souscription non démarrée;Parcours non démarré;350.25
1254;20/05/2026 13:40:16;;Souscription non démarrée;Parcours non démarré;802.44
1255;20/05/2026 13:37:22;;Souscription en cours;Coordonnées personnelles;741.17
1256;20/05/2026 13:37:22;;Souscription en cours;Coordonnées personnelles;280.88
1257;20/05/2026 13:33:22;;Souscription en cours;Coordonnées personnelles;889.85
1258;20/05/2026 13:33:22;;Souscription en cours;Coordonnées personnelles;466.14
1259;20/05/2026 13:27:41;;Souscription en cours;Informations complémentaires (CA, Profession, etc.);604.28
1260;20/05/2026 13:27:41;;Souscription en cours;Informations complémentaires (CA, Profession, etc.);563.91
1261;20/05/2026 13:24:47;;Souscription non démarrée;Parcours non démarré;487.76
1262;20/05/2026 13:24:47;;Souscription non démarrée;Parcours non démarré;634.12
1263;20/05/2026 13:24:17;;Souscription en cours;Vérification d'identité;615.82
1264;20/05/2026 13:24:17;;Souscription en cours;Vérification d'identité;879.49
1265;20/05/2026 13:14:48;;Souscription en cours;Coordonnées personnelles;359.92
1266;20/05/2026 13:14:48;;Souscription en cours;Coordonnées personnelles;516.20
1267;20/05/2026 13:14:38;;Souscription en cours;Signature Contrat;850.05
1268;20/05/2026 13:14:38;;Souscription en cours;Signature Contrat;907.41
1269;20/05/2026 13:12:13;;Dossier validé;Parcours terminé;159.01
1270;20/05/2026 13:12:13;;Dossier validé;Parcours terminé;664.32
1271;20/05/2026 13:04:37;;En attente d'analyse Agent - Dossier avec erreurs;Signature Contrat;311.76
1272;20/05/2026 13:04:37;;En attente d'analyse Agent - Dossier avec erreurs;Signature Contrat;177.72
1273;20/05/2026 12:57:40;;Dossier validé;Parcours terminé;886.37
1274;20/05/2026 12:57:40;;Dossier validé;Parcours terminé;650.09
1275;20/05/2026 12:56:53;;Dossier refusé;Saisie société;319.59
1276;20/05/2026 12:56:53;;Dossier refusé;Saisie société;156.75
1277;20/05/2026 12:50:01;;Dossier validé;Parcours terminé;700.87
1278;20/05/2026 12:50:01;;Dossier validé;Parcours terminé;187.39
1279;20/05/2026 12:36:24;;Dossier refusé;Saisie société;603.89
1280;20/05/2026 12:36:24;;Dossier refusé;Saisie société;445.28
1281;20/05/2026 12:34:05;;Souscription en cours;Choix de l'offre et livraison;651.35
1282;20/05/2026 12:34:05;;Souscription en cours;Choix de l'offre et livraison;484.62
1283;20/05/2026 12:32:32;;Souscription non démarrée;Parcours non démarré;935.83
1284;20/05/2026 12:32:32;;Souscription non démarrée;Parcours non démarré;731.47
1285;20/05/2026 12:09:38;;Souscription en cours;Coordonnées personnelles;595.01
1286;20/05/2026 12:09:38;;Souscription en cours;Coordonnées personnelles;634.56
1287;20/05/2026 12:05:00;;Souscription en cours;Coordonnées personnelles;956.10
1288;20/05/2026 12:05:00;;Souscription en cours;Coordonnées personnelles;808.85
1289;20/05/2026 12:04:27;;Souscription en cours;Signature Contrat;602.17
1290;20/05/2026 12:04:27;;Souscription en cours;Signature Contrat;964.44
1291;20/05/2026 12:04:17;;Souscription en cours;Coordonnées personnelles;750.84
1292;20/05/2026 12:04:17;;Souscription en cours;Coordonnées personnelles;390.00
1293;20/05/2026 12:01:05;Adam MARTIN;Dossier validé;Parcours terminé;535.46
1294;20/05/2026 12:01:05;Adam MARTIN;Dossier validé;Parcours terminé;896.30
1295;20/05/2026 11:54:52;;Dossier validé;Parcours terminé;671.49
1296;20/05/2026 11:54:52;;Dossier validé;Parcours terminé;724.73
1297;20/05/2026 11:54:47;;Souscription en cours;Coordonnées personnelles;218.75
1298;20/05/2026 11:54:47;;Souscription en cours;Coordonnées personnelles;554.17
1299;20/05/2026 11:36:01;;Dossier validé;Parcours terminé;287.75
1300;20/05/2026 11:36:01;;Dossier validé;Parcours terminé;901.82
1301;20/05/2026 11:32:55;;Souscription en cours;Informations complémentaires (Etablissements, etc.);828.98
1302;20/05/2026 11:32:55;;Souscription en cours;Informations complémentaires (Etablissements, etc.);792.73
1303;20/05/2026 11:32:22;;Souscription en cours;Choix de l'offre et livraison;646.39
1304;20/05/2026 11:32:22;;Souscription en cours;Choix de l'offre et livraison;366.44
1305;20/05/2026 11:26:48;;Souscription en cours;Informations complémentaires (Etablissements, etc.);214.17
1306;20/05/2026 11:26:48;;Souscription en cours;Informations complémentaires (Etablissements, etc.);993.87
1307;20/05/2026 11:26:08;;Souscription en cours;Bénéficiaire effectifs;679.50
1308;20/05/2026 11:26:08;;Souscription en cours;Bénéficiaire effectifs;861.69
1309;20/05/2026 11:19:35;;Souscription non démarrée;Parcours non démarré;461.52
1310;20/05/2026 11:19:35;;Souscription non démarrée;Parcours non démarré;208.57
1311;20/05/2026 11:18:32;Adam LAURENT;Dossier refusé;Bénéficiaire effectifs;627.88
1312;20/05/2026 11:18:32;Adam LAURENT;Dossier refusé;Bénéficiaire effectifs;678.25
1313;20/05/2026 11:17:47;;Souscription en cours;Signature Contrat;760.86
1314;20/05/2026 11:17:47;;Souscription en cours;Signature Contrat;676.90
1315;20/05/2026 11:16:32;;Souscription en cours;Coordonnées personnelles;361.74
1316;20/05/2026 11:16:32;;Souscription en cours;Coordonnées personnelles;352.13
1317;20/05/2026 11:09:20;;Dossier validé;Parcours terminé;178.67
1318;20/05/2026 11:09:20;;Dossier validé;Parcours terminé;374.07
1319;20/05/2026 11:08:16;;Dossier validé;Parcours terminé;406.19
1320;20/05/2026 11:08:16;;Dossier validé;Parcours terminé;331.35
1321;20/05/2026 11:05:27;;Dossier validé;Parcours terminé;371.43
1322;20/05/2026 11:05:27;;Dossier validé;Parcours terminé;850.92
1323;20/05/2026 11:04:07;;Souscription en cours;Synchronisation référentiel personne NOVA;264.90
1324;20/05/2026 11:04:07;;Souscription en cours;Synchronisation référentiel personne NOVA;920.64
1325;20/05/2026 11:01:17;;Dossier validé;Parcours terminé;525.61
1326;20/05/2026 11:01:17;;Dossier validé;Parcours terminé;194.55
1327;20/05/2026 10:55:07;;Souscription en cours;Choix de l'offre et livraison;765.63
1328;20/05/2026 10:55:07;;Souscription en cours;Choix de l'offre et livraison;476.07
1329;20/05/2026 10:49:55;;En attente d'analyse Agent - Dossier avec erreurs;Signature Contrat;339.16
1330;20/05/2026 10:49:55;;En attente d'analyse Agent - Dossier avec erreurs;Signature Contrat;110.63
1331;20/05/2026 10:46:27;;Souscription en cours;Coordonnées personnelles;405.21
1332;20/05/2026 10:46:27;;Souscription en cours;Coordonnées personnelles;541.29
1333;20/05/2026 10:43:54;;Dossier validé;Parcours terminé;214.91
1334;20/05/2026 10:43:54;;Dossier validé;Parcours terminé;805.98
1335;20/05/2026 10:41:37;;En attente d'analyse Agent - Dossier avec erreurs;Signature Contrat;354.78
1336;20/05/2026 10:41:37;;En attente d'analyse Agent - Dossier avec erreurs;Signature Contrat;964.21
1337;20/05/2026 10:39:45;;Dossier validé;Parcours terminé;149.49
1338;20/05/2026 10:39:45;;Dossier validé;Parcours terminé;401.14
1339;20/05/2026 10:39:22;;Souscription en cours;Coordonnées personnelles;779.70
1340;20/05/2026 10:39:22;;Souscription en cours;Coordonnées personnelles;402.25
1341;20/05/2026 10:36:41;;En attente d'analyse Agent - Dossier avec erreurs;Signature Contrat;452.61
1342;20/05/2026 10:36:41;;En attente d'analyse Agent - Dossier avec erreurs;Signature Contrat;138.74
1343;20/05/2026 10:34:20;;Dossier validé;Parcours terminé;380.98
1344;20/05/2026 10:34:20;;Dossier validé;Parcours terminé;411.86
1345;20/05/2026 10:27:18;;Dossier refusé;Saisie société;187.66
1346;20/05/2026 10:27:18;;Dossier refusé;Saisie société;757.88
1347;20/05/2026 10:20:33;;Dossier validé;Parcours terminé;413.99
1348;20/05/2026 10:20:33;;Dossier validé;Parcours terminé;486.46
1349;20/05/2026 10:17:02;;Souscription en cours;Choix de l'offre et livraison;701.41
1350;20/05/2026 10:17:02;;Souscription en cours;Choix de l'offre et livraison;585.33
1351;20/05/2026 10:08:07;;Dossier validé;Parcours terminé;641.06
1352;20/05/2026 10:08:07;;Dossier validé;Parcours terminé;206.19
1353;20/05/2026 10:05:32;;Dossier validé;Parcours terminé;785.51
1354;20/05/2026 10:05:32;;Dossier validé;Parcours terminé;511.04
1355;20/05/2026 10:00:33;;En attente d'analyse Agent - Dossier avec erreurs;Signature Contrat;202.72
1356;20/05/2026 10:00:33;;En attente d'analyse Agent - Dossier avec erreurs;Signature Contrat;275.09
1357;20/05/2026 09:40:31;;Souscription non démarrée;Parcours non démarré;663.55
1358;20/05/2026 09:40:31;;Souscription non démarrée;Parcours non démarré;205.70
1359;20/05/2026 09:36:50;;Souscription en cours;Coordonnées personnelles;403.42
1360;20/05/2026 09:36:50;;Souscription en cours;Coordonnées personnelles;146.18
1361;20/05/2026 09:23:24;Z5681453;Dossier refusé;Signature Contrat;786.29
1362;20/05/2026 09:23:24;Z5681453;Dossier refusé;Signature Contrat;870.72
1363;20/05/2026 09:20:06;;Dossier validé;Parcours terminé;194.95
1364;20/05/2026 09:20:06;;Dossier validé;Parcours terminé;646.07
1365;20/05/2026 09:10:35;;Souscription en cours;Choix de l'offre et livraison;153.99
1366;20/05/2026 09:10:35;;Souscription en cours;Choix de l'offre et livraison;616.89
1367;20/05/2026 09:07:55;;Souscription non démarrée;Parcours non démarré;196.13
1368;20/05/2026 09:07:55;;Souscription non démarrée;Parcours non démarré;937.64
1369;20/05/2026 08:53:10;;Souscription en cours;Coordonnées personnelles;781.56
1370;20/05/2026 08:53:10;;Souscription en cours;Coordonnées personnelles;424.55
1371;20/05/2026 08:37:05;;Souscription en cours;Coordonnées personnelles;641.19
1372;20/05/2026 08:37:05;;Souscription en cours;Coordonnées personnelles;568.86
1373;20/05/2026 08:34:32;;Souscription en cours;Choix de l'offre et livraison;698.76
1374;20/05/2026 08:34:32;;Souscription en cours;Choix de l'offre et livraison;326.30
1375;20/05/2026 08:27:00;;Souscription en cours;Choix de l'offre et livraison;605.95
1376;20/05/2026 08:27:00;;Souscription en cours;Choix de l'offre et livraison;554.15
1377;20/05/2026 08:23:59;;Dossier refusé;Coordonnées personnelles;529.66
1378;20/05/2026 08:23:59;;Dossier refusé;Coordonnées personnelles;314.27
1379;20/05/2026 08:17:07;;Dossier validé;Parcours terminé;998.91
1380;20/05/2026 08:17:07;;Dossier validé;Parcours terminé;142.71
1381;20/05/2026 07:55:04;;Dossier validé;Parcours terminé;373.52
1382;20/05/2026 07:55:04;;Dossier validé;Parcours terminé;353.19
1383;20/05/2026 07:54:26;;En attente d'analyse Agent - Dossier avec erreurs;Signature Contrat;491.61
1384;20/05/2026 07:54:26;;En attente d'analyse Agent - Dossier avec erreurs;Signature Contrat;374.07
1385;20/05/2026 07:50:43;;Dossier refusé;Saisie société;207.30
1386;20/05/2026 07:50:43;;Dossier refusé;Saisie société;625.91
1387;20/05/2026 07:50:21;;Dossier validé;Parcours terminé;646.57
1388;20/05/2026 07:50:21;;Dossier validé;Parcours terminé;833.29
1389;20/05/2026 07:50:13;;Souscription en cours;Coordonnées personnelles;402.42
1390;20/05/2026 07:50:13;;Souscription en cours;Coordonnées personnelles;791.76
1391;20/05/2026 07:37:53;;Souscription en cours;Coordonnées personnelles;585.17
1392;20/05/2026 07:37:53;;Souscription en cours;Coordonnées personnelles;300.99
1393;20/05/2026 07:01:49;;Souscription en cours;Coordonnées personnelles;357.33
1394;20/05/2026 07:01:49;;Souscription en cours;Coordonnées personnelles;759.44
1395;20/05/2026 06:30:31;Manon LEFEBVRE;Dossier validé;Parcours terminé;438.45
1396;20/05/2026 06:30:31;Manon LEFEBVRE;Dossier validé;Parcours terminé;701.29
1397;20/05/2026 06:22:50;;En attente d'analyse Agent - Dossier avec erreurs;Signature Contrat;356.45
1398;20/05/2026 06:22:50;;En attente d'analyse Agent - Dossier avec erreurs;Signature Contrat;937.97
1399;20/05/2026 05:38:11;;En attente d'analyse Agent - Dossier avec erreurs;Signature Contrat;118.86
1400;20/05/2026 05:38:11;;En attente d'analyse Agent - Dossier avec erreurs;Signature Contrat;951.43
1401;20/05/2026 05:27:15;;Dossier refusé;Saisie société;850.18
1402;20/05/2026 05:27:15;;Dossier refusé;Saisie société;839.12
1403;20/05/2026 05:24:42;;En attente d'analyse Agent - Dossier avec erreurs;Signature Contrat;224.00
1404;20/05/2026 05:24:42;;En attente d'analyse Agent - Dossier avec erreurs;Signature Contrat;781.24
1405;20/05/2026 02:57:25;;Souscription en cours;Choix de l'offre et livraison;633.47
1406;20/05/2026 02:57:25;;Souscription en cours;Choix de l'offre et livraison;166.20
1407;20/05/2026 02:10:00;;Souscription non démarrée;Parcours non démarré;537.71
1408;20/05/2026 02:10:00;;Souscription non démarrée;Parcours non démarré;726.11
1409;20/05/2026 01:51:18;;En attente d'analyse Agent - Dossier avec erreurs;Signature Contrat;968.58
1410;20/05/2026 01:51:18;;En attente d'analyse Agent - Dossier avec erreurs;Signature Contrat;957.34
1411;20/05/2026 01:28:33;;En attente d'analyse Agent - Dossier avec erreurs;Signature Contrat;772.81
1412;20/05/2026 01:28:33;;En attente d'analyse Agent - Dossier avec erreurs;Signature Contrat;534.27
1413;20/05/2026 00:44:56;;Souscription en cours;Synchronisation référentiel personne NOVA;640.12
1414;20/05/2026 00:44:56;;Souscription en cours;Synchronisation référentiel personne NOVA;743.16
1415;20/05/2026 00:22:16;;Souscription non démarrée;Parcours non démarré;102.74
1416;20/05/2026 00:22:16;;Souscription non démarrée;Parcours non démarré;658.70
1417;20/05/2026 00:12:50;Hugo MARTIN;Dossier validé;Parcours terminé;167.21
1418;20/05/2026 00:12:50;Hugo MARTIN;Dossier validé;Parcours terminé;501.67
1419;20/05/2026 00:11:07;;Dossier validé;Parcours terminé;672.42
1420;20/05/2026 00:11:07;;Dossier validé;Parcours terminé;454.02
1421;19/05/2026 23:54:27;;Souscription en cours;Coordonnées personnelles;471.30
1422;19/05/2026 23:54:27;;Souscription en cours;Coordonnées personnelles;389.81
1423;19/05/2026 23:44:11;;Souscription en cours;Coordonnées personnelles;248.78
1424;19/05/2026 23:44:11;;Souscription en cours;Coordonnées personnelles;245.59
1425;19/05/2026 23:31:31;;Souscription en cours;Coordonnées personnelles;801.48
1426;19/05/2026 23:31:31;;Souscription en cours;Coordonnées personnelles;813.09
1427;19/05/2026 22:48:25;;Dossier validé;Parcours terminé;338.77
1428;19/05/2026 22:48:25;;Dossier validé;Parcours terminé;938.66
1429;19/05/2026 22:29:48;;Souscription en cours;Coordonnées personnelles;299.97
1430;19/05/2026 22:29:48;;Souscription en cours;Coordonnées personnelles;957.05
1431;19/05/2026 22:26:01;;Souscription en cours;Choix de l'offre et livraison;824.84
1432;19/05/2026 22:26:01;;Souscription en cours;Choix de l'offre et livraison;871.45
1433;19/05/2026 22:15:31;;Dossier refusé;Choix de l'offre et livraison;175.43
1434;19/05/2026 22:15:31;;Dossier refusé;Choix de l'offre et livraison;532.92
1435;19/05/2026 22:05:28;;En attente d'analyse Agent - Dossier avec erreurs;Signature Contrat;333.96
1436;19/05/2026 22:05:28;;En attente d'analyse Agent - Dossier avec erreurs;Signature Contrat;403.36
1437;19/05/2026 21:58:21;;Souscription en cours;Vérification d'identité;837.06
1438;19/05/2026 21:58:21;;Souscription en cours;Vérification d'identité;219.40
1439;19/05/2026 21:42:16;;Dossier refusé;Signature Contrat;653.33
1440;19/05/2026 21:42:16;;Dossier refusé;Signature Contrat;138.57
1441;19/05/2026 21:35:57;;Dossier validé;Parcours terminé;264.41
1442;19/05/2026 21:35:57;;Dossier validé;Parcours terminé;148.47
1443;19/05/2026 21:30:43;;Dossier validé;Parcours terminé;962.17
1444;19/05/2026 21:30:43;;Dossier validé;Parcours terminé;388.72
1445;19/05/2026 21:20:59;;Dossier validé;Parcours terminé;653.48
1446;19/05/2026 21:20:59;;Dossier validé;Parcours terminé;765.43
1447;19/05/2026 21:18:07;;Dossier validé;Parcours terminé;325.32
1448;19/05/2026 21:18:07;;Dossier validé;Parcours terminé;111.58
1449;19/05/2026 21:11:31;;Dossier validé;Parcours terminé;727.06
1450;19/05/2026 21:11:31;;Dossier validé;Parcours terminé;846.74
1451;19/05/2026 21:09:14;;Souscription en cours;Coordonnées personnelles;684.51
1452;19/05/2026 21:09:14;;Souscription en cours;Coordonnées personnelles;496.49
1453;19/05/2026 21:08:59;;Souscription en cours;Vérification d'identité;156.88
1454;19/05/2026 21:08:59;;Souscription en cours;Vérification d'identité;425.56
1455;19/05/2026 21:02:59;;Souscription en cours;Signature Contrat;798.59
1456;19/05/2026 21:02:59;;Souscription en cours;Signature Contrat;718.68
1457;19/05/2026 21:01:24;;Dossier validé;Parcours terminé;596.89
1458;19/05/2026 21:01:24;;Dossier validé;Parcours terminé;513.52
1459;19/05/2026 20:47:24;;Souscription en cours;Vérification d'identité;108.76
1460;19/05/2026 20:47:24;;Souscription en cours;Vérification d'identité;189.52
1461;19/05/2026 20:39:09;;Souscription non démarrée;Parcours non démarré;695.47
1462;19/05/2026 20:39:09;;Souscription non démarrée;Parcours non démarré;833.74
1463;19/05/2026 20:37:17;;Dossier refusé;Saisie société;608.93
1464;19/05/2026 20:37:17;;Dossier refusé;Saisie société;936.04
1465;19/05/2026 20:22:42;;Souscription non démarrée;Parcours non démarré;977.87
1466;19/05/2026 20:22:42;;Souscription non démarrée;Parcours non démarré;760.54
1467;19/05/2026 20:19:59;;Dossier validé;Parcours terminé;381.91
1468;19/05/2026 20:19:59;;Dossier validé;Parcours terminé;728.17
1469;19/05/2026 20:09:10;;Souscription en cours;Coordonnées personnelles;589.87
1470;19/05/2026 20:09:10;;Souscription en cours;Coordonnées personnelles;224.81
1471;19/05/2026 20:06:49;;Souscription en cours;Choix de l'offre et livraison;725.17
1472;19/05/2026 20:06:49;;Souscription en cours;Choix de l'offre et livraison;798.65
1473;19/05/2026 19:56:38;;Dossier validé;Parcours terminé;642.50
1474;19/05/2026 19:56:38;;Dossier validé;Parcours terminé;688.15
1475;19/05/2026 19:54:56;;Dossier validé;Parcours terminé;225.40
1476;19/05/2026 19:54:56;;Dossier validé;Parcours terminé;918.47
1477;19/05/2026 19:52:40;;Souscription en cours;Synchronisation référentiel personne NOVA;991.40
1478;19/05/2026 19:52:40;;Souscription en cours;Synchronisation référentiel personne NOVA;455.13
1479;19/05/2026 19:48:12;;Dossier refusé;Saisie société;627.68
1480;19/05/2026 19:48:12;;Dossier refusé;Saisie société;892.79
1481;19/05/2026 19:08:44;;Souscription non démarrée;Parcours non démarré;761.65
1482;19/05/2026 19:08:44;;Souscription non démarrée;Parcours non démarré;968.66
1483;19/05/2026 19:03:12;;Souscription en cours;Synchronisation référentiel personne NOVA;909.94
1484;19/05/2026 19:03:12;;Souscription en cours;Synchronisation référentiel personne NOVA;578.24
1485;19/05/2026 19:00:54;;Dossier validé;Parcours terminé;471.03
1486;19/05/2026 19:00:54;;Dossier validé;Parcours terminé;659.19
1487;19/05/2026 18:46:52;;Souscription en cours;Coordonnées personnelles;204.21
1488;19/05/2026 18:46:52;;Souscription en cours;Coordonnées personnelles;379.71
1489;19/05/2026 18:29:27;;Souscription en cours;Coordonnées personnelles;688.12
1490;19/05/2026 18:29:27;;Souscription en cours;Coordonnées personnelles;779.32
1491;19/05/2026 18:27:35;;Souscription en cours;Coordonnées personnelles;693.64
1492;19/05/2026 18:27:35;;Souscription en cours;Coordonnées personnelles;603.26
1493;19/05/2026 18:27:16;;Dossier validé;Parcours terminé;913.33
1494;19/05/2026 18:27:16;;Dossier validé;Parcours terminé;842.74
1495;19/05/2026 18:14:23;;Dossier validé;Parcours terminé;623.76
1496;19/05/2026 18:14:23;;Dossier validé;Parcours terminé;274.80
1497;19/05/2026 17:58:47;;Souscription en cours;Coordonnées personnelles;135.68
1498;19/05/2026 17:58:47;;Souscription en cours;Coordonnées personnelles;591.02
1499;19/05/2026 17:55:17;;Souscription en cours;Coordonnées personnelles;287.57
1500;19/05/2026 17:55:17;;Souscription en cours;Coordonnées personnelles;761.85
1501;19/05/2026 17:53:15;;Dossier validé;Parcours terminé;461.25
1502;19/05/2026 17:53:15;;Dossier validé;Parcours terminé;190.56
1503;19/05/2026 17:51:19;;En attente d'analyse Agent - Dossier avec erreurs;Signature Contrat;897.32
1504;19/05/2026 17:51:19;;En attente d'analyse Agent - Dossier avec erreurs;Signature Contrat;293.36
1505;19/05/2026 17:48:46;;Souscription non démarrée;Parcours non démarré;408.16
1506;19/05/2026 17:48:46;;Souscription non démarrée;Parcours non démarré;722.37
1507;19/05/2026 17:48:20;;Souscription en cours;Coordonnées personnelles;628.42
1508;19/05/2026 17:48:20;;Souscription en cours;Coordonnées personnelles;443.23
1509;19/05/2026 17:37:15;;Souscription non démarrée;Parcours non démarré;120.58
1510;19/05/2026 17:37:15;;Souscription non démarrée;Parcours non démarré;429.43
1511;19/05/2026 17:30:51;;Dossier validé;Parcours terminé;409.95
1512;19/05/2026 17:30:51;;Dossier validé;Parcours terminé;615.26
1513;19/05/2026 17:15:26;;Dossier validé;Parcours terminé;639.89
1514;19/05/2026 17:15:26;;Dossier validé;Parcours terminé;377.25
1515;19/05/2026 17:03:44;;Souscription en cours;Informations complémentaires (Etablissements, etc.);448.72
1516;19/05/2026 17:03:44;;Souscription en cours;Informations complémentaires (Etablissements, etc.);370.02
1517;19/05/2026 16:58:23;;Dossier refusé;Saisie société;167.13
1518;19/05/2026 16:58:23;;Dossier refusé;Saisie société;271.55
1519;19/05/2026 16:58:18;;Dossier refusé;Signature Contrat;920.30
1520;19/05/2026 16:58:18;;Dossier refusé;Signature Contrat;255.07
1521;19/05/2026 16:56:11;;Dossier validé;Parcours terminé;103.63
1522;19/05/2026 16:56:11;;Dossier validé;Parcours terminé;347.91
1523;19/05/2026 16:55:48;;Souscription en cours;Coordonnées personnelles;681.29
1524;19/05/2026 16:55:48;;Souscription en cours;Coordonnées personnelles;730.31
1525;19/05/2026 16:45:07;;Dossier validé;Parcours terminé;241.14
1526;19/05/2026 16:45:07;;Dossier validé;Parcours terminé;908.04
1527;19/05/2026 16:42:00;;Souscription non démarrée;Parcours non démarré;978.64
1528;19/05/2026 16:42:00;;Souscription non démarrée;Parcours non démarré;666.90
1529;19/05/2026 16:41:15;;Souscription en cours;Coordonnées personnelles;568.80
1530;19/05/2026 16:41:15;;Souscription en cours;Coordonnées personnelles;857.59
1531;19/05/2026 16:39:35;;Dossier validé;Parcours terminé;690.77
1532;19/05/2026 16:39:35;;Dossier validé;Parcours terminé;509.17
1533;19/05/2026 16:21:29;Z5735392;Dossier refusé;Saisie société;126.41
1534;19/05/2026 16:21:29;Z5735392;Dossier refusé;Saisie société;954.09
1535;19/05/2026 16:14:06;;Dossier validé;Parcours terminé;278.43
1536;19/05/2026 16:14:06;;Dossier validé;Parcours terminé;680.08
1537;19/05/2026 16:10:45;;Dossier validé;Parcours terminé;669.74
1538;19/05/2026 16:10:45;;Dossier validé;Parcours terminé;609.95
1539;19/05/2026 16:09:22;;Souscription en cours;Choix de l'offre et livraison;584.09
1540;19/05/2026 16:09:22;;Souscription en cours;Choix de l'offre et livraison;787.17
1541;19/05/2026 15:58:29;;Souscription en cours;Signature Contrat;861.36
1542;19/05/2026 15:58:29;;Souscription en cours;Signature Contrat;542.77
1543;19/05/2026 15:53:12;;Souscription en cours;Coordonnées personnelles;579.97
1544;19/05/2026 15:53:12;;Souscription en cours;Coordonnées personnelles;287.04
1545;19/05/2026 15:50:46;;Souscription en cours;Coordonnées personnelles;186.54
1546;19/05/2026 15:50:46;;Souscription en cours;Coordonnées personnelles;958.60
1547;19/05/2026 15:49:05;;En attente d'analyse Agent - Dossier avec erreurs;Signature Contrat;397.35
1548;19/05/2026 15:49:05;;En attente d'analyse Agent - Dossier avec erreurs;Signature Contrat;326.41
1549;19/05/2026 15:48:07;;Souscription en cours;Choix de l'offre et livraison;400.00
1550;19/05/2026 15:48:07;;Souscription en cours;Choix de l'offre et livraison;412.48
1551;19/05/2026 15:44:10;;Dossier refusé;Signature Contrat;504.48
1552;19/05/2026 15:44:10;;Dossier refusé;Signature Contrat;491.12
1553;19/05/2026 15:42:24;;Souscription en cours;Coordonnées personnelles;402.96
1554;19/05/2026 15:42:24;;Souscription en cours;Coordonnées personnelles;568.45
1555;19/05/2026 15:41:10;;Dossier validé;Parcours terminé;440.42
1556;19/05/2026 15:41:10;;Dossier validé;Parcours terminé;676.00
1557;19/05/2026 15:40:29;;Souscription non démarrée;Parcours non démarré;675.23
1558;19/05/2026 15:40:29;;Souscription non démarrée;Parcours non démarré;306.58
1559;19/05/2026 15:38:02;;Souscription en cours;Signature Contrat;582.83
1560;19/05/2026 15:38:02;;Souscription en cours;Signature Contrat;760.54
1561;19/05/2026 15:25:13;;Souscription en cours;Coordonnées personnelles;820.71
1562;19/05/2026 15:25:13;;Souscription en cours;Coordonnées personnelles;809.33
1563;19/05/2026 15:22:56;;Dossier validé;Parcours terminé;650.41
1564;19/05/2026 15:22:56;;Dossier validé;Parcours terminé;881.27
1565;19/05/2026 15:16:38;;Souscription en cours;Informations complémentaires (Etablissements, etc.);472.52
1566;19/05/2026 15:16:38;;Souscription en cours;Informations complémentaires (Etablissements, etc.);483.68
1567;19/05/2026 15:16:21;;Dossier validé;Parcours terminé;785.12
1568;19/05/2026 15:16:21;;Dossier validé;Parcours terminé;740.40
1569;19/05/2026 15:01:46;;Dossier validé;Parcours terminé;529.82
1570;19/05/2026 15:01:46;;Dossier validé;Parcours terminé;120.87
1571;19/05/2026 15:00:22;;Souscription en cours;Informations complémentaires (CA, Profession, etc.);137.12
1572;19/05/2026 15:00:22;;Souscription en cours;Informations complémentaires (CA, Profession, etc.);467.49
1573;19/05/2026 14:59:57;;Dossier validé;Parcours terminé;289.45
1574;19/05/2026 14:59:57;;Dossier validé;Parcours terminé;525.48
1575;19/05/2026 14:51:44;;Souscription en cours;Choix de l'offre et livraison;690.44
1576;19/05/2026 14:51:44;;Souscription en cours;Choix de l'offre et livraison;916.69
1577;19/05/2026 14:47:30;;Dossier validé;Parcours terminé;891.31
1578;19/05/2026 14:47:30;;Dossier validé;Parcours terminé;846.47
1579;19/05/2026 14:44:13;;Dossier validé;Parcours terminé;881.81
1580;19/05/2026 14:44:13;;Dossier validé;Parcours terminé;144.22
1581;19/05/2026 14:42:36;;Souscription en cours;Informations complémentaires (CA, Profession, etc.);967.29
1582;19/05/2026 14:42:36;;Souscription en cours;Informations complémentaires (CA, Profession, etc.);642.51
1583;19/05/2026 14:31:45;;Souscription en cours;Signature Contrat;256.45
1584;19/05/2026 14:31:45;;Souscription en cours;Signature Contrat;697.44
1585;19/05/2026 14:30:21;Hugo MARTIN;Dossier validé;Parcours terminé;348.53
1586;19/05/2026 14:30:21;Hugo MARTIN;Dossier validé;Parcours terminé;247.30
1587;19/05/2026 14:24:57;;Dossier validé;Parcours terminé;405.92
1588;19/05/2026 14:24:57;;Dossier validé;Parcours terminé;224.83
1589;19/05/2026 14:24:37;;Dossier validé;Parcours terminé;910.19
1590;19/05/2026 14:24:37;;Dossier validé;Parcours terminé;389.65
1591;19/05/2026 14:18:39;;Souscription en cours;Coordonnées personnelles;458.22
1592;19/05/2026 14:18:39;;Souscription en cours;Coordonnées personnelles;959.41
1593;19/05/2026 14:16:57;;Dossier refusé;Saisie société;418.14
1594;19/05/2026 14:16:57;;Dossier refusé;Saisie société;228.31
1595;19/05/2026 14:15:24;;Dossier refusé;Parcours terminé;106.39
1596;19/05/2026 14:15:24;;Dossier refusé;Parcours terminé;933.42
1597;19/05/2026 14:14:46;;Souscription en cours;Coordonnées personnelles;424.38
1598;19/05/2026 14:14:46;;Souscription en cours;Coordonnées personnelles;337.44
1599;19/05/2026 14:10:25;;Souscription en cours;Vérification d'identité;273.33
1600;19/05/2026 14:10:25;;Souscription en cours;Vérification d'identité;535.91
1601;19/05/2026 14:07:26;;Dossier validé;Parcours terminé;478.73
1602;19/05/2026 14:07:26;;Dossier validé;Parcours terminé;838.45
1603;19/05/2026 14:01:07;;Dossier validé;Parcours terminé;944.57
1604;19/05/2026 14:01:07;;Dossier validé;Parcours terminé;614.95
1605;19/05/2026 14:00:54;;Souscription en cours;Coordonnées personnelles;880.66
1606;19/05/2026 14:00:54;;Souscription en cours;Coordonnées personnelles;276.58
1607;19/05/2026 14:00:54;;Souscription en cours;Informations complémentaires (CA, Profession, etc.);773.22
1608;19/05/2026 14:00:54;;Souscription en cours;Informations complémentaires (CA, Profession, etc.);864.49
1609;19/05/2026 13:56:56;;Dossier refusé;Saisie société;170.24
1610;19/05/2026 13:56:56;;Dossier refusé;Saisie société;512.49
1611;19/05/2026 13:49:16;;Souscription en cours;Coordonnées personnelles;383.50
1612;19/05/2026 13:49:16;;Souscription en cours;Coordonnées personnelles;425.26
1613;19/05/2026 13:45:22;;Dossier validé;Parcours terminé;350.03
1614;19/05/2026 13:45:22;;Dossier validé;Parcours terminé;503.02
1615;19/05/2026 13:44:25;;En attente d'analyse Agent - Dossier avec erreurs;Signature Contrat;531.02
1616;19/05/2026 13:44:25;;En attente d'analyse Agent - Dossier avec erreurs;Signature Contrat;883.67
1617;19/05/2026 13:37:19;Hugo MARTIN;Dossier validé;Parcours terminé;851.43
1618;19/05/2026 13:37:19;Hugo MARTIN;Dossier validé;Parcours terminé;524.27
1619;19/05/2026 12:55:38;;Dossier refusé;Signature Contrat;330.30
1620;19/05/2026 12:55:38;;Dossier refusé;Signature Contrat;109.62
1621;19/05/2026 12:51:23;;Dossier refusé;Saisie société;759.70
1622;19/05/2026 12:51:23;;Dossier refusé;Saisie société;550.96
1623;19/05/2026 12:42:25;;Dossier refusé;Saisie société;160.87
1624;19/05/2026 12:42:25;;Dossier refusé;Saisie société;469.28
1625;19/05/2026 12:29:15;;Dossier validé;Parcours terminé;434.47
1626;19/05/2026 12:29:15;;Dossier validé;Parcours terminé;999.92
1627;19/05/2026 12:26:16;;En attente d'analyse Agent - Dossier avec erreurs;Signature Contrat;277.00
1628;19/05/2026 12:26:16;;En attente d'analyse Agent - Dossier avec erreurs;Signature Contrat;293.10
1629;19/05/2026 12:07:56;;Souscription en cours;Vérification d'identité;495.78
1630;19/05/2026 12:07:56;;Souscription en cours;Vérification d'identité;591.07
1631;19/05/2026 11:48:56;;Dossier validé;Parcours terminé;391.39
1632;19/05/2026 11:48:56;;Dossier validé;Parcours terminé;684.33
1633;19/05/2026 11:48:24;;Dossier validé;Parcours terminé;200.60
1634;19/05/2026 11:48:24;;Dossier validé;Parcours terminé;566.09
1635;19/05/2026 11:44:24;;Souscription en cours;Coordonnées personnelles;503.89
1636;19/05/2026 11:44:24;;Souscription en cours;Coordonnées personnelles;524.77
1637;19/05/2026 11:39:57;;Souscription en cours;Coordonnées personnelles;663.92
1638;19/05/2026 11:39:57;;Souscription en cours;Coordonnées personnelles;979.79
1639;19/05/2026 11:27:44;;Dossier validé;Parcours terminé;353.99
1640;19/05/2026 11:27:44;;Dossier validé;Parcours terminé;997.98
1641;19/05/2026 11:27:18;;Dossier validé;Parcours terminé;727.76
1642;19/05/2026 11:27:18;;Dossier validé;Parcours terminé;556.17
1643;19/05/2026 11:25:31;;Souscription en cours;Choix de l'offre et livraison;903.76
1644;19/05/2026 11:25:31;;Souscription en cours;Choix de l'offre et livraison;190.87
1645;19/05/2026 11:15:46;;Souscription non démarrée;Parcours non démarré;320.87
1646;19/05/2026 11:15:46;;Souscription non démarrée;Parcours non démarré;261.55
1647;19/05/2026 11:11:21;;Souscription en cours;Signature Contrat;433.89
1648;19/05/2026 11:11:21;;Souscription en cours;Signature Contrat;289.49
1649;19/05/2026 11:03:16;;Souscription en cours;Signature Contrat;503.61
1650;19/05/2026 11:03:16;;Souscription en cours;Signature Contrat;604.81
1651;19/05/2026 11:02:54;;Souscription en cours;Coordonnées personnelles;918.84
1652;19/05/2026 11:02:54;;Souscription en cours;Coordonnées personnelles;435.49
1653;19/05/2026 10:59:55;;Souscription en cours;Choix de l'offre et livraison;595.85
1654;19/05/2026 10:59:55;;Souscription en cours;Choix de l'offre et livraison;254.95
1655;19/05/2026 10:50:48;Hugo DUBOIS;Dossier validé;Parcours terminé;120.72
1656;19/05/2026 10:50:48;Hugo DUBOIS;Dossier validé;Parcours terminé;353.26
1657;19/05/2026 10:45:08;;En attente d'analyse Agent - Dossier avec erreurs;Signature Contrat;279.51
1658;19/05/2026 10:45:08;;En attente d'analyse Agent - Dossier avec erreurs;Signature Contrat;340.21
1659;19/05/2026 10:33:35;;Dossier validé;Parcours terminé;543.06
1660;19/05/2026 10:33:35;;Dossier validé;Parcours terminé;282.41
1661;19/05/2026 10:33:30;;Souscription non démarrée;Parcours non démarré;687.03
1662;19/05/2026 10:33:30;;Souscription non démarrée;Parcours non démarré;533.56
1663;19/05/2026 10:30:58;;Dossier validé;Parcours terminé;270.55
1664;19/05/2026 10:30:58;;Dossier validé;Parcours terminé;445.40
1665;19/05/2026 10:27:23;;Dossier refusé;Saisie société;683.71
1666;19/05/2026 10:27:23;;Dossier refusé;Saisie société;109.59
1667;19/05/2026 10:27:04;;Dossier refusé;Synchronisation référentiel personne NOVA;339.53
1668;19/05/2026 10:27:04;;Dossier refusé;Synchronisation référentiel personne NOVA;382.99
1669;19/05/2026 10:21:11;;Dossier validé;Parcours terminé;777.17
1670;19/05/2026 10:21:11;;Dossier validé;Parcours terminé;452.07
1671;19/05/2026 10:18:25;;Souscription en cours;Coordonnées personnelles;113.05
1672;19/05/2026 10:18:25;;Souscription en cours;Coordonnées personnelles;634.62
1673;19/05/2026 10:14:47;;Souscription en cours;Choix de l'offre et livraison;436.89
1674;19/05/2026 10:14:47;;Souscription en cours;Choix de l'offre et livraison;275.91
1675;19/05/2026 10:13:44;Hugo MARTIN;Dossier refusé;Saisie société;836.08
1676;19/05/2026 10:13:44;Hugo MARTIN;Dossier refusé;Saisie société;823.29
1677;19/05/2026 10:11:34;;Dossier refusé;Signature Contrat;538.26
1678;19/05/2026 10:11:34;;Dossier refusé;Signature Contrat;931.55
1679;19/05/2026 10:06:43;;Souscription en cours;Coordonnées personnelles;783.39
1680;19/05/2026 10:06:43;;Souscription en cours;Coordonnées personnelles;492.64
1681;19/05/2026 10:04:15;;Dossier validé;Parcours terminé;325.01
1682;19/05/2026 10:04:15;;Dossier validé;Parcours terminé;847.89
1683;19/05/2026 10:03:57;;Dossier validé;Parcours terminé;418.59
1684;19/05/2026 10:03:57;;Dossier validé;Parcours terminé;316.38
1685;19/05/2026 09:50:27;;Souscription en cours;Coordonnées personnelles;804.51
1686;19/05/2026 09:50:27;;Souscription en cours;Coordonnées personnelles;690.32
1687;19/05/2026 09:43:33;;Dossier validé;Parcours terminé;519.98
1688;19/05/2026 09:43:33;;Dossier validé;Parcours terminé;187.52
1689;19/05/2026 09:40:28;;Dossier validé;Parcours terminé;912.88
1690;19/05/2026 09:40:28;;Dossier validé;Parcours terminé;467.54
1691;19/05/2026 09:28:31;;Souscription en cours;Signature Contrat;554.66
1692;19/05/2026 09:28:31;;Souscription en cours;Signature Contrat;190.14
1693;19/05/2026 09:27:56;;Souscription non démarrée;Parcours non démarré;510.32
1694;19/05/2026 09:27:56;;Souscription non démarrée;Parcours non démarré;592.12
1695;19/05/2026 09:27:05;;Dossier validé;Parcours terminé;696.28
1696;19/05/2026 09:27:05;;Dossier validé;Parcours terminé;899.95
1697;19/05/2026 09:24:54;;Dossier validé;Parcours terminé;345.06
1698;19/05/2026 09:24:54;;Dossier validé;Parcours terminé;202.27
1699;19/05/2026 09:14:38;;Souscription en cours;Choix de l'offre et livraison;371.85
1700;19/05/2026 09:14:38;;Souscription en cours;Choix de l'offre et livraison;636.93
1701;19/05/2026 09:13:13;;Dossier validé;Parcours terminé;847.13
1702;19/05/2026 09:13:13;;Dossier validé;Parcours terminé;690.22
1703;19/05/2026 09:08:30;;Dossier validé;Parcours terminé;569.61
1704;19/05/2026 09:08:30;;Dossier validé;Parcours terminé;928.24
1705;19/05/2026 09:07:15;;Souscription en cours;Signature Contrat;627.83
1706;19/05/2026 09:07:15;;Souscription en cours;Signature Contrat;955.19
1707;19/05/2026 08:58:07;;Dossier validé;Parcours terminé;346.56
1708;19/05/2026 08:58:07;;Dossier validé;Parcours terminé;582.56
1709;19/05/2026 08:55:10;;Souscription en cours;Coordonnées personnelles;402.68
1710;19/05/2026 08:55:10;;Souscription en cours;Coordonnées personnelles;607.96
1711;19/05/2026 08:54:54;;Dossier validé;Parcours terminé;301.71
1712;19/05/2026 08:54:54;;Dossier validé;Parcours terminé;763.13
1713;19/05/2026 08:53:19;;Souscription en cours;Coordonnées personnelles;704.75
1714;19/05/2026 08:53:19;;Souscription en cours;Coordonnées personnelles;876.96
1715;19/05/2026 08:49:33;;Souscription en cours;Coordonnées personnelles;310.01
1716;19/05/2026 08:49:33;;Souscription en cours;Coordonnées personnelles;352.90
1717;19/05/2026 08:49:04;;En attente d'analyse Agent - Dossier avec erreurs;Signature Contrat;774.33
1718;19/05/2026 08:49:04;;En attente d'analyse Agent - Dossier avec erreurs;Signature Contrat;927.96
1719;19/05/2026 08:49:01;;Souscription en cours;Coordonnées personnelles;679.50
1720;19/05/2026 08:49:01;;Souscription en cours;Coordonnées personnelles;202.14
1721;19/05/2026 08:48:28;;Souscription non démarrée;Parcours non démarré;226.55
1722;19/05/2026 08:48:28;;Souscription non démarrée;Parcours non démarré;871.73
1723;19/05/2026 08:35:14;;Souscription en cours;Coordonnées personnelles;608.80
1724;19/05/2026 08:35:14;;Souscription en cours;Coordonnées personnelles;648.72
1725;19/05/2026 08:30:58;;Souscription en cours;Signature Contrat;264.98
1726;19/05/2026 08:30:58;;Souscription en cours;Signature Contrat;596.88
1727;19/05/2026 08:20:19;Inès MICHEL;Dossier validé;Parcours terminé;825.19
1728;19/05/2026 08:20:19;Inès MICHEL;Dossier validé;Parcours terminé;302.92
1729;19/05/2026 07:44:21;;Souscription non démarrée;Parcours non démarré;170.62
1730;19/05/2026 07:44:21;;Souscription non démarrée;Parcours non démarré;312.87
1731;19/05/2026 06:12:08;;Dossier refusé;Saisie société;240.44
1732;19/05/2026 06:12:08;;Dossier refusé;Saisie société;101.04
1733;19/05/2026 06:10:05;;Souscription en cours;Coordonnées personnelles;526.36
1734;19/05/2026 06:10:05;;Souscription en cours;Coordonnées personnelles;112.46
1735;19/05/2026 03:43:43;;En attente d'analyse Agent - Dossier avec erreurs;Signature Contrat;469.45
1736;19/05/2026 03:43:43;;En attente d'analyse Agent - Dossier avec erreurs;Signature Contrat;792.32
1737;19/05/2026 03:29:02;;Souscription en cours;Coordonnées personnelles;953.36
1738;19/05/2026 03:29:02;;Souscription en cours;Coordonnées personnelles;454.12
1739;19/05/2026 02:54:36;;Dossier validé;Parcours terminé;410.64
1740;19/05/2026 02:54:36;;Dossier validé;Parcours terminé;395.10
1741;19/05/2026 02:52:57;;Dossier refusé;Signature Contrat;434.20
1742;19/05/2026 02:52:57;;Dossier refusé;Signature Contrat;129.86
1743;19/05/2026 02:02:05;;En attente d'analyse Agent - Dossier avec erreurs;Signature Contrat;138.13
1744;19/05/2026 02:02:05;;En attente d'analyse Agent - Dossier avec erreurs;Signature Contrat;641.36
1745;19/05/2026 00:58:19;;Dossier refusé;Signature Contrat;377.68
1746;19/05/2026 00:58:19;;Dossier refusé;Signature Contrat;636.11
1747;19/05/2026 00:35:43;;Souscription en cours;Coordonnées personnelles;515.99
1748;19/05/2026 00:35:43;;Souscription en cours;Coordonnées personnelles;678.07
1749;19/05/2026 00:25:24;;Dossier validé;Parcours terminé;260.03
1750;19/05/2026 00:25:24;;Dossier validé;Parcours terminé;531.67
1751;19/05/2026 00:23:20;;En attente d'analyse Agent - Dossier avec erreurs;Signature Contrat;691.48
1752;19/05/2026 00:23:20;;En attente d'analyse Agent - Dossier avec erreurs;Signature Contrat;169.65
1753;19/05/2026 00:10:26;;Souscription non démarrée;Parcours non démarré;905.45
1754;19/05/2026 00:10:26;;Souscription non démarrée;Parcours non démarré;757.51
1755;18/05/2026 23:51:50;;Souscription en cours;Choix de l'offre et livraison;515.10
1756;18/05/2026 23:51:50;;Souscription en cours;Choix de l'offre et livraison;357.38
1757;18/05/2026 23:04:33;;En attente d'analyse Agent - Dossier avec erreurs;Signature Contrat;304.74
1758;18/05/2026 23:04:33;;En attente d'analyse Agent - Dossier avec erreurs;Signature Contrat;500.58
1759;18/05/2026 22:57:29;;Souscription en cours;Signature Contrat;996.67
1760;18/05/2026 22:57:29;;Souscription en cours;Signature Contrat;108.79
1761;18/05/2026 22:56:17;Hugo MARTIN;Dossier validé;Parcours terminé;280.16
1762;18/05/2026 22:56:17;Hugo MARTIN;Dossier validé;Parcours terminé;408.63
1763;18/05/2026 22:45:13;Hugo DUBOIS;Dossier refusé;Choix de l'offre et livraison;531.05
1764;18/05/2026 22:45:13;Hugo DUBOIS;Dossier refusé;Choix de l'offre et livraison;840.89
1765;18/05/2026 22:42:38;;Souscription en cours;Choix de l'offre et livraison;256.76
1766;18/05/2026 22:42:38;;Souscription en cours;Choix de l'offre et livraison;325.76
1767;18/05/2026 22:36:30;;En attente d'analyse Agent - Dossier avec erreurs;Signature Contrat;633.79
1768;18/05/2026 22:36:30;;En attente d'analyse Agent - Dossier avec erreurs;Signature Contrat;887.41
1769;18/05/2026 22:36:19;;Dossier validé;Parcours terminé;289.27
1770;18/05/2026 22:36:19;;Dossier validé;Parcours terminé;126.51
1771;18/05/2026 22:34:57;;Souscription en cours;Choix de l'offre et livraison;609.92
1772;18/05/2026 22:34:57;;Souscription en cours;Choix de l'offre et livraison;916.71
1773;18/05/2026 22:24:29;;Souscription en cours;Coordonnées personnelles;861.38
1774;18/05/2026 22:24:29;;Souscription en cours;Coordonnées personnelles;562.38
1775;18/05/2026 22:13:22;;Souscription en cours;Signature Contrat;678.48
1776;18/05/2026 22:13:22;;Souscription en cours;Signature Contrat;217.99
1777;18/05/2026 22:07:21;;Souscription en cours;Synchronisation référentiel personne NOVA;213.72
1778;18/05/2026 22:07:21;;Souscription en cours;Synchronisation référentiel personne NOVA;598.52
1779;18/05/2026 22:06:43;;Dossier validé;Parcours terminé;383.97
1780;18/05/2026 22:06:43;;Dossier validé;Parcours terminé;601.32
1781;18/05/2026 22:02:17;;Souscription en cours;Signature Contrat;200.23
1782;18/05/2026 22:02:17;;Souscription en cours;Signature Contrat;564.83
1783;18/05/2026 21:47:42;;Dossier refusé;Informations complémentaires (Etablissements, etc.);587.94
1784;18/05/2026 21:47:42;;Dossier refusé;Informations complémentaires (Etablissements, etc.);650.77
1785;18/05/2026 21:08:02;;Dossier validé;Parcours terminé;606.38
1786;18/05/2026 21:08:02;;Dossier validé;Parcours terminé;761.83
1787;18/05/2026 20:56:10;;Souscription en cours;Informations complémentaires (CA, Profession, etc.);778.19
1788;18/05/2026 20:56:10;;Souscription en cours;Informations complémentaires (CA, Profession, etc.);533.36
1789;18/05/2026 20:35:29;;Souscription en cours;Coordonnées personnelles;314.91
1790;18/05/2026 20:35:29;;Souscription en cours;Coordonnées personnelles;160.63
1791;18/05/2026 20:25:34;;Dossier validé;Parcours terminé;674.50
1792;18/05/2026 20:25:34;;Dossier validé;Parcours terminé;259.65
1793;18/05/2026 20:00:19;;Souscription en cours;Choix de l'offre et livraison;928.88
1794;18/05/2026 20:00:19;;Souscription en cours;Choix de l'offre et livraison;544.56
1795;18/05/2026 19:52:23;;Souscription en cours;Choix de l'offre et livraison;778.20
1796;18/05/2026 19:52:23;;Souscription en cours;Choix de l'offre et livraison;247.17
1797;18/05/2026 19:49:58;Hugo MARTIN;Dossier validé;Parcours terminé;496.99
1798;18/05/2026 19:49:58;Hugo MARTIN;Dossier validé;Parcours terminé;854.45
1799;18/05/2026 19:20:38;;Souscription en cours;Coordonnées personnelles;306.88
1800;18/05/2026 19:20:38;;Souscription en cours;Coordonnées personnelles;984.53
1801;18/05/2026 19:08:03;;Souscription en cours;Coordonnées personnelles;712.17
1802;18/05/2026 19:08:03;;Souscription en cours;Coordonnées personnelles;657.02
1803;18/05/2026 18:56:21;;Souscription en cours;Coordonnées personnelles;480.16
1804;18/05/2026 18:56:21;;Souscription en cours;Coordonnées personnelles;137.07
1805;18/05/2026 18:52:29;Hugo MARTIN;Dossier validé;Parcours terminé;807.73
1806;18/05/2026 18:52:29;Hugo MARTIN;Dossier validé;Parcours terminé;637.58
1807;18/05/2026 18:44:22;;Dossier validé;Parcours terminé;233.94
1808;18/05/2026 18:44:22;;Dossier validé;Parcours terminé;763.33
1809;18/05/2026 18:16:37;;Souscription en cours;Coordonnées personnelles;410.20
1810;18/05/2026 18:16:37;;Souscription en cours;Coordonnées personnelles;331.62
1811;18/05/2026 17:47:39;;Dossier validé;Parcours terminé;482.13
1812;18/05/2026 17:47:39;;Dossier validé;Parcours terminé;461.28
1813;18/05/2026 17:40:12;;Dossier validé;Parcours terminé;743.85
1814;18/05/2026 17:40:12;;Dossier validé;Parcours terminé;393.13
1815;18/05/2026 17:33:25;;Dossier refusé;Informations complémentaires (CA, Profession, etc.);663.37
1816;18/05/2026 17:33:25;;Dossier refusé;Informations complémentaires (CA, Profession, etc.);899.67
1817;18/05/2026 17:31:42;;Souscription en cours;Coordonnées personnelles;129.45
1818;18/05/2026 17:31:42;;Souscription en cours;Coordonnées personnelles;660.09
1819;18/05/2026 17:22:52;;Dossier validé;Parcours terminé;881.60
1820;18/05/2026 17:22:52;;Dossier validé;Parcours terminé;921.40
1821;18/05/2026 17:08:21;;Souscription en cours;Coordonnées personnelles;126.40
1822;18/05/2026 17:08:21;;Souscription en cours;Coordonnées personnelles;349.89
1823;18/05/2026 17:04:58;;En attente d'analyse Agent - Dossier avec erreurs;Signature Contrat;913.99
1824;18/05/2026 17:04:58;;En attente d'analyse Agent - Dossier avec erreurs;Signature Contrat;218.04
1825;18/05/2026 17:04:11;;Dossier validé;Parcours terminé;677.33
1826;18/05/2026 17:04:11;;Dossier validé;Parcours terminé;850.25
1827;18/05/2026 16:57:02;;Dossier refusé;Saisie société;673.26
1828;18/05/2026 16:57:02;;Dossier refusé;Saisie société;898.45
1829;18/05/2026 16:53:27;;Dossier refusé;Saisie société;484.27
1830;18/05/2026 16:53:27;;Dossier refusé;Saisie société;989.54
1831;18/05/2026 16:49:22;;Souscription en cours;Informations complémentaires (CA, Profession, etc.);953.30
1832;18/05/2026 16:49:22;;Souscription en cours;Informations complémentaires (CA, Profession, etc.);321.75
1833;18/05/2026 16:38:09;;Souscription non démarrée;Parcours non démarré;895.62
1834;18/05/2026 16:38:09;;Souscription non démarrée;Parcours non démarré;983.38
1835;18/05/2026 16:37:39;;Dossier validé;Parcours terminé;725.85
1836;18/05/2026 16:37:39;;Dossier validé;Parcours terminé;412.55
1837;18/05/2026 16:37:02;;Dossier refusé;Saisie société;393.29
1838;18/05/2026 16:37:02;;Dossier refusé;Saisie société;868.06
1839;18/05/2026 16:34:56;;Dossier validé;Parcours terminé;380.73
1840;18/05/2026 16:34:56;;Dossier validé;Parcours terminé;829.77
1841;18/05/2026 16:25:48;;Souscription en cours;Vérification d'identité;882.75
1842;18/05/2026 16:25:48;;Souscription en cours;Vérification d'identité;445.44
1843;18/05/2026 16:21:58;;Dossier validé;Parcours terminé;966.19
1844;18/05/2026 16:21:58;;Dossier validé;Parcours terminé;393.84
1845;18/05/2026 16:07:57;;Souscription non démarrée;Parcours non démarré;819.33
1846;18/05/2026 16:07:57;;Souscription non démarrée;Parcours non démarré;665.09
1847;18/05/2026 16:04:09;;Souscription en cours;Vérification d'identité;792.70
1848;18/05/2026 16:04:09;;Souscription en cours;Vérification d'identité;190.53
1849;18/05/2026 16:03:57;;Dossier validé;Parcours terminé;702.69
1850;18/05/2026 16:03:57;;Dossier validé;Parcours terminé;439.40
1851;18/05/2026 15:57:46;;Dossier refusé;Saisie société;233.73
1852;18/05/2026 15:57:46;;Dossier refusé;Saisie société;796.67
1853;18/05/2026 15:57:05;;Dossier validé;Parcours terminé;458.53
1854;18/05/2026 15:57:05;;Dossier validé;Parcours terminé;958.39
1855;18/05/2026 15:47:26;;Souscription en cours;Choix de l'offre et livraison;492.53
1856;18/05/2026 15:47:26;;Souscription en cours;Choix de l'offre et livraison;693.35
1857;18/05/2026 15:46:04;;Dossier validé;Parcours terminé;746.71
1858;18/05/2026 15:46:04;;Dossier validé;Parcours terminé;913.24
1859;18/05/2026 15:45:09;;Dossier validé;Parcours terminé;641.35
1860;18/05/2026 15:45:09;;Dossier validé;Parcours terminé;481.09
1861;18/05/2026 15:24:14;Louis MARTIN;Dossier refusé;Saisie société;288.07
1862;18/05/2026 15:24:14;Louis MARTIN;Dossier refusé;Saisie société;482.03
1863;18/05/2026 15:15:12;;Souscription en cours;Coordonnées personnelles;853.74
1864;18/05/2026 15:15:12;;Souscription en cours;Coordonnées personnelles;640.31
1865;18/05/2026 15:03:40;;Dossier validé;Parcours terminé;949.14
1866;18/05/2026 15:03:40;;Dossier validé;Parcours terminé;233.71
1867;18/05/2026 15:03:36;;Souscription en cours;Coordonnées personnelles;378.04
1868;18/05/2026 15:03:36;;Souscription en cours;Coordonnées personnelles;343.29
1869;18/05/2026 14:58:56;;Dossier refusé;Saisie société;360.20
1870;18/05/2026 14:58:56;;Dossier refusé;Saisie société;174.06
1871;18/05/2026 14:57:17;;Souscription en cours;Choix de l'offre et livraison;844.91
1872;18/05/2026 14:57:17;;Souscription en cours;Choix de l'offre et livraison;836.04
1873;18/05/2026 14:53:59;;Dossier refusé;Saisie société;376.95
1874;18/05/2026 14:53:59;;Dossier refusé;Saisie société;211.66
1875;18/05/2026 14:49:46;;Souscription en cours;Coordonnées personnelles;287.43
1876;18/05/2026 14:49:46;;Souscription en cours;Coordonnées personnelles;378.69
1877;18/05/2026 14:49:21;;Dossier validé;Parcours terminé;550.69
1878;18/05/2026 14:49:21;;Dossier validé;Parcours terminé;956.64
1879;18/05/2026 14:38:19;;Souscription en cours;Coordonnées personnelles;590.46
1880;18/05/2026 14:38:19;;Souscription en cours;Coordonnées personnelles;766.68
1881;18/05/2026 14:37:58;;Dossier validé;Parcours terminé;878.91
1882;18/05/2026 14:37:58;;Dossier validé;Parcours terminé;473.54
1883;18/05/2026 14:29:38;;Souscription en cours;Bénéficiaire effectifs;864.86
1884;18/05/2026 14:29:38;;Souscription en cours;Bénéficiaire effectifs;644.51
1885;18/05/2026 14:25:15;;En attente d'analyse Agent - Dossier avec erreurs;Signature Contrat;970.52
1886;18/05/2026 14:25:15;;En attente d'analyse Agent - Dossier avec erreurs;Signature Contrat;150.56
1887;18/05/2026 14:22:26;Z5735392;Dossier refusé;Synchronisation référentiel personne NOVA;832.84
1888;18/05/2026 14:22:26;Z5735392;Dossier refusé;Synchronisation référentiel personne NOVA;708.95
1889;18/05/2026 14:15:01;;Souscription en cours;Coordonnées personnelles;191.25
1890;18/05/2026 14:15:01;;Souscription en cours;Coordonnées personnelles;590.49
1891;18/05/2026 14:09:00;;Souscription en cours;Coordonnées personnelles;684.67
1892;18/05/2026 14:09:00;;Souscription en cours;Coordonnées personnelles;648.18
1893;18/05/2026 14:07:54;;Dossier validé;Parcours terminé;497.09
1894;18/05/2026 14:07:54;;Dossier validé;Parcours terminé;776.23
1895;18/05/2026 13:54:33;;Dossier validé;Parcours terminé;935.05
1896;18/05/2026 13:54:33;;Dossier validé;Parcours terminé;896.79
1897;18/05/2026 13:51:54;;Souscription en cours;Choix de l'offre et livraison;651.02
1898;18/05/2026 13:51:54;;Souscription en cours;Choix de l'offre et livraison;422.98
1899;18/05/2026 13:51:12;;Souscription en cours;Coordonnées personnelles;715.79
1900;18/05/2026 13:51:12;;Souscription en cours;Coordonnées personnelles;347.19
1901;18/05/2026 13:47:07;;Souscription en cours;Coordonnées personnelles;809.97
1902;18/05/2026 13:47:07;;Souscription en cours;Coordonnées personnelles;841.96
1903;18/05/2026 13:25:34;;Souscription en cours;Signature Contrat;302.16
1904;18/05/2026 13:25:34;;Souscription en cours;Signature Contrat;959.10
1905;18/05/2026 13:09:46;;Dossier validé;Parcours terminé;230.19
1906;18/05/2026 13:09:46;;Dossier validé;Parcours terminé;810.64
1907;18/05/2026 13:09:01;;Souscription en cours;Coordonnées personnelles;449.77
1908;18/05/2026 13:09:01;;Souscription en cours;Coordonnées personnelles;688.50
1909;18/05/2026 12:53:01;;Souscription en cours;Signature Contrat;937.31
1910;18/05/2026 12:53:01;;Souscription en cours;Signature Contrat;922.17
1911;18/05/2026 12:50:03;;Dossier refusé;Choix de l'offre et livraison;856.11
1912;18/05/2026 12:50:03;;Dossier refusé;Choix de l'offre et livraison;134.33
1913;18/05/2026 12:45:59;;Souscription en cours;Coordonnées personnelles;478.67
1914;18/05/2026 12:45:59;;Souscription en cours;Coordonnées personnelles;477.79
1915;18/05/2026 12:30:27;;Dossier validé;Parcours terminé;518.98
1916;18/05/2026 12:30:27;;Dossier validé;Parcours terminé;436.55
1917;18/05/2026 12:24:15;;Dossier refusé;Choix de l'offre et livraison;771.88
1918;18/05/2026 12:24:15;;Dossier refusé;Choix de l'offre et livraison;446.76
1919;18/05/2026 12:24:10;;Dossier validé;Parcours terminé;430.65
1920;18/05/2026 12:24:10;;Dossier validé;Parcours terminé;590.82
1921;18/05/2026 12:14:01;;Souscription en cours;Informations complémentaires (Etablissements, etc.);531.95
1922;18/05/2026 12:14:01;;Souscription en cours;Informations complémentaires (Etablissements, etc.);666.83
1923;18/05/2026 12:11:33;;Souscription en cours;Coordonnées personnelles;812.67
1924;18/05/2026 12:11:33;;Souscription en cours;Coordonnées personnelles;436.67
1925;18/05/2026 12:09:11;;Souscription non démarrée;Parcours non démarré;453.25
1926;18/05/2026 12:09:11;;Souscription non démarrée;Parcours non démarré;446.80
1927;18/05/2026 12:07:49;;Dossier validé;Parcours terminé;611.79
1928;18/05/2026 12:07:49;;Dossier validé;Parcours terminé;845.62
1929;18/05/2026 11:57:00;;Souscription en cours;Choix de l'offre et livraison;976.00
1930;18/05/2026 11:57:00;;Souscription en cours;Choix de l'offre et livraison;452.67
1931;18/05/2026 11:45:49;;Dossier validé;Parcours terminé;568.91
1932;18/05/2026 11:45:49;;Dossier validé;Parcours terminé;660.33
1933;18/05/2026 11:35:07;;Souscription en cours;Vérification d'identité;250.96
1934;18/05/2026 11:35:07;;Souscription en cours;Vérification d'identité;627.82
1935;18/05/2026 11:30:08;;Souscription en cours;Coordonnées personnelles;171.97
1936;18/05/2026 11:30:08;;Souscription en cours;Coordonnées personnelles;480.86
1937;18/05/2026 11:27:01;;Souscription non démarrée;Parcours non démarré;738.77
1938;18/05/2026 11:27:01;;Souscription non démarrée;Parcours non démarré;856.81
1939;18/05/2026 11:18:33;;Souscription en cours;Choix de l'offre et livraison;188.61
1940;18/05/2026 11:18:33;;Souscription en cours;Choix de l'offre et livraison;985.95
1941;18/05/2026 11:11:23;;Souscription en cours;Vérification d'identité;796.94
1942;18/05/2026 11:11:23;;Souscription en cours;Vérification d'identité;403.45
1943;18/05/2026 11:09:15;;Souscription en cours;Informations complémentaires (Etablissements, etc.);233.94
1944;18/05/2026 11:09:15;;Souscription en cours;Informations complémentaires (Etablissements, etc.);231.81
1945;18/05/2026 11:09:01;;Dossier validé;Parcours terminé;749.30
1946;18/05/2026 11:09:01;;Dossier validé;Parcours terminé;605.81
1947;18/05/2026 11:05:13;Adam LAURENT;Dossier validé;Parcours terminé;815.67
1948;18/05/2026 11:05:13;Adam LAURENT;Dossier validé;Parcours terminé;721.54
1949;18/05/2026 11:03:11;;Souscription non démarrée;Parcours non démarré;732.95
1950;18/05/2026 11:03:11;;Souscription non démarrée;Parcours non démarré;797.13
1951;18/05/2026 10:54:19;;Dossier validé;Parcours terminé;300.40
1952;18/05/2026 10:54:19;;Dossier validé;Parcours terminé;304.96
1953;18/05/2026 10:52:19;;En attente d'analyse Agent - Dossier avec erreurs;Signature Contrat;181.30
1954;18/05/2026 10:52:19;;En attente d'analyse Agent - Dossier avec erreurs;Signature Contrat;766.83
1955;18/05/2026 10:47:27;;Dossier refusé;Saisie société;104.95
1956;18/05/2026 10:47:27;;Dossier refusé;Saisie société;113.25
1957;18/05/2026 10:46:56;;Dossier validé;Parcours terminé;506.21
1958;18/05/2026 10:46:56;;Dossier validé;Parcours terminé;500.89
1959;18/05/2026 10:39:26;;Souscription en cours;Coordonnées personnelles;418.48
1960;18/05/2026 10:39:26;;Souscription en cours;Coordonnées personnelles;226.15
1961;18/05/2026 10:19:08;;Souscription en cours;Coordonnées personnelles;501.59
1962;18/05/2026 10:19:08;;Souscription en cours;Coordonnées personnelles;505.68
1963;18/05/2026 10:17:40;;En attente d'analyse Agent - Dossier avec erreurs;Signature Contrat;250.72
1964;18/05/2026 10:17:40;;En attente d'analyse Agent - Dossier avec erreurs;Signature Contrat;262.43
1965;18/05/2026 10:12:58;;Dossier validé;Parcours terminé;261.36
1966;18/05/2026 10:12:58;;Dossier validé;Parcours terminé;846.33
1967;18/05/2026 10:08:11;;Dossier validé;Parcours terminé;731.24
1968;18/05/2026 10:08:11;;Dossier validé;Parcours terminé;299.41
1969;18/05/2026 10:04:16;;Souscription en cours;Synchronisation référentiel personne NOVA;441.03
1970;18/05/2026 10:04:16;;Souscription en cours;Synchronisation référentiel personne NOVA;509.36
1971;18/05/2026 09:50:22;;Souscription en cours;Signature Contrat;548.91
1972;18/05/2026 09:50:22;;Souscription en cours;Signature Contrat;850.72
1973;18/05/2026 09:46:13;;Souscription en cours;Coordonnées personnelles;430.98
1974;18/05/2026 09:46:13;;Souscription en cours;Coordonnées personnelles;712.83
1975;18/05/2026 09:43:31;;Dossier refusé;Saisie société;958.79
1976;18/05/2026 09:43:31;;Dossier refusé;Saisie société;732.67
1977;18/05/2026 09:22:15;;Souscription en cours;Signature Contrat;780.03
1978;18/05/2026 09:22:15;;Souscription en cours;Signature Contrat;941.43
1979;18/05/2026 09:19:19;;Dossier validé;Parcours terminé;138.08
1980;18/05/2026 09:19:19;;Dossier validé;Parcours terminé;421.15
1981;18/05/2026 09:04:13;;En attente d'analyse Agent - Dossier avec erreurs;Signature Contrat;127.15
1982;18/05/2026 09:04:13;;En attente d'analyse Agent - Dossier avec erreurs;Signature Contrat;394.80
1983;18/05/2026 08:46:31;;Dossier validé;Parcours terminé;824.96
1984;18/05/2026 08:46:31;;Dossier validé;Parcours terminé;896.36
1985;18/05/2026 08:29:06;;En attente d'analyse Agent - Dossier avec erreurs;Signature Contrat;649.60
1986;18/05/2026 08:29:06;;En attente d'analyse Agent - Dossier avec erreurs;Signature Contrat;619.05
1987;18/05/2026 08:21:18;;Souscription en cours;Coordonnées personnelles;573.56
1988;18/05/2026 08:21:18;;Souscription en cours;Coordonnées personnelles;629.54
1989;18/05/2026 08:00:42;;Dossier validé;Parcours terminé;627.13
1990;18/05/2026 08:00:42;;Dossier validé;Parcours terminé;881.38
1991;18/05/2026 07:50:07;;Souscription en cours;Coordonnées personnelles;412.48
1992;18/05/2026 07:50:07;;Souscription en cours;Coordonnées personnelles;299.86
1993;18/05/2026 07:16:17;;Dossier validé;Parcours terminé;987.48
1994;18/05/2026 07:16:17;;Dossier validé;Parcours terminé;506.47
1995;18/05/2026 02:01:48;;Dossier validé;Parcours terminé;672.29
1996;18/05/2026 02:01:48;;Dossier validé;Parcours terminé;964.07
1997;18/05/2026 01:37:45;;Dossier refusé;Choix de l'offre et livraison;652.97
1998;18/05/2026 01:37:45;;Dossier refusé;Choix de l'offre et livraison;440.42
1999;18/05/2026 01:11:23;;Dossier validé;Parcours terminé;865.63
2000;18/05/2026 01:11:23;;Dossier validé;Parcours terminé;678.46
2001;18/05/2026 00:53:21;;Souscription en cours;Coordonnées personnelles;609.13
2002;18/05/2026 00:53:21;;Souscription en cours;Coordonnées personnelles;983.43
2003;17/05/2026 23:55:09;;En attente d'analyse Agent - Dossier avec erreurs;Signature Contrat;351.97
2004;17/05/2026 23:55:09;;En attente d'analyse Agent - Dossier avec erreurs;Signature Contrat;488.24
2005;17/05/2026 23:55:05;;Souscription en cours;Coordonnées personnelles;448.20
2006;17/05/2026 23:55:05;;Souscription en cours;Coordonnées personnelles;559.28
2007;17/05/2026 23:21:04;;Dossier refusé;Signature Contrat;924.87
2008;17/05/2026 23:21:04;;Dossier refusé;Signature Contrat;731.18
2009;17/05/2026 23:02:16;;Dossier refusé;Saisie société;542.66
2010;17/05/2026 23:02:16;;Dossier refusé;Saisie société;973.44
2011;17/05/2026 22:04:13;;Souscription en cours;Vérification d'identité;266.90
2012;17/05/2026 22:04:13;;Souscription en cours;Vérification d'identité;824.24
2013;17/05/2026 21:56:41;;Dossier validé;Parcours terminé;418.17
2014;17/05/2026 21:56:41;;Dossier validé;Parcours terminé;299.27
2015;17/05/2026 21:16:39;;Dossier refusé;Saisie société;734.73
2016;17/05/2026 21:16:39;;Dossier refusé;Saisie société;953.18
2017;17/05/2026 21:06:51;;Souscription en cours;Vérification d'identité;711.59
2018;17/05/2026 21:06:51;;Souscription en cours;Vérification d'identité;578.66
2019;17/05/2026 20:26:39;;Souscription en cours;Vérification d'identité;176.33
2020;17/05/2026 20:26:39;;Souscription en cours;Vérification d'identité;911.54
2021;17/05/2026 18:52:00;;Dossier refusé;Saisie société;120.68
2022;17/05/2026 18:52:00;;Dossier refusé;Saisie société;873.34
2023;17/05/2026 18:02:20;;Dossier validé;Parcours terminé;242.75
2024;17/05/2026 18:02:20;;Dossier validé;Parcours terminé;471.31
2025;17/05/2026 17:40:38;;Dossier validé;Parcours terminé;301.92
2026;17/05/2026 17:40:38;;Dossier validé;Parcours terminé;490.45
2027;17/05/2026 17:34:24;;Dossier validé;Parcours terminé;896.63
2028;17/05/2026 17:34:24;;Dossier validé;Parcours terminé;228.33
2029;17/05/2026 17:30:23;;Souscription en cours;Coordonnées personnelles;552.24
2030;17/05/2026 17:30:23;;Souscription en cours;Coordonnées personnelles;825.76
2031;17/05/2026 17:24:27;;Souscription en cours;Choix de l'offre et livraison;986.10
2032;17/05/2026 17:24:27;;Souscription en cours;Choix de l'offre et livraison;316.84
2033;17/05/2026 17:20:24;;Dossier validé;Parcours terminé;532.69
2034;17/05/2026 17:20:24;;Dossier validé;Parcours terminé;465.20
2035;17/05/2026 17:18:53;;Dossier refusé;Saisie société;132.56
2036;17/05/2026 17:18:53;;Dossier refusé;Saisie société;649.86
2037;17/05/2026 16:57:05;;Dossier validé;Parcours terminé;461.00
2038;17/05/2026 16:57:05;;Dossier validé;Parcours terminé;671.00
2039;17/05/2026 16:52:11;;Souscription en cours;Signature Contrat;640.32
2040;17/05/2026 16:52:11;;Souscription en cours;Signature Contrat;501.22
2041;17/05/2026 16:50:04;;Souscription en cours;Choix de l'offre et livraison;306.09
2042;17/05/2026 16:50:04;;Souscription en cours;Choix de l'offre et livraison;504.40
2043;17/05/2026 16:21:38;;Souscription en cours;Coordonnées personnelles;230.41
2044;17/05/2026 16:21:38;;Souscription en cours;Coordonnées personnelles;911.05
2045;17/05/2026 16:20:39;;Dossier validé;Parcours terminé;794.47
2046;17/05/2026 16:20:39;;Dossier validé;Parcours terminé;665.74
2047;17/05/2026 15:47:32;;Dossier validé;Parcours terminé;148.37
2048;17/05/2026 15:47:32;;Dossier validé;Parcours terminé;149.82
2049;17/05/2026 15:20:32;;Dossier validé;Parcours terminé;478.88
2050;17/05/2026 15:20:32;;Dossier validé;Parcours terminé;813.69
2051;17/05/2026 15:18:35;;Dossier validé;Parcours terminé;419.97
2052;17/05/2026 15:18:35;;Dossier validé;Parcours terminé;244.60
2053;17/05/2026 15:15:21;;Souscription non démarrée;Parcours non démarré;356.74
2054;17/05/2026 15:15:21;;Souscription non démarrée;Parcours non démarré;327.75
2055;17/05/2026 15:06:58;;Souscription en cours;Coordonnées personnelles;827.22
2056;17/05/2026 15:06:58;;Souscription en cours;Coordonnées personnelles;880.48
2057;17/05/2026 15:04:04;;Souscription en cours;Coordonnées personnelles;347.95
2058;17/05/2026 15:04:04;;Souscription en cours;Coordonnées personnelles;906.06
2059;17/05/2026 14:51:59;;Souscription en cours;Signature Contrat;591.97
2060;17/05/2026 14:51:59;;Souscription en cours;Signature Contrat;287.92
2061;17/05/2026 14:48:41;;Dossier validé;Parcours terminé;493.74
2062;17/05/2026 14:48:41;;Dossier validé;Parcours terminé;992.54
2063;17/05/2026 14:48:08;;Dossier refusé;Saisie société;594.94
2064;17/05/2026 14:48:08;;Dossier refusé;Saisie société;554.83
2065;17/05/2026 14:17:37;;En attente d'analyse Agent - Dossier avec erreurs;Signature Contrat;738.95
2066;17/05/2026 14:17:37;;En attente d'analyse Agent - Dossier avec erreurs;Signature Contrat;292.24
2067;17/05/2026 14:14:53;;Dossier validé;Parcours terminé;280.18
2068;17/05/2026 14:14:53;;Dossier validé;Parcours terminé;597.19
2069;17/05/2026 14:08:10;;Souscription en cours;Coordonnées personnelles;984.68
2070;17/05/2026 14:08:10;;Souscription en cours;Coordonnées personnelles;198.34
2071;17/05/2026 13:48:07;;Souscription en cours;Coordonnées personnelles;789.73
2072;17/05/2026 13:48:07;;Souscription en cours;Coordonnées personnelles;775.77
2073;17/05/2026 13:47:53;;Dossier validé;Parcours terminé;962.77
2074;17/05/2026 13:47:53;;Dossier validé;Parcours terminé;713.45
2075;17/05/2026 13:45:48;;Dossier validé;Parcours terminé;806.62
2076;17/05/2026 13:45:48;;Dossier validé;Parcours terminé;281.25
2077;17/05/2026 13:25:53;;Dossier validé;Parcours terminé;916.94
2078;17/05/2026 13:25:53;;Dossier validé;Parcours terminé;681.42
2079;17/05/2026 13:20:21;;Souscription en cours;Signature Contrat;367.78
2080;17/05/2026 13:20:21;;Souscription en cours;Signature Contrat;276.62
2081;17/05/2026 12:58:35;;Souscription non démarrée;Parcours non démarré;470.46
2082;17/05/2026 12:58:35;;Souscription non démarrée;Parcours non démarré;739.57
2083;17/05/2026 12:57:00;;Dossier refusé;Saisie société;222.66
2084;17/05/2026 12:57:00;;Dossier refusé;Saisie société;237.86
2085;17/05/2026 12:42:24;;Dossier refusé;Choix de l'offre et livraison;369.17
2086;17/05/2026 12:42:24;;Dossier refusé;Choix de l'offre et livraison;121.20
2087;17/05/2026 12:22:27;;Souscription en cours;Coordonnées personnelles;294.13
2088;17/05/2026 12:22:27;;Souscription en cours;Coordonnées personnelles;775.93
2089;17/05/2026 12:19:18;;Dossier validé;Parcours terminé;323.85
2090;17/05/2026 12:19:18;;Dossier validé;Parcours terminé;806.00
2091;17/05/2026 11:31:27;;Souscription en cours;Vérification d'identité;821.60
2092;17/05/2026 11:31:27;;Souscription en cours;Vérification d'identité;534.56
2093;17/05/2026 11:23:39;;Dossier refusé;Saisie société;615.86
2094;17/05/2026 11:23:39;;Dossier refusé;Saisie société;359.91
2095;17/05/2026 11:08:42;;Souscription en cours;Coordonnées personnelles;957.38
2096;17/05/2026 11:08:42;;Souscription en cours;Coordonnées personnelles;764.35
2097;17/05/2026 11:00:45;;Souscription non démarrée;Parcours non démarré;389.18
2098;17/05/2026 11:00:45;;Souscription non démarrée;Parcours non démarré;105.36
2099;17/05/2026 11:00:09;;Dossier validé;Parcours terminé;964.53
2100;17/05/2026 11:00:09;;Dossier validé;Parcours terminé;737.54
2101;17/05/2026 10:41:45;;Souscription en cours;Choix de l'offre et livraison;392.71
2102;17/05/2026 10:41:45;;Souscription en cours;Choix de l'offre et livraison;801.63
2103;17/05/2026 10:39:00;;Dossier validé;Parcours terminé;767.30
2104;17/05/2026 10:39:00;;Dossier validé;Parcours terminé;644.21
2105;17/05/2026 10:34:29;;Dossier validé;Parcours terminé;116.55
2106;17/05/2026 10:34:29;;Dossier validé;Parcours terminé;157.22
2107;17/05/2026 10:22:59;;Souscription en cours;Coordonnées personnelles;324.62
2108;17/05/2026 10:22:59;;Souscription en cours;Coordonnées personnelles;587.77
2109;17/05/2026 10:15:43;;Souscription en cours;Coordonnées personnelles;315.78
2110;17/05/2026 10:15:43;;Souscription en cours;Coordonnées personnelles;451.95
2111;17/05/2026 09:30:25;Adam LAURENT;Dossier validé;Parcours terminé;916.38
2112;17/05/2026 09:30:25;Adam LAURENT;Dossier validé;Parcours terminé;639.49
2113;17/05/2026 09:21:24;;Souscription en cours;Informations complémentaires (CA, Profession, etc.);359.35
2114;17/05/2026 09:21:24;;Souscription en cours;Informations complémentaires (CA, Profession, etc.);327.72
2115;17/05/2026 09:21:03;;Souscription non démarrée;Parcours non démarré;710.27
2116;17/05/2026 09:21:03;;Souscription non démarrée;Parcours non démarré;671.77
2117;17/05/2026 09:14:51;;Souscription en cours;Informations complémentaires (CA, Profession, etc.);696.19
2118;17/05/2026 09:14:51;;Souscription en cours;Informations complémentaires (CA, Profession, etc.);680.46
2119;17/05/2026 09:13:33;;Souscription en cours;Coordonnées personnelles;838.64
2120;17/05/2026 09:13:33;;Souscription en cours;Coordonnées personnelles;900.89
2121;17/05/2026 08:57:59;;Dossier validé;Parcours terminé;542.08
2122;17/05/2026 08:57:59;;Dossier validé;Parcours terminé;616.79
2123;17/05/2026 08:57:11;;Souscription en cours;Coordonnées personnelles;872.40
2124;17/05/2026 08:57:11;;Souscription en cours;Coordonnées personnelles;704.14
2125;17/05/2026 08:49:57;;Dossier validé;Parcours terminé;370.80
2126;17/05/2026 08:49:57;;Dossier validé;Parcours terminé;449.39
2127;17/05/2026 08:39:39;;Souscription en cours;Vérification d'identité;514.48
2128;17/05/2026 08:39:39;;Souscription en cours;Vérification d'identité;879.65
2129;17/05/2026 08:37:39;;Dossier refusé;Saisie société;512.90
2130;17/05/2026 08:37:39;;Dossier refusé;Saisie société;541.28
2131;17/05/2026 08:28:56;;Dossier validé;Parcours terminé;891.00
2132;17/05/2026 08:28:56;;Dossier validé;Parcours terminé;188.96
2133;17/05/2026 07:55:23;;En attente d'analyse Agent - Dossier avec erreurs;Signature Contrat;789.78
2134;17/05/2026 07:55:23;;En attente d'analyse Agent - Dossier avec erreurs;Signature Contrat;289.96
2135;17/05/2026 05:09:39;;Dossier validé;Parcours terminé;395.19
2136;17/05/2026 05:09:39;;Dossier validé;Parcours terminé;791.88
2137;17/05/2026 04:41:03;;Souscription en cours;Coordonnées personnelles;668.81
2138;17/05/2026 04:41:03;;Souscription en cours;Coordonnées personnelles;595.90
2139;17/05/2026 04:35:21;;Dossier validé;Parcours terminé;853.85
2140;17/05/2026 04:35:21;;Dossier validé;Parcours terminé;218.18
2141;17/05/2026 03:36:33;;En attente d'analyse Agent - Dossier avec erreurs;Signature Contrat;859.03
2142;17/05/2026 03:36:33;;En attente d'analyse Agent - Dossier avec erreurs;Signature Contrat;242.62
2143;17/05/2026 03:30:53;;Souscription en cours;Coordonnées personnelles;685.44
2144;17/05/2026 03:30:53;;Souscription en cours;Coordonnées personnelles;871.96
2145;17/05/2026 02:24:21;;Dossier validé;Parcours terminé;138.23
2146;17/05/2026 02:24:21;;Dossier validé;Parcours terminé;868.69
2147;16/05/2026 23:58:05;;Dossier validé;Parcours terminé;461.02
2148;16/05/2026 23:58:05;;Dossier validé;Parcours terminé;837.61
2149;16/05/2026 23:54:15;;Souscription non démarrée;Parcours non démarré;532.76
2150;16/05/2026 23:54:15;;Souscription non démarrée;Parcours non démarré;789.49
2151;16/05/2026 23:46:41;;Dossier validé;Parcours terminé;850.32
2152;16/05/2026 23:46:41;;Dossier validé;Parcours terminé;557.58
2153;16/05/2026 23:09:43;;Souscription en cours;Bénéficiaire effectifs;113.85
2154;16/05/2026 23:09:43;;Souscription en cours;Bénéficiaire effectifs;447.14
2155;16/05/2026 22:33:46;Hugo MARTIN;Dossier refusé;Saisie société;727.89
2156;16/05/2026 22:33:46;Hugo MARTIN;Dossier refusé;Saisie société;892.39
2157;16/05/2026 22:33:41;;Souscription non démarrée;Parcours non démarré;678.15
2158;16/05/2026 22:33:41;;Souscription non démarrée;Parcours non démarré;244.35
2159;16/05/2026 22:01:48;;Souscription en cours;Coordonnées personnelles;260.27
2160;16/05/2026 22:01:48;;Souscription en cours;Coordonnées personnelles;560.18
2161;16/05/2026 21:37:03;;Dossier validé;Parcours terminé;107.14
2162;16/05/2026 21:37:03;;Dossier validé;Parcours terminé;944.64
2163;16/05/2026 21:30:42;;Souscription en cours;Coordonnées personnelles;552.53
2164;16/05/2026 21:30:42;;Souscription en cours;Coordonnées personnelles;780.75
2165;16/05/2026 21:22:36;;Souscription non démarrée;Parcours non démarré;359.86
2166;16/05/2026 21:22:36;;Souscription non démarrée;Parcours non démarré;893.45
2167;16/05/2026 21:13:21;;Dossier validé;Parcours terminé;878.33
2168;16/05/2026 21:13:21;;Dossier validé;Parcours terminé;480.46
2169;16/05/2026 20:51:31;;Dossier refusé;Saisie société;515.90
2170;16/05/2026 20:51:31;;Dossier refusé;Saisie société;463.87
2171;16/05/2026 20:47:25;;Souscription en cours;Coordonnées personnelles;689.09
2172;16/05/2026 20:47:25;;Souscription en cours;Coordonnées personnelles;281.59
2173;16/05/2026 20:41:12;;Souscription en cours;Coordonnées personnelles;847.95
2174;16/05/2026 20:41:12;;Souscription en cours;Coordonnées personnelles;654.87
2175;16/05/2026 20:28:06;;Souscription en cours;Vérification d'identité;504.70
2176;16/05/2026 20:28:06;;Souscription en cours;Vérification d'identité;969.65
2177;16/05/2026 20:22:35;;Souscription en cours;Choix de l'offre et livraison;577.38
2178;16/05/2026 20:22:35;;Souscription en cours;Choix de l'offre et livraison;986.63
2179;16/05/2026 20:21:18;;Souscription en cours;Coordonnées personnelles;596.58
2180;16/05/2026 20:21:18;;Souscription en cours;Coordonnées personnelles;926.24
2181;16/05/2026 20:07:19;;Dossier refusé;Synchronisation référentiel personne NOVA;695.04
2182;16/05/2026 20:07:19;;Dossier refusé;Synchronisation référentiel personne NOVA;586.18
2183;16/05/2026 19:38:52;;Dossier validé;Parcours terminé;344.67
2184;16/05/2026 19:38:52;;Dossier validé;Parcours terminé;207.37
2185;16/05/2026 19:30:50;;Dossier refusé;Saisie société;313.69
2186;16/05/2026 19:30:50;;Dossier refusé;Saisie société;964.51
2187;16/05/2026 19:23:15;;Dossier validé;Parcours terminé;570.64
2188;16/05/2026 19:23:15;;Dossier validé;Parcours terminé;940.26
2189;16/05/2026 19:15:04;;Souscription en cours;Coordonnées personnelles;842.26
2190;16/05/2026 19:15:04;;Souscription en cours;Coordonnées personnelles;171.67
2191;16/05/2026 19:02:00;;Souscription en cours;Choix de l'offre et livraison;945.85
2192;16/05/2026 19:02:00;;Souscription en cours;Choix de l'offre et livraison;674.10
2193;16/05/2026 18:21:24;;Souscription en cours;Coordonnées personnelles;269.87
2194;16/05/2026 18:21:24;;Souscription en cours;Coordonnées personnelles;970.64
2195;16/05/2026 18:07:04;;Souscription non démarrée;Parcours non démarré;651.21
2196;16/05/2026 18:07:04;;Souscription non démarrée;Parcours non démarré;467.08
2197;16/05/2026 17:53:15;;Souscription en cours;Choix de l'offre et livraison;583.38
2198;16/05/2026 17:53:15;;Souscription en cours;Choix de l'offre et livraison;699.31
2199;16/05/2026 17:51:36;Inès MICHEL;Dossier refusé;Saisie société;252.85
2200;16/05/2026 17:51:36;Inès MICHEL;Dossier refusé;Saisie société;832.09
2201;16/05/2026 17:46:04;;Dossier validé;Parcours terminé;605.65
2202;16/05/2026 17:46:04;;Dossier validé;Parcours terminé;316.33
2203;16/05/2026 17:42:15;Z5681453;Dossier refusé;Signature Contrat;993.39
2204;16/05/2026 17:42:15;Z5681453;Dossier refusé;Signature Contrat;987.96
2205;16/05/2026 17:32:45;;Dossier validé;Parcours terminé;950.07
2206;16/05/2026 17:32:45;;Dossier validé;Parcours terminé;889.03
2207;16/05/2026 17:14:52;;Souscription en cours;Coordonnées personnelles;599.46
2208;16/05/2026 17:14:52;;Souscription en cours;Coordonnées personnelles;855.20
2209;16/05/2026 17:09:12;;Souscription en cours;Vérification d'identité;954.21
2210;16/05/2026 17:09:12;;Souscription en cours;Vérification d'identité;434.99
2211;16/05/2026 17:01:55;;Souscription en cours;Vérification d'identité;638.17
2212;16/05/2026 17:01:55;;Souscription en cours;Vérification d'identité;617.57
2213;16/05/2026 16:40:08;;Souscription en cours;Synchronisation référentiel personne NOVA;157.51
2214;16/05/2026 16:40:08;;Souscription en cours;Synchronisation référentiel personne NOVA;180.86
2215;16/05/2026 16:31:46;;Souscription en cours;Choix de l'offre et livraison;863.50
2216;16/05/2026 16:31:46;;Souscription en cours;Choix de l'offre et livraison;349.04
2217;16/05/2026 16:25:22;;Souscription en cours;Coordonnées personnelles;886.67
2218;16/05/2026 16:25:22;;Souscription en cours;Coordonnées personnelles;439.75
2219;16/05/2026 16:24:52;;Dossier validé;Parcours terminé;156.81
2220;16/05/2026 16:24:52;;Dossier validé;Parcours terminé;160.44
2221;16/05/2026 16:14:58;Z5681453;Dossier refusé;Signature Contrat;287.11
2222;16/05/2026 16:14:58;Z5681453;Dossier refusé;Signature Contrat;971.22
2223;16/05/2026 16:06:15;;Dossier validé;Parcours terminé;945.87
2224;16/05/2026 16:06:15;;Dossier validé;Parcours terminé;326.77
2225;16/05/2026 15:56:06;;Dossier validé;Parcours terminé;264.84
2226;16/05/2026 15:56:06;;Dossier validé;Parcours terminé;125.91
2227;16/05/2026 15:51:39;;Souscription en cours;Coordonnées personnelles;576.56
2228;16/05/2026 15:51:39;;Souscription en cours;Coordonnées personnelles;470.58
2229;16/05/2026 15:40:02;;Dossier refusé;Saisie société;373.34
2230;16/05/2026 15:40:02;;Dossier refusé;Saisie société;940.26
2231;16/05/2026 15:38:14;;Dossier validé;Parcours terminé;102.67
2232;16/05/2026 15:38:14;;Dossier validé;Parcours terminé;237.85
2233;16/05/2026 15:35:51;;Souscription en cours;Signature Contrat;284.16
2234;16/05/2026 15:35:51;;Souscription en cours;Signature Contrat;776.45
2235;16/05/2026 15:28:46;;Dossier validé;Parcours terminé;948.41
2236;16/05/2026 15:28:46;;Dossier validé;Parcours terminé;850.98
2237;16/05/2026 15:25:52;;Dossier validé;Parcours terminé;455.62
2238;16/05/2026 15:25:52;;Dossier validé;Parcours terminé;238.44
2239;16/05/2026 15:16:02;;Souscription en cours;Coordonnées personnelles;903.49
2240;16/05/2026 15:16:02;;Souscription en cours;Coordonnées personnelles;382.81
2241;16/05/2026 15:11:02;Manon LEFEBVRE;Dossier validé;Parcours terminé;182.66
2242;16/05/2026 15:11:02;Manon LEFEBVRE;Dossier validé;Parcours terminé;933.37
2243;16/05/2026 15:06:43;Manon LEFEBVRE;Dossier validé;Parcours terminé;248.85
2244;16/05/2026 15:06:43;Manon LEFEBVRE;Dossier validé;Parcours terminé;502.70
2245;16/05/2026 15:04:03;;Souscription en cours;Choix de l'offre et livraison;613.98
2246;16/05/2026 15:04:03;;Souscription en cours;Choix de l'offre et livraison;177.01
2247;16/05/2026 14:51:05;;Dossier validé;Parcours terminé;739.25
2248;16/05/2026 14:51:05;;Dossier validé;Parcours terminé;127.49
2249;16/05/2026 14:42:12;;Dossier validé;Parcours terminé;380.15
2250;16/05/2026 14:42:12;;Dossier validé;Parcours terminé;235.35
2251;16/05/2026 14:35:31;;Dossier refusé;Choix de l'offre et livraison;978.18
2252;16/05/2026 14:35:31;;Dossier refusé;Choix de l'offre et livraison;459.65
2253;16/05/2026 14:34:54;;Dossier validé;Parcours terminé;609.95
2254;16/05/2026 14:34:54;;Dossier validé;Parcours terminé;457.14
2255;16/05/2026 14:29:09;;Souscription en cours;Vérification d'identité;621.57
2256;16/05/2026 14:29:09;;Souscription en cours;Vérification d'identité;256.93
2257;16/05/2026 14:24:27;;Souscription non démarrée;Parcours non démarré;595.07
2258;16/05/2026 14:24:27;;Souscription non démarrée;Parcours non démarré;221.65
2259;16/05/2026 14:21:36;;Souscription en cours;Signature Contrat;835.08
2260;16/05/2026 14:21:36;;Souscription en cours;Signature Contrat;671.69
2261;16/05/2026 14:12:38;;Dossier refusé;Saisie société;128.54
2262;16/05/2026 14:12:38;;Dossier refusé;Saisie société;353.32
2263;16/05/2026 13:25:36;;Souscription en cours;Coordonnées personnelles;824.28
2264;16/05/2026 13:25:36;;Souscription en cours;Coordonnées personnelles;591.15
2265;16/05/2026 12:59:22;;Souscription en cours;Coordonnées personnelles;288.43
2266;16/05/2026 12:59:22;;Souscription en cours;Coordonnées personnelles;735.30
2267;16/05/2026 12:43:00;;En attente d'analyse Agent - Dossier avec erreurs;Signature Contrat;988.10
2268;16/05/2026 12:43:00;;En attente d'analyse Agent - Dossier avec erreurs;Signature Contrat;663.63
2269;16/05/2026 12:22:49;;Dossier validé;Parcours terminé;137.45
2270;16/05/2026 12:22:49;;Dossier validé;Parcours terminé;575.55
2271;16/05/2026 12:14:58;;Souscription en cours;Coordonnées personnelles;621.53
2272;16/05/2026 12:14:58;;Souscription en cours;Coordonnées personnelles;926.19
2273;16/05/2026 12:14:03;;Souscription non démarrée;Parcours non démarré;801.68
2274;16/05/2026 12:14:03;;Souscription non démarrée;Parcours non démarré;351.52
2275;16/05/2026 12:10:23;;Souscription en cours;Coordonnées personnelles;993.20
2276;16/05/2026 12:10:23;;Souscription en cours;Coordonnées personnelles;394.11
2277;16/05/2026 12:08:05;;Dossier validé;Parcours terminé;180.55
2278;16/05/2026 12:08:05;;Dossier validé;Parcours terminé;778.49
2279;16/05/2026 12:06:17;;Dossier refusé;Saisie société;547.22
2280;16/05/2026 12:06:17;;Dossier refusé;Saisie société;432.69
2281;16/05/2026 12:06:11;;Dossier validé;Parcours terminé;213.97
2282;16/05/2026 12:06:11;;Dossier validé;Parcours terminé;284.18
2283;16/05/2026 11:53:57;Inès MICHEL;Dossier validé;Parcours terminé;862.98
2284;16/05/2026 11:53:57;Inès MICHEL;Dossier validé;Parcours terminé;296.03
2285;16/05/2026 11:38:58;;Dossier validé;Parcours terminé;620.31
2286;16/05/2026 11:38:58;;Dossier validé;Parcours terminé;339.29
2287;16/05/2026 11:34:52;;Dossier validé;Parcours terminé;222.73
2288;16/05/2026 11:34:52;;Dossier validé;Parcours terminé;762.75
2289;16/05/2026 11:33:23;;Dossier refusé;Saisie société;600.67
2290;16/05/2026 11:33:23;;Dossier refusé;Saisie société;505.31
2291;16/05/2026 11:31:00;Rayan MICHEL;Dossier refusé;Saisie société;428.90
2292;16/05/2026 11:31:00;Rayan MICHEL;Dossier refusé;Saisie société;510.07
2293;16/05/2026 11:21:03;Adam LAURENT;Dossier validé;Parcours terminé;618.25
2294;16/05/2026 11:21:03;Adam LAURENT;Dossier validé;Parcours terminé;820.58
2295;16/05/2026 11:11:38;;Souscription non démarrée;Parcours non démarré;560.00
2296;16/05/2026 11:11:38;;Souscription non démarrée;Parcours non démarré;292.20
2297;16/05/2026 11:05:19;;Souscription en cours;Signature Contrat;356.58
2298;16/05/2026 11:05:19;;Souscription en cours;Signature Contrat;651.42
2299;16/05/2026 11:04:53;;Souscription en cours;Informations complémentaires (Etablissements, etc.);820.20
2300;16/05/2026 11:04:53;;Souscription en cours;Informations complémentaires (Etablissements, etc.);167.36
2301;16/05/2026 11:04:13;;Dossier validé;Parcours terminé;840.57
2302;16/05/2026 11:04:13;;Dossier validé;Parcours terminé;935.58
2303;16/05/2026 10:50:13;;Dossier validé;Parcours terminé;109.90
2304;16/05/2026 10:50:13;;Dossier validé;Parcours terminé;907.00
2305;16/05/2026 10:34:09;;Souscription non démarrée;Parcours non démarré;268.44
2306;16/05/2026 10:34:09;;Souscription non démarrée;Parcours non démarré;633.49
2307;16/05/2026 10:26:14;;Dossier refusé;Saisie société;512.50
2308;16/05/2026 10:26:14;;Dossier refusé;Saisie société;859.26
2309;16/05/2026 10:14:55;;Souscription en cours;Choix de l'offre et livraison;893.25
2310;16/05/2026 10:14:55;;Souscription en cours;Choix de l'offre et livraison;586.02
2311;16/05/2026 10:09:19;;Dossier validé;Parcours terminé;849.60
2312;16/05/2026 10:09:19;;Dossier validé;Parcours terminé;798.05
2313;16/05/2026 10:03:29;Manon LEFEBVRE;Dossier validé;Parcours terminé;401.04
2314;16/05/2026 10:03:29;Manon LEFEBVRE;Dossier validé;Parcours terminé;575.84
2315;16/05/2026 10:00:45;;Souscription en cours;Coordonnées personnelles;593.74
2316;16/05/2026 10:00:45;;Souscription en cours;Coordonnées personnelles;219.23
2317;16/05/2026 09:33:30;;Souscription en cours;Signature Contrat;935.60
2318;16/05/2026 09:33:30;;Souscription en cours;Signature Contrat;947.77
2319;16/05/2026 09:32:07;;Souscription en cours;Coordonnées personnelles;316.14
2320;16/05/2026 09:32:07;;Souscription en cours;Coordonnées personnelles;975.94
2321;16/05/2026 09:08:43;;Dossier validé;Parcours terminé;857.86
2322;16/05/2026 09:08:43;;Dossier validé;Parcours terminé;688.10
2323;16/05/2026 08:59:13;;Souscription en cours;Choix de l'offre et livraison;812.38
2324;16/05/2026 08:59:13;;Souscription en cours;Choix de l'offre et livraison;265.01
2325;16/05/2026 08:43:49;;Souscription en cours;Coordonnées personnelles;707.74
2326;16/05/2026 08:43:49;;Souscription en cours;Coordonnées personnelles;589.83
2327;16/05/2026 08:07:09;;Dossier validé;Parcours terminé;515.51
2328;16/05/2026 08:07:09;;Dossier validé;Parcours terminé;494.38
2329;16/05/2026 07:31:25;;Souscription en cours;Coordonnées personnelles;926.16
2330;16/05/2026 07:31:25;;Souscription en cours;Coordonnées personnelles;567.14
2331;16/05/2026 07:08:24;;Souscription en cours;Synchronisation référentiel personne NOVA;870.24
2332;16/05/2026 07:08:24;;Souscription en cours;Synchronisation référentiel personne NOVA;987.35
2333;16/05/2026 04:32:10;;Souscription non démarrée;Parcours non démarré;170.98
2334;16/05/2026 04:32:10;;Souscription non démarrée;Parcours non démarré;821.97
2335;16/05/2026 03:06:48;;Souscription en cours;Coordonnées personnelles;796.46
2336;16/05/2026 03:06:48;;Souscription en cours;Coordonnées personnelles;866.00
2337;16/05/2026 02:51:57;;Dossier validé;Parcours terminé;310.77
2338;16/05/2026 02:51:57;;Dossier validé;Parcours terminé;710.67
2339;16/05/2026 02:40:14;;Souscription en cours;Coordonnées personnelles;983.81
2340;16/05/2026 02:40:14;;Souscription en cours;Coordonnées personnelles;270.29
2341;16/05/2026 01:23:43;;Souscription en cours;Coordonnées personnelles;630.09
2342;16/05/2026 01:23:43;;Souscription en cours;Coordonnées personnelles;735.51
2343;16/05/2026 01:19:19;;Souscription en cours;Choix de l'offre et livraison;380.27
2344;16/05/2026 01:19:19;;Souscription en cours;Choix de l'offre et livraison;712.96
2345;16/05/2026 00:24:37;;Dossier refusé;Bénéficiaire effectifs;763.35
2346;16/05/2026 00:24:37;;Dossier refusé;Bénéficiaire effectifs;523.03
2347;15/05/2026 23:58:24;;Dossier refusé;Saisie société;977.79
2348;15/05/2026 23:58:24;;Dossier refusé;Saisie société;655.97
2349;15/05/2026 23:43:30;;Dossier validé;Parcours terminé;921.43
2350;15/05/2026 23:43:30;;Dossier validé;Parcours terminé;393.66
2351;15/05/2026 23:30:48;;Dossier validé;Parcours terminé;526.26
2352;15/05/2026 23:30:48;;Dossier validé;Parcours terminé;204.67
2353;15/05/2026 23:10:13;;Dossier validé;Parcours terminé;933.77
2354;15/05/2026 23:10:13;;Dossier validé;Parcours terminé;289.99
2355;15/05/2026 23:02:03;;Dossier validé;Parcours terminé;179.99
2356;15/05/2026 23:02:03;;Dossier validé;Parcours terminé;551.70
2357;15/05/2026 22:59:31;;Souscription non démarrée;Parcours non démarré;858.83
2358;15/05/2026 22:59:31;;Souscription non démarrée;Parcours non démarré;353.56
2359;15/05/2026 22:55:35;;Souscription non démarrée;Parcours non démarré;380.87
2360;15/05/2026 22:55:35;;Souscription non démarrée;Parcours non démarré;226.57
2361;15/05/2026 22:39:47;;Dossier refusé;Signature Contrat;804.06
2362;15/05/2026 22:39:47;;Dossier refusé;Signature Contrat;421.03
2363;15/05/2026 22:34:03;;Souscription en cours;Signature Contrat;240.48
2364;15/05/2026 22:34:03;;Souscription en cours;Signature Contrat;647.83
2365;15/05/2026 22:33:35;;Souscription en cours;Coordonnées personnelles;940.59
2366;15/05/2026 22:33:35;;Souscription en cours;Coordonnées personnelles;570.23
2367;15/05/2026 22:24:51;;Dossier validé;Parcours terminé;870.36
2368;15/05/2026 22:24:51;;Dossier validé;Parcours terminé;867.05
2369;15/05/2026 22:18:09;;Dossier validé;Parcours terminé;817.05
2370;15/05/2026 22:18:09;;Dossier validé;Parcours terminé;812.87
2371;15/05/2026 21:34:17;;Dossier refusé;Signature Contrat;272.49
2372;15/05/2026 21:34:17;;Dossier refusé;Signature Contrat;800.88
2373;15/05/2026 21:22:40;;Souscription en cours;Coordonnées personnelles;698.52
2374;15/05/2026 21:22:40;;Souscription en cours;Coordonnées personnelles;826.58
2375;15/05/2026 21:13:46;;Dossier refusé;Signature Contrat;550.32
2376;15/05/2026 21:13:46;;Dossier refusé;Signature Contrat;139.16
2377;15/05/2026 21:12:43;;Dossier validé;Parcours terminé;882.48
2378;15/05/2026 21:12:43;;Dossier validé;Parcours terminé;582.23
2379;15/05/2026 20:40:48;;En attente d'analyse Agent - Dossier avec erreurs;Signature Contrat;545.78
2380;15/05/2026 20:40:48;;En attente d'analyse Agent - Dossier avec erreurs;Signature Contrat;184.03
2381;15/05/2026 20:26:53;;Dossier validé;Parcours terminé;133.45
2382;15/05/2026 20:26:53;;Dossier validé;Parcours terminé;609.47
2383;15/05/2026 20:25:03;;Souscription en cours;Signature Contrat;814.84
2384;15/05/2026 20:25:03;;Souscription en cours;Signature Contrat;975.25
2385;15/05/2026 20:20:30;;Dossier validé;Parcours terminé;837.57
2386;15/05/2026 20:20:30;;Dossier validé;Parcours terminé;175.30
2387;15/05/2026 20:00:45;;Souscription en cours;Informations complémentaires (Etablissements, etc.);121.08
2388;15/05/2026 20:00:45;;Souscription en cours;Informations complémentaires (Etablissements, etc.);495.51
2389;15/05/2026 20:00:18;;Souscription en cours;Coordonnées personnelles;787.49
2390;15/05/2026 20:00:18;;Souscription en cours;Coordonnées personnelles;218.79
2391;15/05/2026 19:54:40;;Souscription en cours;Coordonnées personnelles;686.48
2392;15/05/2026 19:54:40;;Souscription en cours;Coordonnées personnelles;610.01
2393;15/05/2026 19:24:52;Manon LEFEBVRE;Dossier validé;Parcours terminé;944.92
2394;15/05/2026 19:24:52;Manon LEFEBVRE;Dossier validé;Parcours terminé;914.55
2395;15/05/2026 19:12:56;;Souscription non démarrée;Parcours non démarré;576.78
2396;15/05/2026 19:12:56;;Souscription non démarrée;Parcours non démarré;800.78
2397;15/05/2026 19:02:02;;Souscription non démarrée;Parcours non démarré;143.93
2398;15/05/2026 19:02:02;;Souscription non démarrée;Parcours non démarré;819.21
2399;15/05/2026 18:57:30;;Souscription en cours;Criblages BE(s);222.39
2400;15/05/2026 18:57:30;;Souscription en cours;Criblages BE(s);102.69
2401;15/05/2026 18:46:11;;Souscription en cours;Vérification d'identité;832.34
2402;15/05/2026 18:46:11;;Souscription en cours;Vérification d'identité;243.52
2403;15/05/2026 18:43:17;;Dossier refusé;Saisie société;242.11
2404;15/05/2026 18:43:17;;Dossier refusé;Saisie société;909.46
2405;15/05/2026 18:42:39;;Souscription en cours;Choix de l'offre et livraison;907.12
2406;15/05/2026 18:42:39;;Souscription en cours;Choix de l'offre et livraison;602.15
2407;15/05/2026 18:41:58;;Souscription en cours;Informations complémentaires (Etablissements, etc.);103.60
2408;15/05/2026 18:41:58;;Souscription en cours;Informations complémentaires (Etablissements, etc.);578.03
2409;15/05/2026 18:38:01;;Souscription en cours;Choix de l'offre et livraison;821.86
2410;15/05/2026 18:38:01;;Souscription en cours;Choix de l'offre et livraison;854.18
2411;15/05/2026 18:36:37;;Souscription en cours;Informations complémentaires (CA, Profession, etc.);987.35
2412;15/05/2026 18:36:37;;Souscription en cours;Informations complémentaires (CA, Profession, etc.);993.42
2413;15/05/2026 18:22:31;;Souscription non démarrée;Parcours non démarré;872.61
2414;15/05/2026 18:22:31;;Souscription non démarrée;Parcours non démarré;891.59
2415;15/05/2026 18:10:28;;Dossier refusé;Saisie société;920.97
2416;15/05/2026 18:10:28;;Dossier refusé;Saisie société;183.33
2417;15/05/2026 18:07:22;;Souscription en cours;Informations complémentaires (CA, Profession, etc.);355.34
2418;15/05/2026 18:07:22;;Souscription en cours;Informations complémentaires (CA, Profession, etc.);321.34
2419;15/05/2026 18:02:09;;Souscription en cours;Coordonnées personnelles;680.48
2420;15/05/2026 18:02:09;;Souscription en cours;Coordonnées personnelles;581.25
2421;15/05/2026 17:58:53;Hugo MARTIN;Dossier validé;Parcours terminé;663.79
2422;15/05/2026 17:58:53;Hugo MARTIN;Dossier validé;Parcours terminé;442.69
2423;15/05/2026 17:53:54;;Dossier validé;Parcours terminé;571.01
2424;15/05/2026 17:53:54;;Dossier validé;Parcours terminé;935.56
2425;15/05/2026 17:48:05;;Souscription en cours;Coordonnées personnelles;154.37
2426;15/05/2026 17:48:05;;Souscription en cours;Coordonnées personnelles;416.95
2427;15/05/2026 17:41:58;;Dossier validé;Parcours terminé;915.51
2428;15/05/2026 17:41:58;;Dossier validé;Parcours terminé;161.99
2429;15/05/2026 17:38:52;Zoé MULLER;Dossier validé;Parcours terminé;814.93
2430;15/05/2026 17:38:52;Zoé MULLER;Dossier validé;Parcours terminé;355.88
2431;15/05/2026 17:38:51;;Dossier validé;Parcours terminé;689.08
2432;15/05/2026 17:38:51;;Dossier validé;Parcours terminé;190.97
2433;15/05/2026 17:35:09;;Dossier validé;Parcours terminé;831.79
2434;15/05/2026 17:35:09;;Dossier validé;Parcours terminé;914.48
2435;15/05/2026 17:29:26;;Souscription en cours;Coordonnées personnelles;645.81
2436;15/05/2026 17:29:26;;Souscription en cours;Coordonnées personnelles;730.55
2437;15/05/2026 17:20:19;;Dossier refusé;Saisie société;167.05
2438;15/05/2026 17:20:19;;Dossier refusé;Saisie société;359.89
2439;15/05/2026 17:15:41;;Dossier validé;Parcours terminé;332.31
2440;15/05/2026 17:15:41;;Dossier validé;Parcours terminé;694.07
2441;15/05/2026 17:12:54;;Souscription en cours;Coordonnées personnelles;593.58
2442;15/05/2026 17:12:54;;Souscription en cours;Coordonnées personnelles;836.42
2443;15/05/2026 17:07:29;;Dossier validé;Parcours terminé;709.42
2444;15/05/2026 17:07:29;;Dossier validé;Parcours terminé;927.27
2445;15/05/2026 16:56:07;;Dossier refusé;Choix de l'offre et livraison;436.54
2446;15/05/2026 16:56:07;;Dossier refusé;Choix de l'offre et livraison;137.61
2447;15/05/2026 16:50:51;;Dossier refusé;Parcours terminé;400.22
2448;15/05/2026 16:50:51;;Dossier refusé;Parcours terminé;760.82
2449;15/05/2026 16:41:42;;Dossier validé;Parcours terminé;905.84
2450;15/05/2026 16:41:42;;Dossier validé;Parcours terminé;833.25
2451;15/05/2026 16:34:17;;Souscription non démarrée;Parcours non démarré;267.75
2452;15/05/2026 16:34:17;;Souscription non démarrée;Parcours non démarré;732.01
2453;15/05/2026 16:32:34;;En attente d'analyse Agent - Dossier avec erreurs;Signature Contrat;457.74
2454;15/05/2026 16:32:34;;En attente d'analyse Agent - Dossier avec erreurs;Signature Contrat;448.74
2455;15/05/2026 16:21:40;;Dossier validé;Parcours terminé;733.96
2456;15/05/2026 16:21:40;;Dossier validé;Parcours terminé;211.28
2457;15/05/2026 16:21:20;;Dossier refusé;Saisie société;470.11
2458;15/05/2026 16:21:20;;Dossier refusé;Saisie société;894.62
2459;15/05/2026 16:19:08;Rayan MICHEL;Dossier validé;Parcours terminé;739.00
2460;15/05/2026 16:19:08;Rayan MICHEL;Dossier validé;Parcours terminé;760.03
2461;15/05/2026 16:15:25;;Souscription en cours;Choix de l'offre et livraison;427.08
2462;15/05/2026 16:15:25;;Souscription en cours;Choix de l'offre et livraison;801.51
2463;15/05/2026 16:10:20;;Dossier validé;Parcours terminé;871.35
2464;15/05/2026 16:10:20;;Dossier validé;Parcours terminé;945.21
2465;15/05/2026 16:01:38;;Dossier validé;Parcours terminé;792.95
2466;15/05/2026 16:01:38;;Dossier validé;Parcours terminé;419.88
2467;15/05/2026 15:55:26;;Dossier validé;Parcours terminé;253.50
2468;15/05/2026 15:55:26;;Dossier validé;Parcours terminé;286.24
2469;15/05/2026 15:48:43;;Dossier validé;Parcours terminé;169.55
2470;15/05/2026 15:48:43;;Dossier validé;Parcours terminé;153.53
2471;15/05/2026 15:42:36;;Dossier validé;Parcours terminé;616.94
2472;15/05/2026 15:42:36;;Dossier validé;Parcours terminé;814.10
2473;15/05/2026 15:37:47;;Souscription en cours;Vérification d'identité;132.19
2474;15/05/2026 15:37:47;;Souscription en cours;Vérification d'identité;734.13
2475;15/05/2026 15:35:13;;Dossier refusé;Saisie société;594.70
2476;15/05/2026 15:35:13;;Dossier refusé;Saisie société;286.37
2477;15/05/2026 15:33:29;;Souscription en cours;Signature Contrat;163.49
2478;15/05/2026 15:33:29;;Souscription en cours;Signature Contrat;105.37
2479;15/05/2026 15:29:59;;Souscription en cours;Choix de l'offre et livraison;624.07
2480;15/05/2026 15:29:59;;Souscription en cours;Choix de l'offre et livraison;520.38
2481;15/05/2026 15:24:38;;Dossier validé;Parcours terminé;198.03
2482;15/05/2026 15:24:38;;Dossier validé;Parcours terminé;846.19
2483;15/05/2026 15:23:39;;En attente d'analyse Agent - Dossier avec erreurs;Signature Contrat;679.49
2484;15/05/2026 15:23:39;;En attente d'analyse Agent - Dossier avec erreurs;Signature Contrat;717.15
2485;15/05/2026 15:13:08;Zoé MULLER;Dossier validé;Parcours terminé;302.09
2486;15/05/2026 15:13:08;Zoé MULLER;Dossier validé;Parcours terminé;913.26
2487;15/05/2026 15:12:03;;Souscription non démarrée;Parcours non démarré;398.15
2488;15/05/2026 15:12:03;;Souscription non démarrée;Parcours non démarré;318.22
2489;15/05/2026 15:11:20;;Souscription en cours;Coordonnées personnelles;530.38
2490;15/05/2026 15:11:20;;Souscription en cours;Coordonnées personnelles;873.67
2491;15/05/2026 15:10:38;;Souscription en cours;Informations complémentaires (CA, Profession, etc.);296.87
2492;15/05/2026 15:10:38;;Souscription en cours;Informations complémentaires (CA, Profession, etc.);816.74
2493;15/05/2026 15:06:32;;Dossier validé;Parcours terminé;262.33
2494;15/05/2026 15:06:32;;Dossier validé;Parcours terminé;522.54
2495;15/05/2026 15:04:22;;Souscription en cours;Coordonnées personnelles;147.14
2496;15/05/2026 15:04:22;;Souscription en cours;Coordonnées personnelles;455.35
2497;15/05/2026 15:04:00;;Dossier validé;Parcours terminé;212.90
2498;15/05/2026 15:04:00;;Dossier validé;Parcours terminé;138.16
2499;15/05/2026 15:02:56;;Souscription en cours;Choix de l'offre et livraison;232.44
2500;15/05/2026 15:02:56;;Souscription en cours;Choix de l'offre et livraison;630.13
2501;15/05/2026 15:02:05;;Dossier validé;Parcours terminé;245.02
2502;15/05/2026 15:02:05;;Dossier validé;Parcours terminé;180.21
2503;15/05/2026 15:00:11;;Dossier validé;Parcours terminé;902.22
2504;15/05/2026 15:00:11;;Dossier validé;Parcours terminé;662.15
2505;15/05/2026 14:59:38;;Souscription non démarrée;Parcours non démarré;989.87
2506;15/05/2026 14:59:38;;Souscription non démarrée;Parcours non démarré;312.50
2507;15/05/2026 14:46:52;;Souscription en cours;Choix de l'offre et livraison;148.01
2508;15/05/2026 14:46:52;;Souscription en cours;Choix de l'offre et livraison;848.21
2509;15/05/2026 14:43:11;;Dossier validé;Parcours terminé;925.45
2510;15/05/2026 14:43:11;;Dossier validé;Parcours terminé;859.22
2511;15/05/2026 14:42:37;;Souscription non démarrée;Parcours non démarré;217.51
2512;15/05/2026 14:42:37;;Souscription non démarrée;Parcours non démarré;592.98
2513;15/05/2026 14:39:53;;Souscription en cours;Synchronisation référentiel personne NOVA;233.99
2514;15/05/2026 14:39:53;;Souscription en cours;Synchronisation référentiel personne NOVA;633.93
2515;15/05/2026 14:39:11;;Dossier validé;Parcours terminé;201.22
2516;15/05/2026 14:39:11;;Dossier validé;Parcours terminé;400.42
2517;15/05/2026 14:32:46;;Souscription non démarrée;Parcours non démarré;168.79
2518;15/05/2026 14:32:46;;Souscription non démarrée;Parcours non démarré;694.78
2519;15/05/2026 14:32:23;;Dossier refusé;Saisie société;878.86
2520;15/05/2026 14:32:23;;Dossier refusé;Saisie société;755.77
2521;15/05/2026 14:30:51;;Souscription en cours;Choix de l'offre et livraison;404.68
2522;15/05/2026 14:30:51;;Souscription en cours;Choix de l'offre et livraison;295.06
2523;15/05/2026 14:27:52;;Dossier refusé;Saisie société;633.36
2524;15/05/2026 14:27:52;;Dossier refusé;Saisie société;396.21
2525;15/05/2026 14:26:55;;Dossier refusé;Saisie société;551.67
2526;15/05/2026 14:26:55;;Dossier refusé;Saisie société;290.31
2527;15/05/2026 14:26:10;;Souscription en cours;Signature Contrat;944.76
2528;15/05/2026 14:26:10;;Souscription en cours;Signature Contrat;598.03
2529;15/05/2026 14:18:00;;Dossier validé;Parcours terminé;503.25
2530;15/05/2026 14:18:00;;Dossier validé;Parcours terminé;300.78
2531;15/05/2026 14:17:21;;En attente d'analyse Agent - Dossier avec erreurs;Signature Contrat;719.14
2532;15/05/2026 14:17:21;;En attente d'analyse Agent - Dossier avec erreurs;Signature Contrat;881.63
2533;15/05/2026 14:16:24;;Dossier validé;Parcours terminé;861.22
2534;15/05/2026 14:16:24;;Dossier validé;Parcours terminé;672.60
2535;15/05/2026 14:02:08;;Souscription en cours;Informations complémentaires (CA, Profession, etc.);742.03
2536;15/05/2026 14:02:08;;Souscription en cours;Informations complémentaires (CA, Profession, etc.);571.11
2537;15/05/2026 13:52:35;;Dossier validé;Parcours terminé;251.49
2538;15/05/2026 13:52:35;;Dossier validé;Parcours terminé;327.74
2539;15/05/2026 13:47:38;;Souscription en cours;Choix de l'offre et livraison;819.92
2540;15/05/2026 13:47:38;;Souscription en cours;Choix de l'offre et livraison;928.33
2541;15/05/2026 13:41:37;;Dossier validé;Parcours terminé;623.52
2542;15/05/2026 13:41:37;;Dossier validé;Parcours terminé;459.70
2543;15/05/2026 13:25:49;;Souscription en cours;Coordonnées personnelles;845.96
2544;15/05/2026 13:25:49;;Souscription en cours;Coordonnées personnelles;183.40
2545;15/05/2026 13:22:58;;Dossier refusé;Parcours non démarré;688.14
2546;15/05/2026 13:22:58;;Dossier refusé;Parcours non démarré;262.41
2547;15/05/2026 13:09:24;;Dossier refusé;Saisie société;159.79
2548;15/05/2026 13:09:24;;Dossier refusé;Saisie société;822.50
2549;15/05/2026 12:59:26;;Souscription non démarrée;Parcours non démarré;257.75
2550;15/05/2026 12:59:26;;Souscription non démarrée;Parcours non démarré;162.04
2551;15/05/2026 12:54:18;;Dossier validé;Parcours terminé;958.17
2552;15/05/2026 12:54:18;;Dossier validé;Parcours terminé;928.63
2553;15/05/2026 12:52:26;Hugo MARTIN;Dossier validé;Parcours terminé;221.03
2554;15/05/2026 12:52:26;Hugo MARTIN;Dossier validé;Parcours terminé;617.06
2555;15/05/2026 12:41:17;;Souscription en cours;Vérification d'identité;533.11
2556;15/05/2026 12:41:17;;Souscription en cours;Vérification d'identité;511.70
2557;15/05/2026 12:37:08;;Souscription non démarrée;Parcours non démarré;264.98
2558;15/05/2026 12:37:08;;Souscription non démarrée;Parcours non démarré;185.91
2559;15/05/2026 12:35:40;;Souscription en cours;Coordonnées personnelles;370.17
2560;15/05/2026 12:35:40;;Souscription en cours;Coordonnées personnelles;256.04
2561;15/05/2026 12:35:02;;En attente d'analyse Agent - Dossier avec erreurs;Signature Contrat;582.96
2562;15/05/2026 12:35:02;;En attente d'analyse Agent - Dossier avec erreurs;Signature Contrat;204.22
2563;15/05/2026 12:29:33;;Dossier validé;Parcours terminé;193.53
2564;15/05/2026 12:29:33;;Dossier validé;Parcours terminé;967.06
2565;15/05/2026 12:27:41;;Dossier validé;Parcours terminé;415.28
2566;15/05/2026 12:27:41;;Dossier validé;Parcours terminé;321.34
2567;15/05/2026 12:22:40;;Souscription en cours;Coordonnées personnelles;125.11
2568;15/05/2026 12:22:40;;Souscription en cours;Coordonnées personnelles;616.60
2569;15/05/2026 12:22:27;;Dossier refusé;Parcours non démarré;306.95
2570;15/05/2026 12:22:27;;Dossier refusé;Parcours non démarré;348.78
2571;15/05/2026 12:21:43;;Souscription en cours;Bénéficiaire effectifs;838.92
2572;15/05/2026 12:21:43;;Souscription en cours;Bénéficiaire effectifs;279.58
2573;15/05/2026 12:14:48;;Souscription en cours;Vérification d'identité;940.43
2574;15/05/2026 12:14:48;;Souscription en cours;Vérification d'identité;847.32
2575;15/05/2026 12:10:40;;Souscription en cours;Choix de l'offre et livraison;543.70
2576;15/05/2026 12:10:40;;Souscription en cours;Choix de l'offre et livraison;425.13
2577;15/05/2026 11:56:31;;Souscription en cours;Signature Contrat;734.75
2578;15/05/2026 11:56:31;;Souscription en cours;Signature Contrat;176.57
2579;15/05/2026 11:55:27;;Dossier refusé;Signature Contrat;940.50
2580;15/05/2026 11:55:27;;Dossier refusé;Signature Contrat;339.81
2581;15/05/2026 11:46:38;;Souscription en cours;Choix de l'offre et livraison;560.36
2582;15/05/2026 11:46:38;;Souscription en cours;Choix de l'offre et livraison;171.95
2583;15/05/2026 11:43:49;;Dossier validé;Parcours terminé;919.94
2584;15/05/2026 11:43:49;;Dossier validé;Parcours terminé;536.18
2585;15/05/2026 11:39:48;;Dossier validé;Parcours terminé;801.64
2586;15/05/2026 11:39:48;;Dossier validé;Parcours terminé;603.88
2587;15/05/2026 11:32:05;;En attente d'analyse Agent - Dossier avec erreurs;Signature Contrat;831.57
2588;15/05/2026 11:32:05;;En attente d'analyse Agent - Dossier avec erreurs;Signature Contrat;870.92
2589;15/05/2026 11:31:53;;Souscription non démarrée;Parcours non démarré;307.25
2590;15/05/2026 11:31:53;;Souscription non démarrée;Parcours non démarré;214.73
2591;15/05/2026 11:24:54;;Souscription en cours;Vérification d'identité;492.56
2592;15/05/2026 11:24:54;;Souscription en cours;Vérification d'identité;849.17
2593;15/05/2026 11:24:45;;Dossier validé;Parcours terminé;644.62
2594;15/05/2026 11:24:45;;Dossier validé;Parcours terminé;202.66
2595;15/05/2026 11:21:13;;Souscription en cours;Coordonnées personnelles;376.08
2596;15/05/2026 11:21:13;;Souscription en cours;Coordonnées personnelles;421.62
2597;15/05/2026 11:19:32;;Souscription non démarrée;Parcours non démarré;788.97
2598;15/05/2026 11:19:32;;Souscription non démarrée;Parcours non démarré;399.79
2599;15/05/2026 11:16:21;;Souscription en cours;Choix de l'offre et livraison;329.24
2600;15/05/2026 11:16:21;;Souscription en cours;Choix de l'offre et livraison;718.52
2601;15/05/2026 11:11:08;;Souscription en cours;Choix de l'offre et livraison;684.16
2602;15/05/2026 11:11:08;;Souscription en cours;Choix de l'offre et livraison;883.53
2603;15/05/2026 11:01:40;;Souscription en cours;Coordonnées personnelles;855.95
2604;15/05/2026 11:01:40;;Souscription en cours;Coordonnées personnelles;405.50
2605;15/05/2026 10:59:45;;Dossier validé;Parcours terminé;477.57
2606;15/05/2026 10:59:45;;Dossier validé;Parcours terminé;906.08
2607;15/05/2026 10:48:58;;Dossier validé;Parcours terminé;286.88
2608;15/05/2026 10:48:58;;Dossier validé;Parcours terminé;556.04
2609;15/05/2026 10:48:02;;Souscription non démarrée;Parcours non démarré;483.17
2610;15/05/2026 10:48:02;;Souscription non démarrée;Parcours non démarré;307.89
2611;15/05/2026 10:44:09;;Souscription en cours;Coordonnées personnelles;537.59
2612;15/05/2026 10:44:09;;Souscription en cours;Coordonnées personnelles;868.40
2613;15/05/2026 10:38:49;;Souscription en cours;Choix de l'offre et livraison;900.00
2614;15/05/2026 10:38:49;;Souscription en cours;Choix de l'offre et livraison;217.83
2615;15/05/2026 10:36:56;;Dossier refusé;Choix de l'offre et livraison;199.02
2616;15/05/2026 10:36:56;;Dossier refusé;Choix de l'offre et livraison;930.85
2617;15/05/2026 10:34:26;;Souscription en cours;Vérification d'identité;615.57
2618;15/05/2026 10:34:26;;Souscription en cours;Vérification d'identité;601.84
2619;15/05/2026 10:33:55;;Dossier validé;Parcours terminé;838.32
2620;15/05/2026 10:33:55;;Dossier validé;Parcours terminé;292.16
2621;15/05/2026 10:28:37;;Dossier validé;Parcours terminé;854.66
2622;15/05/2026 10:28:37;;Dossier validé;Parcours terminé;141.70
2623;15/05/2026 10:18:56;;Souscription en cours;Coordonnées personnelles;228.48
2624;15/05/2026 10:18:56;;Souscription en cours;Coordonnées personnelles;475.73
2625;15/05/2026 10:07:13;;Souscription en cours;Signature Contrat;410.78
2626;15/05/2026 10:07:13;;Souscription en cours;Signature Contrat;244.25
2627;15/05/2026 10:04:50;;Dossier refusé;Saisie société;318.81
2628;15/05/2026 10:04:50;;Dossier refusé;Saisie société;190.42
2629;15/05/2026 10:01:25;;Dossier validé;Parcours terminé;533.66
2630;15/05/2026 10:01:25;;Dossier validé;Parcours terminé;174.98
2631;15/05/2026 10:01:07;;Dossier validé;Parcours terminé;932.06
2632;15/05/2026 10:01:07;;Dossier validé;Parcours terminé;487.72
2633;15/05/2026 09:59:40;;Dossier validé;Parcours terminé;574.67
2634;15/05/2026 09:59:40;;Dossier validé;Parcours terminé;422.90
2635;15/05/2026 09:57:32;;Dossier refusé;Saisie société;482.54
2636;15/05/2026 09:57:32;;Dossier refusé;Saisie société;232.53
2637;15/05/2026 09:56:49;;Souscription en cours;Choix de l'offre et livraison;330.70
2638;15/05/2026 09:56:49;;Souscription en cours;Choix de l'offre et livraison;276.69
2639;15/05/2026 09:54:04;;Dossier refusé;Signature Contrat;758.26
2640;15/05/2026 09:54:04;;Dossier refusé;Signature Contrat;397.23
2641;15/05/2026 09:50:48;Manon LEFEBVRE;Dossier validé;Parcours terminé;767.21
2642;15/05/2026 09:50:48;Manon LEFEBVRE;Dossier validé;Parcours terminé;752.26
2643;15/05/2026 09:39:34;;Souscription en cours;Choix de l'offre et livraison;176.94
2644;15/05/2026 09:39:34;;Souscription en cours;Choix de l'offre et livraison;722.41
2645;15/05/2026 09:10:59;;Dossier refusé;Signature Contrat;389.90
2646;15/05/2026 09:10:59;;Dossier refusé;Signature Contrat;596.45
2647;15/05/2026 08:33:38;;Souscription en cours;Vérification d'identité;761.68
2648;15/05/2026 08:33:38;;Souscription en cours;Vérification d'identité;907.67
2649;15/05/2026 07:31:28;;Dossier refusé;Choix de l'offre et livraison;897.15
2650;15/05/2026 07:31:28;;Dossier refusé;Choix de l'offre et livraison;195.08
2651;15/05/2026 07:22:27;Manon LEFEBVRE;Dossier validé;Parcours terminé;779.87
2652;15/05/2026 07:22:27;Manon LEFEBVRE;Dossier validé;Parcours terminé;759.35
2653;15/05/2026 07:12:38;;Dossier validé;Parcours terminé;209.43
2654;15/05/2026 07:12:38;;Dossier validé;Parcours terminé;782.25
2655;15/05/2026 06:27:36;;Dossier validé;Parcours terminé;677.91
2656;15/05/2026 06:27:36;;Dossier validé;Parcours terminé;980.94
2657;15/05/2026 06:14:16;;Dossier validé;Parcours terminé;863.07
2658;15/05/2026 06:14:16;;Dossier validé;Parcours terminé;462.19
2659;15/05/2026 06:05:48;;Souscription en cours;Coordonnées personnelles;182.43
2660;15/05/2026 06:05:48;;Souscription en cours;Coordonnées personnelles;670.40
2661;15/05/2026 05:52:49;;Souscription en cours;Signature Contrat;399.88
2662;15/05/2026 05:52:49;;Souscription en cours;Signature Contrat;673.95
2663;15/05/2026 04:57:10;;Dossier validé;Parcours terminé;983.10
2664;15/05/2026 04:57:10;;Dossier validé;Parcours terminé;370.05
2665;15/05/2026 01:49:47;;Dossier validé;Parcours terminé;985.12
2666;15/05/2026 01:49:47;;Dossier validé;Parcours terminé;166.41
2667;15/05/2026 01:23:52;;Dossier validé;Parcours terminé;238.37
2668;15/05/2026 01:23:52;;Dossier validé;Parcours terminé;191.92
2669;15/05/2026 01:02:20;;Dossier validé;Parcours terminé;771.37
2670;15/05/2026 01:02:20;;Dossier validé;Parcours terminé;214.35
2671;15/05/2026 00:56:10;;Dossier validé;Parcours terminé;588.06
2672;15/05/2026 00:56:10;;Dossier validé;Parcours terminé;959.74
2673;15/05/2026 00:47:51;;Dossier validé;Parcours terminé;705.57
2674;15/05/2026 00:47:51;;Dossier validé;Parcours terminé;778.67
2675;15/05/2026 00:42:12;;Dossier refusé;Saisie société;235.63
2676;15/05/2026 00:42:12;;Dossier refusé;Saisie société;807.09
2677;15/05/2026 00:38:05;;Dossier validé;Parcours terminé;537.87
2678;15/05/2026 00:38:05;;Dossier validé;Parcours terminé;790.34
2679;14/05/2026 23:57:25;;Dossier validé;Parcours terminé;225.66
2680;14/05/2026 23:57:25;;Dossier validé;Parcours terminé;640.74
2681;14/05/2026 23:53:05;;Souscription non démarrée;Parcours non démarré;289.03
2682;14/05/2026 23:53:05;;Souscription non démarrée;Parcours non démarré;420.34
2683;14/05/2026 23:43:08;;Dossier validé;Parcours terminé;189.45
2684;14/05/2026 23:43:08;;Dossier validé;Parcours terminé;293.23
2685;14/05/2026 23:42:55;;Souscription en cours;Signature Contrat;184.07
2686;14/05/2026 23:42:55;;Souscription en cours;Signature Contrat;214.49
2687;14/05/2026 23:19:58;;Souscription non démarrée;Parcours non démarré;722.14
2688;14/05/2026 23:19:58;;Souscription non démarrée;Parcours non démarré;498.83
2689;14/05/2026 23:10:07;;Souscription en cours;Choix de l'offre et livraison;138.85
2690;14/05/2026 23:10:07;;Souscription en cours;Choix de l'offre et livraison;277.33
2691;14/05/2026 23:01:52;;Dossier validé;Parcours terminé;509.56
2692;14/05/2026 23:01:52;;Dossier validé;Parcours terminé;259.17
2693;14/05/2026 22:54:28;;Dossier refusé;Saisie société;152.25
2694;14/05/2026 22:54:28;;Dossier refusé;Saisie société;183.19
2695;14/05/2026 22:47:06;;Souscription en cours;Informations complémentaires (CA, Profession, etc.);538.47
2696;14/05/2026 22:47:06;;Souscription en cours;Informations complémentaires (CA, Profession, etc.);932.71
2697;14/05/2026 22:46:26;;Souscription en cours;Coordonnées personnelles;174.35
2698;14/05/2026 22:46:26;;Souscription en cours;Coordonnées personnelles;795.28
2699;14/05/2026 22:39:47;;Souscription non démarrée;Parcours non démarré;953.06
2700;14/05/2026 22:39:47;;Souscription non démarrée;Parcours non démarré;548.61
2701;14/05/2026 22:25:34;;Souscription en cours;Coordonnées personnelles;956.58
2702;14/05/2026 22:25:34;;Souscription en cours;Coordonnées personnelles;560.62
2703;14/05/2026 22:14:11;;Souscription en cours;Choix de l'offre et livraison;189.64
2704;14/05/2026 22:14:11;;Souscription en cours;Choix de l'offre et livraison;129.36
2705;14/05/2026 22:10:03;;En attente d'analyse Agent - Dossier avec erreurs;Signature Contrat;271.90
2706;14/05/2026 22:10:03;;En attente d'analyse Agent - Dossier avec erreurs;Signature Contrat;205.42
2707;14/05/2026 22:07:40;;Souscription en cours;Informations complémentaires (CA, Profession, etc.);925.84
2708;14/05/2026 22:07:40;;Souscription en cours;Informations complémentaires (CA, Profession, etc.);231.06
2709;14/05/2026 22:05:10;;Souscription en cours;Choix de l'offre et livraison;713.02
2710;14/05/2026 22:05:10;;Souscription en cours;Choix de l'offre et livraison;472.49
2711;14/05/2026 22:00:34;;Souscription en cours;Coordonnées personnelles;944.82
2712;14/05/2026 22:00:34;;Souscription en cours;Coordonnées personnelles;316.05
2713;14/05/2026 21:46:58;;Souscription non démarrée;Parcours non démarré;969.77
2714;14/05/2026 21:46:58;;Souscription non démarrée;Parcours non démarré;309.72
2715;14/05/2026 21:38:35;;Souscription en cours;Vérification d'identité;703.25
2716;14/05/2026 21:38:35;;Souscription en cours;Vérification d'identité;407.30
2717;14/05/2026 21:33:17;;Souscription en cours;Signature Contrat;652.05
2718;14/05/2026 21:33:17;;Souscription en cours;Signature Contrat;235.57
2719;14/05/2026 21:21:59;;Souscription en cours;Coordonnées personnelles;109.87
2720;14/05/2026 21:21:59;;Souscription en cours;Coordonnées personnelles;731.32
2721;14/05/2026 21:14:15;;Dossier validé;Parcours terminé;679.95
2722;14/05/2026 21:14:15;;Dossier validé;Parcours terminé;784.55
2723;14/05/2026 20:53:50;;Dossier validé;Parcours terminé;232.03
2724;14/05/2026 20:53:50;;Dossier validé;Parcours terminé;290.08
2725;14/05/2026 20:26:06;;Dossier refusé;Signature Contrat;366.56
2726;14/05/2026 20:26:06;;Dossier refusé;Signature Contrat;356.60
2727;14/05/2026 20:25:00;;Dossier validé;Parcours terminé;767.59
2728;14/05/2026 20:25:00;;Dossier validé;Parcours terminé;671.67
2729;14/05/2026 19:55:14;;Souscription en cours;Coordonnées personnelles;349.24
2730;14/05/2026 19:55:14;;Souscription en cours;Coordonnées personnelles;158.05
2731;14/05/2026 19:49:17;;Dossier refusé;Signature Contrat;813.25
2732;14/05/2026 19:49:17;;Dossier refusé;Signature Contrat;556.68
2733;14/05/2026 19:37:18;;Dossier validé;Parcours terminé;489.17
2734;14/05/2026 19:37:18;;Dossier validé;Parcours terminé;214.13
2735;14/05/2026 19:17:27;;En attente d'analyse Agent - Dossier avec erreurs;Signature Contrat;898.92
2736;14/05/2026 19:17:27;;En attente d'analyse Agent - Dossier avec erreurs;Signature Contrat;536.54
2737;14/05/2026 19:15:00;;Souscription en cours;Vérification d'identité;219.90
2738;14/05/2026 19:15:00;;Souscription en cours;Vérification d'identité;177.28
2739;14/05/2026 19:07:44;Rayan MICHEL;Dossier refusé;Signature Contrat;796.41
2740;14/05/2026 19:07:44;Rayan MICHEL;Dossier refusé;Signature Contrat;697.39
2741;14/05/2026 18:57:11;;Dossier refusé;Saisie société;446.79
2742;14/05/2026 18:57:11;;Dossier refusé;Saisie société;804.63
2743;14/05/2026 18:49:40;;Souscription en cours;Signature Contrat;421.66
2744;14/05/2026 18:49:40;;Souscription en cours;Signature Contrat;436.65
2745;14/05/2026 18:49:09;;En attente d'analyse Agent - Dossier avec erreurs;Signature Contrat;903.53
2746;14/05/2026 18:49:09;;En attente d'analyse Agent - Dossier avec erreurs;Signature Contrat;621.16
2747;14/05/2026 18:45:11;;Dossier validé;Parcours terminé;605.43
2748;14/05/2026 18:45:11;;Dossier validé;Parcours terminé;499.42
2749;14/05/2026 18:43:52;;Dossier validé;Parcours terminé;155.96
2750;14/05/2026 18:43:52;;Dossier validé;Parcours terminé;321.52
2751;14/05/2026 18:43:04;;Dossier validé;Parcours terminé;536.21
2752;14/05/2026 18:43:04;;Dossier validé;Parcours terminé;158.46
2753;14/05/2026 18:28:04;;Souscription en cours;Vérification d'identité;273.12
2754;14/05/2026 18:28:04;;Souscription en cours;Vérification d'identité;254.11
2755;14/05/2026 18:25:11;;Dossier validé;Parcours terminé;486.17
2756;14/05/2026 18:25:11;;Dossier validé;Parcours terminé;349.68
2757;14/05/2026 18:11:26;;Souscription en cours;Signature Contrat;793.64
2758;14/05/2026 18:11:26;;Souscription en cours;Signature Contrat;820.72
2759;14/05/2026 18:05:31;;Souscription en cours;Choix de l'offre et livraison;480.38
2760;14/05/2026 18:05:31;;Souscription en cours;Choix de l'offre et livraison;813.74
2761;14/05/2026 17:27:49;;Dossier validé;Parcours terminé;643.84
2762;14/05/2026 17:27:49;;Dossier validé;Parcours terminé;657.42
2763;14/05/2026 17:24:40;;Souscription en cours;Informations complémentaires (CA, Profession, etc.);829.11
2764;14/05/2026 17:24:40;;Souscription en cours;Informations complémentaires (CA, Profession, etc.);737.65
2765;14/05/2026 17:23:07;Hugo MARTIN;Dossier validé;Parcours terminé;456.86
2766;14/05/2026 17:23:07;Hugo MARTIN;Dossier validé;Parcours terminé;555.17
2767;14/05/2026 17:20:48;;Souscription non démarrée;Parcours non démarré;633.93
2768;14/05/2026 17:20:48;;Souscription non démarrée;Parcours non démarré;423.53
2769;14/05/2026 17:00:22;;Souscription en cours;Bénéficiaire effectifs;460.55
2770;14/05/2026 17:00:22;;Souscription en cours;Bénéficiaire effectifs;159.58
2771;14/05/2026 16:54:50;;Souscription non démarrée;Parcours non démarré;626.19
2772;14/05/2026 16:54:50;;Souscription non démarrée;Parcours non démarré;313.30
2773;14/05/2026 16:48:28;;Souscription en cours;Signature Contrat;394.67
2774;14/05/2026 16:48:28;;Souscription en cours;Signature Contrat;450.16
2775;14/05/2026 16:44:05;;Dossier refusé;Signature Contrat;325.86
2776;14/05/2026 16:44:05;;Dossier refusé;Signature Contrat;429.70
2777;14/05/2026 16:37:26;;Souscription en cours;Choix de l'offre et livraison;455.13
2778;14/05/2026 16:37:26;;Souscription en cours;Choix de l'offre et livraison;526.83
2779;14/05/2026 16:27:39;;Souscription en cours;Synchronisation référentiel personne NOVA;953.82
2780;14/05/2026 16:27:39;;Souscription en cours;Synchronisation référentiel personne NOVA;520.40
2781;14/05/2026 16:21:00;;Souscription en cours;Signature Contrat;850.96
2782;14/05/2026 16:21:00;;Souscription en cours;Signature Contrat;224.71
2783;14/05/2026 16:14:38;;Dossier validé;Parcours terminé;611.35
2784;14/05/2026 16:14:38;;Dossier validé;Parcours terminé;385.19
2785;14/05/2026 16:08:17;;Dossier validé;Parcours terminé;332.99
2786;14/05/2026 16:08:17;;Dossier validé;Parcours terminé;526.46
2787;14/05/2026 16:03:06;;Dossier refusé;Signature Contrat;232.67
2788;14/05/2026 16:03:06;;Dossier refusé;Signature Contrat;215.80
2789;14/05/2026 15:59:06;;Souscription en cours;Coordonnées personnelles;646.03
2790;14/05/2026 15:59:06;;Souscription en cours;Coordonnées personnelles;375.32
2791;14/05/2026 15:57:26;;Souscription en cours;Informations complémentaires (CA, Profession, etc.);570.48
2792;14/05/2026 15:57:26;;Souscription en cours;Informations complémentaires (CA, Profession, etc.);345.81
2793;14/05/2026 15:56:25;;Souscription non démarrée;Parcours non démarré;721.27
2794;14/05/2026 15:56:25;;Souscription non démarrée;Parcours non démarré;307.73
2795;14/05/2026 15:56:12;;Souscription en cours;Coordonnées personnelles;776.97
2796;14/05/2026 15:56:12;;Souscription en cours;Coordonnées personnelles;971.82
2797;14/05/2026 15:45:21;;Dossier validé;Parcours terminé;408.39
2798;14/05/2026 15:45:21;;Dossier validé;Parcours terminé;969.18
2799;14/05/2026 15:42:11;;Souscription non démarrée;Parcours non démarré;430.19
2800;14/05/2026 15:42:11;;Souscription non démarrée;Parcours non démarré;766.96
2801;14/05/2026 15:37:07;;Souscription en cours;Coordonnées personnelles;366.93
2802;14/05/2026 15:37:07;;Souscription en cours;Coordonnées personnelles;450.63
2803;14/05/2026 15:36:03;;Dossier validé;Parcours terminé;229.34
2804;14/05/2026 15:36:03;;Dossier validé;Parcours terminé;796.37
2805;14/05/2026 15:35:33;;Souscription en cours;Coordonnées personnelles;889.38
2806;14/05/2026 15:35:33;;Souscription en cours;Coordonnées personnelles;673.12
2807;14/05/2026 15:34:18;;Souscription en cours;Coordonnées personnelles;309.31
2808;14/05/2026 15:34:18;;Souscription en cours;Coordonnées personnelles;189.09
2809;14/05/2026 15:33:06;;Dossier validé;Parcours terminé;300.98
2810;14/05/2026 15:33:06;;Dossier validé;Parcours terminé;299.67
2811;14/05/2026 15:32:20;;Dossier refusé;Saisie société;865.08
2812;14/05/2026 15:32:20;;Dossier refusé;Saisie société;301.45
2813;14/05/2026 15:31:23;;Souscription en cours;Signature Contrat;983.91
2814;14/05/2026 15:31:23;;Souscription en cours;Signature Contrat;412.02
2815;14/05/2026 15:30:08;;Dossier validé;Parcours terminé;104.41
2816;14/05/2026 15:30:08;;Dossier validé;Parcours terminé;386.02
2817;14/05/2026 15:23:30;;Souscription non démarrée;Parcours non démarré;981.69
2818;14/05/2026 15:23:30;;Souscription non démarrée;Parcours non démarré;255.91
2819;14/05/2026 15:16:16;;Dossier validé;Parcours terminé;199.85
2820;14/05/2026 15:16:16;;Dossier validé;Parcours terminé;914.20
2821;14/05/2026 15:14:54;;Souscription en cours;Informations complémentaires (Etablissements, etc.);832.74
2822;14/05/2026 15:14:54;;Souscription en cours;Informations complémentaires (Etablissements, etc.);939.43
2823;14/05/2026 15:13:01;;Souscription en cours;Coordonnées personnelles;941.67
2824;14/05/2026 15:13:01;;Souscription en cours;Coordonnées personnelles;596.30
2825;14/05/2026 15:08:12;;Souscription en cours;Choix de l'offre et livraison;166.19
2826;14/05/2026 15:08:12;;Souscription en cours;Choix de l'offre et livraison;617.44
2827;14/05/2026 15:06:15;;Dossier refusé;Saisie société;388.47
2828;14/05/2026 15:06:15;;Dossier refusé;Saisie société;314.34
2829;14/05/2026 15:04:30;;Dossier refusé;Saisie société;882.34
2830;14/05/2026 15:04:30;;Dossier refusé;Saisie société;203.23
2831;14/05/2026 15:03:52;;Dossier refusé;Saisie société;704.52
2832;14/05/2026 15:03:52;;Dossier refusé;Saisie société;681.57
2833;14/05/2026 15:02:03;;Dossier validé;Parcours terminé;658.13
2834;14/05/2026 15:02:03;;Dossier validé;Parcours terminé;555.30
2835;14/05/2026 15:00:32;;Dossier validé;Parcours terminé;967.45
2836;14/05/2026 15:00:32;;Dossier validé;Parcours terminé;132.05
2837;14/05/2026 14:53:47;;En attente d'analyse Agent - Dossier avec erreurs;Signature Contrat;417.14
2838;14/05/2026 14:53:47;;En attente d'analyse Agent - Dossier avec erreurs;Signature Contrat;594.76
2839;14/05/2026 14:52:34;;Souscription en cours;Coordonnées personnelles;789.64
2840;14/05/2026 14:52:34;;Souscription en cours;Coordonnées personnelles;161.31
2841;14/05/2026 14:41:40;;Dossier refusé;Signature Contrat;192.88
2842;14/05/2026 14:41:40;;Dossier refusé;Signature Contrat;263.50
2843;14/05/2026 14:39:54;;Souscription en cours;Vérification d'identité;395.98
2844;14/05/2026 14:39:54;;Souscription en cours;Vérification d'identité;734.92
2845;14/05/2026 14:39:19;;Dossier validé;Parcours terminé;919.34
2846;14/05/2026 14:39:19;;Dossier validé;Parcours terminé;953.10
2847;14/05/2026 14:39:03;Hugo MARTIN;Dossier validé;Parcours terminé;482.26
2848;14/05/2026 14:39:03;Hugo MARTIN;Dossier validé;Parcours terminé;650.45
2849;14/05/2026 14:37:14;;Souscription en cours;Informations complémentaires (CA, Profession, etc.);557.39
2850;14/05/2026 14:37:14;;Souscription en cours;Informations complémentaires (CA, Profession, etc.);598.47
2851;14/05/2026 14:36:41;;Dossier validé;Parcours terminé;850.36
2852;14/05/2026 14:36:41;;Dossier validé;Parcours terminé;228.83
2853;14/05/2026 14:34:06;;En attente d'analyse Agent - Dossier avec erreurs;Signature Contrat;600.18
2854;14/05/2026 14:34:06;;En attente d'analyse Agent - Dossier avec erreurs;Signature Contrat;751.49
2855;14/05/2026 14:33:57;;Dossier validé;Parcours terminé;941.36
2856;14/05/2026 14:33:57;;Dossier validé;Parcours terminé;389.58
2857;14/05/2026 14:32:34;;Souscription en cours;Coordonnées personnelles;461.13
2858;14/05/2026 14:32:34;;Souscription en cours;Coordonnées personnelles;510.32
2859;14/05/2026 14:31:21;;Souscription en cours;Informations complémentaires (CA, Profession, etc.);139.66
2860;14/05/2026 14:31:21;;Souscription en cours;Informations complémentaires (CA, Profession, etc.);962.12
2861;14/05/2026 14:26:08;;Dossier validé;Parcours terminé;988.96
2862;14/05/2026 14:26:08;;Dossier validé;Parcours terminé;386.34
2863;14/05/2026 14:23:00;;Dossier refusé;Coordonnées personnelles;340.42
2864;14/05/2026 14:23:00;;Dossier refusé;Coordonnées personnelles;301.78
2865;14/05/2026 14:22:46;;Souscription en cours;Coordonnées personnelles;603.87
2866;14/05/2026 14:22:46;;Souscription en cours;Coordonnées personnelles;381.34
2867;14/05/2026 14:02:20;Z5681453;Dossier validé;Parcours terminé;768.78
2868;14/05/2026 14:02:20;Z5681453;Dossier validé;Parcours terminé;772.76
2869;14/05/2026 13:54:54;;Dossier validé;Parcours terminé;455.42
2870;14/05/2026 13:54:54;;Dossier validé;Parcours terminé;625.22
2871;14/05/2026 13:35:27;;Dossier validé;Parcours terminé;225.76
2872;14/05/2026 13:35:27;;Dossier validé;Parcours terminé;696.80
2873;14/05/2026 13:33:09;;Dossier refusé;Saisie société;948.96
2874;14/05/2026 13:33:09;;Dossier refusé;Saisie société;828.86
2875;14/05/2026 13:32:54;;Souscription en cours;Vérification d'identité;822.56
2876;14/05/2026 13:32:54;;Souscription en cours;Vérification d'identité;760.25
2877;14/05/2026 13:30:16;;Souscription en cours;Choix de l'offre et livraison;556.73
2878;14/05/2026 13:30:16;;Souscription en cours;Choix de l'offre et livraison;915.54
2879;14/05/2026 13:28:27;;Souscription non démarrée;Parcours non démarré;527.86
2880;14/05/2026 13:28:27;;Souscription non démarrée;Parcours non démarré;590.63
2881;14/05/2026 13:21:30;;Dossier validé;Parcours terminé;820.38
2882;14/05/2026 13:21:30;;Dossier validé;Parcours terminé;668.55
2883;14/05/2026 13:19:58;;Souscription non démarrée;Parcours non démarré;835.51
2884;14/05/2026 13:19:58;;Souscription non démarrée;Parcours non démarré;523.43
2885;14/05/2026 13:17:44;Z5681453;Dossier refusé;Saisie société;757.42
2886;14/05/2026 13:17:44;Z5681453;Dossier refusé;Saisie société;581.49
2887;14/05/2026 13:11:19;;Souscription en cours;Choix de l'offre et livraison;370.13
2888;14/05/2026 13:11:19;;Souscription en cours;Choix de l'offre et livraison;269.06
2889;14/05/2026 13:10:11;;Souscription en cours;Coordonnées personnelles;255.07
2890;14/05/2026 13:10:11;;Souscription en cours;Coordonnées personnelles;216.31
2891;14/05/2026 13:02:25;;Dossier refusé;Signature Contrat;729.60
2892;14/05/2026 13:02:25;;Dossier refusé;Signature Contrat;337.84
2893;14/05/2026 12:55:24;;Souscription en cours;Coordonnées personnelles;692.01
2894;14/05/2026 12:55:24;;Souscription en cours;Coordonnées personnelles;817.50
2895;14/05/2026 12:52:10;;Dossier refusé;Choix de l'offre et livraison;202.58
2896;14/05/2026 12:52:10;;Dossier refusé;Choix de l'offre et livraison;834.00
2897;14/05/2026 12:49:16;;Souscription en cours;Synchronisation référentiel personne NOVA;736.90
2898;14/05/2026 12:49:16;;Souscription en cours;Synchronisation référentiel personne NOVA;853.90
2899;14/05/2026 12:39:58;;Souscription en cours;Choix de l'offre et livraison;810.13
2900;14/05/2026 12:39:58;;Souscription en cours;Choix de l'offre et livraison;169.35
2901;14/05/2026 12:36:15;;Dossier validé;Parcours terminé;130.22
2902;14/05/2026 12:36:15;;Dossier validé;Parcours terminé;719.42
2903;14/05/2026 12:34:23;;Dossier validé;Parcours terminé;557.99
2904;14/05/2026 12:34:23;;Dossier validé;Parcours terminé;671.52
2905;14/05/2026 12:02:21;;Dossier validé;Parcours terminé;705.36
2906;14/05/2026 12:02:21;;Dossier validé;Parcours terminé;891.26
2907;14/05/2026 11:54:36;;Dossier validé;Parcours terminé;418.63
2908;14/05/2026 11:54:36;;Dossier validé;Parcours terminé;484.24
2909;14/05/2026 11:53:26;;Souscription en cours;Vérification d'identité;883.22
2910;14/05/2026 11:53:26;;Souscription en cours;Vérification d'identité;503.36
2911;14/05/2026 11:52:37;;Dossier validé;Parcours terminé;880.07
2912;14/05/2026 11:52:37;;Dossier validé;Parcours terminé;506.75
2913;14/05/2026 11:48:31;;Dossier validé;Parcours terminé;532.73
2914;14/05/2026 11:48:31;;Dossier validé;Parcours terminé;723.32
2915;14/05/2026 11:44:59;;Dossier refusé;Saisie société;497.83
2916;14/05/2026 11:44:59;;Dossier refusé;Saisie société;953.29
2917;14/05/2026 11:44:37;;Souscription en cours;Coordonnées personnelles;151.67
2918;14/05/2026 11:44:37;;Souscription en cours;Coordonnées personnelles;283.89
2919;14/05/2026 11:44:25;;Dossier validé;Parcours terminé;494.99
2920;14/05/2026 11:44:25;;Dossier validé;Parcours terminé;840.63
2921;14/05/2026 11:38:29;;Dossier validé;Parcours terminé;414.72
2922;14/05/2026 11:38:29;;Dossier validé;Parcours terminé;352.22
2923;14/05/2026 11:35:23;;Souscription en cours;Informations complémentaires (Etablissements, etc.);412.57
2924;14/05/2026 11:35:23;;Souscription en cours;Informations complémentaires (Etablissements, etc.);996.07
2925;14/05/2026 11:32:49;;Dossier refusé;Signature Contrat;573.69
2926;14/05/2026 11:32:49;;Dossier refusé;Signature Contrat;693.13
2927;14/05/2026 11:17:47;;Dossier validé;Parcours terminé;918.07
2928;14/05/2026 11:17:47;;Dossier validé;Parcours terminé;888.27
2929;14/05/2026 11:16:06;;Souscription en cours;Informations complémentaires (Etablissements, etc.);944.03
2930;14/05/2026 11:16:06;;Souscription en cours;Informations complémentaires (Etablissements, etc.);989.88
2931;14/05/2026 11:15:20;;Souscription en cours;Coordonnées personnelles;830.84
2932;14/05/2026 11:15:20;;Souscription en cours;Coordonnées personnelles;155.81
2933;14/05/2026 11:13:39;;Dossier validé;Parcours terminé;315.60
2934;14/05/2026 11:13:39;;Dossier validé;Parcours terminé;762.89
2935;14/05/2026 11:12:18;;Dossier validé;Parcours terminé;959.90
2936;14/05/2026 11:12:18;;Dossier validé;Parcours terminé;203.52
2937;14/05/2026 11:06:03;;Dossier refusé;Saisie société;667.45
2938;14/05/2026 11:06:03;;Dossier refusé;Saisie société;696.21
2939;14/05/2026 11:02:42;;Dossier validé;Parcours terminé;800.59
2940;14/05/2026 11:02:42;;Dossier validé;Parcours terminé;390.03
2941;14/05/2026 10:59:10;;Dossier refusé;Choix de l'offre et livraison;371.78
2942;14/05/2026 10:59:10;;Dossier refusé;Choix de l'offre et livraison;633.83
2943;14/05/2026 10:56:28;;Dossier validé;Parcours terminé;550.82
2944;14/05/2026 10:56:28;;Dossier validé;Parcours terminé;919.03
2945;14/05/2026 10:56:27;;Souscription en cours;Synchronisation référentiel personne NOVA;240.11
2946;14/05/2026 10:56:27;;Souscription en cours;Synchronisation référentiel personne NOVA;776.46
2947;14/05/2026 10:55:07;Hugo MARTIN;Dossier validé;Parcours terminé;216.42
2948;14/05/2026 10:55:07;Hugo MARTIN;Dossier validé;Parcours terminé;830.42
2949;14/05/2026 10:49:53;;Souscription en cours;Coordonnées personnelles;615.19
2950;14/05/2026 10:49:53;;Souscription en cours;Coordonnées personnelles;247.64
2951;14/05/2026 10:42:00;;Dossier validé;Parcours terminé;114.79
2952;14/05/2026 10:42:00;;Dossier validé;Parcours terminé;226.66
2953;14/05/2026 10:36:50;;Dossier refusé;Saisie société;706.96
2954;14/05/2026 10:36:50;;Dossier refusé;Saisie société;907.18
2955;14/05/2026 10:36:02;;Souscription en cours;Signature Contrat;288.52
2956;14/05/2026 10:36:02;;Souscription en cours;Signature Contrat;893.66
2957;14/05/2026 10:35:24;;Souscription en cours;Coordonnées personnelles;925.66
2958;14/05/2026 10:35:24;;Souscription en cours;Coordonnées personnelles;761.79
2959;14/05/2026 10:25:57;;Souscription en cours;Signature Contrat;416.54
2960;14/05/2026 10:25:57;;Souscription en cours;Signature Contrat;710.73
2961;14/05/2026 10:12:52;;Dossier refusé;Saisie société;514.91
2962;14/05/2026 10:12:52;;Dossier refusé;Saisie société;255.10
2963;14/05/2026 10:10:22;;Dossier validé;Parcours terminé;922.65
2964;14/05/2026 10:10:22;;Dossier validé;Parcours terminé;425.58
2965;14/05/2026 10:08:33;;Souscription en cours;Signature Contrat;941.45
2966;14/05/2026 10:08:33;;Souscription en cours;Signature Contrat;267.69
2967;14/05/2026 10:05:25;;Souscription non démarrée;Parcours non démarré;964.52
2968;14/05/2026 10:05:25;;Souscription non démarrée;Parcours non démarré;366.92
2969;14/05/2026 09:53:04;;Souscription en cours;Coordonnées personnelles;755.62
2970;14/05/2026 09:53:04;;Souscription en cours;Coordonnées personnelles;582.86
2971;14/05/2026 09:41:00;;Souscription en cours;Coordonnées personnelles;849.07
2972;14/05/2026 09:41:00;;Souscription en cours;Coordonnées personnelles;586.04
2973;14/05/2026 09:40:58;;Dossier validé;Parcours terminé;687.25
2974;14/05/2026 09:40:58;;Dossier validé;Parcours terminé;919.79
2975;14/05/2026 09:39:57;;Dossier validé;Parcours terminé;507.65
2976;14/05/2026 09:39:57;;Dossier validé;Parcours terminé;575.95
2977;14/05/2026 09:35:24;;Souscription en cours;Coordonnées personnelles;218.44
2978;14/05/2026 09:35:24;;Souscription en cours;Coordonnées personnelles;797.39
2979;14/05/2026 09:32:04;;Dossier validé;Parcours terminé;565.04
2980;14/05/2026 09:32:04;;Dossier validé;Parcours terminé;538.53
2981;14/05/2026 09:11:17;;Dossier refusé;Saisie société;514.30
2982;14/05/2026 09:11:17;;Dossier refusé;Saisie société;891.51
2983;14/05/2026 09:11:16;;Souscription non démarrée;Parcours non démarré;784.61
2984;14/05/2026 09:11:16;;Souscription non démarrée;Parcours non démarré;284.96
2985;14/05/2026 08:51:21;;Souscription en cours;Coordonnées personnelles;815.10
2986;14/05/2026 08:51:21;;Souscription en cours;Coordonnées personnelles;223.25
2987;14/05/2026 08:27:46;;Dossier refusé;Saisie société;301.50
2988;14/05/2026 08:27:46;;Dossier refusé;Saisie société;503.49
2989;14/05/2026 07:55:38;;Souscription en cours;Signature Contrat;903.65
2990;14/05/2026 07:55:38;;Souscription en cours;Signature Contrat;120.80
2991;14/05/2026 07:36:00;;Souscription en cours;Coordonnées personnelles;378.94
2992;14/05/2026 07:36:00;;Souscription en cours;Coordonnées personnelles;624.09
2993;14/05/2026 07:03:00;;Dossier validé;Parcours terminé;764.03
2994;14/05/2026 07:03:00;;Dossier validé;Parcours terminé;552.04
2995;14/05/2026 07:00:34;Z5750800;Dossier validé;Parcours terminé;819.19
2996;14/05/2026 07:00:34;Z5750800;Dossier validé;Parcours terminé;470.45
2997;14/05/2026 06:43:57;;Souscription en cours;Bénéficiaire effectifs;600.17
2998;14/05/2026 06:43:57;;Souscription en cours;Bénéficiaire effectifs;944.57
2999;14/05/2026 04:55:53;;Souscription en cours;Choix de l'offre et livraison;921.26
3000;14/05/2026 04:55:53;;Souscription en cours;Choix de l'offre et livraison;805.94
3001;14/05/2026 03:46:19;;Dossier refusé;Signature Contrat;729.58
3002;14/05/2026 03:46:19;;Dossier refusé;Signature Contrat;238.10
3003;14/05/2026 02:01:00;;Dossier validé;Parcours terminé;752.42
3004;14/05/2026 02:01:00;;Dossier validé;Parcours terminé;303.14
3005;14/05/2026 01:34:08;;Souscription en cours;Vérification d'identité;541.38
3006;14/05/2026 01:34:08;;Souscription en cours;Vérification d'identité;848.64
3007;14/05/2026 01:32:10;;Dossier validé;Parcours terminé;117.59
3008;14/05/2026 01:32:10;;Dossier validé;Parcours terminé;403.07
3009;14/05/2026 01:21:14;;Dossier validé;Parcours terminé;176.15
3010;14/05/2026 01:21:14;;Dossier validé;Parcours terminé;404.06
3011;14/05/2026 00:25:38;;Souscription non démarrée;Parcours non démarré;984.56
3012;14/05/2026 00:25:38;;Souscription non démarrée;Parcours non démarré;481.66
3013;13/05/2026 23:59:23;;Dossier validé;Parcours terminé;406.00
3014;13/05/2026 23:59:23;;Dossier validé;Parcours terminé;963.72
3015;13/05/2026 23:48:43;;Souscription en cours;Choix de l'offre et livraison;430.57
3016;13/05/2026 23:48:43;;Souscription en cours;Choix de l'offre et livraison;500.33
3017;13/05/2026 23:46:49;;Souscription non démarrée;Parcours non démarré;540.48
3018;13/05/2026 23:46:49;;Souscription non démarrée;Parcours non démarré;167.92
3019;13/05/2026 23:45:39;Hugo MARTIN;Dossier validé;Parcours terminé;562.76
3020;13/05/2026 23:45:39;Hugo MARTIN;Dossier validé;Parcours terminé;510.46
3021;13/05/2026 23:42:35;;Dossier validé;Parcours terminé;342.16
3022;13/05/2026 23:42:35;;Dossier validé;Parcours terminé;136.16
3023;13/05/2026 23:35:50;;Souscription en cours;Vérification d'identité;546.67
3024;13/05/2026 23:35:50;;Souscription en cours;Vérification d'identité;611.15
3025;13/05/2026 23:23:36;;Dossier validé;Parcours terminé;435.92
3026;13/05/2026 23:23:36;;Dossier validé;Parcours terminé;288.56
3027;13/05/2026 23:23:22;;Dossier validé;Parcours terminé;248.19
3028;13/05/2026 23:23:22;;Dossier validé;Parcours terminé;923.91
3029;13/05/2026 23:10:40;;Dossier validé;Parcours terminé;216.79
3030;13/05/2026 23:10:40;;Dossier validé;Parcours terminé;389.37
3031;13/05/2026 23:06:48;;Souscription en cours;Choix de l'offre et livraison;877.89
3032;13/05/2026 23:06:48;;Souscription en cours;Choix de l'offre et livraison;437.45
3033;13/05/2026 22:29:02;;Dossier refusé;Saisie société;153.20
3034;13/05/2026 22:29:02;;Dossier refusé;Saisie société;294.13
3035;13/05/2026 22:27:49;;Dossier refusé;Signature Contrat;136.12
3036;13/05/2026 22:27:49;;Dossier refusé;Signature Contrat;578.63
3037;13/05/2026 22:15:12;;Dossier validé;Parcours terminé;202.75
3038;13/05/2026 22:15:12;;Dossier validé;Parcours terminé;142.92
3039;13/05/2026 22:10:55;;Dossier refusé;Signature Contrat;992.94
3040;13/05/2026 22:10:55;;Dossier refusé;Signature Contrat;688.40
3041;13/05/2026 21:59:35;;Dossier validé;Parcours terminé;220.92
3042;13/05/2026 21:59:35;;Dossier validé;Parcours terminé;811.85
3043;13/05/2026 21:46:07;;Souscription non démarrée;Parcours non démarré;899.51
3044;13/05/2026 21:46:07;;Souscription non démarrée;Parcours non démarré;989.71
3045;13/05/2026 21:45:23;Z5681453;Dossier refusé;Saisie société;276.60
3046;13/05/2026 21:45:23;Z5681453;Dossier refusé;Saisie société;155.65
3047;13/05/2026 21:27:22;;Souscription non démarrée;Parcours non démarré;852.23
3048;13/05/2026 21:27:22;;Souscription non démarrée;Parcours non démarré;175.04
3049;13/05/2026 21:20:40;;Dossier validé;Parcours terminé;693.61
3050;13/05/2026 21:20:40;;Dossier validé;Parcours terminé;309.03
3051;13/05/2026 21:11:59;;Souscription en cours;Signature Contrat;630.48
3052;13/05/2026 21:11:59;;Souscription en cours;Signature Contrat;840.62
3053;13/05/2026 21:03:58;;Souscription en cours;Vérification d'identité;310.05
3054;13/05/2026 21:03:58;;Souscription en cours;Vérification d'identité;731.46
3055;13/05/2026 20:38:43;;En attente d'analyse Agent - Dossier avec erreurs;Signature Contrat;942.27
3056;13/05/2026 20:38:43;;En attente d'analyse Agent - Dossier avec erreurs;Signature Contrat;874.20
3057;13/05/2026 20:26:23;;Souscription en cours;Coordonnées personnelles;474.17
3058;13/05/2026 20:26:23;;Souscription en cours;Coordonnées personnelles;514.04
3059;13/05/2026 20:16:17;;Souscription non démarrée;Parcours non démarré;694.12
3060;13/05/2026 20:16:17;;Souscription non démarrée;Parcours non démarré;565.63
3061;13/05/2026 19:58:22;;Souscription en cours;Signature Contrat;923.76
3062;13/05/2026 19:58:22;;Souscription en cours;Signature Contrat;295.49
3063;13/05/2026 19:56:36;;Dossier validé;Parcours terminé;413.07
3064;13/05/2026 19:56:36;;Dossier validé;Parcours terminé;368.50
3065;13/05/2026 19:53:11;;Souscription en cours;Vérification d'identité;816.55
3066;13/05/2026 19:53:11;;Souscription en cours;Vérification d'identité;289.86
3067;13/05/2026 19:34:50;;Souscription en cours;Signature Contrat;487.37
3068;13/05/2026 19:34:50;;Souscription en cours;Signature Contrat;894.34
3069;13/05/2026 19:30:21;;Dossier refusé;Saisie société;747.45
3070;13/05/2026 19:30:21;;Dossier refusé;Saisie société;258.19
3071;13/05/2026 19:24:11;;Dossier validé;Parcours terminé;818.11
3072;13/05/2026 19:24:11;;Dossier validé;Parcours terminé;268.66
3073;13/05/2026 19:23:49;;Souscription en cours;Choix de l'offre et livraison;472.92
3074;13/05/2026 19:23:49;;Souscription en cours;Choix de l'offre et livraison;827.92
3075;13/05/2026 19:10:07;;Souscription en cours;Signature Contrat;827.51
3076;13/05/2026 19:10:07;;Souscription en cours;Signature Contrat;417.51
3077;13/05/2026 18:56:22;;En attente d'analyse Agent - Dossier avec erreurs;Signature Contrat;697.01
3078;13/05/2026 18:56:22;;En attente d'analyse Agent - Dossier avec erreurs;Signature Contrat;593.88
3079;13/05/2026 18:49:29;;En attente d'analyse Agent - Dossier avec erreurs;Signature Contrat;787.55
3080;13/05/2026 18:49:29;;En attente d'analyse Agent - Dossier avec erreurs;Signature Contrat;545.09
3081;13/05/2026 18:42:18;;Souscription en cours;Choix de l'offre et livraison;939.01
3082;13/05/2026 18:42:18;;Souscription en cours;Choix de l'offre et livraison;347.23
3083;13/05/2026 18:38:05;;Souscription en cours;Vérification d'identité;850.46
3084;13/05/2026 18:38:05;;Souscription en cours;Vérification d'identité;574.49
3085;13/05/2026 18:36:42;;Souscription en cours;Informations complémentaires (CA, Profession, etc.);899.14
3086;13/05/2026 18:36:42;;Souscription en cours;Informations complémentaires (CA, Profession, etc.);391.74
3087;13/05/2026 18:35:09;;Dossier validé;Parcours terminé;644.96
3088;13/05/2026 18:35:09;;Dossier validé;Parcours terminé;506.97
3089;13/05/2026 18:12:24;;Souscription en cours;Choix de l'offre et livraison;878.14
3090;13/05/2026 18:12:24;;Souscription en cours;Choix de l'offre et livraison;422.62
3091;13/05/2026 18:12:11;;Dossier validé;Parcours terminé;921.78
3092;13/05/2026 18:12:11;;Dossier validé;Parcours terminé;729.50
3093;13/05/2026 17:52:15;;Dossier validé;Parcours terminé;429.93
3094;13/05/2026 17:52:15;;Dossier validé;Parcours terminé;585.87
3095;13/05/2026 17:50:48;;Souscription en cours;Choix de l'offre et livraison;135.07
3096;13/05/2026 17:50:48;;Souscription en cours;Choix de l'offre et livraison;398.31
3097;13/05/2026 17:45:44;;Dossier validé;Parcours terminé;846.89
3098;13/05/2026 17:45:44;;Dossier validé;Parcours terminé;497.60
3099;13/05/2026 17:36:59;;Souscription en cours;Vérification d'identité;332.39
3100;13/05/2026 17:36:59;;Souscription en cours;Vérification d'identité;286.68
3101;13/05/2026 17:34:39;;Souscription en cours;Coordonnées personnelles;945.96
3102;13/05/2026 17:34:39;;Souscription en cours;Coordonnées personnelles;778.01
3103;13/05/2026 17:25:59;;Dossier validé;Parcours terminé;896.96
3104;13/05/2026 17:25:59;;Dossier validé;Parcours terminé;763.15
3105;13/05/2026 17:25:14;;Souscription en cours;Coordonnées personnelles;900.47
3106;13/05/2026 17:25:14;;Souscription en cours;Coordonnées personnelles;560.31
3107;13/05/2026 17:19:31;;Dossier validé;Parcours terminé;665.61
3108;13/05/2026 17:19:31;;Dossier validé;Parcours terminé;125.96
3109;13/05/2026 17:13:17;;Souscription en cours;Choix de l'offre et livraison;692.56
3110;13/05/2026 17:13:17;;Souscription en cours;Choix de l'offre et livraison;784.68
3111;13/05/2026 17:03:29;;Dossier validé;Parcours terminé;729.52
3112;13/05/2026 17:03:29;;Dossier validé;Parcours terminé;547.11
3113;13/05/2026 17:00:45;;Dossier validé;Parcours terminé;525.90
3114;13/05/2026 17:00:45;;Dossier validé;Parcours terminé;962.59
3115;13/05/2026 16:55:48;;Souscription non démarrée;Parcours non démarré;819.23
3116;13/05/2026 16:55:48;;Souscription non démarrée;Parcours non démarré;971.34
3117;13/05/2026 16:50:43;;Dossier refusé;Saisie société;534.12
3118;13/05/2026 16:50:43;;Dossier refusé;Saisie société;509.29
3119;13/05/2026 16:46:17;;Dossier validé;Parcours terminé;216.95
3120;13/05/2026 16:46:17;;Dossier validé;Parcours terminé;703.28
3121;13/05/2026 16:38:22;;Dossier validé;Parcours terminé;544.93
3122;13/05/2026 16:38:22;;Dossier validé;Parcours terminé;832.31
3123;13/05/2026 16:37:16;;Dossier validé;Parcours terminé;365.79
3124;13/05/2026 16:37:16;;Dossier validé;Parcours terminé;385.56
3125;13/05/2026 16:32:24;;Souscription en cours;Synchronisation référentiel personne NOVA;262.04
3126;13/05/2026 16:32:24;;Souscription en cours;Synchronisation référentiel personne NOVA;722.57
3127;13/05/2026 16:18:26;;Souscription en cours;Informations complémentaires (Etablissements, etc.);532.70
3128;13/05/2026 16:18:26;;Souscription en cours;Informations complémentaires (Etablissements, etc.);497.12
3129;13/05/2026 15:53:57;;Souscription en cours;Synchronisation référentiel personne NOVA;167.03
3130;13/05/2026 15:53:57;;Souscription en cours;Synchronisation référentiel personne NOVA;215.54
3131;13/05/2026 15:53:04;;Dossier validé;Parcours terminé;486.56
3132;13/05/2026 15:53:04;;Dossier validé;Parcours terminé;218.24
3133;13/05/2026 15:48:34;;Dossier validé;Parcours terminé;489.61
3134;13/05/2026 15:48:34;;Dossier validé;Parcours terminé;400.09
3135;13/05/2026 15:48:20;;Souscription en cours;Signature Contrat;332.18
3136;13/05/2026 15:48:20;;Souscription en cours;Signature Contrat;115.37
3137;13/05/2026 15:48:01;;Dossier refusé;Signature Contrat;792.52
3138;13/05/2026 15:48:01;;Dossier refusé;Signature Contrat;604.99
3139;13/05/2026 15:47:44;;Souscription en cours;Signature Contrat;558.02
3140;13/05/2026 15:47:44;;Souscription en cours;Signature Contrat;289.86
3141;13/05/2026 15:40:34;;Dossier validé;Parcours terminé;368.50
3142;13/05/2026 15:40:34;;Dossier validé;Parcours terminé;160.47
3143;13/05/2026 15:34:18;;Souscription en cours;Coordonnées personnelles;198.68
3144;13/05/2026 15:34:18;;Souscription en cours;Coordonnées personnelles;430.02
3145;13/05/2026 15:33:02;;Souscription en cours;Coordonnées personnelles;952.08
3146;13/05/2026 15:33:02;;Souscription en cours;Coordonnées personnelles;228.33
3147;13/05/2026 15:19:49;;Souscription en cours;Coordonnées personnelles;109.71
3148;13/05/2026 15:19:49;;Souscription en cours;Coordonnées personnelles;306.07
3149;13/05/2026 15:16:15;;Dossier validé;Parcours terminé;301.37
3150;13/05/2026 15:16:15;;Dossier validé;Parcours terminé;738.81
3151;13/05/2026 15:16:02;;Souscription en cours;Informations complémentaires (Etablissements, etc.);655.59
3152;13/05/2026 15:16:02;;Souscription en cours;Informations complémentaires (Etablissements, etc.);400.11
3153;13/05/2026 15:11:56;;Dossier validé;Parcours terminé;286.75
3154;13/05/2026 15:11:56;;Dossier validé;Parcours terminé;903.83
3155;13/05/2026 15:10:06;;Souscription en cours;Coordonnées personnelles;704.31
3156;13/05/2026 15:10:06;;Souscription en cours;Coordonnées personnelles;745.07
3157;13/05/2026 15:09:36;;En attente d'analyse Agent - Dossier avec erreurs;Signature Contrat;910.85
3158;13/05/2026 15:09:36;;En attente d'analyse Agent - Dossier avec erreurs;Signature Contrat;646.24
3159;13/05/2026 15:08:36;;Dossier refusé;Saisie société;282.82
3160;13/05/2026 15:08:36;;Dossier refusé;Saisie société;840.36
3161;13/05/2026 15:03:55;;Souscription en cours;Signature Contrat;636.99
3162;13/05/2026 15:03:55;;Souscription en cours;Signature Contrat;486.39
3163;13/05/2026 14:44:48;;Dossier validé;Parcours terminé;214.25
3164;13/05/2026 14:44:48;;Dossier validé;Parcours terminé;134.86
3165;13/05/2026 14:41:10;;Souscription en cours;Coordonnées personnelles;476.74
3166;13/05/2026 14:41:10;;Souscription en cours;Coordonnées personnelles;162.64
3167;13/05/2026 14:39:28;;Dossier validé;Parcours terminé;978.66
3168;13/05/2026 14:39:28;;Dossier validé;Parcours terminé;856.73
3169;13/05/2026 14:38:11;;Dossier validé;Parcours terminé;812.86
3170;13/05/2026 14:38:11;;Dossier validé;Parcours terminé;282.40
3171;13/05/2026 14:29:27;;Dossier validé;Parcours terminé;280.27
3172;13/05/2026 14:29:27;;Dossier validé;Parcours terminé;556.41
3173;13/05/2026 14:25:19;;Souscription en cours;Coordonnées personnelles;966.11
3174;13/05/2026 14:25:19;;Souscription en cours;Coordonnées personnelles;325.87
3175;13/05/2026 14:16:55;;Dossier refusé;Saisie société;950.81
3176;13/05/2026 14:16:55;;Dossier refusé;Saisie société;302.13
3177;13/05/2026 14:06:50;;Dossier validé;Parcours terminé;295.55
3178;13/05/2026 14:06:50;;Dossier validé;Parcours terminé;811.23
3179;13/05/2026 14:05:07;;Souscription en cours;Vérification d'identité;224.22
3180;13/05/2026 14:05:07;;Souscription en cours;Vérification d'identité;204.68
3181;13/05/2026 13:53:09;Z5750800;Dossier validé;Parcours terminé;351.29
3182;13/05/2026 13:53:09;Z5750800;Dossier validé;Parcours terminé;548.60
3183;13/05/2026 13:50:34;;Dossier refusé;Saisie société;582.97
3184;13/05/2026 13:50:34;;Dossier refusé;Saisie société;882.29
3185;13/05/2026 13:39:18;;Dossier refusé;Saisie société;151.26
3186;13/05/2026 13:39:18;;Dossier refusé;Saisie société;976.36
3187;13/05/2026 13:15:50;;Souscription en cours;Coordonnées personnelles;602.76
3188;13/05/2026 13:15:50;;Souscription en cours;Coordonnées personnelles;204.11
3189;13/05/2026 13:06:13;;Dossier validé;Parcours terminé;512.11
3190;13/05/2026 13:06:13;;Dossier validé;Parcours terminé;296.50
3191;13/05/2026 12:31:50;;Souscription en cours;Vérification d'identité;608.83
3192;13/05/2026 12:31:50;;Souscription en cours;Vérification d'identité;143.89
3193;13/05/2026 12:19:32;;Dossier validé;Parcours terminé;784.78
3194;13/05/2026 12:19:32;;Dossier validé;Parcours terminé;191.03
3195;13/05/2026 12:14:36;;Souscription en cours;Informations complémentaires (CA, Profession, etc.);650.48
3196;13/05/2026 12:14:36;;Souscription en cours;Informations complémentaires (CA, Profession, etc.);196.10
3197;13/05/2026 12:12:23;;Souscription non démarrée;Parcours non démarré;350.27
3198;13/05/2026 12:12:23;;Souscription non démarrée;Parcours non démarré;197.41
3199;13/05/2026 12:11:11;;Souscription en cours;Signature Contrat;954.77
3200;13/05/2026 12:11:11;;Souscription en cours;Signature Contrat;508.52
3201;13/05/2026 12:02:28;;Souscription en cours;Coordonnées personnelles;233.46
3202;13/05/2026 12:02:28;;Souscription en cours;Coordonnées personnelles;961.58
3203;13/05/2026 11:42:38;;Souscription en cours;Choix de l'offre et livraison;640.08
3204;13/05/2026 11:42:38;;Souscription en cours;Choix de l'offre et livraison;138.59
3205;13/05/2026 11:41:10;;Souscription non démarrée;Parcours non démarré;149.88
3206;13/05/2026 11:41:10;;Souscription non démarrée;Parcours non démarré;359.99
3207;13/05/2026 11:37:25;;Dossier validé;Parcours terminé;363.21
3208;13/05/2026 11:37:25;;Dossier validé;Parcours terminé;722.00
3209;13/05/2026 11:28:16;;Dossier refusé;Saisie société;169.64
3210;13/05/2026 11:28:16;;Dossier refusé;Saisie société;384.01
3211;13/05/2026 11:21:09;;Dossier validé;Parcours terminé;295.63
3212;13/05/2026 11:21:09;;Dossier validé;Parcours terminé;255.48
3213;13/05/2026 11:15:08;;Dossier validé;Parcours terminé;650.39
3214;13/05/2026 11:15:08;;Dossier validé;Parcours terminé;356.27
3215;13/05/2026 11:11:38;;En attente d'analyse Agent - Dossier avec erreurs;Signature Contrat;369.48
3216;13/05/2026 11:11:38;;En attente d'analyse Agent - Dossier avec erreurs;Signature Contrat;558.66
3217;13/05/2026 11:11:17;;Dossier validé;Parcours terminé;416.81
3218;13/05/2026 11:11:17;;Dossier validé;Parcours terminé;731.23
3219;13/05/2026 11:10:09;;Souscription en cours;Vérification d'identité;616.94
3220;13/05/2026 11:10:09;;Souscription en cours;Vérification d'identité;449.86
3221;13/05/2026 11:06:43;;Dossier refusé;Saisie société;970.29
3222;13/05/2026 11:06:43;;Dossier refusé;Saisie société;945.67
3223;13/05/2026 10:57:36;;Dossier validé;Parcours terminé;177.10
3224;13/05/2026 10:57:36;;Dossier validé;Parcours terminé;382.10
3225;13/05/2026 10:51:34;;En attente d'analyse Agent - Dossier avec erreurs;Signature Contrat;123.33
3226;13/05/2026 10:51:34;;En attente d'analyse Agent - Dossier avec erreurs;Signature Contrat;591.22
3227;13/05/2026 10:51:08;;Dossier validé;Parcours terminé;145.94
3228;13/05/2026 10:51:08;;Dossier validé;Parcours terminé;850.79
3229;13/05/2026 10:50:57;;Dossier validé;Parcours terminé;692.52
3230;13/05/2026 10:50:57;;Dossier validé;Parcours terminé;334.70
3231;13/05/2026 10:49:33;;Dossier validé;Parcours terminé;243.35
3232;13/05/2026 10:49:33;;Dossier validé;Parcours terminé;187.72
3233;13/05/2026 10:45:14;;Souscription en cours;Vérification d'identité;989.49
3234;13/05/2026 10:45:14;;Souscription en cours;Vérification d'identité;618.07
3235;13/05/2026 10:39:39;;Dossier validé;Parcours terminé;849.75
3236;13/05/2026 10:39:39;;Dossier validé;Parcours terminé;972.44
3237;13/05/2026 10:38:02;;Dossier refusé;Saisie société;299.98
3238;13/05/2026 10:38:02;;Dossier refusé;Saisie société;866.80
3239;13/05/2026 10:35:51;Adam LAURENT;Dossier validé;Parcours terminé;668.91
3240;13/05/2026 10:35:51;Adam LAURENT;Dossier validé;Parcours terminé;768.61
3241;13/05/2026 10:35:14;;Souscription en cours;Coordonnées personnelles;134.37
3242;13/05/2026 10:35:14;;Souscription en cours;Coordonnées personnelles;537.93
3243;13/05/2026 10:28:08;;Dossier validé;Parcours terminé;334.39
3244;13/05/2026 10:28:08;;Dossier validé;Parcours terminé;965.78
3245;13/05/2026 10:27:13;;Souscription en cours;Choix de l'offre et livraison;767.48
3246;13/05/2026 10:27:13;;Souscription en cours;Choix de l'offre et livraison;103.18
3247;13/05/2026 10:19:20;;Dossier refusé;Signature Contrat;301.18
3248;13/05/2026 10:19:20;;Dossier refusé;Signature Contrat;690.60
3249;13/05/2026 10:17:03;;En attente d'analyse Agent - Dossier avec erreurs;Signature Contrat;192.09
3250;13/05/2026 10:17:03;;En attente d'analyse Agent - Dossier avec erreurs;Signature Contrat;480.95
3251;13/05/2026 10:14:50;;Dossier validé;Parcours terminé;939.15
3252;13/05/2026 10:14:50;;Dossier validé;Parcours terminé;530.24
3253;13/05/2026 10:06:34;;Souscription en cours;Coordonnées personnelles;722.55
3254;13/05/2026 10:06:34;;Souscription en cours;Coordonnées personnelles;360.63
3255;13/05/2026 10:06:08;;En attente d'analyse Agent - Dossier avec erreurs;Signature Contrat;732.14
3256;13/05/2026 10:06:08;;En attente d'analyse Agent - Dossier avec erreurs;Signature Contrat;826.39
3257;13/05/2026 10:04:03;;Dossier validé;Parcours terminé;311.22
3258;13/05/2026 10:04:03;;Dossier validé;Parcours terminé;741.77
3259;13/05/2026 10:03:05;;Dossier validé;Parcours terminé;754.93
3260;13/05/2026 10:03:05;;Dossier validé;Parcours terminé;908.59
3261;13/05/2026 10:02:15;Zoé MULLER;Dossier validé;Parcours terminé;191.98
3262;13/05/2026 10:02:15;Zoé MULLER;Dossier validé;Parcours terminé;625.84
3263;13/05/2026 09:53:01;Manon LEFEBVRE;Dossier validé;Parcours terminé;226.08
3264;13/05/2026 09:53:01;Manon LEFEBVRE;Dossier validé;Parcours terminé;496.33
3265;13/05/2026 09:50:15;;Dossier validé;Parcours terminé;147.00
3266;13/05/2026 09:50:15;;Dossier validé;Parcours terminé;799.61
3267;13/05/2026 09:44:04;;Dossier refusé;Signature Contrat;853.80
3268;13/05/2026 09:44:04;;Dossier refusé;Signature Contrat;269.65
3269;13/05/2026 09:43:00;;Dossier validé;Parcours terminé;465.89
3270;13/05/2026 09:43:00;;Dossier validé;Parcours terminé;117.61
3271;13/05/2026 09:30:41;;Souscription en cours;Coordonnées personnelles;816.83
3272;13/05/2026 09:30:41;;Souscription en cours;Coordonnées personnelles;134.91
3273;13/05/2026 09:28:03;;Souscription en cours;Signature Contrat;390.81
3274;13/05/2026 09:28:03;;Souscription en cours;Signature Contrat;764.86
3275;13/05/2026 09:25:58;;Dossier validé;Parcours terminé;881.03
3276;13/05/2026 09:25:58;;Dossier validé;Parcours terminé;401.58
3277;13/05/2026 09:23:16;;Souscription en cours;Coordonnées personnelles;739.77
3278;13/05/2026 09:23:16;;Souscription en cours;Coordonnées personnelles;739.06
3279;13/05/2026 09:21:54;;Dossier validé;Parcours terminé;513.75
3280;13/05/2026 09:21:54;;Dossier validé;Parcours terminé;862.16
3281;13/05/2026 09:19:37;;Souscription en cours;Synchronisation référentiel personne NOVA;623.82
3282;13/05/2026 09:19:37;;Souscription en cours;Synchronisation référentiel personne NOVA;927.21
3283;13/05/2026 09:06:17;;Souscription en cours;Choix de l'offre et livraison;578.97
3284;13/05/2026 09:06:17;;Souscription en cours;Choix de l'offre et livraison;733.70
3285;13/05/2026 09:05:18;;Souscription non démarrée;Parcours non démarré;797.95
3286;13/05/2026 09:05:18;;Souscription non démarrée;Parcours non démarré;743.67
3287;13/05/2026 08:53:41;;Dossier validé;Parcours terminé;915.55
3288;13/05/2026 08:53:41;;Dossier validé;Parcours terminé;337.57
3289;13/05/2026 08:41:05;;Souscription en cours;Coordonnées personnelles;350.69
3290;13/05/2026 08:41:05;;Souscription en cours;Coordonnées personnelles;176.39
3291;13/05/2026 08:39:25;;Dossier refusé;Signature Contrat;953.02
3292;13/05/2026 08:39:25;;Dossier refusé;Signature Contrat;416.47
3293;13/05/2026 08:33:11;Z5681453;Dossier validé;Parcours terminé;205.28
3294;13/05/2026 08:33:11;Z5681453;Dossier validé;Parcours terminé;999.62
3295;13/05/2026 08:26:16;;Dossier validé;Parcours terminé;248.42
3296;13/05/2026 08:26:16;;Dossier validé;Parcours terminé;760.38
3297;13/05/2026 08:22:45;;Dossier validé;Parcours terminé;310.28
3298;13/05/2026 08:22:45;;Dossier validé;Parcours terminé;380.70
3299;13/05/2026 08:14:18;;Dossier validé;Parcours terminé;716.91
3300;13/05/2026 08:14:18;;Dossier validé;Parcours terminé;320.83
3301;13/05/2026 08:09:29;Adam LAURENT;Dossier validé;Parcours terminé;522.26
3302;13/05/2026 08:09:29;Adam LAURENT;Dossier validé;Parcours terminé;219.74
3303;13/05/2026 07:48:16;;Dossier refusé;Informations complémentaires (Etablissements, etc.);503.35
3304;13/05/2026 07:48:16;;Dossier refusé;Informations complémentaires (Etablissements, etc.);424.48
3305;13/05/2026 05:28:59;;Souscription en cours;Coordonnées personnelles;820.98
3306;13/05/2026 05:28:59;;Souscription en cours;Coordonnées personnelles;514.26
3307;13/05/2026 05:06:38;;Souscription non démarrée;Parcours non démarré;129.41
3308;13/05/2026 05:06:38;;Souscription non démarrée;Parcours non démarré;559.66
3309;13/05/2026 04:37:47;;Souscription non démarrée;Parcours non démarré;617.50
3310;13/05/2026 04:37:47;;Souscription non démarrée;Parcours non démarré;681.39
3311;13/05/2026 02:57:19;;Souscription non démarrée;Parcours non démarré;599.87
3312;13/05/2026 02:57:19;;Souscription non démarrée;Parcours non démarré;477.95
3313;13/05/2026 02:49:01;Manon LEFEBVRE;Dossier validé;Parcours terminé;242.19
3314;13/05/2026 02:49:01;Manon LEFEBVRE;Dossier validé;Parcours terminé;782.53
3315;13/05/2026 01:34:51;Manon LEFEBVRE;Dossier refusé;Saisie société;258.28
3316;13/05/2026 01:34:51;Manon LEFEBVRE;Dossier refusé;Saisie société;327.83
3317;13/05/2026 00:38:09;;Dossier refusé;Saisie société;702.30
3318;13/05/2026 00:38:09;;Dossier refusé;Saisie société;230.36
3319;12/05/2026 23:28:32;;Dossier validé;Parcours terminé;110.90
3320;12/05/2026 23:28:32;;Dossier validé;Parcours terminé;646.23
3321;12/05/2026 23:28:16;;Souscription en cours;Coordonnées personnelles;959.84
3322;12/05/2026 23:28:16;;Souscription en cours;Coordonnées personnelles;680.42
3323;12/05/2026 23:10:08;;Souscription en cours;Vérification d'identité;319.49
3324;12/05/2026 23:10:08;;Souscription en cours;Vérification d'identité;572.17
3325;12/05/2026 23:07:25;;Souscription en cours;Coordonnées personnelles;970.22
3326;12/05/2026 23:07:25;;Souscription en cours;Coordonnées personnelles;343.46
3327;12/05/2026 22:53:48;;Dossier validé;Parcours terminé;423.85
3328;12/05/2026 22:53:48;;Dossier validé;Parcours terminé;324.20
3329;12/05/2026 22:20:10;;Souscription en cours;Coordonnées personnelles;919.50
3330;12/05/2026 22:20:10;;Souscription en cours;Coordonnées personnelles;951.69
3331;12/05/2026 22:14:41;;Dossier validé;Parcours terminé;965.20
3332;12/05/2026 22:14:41;;Dossier validé;Parcours terminé;850.70
3333;12/05/2026 22:01:53;;Souscription non démarrée;Parcours non démarré;468.08
3334;12/05/2026 22:01:53;;Souscription non démarrée;Parcours non démarré;965.72
3335;12/05/2026 21:53:11;;Souscription en cours;Signature Contrat;562.09
3336;12/05/2026 21:53:11;;Souscription en cours;Signature Contrat;147.93
3337;12/05/2026 21:51:27;;Dossier refusé;Saisie société;720.31
3338;12/05/2026 21:51:27;;Dossier refusé;Saisie société;914.18
3339;12/05/2026 21:47:20;;Dossier validé;Parcours terminé;504.53
3340;12/05/2026 21:47:20;;Dossier validé;Parcours terminé;725.75
3341;12/05/2026 21:43:13;;Dossier validé;Parcours terminé;599.64
3342;12/05/2026 21:43:13;;Dossier validé;Parcours terminé;176.76
3343;12/05/2026 21:40:42;;Souscription non démarrée;Parcours non démarré;397.88
3344;12/05/2026 21:40:42;;Souscription non démarrée;Parcours non démarré;932.84
3345;12/05/2026 21:32:02;;Dossier validé;Parcours terminé;181.19
3346;12/05/2026 21:32:02;;Dossier validé;Parcours terminé;165.27
3347;12/05/2026 21:24:19;;Dossier refusé;Saisie société;592.50
3348;12/05/2026 21:24:19;;Dossier refusé;Saisie société;545.92
3349;12/05/2026 21:16:21;;Dossier refusé;Saisie société;210.38
3350;12/05/2026 21:16:21;;Dossier refusé;Saisie société;703.31
3351;12/05/2026 21:07:03;;Dossier refusé;Signature Contrat;581.50
3352;12/05/2026 21:07:03;;Dossier refusé;Signature Contrat;206.02
3353;12/05/2026 20:56:56;;Dossier validé;Parcours terminé;487.66
3354;12/05/2026 20:56:56;;Dossier validé;Parcours terminé;543.91
3355;12/05/2026 20:50:23;;Dossier validé;Parcours terminé;577.46
3356;12/05/2026 20:50:23;;Dossier validé;Parcours terminé;768.35
3357;12/05/2026 20:39:58;;Dossier validé;Parcours terminé;643.42
3358;12/05/2026 20:39:58;;Dossier validé;Parcours terminé;294.02
3359;12/05/2026 20:31:45;;Souscription en cours;Coordonnées personnelles;995.05
3360;12/05/2026 20:31:45;;Souscription en cours;Coordonnées personnelles;848.63
3361;12/05/2026 20:26:03;;Souscription en cours;Coordonnées personnelles;299.03
3362;12/05/2026 20:26:03;;Souscription en cours;Coordonnées personnelles;674.54
3363;12/05/2026 20:24:25;;Dossier validé;Parcours terminé;823.97
3364;12/05/2026 20:24:25;;Dossier validé;Parcours terminé;372.38
3365;12/05/2026 20:23:20;;Souscription non démarrée;Parcours non démarré;509.16
3366;12/05/2026 20:23:20;;Souscription non démarrée;Parcours non démarré;669.91
3367;12/05/2026 20:12:16;;En attente d'analyse Agent - Dossier avec erreurs;Signature Contrat;337.62
3368;12/05/2026 20:12:16;;En attente d'analyse Agent - Dossier avec erreurs;Signature Contrat;478.42
3369;12/05/2026 20:10:07;;Souscription en cours;Criblages BE(s);692.22
3370;12/05/2026 20:10:07;;Souscription en cours;Criblages BE(s);946.75
3371;12/05/2026 20:08:12;;Souscription en cours;Coordonnées personnelles;773.04
3372;12/05/2026 20:08:12;;Souscription en cours;Coordonnées personnelles;624.02
3373;12/05/2026 19:54:44;;Souscription non démarrée;Parcours non démarré;662.51
3374;12/05/2026 19:54:44;;Souscription non démarrée;Parcours non démarré;527.23
3375;12/05/2026 19:53:08;;Dossier validé;Parcours terminé;938.81
3376;12/05/2026 19:53:08;;Dossier validé;Parcours terminé;282.28
3377;12/05/2026 19:50:00;;Dossier validé;Parcours terminé;156.95
3378;12/05/2026 19:50:00;;Dossier validé;Parcours terminé;206.89
3379;12/05/2026 19:47:21;;Souscription en cours;Choix de l'offre et livraison;802.45
3380;12/05/2026 19:47:21;;Souscription en cours;Choix de l'offre et livraison;907.28
3381;12/05/2026 19:47:13;;Dossier validé;Parcours terminé;542.77
3382;12/05/2026 19:47:13;;Dossier validé;Parcours terminé;354.05
3383;12/05/2026 19:37:48;;Dossier validé;Parcours terminé;793.14
3384;12/05/2026 19:37:48;;Dossier validé;Parcours terminé;113.91
3385;12/05/2026 19:26:12;Manon LEFEBVRE;Dossier validé;Parcours terminé;181.48
3386;12/05/2026 19:26:12;Manon LEFEBVRE;Dossier validé;Parcours terminé;342.71
3387;12/05/2026 19:24:00;Hugo MARTIN;Dossier validé;Parcours terminé;834.95
3388;12/05/2026 19:24:00;Hugo MARTIN;Dossier validé;Parcours terminé;305.92
3389;12/05/2026 18:56:14;;Souscription en cours;Signature Contrat;362.51
3390;12/05/2026 18:56:14;;Souscription en cours;Signature Contrat;169.82
3391;12/05/2026 18:54:23;;Souscription non démarrée;Parcours non démarré;971.45
3392;12/05/2026 18:54:23;;Souscription non démarrée;Parcours non démarré;687.26
3393;12/05/2026 18:49:00;;Dossier refusé;Saisie société;975.10
3394;12/05/2026 18:49:00;;Dossier refusé;Saisie société;210.77
3395;12/05/2026 18:48:52;;Dossier validé;Parcours terminé;374.62
3396;12/05/2026 18:48:52;;Dossier validé;Parcours terminé;396.07
3397;12/05/2026 18:46:26;;Souscription en cours;Informations complémentaires (Etablissements, etc.);410.71
3398;12/05/2026 18:46:26;;Souscription en cours;Informations complémentaires (Etablissements, etc.);202.31
3399;12/05/2026 18:42:42;;Souscription en cours;Choix de l'offre et livraison;401.20
3400;12/05/2026 18:42:42;;Souscription en cours;Choix de l'offre et livraison;442.14
3401;12/05/2026 18:40:02;;Souscription en cours;Coordonnées personnelles;501.32
3402;12/05/2026 18:40:02;;Souscription en cours;Coordonnées personnelles;587.66
3403;12/05/2026 18:33:53;Adam LAURENT;Dossier validé;Parcours terminé;404.50
3404;12/05/2026 18:33:53;Adam LAURENT;Dossier validé;Parcours terminé;293.22
3405;12/05/2026 18:26:38;;Souscription en cours;Coordonnées personnelles;166.82
3406;12/05/2026 18:26:38;;Souscription en cours;Coordonnées personnelles;135.12
3407;12/05/2026 18:15:40;;Souscription non démarrée;Parcours non démarré;696.42
3408;12/05/2026 18:15:40;;Souscription non démarrée;Parcours non démarré;647.66
3409;12/05/2026 18:04:03;;Dossier validé;Parcours terminé;344.91
3410;12/05/2026 18:04:03;;Dossier validé;Parcours terminé;995.97
3411;12/05/2026 18:01:36;;Dossier refusé;Saisie société;986.54
3412;12/05/2026 18:01:36;;Dossier refusé;Saisie société;205.75
3413;12/05/2026 17:55:47;;Dossier refusé;Saisie société;312.17
3414;12/05/2026 17:55:47;;Dossier refusé;Saisie société;639.64
3415;12/05/2026 17:41:56;;Souscription en cours;Choix de l'offre et livraison;276.79
3416;12/05/2026 17:41:56;;Souscription en cours;Choix de l'offre et livraison;839.21
3417;12/05/2026 17:28:25;;En attente d'analyse Agent - Dossier avec erreurs;Signature Contrat;745.58
3418;12/05/2026 17:28:25;;En attente d'analyse Agent - Dossier avec erreurs;Signature Contrat;628.50
3419;12/05/2026 17:23:35;;Souscription en cours;Vérification d'identité;946.76
3420;12/05/2026 17:23:35;;Souscription en cours;Vérification d'identité;845.36
3421;12/05/2026 17:15:47;Hugo MARTIN;Dossier validé;Parcours terminé;154.96
3422;12/05/2026 17:15:47;Hugo MARTIN;Dossier validé;Parcours terminé;132.35
3423;12/05/2026 17:12:27;;Dossier validé;Parcours terminé;754.86
3424;12/05/2026 17:12:27;;Dossier validé;Parcours terminé;936.59
3425;12/05/2026 17:10:38;;Souscription en cours;Coordonnées personnelles;172.25
3426;12/05/2026 17:10:38;;Souscription en cours;Coordonnées personnelles;328.22
3427;12/05/2026 17:10:05;;Dossier refusé;Signature Contrat;955.91
3428;12/05/2026 17:10:05;;Dossier refusé;Signature Contrat;142.68
3429;12/05/2026 17:08:44;;Souscription en cours;Signature Contrat;550.27
3430;12/05/2026 17:08:44;;Souscription en cours;Signature Contrat;857.36
3431;12/05/2026 17:08:25;;Souscription non démarrée;Parcours non démarré;820.86
3432;12/05/2026 17:08:25;;Souscription non démarrée;Parcours non démarré;986.48
3433;12/05/2026 17:06:20;;Souscription en cours;Choix de l'offre et livraison;622.78
3434;12/05/2026 17:06:20;;Souscription en cours;Choix de l'offre et livraison;917.66
3435;12/05/2026 16:50:40;;Souscription en cours;Coordonnées personnelles;448.86
3436;12/05/2026 16:50:40;;Souscription en cours;Coordonnées personnelles;889.93
3437;12/05/2026 16:32:47;;Souscription en cours;Vérification d'identité;121.84
3438;12/05/2026 16:32:47;;Souscription en cours;Vérification d'identité;574.32
3439;12/05/2026 16:19:17;;Dossier refusé;Saisie société;157.69
3440;12/05/2026 16:19:17;;Dossier refusé;Saisie société;277.14
3441;12/05/2026 16:13:44;;Souscription en cours;Vérification d'identité;747.58
3442;12/05/2026 16:13:44;;Souscription en cours;Vérification d'identité;374.68
3443;12/05/2026 16:10:08;;Dossier refusé;Saisie société;600.82
3444;12/05/2026 16:10:08;;Dossier refusé;Saisie société;502.70
3445;12/05/2026 16:08:29;;Souscription en cours;Coordonnées personnelles;876.52
3446;12/05/2026 16:08:29;;Souscription en cours;Coordonnées personnelles;195.75
3447;12/05/2026 16:06:18;;Dossier validé;Parcours terminé;531.66
3448;12/05/2026 16:06:18;;Dossier validé;Parcours terminé;532.68
3449;12/05/2026 16:01:41;;Dossier refusé;Choix de l'offre et livraison;864.84
3450;12/05/2026 16:01:41;;Dossier refusé;Choix de l'offre et livraison;850.07
3451;12/05/2026 15:53:38;;Souscription en cours;Vérification d'identité;144.64
3452;12/05/2026 15:53:38;;Souscription en cours;Vérification d'identité;535.39
3453;12/05/2026 15:47:02;;Souscription en cours;Coordonnées personnelles;825.20
3454;12/05/2026 15:47:02;;Souscription en cours;Coordonnées personnelles;502.25
3455;12/05/2026 15:39:50;;Dossier validé;Parcours terminé;957.20
3456;12/05/2026 15:39:50;;Dossier validé;Parcours terminé;346.81
3457;12/05/2026 15:36:07;;Dossier validé;Parcours terminé;164.22
3458;12/05/2026 15:36:07;;Dossier validé;Parcours terminé;692.23
3459;12/05/2026 15:35:03;Louis MARTIN;Dossier validé;Parcours terminé;527.29
3460;12/05/2026 15:35:03;Louis MARTIN;Dossier validé;Parcours terminé;296.43
3461;12/05/2026 15:33:08;;Souscription non démarrée;Parcours non démarré;664.80
3462;12/05/2026 15:33:08;;Souscription non démarrée;Parcours non démarré;495.43
3463;12/05/2026 15:29:48;;Souscription en cours;Coordonnées personnelles;422.70
3464;12/05/2026 15:29:48;;Souscription en cours;Coordonnées personnelles;184.96
3465;12/05/2026 15:20:47;;En attente d'analyse Agent - Dossier avec erreurs;Signature Contrat;828.39
3466;12/05/2026 15:20:47;;En attente d'analyse Agent - Dossier avec erreurs;Signature Contrat;449.68
3467;12/05/2026 15:18:25;;Dossier validé;Parcours terminé;143.04
3468;12/05/2026 15:18:25;;Dossier validé;Parcours terminé;124.98
3469;12/05/2026 15:11:39;;Souscription en cours;Vérification d'identité;817.79
3470;12/05/2026 15:11:39;;Souscription en cours;Vérification d'identité;241.94
3471;12/05/2026 15:11:15;Hugo MARTIN;Dossier validé;Parcours terminé;238.27
3472;12/05/2026 15:11:15;Hugo MARTIN;Dossier validé;Parcours terminé;248.51
3473;12/05/2026 15:01:02;;Souscription en cours;Choix de l'offre et livraison;717.27
3474;12/05/2026 15:01:02;;Souscription en cours;Choix de l'offre et livraison;496.41
3475;12/05/2026 14:59:15;;Dossier refusé;Saisie société;502.39
3476;12/05/2026 14:59:15;;Dossier refusé;Saisie société;612.47
3477;12/05/2026 14:58:49;;Souscription en cours;Informations complémentaires (CA, Profession, etc.);739.95
3478;12/05/2026 14:58:49;;Souscription en cours;Informations complémentaires (CA, Profession, etc.);484.15
3479;12/05/2026 14:57:59;;Souscription en cours;Coordonnées personnelles;697.15
3480;12/05/2026 14:57:59;;Souscription en cours;Coordonnées personnelles;384.92
3481;12/05/2026 14:57:06;;Dossier validé;Parcours terminé;257.44
3482;12/05/2026 14:57:06;;Dossier validé;Parcours terminé;835.91
3483;12/05/2026 14:54:49;;Dossier validé;Parcours terminé;427.68
3484;12/05/2026 14:54:49;;Dossier validé;Parcours terminé;440.77
3485;12/05/2026 14:36:17;;Dossier validé;Parcours terminé;781.27
3486;12/05/2026 14:36:17;;Dossier validé;Parcours terminé;300.27
3487;12/05/2026 14:31:40;;Dossier validé;Parcours terminé;134.63
3488;12/05/2026 14:31:40;;Dossier validé;Parcours terminé;284.52
3489;12/05/2026 14:31:14;;Dossier refusé;Saisie société;831.60
3490;12/05/2026 14:31:14;;Dossier refusé;Saisie société;518.57
3491;12/05/2026 14:20:24;;Souscription en cours;Informations complémentaires (CA, Profession, etc.);306.18
3492;12/05/2026 14:20:24;;Souscription en cours;Informations complémentaires (CA, Profession, etc.);349.82
3493;12/05/2026 14:07:44;;Souscription en cours;Signature Contrat;378.62
3494;12/05/2026 14:07:44;;Souscription en cours;Signature Contrat;587.27
3495;12/05/2026 13:53:38;;Dossier refusé;Informations complémentaires (CA, Profession, etc.);456.23
3496;12/05/2026 13:53:38;;Dossier refusé;Informations complémentaires (CA, Profession, etc.);767.85
3497;12/05/2026 13:50:49;;Dossier validé;Parcours terminé;183.72
3498;12/05/2026 13:50:49;;Dossier validé;Parcours terminé;856.15
3499;12/05/2026 13:38:12;;Dossier validé;Parcours terminé;212.57
3500;12/05/2026 13:38:12;;Dossier validé;Parcours terminé;538.62
3501;12/05/2026 13:34:23;Zoé MULLER;Dossier validé;Parcours terminé;381.49
3502;12/05/2026 13:34:23;Zoé MULLER;Dossier validé;Parcours terminé;125.31
3503;12/05/2026 13:22:08;;Souscription en cours;Coordonnées personnelles;328.31
3504;12/05/2026 13:22:08;;Souscription en cours;Coordonnées personnelles;163.92
3505;12/05/2026 13:18:59;;Souscription en cours;Coordonnées personnelles;923.24
3506;12/05/2026 13:18:59;;Souscription en cours;Coordonnées personnelles;422.41
3507;12/05/2026 13:10:01;;Souscription en cours;Coordonnées personnelles;964.61
3508;12/05/2026 13:10:01;;Souscription en cours;Coordonnées personnelles;784.22
3509;12/05/2026 12:47:40;;Souscription non démarrée;Parcours non démarré;668.53
3510;12/05/2026 12:47:40;;Souscription non démarrée;Parcours non démarré;371.58
3511;12/05/2026 12:46:07;;Dossier validé;Parcours terminé;345.25
3512;12/05/2026 12:46:07;;Dossier validé;Parcours terminé;238.45
3513;12/05/2026 12:44:16;;Dossier refusé;Saisie société;710.66
3514;12/05/2026 12:44:16;;Dossier refusé;Saisie société;246.75
3515;12/05/2026 12:33:00;;Dossier validé;Parcours terminé;486.84
3516;12/05/2026 12:33:00;;Dossier validé;Parcours terminé;779.27
3517;12/05/2026 12:27:35;;Souscription en cours;Choix de l'offre et livraison;629.73
3518;12/05/2026 12:27:35;;Souscription en cours;Choix de l'offre et livraison;903.91
3519;12/05/2026 12:10:52;;Souscription en cours;Informations complémentaires (CA, Profession, etc.);355.18
3520;12/05/2026 12:10:52;;Souscription en cours;Informations complémentaires (CA, Profession, etc.);312.97
3521;12/05/2026 12:04:05;;Dossier validé;Parcours terminé;280.82
3522;12/05/2026 12:04:05;;Dossier validé;Parcours terminé;223.37
3523;12/05/2026 11:56:17;;Souscription en cours;Coordonnées personnelles;790.12
3524;12/05/2026 11:56:17;;Souscription en cours;Coordonnées personnelles;828.62
3525;12/05/2026 11:55:23;;Souscription en cours;Coordonnées personnelles;750.39
3526;12/05/2026 11:55:23;;Souscription en cours;Coordonnées personnelles;799.55
3527;12/05/2026 11:42:15;;Dossier refusé;Saisie société;296.01
3528;12/05/2026 11:42:15;;Dossier refusé;Saisie société;340.18
3529;12/05/2026 11:37:17;;Souscription en cours;Coordonnées personnelles;287.64
3530;12/05/2026 11:37:17;;Souscription en cours;Coordonnées personnelles;935.15
3531;12/05/2026 11:36:00;;Dossier validé;Parcours terminé;173.93
3532;12/05/2026 11:36:00;;Dossier validé;Parcours terminé;802.11
3533;12/05/2026 11:29:24;;Souscription en cours;Coordonnées personnelles;965.60
3534;12/05/2026 11:29:24;;Souscription en cours;Coordonnées personnelles;645.97
3535;12/05/2026 11:27:25;;Souscription en cours;Coordonnées personnelles;304.14
3536;12/05/2026 11:27:25;;Souscription en cours;Coordonnées personnelles;621.15
3537;12/05/2026 11:26:19;;Dossier validé;Parcours terminé;630.32
3538;12/05/2026 11:26:19;;Dossier validé;Parcours terminé;302.06
3539;12/05/2026 11:09:49;;Dossier validé;Parcours terminé;185.28
3540;12/05/2026 11:09:49;;Dossier validé;Parcours terminé;411.57
3541;12/05/2026 11:07:47;;Dossier validé;Parcours terminé;277.14
3542;12/05/2026 11:07:47;;Dossier validé;Parcours terminé;926.27
3543;12/05/2026 10:52:49;Adam LAURENT;Dossier validé;Parcours terminé;572.17
3544;12/05/2026 10:52:49;Adam LAURENT;Dossier validé;Parcours terminé;124.41
3545;12/05/2026 10:41:31;;Souscription en cours;Choix de l'offre et livraison;852.53
3546;12/05/2026 10:41:31;;Souscription en cours;Choix de l'offre et livraison;504.04
3547;12/05/2026 10:29:59;;Dossier validé;Parcours terminé;953.72
3548;12/05/2026 10:29:59;;Dossier validé;Parcours terminé;331.35
3549;12/05/2026 10:29:10;;Souscription en cours;Vérification d'identité;874.70
3550;12/05/2026 10:29:10;;Souscription en cours;Vérification d'identité;288.22
3551;12/05/2026 10:18:53;;Dossier refusé;Saisie société;583.27
3552;12/05/2026 10:18:53;;Dossier refusé;Saisie société;390.25
3553;12/05/2026 10:16:10;;Souscription en cours;Criblages BE(s);214.25
3554;12/05/2026 10:16:10;;Souscription en cours;Criblages BE(s);930.18
3555;12/05/2026 09:57:22;;Souscription non démarrée;Parcours non démarré;572.34
3556;12/05/2026 09:57:22;;Souscription non démarrée;Parcours non démarré;841.43
3557;12/05/2026 09:42:40;;Dossier validé;Parcours terminé;749.50
3558;12/05/2026 09:42:40;;Dossier validé;Parcours terminé;956.40
3559;12/05/2026 09:25:30;;En attente d'analyse Agent - Dossier avec erreurs;Signature Contrat;383.20
3560;12/05/2026 09:25:30;;En attente d'analyse Agent - Dossier avec erreurs;Signature Contrat;523.01
3561;12/05/2026 09:12:08;;Dossier validé;Parcours terminé;861.94
3562;12/05/2026 09:12:08;;Dossier validé;Parcours terminé;181.20
3563;12/05/2026 09:11:34;;Souscription en cours;Signature Contrat;381.31
3564;12/05/2026 09:11:34;;Souscription en cours;Signature Contrat;475.79
3565;12/05/2026 09:06:46;;Dossier refusé;Parcours non démarré;659.76
3566;12/05/2026 09:06:46;;Dossier refusé;Parcours non démarré;813.05
3567;12/05/2026 08:52:36;;En attente d'analyse Agent - Dossier avec erreurs;Signature Contrat;670.76
3568;12/05/2026 08:52:36;;En attente d'analyse Agent - Dossier avec erreurs;Signature Contrat;694.10
3569;12/05/2026 08:44:35;;Souscription en cours;Vérification d'identité;797.54
3570;12/05/2026 08:44:35;;Souscription en cours;Vérification d'identité;435.59
3571;12/05/2026 08:43:06;;Dossier validé;Parcours terminé;320.28
3572;12/05/2026 08:43:06;;Dossier validé;Parcours terminé;358.80
3573;12/05/2026 08:36:59;;Dossier validé;Parcours terminé;628.65
3574;12/05/2026 08:36:59;;Dossier validé;Parcours terminé;355.74
3575;12/05/2026 08:34:18;Rayan MICHEL;Dossier validé;Parcours terminé;897.90
3576;12/05/2026 08:34:18;Rayan MICHEL;Dossier validé;Parcours terminé;583.91
3577;12/05/2026 08:33:15;;Dossier refusé;Saisie société;813.15
3578;12/05/2026 08:33:15;;Dossier refusé;Saisie société;644.38
3579;12/05/2026 07:59:03;;Souscription non démarrée;Parcours non démarré;444.46
3580;12/05/2026 07:59:03;;Souscription non démarrée;Parcours non démarré;841.78
3581;12/05/2026 07:44:41;;Dossier refusé;Saisie société;814.95
3582;12/05/2026 07:44:41;;Dossier refusé;Saisie société;390.97
3583;12/05/2026 07:05:01;;Souscription en cours;Choix de l'offre et livraison;225.46
3584;12/05/2026 07:05:01;;Souscription en cours;Choix de l'offre et livraison;615.66
3585;12/05/2026 05:57:50;Inès MICHEL;Dossier validé;Parcours terminé;330.29
3586;12/05/2026 05:57:50;Inès MICHEL;Dossier validé;Parcours terminé;403.72
3587;12/05/2026 04:14:55;;Souscription en cours;Coordonnées personnelles;991.94
3588;12/05/2026 04:14:55;;Souscription en cours;Coordonnées personnelles;353.28
3589;12/05/2026 03:24:10;;Dossier validé;Parcours terminé;489.84
3590;12/05/2026 03:24:10;;Dossier validé;Parcours terminé;121.78
3591;12/05/2026 02:59:06;;Souscription en cours;Choix de l'offre et livraison;851.13
3592;12/05/2026 02:59:06;;Souscription en cours;Choix de l'offre et livraison;482.50
3593;12/05/2026 02:50:26;;Souscription en cours;Coordonnées personnelles;185.83
3594;12/05/2026 02:50:26;;Souscription en cours;Coordonnées personnelles;838.45
3595;12/05/2026 01:06:15;;Souscription en cours;Choix de l'offre et livraison;632.04
3596;12/05/2026 01:06:15;;Souscription en cours;Choix de l'offre et livraison;823.67
3597;12/05/2026 00:12:12;;Dossier refusé;Bénéficiaire effectifs;315.66
3598;12/05/2026 00:12:12;;Dossier refusé;Bénéficiaire effectifs;999.43
3599;12/05/2026 00:05:15;;Dossier validé;Parcours terminé;956.13
3600;12/05/2026 00:05:15;;Dossier validé;Parcours terminé;921.10
3601;11/05/2026 23:32:57;;Dossier validé;Parcours terminé;242.26
3602;11/05/2026 23:32:57;;Dossier validé;Parcours terminé;873.46
3603;11/05/2026 23:08:37;;Souscription en cours;Bénéficiaire effectifs;969.19
3604;11/05/2026 23:08:37;;Souscription en cours;Bénéficiaire effectifs;876.82
3605;11/05/2026 22:46:37;;Dossier refusé;Bénéficiaire effectifs;226.54
3606;11/05/2026 22:46:37;;Dossier refusé;Bénéficiaire effectifs;829.48
3607;11/05/2026 22:28:12;;Dossier validé;Parcours terminé;109.77
3608;11/05/2026 22:28:12;;Dossier validé;Parcours terminé;549.40
3609;11/05/2026 22:03:37;;Souscription en cours;Informations complémentaires (Etablissements, etc.);989.54
3610;11/05/2026 22:03:37;;Souscription en cours;Informations complémentaires (Etablissements, etc.);477.72
3611;11/05/2026 22:00:52;;Souscription non démarrée;Parcours non démarré;254.33
3612;11/05/2026 22:00:52;;Souscription non démarrée;Parcours non démarré;990.62
3613;11/05/2026 21:44:35;;Dossier validé;Parcours terminé;628.90
3614;11/05/2026 21:44:35;;Dossier validé;Parcours terminé;330.27
3615;11/05/2026 21:16:28;;Souscription non démarrée;Parcours non démarré;869.64
3616;11/05/2026 21:16:28;;Souscription non démarrée;Parcours non démarré;721.58
3617;11/05/2026 20:42:39;;Dossier validé;Parcours terminé;321.02
3618;11/05/2026 20:42:39;;Dossier validé;Parcours terminé;288.18
3619;11/05/2026 20:07:06;;Souscription non démarrée;Parcours non démarré;128.92
3620;11/05/2026 20:07:06;;Souscription non démarrée;Parcours non démarré;315.10
3621;11/05/2026 19:53:04;;Dossier validé;Parcours terminé;615.81
3622;11/05/2026 19:53:04;;Dossier validé;Parcours terminé;986.25
3623;11/05/2026 19:42:57;;Dossier validé;Parcours terminé;885.10
3624;11/05/2026 19:42:57;;Dossier validé;Parcours terminé;867.26
3625;11/05/2026 19:32:38;Manon LEFEBVRE;Dossier refusé;Signature Contrat;375.60
3626;11/05/2026 19:32:38;Manon LEFEBVRE;Dossier refusé;Signature Contrat;280.22
3627;11/05/2026 19:31:35;;En attente d'analyse Agent - Dossier avec erreurs;Signature Contrat;959.09
3628;11/05/2026 19:31:35;;En attente d'analyse Agent - Dossier avec erreurs;Signature Contrat;230.34
3629;11/05/2026 19:08:54;;Dossier refusé;Saisie société;619.08
3630;11/05/2026 19:08:54;;Dossier refusé;Saisie société;267.94
3631;11/05/2026 18:12:27;;Souscription en cours;Choix de l'offre et livraison;694.34
3632;11/05/2026 18:12:27;;Souscription en cours;Choix de l'offre et livraison;262.00
3633;11/05/2026 18:06:00;;Dossier validé;Parcours terminé;151.78
3634;11/05/2026 18:06:00;;Dossier validé;Parcours terminé;389.44
3635;11/05/2026 18:01:27;;Dossier refusé;Saisie société;930.29
3636;11/05/2026 18:01:27;;Dossier refusé;Saisie société;170.19
3637;11/05/2026 17:57:09;;Souscription non démarrée;Parcours non démarré;533.35
3638;11/05/2026 17:57:09;;Souscription non démarrée;Parcours non démarré;763.67
3639;11/05/2026 17:49:49;;Souscription en cours;Informations complémentaires (Etablissements, etc.);284.19
3640;11/05/2026 17:49:49;;Souscription en cours;Informations complémentaires (Etablissements, etc.);794.65
3641;11/05/2026 17:41:43;;Souscription en cours;Synchronisation référentiel personne NOVA;262.85
3642;11/05/2026 17:41:43;;Souscription en cours;Synchronisation référentiel personne NOVA;678.12
3643;11/05/2026 17:38:56;;Dossier refusé;Saisie société;744.97
3644;11/05/2026 17:38:56;;Dossier refusé;Saisie société;734.13
3645;11/05/2026 17:35:44;;Dossier refusé;Saisie société;641.95
3646;11/05/2026 17:35:44;;Dossier refusé;Saisie société;133.18
3647;11/05/2026 17:27:42;;Souscription en cours;Informations complémentaires (CA, Profession, etc.);974.73
3648;11/05/2026 17:27:42;;Souscription en cours;Informations complémentaires (CA, Profession, etc.);280.01
3649;11/05/2026 17:14:17;;En attente d'analyse Agent - Dossier avec erreurs;Signature Contrat;642.74
3650;11/05/2026 17:14:17;;En attente d'analyse Agent - Dossier avec erreurs;Signature Contrat;555.34
3651;11/05/2026 17:14:02;;Dossier validé;Parcours terminé;191.65
3652;11/05/2026 17:14:02;;Dossier validé;Parcours terminé;889.11
3653;11/05/2026 17:07:54;;En attente d'analyse Agent - Dossier avec erreurs;Signature Contrat;493.68
3654;11/05/2026 17:07:54;;En attente d'analyse Agent - Dossier avec erreurs;Signature Contrat;820.51
3655;11/05/2026 16:51:29;;Souscription en cours;Coordonnées personnelles;211.07
3656;11/05/2026 16:51:29;;Souscription en cours;Coordonnées personnelles;510.07
3657;11/05/2026 16:45:04;;Souscription en cours;Vérification d'identité;353.59
3658;11/05/2026 16:45:04;;Souscription en cours;Vérification d'identité;204.98
3659;11/05/2026 16:41:45;;Souscription en cours;Bénéficiaire effectifs;326.41
3660;11/05/2026 16:41:45;;Souscription en cours;Bénéficiaire effectifs;129.09
3661;11/05/2026 16:37:14;;Dossier refusé;Parcours non démarré;136.62
3662;11/05/2026 16:37:14;;Dossier refusé;Parcours non démarré;867.21
3663;11/05/2026 16:33:52;;Souscription en cours;Informations complémentaires (Etablissements, etc.);805.39
3664;11/05/2026 16:33:52;;Souscription en cours;Informations complémentaires (Etablissements, etc.);734.07
3665;11/05/2026 16:31:56;;En attente d'analyse Agent - Dossier avec erreurs;Signature Contrat;456.15
3666;11/05/2026 16:31:56;;En attente d'analyse Agent - Dossier avec erreurs;Signature Contrat;454.62
3667;11/05/2026 16:31:19;;Souscription en cours;Signature Contrat;346.15
3668;11/05/2026 16:31:19;;Souscription en cours;Signature Contrat;601.73
3669;11/05/2026 16:27:05;;Souscription en cours;Vérification d'identité;891.18
3670;11/05/2026 16:27:05;;Souscription en cours;Vérification d'identité;585.25
3671;11/05/2026 16:26:44;;Souscription en cours;Coordonnées personnelles;567.81
3672;11/05/2026 16:26:44;;Souscription en cours;Coordonnées personnelles;389.60
3673;11/05/2026 15:59:02;;Dossier validé;Parcours terminé;529.44
3674;11/05/2026 15:59:02;;Dossier validé;Parcours terminé;398.09
3675;11/05/2026 15:29:41;;Souscription en cours;Vérification d'identité;287.26
3676;11/05/2026 15:29:41;;Souscription en cours;Vérification d'identité;886.72
3677;11/05/2026 15:22:04;;Dossier validé;Parcours terminé;360.68
3678;11/05/2026 15:22:04;;Dossier validé;Parcours terminé;988.37
3679;11/05/2026 15:16:33;;Souscription non démarrée;Parcours non démarré;458.91
3680;11/05/2026 15:16:33;;Souscription non démarrée;Parcours non démarré;789.63
3681;11/05/2026 14:55:40;;Dossier validé;Parcours terminé;981.29
3682;11/05/2026 14:55:40;;Dossier validé;Parcours terminé;465.91
3683;11/05/2026 14:51:25;Z5735392;Dossier validé;Parcours terminé;457.99
3684;11/05/2026 14:51:25;Z5735392;Dossier validé;Parcours terminé;857.19
3685;11/05/2026 14:42:49;;Dossier refusé;Saisie société;771.05
3686;11/05/2026 14:42:49;;Dossier refusé;Saisie société;214.34
3687;11/05/2026 14:40:04;;Dossier validé;Parcours terminé;607.15
3688;11/05/2026 14:40:04;;Dossier validé;Parcours terminé;620.71
3689;11/05/2026 14:36:00;;Dossier validé;Parcours terminé;238.20
3690;11/05/2026 14:36:00;;Dossier validé;Parcours terminé;535.51
3691;11/05/2026 14:34:05;;Dossier validé;Parcours terminé;905.88
3692;11/05/2026 14:34:05;;Dossier validé;Parcours terminé;533.59
3693;11/05/2026 14:26:07;;Souscription non démarrée;Parcours non démarré;407.29
3694;11/05/2026 14:26:07;;Souscription non démarrée;Parcours non démarré;585.12
3695;11/05/2026 14:25:13;;Dossier validé;Parcours terminé;756.13
3696;11/05/2026 14:25:13;;Dossier validé;Parcours terminé;283.08
3697;11/05/2026 14:24:20;;Dossier validé;Parcours terminé;324.41
3698;11/05/2026 14:24:20;;Dossier validé;Parcours terminé;478.54
3699;11/05/2026 14:20:24;;Souscription en cours;Signature Contrat;273.42
3700;11/05/2026 14:20:24;;Souscription en cours;Signature Contrat;796.61
3701;11/05/2026 14:17:13;;Souscription en cours;Coordonnées personnelles;515.95
3702;11/05/2026 14:17:13;;Souscription en cours;Coordonnées personnelles;708.49
3703;11/05/2026 14:06:31;;Dossier validé;Parcours terminé;261.26
3704;11/05/2026 14:06:31;;Dossier validé;Parcours terminé;378.78
3705;11/05/2026 14:06:27;;Souscription en cours;Vérification d'identité;857.28
3706;11/05/2026 14:06:27;;Souscription en cours;Vérification d'identité;758.76
3707;11/05/2026 13:54:05;;Dossier validé;Parcours terminé;979.17
3708;11/05/2026 13:54:05;;Dossier validé;Parcours terminé;410.53
3709;11/05/2026 13:30:40;;Souscription en cours;Coordonnées personnelles;747.87
3710;11/05/2026 13:30:40;;Souscription en cours;Coordonnées personnelles;491.28
3711;11/05/2026 13:13:14;;Souscription en cours;Coordonnées personnelles;511.80
3712;11/05/2026 13:13:14;;Souscription en cours;Coordonnées personnelles;688.48
3713;11/05/2026 13:03:01;;Dossier refusé;Saisie société;415.17
3714;11/05/2026 13:03:01;;Dossier refusé;Saisie société;939.09
3715;11/05/2026 13:02:42;;Dossier validé;Parcours terminé;191.69
3716;11/05/2026 13:02:42;;Dossier validé;Parcours terminé;435.64
3717;11/05/2026 13:00:07;;Dossier validé;Parcours terminé;338.02
3718;11/05/2026 13:00:07;;Dossier validé;Parcours terminé;877.53
3719;11/05/2026 12:50:55;;Souscription non démarrée;Parcours non démarré;914.02
3720;11/05/2026 12:50:55;;Souscription non démarrée;Parcours non démarré;589.13
3721;11/05/2026 12:42:16;;Dossier refusé;Informations complémentaires (Etablissements, etc.);191.74
3722;11/05/2026 12:42:16;;Dossier refusé;Informations complémentaires (Etablissements, etc.);778.79
3723;11/05/2026 12:36:56;;Souscription en cours;Coordonnées personnelles;385.59
3724;11/05/2026 12:36:56;;Souscription en cours;Coordonnées personnelles;460.14
3725;11/05/2026 12:31:23;;Dossier validé;Parcours terminé;721.54
3726;11/05/2026 12:31:23;;Dossier validé;Parcours terminé;618.02
3727;11/05/2026 12:18:31;;Souscription en cours;Signature Contrat;383.88
3728;11/05/2026 12:18:31;;Souscription en cours;Signature Contrat;741.82
3729;11/05/2026 12:08:04;;Dossier refusé;Saisie société;705.84
3730;11/05/2026 12:08:04;;Dossier refusé;Saisie société;943.50
3731;11/05/2026 12:03:16;;Souscription en cours;Coordonnées personnelles;446.67
3732;11/05/2026 12:03:16;;Souscription en cours;Coordonnées personnelles;440.95
3733;11/05/2026 11:58:07;;Dossier validé;Parcours terminé;436.68
3734;11/05/2026 11:58:07;;Dossier validé;Parcours terminé;859.96
3735;11/05/2026 11:54:47;;Souscription en cours;Coordonnées personnelles;718.12
3736;11/05/2026 11:54:47;;Souscription en cours;Coordonnées personnelles;242.54
3737;11/05/2026 11:50:04;;Dossier validé;Parcours terminé;265.03
3738;11/05/2026 11:50:04;;Dossier validé;Parcours terminé;660.23
3739;11/05/2026 11:37:33;;Dossier validé;Parcours terminé;767.79
3740;11/05/2026 11:37:33;;Dossier validé;Parcours terminé;250.22
3741;11/05/2026 11:30:04;;Souscription en cours;Signature Contrat;563.70
3742;11/05/2026 11:30:04;;Souscription en cours;Signature Contrat;875.61
3743;11/05/2026 11:29:25;;Souscription en cours;Coordonnées personnelles;513.43
3744;11/05/2026 11:29:25;;Souscription en cours;Coordonnées personnelles;768.83
3745;11/05/2026 11:04:49;;Dossier validé;Parcours terminé;946.38
3746;11/05/2026 11:04:49;;Dossier validé;Parcours terminé;574.48
3747;11/05/2026 10:52:24;;Dossier validé;Parcours terminé;260.52
3748;11/05/2026 10:52:24;;Dossier validé;Parcours terminé;472.15
3749;11/05/2026 10:48:34;;Souscription non démarrée;Parcours non démarré;718.96
3750;11/05/2026 10:48:34;;Souscription non démarrée;Parcours non démarré;279.17
3751;11/05/2026 10:04:24;;Dossier validé;Parcours terminé;849.97
3752;11/05/2026 10:04:24;;Dossier validé;Parcours terminé;985.63
3753;11/05/2026 09:54:01;;Souscription en cours;Bénéficiaire effectifs;668.36
3754;11/05/2026 09:54:01;;Souscription en cours;Bénéficiaire effectifs;449.32
3755;11/05/2026 09:49:25;;Dossier validé;Parcours terminé;124.25
3756;11/05/2026 09:49:25;;Dossier validé;Parcours terminé;353.35
3757;11/05/2026 09:44:37;;Souscription en cours;Coordonnées personnelles;971.84
3758;11/05/2026 09:44:37;;Souscription en cours;Coordonnées personnelles;217.92
3759;11/05/2026 09:43:43;;Souscription non démarrée;Parcours non démarré;990.92
3760;11/05/2026 09:43:43;;Souscription non démarrée;Parcours non démarré;981.74
3761;11/05/2026 09:27:35;;Souscription non démarrée;Parcours non démarré;466.06
3762;11/05/2026 09:27:35;;Souscription non démarrée;Parcours non démarré;767.51
3763;11/05/2026 09:03:19;;Souscription en cours;Coordonnées personnelles;504.17
3764;11/05/2026 09:03:19;;Souscription en cours;Coordonnées personnelles;556.12
3765;11/05/2026 09:02:41;;Dossier validé;Parcours terminé;486.25
3766;11/05/2026 09:02:41;;Dossier validé;Parcours terminé;727.81
3767;11/05/2026 08:57:28;;Dossier validé;Parcours terminé;691.73
3768;11/05/2026 08:57:28;;Dossier validé;Parcours terminé;792.56
3769;11/05/2026 08:55:27;;Dossier validé;Parcours terminé;515.27
3770;11/05/2026 08:55:27;;Dossier validé;Parcours terminé;623.18
3771;11/05/2026 08:47:21;;Souscription en cours;Choix de l'offre et livraison;542.53
3772;11/05/2026 08:47:21;;Souscription en cours;Choix de l'offre et livraison;214.96
3773;11/05/2026 08:24:24;;Dossier validé;Parcours terminé;721.80
3774;11/05/2026 08:24:24;;Dossier validé;Parcours terminé;207.21
3775;11/05/2026 07:47:39;;Dossier validé;Parcours terminé;672.81
3776;11/05/2026 07:47:39;;Dossier validé;Parcours terminé;629.52
3777;11/05/2026 07:29:59;;Souscription non démarrée;Parcours non démarré;559.97
3778;11/05/2026 07:29:59;;Souscription non démarrée;Parcours non démarré;795.81
3779;11/05/2026 06:51:58;;Dossier validé;Parcours terminé;383.97
3780;11/05/2026 06:51:58;;Dossier validé;Parcours terminé;671.82
3781;11/05/2026 04:42:04;;Souscription en cours;Signature Contrat;659.16
3782;11/05/2026 04:42:04;;Souscription en cours;Signature Contrat;836.21
3783;11/05/2026 02:23:35;;Dossier validé;Parcours terminé;318.58
3784;11/05/2026 02:23:35;;Dossier validé;Parcours terminé;512.05
3785;11/05/2026 01:51:51;;Dossier validé;Parcours terminé;390.78
3786;11/05/2026 01:51:51;;Dossier validé;Parcours terminé;705.70
3787;11/05/2026 01:48:36;;Souscription en cours;Synchronisation référentiel personne NOVA;862.16
3788;11/05/2026 01:48:36;;Souscription en cours;Synchronisation référentiel personne NOVA;691.87
3789;11/05/2026 00:21:05;;Dossier refusé;Saisie société;374.31
3790;11/05/2026 00:21:05;;Dossier refusé;Saisie société;722.41
3791;10/05/2026 23:52:26;Zoé MULLER;Dossier validé;Parcours terminé;787.66
3792;10/05/2026 23:52:26;Zoé MULLER;Dossier validé;Parcours terminé;278.07
3793;10/05/2026 23:13:24;;Souscription en cours;Informations complémentaires (Etablissements, etc.);657.67
3794;10/05/2026 23:13:24;;Souscription en cours;Informations complémentaires (Etablissements, etc.);747.90
3795;10/05/2026 22:08:12;;Souscription non démarrée;Parcours non démarré;812.69
3796;10/05/2026 22:08:12;;Souscription non démarrée;Parcours non démarré;907.34
3797;10/05/2026 22:06:04;;Souscription non démarrée;Parcours non démarré;230.89
3798;10/05/2026 22:06:04;;Souscription non démarrée;Parcours non démarré;466.94
3799;10/05/2026 22:03:58;;Souscription non démarrée;Parcours non démarré;889.51
3800;10/05/2026 22:03:58;;Souscription non démarrée;Parcours non démarré;702.07
3801;10/05/2026 21:39:58;;Dossier validé;Parcours terminé;945.91
3802;10/05/2026 21:39:58;;Dossier validé;Parcours terminé;811.95
3803;10/05/2026 21:34:20;;Dossier validé;Parcours terminé;653.37
3804;10/05/2026 21:34:20;;Dossier validé;Parcours terminé;279.14
3805;10/05/2026 21:25:30;;Dossier validé;Parcours terminé;975.06
3806;10/05/2026 21:25:30;;Dossier validé;Parcours terminé;582.74
3807;10/05/2026 21:16:01;;Souscription en cours;Coordonnées personnelles;126.20
3808;10/05/2026 21:16:01;;Souscription en cours;Coordonnées personnelles;323.49
3809;10/05/2026 21:01:00;;Souscription non démarrée;Parcours non démarré;745.07
3810;10/05/2026 21:01:00;;Souscription non démarrée;Parcours non démarré;928.40
3811;10/05/2026 20:19:43;;Dossier validé;Parcours terminé;952.34
3812;10/05/2026 20:19:43;;Dossier validé;Parcours terminé;267.46
3813;10/05/2026 19:20:24;;Souscription non démarrée;Parcours non démarré;309.36
3814;10/05/2026 19:20:24;;Souscription non démarrée;Parcours non démarré;852.72
3815;10/05/2026 19:08:20;;Souscription non démarrée;Parcours non démarré;198.42
3816;10/05/2026 19:08:20;;Souscription non démarrée;Parcours non démarré;477.21
3817;10/05/2026 17:10:23;;Souscription en cours;Vérification d'identité;333.62
3818;10/05/2026 17:10:23;;Souscription en cours;Vérification d'identité;658.14
3819;10/05/2026 16:53:49;;Souscription en cours;Choix de l'offre et livraison;705.70
3820;10/05/2026 16:53:49;;Souscription en cours;Choix de l'offre et livraison;288.06
3821;10/05/2026 16:51:57;;Souscription en cours;Signature Contrat;331.61
3822;10/05/2026 16:51:57;;Souscription en cours;Signature Contrat;296.15
3823;10/05/2026 16:28:27;;Dossier validé;Parcours terminé;558.13
3824;10/05/2026 16:28:27;;Dossier validé;Parcours terminé;901.26
3825;10/05/2026 16:15:55;;Souscription en cours;Coordonnées personnelles;340.51
3826;10/05/2026 16:15:55;;Souscription en cours;Coordonnées personnelles;390.78
3827;10/05/2026 15:59:50;;Souscription en cours;Coordonnées personnelles;167.09
3828;10/05/2026 15:59:50;;Souscription en cours;Coordonnées personnelles;863.63
3829;10/05/2026 15:58:47;;Dossier validé;Parcours terminé;955.51
3830;10/05/2026 15:58:47;;Dossier validé;Parcours terminé;104.82
3831;10/05/2026 15:57:41;;Dossier validé;Parcours terminé;288.96
3832;10/05/2026 15:57:41;;Dossier validé;Parcours terminé;145.72
3833;10/05/2026 15:44:43;;Dossier validé;Parcours terminé;293.29
3834;10/05/2026 15:44:43;;Dossier validé;Parcours terminé;774.61
3835;10/05/2026 15:40:33;;Dossier validé;Parcours terminé;271.29
3836;10/05/2026 15:40:33;;Dossier validé;Parcours terminé;666.13
3837;10/05/2026 15:24:05;;Dossier refusé;Signature Contrat;823.78
3838;10/05/2026 15:24:05;;Dossier refusé;Signature Contrat;147.19
3839;10/05/2026 15:10:49;;Dossier validé;Parcours terminé;804.37
3840;10/05/2026 15:10:49;;Dossier validé;Parcours terminé;128.10
3841;10/05/2026 15:10:23;;Souscription en cours;Choix de l'offre et livraison;888.13
3842;10/05/2026 15:10:23;;Souscription en cours;Choix de l'offre et livraison;225.12
3843;10/05/2026 14:52:51;;Souscription en cours;Coordonnées personnelles;708.34
3844;10/05/2026 14:52:51;;Souscription en cours;Coordonnées personnelles;386.51
3845;10/05/2026 14:06:24;;Souscription en cours;Signature Contrat;216.47
3846;10/05/2026 14:06:24;;Souscription en cours;Signature Contrat;337.21
3847;10/05/2026 13:54:14;;Souscription en cours;Coordonnées personnelles;834.66
3848;10/05/2026 13:54:14;;Souscription en cours;Coordonnées personnelles;308.71
3849;10/05/2026 13:20:03;;Dossier validé;Parcours terminé;968.33
3850;10/05/2026 13:20:03;;Dossier validé;Parcours terminé;846.16
3851;10/05/2026 13:15:49;;Dossier validé;Parcours terminé;383.19
3852;10/05/2026 13:15:49;;Dossier validé;Parcours terminé;874.46
3853;10/05/2026 12:53:24;;Souscription en cours;Coordonnées personnelles;729.92
3854;10/05/2026 12:53:24;;Souscription en cours;Coordonnées personnelles;348.58
3855;10/05/2026 12:44:17;;Souscription en cours;Informations complémentaires (Etablissements, etc.);399.06
3856;10/05/2026 12:44:17;;Souscription en cours;Informations complémentaires (Etablissements, etc.);342.01
3857;10/05/2026 12:39:23;;Souscription en cours;Coordonnées personnelles;464.88
3858;10/05/2026 12:39:23;;Souscription en cours;Coordonnées personnelles;746.26
3859;10/05/2026 12:32:49;;Souscription non démarrée;Parcours non démarré;104.10
3860;10/05/2026 12:32:49;;Souscription non démarrée;Parcours non démarré;722.69
3861;10/05/2026 12:32:40;;Dossier validé;Parcours terminé;362.97
3862;10/05/2026 12:32:40;;Dossier validé;Parcours terminé;796.68
3863;10/05/2026 12:21:40;;Dossier validé;Parcours terminé;522.93
3864;10/05/2026 12:21:40;;Dossier validé;Parcours terminé;737.92
3865;10/05/2026 12:16:56;;Souscription non démarrée;Parcours non démarré;783.90
3866;10/05/2026 12:16:56;;Souscription non démarrée;Parcours non démarré;348.26
3867;10/05/2026 12:13:25;;Dossier refusé;Saisie société;452.19
3868;10/05/2026 12:13:25;;Dossier refusé;Saisie société;141.51
3869;10/05/2026 11:51:42;;Souscription non démarrée;Parcours non démarré;260.39
3870;10/05/2026 11:51:42;;Souscription non démarrée;Parcours non démarré;202.30
3871;10/05/2026 11:09:38;;Dossier validé;Parcours terminé;356.21
3872;10/05/2026 11:09:38;;Dossier validé;Parcours terminé;576.67
3873;10/05/2026 11:04:36;;Dossier validé;Parcours terminé;858.05
3874;10/05/2026 11:04:36;;Dossier validé;Parcours terminé;540.23
3875;10/05/2026 11:02:58;;Dossier validé;Parcours terminé;540.42
3876;10/05/2026 11:02:58;;Dossier validé;Parcours terminé;570.34
3877;10/05/2026 10:50:49;;Dossier validé;Parcours terminé;108.89
3878;10/05/2026 10:50:49;;Dossier validé;Parcours terminé;567.49
3879;10/05/2026 10:36:34;;Dossier validé;Parcours terminé;558.77
3880;10/05/2026 10:36:34;;Dossier validé;Parcours terminé;696.67
3881;10/05/2026 10:27:44;;Souscription en cours;Choix de l'offre et livraison;441.49
3882;10/05/2026 10:27:44;;Souscription en cours;Choix de l'offre et livraison;782.59
3883;10/05/2026 10:24:44;;Dossier refusé;Saisie société;108.74
3884;10/05/2026 10:24:44;;Dossier refusé;Saisie société;159.34
3885;10/05/2026 10:05:43;;Souscription en cours;Signature Contrat;847.95
3886;10/05/2026 10:05:43;;Souscription en cours;Signature Contrat;178.47
3887;10/05/2026 09:36:12;;Souscription en cours;Signature Contrat;953.85
3888;10/05/2026 09:36:12;;Souscription en cours;Signature Contrat;508.02
3889;10/05/2026 09:12:08;;Dossier refusé;Saisie société;604.83
3890;10/05/2026 09:12:08;;Dossier refusé;Saisie société;550.94
3891;10/05/2026 08:42:52;;Souscription non démarrée;Parcours non démarré;897.59
3892;10/05/2026 08:42:52;;Souscription non démarrée;Parcours non démarré;179.73
3893;10/05/2026 08:36:36;;Souscription en cours;Coordonnées personnelles;988.16
3894;10/05/2026 08:36:36;;Souscription en cours;Coordonnées personnelles;847.80
3895;10/05/2026 08:20:50;;Souscription en cours;Choix de l'offre et livraison;927.99
3896;10/05/2026 08:20:50;;Souscription en cours;Choix de l'offre et livraison;511.36
3897;10/05/2026 08:09:28;;Souscription en cours;Coordonnées personnelles;674.90
3898;10/05/2026 08:09:28;;Souscription en cours;Coordonnées personnelles;799.69
3899;10/05/2026 06:06:22;;Souscription en cours;Choix de l'offre et livraison;642.00
3900;10/05/2026 06:06:22;;Souscription en cours;Choix de l'offre et livraison;692.21
3901;10/05/2026 04:44:14;;Souscription non démarrée;Parcours non démarré;377.85
3902;10/05/2026 04:44:14;;Souscription non démarrée;Parcours non démarré;987.09
3903;09/05/2026 23:38:54;;Dossier validé;Parcours terminé;585.11
3904;09/05/2026 23:38:54;;Dossier validé;Parcours terminé;353.60
3905;09/05/2026 23:31:46;;Dossier validé;Parcours terminé;698.88
3906;09/05/2026 23:31:46;;Dossier validé;Parcours terminé;244.58
3907;09/05/2026 22:51:25;;Souscription en cours;Signature Contrat;361.33
3908;09/05/2026 22:51:25;;Souscription en cours;Signature Contrat;561.56
3909;09/05/2026 22:36:29;;Dossier refusé;Informations complémentaires (CA, Profession, etc.);651.50
3910;09/05/2026 22:36:29;;Dossier refusé;Informations complémentaires (CA, Profession, etc.);260.37
3911;09/05/2026 22:32:23;;Dossier validé;Parcours terminé;906.48
3912;09/05/2026 22:32:23;;Dossier validé;Parcours terminé;790.51
3913;09/05/2026 22:25:18;;Dossier validé;Parcours terminé;942.15
3914;09/05/2026 22:25:18;;Dossier validé;Parcours terminé;738.48
3915;09/05/2026 22:01:39;;Souscription en cours;Coordonnées personnelles;486.58
3916;09/05/2026 22:01:39;;Souscription en cours;Coordonnées personnelles;446.01
3917;09/05/2026 21:55:28;;Dossier validé;Parcours terminé;483.41
3918;09/05/2026 21:55:28;;Dossier validé;Parcours terminé;389.35
3919;09/05/2026 21:48:15;;Dossier validé;Parcours terminé;368.03
3920;09/05/2026 21:48:15;;Dossier validé;Parcours terminé;786.18
3921;09/05/2026 21:10:13;;Souscription en cours;Choix de l'offre et livraison;703.46
3922;09/05/2026 21:10:13;;Souscription en cours;Choix de l'offre et livraison;510.09
3923;09/05/2026 21:06:54;;En attente d'analyse Agent - Dossier avec erreurs;Signature Contrat;865.94
3924;09/05/2026 21:06:54;;En attente d'analyse Agent - Dossier avec erreurs;Signature Contrat;867.81
3925;09/05/2026 21:04:33;;Dossier refusé;Saisie société;306.02
3926;09/05/2026 21:04:33;;Dossier refusé;Saisie société;651.96
3927;09/05/2026 21:04:07;;Souscription non démarrée;Parcours non démarré;844.13
3928;09/05/2026 21:04:07;;Souscription non démarrée;Parcours non démarré;967.17
3929;09/05/2026 20:38:18;;Souscription en cours;Choix de l'offre et livraison;108.02
3930;09/05/2026 20:38:18;;Souscription en cours;Choix de l'offre et livraison;635.99
3931;09/05/2026 20:37:13;;Souscription en cours;Signature Contrat;104.57
3932;09/05/2026 20:37:13;;Souscription en cours;Signature Contrat;769.34
3933;09/05/2026 19:43:10;;Souscription en cours;Choix de l'offre et livraison;367.63
3934;09/05/2026 19:43:10;;Souscription en cours;Choix de l'offre et livraison;811.20
3935;09/05/2026 19:30:21;;Dossier validé;Parcours terminé;194.55
3936;09/05/2026 19:30:21;;Dossier validé;Parcours terminé;964.77
3937;09/05/2026 19:28:55;;Souscription non démarrée;Parcours non démarré;755.85
3938;09/05/2026 19:28:55;;Souscription non démarrée;Parcours non démarré;254.63
3939;09/05/2026 18:59:41;;Souscription en cours;Coordonnées personnelles;436.74
3940;09/05/2026 18:59:41;;Souscription en cours;Coordonnées personnelles;908.51
3941;09/05/2026 18:41:51;;Dossier validé;Parcours terminé;417.29
3942;09/05/2026 18:41:51;;Dossier validé;Parcours terminé;333.08
3943;09/05/2026 18:27:42;;En attente d'analyse Agent - Dossier avec erreurs;Signature Contrat;205.18
3944;09/05/2026 18:27:42;;En attente d'analyse Agent - Dossier avec erreurs;Signature Contrat;408.35
3945;09/05/2026 18:16:19;;Souscription en cours;Coordonnées personnelles;977.41
3946;09/05/2026 18:16:19;;Souscription en cours;Coordonnées personnelles;870.97
3947;09/05/2026 18:13:29;;En attente d'analyse Agent - Dossier avec erreurs;Signature Contrat;701.50
3948;09/05/2026 18:13:29;;En attente d'analyse Agent - Dossier avec erreurs;Signature Contrat;282.54
3949;09/05/2026 17:34:15;;Dossier validé;Parcours terminé;977.85
3950;09/05/2026 17:34:15;;Dossier validé;Parcours terminé;546.63
3951;09/05/2026 17:27:18;;Souscription en cours;Choix de l'offre et livraison;574.37
3952;09/05/2026 17:27:18;;Souscription en cours;Choix de l'offre et livraison;321.35
3953;09/05/2026 17:21:43;Hugo MARTIN;Dossier validé;Parcours terminé;170.58
3954;09/05/2026 17:21:43;Hugo MARTIN;Dossier validé;Parcours terminé;493.76
3955;09/05/2026 16:51:52;;Souscription en cours;Coordonnées personnelles;907.04
3956;09/05/2026 16:51:52;;Souscription en cours;Coordonnées personnelles;481.10
3957;09/05/2026 16:44:04;;Dossier refusé;Choix de l'offre et livraison;465.53
3958;09/05/2026 16:44:04;;Dossier refusé;Choix de l'offre et livraison;513.31
3959;09/05/2026 16:41:01;;Souscription non démarrée;Parcours non démarré;885.03
3960;09/05/2026 16:41:01;;Souscription non démarrée;Parcours non démarré;747.31
3961;09/05/2026 16:38:44;;Souscription non démarrée;Parcours non démarré;943.01
3962;09/05/2026 16:38:44;;Souscription non démarrée;Parcours non démarré;822.22
3963;09/05/2026 16:33:49;;Souscription en cours;Coordonnées personnelles;205.60
3964;09/05/2026 16:33:49;;Souscription en cours;Coordonnées personnelles;689.50
3965;09/05/2026 16:20:22;;Souscription en cours;Synchronisation référentiel personne NOVA;457.49
3966;09/05/2026 16:20:22;;Souscription en cours;Synchronisation référentiel personne NOVA;833.48
3967;09/05/2026 16:19:21;;Souscription en cours;Vérification d'identité;686.63
3968;09/05/2026 16:19:21;;Souscription en cours;Vérification d'identité;658.92
3969;09/05/2026 16:16:32;;Dossier validé;Parcours terminé;411.01
3970;09/05/2026 16:16:32;;Dossier validé;Parcours terminé;924.73
3971;09/05/2026 16:12:49;;Dossier validé;Parcours terminé;645.94
3972;09/05/2026 16:12:49;;Dossier validé;Parcours terminé;380.38
3973;09/05/2026 15:53:42;;Souscription en cours;Coordonnées personnelles;721.76
3974;09/05/2026 15:53:42;;Souscription en cours;Coordonnées personnelles;422.38
3975;09/05/2026 15:52:07;;Dossier validé;Parcours terminé;883.21
3976;09/05/2026 15:52:07;;Dossier validé;Parcours terminé;614.42
3977;09/05/2026 15:46:47;;Souscription en cours;Choix de l'offre et livraison;780.49
3978;09/05/2026 15:46:47;;Souscription en cours;Choix de l'offre et livraison;716.19
3979;09/05/2026 15:41:51;;Dossier validé;Parcours terminé;139.35
3980;09/05/2026 15:41:51;;Dossier validé;Parcours terminé;536.56
3981;09/05/2026 15:33:12;;Dossier validé;Parcours terminé;124.68
3982;09/05/2026 15:33:12;;Dossier validé;Parcours terminé;191.39
3983;09/05/2026 15:16:54;;Dossier validé;Parcours terminé;657.35
3984;09/05/2026 15:16:54;;Dossier validé;Parcours terminé;702.97
3985;09/05/2026 15:16:54;;Souscription en cours;Coordonnées personnelles;328.76
3986;09/05/2026 15:16:54;;Souscription en cours;Coordonnées personnelles;409.52
3987;09/05/2026 15:16:09;;Souscription en cours;Coordonnées personnelles;617.80
3988;09/05/2026 15:16:09;;Souscription en cours;Coordonnées personnelles;524.21
3989;09/05/2026 15:07:58;;Dossier validé;Parcours terminé;586.73
3990;09/05/2026 15:07:58;;Dossier validé;Parcours terminé;460.75
3991;09/05/2026 15:05:55;;Souscription non démarrée;Parcours non démarré;866.35
3992;09/05/2026 15:05:55;;Souscription non démarrée;Parcours non démarré;775.04
3993;09/05/2026 15:03:40;;Dossier validé;Parcours terminé;166.80
3994;09/05/2026 15:03:40;;Dossier validé;Parcours terminé;222.68
3995;09/05/2026 15:03:20;;En attente d'analyse Agent - Dossier avec erreurs;Signature Contrat;624.70
3996;09/05/2026 15:03:20;;En attente d'analyse Agent - Dossier avec erreurs;Signature Contrat;906.36
3997;09/05/2026 14:42:22;;Souscription en cours;Coordonnées personnelles;778.59
3998;09/05/2026 14:42:22;;Souscription en cours;Coordonnées personnelles;687.10
3999;09/05/2026 14:22:06;;Dossier refusé;Signature Contrat;781.71
4000;09/05/2026 14:22:06;;Dossier refusé;Signature Contrat;110.17
4001;09/05/2026 14:12:54;;Souscription non démarrée;Parcours non démarré;749.34
4002;09/05/2026 14:12:54;;Souscription non démarrée;Parcours non démarré;277.81
4003;09/05/2026 14:11:40;;Souscription en cours;Signature Contrat;512.68
4004;09/05/2026 14:11:40;;Souscription en cours;Signature Contrat;256.44
4005;09/05/2026 13:28:15;;Dossier validé;Parcours terminé;369.21
4006;09/05/2026 13:28:15;;Dossier validé;Parcours terminé;914.55
4007;09/05/2026 13:07:47;;Dossier validé;Parcours terminé;766.46
4008;09/05/2026 13:07:47;;Dossier validé;Parcours terminé;506.49
4009;09/05/2026 13:05:40;;Dossier refusé;Saisie société;988.65
4010;09/05/2026 13:05:40;;Dossier refusé;Saisie société;618.10
4011;09/05/2026 13:05:20;;En attente d'analyse Agent - Dossier avec erreurs;Signature Contrat;530.33
4012;09/05/2026 13:05:20;;En attente d'analyse Agent - Dossier avec erreurs;Signature Contrat;887.29
4013;09/05/2026 13:03:06;;Dossier validé;Parcours terminé;696.51
4014;09/05/2026 13:03:06;;Dossier validé;Parcours terminé;328.56
4015;09/05/2026 12:58:53;Rayan MICHEL;Dossier validé;Parcours terminé;290.41
4016;09/05/2026 12:58:53;Rayan MICHEL;Dossier validé;Parcours terminé;599.97
4017;09/05/2026 12:56:06;;Dossier validé;Parcours terminé;395.57
4018;09/05/2026 12:56:06;;Dossier validé;Parcours terminé;974.31
4019;09/05/2026 12:48:29;;Souscription non démarrée;Parcours non démarré;276.46
4020;09/05/2026 12:48:29;;Souscription non démarrée;Parcours non démarré;755.68
4021;09/05/2026 12:47:51;;Souscription en cours;Coordonnées personnelles;261.35
4022;09/05/2026 12:47:51;;Souscription en cours;Coordonnées personnelles;353.56
4023;09/05/2026 12:31:37;Hugo MARTIN;Dossier refusé;Signature Contrat;651.39
4024;09/05/2026 12:31:37;Hugo MARTIN;Dossier refusé;Signature Contrat;539.87
4025;09/05/2026 12:28:54;;Dossier validé;Parcours terminé;936.89
4026;09/05/2026 12:28:54;;Dossier validé;Parcours terminé;596.02
4027;09/05/2026 12:27:37;;Dossier validé;Parcours terminé;915.56
4028;09/05/2026 12:27:37;;Dossier validé;Parcours terminé;256.61
4029;09/05/2026 12:24:56;;Dossier refusé;Signature Contrat;960.74
4030;09/05/2026 12:24:56;;Dossier refusé;Signature Contrat;497.77
4031;09/05/2026 11:53:27;;Souscription en cours;Coordonnées personnelles;244.57
4032;09/05/2026 11:53:27;;Souscription en cours;Coordonnées personnelles;536.41
4033;09/05/2026 11:53:06;;Dossier refusé;Saisie société;552.47
4034;09/05/2026 11:53:06;;Dossier refusé;Saisie société;481.98
4035;09/05/2026 11:40:31;;Dossier refusé;Saisie société;919.46
4036;09/05/2026 11:40:31;;Dossier refusé;Saisie société;241.02
4037;09/05/2026 11:38:21;;Dossier refusé;Saisie société;289.62
4038;09/05/2026 11:38:21;;Dossier refusé;Saisie société;582.56
4039;09/05/2026 11:32:35;;Souscription en cours;Signature Contrat;786.50
4040;09/05/2026 11:32:35;;Souscription en cours;Signature Contrat;421.60
4041;09/05/2026 11:31:27;;Souscription en cours;Informations complémentaires (Etablissements, etc.);839.70
4042;09/05/2026 11:31:27;;Souscription en cours;Informations complémentaires (Etablissements, etc.);324.94
4043;09/05/2026 11:23:42;;Dossier validé;Parcours terminé;866.51
4044;09/05/2026 11:23:42;;Dossier validé;Parcours terminé;257.67
4045;09/05/2026 11:20:19;;Dossier refusé;Signature Contrat;694.97
4046;09/05/2026 11:20:19;;Dossier refusé;Signature Contrat;118.55
4047;09/05/2026 11:18:56;;Souscription en cours;Choix de l'offre et livraison;525.44
4048;09/05/2026 11:18:56;;Souscription en cours;Choix de l'offre et livraison;904.69
4049;09/05/2026 11:14:04;;Souscription en cours;Coordonnées personnelles;450.35
4050;09/05/2026 11:14:04;;Souscription en cours;Coordonnées personnelles;948.71
4051;09/05/2026 11:11:17;Hugo MARTIN;Dossier refusé;Signature Contrat;740.99
4052;09/05/2026 11:11:17;Hugo MARTIN;Dossier refusé;Signature Contrat;913.54
4053;09/05/2026 11:09:00;;En attente d'analyse Agent - Dossier avec erreurs;Signature Contrat;443.80
4054;09/05/2026 11:09:00;;En attente d'analyse Agent - Dossier avec erreurs;Signature Contrat;289.64
4055;09/05/2026 11:04:21;Hugo MARTIN;Dossier validé;Parcours terminé;237.98
4056;09/05/2026 11:04:21;Hugo MARTIN;Dossier validé;Parcours terminé;642.63
4057;09/05/2026 11:01:20;;Souscription en cours;Coordonnées personnelles;728.11
4058;09/05/2026 11:01:20;;Souscription en cours;Coordonnées personnelles;609.08
4059;09/05/2026 10:54:54;;Souscription en cours;Choix de l'offre et livraison;775.06
4060;09/05/2026 10:54:54;;Souscription en cours;Choix de l'offre et livraison;218.41
4061;09/05/2026 10:51:22;;Dossier refusé;Saisie société;349.69
4062;09/05/2026 10:51:22;;Dossier refusé;Saisie société;117.58
4063;09/05/2026 10:48:18;;Souscription en cours;Choix de l'offre et livraison;205.75
4064;09/05/2026 10:48:18;;Souscription en cours;Choix de l'offre et livraison;514.10
4065;09/05/2026 10:46:55;;Dossier refusé;Saisie société;334.98
4066;09/05/2026 10:46:55;;Dossier refusé;Saisie société;145.66
4067;09/05/2026 10:45:23;;Dossier refusé;Choix de l'offre et livraison;546.75
4068;09/05/2026 10:45:23;;Dossier refusé;Choix de l'offre et livraison;115.95
4069;09/05/2026 10:43:43;;Dossier validé;Parcours terminé;729.12
4070;09/05/2026 10:43:43;;Dossier validé;Parcours terminé;679.56
4071;09/05/2026 10:42:58;;Dossier validé;Parcours terminé;614.34
4072;09/05/2026 10:42:58;;Dossier validé;Parcours terminé;305.90
4073;09/05/2026 10:38:30;;Dossier validé;Parcours terminé;498.07
4074;09/05/2026 10:38:30;;Dossier validé;Parcours terminé;785.61
4075;09/05/2026 10:33:38;;Souscription en cours;Coordonnées personnelles;519.82
4076;09/05/2026 10:33:38;;Souscription en cours;Coordonnées personnelles;140.39
4077;09/05/2026 10:21:36;;Souscription en cours;Choix de l'offre et livraison;990.86
4078;09/05/2026 10:21:36;;Souscription en cours;Choix de l'offre et livraison;690.21
4079;09/05/2026 10:20:32;;Dossier refusé;Saisie société;299.33
4080;09/05/2026 10:20:32;;Dossier refusé;Saisie société;294.49
4081;09/05/2026 10:19:27;;Dossier validé;Parcours terminé;897.23
4082;09/05/2026 10:19:27;;Dossier validé;Parcours terminé;896.61
4083;09/05/2026 10:16:26;;Dossier validé;Parcours terminé;311.59
4084;09/05/2026 10:16:26;;Dossier validé;Parcours terminé;573.48
4085;09/05/2026 10:13:11;;Dossier validé;Parcours terminé;109.09
4086;09/05/2026 10:13:11;;Dossier validé;Parcours terminé;158.38
4087;09/05/2026 10:11:00;;Dossier validé;Parcours terminé;611.21
4088;09/05/2026 10:11:00;;Dossier validé;Parcours terminé;494.00
4089;09/05/2026 10:08:09;;Dossier refusé;Saisie société;158.14
4090;09/05/2026 10:08:09;;Dossier refusé;Saisie société;821.99
4091;09/05/2026 09:48:52;;Souscription en cours;Coordonnées personnelles;144.14
4092;09/05/2026 09:48:52;;Souscription en cours;Coordonnées personnelles;470.07
4093;09/05/2026 09:42:18;;Dossier validé;Parcours terminé;924.81
4094;09/05/2026 09:42:18;;Dossier validé;Parcours terminé;699.81
4095;09/05/2026 09:37:46;;Dossier validé;Parcours terminé;800.80
4096;09/05/2026 09:37:46;;Dossier validé;Parcours terminé;341.17
4097;09/05/2026 09:36:23;;Souscription en cours;Coordonnées personnelles;979.50
4098;09/05/2026 09:36:23;;Souscription en cours;Coordonnées personnelles;370.50
4099;09/05/2026 09:33:25;;Dossier refusé;Parcours terminé;158.03
4100;09/05/2026 09:33:25;;Dossier refusé;Parcours terminé;722.69
4101;09/05/2026 09:28:07;;Souscription en cours;Coordonnées personnelles;258.14
4102;09/05/2026 09:28:07;;Souscription en cours;Coordonnées personnelles;184.52
4103;09/05/2026 09:26:09;;Souscription en cours;Coordonnées personnelles;205.06
4104;09/05/2026 09:26:09;;Souscription en cours;Coordonnées personnelles;286.19
4105;09/05/2026 09:11:18;;Dossier validé;Parcours terminé;285.37
4106;09/05/2026 09:11:18;;Dossier validé;Parcours terminé;177.42
4107;09/05/2026 08:44:41;;Souscription en cours;Coordonnées personnelles;500.38
4108;09/05/2026 08:44:41;;Souscription en cours;Coordonnées personnelles;660.59
4109;09/05/2026 08:24:37;;Souscription en cours;Coordonnées personnelles;570.95
4110;09/05/2026 08:24:37;;Souscription en cours;Coordonnées personnelles;982.53
4111;09/05/2026 08:16:08;;Dossier validé;Parcours terminé;996.27
4112;09/05/2026 08:16:08;;Dossier validé;Parcours terminé;597.55
4113;09/05/2026 08:12:47;;Souscription en cours;Signature Contrat;893.59
4114;09/05/2026 08:12:47;;Souscription en cours;Signature Contrat;358.23
4115;09/05/2026 07:57:57;;Dossier validé;Parcours terminé;483.34
4116;09/05/2026 07:57:57;;Dossier validé;Parcours terminé;548.89
4117;09/05/2026 07:41:14;;Dossier validé;Parcours terminé;141.56
4118;09/05/2026 07:41:14;;Dossier validé;Parcours terminé;277.98
4119;09/05/2026 03:17:48;;Souscription en cours;Vérification d'identité;618.62
4120;09/05/2026 03:17:48;;Souscription en cours;Vérification d'identité;975.86
4121;09/05/2026 02:36:18;;Dossier validé;Parcours terminé;572.13
4122;09/05/2026 02:36:18;;Dossier validé;Parcours terminé;264.45
4123;09/05/2026 02:27:22;;Souscription en cours;Vérification d'identité;837.97
4124;09/05/2026 02:27:22;;Souscription en cours;Vérification d'identité;477.38
4125;09/05/2026 02:05:59;;Souscription en cours;Choix de l'offre et livraison;409.70
4126;09/05/2026 02:05:59;;Souscription en cours;Choix de l'offre et livraison;187.32
4127;09/05/2026 01:08:20;;Souscription en cours;Choix de l'offre et livraison;742.51
4128;09/05/2026 01:08:20;;Souscription en cours;Choix de l'offre et livraison;580.46
4129;09/05/2026 00:52:01;;Souscription en cours;Informations complémentaires (Etablissements, etc.);793.53
4130;09/05/2026 00:52:01;;Souscription en cours;Informations complémentaires (Etablissements, etc.);575.63
4131;09/05/2026 00:47:16;;Souscription en cours;Coordonnées personnelles;895.90
4132;09/05/2026 00:47:16;;Souscription en cours;Coordonnées personnelles;272.70
4133;09/05/2026 00:19:44;;Dossier validé;Parcours terminé;976.74
4134;09/05/2026 00:19:44;;Dossier validé;Parcours terminé;647.56
4135;08/05/2026 22:46:10;;Dossier validé;Parcours terminé;478.58
4136;08/05/2026 22:46:10;;Dossier validé;Parcours terminé;457.48
4137;08/05/2026 22:41:57;;Souscription en cours;Informations complémentaires (CA, Profession, etc.);187.40
4138;08/05/2026 22:41:57;;Souscription en cours;Informations complémentaires (CA, Profession, etc.);850.66
4139;08/05/2026 22:19:04;;Dossier validé;Parcours terminé;651.18
4140;08/05/2026 22:19:04;;Dossier validé;Parcours terminé;247.50
4141;08/05/2026 21:53:41;;En attente d'analyse Agent - Dossier avec erreurs;Signature Contrat;824.54
4142;08/05/2026 21:53:41;;En attente d'analyse Agent - Dossier avec erreurs;Signature Contrat;699.50
4143;08/05/2026 21:36:36;;En attente d'analyse Agent - Dossier avec erreurs;Signature Contrat;149.02
4144;08/05/2026 21:36:36;;En attente d'analyse Agent - Dossier avec erreurs;Signature Contrat;590.36
4145;08/05/2026 21:32:58;;Souscription en cours;Vérification d'identité;995.39
4146;08/05/2026 21:32:58;;Souscription en cours;Vérification d'identité;646.90
4147;08/05/2026 21:27:56;;Dossier validé;Parcours terminé;348.01
4148;08/05/2026 21:27:56;;Dossier validé;Parcours terminé;561.57
4149;08/05/2026 21:17:54;;Souscription en cours;Synchronisation référentiel personne NOVA;455.31
4150;08/05/2026 21:17:54;;Souscription en cours;Synchronisation référentiel personne NOVA;280.06
4151;08/05/2026 21:06:17;;Dossier validé;Parcours terminé;123.64
4152;08/05/2026 21:06:17;;Dossier validé;Parcours terminé;386.26
4153;08/05/2026 21:04:32;;Souscription en cours;Coordonnées personnelles;799.93
4154;08/05/2026 21:04:32;;Souscription en cours;Coordonnées personnelles;737.10
4155;08/05/2026 20:38:01;;Dossier refusé;Saisie société;765.62
4156;08/05/2026 20:38:01;;Dossier refusé;Saisie société;839.53
4157;08/05/2026 20:36:50;;Dossier validé;Parcours terminé;116.18
4158;08/05/2026 20:36:50;;Dossier validé;Parcours terminé;640.32
4159;08/05/2026 20:13:51;;Dossier validé;Parcours terminé;217.49
4160;08/05/2026 20:13:51;;Dossier validé;Parcours terminé;536.85
4161;08/05/2026 20:00:17;;Souscription en cours;Signature Contrat;101.46
4162;08/05/2026 20:00:17;;Souscription en cours;Signature Contrat;853.36
4163;08/05/2026 20:00:09;;Souscription en cours;Signature Contrat;116.41
4164;08/05/2026 20:00:09;;Souscription en cours;Signature Contrat;691.89
4165;08/05/2026 19:55:20;;En attente d'analyse Agent - Dossier avec erreurs;Signature Contrat;890.89
4166;08/05/2026 19:55:20;;En attente d'analyse Agent - Dossier avec erreurs;Signature Contrat;679.60
4167;08/05/2026 19:43:29;;Dossier validé;Parcours terminé;157.07
4168;08/05/2026 19:43:29;;Dossier validé;Parcours terminé;115.67
4169;08/05/2026 19:00:42;;Dossier refusé;Saisie société;524.53
4170;08/05/2026 19:00:42;;Dossier refusé;Saisie société;588.81
4171;08/05/2026 18:54:01;;Dossier validé;Parcours terminé;918.53
4172;08/05/2026 18:54:01;;Dossier validé;Parcours terminé;403.06
4173;08/05/2026 18:52:46;;Dossier validé;Parcours terminé;650.51
4174;08/05/2026 18:52:46;;Dossier validé;Parcours terminé;323.40
4175;08/05/2026 18:47:35;;Souscription en cours;Coordonnées personnelles;644.77
4176;08/05/2026 18:47:35;;Souscription en cours;Coordonnées personnelles;312.92
4177;08/05/2026 18:47:30;;Dossier validé;Parcours terminé;186.96
4178;08/05/2026 18:47:30;;Dossier validé;Parcours terminé;645.44
4179;08/05/2026 18:46:31;Manon LEFEBVRE;Dossier refusé;Saisie société;846.26
4180;08/05/2026 18:46:31;Manon LEFEBVRE;Dossier refusé;Saisie société;708.72
4181;08/05/2026 18:45:47;;Souscription en cours;Synchronisation référentiel personne NOVA;718.42
4182;08/05/2026 18:45:47;;Souscription en cours;Synchronisation référentiel personne NOVA;671.76
4183;08/05/2026 18:38:55;;Dossier validé;Parcours terminé;334.87
4184;08/05/2026 18:38:55;;Dossier validé;Parcours terminé;533.33
4185;08/05/2026 18:38:54;;Dossier validé;Parcours terminé;456.84
4186;08/05/2026 18:38:54;;Dossier validé;Parcours terminé;149.22
4187;08/05/2026 18:30:18;;Dossier validé;Parcours terminé;833.62
4188;08/05/2026 18:30:18;;Dossier validé;Parcours terminé;943.53
4189;08/05/2026 18:23:23;;Dossier validé;Parcours terminé;866.82
4190;08/05/2026 18:23:23;;Dossier validé;Parcours terminé;528.33
4191;08/05/2026 18:14:03;;Souscription en cours;Coordonnées personnelles;296.62
4192;08/05/2026 18:14:03;;Souscription en cours;Coordonnées personnelles;530.44
4193;08/05/2026 18:05:12;;Souscription en cours;Coordonnées personnelles;994.80
4194;08/05/2026 18:05:12;;Souscription en cours;Coordonnées personnelles;820.11
4195;08/05/2026 18:01:48;;Souscription en cours;Coordonnées personnelles;870.39
4196;08/05/2026 18:01:48;;Souscription en cours;Coordonnées personnelles;482.00
4197;08/05/2026 17:57:29;;Dossier validé;Parcours terminé;379.34
4198;08/05/2026 17:57:29;;Dossier validé;Parcours terminé;129.03
4199;08/05/2026 17:50:17;;Dossier validé;Parcours terminé;278.04
4200;08/05/2026 17:50:17;;Dossier validé;Parcours terminé;528.56
4201;08/05/2026 17:46:14;;Dossier validé;Parcours terminé;417.96
4202;08/05/2026 17:46:14;;Dossier validé;Parcours terminé;825.06
4203;08/05/2026 17:42:07;;Souscription non démarrée;Parcours non démarré;359.97
4204;08/05/2026 17:42:07;;Souscription non démarrée;Parcours non démarré;362.95
4205;08/05/2026 17:31:31;;Souscription en cours;Vérification d'identité;785.25
4206;08/05/2026 17:31:31;;Souscription en cours;Vérification d'identité;740.11
4207;08/05/2026 17:20:22;;Souscription en cours;Informations complémentaires (Etablissements, etc.);968.69
4208;08/05/2026 17:20:22;;Souscription en cours;Informations complémentaires (Etablissements, etc.);914.43
4209;08/05/2026 16:58:03;;Dossier validé;Parcours terminé;507.72
4210;08/05/2026 16:58:03;;Dossier validé;Parcours terminé;367.95
4211;08/05/2026 16:43:46;;Souscription non démarrée;Parcours non démarré;438.97
4212;08/05/2026 16:43:46;;Souscription non démarrée;Parcours non démarré;278.69
4213;08/05/2026 16:34:48;;Dossier validé;Parcours terminé;999.27
4214;08/05/2026 16:34:48;;Dossier validé;Parcours terminé;466.39
4215;08/05/2026 16:34:27;;Dossier refusé;Signature Contrat;873.00
4216;08/05/2026 16:34:27;;Dossier refusé;Signature Contrat;483.56
4217;08/05/2026 16:21:57;;Dossier refusé;Saisie société;755.27
4218;08/05/2026 16:21:57;;Dossier refusé;Saisie société;302.20
4219;08/05/2026 16:20:48;;Dossier validé;Parcours terminé;797.29
4220;08/05/2026 16:20:48;;Dossier validé;Parcours terminé;882.63
4221;08/05/2026 16:14:40;;Souscription en cours;Choix de l'offre et livraison;361.55
4222;08/05/2026 16:14:40;;Souscription en cours;Choix de l'offre et livraison;630.56
4223;08/05/2026 16:12:53;;Souscription en cours;Vérification d'identité;274.67
4224;08/05/2026 16:12:53;;Souscription en cours;Vérification d'identité;946.99
4225;08/05/2026 16:04:11;;Souscription en cours;Informations complémentaires (Etablissements, etc.);344.52
4226;08/05/2026 16:04:11;;Souscription en cours;Informations complémentaires (Etablissements, etc.);618.45
4227;08/05/2026 15:56:29;;Dossier refusé;Saisie société;813.24
4228;08/05/2026 15:56:29;;Dossier refusé;Saisie société;148.56
4229;08/05/2026 15:56:26;;Dossier validé;Parcours terminé;621.82
4230;08/05/2026 15:56:26;;Dossier validé;Parcours terminé;177.09
4231;08/05/2026 15:53:27;;Dossier validé;Parcours terminé;423.40
4232;08/05/2026 15:53:27;;Dossier validé;Parcours terminé;131.51
4233;08/05/2026 15:38:52;;Souscription en cours;Coordonnées personnelles;538.79
4234;08/05/2026 15:38:52;;Souscription en cours;Coordonnées personnelles;924.46
4235;08/05/2026 15:37:51;;Dossier validé;Parcours terminé;569.33
4236;08/05/2026 15:37:51;;Dossier validé;Parcours terminé;168.55
4237;08/05/2026 15:26:29;;Dossier validé;Parcours terminé;589.46
4238;08/05/2026 15:26:29;;Dossier validé;Parcours terminé;492.24
4239;08/05/2026 15:25:42;Adam MARTIN;Dossier validé;Parcours terminé;785.32
4240;08/05/2026 15:25:42;Adam MARTIN;Dossier validé;Parcours terminé;863.11
4241;08/05/2026 15:22:04;;Souscription en cours;Vérification d'identité;976.03
4242;08/05/2026 15:22:04;;Souscription en cours;Vérification d'identité;441.48
4243;08/05/2026 15:17:06;;Dossier validé;Parcours terminé;568.85
4244;08/05/2026 15:17:06;;Dossier validé;Parcours terminé;334.15
4245;08/05/2026 15:11:52;;Dossier validé;Parcours terminé;824.05
4246;08/05/2026 15:11:52;;Dossier validé;Parcours terminé;617.68
4247;08/05/2026 15:08:21;;Dossier validé;Parcours terminé;694.23
4248;08/05/2026 15:08:21;;Dossier validé;Parcours terminé;941.90
4249;08/05/2026 14:55:45;;Dossier validé;Parcours terminé;805.42
4250;08/05/2026 14:55:45;;Dossier validé;Parcours terminé;256.93
4251;08/05/2026 14:55:32;;Dossier validé;Parcours terminé;590.15
4252;08/05/2026 14:55:32;;Dossier validé;Parcours terminé;935.37
4253;08/05/2026 14:43:18;Hugo MARTIN;Dossier validé;Parcours terminé;466.33
4254;08/05/2026 14:43:18;Hugo MARTIN;Dossier validé;Parcours terminé;331.70
4255;08/05/2026 14:42:57;;Dossier validé;Parcours terminé;682.98
4256;08/05/2026 14:42:57;;Dossier validé;Parcours terminé;498.92
4257;08/05/2026 14:37:17;;Souscription non démarrée;Parcours non démarré;932.97
4258;08/05/2026 14:37:17;;Souscription non démarrée;Parcours non démarré;763.86
4259;08/05/2026 14:23:54;;Dossier validé;Parcours terminé;916.31
4260;08/05/2026 14:23:54;;Dossier validé;Parcours terminé;328.16
4261;08/05/2026 14:22:30;;Souscription en cours;Coordonnées personnelles;720.11
4262;08/05/2026 14:22:30;;Souscription en cours;Coordonnées personnelles;652.85
4263;08/05/2026 14:22:15;;Souscription en cours;Coordonnées personnelles;324.85
4264;08/05/2026 14:22:15;;Souscription en cours;Coordonnées personnelles;472.60
4265;08/05/2026 14:21:41;;Dossier validé;Parcours terminé;901.74
4266;08/05/2026 14:21:41;;Dossier validé;Parcours terminé;865.43
4267;08/05/2026 14:17:26;Hugo MARTIN;Dossier validé;Parcours terminé;411.75
4268;08/05/2026 14:17:26;Hugo MARTIN;Dossier validé;Parcours terminé;237.43
4269;08/05/2026 14:08:47;;Dossier refusé;Saisie société;551.78
4270;08/05/2026 14:08:47;;Dossier refusé;Saisie société;276.22
4271;08/05/2026 13:59:30;;Souscription en cours;Signature Contrat;877.31
4272;08/05/2026 13:59:30;;Souscription en cours;Signature Contrat;208.29
4273;08/05/2026 13:57:07;;Souscription en cours;Informations complémentaires (Etablissements, etc.);640.60
4274;08/05/2026 13:57:07;;Souscription en cours;Informations complémentaires (Etablissements, etc.);776.02
4275;08/05/2026 13:44:27;;Dossier validé;Parcours terminé;611.63
4276;08/05/2026 13:44:27;;Dossier validé;Parcours terminé;882.98
4277;08/05/2026 13:30:53;;Souscription en cours;Choix de l'offre et livraison;723.31
4278;08/05/2026 13:30:53;;Souscription en cours;Choix de l'offre et livraison;697.16
4279;08/05/2026 13:24:50;;Souscription en cours;Choix de l'offre et livraison;907.04
4280;08/05/2026 13:24:50;;Souscription en cours;Choix de l'offre et livraison;147.75
4281;08/05/2026 13:18:53;;Dossier validé;Parcours terminé;991.01
4282;08/05/2026 13:18:53;;Dossier validé;Parcours terminé;513.19
4283;08/05/2026 13:10:38;Inès MICHEL;Dossier validé;Parcours terminé;771.69
4284;08/05/2026 13:10:38;Inès MICHEL;Dossier validé;Parcours terminé;530.41
4285;08/05/2026 13:08:38;;Dossier validé;Parcours terminé;425.72
4286;08/05/2026 13:08:38;;Dossier validé;Parcours terminé;139.96
4287;08/05/2026 13:01:47;;Souscription en cours;Coordonnées personnelles;639.16
4288;08/05/2026 13:01:47;;Souscription en cours;Coordonnées personnelles;983.24
4289;08/05/2026 12:58:07;;Souscription en cours;Signature Contrat;866.04
4290;08/05/2026 12:58:07;;Souscription en cours;Signature Contrat;215.64
4291;08/05/2026 12:50:41;;Souscription en cours;Choix de l'offre et livraison;963.18
4292;08/05/2026 12:50:41;;Souscription en cours;Choix de l'offre et livraison;225.94
4293;08/05/2026 12:46:59;;Dossier refusé;Saisie société;770.54
4294;08/05/2026 12:46:59;;Dossier refusé;Saisie société;495.53
4295;08/05/2026 12:40:40;;Dossier validé;Parcours terminé;539.51
4296;08/05/2026 12:40:40;;Dossier validé;Parcours terminé;130.34
4297;08/05/2026 12:40:38;;Souscription en cours;Vérification d'identité;618.01
4298;08/05/2026 12:40:38;;Souscription en cours;Vérification d'identité;586.95
4299;08/05/2026 12:00:03;;Dossier validé;Parcours terminé;143.07
4300;08/05/2026 12:00:03;;Dossier validé;Parcours terminé;411.57
4301;08/05/2026 11:56:51;;Souscription en cours;Informations complémentaires (CA, Profession, etc.);984.98
4302;08/05/2026 11:56:51;;Souscription en cours;Informations complémentaires (CA, Profession, etc.);656.68
4303;08/05/2026 11:51:50;Z5735392;Dossier validé;Parcours terminé;586.00
4304;08/05/2026 11:51:50;Z5735392;Dossier validé;Parcours terminé;726.51
4305;08/05/2026 11:47:45;;Dossier validé;Parcours terminé;649.71
4306;08/05/2026 11:47:45;;Dossier validé;Parcours terminé;526.39
4307;08/05/2026 11:41:18;;Dossier refusé;Saisie société;482.28
4308;08/05/2026 11:41:18;;Dossier refusé;Saisie société;986.32
4309;08/05/2026 11:33:33;;Dossier validé;Parcours terminé;323.65
4310;08/05/2026 11:33:33;;Dossier validé;Parcours terminé;656.10
4311;08/05/2026 11:29:43;;En attente d'analyse Agent - Dossier avec erreurs;Signature Contrat;531.33
4312;08/05/2026 11:29:43;;En attente d'analyse Agent - Dossier avec erreurs;Signature Contrat;428.46
4313;08/05/2026 11:24:52;;Dossier validé;Parcours terminé;566.92
4314;08/05/2026 11:24:52;;Dossier validé;Parcours terminé;835.00
4315;08/05/2026 11:21:26;;Souscription en cours;Coordonnées personnelles;550.14
4316;08/05/2026 11:21:26;;Souscription en cours;Coordonnées personnelles;638.28
4317;08/05/2026 11:20:51;;Souscription en cours;Choix de l'offre et livraison;735.70
4318;08/05/2026 11:20:51;;Souscription en cours;Choix de l'offre et livraison;645.74
4319;08/05/2026 11:04:45;;Souscription en cours;Signature Contrat;876.11
4320;08/05/2026 11:04:45;;Souscription en cours;Signature Contrat;978.22
4321;08/05/2026 11:04:31;Hugo MARTIN;Dossier validé;Parcours terminé;781.93
4322;08/05/2026 11:04:31;Hugo MARTIN;Dossier validé;Parcours terminé;392.11
4323;08/05/2026 11:03:51;;Dossier validé;Parcours terminé;261.78
4324;08/05/2026 11:03:51;;Dossier validé;Parcours terminé;807.22
4325;08/05/2026 11:00:23;;Souscription en cours;Choix de l'offre et livraison;399.55
4326;08/05/2026 11:00:23;;Souscription en cours;Choix de l'offre et livraison;745.12
4327;08/05/2026 10:31:38;;Dossier refusé;Saisie société;230.91
4328;08/05/2026 10:31:38;;Dossier refusé;Saisie société;661.14
4329;08/05/2026 10:23:13;;En attente d'analyse Agent - Dossier avec erreurs;Signature Contrat;985.66
4330;08/05/2026 10:23:13;;En attente d'analyse Agent - Dossier avec erreurs;Signature Contrat;161.59
4331;08/05/2026 10:19:35;;Souscription en cours;Informations complémentaires (CA, Profession, etc.);384.66
4332;08/05/2026 10:19:35;;Souscription en cours;Informations complémentaires (CA, Profession, etc.);539.98
4333;08/05/2026 10:05:49;;Souscription en cours;Coordonnées personnelles;382.27
4334;08/05/2026 10:05:49;;Souscription en cours;Coordonnées personnelles;886.12
4335;08/05/2026 10:02:15;;Souscription en cours;Coordonnées personnelles;737.64
4336;08/05/2026 10:02:15;;Souscription en cours;Coordonnées personnelles;459.81
4337;08/05/2026 10:00:27;;Dossier validé;Parcours terminé;201.90
4338;08/05/2026 10:00:27;;Dossier validé;Parcours terminé;538.40
4339;08/05/2026 09:58:53;;Dossier validé;Parcours terminé;313.97
4340;08/05/2026 09:58:53;;Dossier validé;Parcours terminé;403.72
4341;08/05/2026 09:51:04;;Dossier refusé;Choix de l'offre et livraison;605.22
4342;08/05/2026 09:51:04;;Dossier refusé;Choix de l'offre et livraison;713.88
4343;08/05/2026 09:42:05;;Dossier validé;Parcours terminé;932.67
4344;08/05/2026 09:42:05;;Dossier validé;Parcours terminé;268.92
4345;08/05/2026 08:25:37;;En attente d'analyse Agent - Dossier avec erreurs;Signature Contrat;747.42
4346;08/05/2026 08:25:37;;En attente d'analyse Agent - Dossier avec erreurs;Signature Contrat;732.72
4347;08/05/2026 08:22:08;;Dossier validé;Parcours terminé;473.78
4348;08/05/2026 08:22:08;;Dossier validé;Parcours terminé;668.16
4349;08/05/2026 08:20:44;;Dossier refusé;Saisie société;920.53
4350;08/05/2026 08:20:44;;Dossier refusé;Saisie société;674.20
4351;08/05/2026 08:18:58;Adam LAURENT;Dossier validé;Parcours terminé;966.79
4352;08/05/2026 08:18:58;Adam LAURENT;Dossier validé;Parcours terminé;618.22
4353;08/05/2026 08:02:00;;Dossier validé;Parcours terminé;999.69
4354;08/05/2026 08:02:00;;Dossier validé;Parcours terminé;725.43
4355;08/05/2026 07:54:06;;En attente d'analyse Agent - Dossier avec erreurs;Signature Contrat;399.24
4356;08/05/2026 07:54:06;;En attente d'analyse Agent - Dossier avec erreurs;Signature Contrat;938.25
4357;08/05/2026 07:14:58;;En attente d'analyse Agent - Dossier avec erreurs;Signature Contrat;675.66
4358;08/05/2026 07:14:58;;En attente d'analyse Agent - Dossier avec erreurs;Signature Contrat;535.67
4359;08/05/2026 07:03:39;;Dossier validé;Parcours terminé;424.29
4360;08/05/2026 07:03:39;;Dossier validé;Parcours terminé;845.19
4361;08/05/2026 06:56:35;;Dossier refusé;Saisie société;222.13
4362;08/05/2026 06:56:35;;Dossier refusé;Saisie société;418.63
4363;08/05/2026 06:27:08;;Souscription non démarrée;Parcours non démarré;653.79
4364;08/05/2026 06:27:08;;Souscription non démarrée;Parcours non démarré;402.22
4365;08/05/2026 04:58:15;;Dossier validé;Parcours terminé;578.10
4366;08/05/2026 04:58:15;;Dossier validé;Parcours terminé;890.77
4367;08/05/2026 02:36:32;;En attente d'analyse Agent - Dossier avec erreurs;Signature Contrat;246.63
4368;08/05/2026 02:36:32;;En attente d'analyse Agent - Dossier avec erreurs;Signature Contrat;315.88
4369;08/05/2026 01:16:16;;Dossier validé;Parcours terminé;697.56
4370;08/05/2026 01:16:16;;Dossier validé;Parcours terminé;424.00
4371;08/05/2026 00:52:04;;Dossier validé;Parcours terminé;906.33
4372;08/05/2026 00:52:04;;Dossier validé;Parcours terminé;650.40
4373;08/05/2026 00:20:15;;Souscription en cours;Coordonnées personnelles;416.22
4374;08/05/2026 00:20:15;;Souscription en cours;Coordonnées personnelles;358.13
4375;08/05/2026 00:03:47;;Souscription en cours;Coordonnées personnelles;389.45
4376;08/05/2026 00:03:47;;Souscription en cours;Coordonnées personnelles;638.27
4377;07/05/2026 23:59:58;;Dossier refusé;Saisie société;375.03
4378;07/05/2026 23:59:58;;Dossier refusé;Saisie société;264.63
4379;07/05/2026 23:27:51;;Dossier validé;Parcours terminé;996.41
4380;07/05/2026 23:27:51;;Dossier validé;Parcours terminé;908.45
4381;07/05/2026 22:59:45;;Dossier validé;Parcours terminé;875.65
4382;07/05/2026 22:59:45;;Dossier validé;Parcours terminé;192.90
4383;07/05/2026 22:54:24;;Dossier validé;Parcours terminé;429.79
4384;07/05/2026 22:54:24;;Dossier validé;Parcours terminé;841.61
4385;07/05/2026 22:53:21;Manon LEFEBVRE;Dossier refusé;Saisie société;895.86
4386;07/05/2026 22:53:21;Manon LEFEBVRE;Dossier refusé;Saisie société;599.29
4387;07/05/2026 22:28:10;;Souscription en cours;Coordonnées personnelles;925.74
4388;07/05/2026 22:28:10;;Souscription en cours;Coordonnées personnelles;125.90
4389;07/05/2026 22:20:27;;Souscription en cours;Choix de l'offre et livraison;128.97
4390;07/05/2026 22:20:27;;Souscription en cours;Choix de l'offre et livraison;299.06
4391;07/05/2026 22:08:36;;Souscription en cours;Coordonnées personnelles;738.22
4392;07/05/2026 22:08:36;;Souscription en cours;Coordonnées personnelles;949.12
4393;07/05/2026 22:04:21;;Dossier refusé;Saisie société;195.21
4394;07/05/2026 22:04:21;;Dossier refusé;Saisie société;701.15
4395;07/05/2026 21:46:29;;Dossier validé;Parcours terminé;126.13
4396;07/05/2026 21:46:29;;Dossier validé;Parcours terminé;637.98
4397;07/05/2026 21:44:21;;Souscription en cours;Coordonnées personnelles;498.42
4398;07/05/2026 21:44:21;;Souscription en cours;Coordonnées personnelles;198.77
4399;07/05/2026 21:40:32;;En attente d'analyse Agent - Dossier avec erreurs;Signature Contrat;851.78
4400;07/05/2026 21:40:32;;En attente d'analyse Agent - Dossier avec erreurs;Signature Contrat;634.21
4401;07/05/2026 21:33:50;;Dossier validé;Parcours terminé;139.23
4402;07/05/2026 21:33:50;;Dossier validé;Parcours terminé;903.34
4403;07/05/2026 21:28:37;;En attente d'analyse Agent - Dossier avec erreurs;Signature Contrat;676.22
4404;07/05/2026 21:28:37;;En attente d'analyse Agent - Dossier avec erreurs;Signature Contrat;405.80
4405;07/05/2026 21:24:12;;Dossier refusé;Choix de l'offre et livraison;140.86
4406;07/05/2026 21:24:12;;Dossier refusé;Choix de l'offre et livraison;163.98
4407;07/05/2026 21:09:40;;Souscription en cours;Signature Contrat;460.51
4408;07/05/2026 21:09:40;;Souscription en cours;Signature Contrat;555.14
4409;07/05/2026 20:54:26;;Dossier validé;Parcours terminé;541.99
4410;07/05/2026 20:54:26;;Dossier validé;Parcours terminé;610.86
4411;07/05/2026 20:48:41;;Souscription non démarrée;Parcours non démarré;979.29
4412;07/05/2026 20:48:41;;Souscription non démarrée;Parcours non démarré;865.81
4413;07/05/2026 20:37:27;;Dossier refusé;Saisie société;307.87
4414;07/05/2026 20:37:27;;Dossier refusé;Saisie société;298.90
4415;07/05/2026 20:33:37;;Dossier validé;Parcours terminé;644.56
4416;07/05/2026 20:33:37;;Dossier validé;Parcours terminé;498.70
4417;07/05/2026 20:23:02;;Dossier refusé;Synchronisation référentiel personne NOVA;487.65
4418;07/05/2026 20:23:02;;Dossier refusé;Synchronisation référentiel personne NOVA;760.14
4419;07/05/2026 20:03:20;;Dossier refusé;Saisie société;363.50
4420;07/05/2026 20:03:20;;Dossier refusé;Saisie société;414.64
4421;07/05/2026 19:42:00;;Dossier validé;Parcours terminé;347.70
4422;07/05/2026 19:42:00;;Dossier validé;Parcours terminé;177.34
4423;07/05/2026 19:35:17;;Souscription en cours;Coordonnées personnelles;316.08
4424;07/05/2026 19:35:17;;Souscription en cours;Coordonnées personnelles;703.06
4425;07/05/2026 19:12:00;;Dossier validé;Parcours terminé;963.67
4426;07/05/2026 19:12:00;;Dossier validé;Parcours terminé;176.12
4427;07/05/2026 18:46:59;;Souscription en cours;Signature Contrat;523.47
4428;07/05/2026 18:46:59;;Souscription en cours;Signature Contrat;290.98
4429;07/05/2026 18:43:01;;Souscription non démarrée;Parcours non démarré;458.07
4430;07/05/2026 18:43:01;;Souscription non démarrée;Parcours non démarré;810.33
4431;07/05/2026 18:24:05;;Souscription en cours;Coordonnées personnelles;590.34
4432;07/05/2026 18:24:05;;Souscription en cours;Coordonnées personnelles;203.41
4433;07/05/2026 18:18:42;;Dossier refusé;Signature Contrat;846.35
4434;07/05/2026 18:18:42;;Dossier refusé;Signature Contrat;927.47
4435;07/05/2026 18:14:04;;Souscription en cours;Coordonnées personnelles;120.99
4436;07/05/2026 18:14:04;;Souscription en cours;Coordonnées personnelles;932.44
4437;07/05/2026 17:42:20;;Dossier validé;Parcours terminé;847.91
4438;07/05/2026 17:42:20;;Dossier validé;Parcours terminé;334.07
4439;07/05/2026 17:37:45;;Souscription non démarrée;Parcours non démarré;705.62
4440;07/05/2026 17:37:45;;Souscription non démarrée;Parcours non démarré;927.55
4441;07/05/2026 17:14:31;;Souscription en cours;Choix de l'offre et livraison;286.98
4442;07/05/2026 17:14:31;;Souscription en cours;Choix de l'offre et livraison;280.42
4443;07/05/2026 17:12:01;;Dossier validé;Parcours terminé;967.04
4444;07/05/2026 17:12:01;;Dossier validé;Parcours terminé;594.20
4445;07/05/2026 17:11:52;;Souscription en cours;Coordonnées personnelles;587.31
4446;07/05/2026 17:11:52;;Souscription en cours;Coordonnées personnelles;198.74
4447;07/05/2026 17:08:25;;Dossier refusé;Signature Contrat;422.70
4448;07/05/2026 17:08:25;;Dossier refusé;Signature Contrat;563.74
4449;07/05/2026 17:08:17;;Souscription en cours;Informations complémentaires (Etablissements, etc.);356.44
4450;07/05/2026 17:08:17;;Souscription en cours;Informations complémentaires (Etablissements, etc.);316.74
4451;07/05/2026 17:01:14;;Souscription en cours;Choix de l'offre et livraison;197.51
4452;07/05/2026 17:01:14;;Souscription en cours;Choix de l'offre et livraison;704.10
4453;07/05/2026 16:59:58;;Dossier validé;Parcours terminé;821.51
4454;07/05/2026 16:59:58;;Dossier validé;Parcours terminé;166.56
4455;07/05/2026 16:45:56;Inès MICHEL;Dossier refusé;Coordonnées personnelles;303.85
4456;07/05/2026 16:45:56;Inès MICHEL;Dossier refusé;Coordonnées personnelles;258.01
4457;07/05/2026 16:40:48;;Souscription en cours;Synchronisation référentiel personne NOVA;516.75
4458;07/05/2026 16:40:48;;Souscription en cours;Synchronisation référentiel personne NOVA;869.32
4459;07/05/2026 16:37:34;;Dossier validé;Parcours terminé;861.41
4460;07/05/2026 16:37:34;;Dossier validé;Parcours terminé;328.70
4461;07/05/2026 16:30:03;;Dossier refusé;Choix de l'offre et livraison;375.09
4462;07/05/2026 16:30:03;;Dossier refusé;Choix de l'offre et livraison;750.60
4463;07/05/2026 16:18:12;;Dossier validé;Parcours terminé;529.22
4464;07/05/2026 16:18:12;;Dossier validé;Parcours terminé;603.40
4465;07/05/2026 16:16:51;;Souscription en cours;Coordonnées personnelles;898.36
4466;07/05/2026 16:16:51;;Souscription en cours;Coordonnées personnelles;592.75
4467;07/05/2026 16:11:53;;Souscription en cours;Signature Contrat;256.28
4468;07/05/2026 16:11:53;;Souscription en cours;Signature Contrat;779.62
4469;07/05/2026 16:06:29;;Souscription en cours;Coordonnées personnelles;836.22
4470;07/05/2026 16:06:29;;Souscription en cours;Coordonnées personnelles;255.26
4471;07/05/2026 16:02:08;;Souscription en cours;Signature Contrat;366.25
4472;07/05/2026 16:02:08;;Souscription en cours;Signature Contrat;268.97
4473;07/05/2026 16:01:45;;Dossier validé;Parcours terminé;459.37
4474;07/05/2026 16:01:45;;Dossier validé;Parcours terminé;171.86
4475;07/05/2026 15:53:46;;Souscription en cours;Choix de l'offre et livraison;898.05
4476;07/05/2026 15:53:46;;Souscription en cours;Choix de l'offre et livraison;433.34
4477;07/05/2026 15:49:00;;Souscription en cours;Signature Contrat;922.45
4478;07/05/2026 15:49:00;;Souscription en cours;Signature Contrat;623.62
4479;07/05/2026 15:48:35;;Dossier validé;Parcours terminé;128.33
4480;07/05/2026 15:48:35;;Dossier validé;Parcours terminé;259.48
4481;07/05/2026 15:46:59;;Souscription en cours;Choix de l'offre et livraison;396.83
4482;07/05/2026 15:46:59;;Souscription en cours;Choix de l'offre et livraison;713.24
4483;07/05/2026 15:40:37;;Souscription non démarrée;Parcours non démarré;342.98
4484;07/05/2026 15:40:37;;Souscription non démarrée;Parcours non démarré;127.27
4485;07/05/2026 15:36:10;;Dossier validé;Parcours terminé;775.46
4486;07/05/2026 15:36:10;;Dossier validé;Parcours terminé;955.35
4487;07/05/2026 15:32:39;;Souscription en cours;Coordonnées personnelles;626.08
4488;07/05/2026 15:32:39;;Souscription en cours;Coordonnées personnelles;520.10
4489;07/05/2026 15:30:45;;Souscription en cours;Coordonnées personnelles;334.57
4490;07/05/2026 15:30:45;;Souscription en cours;Coordonnées personnelles;890.35
4491;07/05/2026 15:29:11;;Dossier refusé;Saisie société;508.93
4492;07/05/2026 15:29:11;;Dossier refusé;Saisie société;837.24
4493;07/05/2026 15:27:26;;Dossier validé;Parcours terminé;732.24
4494;07/05/2026 15:27:26;;Dossier validé;Parcours terminé;120.79
4495;07/05/2026 15:23:07;;Dossier validé;Parcours terminé;691.33
4496;07/05/2026 15:23:07;;Dossier validé;Parcours terminé;107.09
4497;07/05/2026 15:17:12;;Souscription non démarrée;Parcours non démarré;586.26
4498;07/05/2026 15:17:12;;Souscription non démarrée;Parcours non démarré;537.90
4499;07/05/2026 15:16:43;;Dossier refusé;Signature Contrat;471.32
4500;07/05/2026 15:16:43;;Dossier refusé;Signature Contrat;797.51
4501;07/05/2026 15:15:25;;Dossier validé;Parcours terminé;422.54
4502;07/05/2026 15:15:25;;Dossier validé;Parcours terminé;473.25
4503;07/05/2026 15:14:24;;Souscription non démarrée;Parcours non démarré;509.79
4504;07/05/2026 15:14:24;;Souscription non démarrée;Parcours non démarré;848.55
4505;07/05/2026 15:12:25;;Dossier validé;Parcours terminé;832.05
4506;07/05/2026 15:12:25;;Dossier validé;Parcours terminé;990.82
4507;07/05/2026 15:09:40;;Souscription en cours;Choix de l'offre et livraison;133.76
4508;07/05/2026 15:09:40;;Souscription en cours;Choix de l'offre et livraison;911.09
4509;07/05/2026 15:07:30;;Souscription en cours;Choix de l'offre et livraison;768.78
4510;07/05/2026 15:07:30;;Souscription en cours;Choix de l'offre et livraison;847.31
4511;07/05/2026 15:03:22;;Souscription en cours;Signature Contrat;172.40
4512;07/05/2026 15:03:22;;Souscription en cours;Signature Contrat;362.15
4513;07/05/2026 14:57:02;;Souscription non démarrée;Parcours non démarré;792.49
4514;07/05/2026 14:57:02;;Souscription non démarrée;Parcours non démarré;172.26
4515;07/05/2026 14:50:56;;Souscription en cours;Signature Contrat;131.13
4516;07/05/2026 14:50:56;;Souscription en cours;Signature Contrat;487.05
4517;07/05/2026 14:46:48;;Souscription en cours;Vérification d'identité;652.46
4518;07/05/2026 14:46:48;;Souscription en cours;Vérification d'identité;823.56
4519;07/05/2026 14:44:48;;Souscription en cours;Coordonnées personnelles;746.13
4520;07/05/2026 14:44:48;;Souscription en cours;Coordonnées personnelles;133.99
4521;07/05/2026 14:44:47;;Dossier validé;Parcours terminé;622.92
4522;07/05/2026 14:44:47;;Dossier validé;Parcours terminé;750.37
4523;07/05/2026 14:42:45;;Souscription en cours;Coordonnées personnelles;967.65
4524;07/05/2026 14:42:45;;Souscription en cours;Coordonnées personnelles;936.99
4525;07/05/2026 14:37:12;;Dossier validé;Parcours terminé;512.59
4526;07/05/2026 14:37:12;;Dossier validé;Parcours terminé;494.65
4527;07/05/2026 14:29:08;;Souscription non démarrée;Parcours non démarré;937.77
4528;07/05/2026 14:29:08;;Souscription non démarrée;Parcours non démarré;591.40
4529;07/05/2026 14:19:33;;Dossier validé;Parcours terminé;485.06
4530;07/05/2026 14:19:33;;Dossier validé;Parcours terminé;845.19
4531;07/05/2026 14:17:06;;Souscription non démarrée;Parcours non démarré;998.72
4532;07/05/2026 14:17:06;;Souscription non démarrée;Parcours non démarré;775.48
4533;07/05/2026 14:10:40;;Dossier validé;Parcours terminé;350.27
4534;07/05/2026 14:10:40;;Dossier validé;Parcours terminé;749.22
4535;07/05/2026 14:01:17;;Souscription en cours;Coordonnées personnelles;979.97
4536;07/05/2026 14:01:17;;Souscription en cours;Coordonnées personnelles;802.26
4537;07/05/2026 13:51:54;;Souscription en cours;Choix de l'offre et livraison;883.62
4538;07/05/2026 13:51:54;;Souscription en cours;Choix de l'offre et livraison;656.54
4539;07/05/2026 13:29:46;;Souscription en cours;Signature Contrat;667.41
4540;07/05/2026 13:29:46;;Souscription en cours;Signature Contrat;935.92
4541;07/05/2026 13:24:25;;Souscription en cours;Signature Contrat;297.02
4542;07/05/2026 13:24:25;;Souscription en cours;Signature Contrat;326.58
4543;07/05/2026 13:18:35;;Dossier validé;Parcours terminé;963.50
4544;07/05/2026 13:18:35;;Dossier validé;Parcours terminé;112.55
4545;07/05/2026 13:09:35;;Souscription en cours;Coordonnées personnelles;733.48
4546;07/05/2026 13:09:35;;Souscription en cours;Coordonnées personnelles;474.54
4547;07/05/2026 13:06:32;;Souscription en cours;Signature Contrat;961.16
4548;07/05/2026 13:06:32;;Souscription en cours;Signature Contrat;673.40
4549;07/05/2026 12:58:29;;Dossier validé;Parcours terminé;248.55
4550;07/05/2026 12:58:29;;Dossier validé;Parcours terminé;295.87
4551;07/05/2026 12:55:40;;Dossier validé;Parcours terminé;174.84
4552;07/05/2026 12:55:40;;Dossier validé;Parcours terminé;907.12
4553;07/05/2026 12:49:12;;Souscription en cours;Coordonnées personnelles;307.50
4554;07/05/2026 12:49:12;;Souscription en cours;Coordonnées personnelles;961.35
4555;07/05/2026 12:41:22;;Dossier refusé;Synchronisation référentiel personne NOVA;198.61
4556;07/05/2026 12:41:22;;Dossier refusé;Synchronisation référentiel personne NOVA;877.68
4557;07/05/2026 12:39:26;;Dossier validé;Parcours terminé;546.15
4558;07/05/2026 12:39:26;;Dossier validé;Parcours terminé;937.57
4559;07/05/2026 12:39:13;;Souscription non démarrée;Parcours non démarré;177.92
4560;07/05/2026 12:39:13;;Souscription non démarrée;Parcours non démarré;452.34
4561;07/05/2026 12:35:54;;Dossier refusé;Saisie société;936.74
4562;07/05/2026 12:35:54;;Dossier refusé;Saisie société;823.61
4563;07/05/2026 12:24:33;;Dossier validé;Parcours terminé;119.69
4564;07/05/2026 12:24:33;;Dossier validé;Parcours terminé;330.76
4565;07/05/2026 12:05:12;;Souscription non démarrée;Parcours non démarré;871.87
4566;07/05/2026 12:05:12;;Souscription non démarrée;Parcours non démarré;170.73
4567;07/05/2026 12:04:46;;Dossier validé;Parcours terminé;737.26
4568;07/05/2026 12:04:46;;Dossier validé;Parcours terminé;171.02
4569;07/05/2026 12:02:15;;Dossier validé;Parcours terminé;951.79
4570;07/05/2026 12:02:15;;Dossier validé;Parcours terminé;856.56
4571;07/05/2026 11:59:28;;Souscription en cours;Coordonnées personnelles;522.49
4572;07/05/2026 11:59:28;;Souscription en cours;Coordonnées personnelles;398.22
4573;07/05/2026 11:50:59;;Souscription en cours;Criblages BE(s);793.51
4574;07/05/2026 11:50:59;;Souscription en cours;Criblages BE(s);203.46
4575;07/05/2026 11:45:09;;Souscription en cours;Coordonnées personnelles;869.76
4576;07/05/2026 11:45:09;;Souscription en cours;Coordonnées personnelles;310.41
4577;07/05/2026 11:43:56;;Souscription en cours;Coordonnées personnelles;970.20
4578;07/05/2026 11:43:56;;Souscription en cours;Coordonnées personnelles;874.88
4579;07/05/2026 11:34:44;;Dossier validé;Parcours terminé;734.17
4580;07/05/2026 11:34:44;;Dossier validé;Parcours terminé;884.39
4581;07/05/2026 11:25:22;;Dossier validé;Parcours terminé;513.34
4582;07/05/2026 11:25:22;;Dossier validé;Parcours terminé;606.40
4583;07/05/2026 11:24:26;;Souscription en cours;Coordonnées personnelles;984.18
4584;07/05/2026 11:24:26;;Souscription en cours;Coordonnées personnelles;934.28
4585;07/05/2026 11:17:54;;Souscription en cours;Coordonnées personnelles;425.26
4586;07/05/2026 11:17:54;;Souscription en cours;Coordonnées personnelles;258.33
4587;07/05/2026 11:16:19;;Souscription en cours;Choix de l'offre et livraison;638.33
4588;07/05/2026 11:16:19;;Souscription en cours;Choix de l'offre et livraison;803.16
4589;07/05/2026 11:08:11;;Dossier validé;Parcours terminé;682.67
4590;07/05/2026 11:08:11;;Dossier validé;Parcours terminé;848.17
4591;07/05/2026 11:02:15;;Souscription en cours;Informations complémentaires (CA, Profession, etc.);462.16
4592;07/05/2026 11:02:15;;Souscription en cours;Informations complémentaires (CA, Profession, etc.);211.98
4593;07/05/2026 10:57:28;;Souscription en cours;Coordonnées personnelles;138.32
4594;07/05/2026 10:57:28;;Souscription en cours;Coordonnées personnelles;273.49
4595;07/05/2026 10:55:16;;Souscription en cours;Informations complémentaires (Etablissements, etc.);217.10
4596;07/05/2026 10:55:16;;Souscription en cours;Informations complémentaires (Etablissements, etc.);650.63
4597;07/05/2026 10:52:21;;Souscription en cours;Coordonnées personnelles;440.33
4598;07/05/2026 10:52:21;;Souscription en cours;Coordonnées personnelles;663.09
4599;07/05/2026 10:50:51;;Dossier refusé;Parcours terminé;255.88
4600;07/05/2026 10:50:51;;Dossier refusé;Parcours terminé;952.42
4601;07/05/2026 10:44:34;;Dossier validé;Parcours terminé;357.34
4602;07/05/2026 10:44:34;;Dossier validé;Parcours terminé;474.27
4603;07/05/2026 10:40:45;;Souscription en cours;Coordonnées personnelles;225.05
4604;07/05/2026 10:40:45;;Souscription en cours;Coordonnées personnelles;154.64
4605;07/05/2026 10:39:56;;Dossier refusé;Signature Contrat;462.21
4606;07/05/2026 10:39:56;;Dossier refusé;Signature Contrat;820.88
4607;07/05/2026 10:35:54;Hugo MARTIN;Dossier validé;Parcours terminé;146.27
4608;07/05/2026 10:35:54;Hugo MARTIN;Dossier validé;Parcours terminé;408.20
4609;07/05/2026 10:33:26;;Souscription en cours;Coordonnées personnelles;664.95
4610;07/05/2026 10:33:26;;Souscription en cours;Coordonnées personnelles;430.48
4611;07/05/2026 10:18:52;;Souscription en cours;Bénéficiaire effectifs;230.23
4612;07/05/2026 10:18:52;;Souscription en cours;Bénéficiaire effectifs;669.27
4613;07/05/2026 10:06:46;;Souscription en cours;Coordonnées personnelles;314.24
4614;07/05/2026 10:06:46;;Souscription en cours;Coordonnées personnelles;413.95
4615;07/05/2026 10:01:40;;Dossier validé;Parcours terminé;935.99
4616;07/05/2026 10:01:40;;Dossier validé;Parcours terminé;661.57
4617;07/05/2026 10:00:15;;Souscription en cours;Vérification d'identité;984.22
4618;07/05/2026 10:00:15;;Souscription en cours;Vérification d'identité;490.40
4619;07/05/2026 09:48:32;;Dossier validé;Parcours terminé;965.75
4620;07/05/2026 09:48:32;;Dossier validé;Parcours terminé;358.01
4621;07/05/2026 09:46:47;;Dossier validé;Parcours terminé;405.84
4622;07/05/2026 09:46:47;;Dossier validé;Parcours terminé;541.84
4623;07/05/2026 09:38:06;Hugo MARTIN;Dossier validé;Parcours terminé;696.31
4624;07/05/2026 09:38:06;Hugo MARTIN;Dossier validé;Parcours terminé;170.57
4625;07/05/2026 09:36:32;;Dossier refusé;Saisie société;151.13
4626;07/05/2026 09:36:32;;Dossier refusé;Saisie société;746.10
4627;07/05/2026 09:24:27;;Souscription en cours;Signature Contrat;770.34
4628;07/05/2026 09:24:27;;Souscription en cours;Signature Contrat;434.33
4629;07/05/2026 09:19:27;;Souscription en cours;Choix de l'offre et livraison;415.10
4630;07/05/2026 09:19:27;;Souscription en cours;Choix de l'offre et livraison;344.44
4631;07/05/2026 09:18:50;;Dossier validé;Parcours terminé;514.11
4632;07/05/2026 09:18:50;;Dossier validé;Parcours terminé;943.31
4633;07/05/2026 09:16:44;;En attente d'analyse Agent - Dossier avec erreurs;Signature Contrat;471.44
4634;07/05/2026 09:16:44;;En attente d'analyse Agent - Dossier avec erreurs;Signature Contrat;954.03
4635;07/05/2026 09:12:36;;Dossier refusé;Saisie société;472.17
4636;07/05/2026 09:12:36;;Dossier refusé;Saisie société;210.31
4637;07/05/2026 09:01:35;Zoé MULLER;Dossier validé;Parcours terminé;257.74
4638;07/05/2026 09:01:35;Zoé MULLER;Dossier validé;Parcours terminé;604.26
4639;07/05/2026 09:01:21;Hugo MARTIN;Dossier refusé;Saisie société;582.45
4640;07/05/2026 09:01:21;Hugo MARTIN;Dossier refusé;Saisie société;668.81
4641;07/05/2026 09:00:07;;Souscription en cours;Informations complémentaires (CA, Profession, etc.);999.99
4642;07/05/2026 09:00:07;;Souscription en cours;Informations complémentaires (CA, Profession, etc.);219.67
4643;07/05/2026 08:48:54;;Souscription en cours;Vérification d'identité;317.64
4644;07/05/2026 08:48:54;;Souscription en cours;Vérification d'identité;187.55
4645;07/05/2026 08:46:24;;Dossier validé;Parcours terminé;428.53
4646;07/05/2026 08:46:24;;Dossier validé;Parcours terminé;466.72
4647;07/05/2026 08:12:05;Z5681453;Dossier validé;Parcours terminé;211.04
4648;07/05/2026 08:12:05;Z5681453;Dossier validé;Parcours terminé;796.55
4649;07/05/2026 08:06:27;;En attente d'analyse Agent - Dossier avec erreurs;Signature Contrat;590.92
4650;07/05/2026 08:06:27;;En attente d'analyse Agent - Dossier avec erreurs;Signature Contrat;762.53
4651;07/05/2026 07:57:24;;Souscription en cours;Choix de l'offre et livraison;162.07
4652;07/05/2026 07:57:24;;Souscription en cours;Choix de l'offre et livraison;355.49
4653;07/05/2026 07:34:28;;Dossier validé;Parcours terminé;194.81
4654;07/05/2026 07:34:28;;Dossier validé;Parcours terminé;773.73
4655;07/05/2026 07:22:12;;Dossier validé;Parcours terminé;164.08
4656;07/05/2026 07:22:12;;Dossier validé;Parcours terminé;126.80
4657;07/05/2026 07:09:57;;Souscription en cours;Informations complémentaires (Etablissements, etc.);770.89
4658;07/05/2026 07:09:57;;Souscription en cours;Informations complémentaires (Etablissements, etc.);410.62
4659;07/05/2026 07:04:34;;Souscription en cours;Coordonnées personnelles;782.88
4660;07/05/2026 07:04:34;;Souscription en cours;Coordonnées personnelles;790.64
4661;07/05/2026 06:25:44;;En attente d'analyse Agent - Dossier avec erreurs;Signature Contrat;223.55
4662;07/05/2026 06:25:44;;En attente d'analyse Agent - Dossier avec erreurs;Signature Contrat;935.64
4663;07/05/2026 05:42:34;;Souscription en cours;Vérification d'identité;958.83
4664;07/05/2026 05:42:34;;Souscription en cours;Vérification d'identité;188.46
4665;07/05/2026 04:28:36;;Souscription en cours;Signature Contrat;610.44
4666;07/05/2026 04:28:36;;Souscription en cours;Signature Contrat;898.84
4667;07/05/2026 02:42:42;;Dossier validé;Parcours terminé;726.89
4668;07/05/2026 02:42:42;;Dossier validé;Parcours terminé;821.31
4669;07/05/2026 02:28:04;;Souscription en cours;Choix de l'offre et livraison;594.45
4670;07/05/2026 02:28:04;;Souscription en cours;Choix de l'offre et livraison;432.22
4671;07/05/2026 02:27:24;;Dossier validé;Parcours terminé;555.00
4672;07/05/2026 02:27:24;;Dossier validé;Parcours terminé;407.07
4673;07/05/2026 01:50:01;Z5681453;Dossier validé;Parcours terminé;431.41
4674;07/05/2026 01:50:01;Z5681453;Dossier validé;Parcours terminé;590.66
4675;06/05/2026 23:05:03;;Souscription non démarrée;Parcours non démarré;362.92
4676;06/05/2026 23:05:03;;Souscription non démarrée;Parcours non démarré;485.04
4677;06/05/2026 22:46:31;;Souscription en cours;Informations complémentaires (CA, Profession, etc.);776.00
4678;06/05/2026 22:46:31;;Souscription en cours;Informations complémentaires (CA, Profession, etc.);925.24
4679;06/05/2026 22:41:12;;Souscription en cours;Bénéficiaire effectifs;136.35
4680;06/05/2026 22:41:12;;Souscription en cours;Bénéficiaire effectifs;295.22
4681;06/05/2026 22:06:02;;Souscription en cours;Signature Contrat;507.13
4682;06/05/2026 22:06:02;;Souscription en cours;Signature Contrat;332.99
4683;06/05/2026 22:01:46;;En attente d'analyse Agent - Dossier avec erreurs;Signature Contrat;827.16
4684;06/05/2026 22:01:46;;En attente d'analyse Agent - Dossier avec erreurs;Signature Contrat;586.91
4685;06/05/2026 21:51:30;;En attente d'analyse Agent - Dossier avec erreurs;Signature Contrat;853.06
4686;06/05/2026 21:51:30;;En attente d'analyse Agent - Dossier avec erreurs;Signature Contrat;615.99
4687;06/05/2026 21:48:33;;Souscription en cours;Choix de l'offre et livraison;140.73
4688;06/05/2026 21:48:33;;Souscription en cours;Choix de l'offre et livraison;186.52
4689;06/05/2026 21:39:57;Hugo MARTIN;Dossier validé;Parcours terminé;807.12
4690;06/05/2026 21:39:57;Hugo MARTIN;Dossier validé;Parcours terminé;423.74
4691;06/05/2026 21:32:04;;Souscription en cours;Choix de l'offre et livraison;546.42
4692;06/05/2026 21:32:04;;Souscription en cours;Choix de l'offre et livraison;646.04
4693;06/05/2026 21:27:51;;Dossier validé;Parcours terminé;749.77
4694;06/05/2026 21:27:51;;Dossier validé;Parcours terminé;374.66
4695;06/05/2026 21:13:19;;Dossier refusé;Saisie société;974.05
4696;06/05/2026 21:13:19;;Dossier refusé;Saisie société;568.09
4697;06/05/2026 20:59:57;;Souscription non démarrée;Parcours non démarré;305.16
4698;06/05/2026 20:59:57;;Souscription non démarrée;Parcours non démarré;755.96
4699;06/05/2026 20:57:59;Zoé MULLER;Dossier refusé;Signature Contrat;879.59
4700;06/05/2026 20:57:59;Zoé MULLER;Dossier refusé;Signature Contrat;430.77
4701;06/05/2026 20:55:15;;Souscription en cours;Informations complémentaires (CA, Profession, etc.);175.24
4702;06/05/2026 20:55:15;;Souscription en cours;Informations complémentaires (CA, Profession, etc.);384.02
4703;06/05/2026 20:32:46;;Souscription en cours;Choix de l'offre et livraison;296.55
4704;06/05/2026 20:32:46;;Souscription en cours;Choix de l'offre et livraison;463.03
4705;06/05/2026 20:30:47;;Souscription non démarrée;Parcours non démarré;233.75
4706;06/05/2026 20:30:47;;Souscription non démarrée;Parcours non démarré;191.75
4707;06/05/2026 20:23:29;;Souscription en cours;Choix de l'offre et livraison;570.57
4708;06/05/2026 20:23:29;;Souscription en cours;Choix de l'offre et livraison;198.91
4709;06/05/2026 20:22:26;;Dossier refusé;Signature Contrat;422.87
4710;06/05/2026 20:22:26;;Dossier refusé;Signature Contrat;472.31
4711;06/05/2026 20:14:06;;Dossier validé;Parcours terminé;531.74
4712;06/05/2026 20:14:06;;Dossier validé;Parcours terminé;573.92
4713;06/05/2026 20:09:43;;Souscription en cours;Coordonnées personnelles;667.31
4714;06/05/2026 20:09:43;;Souscription en cours;Coordonnées personnelles;455.93
4715;06/05/2026 20:06:25;;Souscription en cours;Vérification d'identité;641.21
4716;06/05/2026 20:06:25;;Souscription en cours;Vérification d'identité;141.97
4717;06/05/2026 20:02:08;;En attente d'analyse Agent - Dossier avec erreurs;Signature Contrat;433.22
4718;06/05/2026 20:02:08;;En attente d'analyse Agent - Dossier avec erreurs;Signature Contrat;594.48
4719;06/05/2026 19:28:23;;Souscription en cours;Coordonnées personnelles;871.91
4720;06/05/2026 19:28:23;;Souscription en cours;Coordonnées personnelles;546.01
4721;06/05/2026 19:25:39;Zoé MULLER;Dossier refusé;Saisie société;206.07
4722;06/05/2026 19:25:39;Zoé MULLER;Dossier refusé;Saisie société;142.04
4723;06/05/2026 18:56:10;;Souscription non démarrée;Parcours non démarré;855.83
4724;06/05/2026 18:56:10;;Souscription non démarrée;Parcours non démarré;209.90
4725;06/05/2026 18:45:02;;Souscription en cours;Choix de l'offre et livraison;897.72
4726;06/05/2026 18:45:02;;Souscription en cours;Choix de l'offre et livraison;195.85
4727;06/05/2026 18:35:00;;Souscription en cours;Signature Contrat;602.48
4728;06/05/2026 18:35:00;;Souscription en cours;Signature Contrat;542.55
4729;06/05/2026 18:24:18;;Dossier refusé;Parcours non démarré;734.51
4730;06/05/2026 18:24:18;;Dossier refusé;Parcours non démarré;973.41
4731;06/05/2026 18:17:34;Hugo DUBOIS;Dossier validé;Parcours terminé;821.98
4732;06/05/2026 18:17:34;Hugo DUBOIS;Dossier validé;Parcours terminé;991.36
4733;06/05/2026 18:02:24;;Souscription en cours;Vérification d'identité;703.97
4734;06/05/2026 18:02:24;;Souscription en cours;Vérification d'identité;215.29
4735;06/05/2026 17:56:05;;Dossier validé;Parcours terminé;841.90
4736;06/05/2026 17:56:05;;Dossier validé;Parcours terminé;157.60
4737;06/05/2026 17:49:29;Hugo MARTIN;Dossier validé;Parcours terminé;734.00
4738;06/05/2026 17:49:29;Hugo MARTIN;Dossier validé;Parcours terminé;173.10
4739;06/05/2026 17:45:49;;Souscription en cours;Coordonnées personnelles;514.94
4740;06/05/2026 17:45:49;;Souscription en cours;Coordonnées personnelles;657.15
4741;06/05/2026 17:27:44;;Souscription en cours;Vérification d'identité;233.48
4742;06/05/2026 17:27:44;;Souscription en cours;Vérification d'identité;450.37
4743;06/05/2026 17:11:53;;Souscription en cours;Coordonnées personnelles;441.98
4744;06/05/2026 17:11:53;;Souscription en cours;Coordonnées personnelles;681.58
4745;06/05/2026 17:09:12;;Dossier validé;Parcours terminé;674.10
4746;06/05/2026 17:09:12;;Dossier validé;Parcours terminé;787.18
4747;06/05/2026 17:07:33;;Souscription non démarrée;Parcours non démarré;639.26
4748;06/05/2026 17:07:33;;Souscription non démarrée;Parcours non démarré;160.31
4749;06/05/2026 17:06:16;;Souscription en cours;Coordonnées personnelles;373.45
4750;06/05/2026 17:06:16;;Souscription en cours;Coordonnées personnelles;826.15
4751;06/05/2026 17:04:23;;Dossier validé;Parcours terminé;435.78
4752;06/05/2026 17:04:23;;Dossier validé;Parcours terminé;350.83
4753;06/05/2026 17:04:02;;Souscription en cours;Signature Contrat;543.11
4754;06/05/2026 17:04:02;;Souscription en cours;Signature Contrat;596.69
4755;06/05/2026 16:47:48;;Souscription non démarrée;Parcours non démarré;398.48
4756;06/05/2026 16:47:48;;Souscription non démarrée;Parcours non démarré;524.36
4757;06/05/2026 16:45:19;;Dossier validé;Parcours terminé;850.05
4758;06/05/2026 16:45:19;;Dossier validé;Parcours terminé;144.10
4759;06/05/2026 16:43:41;;Dossier refusé;Saisie société;278.68
4760;06/05/2026 16:43:41;;Dossier refusé;Saisie société;227.26
4761;06/05/2026 16:34:01;;Dossier validé;Parcours terminé;707.36
4762;06/05/2026 16:34:01;;Dossier validé;Parcours terminé;362.87
4763;06/05/2026 16:32:35;;Dossier validé;Parcours terminé;778.92
4764;06/05/2026 16:32:35;;Dossier validé;Parcours terminé;745.02
4765;06/05/2026 16:21:50;;Souscription en cours;Choix de l'offre et livraison;122.34
4766;06/05/2026 16:21:50;;Souscription en cours;Choix de l'offre et livraison;465.00
4767;06/05/2026 16:17:12;;Dossier validé;Parcours terminé;253.85
4768;06/05/2026 16:17:12;;Dossier validé;Parcours terminé;555.31
4769;06/05/2026 16:07:23;;Souscription en cours;Informations complémentaires (CA, Profession, etc.);659.86
4770;06/05/2026 16:07:23;;Souscription en cours;Informations complémentaires (CA, Profession, etc.);829.21
4771;06/05/2026 15:58:22;;Dossier validé;Parcours terminé;605.25
4772;06/05/2026 15:58:22;;Dossier validé;Parcours terminé;686.25
4773;06/05/2026 15:51:18;;Dossier validé;Parcours terminé;893.19
4774;06/05/2026 15:51:18;;Dossier validé;Parcours terminé;197.87
4775;06/05/2026 15:46:46;;Souscription en cours;Choix de l'offre et livraison;809.66
4776;06/05/2026 15:46:46;;Souscription en cours;Choix de l'offre et livraison;899.59
4777;06/05/2026 15:44:07;;Souscription en cours;Choix de l'offre et livraison;689.49
4778;06/05/2026 15:44:07;;Souscription en cours;Choix de l'offre et livraison;637.29
4779;06/05/2026 15:43:41;;Souscription en cours;Choix de l'offre et livraison;493.37
4780;06/05/2026 15:43:41;;Souscription en cours;Choix de l'offre et livraison;783.88
4781;06/05/2026 15:43:22;;Souscription en cours;Signature Contrat;763.16
4782;06/05/2026 15:43:22;;Souscription en cours;Signature Contrat;690.73
4783;06/05/2026 15:20:33;;Souscription en cours;Informations complémentaires (CA, Profession, etc.);210.35
4784;06/05/2026 15:20:33;;Souscription en cours;Informations complémentaires (CA, Profession, etc.);674.97
4785;06/05/2026 15:18:55;;Souscription en cours;Signature Contrat;335.05
4786;06/05/2026 15:18:55;;Souscription en cours;Signature Contrat;122.03
4787;06/05/2026 15:15:12;;Dossier validé;Parcours terminé;454.07
4788;06/05/2026 15:15:12;;Dossier validé;Parcours terminé;580.06
4789;06/05/2026 15:15:11;;Souscription en cours;Choix de l'offre et livraison;209.89
4790;06/05/2026 15:15:11;;Souscription en cours;Choix de l'offre et livraison;725.76
4791;06/05/2026 14:46:39;;Dossier validé;Parcours terminé;310.53
4792;06/05/2026 14:46:39;;Dossier validé;Parcours terminé;248.61
4793;06/05/2026 14:46:39;;Souscription non démarrée;Parcours non démarré;353.27
4794;06/05/2026 14:46:39;;Souscription non démarrée;Parcours non démarré;698.23
4795;06/05/2026 14:40:29;;Souscription en cours;Vérification d'identité;730.18
4796;06/05/2026 14:40:29;;Souscription en cours;Vérification d'identité;441.22
4797;06/05/2026 14:26:59;Manon LEFEBVRE;Dossier refusé;Informations complémentaires (Etablissements, etc.);880.92
4798;06/05/2026 14:26:59;Manon LEFEBVRE;Dossier refusé;Informations complémentaires (Etablissements, etc.);467.72
4799;06/05/2026 14:26:59;;Souscription en cours;Informations complémentaires (CA, Profession, etc.);956.75
4800;06/05/2026 14:26:59;;Souscription en cours;Informations complémentaires (CA, Profession, etc.);207.87
4801;06/05/2026 14:12:31;;Dossier validé;Parcours terminé;771.47
4802;06/05/2026 14:12:31;;Dossier validé;Parcours terminé;729.46
4803;06/05/2026 14:09:41;;Dossier validé;Parcours terminé;604.52
4804;06/05/2026 14:09:41;;Dossier validé;Parcours terminé;786.54
4805;06/05/2026 13:56:01;;Souscription en cours;Choix de l'offre et livraison;211.79
4806;06/05/2026 13:56:01;;Souscription en cours;Choix de l'offre et livraison;919.57
4807;06/05/2026 13:40:20;;Souscription en cours;Coordonnées personnelles;272.82
4808;06/05/2026 13:40:20;;Souscription en cours;Coordonnées personnelles;238.19
4809;06/05/2026 13:37:21;Inès MICHEL;Dossier validé;Parcours terminé;403.67
4810;06/05/2026 13:37:21;Inès MICHEL;Dossier validé;Parcours terminé;390.37
4811;06/05/2026 13:35:54;;Dossier validé;Parcours terminé;169.93
4812;06/05/2026 13:35:54;;Dossier validé;Parcours terminé;473.92
4813;06/05/2026 13:31:34;;En attente d'analyse Agent - Dossier avec erreurs;Signature Contrat;262.55
4814;06/05/2026 13:31:34;;En attente d'analyse Agent - Dossier avec erreurs;Signature Contrat;397.88
4815;06/05/2026 13:30:24;;Dossier validé;Parcours terminé;447.43
4816;06/05/2026 13:30:24;;Dossier validé;Parcours terminé;413.27
4817;06/05/2026 13:29:29;;Souscription en cours;Coordonnées personnelles;229.23
4818;06/05/2026 13:29:29;;Souscription en cours;Coordonnées personnelles;461.29
4819;06/05/2026 13:20:35;;Dossier validé;Parcours terminé;637.18
4820;06/05/2026 13:20:35;;Dossier validé;Parcours terminé;331.14
4821;06/05/2026 13:16:49;;Dossier refusé;Saisie société;711.59
4822;06/05/2026 13:16:49;;Dossier refusé;Saisie société;669.23
4823;06/05/2026 12:57:41;;Souscription en cours;Informations complémentaires (CA, Profession, etc.);177.52
4824;06/05/2026 12:57:41;;Souscription en cours;Informations complémentaires (CA, Profession, etc.);345.08
4825;06/05/2026 12:56:48;Adam LAURENT;Dossier refusé;Saisie société;908.16
4826;06/05/2026 12:56:48;Adam LAURENT;Dossier refusé;Saisie société;402.30
4827;06/05/2026 12:50:45;;Dossier validé;Parcours terminé;616.27
4828;06/05/2026 12:50:45;;Dossier validé;Parcours terminé;973.88
4829;06/05/2026 12:27:36;;Dossier refusé;Signature Contrat;847.88
4830;06/05/2026 12:27:36;;Dossier refusé;Signature Contrat;980.15
4831;06/05/2026 12:26:55;;Dossier refusé;Saisie société;232.05
4832;06/05/2026 12:26:55;;Dossier refusé;Saisie société;771.29
4833;06/05/2026 12:24:49;;Dossier validé;Parcours terminé;633.43
4834;06/05/2026 12:24:49;;Dossier validé;Parcours terminé;256.83
4835;06/05/2026 12:24:06;;En attente d'analyse Agent - Dossier avec erreurs;Signature Contrat;495.00
4836;06/05/2026 12:24:06;;En attente d'analyse Agent - Dossier avec erreurs;Signature Contrat;574.52
4837;06/05/2026 12:13:37;;En attente d'analyse Agent - Dossier avec erreurs;Signature Contrat;325.84
4838;06/05/2026 12:13:37;;En attente d'analyse Agent - Dossier avec erreurs;Signature Contrat;954.83
4839;06/05/2026 12:05:25;;Dossier validé;Parcours terminé;130.71
4840;06/05/2026 12:05:25;;Dossier validé;Parcours terminé;733.86
4841;06/05/2026 11:50:55;;Souscription en cours;Signature Contrat;472.60
4842;06/05/2026 11:50:55;;Souscription en cours;Signature Contrat;201.75
4843;06/05/2026 11:46:31;;Dossier validé;Parcours terminé;671.39
4844;06/05/2026 11:46:31;;Dossier validé;Parcours terminé;899.80
4845;06/05/2026 11:36:50;;Souscription en cours;Coordonnées personnelles;990.23
4846;06/05/2026 11:36:50;;Souscription en cours;Coordonnées personnelles;175.35
4847;06/05/2026 11:34:08;Hugo MARTIN;Dossier validé;Parcours terminé;125.67
4848;06/05/2026 11:34:08;Hugo MARTIN;Dossier validé;Parcours terminé;745.09
4849;06/05/2026 11:33:54;Inès MICHEL;Dossier refusé;Signature Contrat;426.07
4850;06/05/2026 11:33:54;Inès MICHEL;Dossier refusé;Signature Contrat;258.87
4851;06/05/2026 11:33:19;;Souscription en cours;Synchronisation référentiel personne NOVA;785.64
4852;06/05/2026 11:33:19;;Souscription en cours;Synchronisation référentiel personne NOVA;372.01
4853;06/05/2026 11:33:07;;En attente d'analyse Agent - Dossier avec erreurs;Signature Contrat;368.46
4854;06/05/2026 11:33:07;;En attente d'analyse Agent - Dossier avec erreurs;Signature Contrat;282.95
4855;06/05/2026 11:28:47;;Souscription non démarrée;Parcours non démarré;676.92
4856;06/05/2026 11:28:47;;Souscription non démarrée;Parcours non démarré;175.29
4857;06/05/2026 11:25:03;;Souscription en cours;Signature Contrat;212.65
4858;06/05/2026 11:25:03;;Souscription en cours;Signature Contrat;209.73
4859;06/05/2026 11:23:44;;Souscription en cours;Criblages BE(s);904.32
4860;06/05/2026 11:23:44;;Souscription en cours;Criblages BE(s);374.21
4861;06/05/2026 11:23:06;;Dossier refusé;Saisie société;327.11
4862;06/05/2026 11:23:06;;Dossier refusé;Saisie société;599.03
4863;06/05/2026 11:20:37;;Souscription en cours;Coordonnées personnelles;369.42
4864;06/05/2026 11:20:37;;Souscription en cours;Coordonnées personnelles;333.41
4865;06/05/2026 11:10:39;Rayan MICHEL;Dossier validé;Parcours terminé;537.97
4866;06/05/2026 11:10:39;Rayan MICHEL;Dossier validé;Parcours terminé;308.86
4867;06/05/2026 11:06:28;;Dossier refusé;Signature Contrat;151.50
4868;06/05/2026 11:06:28;;Dossier refusé;Signature Contrat;883.35
4869;06/05/2026 10:54:49;;Souscription en cours;Coordonnées personnelles;192.78
4870;06/05/2026 10:54:49;;Souscription en cours;Coordonnées personnelles;793.11
4871;06/05/2026 10:53:35;;Dossier validé;Parcours terminé;741.34
4872;06/05/2026 10:53:35;;Dossier validé;Parcours terminé;738.54
4873;06/05/2026 10:51:00;;Souscription en cours;Coordonnées personnelles;923.74
4874;06/05/2026 10:51:00;;Souscription en cours;Coordonnées personnelles;803.92
4875;06/05/2026 10:47:20;;Dossier refusé;Saisie société;387.74
4876;06/05/2026 10:47:20;;Dossier refusé;Saisie société;264.68
4877;06/05/2026 10:45:48;;Souscription en cours;Informations complémentaires (Etablissements, etc.);644.61
4878;06/05/2026 10:45:48;;Souscription en cours;Informations complémentaires (Etablissements, etc.);316.41
4879;06/05/2026 10:43:19;;Souscription non démarrée;Parcours non démarré;479.37
4880;06/05/2026 10:43:19;;Souscription non démarrée;Parcours non démarré;151.01
4881;06/05/2026 10:29:59;;Dossier validé;Parcours terminé;752.35
4882;06/05/2026 10:29:59;;Dossier validé;Parcours terminé;897.49
4883;06/05/2026 10:22:16;;Souscription en cours;Signature Contrat;801.88
4884;06/05/2026 10:22:16;;Souscription en cours;Signature Contrat;898.14
4885;06/05/2026 10:18:47;;Dossier refusé;Saisie société;200.86
4886;06/05/2026 10:18:47;;Dossier refusé;Saisie société;453.90
4887;06/05/2026 10:13:03;;Dossier validé;Parcours terminé;366.35
4888;06/05/2026 10:13:03;;Dossier validé;Parcours terminé;284.58
4889;06/05/2026 10:12:05;;Dossier refusé;Informations complémentaires (CA, Profession, etc.);619.12
4890;06/05/2026 10:12:05;;Dossier refusé;Informations complémentaires (CA, Profession, etc.);625.30
4891;06/05/2026 09:49:51;;Souscription en cours;Signature Contrat;515.51
4892;06/05/2026 09:49:51;;Souscription en cours;Signature Contrat;966.74
4893;06/05/2026 09:48:19;;Souscription en cours;Signature Contrat;873.73
4894;06/05/2026 09:48:19;;Souscription en cours;Signature Contrat;988.22
4895;06/05/2026 09:48:08;;Souscription en cours;Coordonnées personnelles;353.78
4896;06/05/2026 09:48:08;;Souscription en cours;Coordonnées personnelles;279.22
4897;06/05/2026 09:42:51;;Souscription non démarrée;Parcours non démarré;499.76
4898;06/05/2026 09:42:51;;Souscription non démarrée;Parcours non démarré;482.32
4899;06/05/2026 09:28:29;;Dossier validé;Parcours terminé;355.43
4900;06/05/2026 09:28:29;;Dossier validé;Parcours terminé;939.05
4901;06/05/2026 09:26:20;;Souscription en cours;Coordonnées personnelles;631.26
4902;06/05/2026 09:26:20;;Souscription en cours;Coordonnées personnelles;655.99
4903;06/05/2026 09:12:54;;Dossier validé;Parcours terminé;797.14
4904;06/05/2026 09:12:54;;Dossier validé;Parcours terminé;690.54
4905;06/05/2026 09:03:23;;Souscription en cours;Signature Contrat;299.08
4906;06/05/2026 09:03:23;;Souscription en cours;Signature Contrat;480.04
4907;06/05/2026 08:52:50;Adam LAURENT;Dossier validé;Parcours terminé;156.06
4908;06/05/2026 08:52:50;Adam LAURENT;Dossier validé;Parcours terminé;818.41
4909;06/05/2026 08:38:42;;Souscription non démarrée;Parcours non démarré;480.05
4910;06/05/2026 08:38:42;;Souscription non démarrée;Parcours non démarré;551.44
4911;06/05/2026 08:29:05;;Dossier validé;Parcours terminé;279.31
4912;06/05/2026 08:29:05;;Dossier validé;Parcours terminé;742.26
4913;06/05/2026 08:26:11;;Dossier refusé;Parcours terminé;415.77
4914;06/05/2026 08:26:11;;Dossier refusé;Parcours terminé;764.40
4915;06/05/2026 08:25:53;;Souscription en cours;Choix de l'offre et livraison;271.85
4916;06/05/2026 08:25:53;;Souscription en cours;Choix de l'offre et livraison;355.31
4917;06/05/2026 08:21:33;;Dossier validé;Parcours terminé;792.54
4918;06/05/2026 08:21:33;;Dossier validé;Parcours terminé;341.17
4919;06/05/2026 08:10:31;;Dossier refusé;Saisie société;798.31
4920;06/05/2026 08:10:31;;Dossier refusé;Saisie société;450.30
4921;06/05/2026 08:05:15;;Dossier refusé;Saisie société;480.31
4922;06/05/2026 08:05:15;;Dossier refusé;Saisie société;696.31
4923;06/05/2026 07:57:43;;Souscription en cours;Signature Contrat;516.11
4924;06/05/2026 07:57:43;;Souscription en cours;Signature Contrat;807.07
4925;06/05/2026 07:13:37;;Souscription en cours;Vérification d'identité;672.34
4926;06/05/2026 07:13:37;;Souscription en cours;Vérification d'identité;696.71
4927;06/05/2026 06:09:53;;En attente d'analyse Agent - Dossier avec erreurs;Signature Contrat;112.02
4928;06/05/2026 06:09:53;;En attente d'analyse Agent - Dossier avec erreurs;Signature Contrat;947.63
4929;06/05/2026 04:58:36;;Souscription en cours;Signature Contrat;194.11
4930;06/05/2026 04:58:36;;Souscription en cours;Signature Contrat;145.66
4931;06/05/2026 03:16:55;;Souscription en cours;Signature Contrat;292.01
4932;06/05/2026 03:16:55;;Souscription en cours;Signature Contrat;753.80
4933;06/05/2026 03:07:29;Hugo MARTIN;Dossier validé;Parcours terminé;421.39
4934;06/05/2026 03:07:29;Hugo MARTIN;Dossier validé;Parcours terminé;925.04
4935;06/05/2026 03:07:25;;Dossier validé;Parcours terminé;990.71
4936;06/05/2026 03:07:25;;Dossier validé;Parcours terminé;954.14
4937;06/05/2026 01:35:54;;Souscription non démarrée;Parcours non démarré;528.42
4938;06/05/2026 01:35:54;;Souscription non démarrée;Parcours non démarré;953.59
4939;06/05/2026 01:16:11;;Dossier refusé;Informations complémentaires (CA, Profession, etc.);796.90
4940;06/05/2026 01:16:11;;Dossier refusé;Informations complémentaires (CA, Profession, etc.);600.28
4941;06/05/2026 01:02:27;;Souscription en cours;Coordonnées personnelles;288.37
4942;06/05/2026 01:02:27;;Souscription en cours;Coordonnées personnelles;679.25
4943;06/05/2026 00:35:02;;Souscription en cours;Coordonnées personnelles;924.30
4944;06/05/2026 00:35:02;;Souscription en cours;Coordonnées personnelles;599.30
4945;06/05/2026 00:00:07;;Dossier validé;Parcours terminé;149.73
4946;06/05/2026 00:00:07;;Dossier validé;Parcours terminé;205.56
4947;05/05/2026 23:58:08;;Souscription en cours;Signature Contrat;193.94
4948;05/05/2026 23:58:08;;Souscription en cours;Signature Contrat;760.54
4949;05/05/2026 23:54:42;;Souscription non démarrée;Parcours non démarré;752.56
4950;05/05/2026 23:54:42;;Souscription non démarrée;Parcours non démarré;364.22
4951;05/05/2026 23:48:16;;Dossier validé;Parcours terminé;944.57
4952;05/05/2026 23:48:16;;Dossier validé;Parcours terminé;320.30
4953;05/05/2026 23:24:28;;Souscription en cours;Informations complémentaires (CA, Profession, etc.);419.88
4954;05/05/2026 23:24:28;;Souscription en cours;Informations complémentaires (CA, Profession, etc.);502.08
4955;05/05/2026 22:45:28;;Souscription en cours;Coordonnées personnelles;472.90
4956;05/05/2026 22:45:28;;Souscription en cours;Coordonnées personnelles;372.98
4957;05/05/2026 22:39:17;;Dossier refusé;Signature Contrat;687.47
4958;05/05/2026 22:39:17;;Dossier refusé;Signature Contrat;381.99
4959;05/05/2026 22:30:23;;Souscription en cours;Informations complémentaires (Etablissements, etc.);384.59
4960;05/05/2026 22:30:23;;Souscription en cours;Informations complémentaires (Etablissements, etc.);266.53
4961;05/05/2026 22:24:33;;Souscription en cours;Choix de l'offre et livraison;471.25
4962;05/05/2026 22:24:33;;Souscription en cours;Choix de l'offre et livraison;228.90
4963;05/05/2026 22:22:41;;Dossier validé;Parcours terminé;207.53
4964;05/05/2026 22:22:41;;Dossier validé;Parcours terminé;161.46
4965;05/05/2026 21:19:23;;Dossier refusé;Signature Contrat;505.23
4966;05/05/2026 21:19:23;;Dossier refusé;Signature Contrat;709.54
4967;05/05/2026 21:12:20;;Dossier refusé;Signature Contrat;405.40
4968;05/05/2026 21:12:20;;Dossier refusé;Signature Contrat;906.11
4969;05/05/2026 20:55:14;;En attente d'analyse Agent - Dossier avec erreurs;Signature Contrat;656.68
4970;05/05/2026 20:55:14;;En attente d'analyse Agent - Dossier avec erreurs;Signature Contrat;440.11
4971;05/05/2026 20:54:38;;Dossier refusé;Parcours non démarré;574.28
4972;05/05/2026 20:54:38;;Dossier refusé;Parcours non démarré;288.08
4973;05/05/2026 20:39:12;;En attente d'analyse Agent - Dossier avec erreurs;Signature Contrat;437.08
4974;05/05/2026 20:39:12;;En attente d'analyse Agent - Dossier avec erreurs;Signature Contrat;542.18
4975;05/05/2026 20:39:09;;En attente d'analyse Agent - Dossier avec erreurs;Signature Contrat;943.20
4976;05/05/2026 20:39:09;;En attente d'analyse Agent - Dossier avec erreurs;Signature Contrat;278.68
4977;05/05/2026 20:31:47;;Souscription en cours;Coordonnées personnelles;131.76
4978;05/05/2026 20:31:47;;Souscription en cours;Coordonnées personnelles;874.36
4979;05/05/2026 20:27:05;;Souscription non démarrée;Parcours non démarré;628.02
4980;05/05/2026 20:27:05;;Souscription non démarrée;Parcours non démarré;536.89
4981;05/05/2026 20:16:34;;Souscription en cours;Coordonnées personnelles;873.67
4982;05/05/2026 20:16:34;;Souscription en cours;Coordonnées personnelles;898.52
4983;05/05/2026 20:06:31;;Dossier validé;Parcours terminé;175.04
4984;05/05/2026 20:06:31;;Dossier validé;Parcours terminé;170.44
4985;05/05/2026 20:01:48;;Souscription non démarrée;Parcours non démarré;400.75
4986;05/05/2026 20:01:48;;Souscription non démarrée;Parcours non démarré;451.17
4987;05/05/2026 19:54:01;;Dossier validé;Parcours terminé;555.04
4988;05/05/2026 19:54:01;;Dossier validé;Parcours terminé;978.59
4989;05/05/2026 19:48:10;;Dossier refusé;Saisie société;790.83
4990;05/05/2026 19:48:10;;Dossier refusé;Saisie société;363.29
4991;05/05/2026 19:36:49;;Souscription non démarrée;Parcours non démarré;429.15
4992;05/05/2026 19:36:49;;Souscription non démarrée;Parcours non démarré;548.13
4993;05/05/2026 19:21:05;;Dossier refusé;Saisie société;286.95
4994;05/05/2026 19:21:05;;Dossier refusé;Saisie société;274.41
4995;05/05/2026 19:19:46;;Souscription en cours;Coordonnées personnelles;885.87
4996;05/05/2026 19:19:46;;Souscription en cours;Coordonnées personnelles;895.54
4997;05/05/2026 19:16:23;;Souscription en cours;Choix de l'offre et livraison;318.83
4998;05/05/2026 19:16:23;;Souscription en cours;Choix de l'offre et livraison;667.91
4999;05/05/2026 19:12:21;;Dossier validé;Parcours terminé;777.99
5000;05/05/2026 19:12:21;;Dossier validé;Parcours terminé;179.07
5001;05/05/2026 19:10:11;;Souscription en cours;Synchronisation référentiel personne NOVA;172.30
5002;05/05/2026 19:10:11;;Souscription en cours;Synchronisation référentiel personne NOVA;271.98
5003;05/05/2026 19:09:11;;Souscription en cours;Vérification d'identité;475.65
5004;05/05/2026 19:09:11;;Souscription en cours;Vérification d'identité;169.04
5005;05/05/2026 18:51:20;;Dossier validé;Parcours terminé;587.59
5006;05/05/2026 18:51:20;;Dossier validé;Parcours terminé;410.20
5007;05/05/2026 18:47:57;;Souscription en cours;Informations complémentaires (CA, Profession, etc.);757.53
5008;05/05/2026 18:47:57;;Souscription en cours;Informations complémentaires (CA, Profession, etc.);184.64
5009;05/05/2026 18:43:00;;Souscription en cours;Coordonnées personnelles;146.75
5010;05/05/2026 18:43:00;;Souscription en cours;Coordonnées personnelles;289.72
5011;05/05/2026 18:36:41;;Souscription en cours;Coordonnées personnelles;164.61
5012;05/05/2026 18:36:41;;Souscription en cours;Coordonnées personnelles;165.55
5013;05/05/2026 18:36:08;;Dossier validé;Parcours terminé;579.71
5014;05/05/2026 18:36:08;;Dossier validé;Parcours terminé;408.27
5015;05/05/2026 18:20:01;;Souscription en cours;Coordonnées personnelles;966.16
5016;05/05/2026 18:20:01;;Souscription en cours;Coordonnées personnelles;913.83
5017;05/05/2026 18:15:53;;Souscription en cours;Choix de l'offre et livraison;550.61
5018;05/05/2026 18:15:53;;Souscription en cours;Choix de l'offre et livraison;806.86
5019;05/05/2026 18:11:59;;Souscription non démarrée;Parcours non démarré;904.99
5020;05/05/2026 18:11:59;;Souscription non démarrée;Parcours non démarré;952.79
5021;05/05/2026 18:02:36;;Souscription en cours;Coordonnées personnelles;600.78
5022;05/05/2026 18:02:36;;Souscription en cours;Coordonnées personnelles;580.49
5023;05/05/2026 17:51:35;;Souscription en cours;Coordonnées personnelles;114.48
5024;05/05/2026 17:51:35;;Souscription en cours;Coordonnées personnelles;749.29
5025;05/05/2026 17:40:09;;Dossier validé;Parcours terminé;998.64
5026;05/05/2026 17:40:09;;Dossier validé;Parcours terminé;531.72
5027;05/05/2026 17:40:09;;Souscription en cours;Bénéficiaire effectifs;392.06
5028;05/05/2026 17:40:09;;Souscription en cours;Bénéficiaire effectifs;269.49
5029;05/05/2026 17:29:03;;Dossier validé;Parcours terminé;696.51
5030;05/05/2026 17:29:03;;Dossier validé;Parcours terminé;650.82
5031;05/05/2026 17:28:28;;Souscription non démarrée;Parcours non démarré;559.52
5032;05/05/2026 17:28:28;;Souscription non démarrée;Parcours non démarré;823.17
5033;05/05/2026 17:22:42;;Souscription en cours;Coordonnées personnelles;382.21
5034;05/05/2026 17:22:42;;Souscription en cours;Coordonnées personnelles;483.32
5035;05/05/2026 17:14:02;;Souscription en cours;Coordonnées personnelles;459.26
5036;05/05/2026 17:14:02;;Souscription en cours;Coordonnées personnelles;186.30
5037;05/05/2026 17:08:36;;Souscription en cours;Coordonnées personnelles;826.48
5038;05/05/2026 17:08:36;;Souscription en cours;Coordonnées personnelles;952.68
5039;05/05/2026 17:04:12;;Dossier validé;Parcours terminé;825.14
5040;05/05/2026 17:04:12;;Dossier validé;Parcours terminé;851.88
5041;05/05/2026 17:03:18;Hugo DUBOIS;Dossier validé;Parcours terminé;602.20
5042;05/05/2026 17:03:18;Hugo DUBOIS;Dossier validé;Parcours terminé;220.32
5043;05/05/2026 16:56:24;;Dossier refusé;Vérification d'identité;983.59
5044;05/05/2026 16:56:24;;Dossier refusé;Vérification d'identité;291.08
5045;05/05/2026 16:50:30;;Souscription en cours;Informations complémentaires (CA, Profession, etc.);845.97
5046;05/05/2026 16:50:30;;Souscription en cours;Informations complémentaires (CA, Profession, etc.);432.99
5047;05/05/2026 16:47:59;;Dossier refusé;Saisie société;590.65
5048;05/05/2026 16:47:59;;Dossier refusé;Saisie société;838.63
5049;05/05/2026 16:45:44;;Souscription en cours;Synchronisation référentiel personne NOVA;774.83
5050;05/05/2026 16:45:44;;Souscription en cours;Synchronisation référentiel personne NOVA;698.17
5051;05/05/2026 16:43:46;Hugo DUBOIS;Dossier validé;Parcours terminé;688.39
5052;05/05/2026 16:43:46;Hugo DUBOIS;Dossier validé;Parcours terminé;791.18
5053;05/05/2026 16:41:18;;Souscription en cours;Coordonnées personnelles;523.44
5054;05/05/2026 16:41:18;;Souscription en cours;Coordonnées personnelles;831.64
5055;05/05/2026 16:34:26;;Souscription non démarrée;Parcours non démarré;369.73
5056;05/05/2026 16:34:26;;Souscription non démarrée;Parcours non démarré;874.81
5057;05/05/2026 16:18:29;;Souscription en cours;Vérification d'identité;163.20
5058;05/05/2026 16:18:29;;Souscription en cours;Vérification d'identité;846.43
5059;05/05/2026 16:16:37;;Dossier validé;Parcours terminé;413.08
5060;05/05/2026 16:16:37;;Dossier validé;Parcours terminé;806.83
5061;05/05/2026 16:15:03;;Souscription en cours;Informations complémentaires (CA, Profession, etc.);723.34
5062;05/05/2026 16:15:03;;Souscription en cours;Informations complémentaires (CA, Profession, etc.);266.99
5063;05/05/2026 16:05:06;;En attente d'analyse Agent - Dossier avec erreurs;Signature Contrat;618.66
5064;05/05/2026 16:05:06;;En attente d'analyse Agent - Dossier avec erreurs;Signature Contrat;158.71
5065;05/05/2026 15:44:10;;Dossier validé;Parcours terminé;154.07
5066;05/05/2026 15:44:10;;Dossier validé;Parcours terminé;755.76
5067;05/05/2026 15:39:17;;Souscription en cours;Coordonnées personnelles;475.80
5068;05/05/2026 15:39:17;;Souscription en cours;Coordonnées personnelles;355.76
5069;05/05/2026 15:37:55;;Dossier validé;Parcours terminé;168.00
5070;05/05/2026 15:37:55;;Dossier validé;Parcours terminé;955.02
5071;05/05/2026 15:25:35;;Dossier validé;Parcours terminé;839.32
5072;05/05/2026 15:25:35;;Dossier validé;Parcours terminé;777.32
5073;05/05/2026 15:24:12;;Dossier validé;Parcours terminé;145.65
5074;05/05/2026 15:24:12;;Dossier validé;Parcours terminé;663.04
5075;05/05/2026 15:22:29;Adam LAURENT;Dossier validé;Parcours terminé;919.11
5076;05/05/2026 15:22:29;Adam LAURENT;Dossier validé;Parcours terminé;517.32
5077;05/05/2026 15:20:28;Hugo MARTIN;Dossier validé;Parcours terminé;283.63
5078;05/05/2026 15:20:28;Hugo MARTIN;Dossier validé;Parcours terminé;172.81
5079;05/05/2026 15:09:50;;Souscription en cours;Coordonnées personnelles;506.28
5080;05/05/2026 15:09:50;;Souscription en cours;Coordonnées personnelles;617.54
5081;05/05/2026 15:08:06;;Dossier validé;Parcours terminé;178.56
5082;05/05/2026 15:08:06;;Dossier validé;Parcours terminé;356.40
5083;05/05/2026 15:03:42;;Dossier validé;Parcours terminé;863.50
5084;05/05/2026 15:03:42;;Dossier validé;Parcours terminé;862.50
5085;05/05/2026 14:45:06;;Souscription en cours;Coordonnées personnelles;879.96
5086;05/05/2026 14:45:06;;Souscription en cours;Coordonnées personnelles;802.18
5087;05/05/2026 14:42:16;;Dossier validé;Parcours terminé;243.11
5088;05/05/2026 14:42:16;;Dossier validé;Parcours terminé;845.83
5089;05/05/2026 14:40:59;;Dossier validé;Parcours terminé;584.09
5090;05/05/2026 14:40:59;;Dossier validé;Parcours terminé;934.04
5091;05/05/2026 14:31:52;;Souscription en cours;Coordonnées personnelles;390.50
5092;05/05/2026 14:31:52;;Souscription en cours;Coordonnées personnelles;468.28
5093;05/05/2026 14:23:29;;Souscription en cours;Signature Contrat;499.50
5094;05/05/2026 14:23:29;;Souscription en cours;Signature Contrat;814.39
5095;05/05/2026 14:15:04;;Dossier validé;Parcours terminé;877.28
5096;05/05/2026 14:15:04;;Dossier validé;Parcours terminé;161.12
5097;05/05/2026 14:13:41;;Souscription en cours;Vérification d'identité;809.97
5098;05/05/2026 14:13:41;;Souscription en cours;Vérification d'identité;565.69
5099;05/05/2026 14:13:41;;Dossier validé;Parcours terminé;990.09
5100;05/05/2026 14:13:41;;Dossier validé;Parcours terminé;571.61
5101;05/05/2026 14:10:04;Hugo MARTIN;Dossier validé;Parcours terminé;831.77
5102;05/05/2026 14:10:04;Hugo MARTIN;Dossier validé;Parcours terminé;556.02
5103;05/05/2026 14:05:03;;Dossier validé;Parcours terminé;494.82
5104;05/05/2026 14:05:03;;Dossier validé;Parcours terminé;985.57
5105;05/05/2026 13:53:31;;Dossier validé;Parcours terminé;476.24
5106;05/05/2026 13:53:31;;Dossier validé;Parcours terminé;621.86
5107;05/05/2026 13:50:00;;Dossier refusé;Signature Contrat;206.99
5108;05/05/2026 13:50:00;;Dossier refusé;Signature Contrat;691.88
5109;05/05/2026 13:47:06;;Souscription en cours;Coordonnées personnelles;109.20
5110;05/05/2026 13:47:06;;Souscription en cours;Coordonnées personnelles;659.02
5111;05/05/2026 13:46:07;;Dossier validé;Parcours terminé;803.51
5112;05/05/2026 13:46:07;;Dossier validé;Parcours terminé;516.73
5113;05/05/2026 13:37:36;;Souscription non démarrée;Parcours non démarré;161.53
5114;05/05/2026 13:37:36;;Souscription non démarrée;Parcours non démarré;485.30
5115;05/05/2026 13:30:16;;Souscription non démarrée;Parcours non démarré;765.60
5116;05/05/2026 13:30:16;;Souscription non démarrée;Parcours non démarré;529.95
5117;05/05/2026 13:20:23;;Souscription en cours;Coordonnées personnelles;377.59
5118;05/05/2026 13:20:23;;Souscription en cours;Coordonnées personnelles;301.42
5119;05/05/2026 13:14:47;;Souscription en cours;Coordonnées personnelles;444.33
5120;05/05/2026 13:14:47;;Souscription en cours;Coordonnées personnelles;806.56
5121;05/05/2026 13:06:50;;Dossier validé;Parcours terminé;670.89
5122;05/05/2026 13:06:50;;Dossier validé;Parcours terminé;482.29
5123;05/05/2026 12:58:51;;Souscription non démarrée;Parcours non démarré;977.73
5124;05/05/2026 12:58:51;;Souscription non démarrée;Parcours non démarré;753.10
5125;05/05/2026 12:52:07;;Souscription en cours;Vérification d'identité;574.97
5126;05/05/2026 12:52:07;;Souscription en cours;Vérification d'identité;320.38
5127;05/05/2026 12:46:24;;Souscription non démarrée;Parcours non démarré;725.24
5128;05/05/2026 12:46:24;;Souscription non démarrée;Parcours non démarré;146.64
5129;05/05/2026 12:45:28;;Dossier validé;Parcours terminé;845.66
5130;05/05/2026 12:45:28;;Dossier validé;Parcours terminé;815.05
5131;05/05/2026 12:43:14;;Dossier validé;Parcours terminé;454.00
5132;05/05/2026 12:43:14;;Dossier validé;Parcours terminé;246.79
5133;05/05/2026 12:34:38;;Dossier refusé;Saisie société;672.31
5134;05/05/2026 12:34:38;;Dossier refusé;Saisie société;980.66
5135;05/05/2026 12:30:45;Hugo MARTIN;Dossier validé;Parcours terminé;345.32
5136;05/05/2026 12:30:45;Hugo MARTIN;Dossier validé;Parcours terminé;975.10
5137;05/05/2026 12:19:26;;Souscription en cours;Choix de l'offre et livraison;605.53
5138;05/05/2026 12:19:26;;Souscription en cours;Choix de l'offre et livraison;656.90
5139;05/05/2026 12:18:48;;Souscription non démarrée;Parcours non démarré;190.70
5140;05/05/2026 12:18:48;;Souscription non démarrée;Parcours non démarré;301.61
5141;05/05/2026 12:10:05;;En attente d'analyse Agent - Dossier avec erreurs;Signature Contrat;745.94
5142;05/05/2026 12:10:05;;En attente d'analyse Agent - Dossier avec erreurs;Signature Contrat;906.01
5143;05/05/2026 12:09:23;;Dossier validé;Parcours terminé;196.14
5144;05/05/2026 12:09:23;;Dossier validé;Parcours terminé;354.21
5145;05/05/2026 12:04:47;;Souscription en cours;Coordonnées personnelles;331.36
5146;05/05/2026 12:04:47;;Souscription en cours;Coordonnées personnelles;325.29
5147;05/05/2026 12:03:19;;Dossier refusé;Saisie société;432.81
5148;05/05/2026 12:03:19;;Dossier refusé;Saisie société;108.93
5149;05/05/2026 11:52:21;;En attente d'analyse Agent - Dossier avec erreurs;Signature Contrat;284.32
5150;05/05/2026 11:52:21;;En attente d'analyse Agent - Dossier avec erreurs;Signature Contrat;809.02
5151;05/05/2026 11:49:47;;Souscription en cours;Informations complémentaires (Etablissements, etc.);410.86
5152;05/05/2026 11:49:47;;Souscription en cours;Informations complémentaires (Etablissements, etc.);802.71
5153;05/05/2026 11:46:50;;Souscription non démarrée;Parcours non démarré;950.13
5154;05/05/2026 11:46:50;;Souscription non démarrée;Parcours non démarré;851.52
5155;05/05/2026 11:36:54;Hugo DUBOIS;Dossier validé;Parcours terminé;862.53
5156;05/05/2026 11:36:54;Hugo DUBOIS;Dossier validé;Parcours terminé;206.35
5157;05/05/2026 11:36:52;;Dossier validé;Parcours terminé;295.88
5158;05/05/2026 11:36:52;;Dossier validé;Parcours terminé;412.36
5159;05/05/2026 11:31:12;;Dossier validé;Parcours terminé;479.44
5160;05/05/2026 11:31:12;;Dossier validé;Parcours terminé;179.92
5161;05/05/2026 11:23:48;;Souscription en cours;Choix de l'offre et livraison;907.84
5162;05/05/2026 11:23:48;;Souscription en cours;Choix de l'offre et livraison;258.94
5163;05/05/2026 11:23:23;;Souscription en cours;Choix de l'offre et livraison;672.69
5164;05/05/2026 11:23:23;;Souscription en cours;Choix de l'offre et livraison;250.35
5165;05/05/2026 11:17:18;;Souscription en cours;Choix de l'offre et livraison;992.05
5166;05/05/2026 11:17:18;;Souscription en cours;Choix de l'offre et livraison;160.33
5167;05/05/2026 11:11:39;;Dossier validé;Parcours terminé;351.14
5168;05/05/2026 11:11:39;;Dossier validé;Parcours terminé;976.11
5169;05/05/2026 11:07:24;Manon LEFEBVRE;Dossier validé;Parcours terminé;327.24
5170;05/05/2026 11:07:24;Manon LEFEBVRE;Dossier validé;Parcours terminé;499.39
5171;05/05/2026 10:54:33;;Souscription en cours;Vérification d'identité;134.28
5172;05/05/2026 10:54:33;;Souscription en cours;Vérification d'identité;785.09
5173;05/05/2026 10:46:20;;En attente d'analyse Agent - Dossier avec erreurs;Signature Contrat;358.07
5174;05/05/2026 10:46:20;;En attente d'analyse Agent - Dossier avec erreurs;Signature Contrat;934.40
5175;05/05/2026 10:43:20;;Souscription non démarrée;Parcours non démarré;491.90
5176;05/05/2026 10:43:20;;Souscription non démarrée;Parcours non démarré;986.32
5177;05/05/2026 10:41:56;;Souscription en cours;Coordonnées personnelles;144.76
5178;05/05/2026 10:41:56;;Souscription en cours;Coordonnées personnelles;345.95
5179;05/05/2026 10:39:09;;Dossier refusé;Saisie société;488.04
5180;05/05/2026 10:39:09;;Dossier refusé;Saisie société;902.17
5181;05/05/2026 10:38:25;;Souscription en cours;Coordonnées personnelles;274.58
5182;05/05/2026 10:38:25;;Souscription en cours;Coordonnées personnelles;877.23
5183;05/05/2026 10:37:07;;Dossier validé;Parcours terminé;406.72
5184;05/05/2026 10:37:07;;Dossier validé;Parcours terminé;112.21
5185;05/05/2026 10:35:22;;Dossier validé;Parcours terminé;765.53
5186;05/05/2026 10:35:22;;Dossier validé;Parcours terminé;726.58
5187;05/05/2026 10:30:33;;Dossier validé;Parcours terminé;520.64
5188;05/05/2026 10:30:33;;Dossier validé;Parcours terminé;330.95
5189;05/05/2026 10:19:28;;Dossier refusé;Signature Contrat;221.71
5190;05/05/2026 10:19:28;;Dossier refusé;Signature Contrat;347.20
5191;05/05/2026 10:14:08;;Dossier validé;Parcours terminé;675.98
5192;05/05/2026 10:14:08;;Dossier validé;Parcours terminé;381.09
5193;05/05/2026 10:11:01;;Souscription non démarrée;Parcours non démarré;385.99
5194;05/05/2026 10:11:01;;Souscription non démarrée;Parcours non démarré;813.84
5195;05/05/2026 10:07:02;;Souscription non démarrée;Parcours non démarré;976.48
5196;05/05/2026 10:07:02;;Souscription non démarrée;Parcours non démarré;205.83
5197;05/05/2026 09:59:17;;Dossier refusé;Saisie société;623.77
5198;05/05/2026 09:59:17;;Dossier refusé;Saisie société;942.57
5199;05/05/2026 09:58:37;;Dossier validé;Parcours terminé;713.20
5200;05/05/2026 09:58:37;;Dossier validé;Parcours terminé;390.65
5201;05/05/2026 09:55:10;;Dossier validé;Parcours terminé;638.65
5202;05/05/2026 09:55:10;;Dossier validé;Parcours terminé;807.83
5203;05/05/2026 09:36:06;;Dossier refusé;Choix de l'offre et livraison;302.86
5204;05/05/2026 09:36:06;;Dossier refusé;Choix de l'offre et livraison;304.77
5205;05/05/2026 09:30:19;;Dossier validé;Parcours terminé;176.18
5206;05/05/2026 09:30:19;;Dossier validé;Parcours terminé;239.36
5207;05/05/2026 09:10:04;;Dossier refusé;Saisie société;529.35
5208;05/05/2026 09:10:04;;Dossier refusé;Saisie société;739.51
5209;05/05/2026 08:54:32;;Souscription en cours;Coordonnées personnelles;112.54
5210;05/05/2026 08:54:32;;Souscription en cours;Coordonnées personnelles;581.97
5211;05/05/2026 08:53:36;;Souscription en cours;Signature Contrat;610.85
5212;05/05/2026 08:53:36;;Souscription en cours;Signature Contrat;539.43
5213;05/05/2026 08:34:52;;En attente d'analyse Agent - Dossier avec erreurs;Signature Contrat;239.88
5214;05/05/2026 08:34:52;;En attente d'analyse Agent - Dossier avec erreurs;Signature Contrat;524.70
5215;05/05/2026 08:26:24;Zoé MULLER;Dossier refusé;Saisie société;540.84
5216;05/05/2026 08:26:24;Zoé MULLER;Dossier refusé;Saisie société;993.69
5217;05/05/2026 08:17:17;;Dossier refusé;Saisie société;996.49
5218;05/05/2026 08:17:17;;Dossier refusé;Saisie société;652.12
5219;05/05/2026 08:16:52;;Dossier validé;Parcours terminé;601.69
5220;05/05/2026 08:16:52;;Dossier validé;Parcours terminé;617.97
5221;05/05/2026 08:05:52;;Souscription en cours;Informations complémentaires (CA, Profession, etc.);826.45
5222;05/05/2026 08:05:52;;Souscription en cours;Informations complémentaires (CA, Profession, etc.);224.43
5223;05/05/2026 07:44:33;;Souscription en cours;Coordonnées personnelles;580.27
5224;05/05/2026 07:44:33;;Souscription en cours;Coordonnées personnelles;630.39
5225;05/05/2026 07:41:31;;Souscription non démarrée;Parcours non démarré;414.01
5226;05/05/2026 07:41:31;;Souscription non démarrée;Parcours non démarré;169.74
5227;05/05/2026 07:21:22;;Souscription en cours;Bénéficiaire effectifs;504.23
5228;05/05/2026 07:21:22;;Souscription en cours;Bénéficiaire effectifs;796.21
5229;05/05/2026 07:19:21;;Dossier refusé;Saisie société;769.91
5230;05/05/2026 07:19:21;;Dossier refusé;Saisie société;647.28
5231;05/05/2026 06:54:11;Zoé MULLER;Dossier validé;Parcours terminé;886.61
5232;05/05/2026 06:54:11;Zoé MULLER;Dossier validé;Parcours terminé;195.39
5233;05/05/2026 04:58:51;;Dossier validé;Parcours terminé;509.48
5234;05/05/2026 04:58:51;;Dossier validé;Parcours terminé;674.55
5235;05/05/2026 04:17:14;;Dossier validé;Parcours terminé;341.97
5236;05/05/2026 04:17:14;;Dossier validé;Parcours terminé;410.74
5237;05/05/2026 03:40:20;;Souscription en cours;Coordonnées personnelles;321.62
5238;05/05/2026 03:40:20;;Souscription en cours;Coordonnées personnelles;481.61
5239;05/05/2026 02:42:06;;Souscription en cours;Coordonnées personnelles;413.98
5240;05/05/2026 02:42:06;;Souscription en cours;Coordonnées personnelles;425.81
5241;05/05/2026 02:34:50;;Dossier validé;Parcours terminé;227.52
5242;05/05/2026 02:34:50;;Dossier validé;Parcours terminé;182.02
5243;05/05/2026 01:59:20;;Dossier validé;Parcours terminé;696.53
5244;05/05/2026 01:59:20;;Dossier validé;Parcours terminé;573.20
5245;05/05/2026 01:56:34;;Souscription en cours;Coordonnées personnelles;594.25
5246;05/05/2026 01:56:34;;Souscription en cours;Coordonnées personnelles;322.80
5247;05/05/2026 01:50:40;;Souscription non démarrée;Parcours non démarré;149.17
5248;05/05/2026 01:50:40;;Souscription non démarrée;Parcours non démarré;979.46
5249;05/05/2026 01:39:33;;Dossier refusé;Choix de l'offre et livraison;534.05
5250;05/05/2026 01:39:33;;Dossier refusé;Choix de l'offre et livraison;382.96
5251;05/05/2026 01:08:31;;Dossier validé;Parcours terminé;357.49
5252;05/05/2026 01:08:31;;Dossier validé;Parcours terminé;364.84
5253;05/05/2026 01:06:13;Manon LEFEBVRE;Dossier refusé;Saisie société;535.21
5254;05/05/2026 01:06:13;Manon LEFEBVRE;Dossier refusé;Saisie société;721.04
5255;05/05/2026 00:52:24;;Dossier validé;Parcours terminé;465.21
5256;05/05/2026 00:52:24;;Dossier validé;Parcours terminé;970.81
5257;05/05/2026 00:40:53;;Dossier validé;Parcours terminé;853.56
5258;05/05/2026 00:40:53;;Dossier validé;Parcours terminé;730.27
5259;05/05/2026 00:40:01;;Souscription en cours;Coordonnées personnelles;609.23
5260;05/05/2026 00:40:01;;Souscription en cours;Coordonnées personnelles;703.45
5261;04/05/2026 23:04:00;;Dossier validé;Parcours terminé;646.07
5262;04/05/2026 23:04:00;;Dossier validé;Parcours terminé;840.02
5263;04/05/2026 22:42:47;;Souscription en cours;Signature Contrat;399.31
5264;04/05/2026 22:42:47;;Souscription en cours;Signature Contrat;380.85
5265;04/05/2026 22:41:43;;Souscription en cours;Vérification d'identité;542.76
5266;04/05/2026 22:41:43;;Souscription en cours;Vérification d'identité;461.56
5267;04/05/2026 22:23:24;;Souscription non démarrée;Parcours non démarré;811.11
5268;04/05/2026 22:23:24;;Souscription non démarrée;Parcours non démarré;654.44
5269;04/05/2026 22:14:34;;Dossier validé;Parcours terminé;926.95
5270;04/05/2026 22:14:34;;Dossier validé;Parcours terminé;560.77
5271;04/05/2026 21:49:41;;Dossier validé;Parcours terminé;138.92
5272;04/05/2026 21:49:41;;Dossier validé;Parcours terminé;551.51
5273;04/05/2026 21:43:54;;Souscription non démarrée;Parcours non démarré;202.23
5274;04/05/2026 21:43:54;;Souscription non démarrée;Parcours non démarré;952.13
5275;04/05/2026 21:41:49;;Souscription en cours;Coordonnées personnelles;402.37
5276;04/05/2026 21:41:49;;Souscription en cours;Coordonnées personnelles;578.06
5277;04/05/2026 21:41:10;;Souscription en cours;Choix de l'offre et livraison;732.76
5278;04/05/2026 21:41:10;;Souscription en cours;Choix de l'offre et livraison;326.24
5279;04/05/2026 21:38:02;;Dossier refusé;Informations complémentaires (Etablissements, etc.);726.18
5280;04/05/2026 21:38:02;;Dossier refusé;Informations complémentaires (Etablissements, etc.);257.16
5281;04/05/2026 21:35:57;Hugo MARTIN;Dossier refusé;Saisie société;230.60
5282;04/05/2026 21:35:57;Hugo MARTIN;Dossier refusé;Saisie société;409.86
5283;04/05/2026 20:55:34;;Dossier validé;Parcours terminé;499.22
5284;04/05/2026 20:55:34;;Dossier validé;Parcours terminé;998.51
5285;04/05/2026 20:54:31;;Souscription en cours;Coordonnées personnelles;832.33
5286;04/05/2026 20:54:31;;Souscription en cours;Coordonnées personnelles;937.40
5287;04/05/2026 20:51:15;;Dossier validé;Parcours terminé;695.06
5288;04/05/2026 20:51:15;;Dossier validé;Parcours terminé;640.33
5289;04/05/2026 20:19:00;;Souscription non démarrée;Parcours non démarré;432.18
5290;04/05/2026 20:19:00;;Souscription non démarrée;Parcours non démarré;285.63
5291;04/05/2026 19:52:45;;Souscription en cours;Vérification d'identité;822.66
5292;04/05/2026 19:52:45;;Souscription en cours;Vérification d'identité;431.00
5293;04/05/2026 19:45:50;;Souscription en cours;Vérification d'identité;460.75
5294;04/05/2026 19:45:50;;Souscription en cours;Vérification d'identité;111.87
5295;04/05/2026 19:44:13;Hugo MARTIN;Dossier refusé;Saisie société;154.64
5296;04/05/2026 19:44:13;Hugo MARTIN;Dossier refusé;Saisie société;148.75
5297;04/05/2026 19:40:46;;Souscription en cours;Choix de l'offre et livraison;193.88
5298;04/05/2026 19:40:46;;Souscription en cours;Choix de l'offre et livraison;996.18
5299;04/05/2026 19:24:27;;Dossier validé;Parcours terminé;955.86
5300;04/05/2026 19:24:27;;Dossier validé;Parcours terminé;879.75
5301;04/05/2026 19:23:32;;En attente d'analyse Agent - Dossier avec erreurs;Signature Contrat;551.44
5302;04/05/2026 19:23:32;;En attente d'analyse Agent - Dossier avec erreurs;Signature Contrat;153.25
5303;04/05/2026 19:20:38;;Souscription non démarrée;Parcours non démarré;416.34
5304;04/05/2026 19:20:38;;Souscription non démarrée;Parcours non démarré;561.60
5305;04/05/2026 18:28:56;;Dossier validé;Parcours terminé;496.54
5306;04/05/2026 18:28:56;;Dossier validé;Parcours terminé;745.03
5307;04/05/2026 18:28:35;;Dossier refusé;Saisie société;677.53
5308;04/05/2026 18:28:35;;Dossier refusé;Saisie société;135.73
5309;04/05/2026 18:27:06;;Souscription en cours;Choix de l'offre et livraison;803.20
5310;04/05/2026 18:27:06;;Souscription en cours;Choix de l'offre et livraison;136.54
5311;04/05/2026 18:14:03;;Dossier validé;Parcours terminé;797.47
5312;04/05/2026 18:14:03;;Dossier validé;Parcours terminé;679.26
5313;04/05/2026 18:12:47;;En attente d'analyse Agent - Dossier avec erreurs;Signature Contrat;459.66
5314;04/05/2026 18:12:47;;En attente d'analyse Agent - Dossier avec erreurs;Signature Contrat;999.25
5315;04/05/2026 17:59:37;;Souscription en cours;Choix de l'offre et livraison;634.12
5316;04/05/2026 17:59:37;;Souscription en cours;Choix de l'offre et livraison;128.75
5317;04/05/2026 17:52:31;;Souscription non démarrée;Parcours non démarré;665.28
5318;04/05/2026 17:52:31;;Souscription non démarrée;Parcours non démarré;348.00
5319;04/05/2026 17:47:50;;Dossier refusé;Saisie société;673.48
5320;04/05/2026 17:47:50;;Dossier refusé;Saisie société;573.52
5321;04/05/2026 17:41:08;;Souscription en cours;Choix de l'offre et livraison;960.44
5322;04/05/2026 17:41:08;;Souscription en cours;Choix de l'offre et livraison;286.68
5323;04/05/2026 17:39:33;;Dossier validé;Parcours terminé;418.95
5324;04/05/2026 17:39:33;;Dossier validé;Parcours terminé;384.78
5325;04/05/2026 17:24:17;;Souscription en cours;Choix de l'offre et livraison;498.52
5326;04/05/2026 17:24:17;;Souscription en cours;Choix de l'offre et livraison;499.83
5327;04/05/2026 17:23:08;;Souscription en cours;Coordonnées personnelles;919.50
5328;04/05/2026 17:23:08;;Souscription en cours;Coordonnées personnelles;711.85
5329;04/05/2026 17:18:45;;En attente d'analyse Agent - Dossier avec erreurs;Signature Contrat;683.72
5330;04/05/2026 17:18:45;;En attente d'analyse Agent - Dossier avec erreurs;Signature Contrat;331.53
5331;04/05/2026 17:03:58;;Souscription en cours;Choix de l'offre et livraison;730.61
5332;04/05/2026 17:03:58;;Souscription en cours;Choix de l'offre et livraison;850.44
5333;04/05/2026 16:49:55;;Souscription en cours;Coordonnées personnelles;421.30
5334;04/05/2026 16:49:55;;Souscription en cours;Coordonnées personnelles;278.85
5335;04/05/2026 16:31:49;;Souscription en cours;Coordonnées personnelles;351.33
5336;04/05/2026 16:31:49;;Souscription en cours;Coordonnées personnelles;538.11
5337;04/05/2026 16:27:29;Hugo DUBOIS;Dossier validé;Parcours terminé;856.87
5338;04/05/2026 16:27:29;Hugo DUBOIS;Dossier validé;Parcours terminé;926.53
5339;04/05/2026 16:21:32;;Souscription en cours;Coordonnées personnelles;790.26
5340;04/05/2026 16:21:32;;Souscription en cours;Coordonnées personnelles;412.82
5341;04/05/2026 16:18:45;;Dossier validé;Parcours terminé;662.34
5342;04/05/2026 16:18:45;;Dossier validé;Parcours terminé;858.84
5343;04/05/2026 16:11:48;;Dossier refusé;Saisie société;504.35
5344;04/05/2026 16:11:48;;Dossier refusé;Saisie société;307.84
5345;04/05/2026 15:51:19;;Souscription en cours;Coordonnées personnelles;612.09
5346;04/05/2026 15:51:19;;Souscription en cours;Coordonnées personnelles;896.64
5347;04/05/2026 15:50:39;;Dossier refusé;Saisie société;676.41
5348;04/05/2026 15:50:39;;Dossier refusé;Saisie société;150.60
5349;04/05/2026 15:49:20;;Dossier validé;Parcours terminé;765.93
5350;04/05/2026 15:49:20;;Dossier validé;Parcours terminé;296.91
5351;04/05/2026 15:46:34;;Dossier refusé;Saisie société;596.68
5352;04/05/2026 15:46:34;;Dossier refusé;Saisie société;510.24
5353;04/05/2026 15:45:13;;Dossier refusé;Signature Contrat;549.18
5354;04/05/2026 15:45:13;;Dossier refusé;Signature Contrat;937.78
5355;04/05/2026 15:36:35;;Dossier validé;Parcours terminé;931.19
5356;04/05/2026 15:36:35;;Dossier validé;Parcours terminé;772.62
5357;04/05/2026 15:29:15;;Dossier validé;Parcours terminé;880.25
5358;04/05/2026 15:29:15;;Dossier validé;Parcours terminé;101.27
5359;04/05/2026 15:27:12;;En attente d'analyse Agent - Dossier avec erreurs;Signature Contrat;783.33
5360;04/05/2026 15:27:12;;En attente d'analyse Agent - Dossier avec erreurs;Signature Contrat;861.99
5361;04/05/2026 15:24:35;;Dossier refusé;Bénéficiaire effectifs;451.43
5362;04/05/2026 15:24:35;;Dossier refusé;Bénéficiaire effectifs;831.20
5363;04/05/2026 15:24:21;;Souscription non démarrée;Parcours non démarré;933.65
5364;04/05/2026 15:24:21;;Souscription non démarrée;Parcours non démarré;838.27
5365;04/05/2026 15:23:05;Hugo MARTIN;Dossier refusé;Saisie société;713.86
5366;04/05/2026 15:23:05;Hugo MARTIN;Dossier refusé;Saisie société;283.33
5367;04/05/2026 14:51:51;;Souscription en cours;Signature Contrat;558.61
5368;04/05/2026 14:51:51;;Souscription en cours;Signature Contrat;728.86
5369;04/05/2026 14:44:57;;Dossier validé;Parcours terminé;222.25
5370;04/05/2026 14:44:57;;Dossier validé;Parcours terminé;497.36
5371;04/05/2026 14:41:42;;Dossier refusé;Signature Contrat;904.85
5372;04/05/2026 14:41:42;;Dossier refusé;Signature Contrat;332.21
5373;04/05/2026 14:41:03;Hugo MARTIN;Dossier refusé;Saisie société;474.96
5374;04/05/2026 14:41:03;Hugo MARTIN;Dossier refusé;Saisie société;417.86
5375;04/05/2026 14:28:00;;Dossier validé;Parcours terminé;139.45
5376;04/05/2026 14:28:00;;Dossier validé;Parcours terminé;510.73
5377;04/05/2026 14:26:49;;Dossier validé;Parcours terminé;987.85
5378;04/05/2026 14:26:49;;Dossier validé;Parcours terminé;879.09
5379;04/05/2026 14:25:34;;Dossier refusé;Signature Contrat;564.15
5380;04/05/2026 14:25:34;;Dossier refusé;Signature Contrat;282.63
5381;04/05/2026 14:13:51;;Dossier validé;Parcours terminé;513.11
5382;04/05/2026 14:13:51;;Dossier validé;Parcours terminé;326.62
5383;04/05/2026 14:07:15;;Dossier refusé;Signature Contrat;768.52
5384;04/05/2026 14:07:15;;Dossier refusé;Signature Contrat;660.54
5385;04/05/2026 14:06:51;;Souscription non démarrée;Parcours non démarré;362.31
5386;04/05/2026 14:06:51;;Souscription non démarrée;Parcours non démarré;450.96
5387;04/05/2026 13:49:43;;Souscription en cours;Informations complémentaires (CA, Profession, etc.);399.68
5388;04/05/2026 13:49:43;;Souscription en cours;Informations complémentaires (CA, Profession, etc.);797.43
5389;04/05/2026 13:24:22;;Souscription non démarrée;Parcours non démarré;955.90
5390;04/05/2026 13:24:22;;Souscription non démarrée;Parcours non démarré;884.70
5391;04/05/2026 13:17:02;;Souscription non démarrée;Parcours non démarré;582.98
5392;04/05/2026 13:17:02;;Souscription non démarrée;Parcours non démarré;333.66
5393;04/05/2026 13:10:43;;Dossier validé;Parcours terminé;121.16
5394;04/05/2026 13:10:43;;Dossier validé;Parcours terminé;670.92
5395;04/05/2026 12:44:22;;Souscription en cours;Coordonnées personnelles;469.07
5396;04/05/2026 12:44:22;;Souscription en cours;Coordonnées personnelles;204.86
5397;04/05/2026 12:24:28;;Dossier validé;Parcours terminé;454.87
5398;04/05/2026 12:24:28;;Dossier validé;Parcours terminé;912.17
5399;04/05/2026 12:03:25;;Souscription en cours;Coordonnées personnelles;302.60
5400;04/05/2026 12:03:25;;Souscription en cours;Coordonnées personnelles;829.73
5401;04/05/2026 11:54:54;;Souscription en cours;Coordonnées personnelles;244.04
5402;04/05/2026 11:54:54;;Souscription en cours;Coordonnées personnelles;973.40
5403;04/05/2026 11:50:44;;Souscription en cours;Informations complémentaires (Etablissements, etc.);821.90
5404;04/05/2026 11:50:44;;Souscription en cours;Informations complémentaires (Etablissements, etc.);789.93
5405;04/05/2026 11:46:55;;Dossier validé;Parcours terminé;165.11
5406;04/05/2026 11:46:55;;Dossier validé;Parcours terminé;160.11
5407;04/05/2026 11:31:33;;Dossier validé;Parcours terminé;287.98
5408;04/05/2026 11:31:33;;Dossier validé;Parcours terminé;194.07
5409;04/05/2026 11:19:58;;Souscription en cours;Choix de l'offre et livraison;695.97
5410;04/05/2026 11:19:58;;Souscription en cours;Choix de l'offre et livraison;476.31
5411;04/05/2026 11:14:28;;Dossier validé;Parcours terminé;568.38
5412;04/05/2026 11:14:28;;Dossier validé;Parcours terminé;189.42
5413;04/05/2026 11:11:40;;Souscription en cours;Signature Contrat;789.21
5414;04/05/2026 11:11:40;;Souscription en cours;Signature Contrat;243.32
5415;04/05/2026 11:03:42;;Dossier validé;Parcours terminé;506.98
5416;04/05/2026 11:03:42;;Dossier validé;Parcours terminé;885.47
5417;04/05/2026 11:00:21;;Dossier validé;Parcours terminé;733.42
5418;04/05/2026 11:00:21;;Dossier validé;Parcours terminé;886.59
5419;04/05/2026 10:51:38;Adam MARTIN;Dossier validé;Parcours terminé;685.74
5420;04/05/2026 10:51:38;Adam MARTIN;Dossier validé;Parcours terminé;217.73
5421;04/05/2026 10:46:55;;Souscription en cours;Coordonnées personnelles;115.53
5422;04/05/2026 10:46:55;;Souscription en cours;Coordonnées personnelles;294.39
5423;04/05/2026 10:38:23;;Dossier refusé;Saisie société;270.26
5424;04/05/2026 10:38:23;;Dossier refusé;Saisie société;450.60
5425;04/05/2026 10:35:32;;Souscription en cours;Coordonnées personnelles;554.78
5426;04/05/2026 10:35:32;;Souscription en cours;Coordonnées personnelles;172.11
5427;04/05/2026 10:34:18;;Dossier validé;Parcours terminé;348.56
5428;04/05/2026 10:34:18;;Dossier validé;Parcours terminé;434.96
5429;04/05/2026 10:33:30;Zoé MULLER;Dossier validé;Parcours terminé;614.87
5430;04/05/2026 10:33:30;Zoé MULLER;Dossier validé;Parcours terminé;839.63
5431;04/05/2026 10:12:38;;Dossier refusé;Saisie société;278.53
5432;04/05/2026 10:12:38;;Dossier refusé;Saisie société;970.36
5433;04/05/2026 10:08:02;;Dossier validé;Parcours terminé;483.13
5434;04/05/2026 10:08:02;;Dossier validé;Parcours terminé;495.50
5435;04/05/2026 09:55:18;;Souscription en cours;Signature Contrat;146.95
5436;04/05/2026 09:55:18;;Souscription en cours;Signature Contrat;547.16
5437;04/05/2026 09:53:07;;Dossier refusé;Parcours non démarré;604.56
5438;04/05/2026 09:53:07;;Dossier refusé;Parcours non démarré;820.85
5439;04/05/2026 09:44:53;;Dossier validé;Parcours terminé;270.56
5440;04/05/2026 09:44:53;;Dossier validé;Parcours terminé;567.82
5441;04/05/2026 09:41:43;;Dossier validé;Parcours terminé;466.67
5442;04/05/2026 09:41:43;;Dossier validé;Parcours terminé;508.91
5443;04/05/2026 09:32:20;;Dossier validé;Parcours terminé;316.05
5444;04/05/2026 09:32:20;;Dossier validé;Parcours terminé;673.84
5445;04/05/2026 09:08:41;;Souscription en cours;Informations complémentaires (Etablissements, etc.);451.80
5446;04/05/2026 09:08:41;;Souscription en cours;Informations complémentaires (Etablissements, etc.);963.30
5447;04/05/2026 09:02:42;;Dossier validé;Parcours terminé;173.54
5448;04/05/2026 09:02:42;;Dossier validé;Parcours terminé;149.66
5449;04/05/2026 08:52:20;;Souscription non démarrée;Parcours non démarré;454.16
5450;04/05/2026 08:52:20;;Souscription non démarrée;Parcours non démarré;616.64
5451;04/05/2026 08:42:31;;Dossier validé;Parcours terminé;333.38
5452;04/05/2026 08:42:31;;Dossier validé;Parcours terminé;469.01
5453;04/05/2026 08:20:59;;Dossier validé;Parcours terminé;677.11
5454;04/05/2026 08:20:59;;Dossier validé;Parcours terminé;277.03
5455;04/05/2026 07:20:17;;Souscription en cours;Choix de l'offre et livraison;354.98
5456;04/05/2026 07:20:17;;Souscription en cours;Choix de l'offre et livraison;447.18
5457;04/05/2026 06:04:59;;Dossier refusé;Bénéficiaire effectifs;891.76
5458;04/05/2026 06:04:59;;Dossier refusé;Bénéficiaire effectifs;552.58
5459;04/05/2026 06:02:53;;Dossier validé;Parcours terminé;309.17
5460;04/05/2026 06:02:53;;Dossier validé;Parcours terminé;701.60
5461;04/05/2026 05:54:32;;Dossier refusé;Signature Contrat;221.49
5462;04/05/2026 05:54:32;;Dossier refusé;Signature Contrat;879.07
5463;04/05/2026 04:04:42;;Souscription en cours;Coordonnées personnelles;354.04
5464;04/05/2026 04:04:42;;Souscription en cours;Coordonnées personnelles;465.57
5465;04/05/2026 00:40:04;;Dossier refusé;Signature Contrat;634.98
5466;04/05/2026 00:40:04;;Dossier refusé;Signature Contrat;859.92
5467;04/05/2026 00:18:18;;Souscription en cours;Coordonnées personnelles;759.75
5468;04/05/2026 00:18:18;;Souscription en cours;Coordonnées personnelles;247.01
5469;04/05/2026 00:04:33;Manon LEFEBVRE;Dossier refusé;Saisie société;687.36
5470;04/05/2026 00:04:33;Manon LEFEBVRE;Dossier refusé;Saisie société;128.29
5471;03/05/2026 23:46:07;;Souscription en cours;Choix de l'offre et livraison;710.55
5472;03/05/2026 23:46:07;;Souscription en cours;Choix de l'offre et livraison;718.71
5473;03/05/2026 23:18:14;;Dossier validé;Parcours terminé;116.80
5474;03/05/2026 23:18:14;;Dossier validé;Parcours terminé;354.75
5475;03/05/2026 22:55:30;;Dossier validé;Parcours terminé;340.24
5476;03/05/2026 22:55:30;;Dossier validé;Parcours terminé;940.71
5477;03/05/2026 21:55:15;;En attente d'analyse Agent - Dossier avec erreurs;Signature Contrat;121.62
5478;03/05/2026 21:55:15;;En attente d'analyse Agent - Dossier avec erreurs;Signature Contrat;247.25
5479;03/05/2026 21:51:55;;Souscription en cours;Coordonnées personnelles;421.36
5480;03/05/2026 21:51:55;;Souscription en cours;Coordonnées personnelles;750.76
5481;03/05/2026 21:49:40;;Dossier refusé;Saisie société;120.78
5482;03/05/2026 21:49:40;;Dossier refusé;Saisie société;383.45
5483;03/05/2026 21:40:43;;Souscription non démarrée;Parcours non démarré;919.75
5484;03/05/2026 21:40:43;;Souscription non démarrée;Parcours non démarré;974.15
5485;03/05/2026 21:27:08;;Souscription en cours;Choix de l'offre et livraison;536.42
5486;03/05/2026 21:27:08;;Souscription en cours;Choix de l'offre et livraison;481.88
5487;03/05/2026 21:15:23;;Dossier validé;Parcours terminé;521.22
5488;03/05/2026 21:15:23;;Dossier validé;Parcours terminé;810.44
5489;03/05/2026 20:58:18;;Dossier validé;Parcours terminé;157.20
5490;03/05/2026 20:58:18;;Dossier validé;Parcours terminé;624.47
5491;03/05/2026 20:42:30;;Souscription non démarrée;Parcours non démarré;750.51
5492;03/05/2026 20:42:30;;Souscription non démarrée;Parcours non démarré;776.92
5493;03/05/2026 20:32:13;Hugo MARTIN;Dossier validé;Parcours terminé;842.50
5494;03/05/2026 20:32:13;Hugo MARTIN;Dossier validé;Parcours terminé;526.60
5495;03/05/2026 20:29:42;;Dossier refusé;Saisie société;533.73
5496;03/05/2026 20:29:42;;Dossier refusé;Saisie société;387.98
5497;03/05/2026 19:46:15;;Dossier validé;Parcours terminé;749.12
5498;03/05/2026 19:46:15;;Dossier validé;Parcours terminé;423.75
5499;03/05/2026 19:24:44;Adam MARTIN;Dossier validé;Parcours terminé;309.96
5500;03/05/2026 19:24:44;Adam MARTIN;Dossier validé;Parcours terminé;598.50
5501;03/05/2026 19:23:58;;Dossier validé;Parcours terminé;652.63
5502;03/05/2026 19:23:58;;Dossier validé;Parcours terminé;484.58
5503;03/05/2026 18:59:21;;Souscription en cours;Coordonnées personnelles;655.83
5504;03/05/2026 18:59:21;;Souscription en cours;Coordonnées personnelles;586.17
5505;03/05/2026 18:49:10;;Dossier validé;Parcours terminé;749.71
5506;03/05/2026 18:49:10;;Dossier validé;Parcours terminé;151.69
5507;03/05/2026 18:37:44;;Souscription en cours;Coordonnées personnelles;464.63
5508;03/05/2026 18:37:44;;Souscription en cours;Coordonnées personnelles;905.17
5509;03/05/2026 18:27:04;;Souscription non démarrée;Parcours non démarré;491.81
5510;03/05/2026 18:27:04;;Souscription non démarrée;Parcours non démarré;837.81
5511;03/05/2026 17:48:46;;Souscription en cours;Choix de l'offre et livraison;331.34
5512;03/05/2026 17:48:46;;Souscription en cours;Choix de l'offre et livraison;524.97
5513;03/05/2026 17:35:09;;En attente d'analyse Agent - Dossier avec erreurs;Signature Contrat;195.19
5514;03/05/2026 17:35:09;;En attente d'analyse Agent - Dossier avec erreurs;Signature Contrat;153.42
5515;03/05/2026 17:32:48;;Dossier validé;Parcours terminé;340.34
5516;03/05/2026 17:32:48;;Dossier validé;Parcours terminé;777.89
5517;03/05/2026 17:31:13;;Dossier refusé;Saisie société;955.10
5518;03/05/2026 17:31:13;;Dossier refusé;Saisie société;859.73
5519;03/05/2026 17:19:14;;Souscription en cours;Signature Contrat;322.86
5520;03/05/2026 17:19:14;;Souscription en cours;Signature Contrat;995.45
5521;03/05/2026 17:10:19;;Dossier refusé;Saisie société;538.49
5522;03/05/2026 17:10:19;;Dossier refusé;Saisie société;962.83
5523;03/05/2026 17:03:22;Rayan MICHEL;Dossier refusé;Saisie société;206.09
5524;03/05/2026 17:03:22;Rayan MICHEL;Dossier refusé;Saisie société;801.75
5525;03/05/2026 16:37:42;;Dossier validé;Parcours terminé;562.59
5526;03/05/2026 16:37:42;;Dossier validé;Parcours terminé;707.19
5527;03/05/2026 16:24:54;;Souscription en cours;Coordonnées personnelles;880.14
5528;03/05/2026 16:24:54;;Souscription en cours;Coordonnées personnelles;568.12
5529;03/05/2026 15:59:48;;Souscription non démarrée;Parcours non démarré;391.58
5530;03/05/2026 15:59:48;;Souscription non démarrée;Parcours non démarré;450.25
5531;03/05/2026 15:53:05;Z5681453;Dossier refusé;Signature Contrat;657.99
5532;03/05/2026 15:53:05;Z5681453;Dossier refusé;Signature Contrat;426.69
5533;03/05/2026 15:42:43;;Souscription en cours;Coordonnées personnelles;154.31
5534;03/05/2026 15:42:43;;Souscription en cours;Coordonnées personnelles;753.52
5535;03/05/2026 15:42:41;Adam LAURENT;Dossier validé;Parcours terminé;613.64
5536;03/05/2026 15:42:41;Adam LAURENT;Dossier validé;Parcours terminé;831.80
5537;03/05/2026 15:12:07;;Souscription non démarrée;Parcours non démarré;606.70
5538;03/05/2026 15:12:07;;Souscription non démarrée;Parcours non démarré;910.46
5539;03/05/2026 15:10:23;;Dossier validé;Parcours terminé;432.85
5540;03/05/2026 15:10:23;;Dossier validé;Parcours terminé;672.54
5541;03/05/2026 14:55:25;;Souscription en cours;Signature Contrat;116.42
5542;03/05/2026 14:55:25;;Souscription en cours;Signature Contrat;696.76
5543;03/05/2026 14:42:25;;Souscription en cours;Coordonnées personnelles;208.87
5544;03/05/2026 14:42:25;;Souscription en cours;Coordonnées personnelles;241.51
5545;03/05/2026 14:42:23;;Dossier validé;Parcours terminé;492.83
5546;03/05/2026 14:42:23;;Dossier validé;Parcours terminé;399.15
5547;03/05/2026 14:27:11;;Dossier validé;Parcours terminé;502.65
5548;03/05/2026 14:27:11;;Dossier validé;Parcours terminé;259.02
5549;03/05/2026 14:22:51;;Dossier validé;Parcours terminé;965.85
5550;03/05/2026 14:22:51;;Dossier validé;Parcours terminé;728.60
5551;03/05/2026 14:22:27;;Dossier validé;Parcours terminé;713.28
5552;03/05/2026 14:22:27;;Dossier validé;Parcours terminé;502.53
5553;03/05/2026 14:12:52;;Souscription non démarrée;Parcours non démarré;703.91
5554;03/05/2026 14:12:52;;Souscription non démarrée;Parcours non démarré;514.60
5555;03/05/2026 13:52:40;;Souscription non démarrée;Parcours non démarré;174.11
5556;03/05/2026 13:52:40;;Souscription non démarrée;Parcours non démarré;218.74
5557;03/05/2026 13:52:36;;Souscription non démarrée;Parcours non démarré;132.39
5558;03/05/2026 13:52:36;;Souscription non démarrée;Parcours non démarré;410.84
5559;03/05/2026 13:48:48;;Dossier validé;Parcours terminé;176.20
5560;03/05/2026 13:48:48;;Dossier validé;Parcours terminé;465.10
5561;03/05/2026 12:51:02;;Souscription en cours;Informations complémentaires (Etablissements, etc.);238.12
5562;03/05/2026 12:51:02;;Souscription en cours;Informations complémentaires (Etablissements, etc.);496.43
5563;03/05/2026 12:49:35;;Souscription en cours;Coordonnées personnelles;900.49
5564;03/05/2026 12:49:35;;Souscription en cours;Coordonnées personnelles;694.98
5565;03/05/2026 12:44:17;;Dossier validé;Parcours terminé;739.35
5566;03/05/2026 12:44:17;;Dossier validé;Parcours terminé;448.25
5567;03/05/2026 12:34:29;;Dossier refusé;Signature Contrat;948.75
5568;03/05/2026 12:34:29;;Dossier refusé;Signature Contrat;812.16
5569;03/05/2026 12:27:44;;Dossier validé;Parcours terminé;317.90
5570;03/05/2026 12:27:44;;Dossier validé;Parcours terminé;764.23
5571;03/05/2026 12:18:07;;Dossier validé;Parcours terminé;624.00
5572;03/05/2026 12:18:07;;Dossier validé;Parcours terminé;996.38
5573;03/05/2026 12:16:42;;Dossier validé;Parcours terminé;172.38
5574;03/05/2026 12:16:42;;Dossier validé;Parcours terminé;284.87
5575;03/05/2026 12:09:04;;Dossier refusé;Signature Contrat;372.95
5576;03/05/2026 12:09:04;;Dossier refusé;Signature Contrat;410.34
5577;03/05/2026 12:03:25;;Souscription en cours;Choix de l'offre et livraison;929.77
5578;03/05/2026 12:03:25;;Souscription en cours;Choix de l'offre et livraison;632.75
5579;03/05/2026 11:51:24;Adam LAURENT;Dossier validé;Parcours terminé;767.55
5580;03/05/2026 11:51:24;Adam LAURENT;Dossier validé;Parcours terminé;798.74
5581;03/05/2026 11:48:44;;Dossier validé;Parcours terminé;334.12
5582;03/05/2026 11:48:44;;Dossier validé;Parcours terminé;372.15
5583;03/05/2026 11:47:03;;Souscription non démarrée;Parcours non démarré;134.78
5584;03/05/2026 11:47:03;;Souscription non démarrée;Parcours non démarré;956.82
5585;03/05/2026 11:35:08;;Dossier validé;Parcours terminé;355.63
5586;03/05/2026 11:35:08;;Dossier validé;Parcours terminé;922.26
5587;03/05/2026 11:32:30;;Souscription en cours;Coordonnées personnelles;264.68
5588;03/05/2026 11:32:30;;Souscription en cours;Coordonnées personnelles;693.93
5589;03/05/2026 11:24:31;;Dossier validé;Parcours terminé;899.67
5590;03/05/2026 11:24:31;;Dossier validé;Parcours terminé;364.11
5591;03/05/2026 11:23:09;;Souscription en cours;Signature Contrat;926.61
5592;03/05/2026 11:23:09;;Souscription en cours;Signature Contrat;720.77
5593;03/05/2026 11:09:56;Manon LEFEBVRE;Dossier refusé;Signature Contrat;631.26
5594;03/05/2026 11:09:56;Manon LEFEBVRE;Dossier refusé;Signature Contrat;111.22
5595;03/05/2026 11:09:17;;Dossier validé;Parcours terminé;546.68
5596;03/05/2026 11:09:17;;Dossier validé;Parcours terminé;149.35
5597;03/05/2026 11:02:42;;Dossier validé;Parcours terminé;800.73
5598;03/05/2026 11:02:42;;Dossier validé;Parcours terminé;300.16
5599;03/05/2026 10:58:44;;Dossier validé;Parcours terminé;839.13
5600;03/05/2026 10:58:44;;Dossier validé;Parcours terminé;991.47
5601;03/05/2026 10:42:45;Hugo MARTIN;Dossier refusé;Choix de l'offre et livraison;203.81
5602;03/05/2026 10:42:45;Hugo MARTIN;Dossier refusé;Choix de l'offre et livraison;693.29
5603;03/05/2026 10:41:12;;Dossier validé;Parcours terminé;635.21
5604;03/05/2026 10:41:12;;Dossier validé;Parcours terminé;473.60
5605;03/05/2026 10:37:42;;Souscription en cours;Choix de l'offre et livraison;489.40
5606;03/05/2026 10:37:42;;Souscription en cours;Choix de l'offre et livraison;868.27
5607;03/05/2026 10:32:37;;Dossier validé;Parcours terminé;373.42
5608;03/05/2026 10:32:37;;Dossier validé;Parcours terminé;439.02
5609;03/05/2026 10:29:04;;En attente d'analyse Agent - Dossier sans erreur;Parcours terminé;515.88
5610;03/05/2026 10:29:04;;En attente d'analyse Agent - Dossier sans erreur;Parcours terminé;524.09
5611;03/05/2026 10:24:28;;Souscription en cours;Coordonnées personnelles;483.17
5612;03/05/2026 10:24:28;;Souscription en cours;Coordonnées personnelles;861.48
5613;03/05/2026 10:22:41;;Dossier refusé;Saisie société;706.74
5614;03/05/2026 10:22:41;;Dossier refusé;Saisie société;491.57
5615;03/05/2026 10:13:04;;Souscription en cours;Coordonnées personnelles;203.53
5616;03/05/2026 10:13:04;;Souscription en cours;Coordonnées personnelles;428.60
5617;03/05/2026 10:00:48;;Souscription en cours;Vérification d'identité;816.12
5618;03/05/2026 10:00:48;;Souscription en cours;Vérification d'identité;226.86
5619;03/05/2026 09:39:43;;Dossier validé;Parcours terminé;498.10
5620;03/05/2026 09:39:43;;Dossier validé;Parcours terminé;765.71
5621;03/05/2026 09:20:13;;Souscription en cours;Informations complémentaires (CA, Profession, etc.);528.70
5622;03/05/2026 09:20:13;;Souscription en cours;Informations complémentaires (CA, Profession, etc.);362.07
5623;03/05/2026 09:17:49;;Souscription en cours;Choix de l'offre et livraison;735.79
5624;03/05/2026 09:17:49;;Souscription en cours;Choix de l'offre et livraison;874.05
5625;03/05/2026 08:47:20;;Souscription en cours;Choix de l'offre et livraison;979.94
5626;03/05/2026 08:47:20;;Souscription en cours;Choix de l'offre et livraison;835.40
5627;03/05/2026 08:25:23;;En attente d'analyse Agent - Dossier avec erreurs;Signature Contrat;330.49
5628;03/05/2026 08:25:23;;En attente d'analyse Agent - Dossier avec erreurs;Signature Contrat;930.23
5629;03/05/2026 08:04:57;;Dossier validé;Parcours terminé;775.51
5630;03/05/2026 08:04:57;;Dossier validé;Parcours terminé;505.27
5631;03/05/2026 08:02:20;;Souscription en cours;Vérification d'identité;502.04
5632;03/05/2026 08:02:20;;Souscription en cours;Vérification d'identité;522.01
5633;03/05/2026 07:56:53;;Souscription en cours;Choix de l'offre et livraison;384.78
5634;03/05/2026 07:56:53;;Souscription en cours;Choix de l'offre et livraison;343.22
5635;03/05/2026 07:49:30;;Dossier refusé;Signature Contrat;229.92
5636;03/05/2026 07:49:30;;Dossier refusé;Signature Contrat;380.44
5637;03/05/2026 04:29:44;;Dossier validé;Parcours terminé;178.92
5638;03/05/2026 04:29:44;;Dossier validé;Parcours terminé;403.18
5639;03/05/2026 03:08:34;;Dossier validé;Parcours terminé;757.28
5640;03/05/2026 03:08:34;;Dossier validé;Parcours terminé;586.42
5641;03/05/2026 03:07:24;;Souscription en cours;Signature Contrat;233.85
5642;03/05/2026 03:07:24;;Souscription en cours;Signature Contrat;566.20
5643;03/05/2026 02:31:55;;Dossier validé;Parcours terminé;463.00
5644;03/05/2026 02:31:55;;Dossier validé;Parcours terminé;875.55
5645;03/05/2026 01:35:21;;Souscription en cours;Synchronisation référentiel personne NOVA;527.49
5646;03/05/2026 01:35:21;;Souscription en cours;Synchronisation référentiel personne NOVA;289.01
5647;03/05/2026 00:35:18;;Souscription en cours;Synchronisation référentiel personne NOVA;990.17
5648;03/05/2026 00:35:18;;Souscription en cours;Synchronisation référentiel personne NOVA;742.46
5649;03/05/2026 00:10:47;;Dossier refusé;Saisie société;218.98
5650;03/05/2026 00:10:47;;Dossier refusé;Saisie société;615.30
5651;03/05/2026 00:02:57;;Dossier validé;Parcours terminé;141.42
5652;03/05/2026 00:02:57;;Dossier validé;Parcours terminé;795.01
