Code agence;Statut;Création;Onboarding;Code_Contact;Valeur
07439;EER non démarré;27/06/2026;—;1000057220;859.40
07439;EER non démarré;27/06/2026;—;1000057221;406.41
03231;EER non démarré;27/06/2026;—;1000057230;905.21
03231;EER non démarré;27/06/2026;—;1000057231;771.83
08414;EER validé;27/06/2026;a810bf6c;1000057240;235.26
08414;EER validé;27/06/2026;d30527ce;1000057241;308.68
05616;EER non démarré;27/06/2026;—;1000057250;158.12
05616;EER non démarré;27/06/2026;—;1000057251;628.21
06744;EER à valider;27/06/2026;6a7ee887;1000057260;534.79
06744;EER à valider;27/06/2026;a0b41e12;1000057261;434.84
07283;EER validé;27/06/2026;31619de0;1000057270;175.81
07283;EER validé;27/06/2026;7efcc61f;1000057271;762.99
02002;EER démarré;27/06/2026;b3859d38;1000057280;559.27
02002;EER démarré;27/06/2026;03fab7d9;1000057281;857.59
06744;EER démarré;27/06/2026;b888f530;1000057290;660.20
06744;EER démarré;27/06/2026;02f5dc9e;1000057291;944.66
02159;EER non démarré;27/06/2026;—;1000057300;101.00
02159;EER non démarré;27/06/2026;—;1000057301;155.86
06744;EER non démarré;27/06/2026;—;1000057310;152.20
06744;EER non démarré;27/06/2026;—;1000057311;137.55
05018;EER non démarré;27/06/2026;—;1000057320;300.62
05018;EER non démarré;27/06/2026;—;1000057321;404.12
09434;EER démarré;27/06/2026;98c6e4a6;1000057330;617.48
09434;EER démarré;27/06/2026;66be3d25;1000057331;570.08
01438;EER non démarré;27/06/2026;—;1000057340;229.94
01438;EER non démarré;27/06/2026;—;1000057341;297.67
06744;EER non démarré;27/06/2026;—;1000057350;908.57
06744;EER non démarré;27/06/2026;—;1000057351;816.47
06348;EER non démarré;27/06/2026;—;1000057360;479.72
06348;EER non démarré;27/06/2026;—;1000057361;846.95
01651;EER non démarré;27/06/2026;—;1000057370;779.93
01651;EER non démarré;27/06/2026;—;1000057371;936.41
08342;EER non démarré;27/06/2026;—;1000057380;946.02
08342;EER non démarré;27/06/2026;—;1000057381;920.13
05027;EER non démarré;27/06/2026;—;1000057390;772.23
05027;EER non démarré;27/06/2026;—;1000057391;196.95
05326;EER non démarré;27/06/2026;—;1000057400;451.80
05326;EER non démarré;27/06/2026;—;1000057401;983.28
06129;EER non démarré;27/06/2026;—;1000057410;299.63
06129;EER non démarré;27/06/2026;—;1000057411;880.33
09141;EER rejeté;27/06/2026;961a28f9;1000057420;977.09
09141;EER rejeté;27/06/2026;42a15333;1000057421;358.14
04588;EER non démarré;27/06/2026;—;1000057430;121.89
04588;EER non démarré;27/06/2026;—;1000057431;310.45
00685;EER non démarré;27/06/2026;—;1000057440;969.59
00685;EER non démarré;27/06/2026;—;1000057441;616.56
02468;EER démarré;27/06/2026;e2e646df;1000057450;142.56
02468;EER démarré;27/06/2026;e6cc677e;1000057451;881.21
04669;EER non démarré;27/06/2026;—;1000057460;618.10
04669;EER non démarré;27/06/2026;—;1000057461;210.72
06239;EER non démarré;27/06/2026;—;1000057470;655.41
06239;EER non démarré;27/06/2026;—;1000057471;948.31
06744;EER validé;27/06/2026;8cf79690;1000057480;283.00
06744;EER validé;27/06/2026;b032c26f;1000057481;371.57
01082;EER validé;27/06/2026;fad00869;1000057490;509.60
01082;EER validé;27/06/2026;70ad7059;1000057491;824.69
05540;EER démarré;27/06/2026;dc8b094b;1000057500;669.73
05540;EER démarré;27/06/2026;9e3e9b39;1000057501;378.14
05027;EER non démarré;27/06/2026;—;1000057510;561.38
05027;EER non démarré;27/06/2026;—;1000057511;523.44
01864;EER démarré;27/06/2026;68363f5c;1000057520;826.51
01864;EER démarré;27/06/2026;6fcbd8b5;1000057521;282.40
02330;EER non démarré;27/06/2026;—;1000057530;871.15
02330;EER non démarré;27/06/2026;—;1000057531;737.49
01349;EER non démarré;27/06/2026;—;1000057540;461.95
01349;EER non démarré;27/06/2026;—;1000057541;778.07
03940;EER non démarré;27/06/2026;—;1000057550;557.87
03940;EER non démarré;27/06/2026;—;1000057551;636.70
09238;EER à valider;27/06/2026;592bb8cd;1000057560;737.86
09238;EER à valider;27/06/2026;a35968a7;1000057561;464.95
01427;EER démarré;27/06/2026;f78fd70a;1000057570;784.29
01427;EER démarré;27/06/2026;a32cf141;1000057571;279.55
09342;EER démarré;27/06/2026;54536be2;1000057580;335.80
09342;EER démarré;27/06/2026;a899a887;1000057581;743.19
02266;EER non démarré;27/06/2026;—;1000057590;202.56
02266;EER non démarré;27/06/2026;—;1000057591;622.23
04890;EER non démarré;27/06/2026;—;1000057600;496.69
04890;EER non démarré;27/06/2026;—;1000057601;104.37
06360;EER rejeté;27/06/2026;57dbe1eb;1000057610;856.00
06360;EER rejeté;27/06/2026;241ddf19;1000057611;639.01
07386;EER non démarré;27/06/2026;—;1000057620;240.35
07386;EER non démarré;27/06/2026;—;1000057621;512.58
07391;EER validé;27/06/2026;3ba6c1b5;1000057630;998.88
07391;EER validé;27/06/2026;59557445;1000057631;703.44
09238;EER non démarré;27/06/2026;—;1000057640;746.52
09238;EER non démarré;27/06/2026;—;1000057641;242.54
00386;EER non démarré;27/06/2026;—;1000057650;457.04
00386;EER non démarré;27/06/2026;—;1000057651;495.64
05892;EER non démarré;27/06/2026;—;1000057660;999.49
05892;EER non démarré;27/06/2026;—;1000057661;393.27
05586;EER non démarré;26/06/2026;—;1000057670;800.60
05586;EER non démarré;26/06/2026;—;1000057671;400.88
05689;EER non démarré;26/06/2026;—;1000057680;673.77
05689;EER non démarré;26/06/2026;—;1000057681;975.76
07853;EER non démarré;26/06/2026;—;1000057690;668.20
07853;EER non démarré;26/06/2026;—;1000057691;109.91
04169;EER non démarré;26/06/2026;—;1000057700;504.98
04169;EER non démarré;26/06/2026;—;1000057701;459.29
09609;EER non démarré;26/06/2026;—;1000057710;263.17
09609;EER non démarré;26/06/2026;—;1000057711;891.64
02200;EER non démarré;26/06/2026;—;1000057720;350.65
02200;EER non démarré;26/06/2026;—;1000057721;875.05
02518;EER non démarré;26/06/2026;—;1000057730;356.66
02518;EER non démarré;26/06/2026;—;1000057731;512.22
06804;EER non démarré;26/06/2026;—;1000057740;904.19
06804;EER non démarré;26/06/2026;—;1000057741;286.84
06744;EER validé;26/06/2026;60365089;1000057750;584.84
06744;EER validé;26/06/2026;bcbc32b4;1000057751;355.94
02685;EER démarré;26/06/2026;24c48433;1000057760;312.11
02685;EER démarré;26/06/2026;3859ae48;1000057761;369.85
07386;EER validé;26/06/2026;6eff2d19;1000057770;722.86
07386;EER validé;26/06/2026;172d544e;1000057771;580.84
03940;EER non démarré;26/06/2026;—;1000057780;478.14
03940;EER non démarré;26/06/2026;—;1000057781;386.64
06744;EER non démarré;26/06/2026;—;1000057790;362.67
06744;EER non démarré;26/06/2026;—;1000057791;713.75
09148;EER non démarré;26/06/2026;—;1000057800;597.53
09148;EER non démarré;26/06/2026;—;1000057801;820.93
02579;EER validé;26/06/2026;eeabeca3;1000057810;589.37
02579;EER validé;26/06/2026;be92c2d7;1000057811;721.20
02938;EER non démarré;26/06/2026;—;1000057820;819.68
02938;EER non démarré;26/06/2026;—;1000057821;563.44
05479;EER démarré;26/06/2026;28afb007;1000057830;522.95
05479;EER démarré;26/06/2026;403de368;1000057831;706.15
01472;EER non démarré;26/06/2026;—;1000057840;859.28
01472;EER non démarré;26/06/2026;—;1000057841;791.25
09238;EER non démarré;26/06/2026;—;1000057850;505.24
09238;EER non démarré;26/06/2026;—;1000057851;171.11
05838;EER non démarré;26/06/2026;—;1000057860;503.58
05838;EER non démarré;26/06/2026;—;1000057861;938.42
07669;EER non démarré;26/06/2026;—;1000057870;639.71
07669;EER non démarré;26/06/2026;—;1000057871;476.91
07362;EER non démarré;26/06/2026;—;1000057880;857.30
07362;EER non démarré;26/06/2026;—;1000057881;552.17
03665;EER non démarré;26/06/2026;—;1000057890;755.68
03665;EER non démarré;26/06/2026;—;1000057891;256.53
05331;EER rejeté;26/06/2026;ffedbec4;1000057900;144.62
05331;EER rejeté;26/06/2026;39abf228;1000057901;283.89
06744;EER non démarré;26/06/2026;—;1000057910;435.07
06744;EER non démarré;26/06/2026;—;1000057911;485.43
00787;EER non démarré;26/06/2026;—;1000057920;896.95
00787;EER non démarré;26/06/2026;—;1000057921;296.64
06191;EER non démarré;26/06/2026;—;1000057930;525.84
06191;EER non démarré;26/06/2026;—;1000057931;385.77
06239;EER non démarré;26/06/2026;—;1000057940;261.51
06239;EER non démarré;26/06/2026;—;1000057941;645.08
07715;EER démarré;26/06/2026;ddb8c64f;1000057950;161.79
07715;EER démarré;26/06/2026;d2320a5e;1000057951;949.89
04699;EER non démarré;26/06/2026;—;1000057960;329.87
04699;EER non démarré;26/06/2026;—;1000057961;310.35
05868;EER non démarré;26/06/2026;—;1000057970;554.28
05868;EER non démarré;26/06/2026;—;1000057971;815.52
08144;EER non démarré;26/06/2026;—;1000057980;483.23
08144;EER non démarré;26/06/2026;—;1000057981;285.28
06744;EER non démarré;26/06/2026;—;1000057990;192.16
06744;EER non démarré;26/06/2026;—;1000057991;973.12
02639;EER non démarré;26/06/2026;—;1000058000;866.73
02639;EER non démarré;26/06/2026;—;1000058001;470.24
00386;EER non démarré;26/06/2026;—;1000058010;361.48
00386;EER non démarré;26/06/2026;—;1000058011;849.19
05027;EER démarré;26/06/2026;44033c20;1000058020;838.76
05027;EER démarré;26/06/2026;aca4474d;1000058021;861.44
09238;EER non démarré;26/06/2026;—;1000058030;638.87
09238;EER non démarré;26/06/2026;—;1000058031;643.08
05331;EER non démarré;26/06/2026;—;1000058040;585.51
05331;EER non démarré;26/06/2026;—;1000058041;423.18
09483;EER non démarré;26/06/2026;—;1000058050;825.95
09483;EER non démarré;26/06/2026;—;1000058051;741.39
09071;EER validé;26/06/2026;9fbb6a23;1000058060;698.28
09071;EER validé;26/06/2026;1acfed47;1000058061;272.26
06550;EER démarré;26/06/2026;1ec82349;1000058070;183.59
06550;EER démarré;26/06/2026;987e3f9b;1000058071;736.36
09276;EER non démarré;26/06/2026;—;1000058080;680.20
09276;EER non démarré;26/06/2026;—;1000058081;992.08
09273;EER non démarré;26/06/2026;—;1000058090;640.37
09273;EER non démarré;26/06/2026;—;1000058091;350.20
09238;EER validé;26/06/2026;5a893949;1000058100;106.45
09238;EER validé;26/06/2026;26942ca2;1000058101;955.97
03940;EER non démarré;26/06/2026;—;1000058110;326.65
03940;EER non démarré;26/06/2026;—;1000058111;555.83
05326;EER non démarré;26/06/2026;—;1000058120;830.61
05326;EER non démarré;26/06/2026;—;1000058121;831.98
01651;EER validé;26/06/2026;e24875eb;1000058130;424.73
01651;EER validé;26/06/2026;05eb6d2a;1000058131;843.49
05522;EER non démarré;26/06/2026;—;1000058140;981.91
05522;EER non démarré;26/06/2026;—;1000058141;769.76
02230;EER à valider;26/06/2026;aa6dc14e;1000058150;355.15
02230;EER à valider;26/06/2026;9b705e1d;1000058151;636.97
06591;EER non démarré;26/06/2026;—;1000058160;460.44
06591;EER non démarré;26/06/2026;—;1000058161;258.59
01708;EER non démarré;26/06/2026;—;1000058170;650.27
01708;EER non démarré;26/06/2026;—;1000058171;300.03
05027;EER non démarré;26/06/2026;—;1000058180;126.90
05027;EER non démarré;26/06/2026;—;1000058181;343.87
05976;EER validé;26/06/2026;ed7506d4;1000058190;407.55
05976;EER validé;26/06/2026;9c7c1656;1000058191;944.87
05522;EER à valider;26/06/2026;8710f390;1000058200;821.22
05522;EER à valider;26/06/2026;61c6de21;1000058201;291.45
05027;EER non démarré;26/06/2026;—;1000058210;607.91
05027;EER non démarré;26/06/2026;—;1000058211;885.70
09238;EER validé;26/06/2026;016249d3;1000058220;456.84
09238;EER validé;26/06/2026;bf38b8ce;1000058221;213.15
04835;EER à valider;26/06/2026;aca4966b;1000058230;856.43
04835;EER à valider;26/06/2026;a912529f;1000058231;516.50
09238;EER validé;26/06/2026;6e1f99eb;1000058240;879.45
09238;EER validé;26/06/2026;2602c137;1000058241;544.23
03381;EER démarré;26/06/2026;b9a7a15b;1000058250;488.39
03381;EER démarré;26/06/2026;3c079f0d;1000058251;130.59
06744;EER non démarré;26/06/2026;—;1000058260;673.51
06744;EER non démarré;26/06/2026;—;1000058261;448.62
03900;EER non démarré;26/06/2026;—;1000058270;529.89
03900;EER non démarré;26/06/2026;—;1000058271;104.71
09019;EER validé;26/06/2026;ab46b2c8;1000058280;660.85
09019;EER validé;26/06/2026;56ea4c01;1000058281;154.94
00368;EER démarré;26/06/2026;77bf99c2;1000058290;434.91
00368;EER démarré;26/06/2026;8ca9de45;1000058291;661.98
03231;EER à valider;26/06/2026;2474d215;1000058300;808.97
03231;EER à valider;26/06/2026;8203db3b;1000058301;391.51
03366;EER validé;26/06/2026;acc703a8;1000058310;762.89
03366;EER validé;26/06/2026;37943d32;1000058311;370.69
07286;EER non démarré;26/06/2026;—;1000058320;368.89
07286;EER non démarré;26/06/2026;—;1000058321;445.11
06744;EER non démarré;26/06/2026;—;1000058330;163.63
06744;EER non démarré;26/06/2026;—;1000058331;468.21
06794;EER non démarré;26/06/2026;—;1000058340;402.44
06794;EER non démarré;26/06/2026;—;1000058341;995.35
07536;EER validé;26/06/2026;9486aa82;1000058350;892.37
07536;EER validé;26/06/2026;78ddecf4;1000058351;742.97
02200;EER non démarré;26/06/2026;—;1000058360;311.87
02200;EER non démarré;26/06/2026;—;1000058361;875.27
05388;EER validé;26/06/2026;a0b7792d;1000058370;944.74
05388;EER validé;26/06/2026;3e9ca7d6;1000058371;168.29
03940;EER non démarré;26/06/2026;—;1000058380;652.08
03940;EER non démarré;26/06/2026;—;1000058381;828.52
06556;EER validé;26/06/2026;197148b9;1000058390;506.42
06556;EER validé;26/06/2026;11fb5286;1000058391;420.54
03940;EER non démarré;26/06/2026;—;1000058400;653.80
03940;EER non démarré;26/06/2026;—;1000058401;774.72
02988;EER validé;26/06/2026;d3c93083;1000058410;879.18
02988;EER validé;26/06/2026;f9da62f8;1000058411;139.84
04994;EER non démarré;26/06/2026;—;1000058420;796.68
04994;EER non démarré;26/06/2026;—;1000058421;547.17
09238;EER non démarré;26/06/2026;—;1000058430;981.65
09238;EER non démarré;26/06/2026;—;1000058431;430.18
05403;EER non démarré;26/06/2026;—;1000058440;446.43
05403;EER non démarré;26/06/2026;—;1000058441;757.58
04521;EER non démarré;26/06/2026;—;1000058450;335.23
04521;EER non démarré;26/06/2026;—;1000058451;558.53
07841;EER non démarré;26/06/2026;—;1000058460;538.99
07841;EER non démarré;26/06/2026;—;1000058461;932.94
08696;EER non démarré;26/06/2026;—;1000058470;788.17
08696;EER non démarré;26/06/2026;—;1000058471;358.95
01199;EER non démarré;26/06/2026;—;1000058480;879.16
01199;EER non démarré;26/06/2026;—;1000058481;586.58
06792;EER démarré;26/06/2026;61887ba9;1000058490;674.05
06792;EER démarré;26/06/2026;5f18ede9;1000058491;907.94
05326;EER non démarré;26/06/2026;—;1000058500;254.19
05326;EER non démarré;26/06/2026;—;1000058501;326.18
09238;EER non démarré;26/06/2026;—;1000058510;694.64
09238;EER non démarré;26/06/2026;—;1000058511;455.23
03940;EER non démarré;26/06/2026;—;1000058520;725.86
03940;EER non démarré;26/06/2026;—;1000058521;823.94
08492;EER démarré;26/06/2026;074957ec;1000058530;162.58
08492;EER démarré;26/06/2026;2cc1d821;1000058531;225.44
07627;EER validé;26/06/2026;f5cedea4;1000058540;803.23
07627;EER validé;26/06/2026;df61780e;1000058541;884.85
07268;EER non démarré;26/06/2026;—;1000058550;439.88
07268;EER non démarré;26/06/2026;—;1000058551;485.25
05682;EER à valider;26/06/2026;43c8cf7b;1000058560;270.48
05682;EER à valider;26/06/2026;778d38fe;1000058561;946.48
05443;EER validé;26/06/2026;06eb46bb;1000058570;100.36
05443;EER validé;26/06/2026;ec848918;1000058571;504.46
06744;EER validé;26/06/2026;e8a13066;1000058580;534.56
06744;EER validé;26/06/2026;80835f39;1000058581;168.89
07627;EER validé;26/06/2026;aed14df3;1000058590;101.28
07627;EER validé;26/06/2026;7be80f77;1000058591;600.26
00674;EER non démarré;26/06/2026;—;1000058600;706.27
00674;EER non démarré;26/06/2026;—;1000058601;150.68
09238;EER non démarré;26/06/2026;—;1000058610;964.73
09238;EER non démarré;26/06/2026;—;1000058611;764.02
05142;EER rejeté;26/06/2026;50bde73f;1000058620;423.70
05142;EER rejeté;26/06/2026;1b552a04;1000058621;307.63
07516;EER non démarré;26/06/2026;—;1000058630;650.18
07516;EER non démarré;26/06/2026;—;1000058631;382.63
09885;EER non démarré;26/06/2026;—;1000058640;987.32
09885;EER non démarré;26/06/2026;—;1000058641;251.40
05522;EER non démarré;26/06/2026;—;1000058650;327.01
05522;EER non démarré;26/06/2026;—;1000058651;448.79
06178;EER validé;26/06/2026;8a2bec13;1000058660;169.75
06178;EER validé;26/06/2026;fe976d96;1000058661;301.53
07782;EER non démarré;26/06/2026;—;1000058670;823.40
07782;EER non démarré;26/06/2026;—;1000058671;690.82
00368;EER non démarré;26/06/2026;—;1000058680;272.67
00368;EER non démarré;26/06/2026;—;1000058681;392.08
07293;EER démarré;26/06/2026;624ed8ee;1000058690;438.70
07293;EER démarré;26/06/2026;cc5908eb;1000058691;516.67
05326;EER validé;26/06/2026;1bc2c790;1000058700;430.82
05326;EER validé;26/06/2026;d1cb6ae7;1000058701;678.84
06667;EER non démarré;26/06/2026;—;1000058710;830.90
06667;EER non démarré;26/06/2026;—;1000058711;883.43
07386;EER non démarré;26/06/2026;—;1000058720;826.37
07386;EER non démarré;26/06/2026;—;1000058721;441.63
09238;EER rejeté;26/06/2026;9e25fee9;1000058730;550.27
09238;EER rejeté;26/06/2026;fb5363d7;1000058731;139.11
07359;EER démarré;26/06/2026;ec26e8bf;1000058740;241.56
07359;EER démarré;26/06/2026;b843452e;1000058741;912.53
09238;EER non démarré;26/06/2026;—;1000058750;479.21
09238;EER non démarré;26/06/2026;—;1000058751;522.63
01650;EER non démarré;26/06/2026;—;1000058760;108.87
01650;EER non démarré;26/06/2026;—;1000058761;890.81
09238;EER démarré;26/06/2026;1a8554d4;1000058770;537.84
09238;EER démarré;26/06/2026;7cd54c2a;1000058771;864.59
05586;EER non démarré;26/06/2026;—;1000058780;417.10
05586;EER non démarré;26/06/2026;—;1000058781;395.36
07386;EER non démarré;26/06/2026;—;1000058790;126.08
07386;EER non démarré;26/06/2026;—;1000058791;185.09
05204;EER non démarré;26/06/2026;—;1000058800;666.44
05204;EER non démarré;26/06/2026;—;1000058801;930.84
05091;EER non démarré;26/06/2026;—;1000058810;861.04
05091;EER non démarré;26/06/2026;—;1000058811;950.91
01036;EER non démarré;26/06/2026;—;1000058820;363.36
01036;EER non démarré;26/06/2026;—;1000058821;599.08
06744;EER non démarré;26/06/2026;—;1000058830;927.59
06744;EER non démarré;26/06/2026;—;1000058831;326.82
01805;EER non démarré;25/06/2026;—;1000058840;361.61
01805;EER non démarré;25/06/2026;—;1000058841;849.99
09273;EER non démarré;25/06/2026;—;1000058850;763.10
09273;EER non démarré;25/06/2026;—;1000058851;466.40
08421;EER non démarré;25/06/2026;—;1000058860;221.83
08421;EER non démarré;25/06/2026;—;1000058861;685.71
05027;EER non démarré;25/06/2026;—;1000058870;934.81
05027;EER non démarré;25/06/2026;—;1000058871;671.06
07901;EER non démarré;25/06/2026;—;1000058880;138.77
07901;EER non démarré;25/06/2026;—;1000058881;506.65
06744;EER non démarré;25/06/2026;—;1000058890;408.17
06744;EER non démarré;25/06/2026;—;1000058891;141.09
04179;EER démarré;25/06/2026;f2aa79c1;1000058900;354.72
04179;EER démarré;25/06/2026;33af818e;1000058901;971.67
02675;EER non démarré;25/06/2026;—;1000058910;168.29
02675;EER non démarré;25/06/2026;—;1000058911;931.32
03900;EER validé;25/06/2026;6aba47ce;1000058920;751.95
03900;EER validé;25/06/2026;a030c80f;1000058921;135.64
09238;EER non démarré;25/06/2026;—;1000058930;861.21
09238;EER non démarré;25/06/2026;—;1000058931;713.25
09238;EER non démarré;25/06/2026;—;1000058940;703.76
09238;EER non démarré;25/06/2026;—;1000058941;453.38
03381;EER non démarré;25/06/2026;—;1000058950;492.37
03381;EER non démarré;25/06/2026;—;1000058951;206.39
06840;EER non démarré;25/06/2026;—;1000058960;178.55
06840;EER non démarré;25/06/2026;—;1000058961;633.58
05172;EER non démarré;25/06/2026;—;1000058970;372.20
05172;EER non démarré;25/06/2026;—;1000058971;850.13
08448;EER validé;25/06/2026;1557e27a;1000058980;505.06
08448;EER validé;25/06/2026;2a4550a0;1000058981;813.76
04868;EER démarré;25/06/2026;0fb8d393;1000058990;412.23
04868;EER démarré;25/06/2026;758d2a37;1000058991;150.37
09238;EER non démarré;25/06/2026;—;1000059000;949.16
09238;EER non démarré;25/06/2026;—;1000059001;678.86
03940;EER validé;25/06/2026;5cce4a89;1000059010;955.33
03940;EER validé;25/06/2026;4aa46a86;1000059011;971.67
05326;EER validé;25/06/2026;e32c1c93;1000059020;864.38
05326;EER validé;25/06/2026;0f836a3c;1000059021;835.43
07853;EER non démarré;25/06/2026;—;1000059030;142.82
07853;EER non démarré;25/06/2026;—;1000059031;624.59
05001;EER non démarré;25/06/2026;—;1000059040;858.39
05001;EER non démarré;25/06/2026;—;1000059041;331.28
04827;EER non démarré;25/06/2026;—;1000059050;699.95
04827;EER non démarré;25/06/2026;—;1000059051;561.53
09303;EER non démarré;25/06/2026;—;1000059060;832.99
09303;EER non démarré;25/06/2026;—;1000059061;183.67
02148;EER non démarré;25/06/2026;—;1000059070;200.37
02148;EER non démarré;25/06/2026;—;1000059071;919.59
02230;EER non démarré;25/06/2026;—;1000059080;676.31
02230;EER non démarré;25/06/2026;—;1000059081;850.28
09141;EER non démarré;25/06/2026;—;1000059090;838.44
09141;EER non démarré;25/06/2026;—;1000059091;506.25
06744;EER non démarré;25/06/2026;—;1000059100;630.98
06744;EER non démarré;25/06/2026;—;1000059101;810.11
08191;EER validé;25/06/2026;629e1250;1000059110;594.80
08191;EER validé;25/06/2026;6ed42bd5;1000059111;694.89
09238;EER validé;25/06/2026;f473bd1e;1000059120;221.79
09238;EER validé;25/06/2026;0d763806;1000059121;187.17
06744;EER non démarré;25/06/2026;—;1000059130;871.77
06744;EER non démarré;25/06/2026;—;1000059131;190.43
07386;EER à rejeter;25/06/2026;4a1d3b90;1000059140;144.36
07386;EER à rejeter;25/06/2026;dda73197;1000059141;169.88
06744;EER validé;25/06/2026;7877c693;1000059150;483.01
06744;EER validé;25/06/2026;7924610f;1000059151;771.64
06744;EER non démarré;25/06/2026;—;1000059160;451.53
06744;EER non démarré;25/06/2026;—;1000059161;764.34
03082;EER non démarré;25/06/2026;—;1000059170;285.40
03082;EER non démarré;25/06/2026;—;1000059171;172.92
09238;EER non démarré;25/06/2026;—;1000059180;252.93
09238;EER non démarré;25/06/2026;—;1000059181;878.99
02496;EER non démarré;25/06/2026;—;1000059190;358.63
02496;EER non démarré;25/06/2026;—;1000059191;772.02
09238;EER non démarré;25/06/2026;—;1000059200;934.75
09238;EER non démarré;25/06/2026;—;1000059201;653.38
00386;EER validé;25/06/2026;275138af;1000059210;301.70
00386;EER validé;25/06/2026;b221920a;1000059211;791.61
07993;EER non démarré;25/06/2026;—;1000059220;781.99
07993;EER non démarré;25/06/2026;—;1000059221;844.47
01655;EER rejeté;25/06/2026;f408560f;1000059230;513.43
01655;EER rejeté;25/06/2026;9bd430cc;1000059231;503.90
09415;EER non démarré;25/06/2026;—;1000059240;869.65
09415;EER non démarré;25/06/2026;—;1000059241;609.22
07560;EER non démarré;25/06/2026;—;1000059250;136.15
07560;EER non démarré;25/06/2026;—;1000059251;451.18
07972;EER non démarré;25/06/2026;—;1000059260;179.07
07972;EER non démarré;25/06/2026;—;1000059261;812.95
08346;EER non démarré;25/06/2026;—;1000059270;774.77
08346;EER non démarré;25/06/2026;—;1000059271;653.46
03598;EER validé;25/06/2026;d35bdd63;1000059280;878.44
03598;EER validé;25/06/2026;29b8b23b;1000059281;597.53
05027;EER validé;25/06/2026;a51e648f;1000059290;220.19
05027;EER validé;25/06/2026;a30c84f8;1000059291;176.30
02200;EER non démarré;25/06/2026;—;1000059300;326.58
02200;EER non démarré;25/06/2026;—;1000059301;814.44
07286;EER non démarré;25/06/2026;—;1000059310;759.40
07286;EER non démarré;25/06/2026;—;1000059311;885.44
02230;EER non démarré;25/06/2026;—;1000059320;322.50
02230;EER non démarré;25/06/2026;—;1000059321;436.73
05587;EER validé;25/06/2026;6ebd2ceb;1000059330;580.15
05587;EER validé;25/06/2026;fc0bb70f;1000059331;482.81
07251;EER non démarré;25/06/2026;—;1000059340;313.68
07251;EER non démarré;25/06/2026;—;1000059341;623.48
08163;EER validé;25/06/2026;d477a1c3;1000059350;660.59
08163;EER validé;25/06/2026;237c9ea7;1000059351;881.01
05326;EER non démarré;25/06/2026;—;1000059360;130.20
05326;EER non démarré;25/06/2026;—;1000059361;748.76
03940;EER validé;25/06/2026;ce5bb4f1;1000059370;748.96
03940;EER validé;25/06/2026;8c280246;1000059371;278.57
08144;EER validé;25/06/2026;02df4ae8;1000059380;432.05
08144;EER validé;25/06/2026;df93dabe;1000059381;335.73
06744;EER non démarré;25/06/2026;—;1000059390;441.11
06744;EER non démarré;25/06/2026;—;1000059391;774.15
06744;EER non démarré;25/06/2026;—;1000059400;627.00
06744;EER non démarré;25/06/2026;—;1000059401;600.23
00168;EER non démarré;25/06/2026;—;1000059410;989.28
00168;EER non démarré;25/06/2026;—;1000059411;524.31
02367;EER non démarré;25/06/2026;—;1000059420;148.97
02367;EER non démarré;25/06/2026;—;1000059421;783.78
06744;EER à rejeter;25/06/2026;9cbc95e7;1000059430;277.52
06744;EER à rejeter;25/06/2026;91296e43;1000059431;384.68
09238;EER non démarré;25/06/2026;—;1000059440;691.31
09238;EER non démarré;25/06/2026;—;1000059441;262.15
09355;EER validé;25/06/2026;4aade31a;1000059450;308.33
09355;EER validé;25/06/2026;bac9e7a7;1000059451;786.96
01962;EER à valider;25/06/2026;493d6d29;1000059460;926.61
01962;EER à valider;25/06/2026;909aa2eb;1000059461;293.52
08421;EER à rejeter;25/06/2026;3634ea20;1000059470;509.12
08421;EER à rejeter;25/06/2026;a9182a21;1000059471;324.38
03609;EER à valider;25/06/2026;3347319d;1000059480;369.26
03609;EER à valider;25/06/2026;12524f7e;1000059481;640.67
09238;EER démarré;25/06/2026;d6a9c9f2;1000059490;839.12
09238;EER démarré;25/06/2026;f44e53a8;1000059491;886.25
00674;EER non démarré;25/06/2026;—;1000059500;362.91
00674;EER non démarré;25/06/2026;—;1000059501;320.03
09238;EER non démarré;25/06/2026;—;1000059510;965.31
09238;EER non démarré;25/06/2026;—;1000059511;512.90
09238;EER non démarré;25/06/2026;—;1000059520;987.83
09238;EER non démarré;25/06/2026;—;1000059521;797.76
08048;EER non démarré;25/06/2026;—;1000059530;867.15
08048;EER non démarré;25/06/2026;—;1000059531;261.56
06744;EER validé;25/06/2026;179ba9e4;1000059540;391.96
06744;EER validé;25/06/2026;5021a55b;1000059541;461.04
08367;EER non démarré;25/06/2026;—;1000059550;521.69
08367;EER non démarré;25/06/2026;—;1000059551;220.80
02200;EER non démarré;25/06/2026;—;1000059560;870.76
02200;EER non démarré;25/06/2026;—;1000059561;307.37
05443;EER non démarré;25/06/2026;—;1000059570;519.97
05443;EER non démarré;25/06/2026;—;1000059571;114.77
09238;EER non démarré;25/06/2026;—;1000059580;494.58
09238;EER non démarré;25/06/2026;—;1000059581;882.26
06744;EER non démarré;25/06/2026;—;1000059590;214.34
06744;EER non démarré;25/06/2026;—;1000059591;636.35
02336;EER non démarré;25/06/2026;—;1000059600;310.02
02336;EER non démarré;25/06/2026;—;1000059601;506.68
06662;EER non démarré;25/06/2026;—;1000059610;466.36
06662;EER non démarré;25/06/2026;—;1000059611;556.10
03802;EER non démarré;25/06/2026;—;1000059620;381.23
03802;EER non démarré;25/06/2026;—;1000059621;671.23
09799;EER non démarré;25/06/2026;—;1000059630;778.64
09799;EER non démarré;25/06/2026;—;1000059631;853.88
00967;EER validé;25/06/2026;455f767b;1000059640;703.68
00967;EER validé;25/06/2026;6c9e098c;1000059641;765.50
02557;EER à valider;25/06/2026;765b7e49;1000059650;427.58
02557;EER à valider;25/06/2026;f9b98f47;1000059651;954.68
06744;EER non démarré;25/06/2026;—;1000059660;484.97
06744;EER non démarré;25/06/2026;—;1000059661;886.13
01602;EER validé;25/06/2026;fe127bc2;1000059670;593.49
01602;EER validé;25/06/2026;00d416f8;1000059671;985.99
05954;EER non démarré;25/06/2026;—;1000059680;248.96
05954;EER non démarré;25/06/2026;—;1000059681;178.76
03141;EER non démarré;25/06/2026;—;1000059690;741.14
03141;EER non démarré;25/06/2026;—;1000059691;768.47
06041;EER non démarré;25/06/2026;—;1000059700;682.45
06041;EER non démarré;25/06/2026;—;1000059701;447.20
06947;EER non démarré;25/06/2026;—;1000059710;826.84
06947;EER non démarré;25/06/2026;—;1000059711;200.81
09238;EER validé;25/06/2026;ede11f7d;1000059720;102.60
09238;EER validé;25/06/2026;9ed02911;1000059721;383.30
05326;EER non démarré;25/06/2026;—;1000059730;439.38
05326;EER non démarré;25/06/2026;—;1000059731;179.31
06867;EER non démarré;25/06/2026;—;1000059740;607.54
06867;EER non démarré;25/06/2026;—;1000059741;881.14
09238;EER non démarré;25/06/2026;—;1000059750;882.54
09238;EER non démarré;25/06/2026;—;1000059751;393.91
08593;EER non démarré;25/06/2026;—;1000059760;588.38
08593;EER non démarré;25/06/2026;—;1000059761;639.09
05443;EER non démarré;25/06/2026;—;1000059770;540.04
05443;EER non démarré;25/06/2026;—;1000059771;999.18
01984;EER non démarré;25/06/2026;—;1000059780;147.65
01984;EER non démarré;25/06/2026;—;1000059781;545.56
09514;EER non démarré;25/06/2026;—;1000059790;190.13
09514;EER non démarré;25/06/2026;—;1000059791;539.85
06744;EER non démarré;25/06/2026;—;1000059800;302.77
06744;EER non démarré;25/06/2026;—;1000059801;556.89
02411;EER démarré;25/06/2026;df996c5c;1000059810;173.87
02411;EER démarré;25/06/2026;22c1a303;1000059811;801.36
03672;EER non démarré;25/06/2026;—;1000059820;962.77
03672;EER non démarré;25/06/2026;—;1000059821;918.21
03940;EER non démarré;25/06/2026;—;1000059830;224.58
03940;EER non démarré;25/06/2026;—;1000059831;833.03
03643;EER validé;25/06/2026;961c5ac5;1000059840;240.97
03643;EER validé;25/06/2026;8733b3ee;1000059841;582.88
07516;EER non démarré;25/06/2026;—;1000059850;765.89
07516;EER non démarré;25/06/2026;—;1000059851;438.71
09303;EER non démarré;25/06/2026;—;1000059860;972.74
09303;EER non démarré;25/06/2026;—;1000059861;551.87
05722;EER démarré;25/06/2026;d77f9254;1000059870;263.67
05722;EER démarré;25/06/2026;65703e3b;1000059871;418.21
08342;EER non démarré;25/06/2026;—;1000059880;633.35
08342;EER non démarré;25/06/2026;—;1000059881;351.67
09238;EER validé;25/06/2026;435a62fc;1000059890;947.63
09238;EER validé;25/06/2026;7a02bcc8;1000059891;959.58
05027;EER non démarré;25/06/2026;—;1000059900;523.33
05027;EER non démarré;25/06/2026;—;1000059901;193.39
03567;EER non démarré;25/06/2026;—;1000059910;585.58
03567;EER non démarré;25/06/2026;—;1000059911;297.67
02230;EER non démarré;25/06/2026;—;1000059920;306.01
02230;EER non démarré;25/06/2026;—;1000059921;377.85
00936;EER validé;25/06/2026;92ed7c4b;1000059930;813.40
00936;EER validé;25/06/2026;98210b08;1000059931;323.20
04054;EER non démarré;25/06/2026;—;1000059940;906.21
04054;EER non démarré;25/06/2026;—;1000059941;330.32
09434;EER non démarré;25/06/2026;—;1000059950;443.61
09434;EER non démarré;25/06/2026;—;1000059951;127.27
05909;EER non démarré;25/06/2026;—;1000059960;265.51
05909;EER non démarré;25/06/2026;—;1000059961;729.18
07268;EER non démarré;25/06/2026;—;1000059970;354.76
07268;EER non démarré;25/06/2026;—;1000059971;124.49
00709;EER validé;25/06/2026;57a2842a;1000059980;455.49
00709;EER validé;25/06/2026;6ff2a0c0;1000059981;882.40
09238;EER non démarré;25/06/2026;—;1000059990;662.06
09238;EER non démarré;25/06/2026;—;1000059991;638.69
09238;EER non démarré;25/06/2026;—;1000060000;299.04
09238;EER non démarré;25/06/2026;—;1000060001;678.28
07362;EER validé;25/06/2026;555f2edb;1000060010;893.09
07362;EER validé;25/06/2026;abefa997;1000060011;445.35
00386;EER validé;25/06/2026;cfb5eedf;1000060020;671.27
00386;EER validé;25/06/2026;5e7296f9;1000060021;877.66
07853;EER non démarré;25/06/2026;—;1000060030;605.84
07853;EER non démarré;25/06/2026;—;1000060031;246.92
06312;EER non démarré;25/06/2026;—;1000060040;203.52
06312;EER non démarré;25/06/2026;—;1000060041;370.45
09549;EER non démarré;25/06/2026;—;1000060050;875.39
09549;EER non démarré;25/06/2026;—;1000060051;640.87
03730;EER à valider;25/06/2026;95a1f8e7;1000060060;532.71
03730;EER à valider;25/06/2026;fe4cd874;1000060061;190.16
00818;EER validé;25/06/2026;f3739498;1000060070;709.69
00818;EER validé;25/06/2026;b94e1597;1000060071;618.43
06840;EER non démarré;25/06/2026;—;1000060080;311.73
06840;EER non démarré;25/06/2026;—;1000060081;821.04
07853;EER validé;25/06/2026;1e25848a;1000060090;544.45
07853;EER validé;25/06/2026;a4705b93;1000060091;752.88
00368;EER non démarré;25/06/2026;—;1000060100;249.60
00368;EER non démarré;25/06/2026;—;1000060101;453.68
00685;EER validé;25/06/2026;bc6fae9d;1000060110;847.19
00685;EER validé;25/06/2026;16564a69;1000060111;432.38
02675;EER non démarré;25/06/2026;—;1000060120;212.32
02675;EER non démarré;25/06/2026;—;1000060121;160.10
05027;EER non démarré;25/06/2026;—;1000060130;210.65
05027;EER non démarré;25/06/2026;—;1000060131;949.15
02883;EER validé;25/06/2026;6d598ed5;1000060140;196.63
02883;EER validé;25/06/2026;f3ff3037;1000060141;346.59
04100;EER non démarré;25/06/2026;—;1000060150;632.18
04100;EER non démarré;25/06/2026;—;1000060151;760.42
09238;EER non démarré;25/06/2026;—;1000060160;499.52
09238;EER non démarré;25/06/2026;—;1000060161;488.59
07054;EER non démarré;25/06/2026;—;1000060170;103.04
07054;EER non démarré;25/06/2026;—;1000060171;716.48
02888;EER non démarré;25/06/2026;—;1000060180;478.35
02888;EER non démarré;25/06/2026;—;1000060181;752.23
09389;EER non démarré;25/06/2026;—;1000060190;687.04
09389;EER non démarré;25/06/2026;—;1000060191;536.84
09902;EER non démarré;25/06/2026;—;1000060200;399.98
09902;EER non démarré;25/06/2026;—;1000060201;213.75
07293;EER non démarré;24/06/2026;—;1000060210;146.81
07293;EER non démarré;24/06/2026;—;1000060211;322.61
09238;EER non démarré;24/06/2026;—;1000060220;438.64
09238;EER non démarré;24/06/2026;—;1000060221;547.82
06556;EER non démarré;24/06/2026;—;1000060230;237.22
06556;EER non démarré;24/06/2026;—;1000060231;220.21
09476;EER validé;24/06/2026;b1ec4eb7;1000060240;592.68
09476;EER validé;24/06/2026;4932ad42;1000060241;775.47
05575;EER non démarré;24/06/2026;—;1000060250;539.69
05575;EER non démarré;24/06/2026;—;1000060251;538.77
09238;EER non démarré;24/06/2026;—;1000060260;633.81
09238;EER non démarré;24/06/2026;—;1000060261;531.18
09238;EER non démarré;24/06/2026;—;1000060270;716.11
09238;EER non démarré;24/06/2026;—;1000060271;905.78
09238;EER non démarré;24/06/2026;—;1000060280;289.47
09238;EER non démarré;24/06/2026;—;1000060281;138.21
05443;EER non démarré;24/06/2026;—;1000060290;976.49
05443;EER non démarré;24/06/2026;—;1000060291;647.74
00832;EER validé;24/06/2026;6d7009e8;1000060300;480.04
00832;EER validé;24/06/2026;02ffa6aa;1000060301;134.98
06217;EER démarré;24/06/2026;75ed2e8a;1000060310;152.45
06217;EER démarré;24/06/2026;05616f1b;1000060311;578.57
01192;EER non démarré;24/06/2026;—;1000060320;641.42
01192;EER non démarré;24/06/2026;—;1000060321;431.50
07627;EER non démarré;24/06/2026;—;1000060330;180.78
07627;EER non démarré;24/06/2026;—;1000060331;774.39
09885;EER validé;24/06/2026;74740e67;1000060340;224.04
09885;EER validé;24/06/2026;148ab5c7;1000060341;335.19
02675;EER non démarré;24/06/2026;—;1000060350;614.34
02675;EER non démarré;24/06/2026;—;1000060351;134.32
03784;EER démarré;24/06/2026;062387ff;1000060360;532.92
03784;EER démarré;24/06/2026;05cbf937;1000060361;826.37
05522;EER non démarré;24/06/2026;—;1000060370;414.35
05522;EER non démarré;24/06/2026;—;1000060371;890.82
03940;EER non démarré;24/06/2026;—;1000060380;364.44
03940;EER non démarré;24/06/2026;—;1000060381;432.92
00386;EER non démarré;24/06/2026;—;1000060390;950.65
00386;EER non démarré;24/06/2026;—;1000060391;638.10
04014;EER validé;24/06/2026;1dfd7864;1000060400;290.93
04014;EER validé;24/06/2026;effe4e6a;1000060401;506.72
09238;EER validé;24/06/2026;952e6414;1000060410;362.61
09238;EER validé;24/06/2026;e3ae313e;1000060411;112.04
03141;EER non démarré;24/06/2026;—;1000060420;750.98
03141;EER non démarré;24/06/2026;—;1000060421;683.66
05616;EER validé;24/06/2026;c59e3e43;1000060430;637.33
05616;EER validé;24/06/2026;2221b103;1000060431;545.34
01109;EER non démarré;24/06/2026;—;1000060440;341.22
01109;EER non démarré;24/06/2026;—;1000060441;841.80
01602;EER non démarré;24/06/2026;—;1000060450;698.72
01602;EER non démarré;24/06/2026;—;1000060451;427.59
07386;EER non démarré;24/06/2026;—;1000060460;877.24
07386;EER non démarré;24/06/2026;—;1000060461;136.65
09434;EER non démarré;24/06/2026;—;1000060470;166.18
09434;EER non démarré;24/06/2026;—;1000060471;304.18
06111;EER non démarré;24/06/2026;—;1000060480;909.39
06111;EER non démarré;24/06/2026;—;1000060481;829.05
05443;EER non démarré;24/06/2026;—;1000060490;930.62
05443;EER non démarré;24/06/2026;—;1000060491;283.28
05021;EER non démarré;24/06/2026;—;1000060500;117.84
05021;EER non démarré;24/06/2026;—;1000060501;418.53
09238;EER validé;24/06/2026;f81e475e;1000060510;701.75
09238;EER validé;24/06/2026;83fcca38;1000060511;130.16
09238;EER non démarré;24/06/2026;—;1000060520;621.00
09238;EER non démarré;24/06/2026;—;1000060521;744.48
02897;EER non démarré;24/06/2026;—;1000060530;349.22
02897;EER non démarré;24/06/2026;—;1000060531;455.25
09276;EER non démarré;24/06/2026;—;1000060540;604.67
09276;EER non démarré;24/06/2026;—;1000060541;661.37
03940;EER non démarré;24/06/2026;—;1000060550;999.53
03940;EER non démarré;24/06/2026;—;1000060551;556.28
01046;EER non démarré;24/06/2026;—;1000060560;184.06
01046;EER non démarré;24/06/2026;—;1000060561;339.80
05180;EER non démarré;24/06/2026;—;1000060570;995.96
05180;EER non démarré;24/06/2026;—;1000060571;841.91
06629;EER validé;24/06/2026;db8ab6d1;1000060580;491.08
06629;EER validé;24/06/2026;509b24a4;1000060581;953.86
06472;EER non démarré;24/06/2026;—;1000060590;726.35
06472;EER non démarré;24/06/2026;—;1000060591;442.46
02988;EER validé;24/06/2026;f2c28995;1000060600;597.14
02988;EER validé;24/06/2026;dae30d0e;1000060601;418.32
07286;EER non démarré;24/06/2026;—;1000060610;611.00
07286;EER non démarré;24/06/2026;—;1000060611;749.86
09549;EER non démarré;24/06/2026;—;1000060620;123.59
09549;EER non démarré;24/06/2026;—;1000060621;787.70
01079;EER non démarré;24/06/2026;—;1000060630;497.32
01079;EER non démarré;24/06/2026;—;1000060631;460.58
05769;EER non démarré;24/06/2026;—;1000060640;664.51
05769;EER non démarré;24/06/2026;—;1000060641;783.65
01984;EER démarré;24/06/2026;27ec5f90;1000060650;203.35
01984;EER démarré;24/06/2026;2b74bfd2;1000060651;440.06
05614;EER validé;24/06/2026;d6283f41;1000060660;183.80
05614;EER validé;24/06/2026;d6549f21;1000060661;869.19
03141;EER non démarré;24/06/2026;—;1000060670;792.65
03141;EER non démarré;24/06/2026;—;1000060671;184.87
02675;EER non démarré;24/06/2026;—;1000060680;473.32
02675;EER non démarré;24/06/2026;—;1000060681;911.04
09238;EER à valider;24/06/2026;63dfbf2f;1000060690;697.41
09238;EER à valider;24/06/2026;e0248a2d;1000060691;134.62
05403;EER démarré;24/06/2026;847a31a1;1000060700;883.77
05403;EER démarré;24/06/2026;64eda058;1000060701;108.25
00936;EER non démarré;24/06/2026;—;1000060710;691.00
00936;EER non démarré;24/06/2026;—;1000060711;511.56
09238;EER démarré;24/06/2026;d39da976;1000060720;146.62
09238;EER démarré;24/06/2026;e372ef7f;1000060721;146.11
00697;EER non démarré;24/06/2026;—;1000060730;187.97
00697;EER non démarré;24/06/2026;—;1000060731;286.33
06744;EER non démarré;24/06/2026;—;1000060740;992.83
06744;EER non démarré;24/06/2026;—;1000060741;925.15
03940;EER non démarré;24/06/2026;—;1000060750;673.95
03940;EER non démarré;24/06/2026;—;1000060751;282.62
08048;EER non démarré;24/06/2026;—;1000060760;263.75
08048;EER non démarré;24/06/2026;—;1000060761;976.57
01969;EER non démarré;24/06/2026;—;1000060770;412.07
01969;EER non démarré;24/06/2026;—;1000060771;597.81
00386;EER non démarré;24/06/2026;—;1000060780;352.31
00386;EER non démarré;24/06/2026;—;1000060781;214.74
09238;EER non démarré;24/06/2026;—;1000060790;375.18
09238;EER non démarré;24/06/2026;—;1000060791;710.23
06744;EER non démarré;24/06/2026;—;1000060800;185.25
06744;EER non démarré;24/06/2026;—;1000060801;345.91
01892;EER à valider;24/06/2026;3af5fd56;1000060810;756.65
01892;EER à valider;24/06/2026;32db5544;1000060811;606.53
00368;EER validé;24/06/2026;1b37e69c;1000060820;709.47
00368;EER validé;24/06/2026;572067a3;1000060821;844.00
06744;EER non démarré;24/06/2026;—;1000060830;594.10
06744;EER non démarré;24/06/2026;—;1000060831;967.75
07293;EER non démarré;24/06/2026;—;1000060840;133.54
07293;EER non démarré;24/06/2026;—;1000060841;746.15
01712;EER non démarré;24/06/2026;—;1000060850;420.36
01712;EER non démarré;24/06/2026;—;1000060851;762.05
06490;EER non démarré;24/06/2026;—;1000060860;943.21
06490;EER non démarré;24/06/2026;—;1000060861;675.33
03462;EER non démarré;24/06/2026;—;1000060870;814.67
03462;EER non démarré;24/06/2026;—;1000060871;984.65
01349;EER non démarré;24/06/2026;—;1000060880;595.17
01349;EER non démarré;24/06/2026;—;1000060881;690.61
09238;EER non démarré;24/06/2026;—;1000060890;949.49
09238;EER non démarré;24/06/2026;—;1000060891;119.17
06744;EER non démarré;24/06/2026;—;1000060900;933.34
06744;EER non démarré;24/06/2026;—;1000060901;496.60
04100;EER non démarré;24/06/2026;—;1000060910;367.42
04100;EER non démarré;24/06/2026;—;1000060911;814.18
06744;EER validé;24/06/2026;d37c4da9;1000060920;388.19
06744;EER validé;24/06/2026;da7edf07;1000060921;249.38
01773;EER validé;24/06/2026;8b66c929;1000060930;946.45
01773;EER validé;24/06/2026;90b1bdb8;1000060931;274.82
00878;EER non démarré;24/06/2026;—;1000060940;974.80
00878;EER non démarré;24/06/2026;—;1000060941;491.54
08048;EER validé;24/06/2026;ea1c226c;1000060950;488.61
08048;EER validé;24/06/2026;b4f027bd;1000060951;941.76
06184;EER non démarré;24/06/2026;—;1000060960;761.03
06184;EER non démarré;24/06/2026;—;1000060961;350.61
09238;EER non démarré;24/06/2026;—;1000060970;324.62
09238;EER non démarré;24/06/2026;—;1000060971;578.04
00368;EER à valider;24/06/2026;bd9b6cc8;1000060980;475.08
00368;EER à valider;24/06/2026;d04a332d;1000060981;338.23
07335;EER validé;24/06/2026;d8495325;1000060990;563.53
07335;EER validé;24/06/2026;366936a5;1000060991;548.32
02886;EER démarré;24/06/2026;9b497745;1000061000;487.13
02886;EER démarré;24/06/2026;e7fe716f;1000061001;600.98
01847;EER non démarré;24/06/2026;—;1000061010;679.79
01847;EER non démarré;24/06/2026;—;1000061011;610.18
01277;EER non démarré;24/06/2026;—;1000061020;528.49
01277;EER non démarré;24/06/2026;—;1000061021;183.87
01971;EER non démarré;24/06/2026;—;1000061030;364.92
01971;EER non démarré;24/06/2026;—;1000061031;287.98
06744;EER non démarré;24/06/2026;—;1000061040;493.02
06744;EER non démarré;24/06/2026;—;1000061041;136.98
04890;EER non démarré;24/06/2026;—;1000061050;510.53
04890;EER non démarré;24/06/2026;—;1000061051;157.63
03182;EER non démarré;24/06/2026;—;1000061060;423.35
03182;EER non démarré;24/06/2026;—;1000061061;934.50
06744;EER validé;24/06/2026;9fb3fc5e;1000061070;135.96
06744;EER validé;24/06/2026;25c3b131;1000061071;825.02
06744;EER non démarré;24/06/2026;—;1000061080;512.93
06744;EER non démarré;24/06/2026;—;1000061081;442.31
06801;EER validé;24/06/2026;ded41ffc;1000061090;958.72
06801;EER validé;24/06/2026;ca1de685;1000061091;454.55
05651;EER non démarré;24/06/2026;—;1000061100;403.86
05651;EER non démarré;24/06/2026;—;1000061101;700.38
08135;EER non démarré;24/06/2026;—;1000061110;104.66
08135;EER non démarré;24/06/2026;—;1000061111;685.57
09238;EER non démarré;24/06/2026;—;1000061120;556.03
09238;EER non démarré;24/06/2026;—;1000061121;968.10
05298;EER validé;24/06/2026;2988717a;1000061130;345.96
05298;EER validé;24/06/2026;bb88e05e;1000061131;802.02
03940;EER non démarré;24/06/2026;—;1000061140;797.97
03940;EER non démarré;24/06/2026;—;1000061141;806.75
02167;EER rejeté;24/06/2026;f568ae2e;1000061150;421.71
02167;EER rejeté;24/06/2026;02d985d4;1000061151;783.94
09934;EER non démarré;24/06/2026;—;1000061160;845.23
09934;EER non démarré;24/06/2026;—;1000061161;238.27
06591;EER non démarré;24/06/2026;—;1000061170;428.35
06591;EER non démarré;24/06/2026;—;1000061171;584.88
09514;EER non démarré;24/06/2026;—;1000061180;858.52
09514;EER non démarré;24/06/2026;—;1000061181;406.49
07486;EER non démarré;24/06/2026;—;1000061190;859.85
07486;EER non démarré;24/06/2026;—;1000061191;727.84
07696;EER non démarré;24/06/2026;—;1000061200;834.97
07696;EER non démarré;24/06/2026;—;1000061201;469.65
08004;EER non démarré;24/06/2026;—;1000061210;251.73
08004;EER non démarré;24/06/2026;—;1000061211;267.08
00491;EER non démarré;24/06/2026;—;1000061220;590.16
00491;EER non démarré;24/06/2026;—;1000061221;414.59
08608;EER non démarré;24/06/2026;—;1000061230;180.54
08608;EER non démarré;24/06/2026;—;1000061231;846.19
07627;EER validé;24/06/2026;e1d20b10;1000061240;327.90
07627;EER validé;24/06/2026;270d0741;1000061241;835.77
03940;EER non démarré;24/06/2026;—;1000061250;277.12
03940;EER non démarré;24/06/2026;—;1000061251;232.43
04650;EER non démarré;24/06/2026;—;1000061260;210.53
04650;EER non démarré;24/06/2026;—;1000061261;313.34
02010;EER validé;24/06/2026;3116eaa9;1000061270;158.10
02010;EER validé;24/06/2026;90642dc9;1000061271;303.99
07286;EER validé;24/06/2026;f31af694;1000061280;313.95
07286;EER validé;24/06/2026;8c99d59c;1000061281;780.27
04955;EER non démarré;24/06/2026;—;1000061290;919.32
04955;EER non démarré;24/06/2026;—;1000061291;815.87
02652;EER non démarré;24/06/2026;—;1000061300;608.55
02652;EER non démarré;24/06/2026;—;1000061301;825.98
01872;EER non démarré;24/06/2026;—;1000061310;179.68
01872;EER non démarré;24/06/2026;—;1000061311;795.36
07715;EER validé;24/06/2026;d2ad9fdd;1000061320;163.54
07715;EER validé;24/06/2026;12a46aa9;1000061321;322.26
03940;EER rejeté;24/06/2026;a31818db;1000061330;681.11
03940;EER rejeté;24/06/2026;773779c9;1000061331;134.11
08191;EER non démarré;24/06/2026;—;1000061340;747.26
08191;EER non démarré;24/06/2026;—;1000061341;477.32
08346;EER non démarré;24/06/2026;—;1000061350;155.79
08346;EER non démarré;24/06/2026;—;1000061351;339.82
03940;EER non démarré;24/06/2026;—;1000061360;272.87
03940;EER non démarré;24/06/2026;—;1000061361;158.09
03933;EER validé;24/06/2026;2edc46a2;1000061370;385.87
03933;EER validé;24/06/2026;c52a7557;1000061371;524.28
05206;EER non démarré;24/06/2026;—;1000061380;792.91
05206;EER non démarré;24/06/2026;—;1000061381;236.60
00642;EER non démarré;24/06/2026;—;1000061390;946.52
00642;EER non démarré;24/06/2026;—;1000061391;579.03
06801;EER non démarré;24/06/2026;—;1000061400;413.70
06801;EER non démarré;24/06/2026;—;1000061401;751.02
09238;EER non démarré;24/06/2026;—;1000061410;274.52
09238;EER non démarré;24/06/2026;—;1000061411;257.60
00386;EER démarré;24/06/2026;713202e2;1000061420;549.52
00386;EER démarré;24/06/2026;9d9accae;1000061421;923.42
05326;EER à valider;24/06/2026;903df707;1000061430;296.30
05326;EER à valider;24/06/2026;fe2e6877;1000061431;109.01
07386;EER non démarré;24/06/2026;—;1000061440;114.90
07386;EER non démarré;24/06/2026;—;1000061441;666.95
03940;EER non démarré;24/06/2026;—;1000061450;118.26
03940;EER non démarré;24/06/2026;—;1000061451;519.33
05172;EER non démarré;24/06/2026;—;1000061460;405.30
05172;EER non démarré;24/06/2026;—;1000061461;831.17
09062;EER non démarré;24/06/2026;—;1000061470;895.85
09062;EER non démarré;24/06/2026;—;1000061471;313.44
07038;EER validé;24/06/2026;c0fb0d4d;1000061480;243.65
07038;EER validé;24/06/2026;da0031f1;1000061481;264.27
03940;EER non démarré;24/06/2026;—;1000061490;491.16
03940;EER non démarré;24/06/2026;—;1000061491;750.73
00386;EER validé;24/06/2026;6d386b7d;1000061500;176.52
00386;EER validé;24/06/2026;63048245;1000061501;177.59
07386;EER validé;24/06/2026;43833ce9;1000061510;727.32
07386;EER validé;24/06/2026;a2bde79f;1000061511;559.62
03205;EER non démarré;24/06/2026;—;1000061520;208.18
03205;EER non démarré;24/06/2026;—;1000061521;965.98
03337;EER non démarré;24/06/2026;—;1000061530;928.47
03337;EER non démarré;24/06/2026;—;1000061531;715.12
05061;EER non démarré;24/06/2026;—;1000061540;680.32
05061;EER non démarré;24/06/2026;—;1000061541;283.54
05326;EER non démarré;24/06/2026;—;1000061550;994.81
05326;EER non démarré;24/06/2026;—;1000061551;987.54
07283;EER non démarré;24/06/2026;—;1000061560;435.63
07283;EER non démarré;24/06/2026;—;1000061561;401.64
09238;EER validé;24/06/2026;74fa8489;1000061570;927.72
09238;EER validé;24/06/2026;6343cf78;1000061571;906.27
09725;EER validé;24/06/2026;b1205f70;1000061580;435.33
09725;EER validé;24/06/2026;d587affb;1000061581;898.27
09238;EER validé;24/06/2026;516029d5;1000061590;923.00
09238;EER validé;24/06/2026;49751651;1000061591;699.40
05682;EER non démarré;24/06/2026;—;1000061600;963.03
05682;EER non démarré;24/06/2026;—;1000061601;833.29
05994;EER non démarré;24/06/2026;—;1000061610;111.17
05994;EER non démarré;24/06/2026;—;1000061611;182.69
07386;EER non démarré;24/06/2026;—;1000061620;901.07
07386;EER non démarré;24/06/2026;—;1000061621;970.31
03924;EER non démarré;24/06/2026;—;1000061630;698.47
03924;EER non démarré;24/06/2026;—;1000061631;488.03
01192;EER non démarré;24/06/2026;—;1000061640;109.94
01192;EER non démarré;24/06/2026;—;1000061641;235.91
02557;EER validé;24/06/2026;0c7bfac5;1000061650;102.16
02557;EER validé;24/06/2026;cfc7c055;1000061651;157.21
03674;EER non démarré;24/06/2026;—;1000061660;646.90
03674;EER non démarré;24/06/2026;—;1000061661;833.60
05530;EER non démarré;24/06/2026;—;1000061670;301.66
05530;EER non démarré;24/06/2026;—;1000061671;386.97
00491;EER non démarré;24/06/2026;—;1000061680;335.02
00491;EER non démarré;24/06/2026;—;1000061681;332.40
05722;EER validé;23/06/2026;493a3b9a;1000061690;922.11
05722;EER validé;23/06/2026;6e365a73;1000061691;701.43
09238;EER validé;23/06/2026;9a032684;1000061700;356.56
09238;EER validé;23/06/2026;7ea39bab;1000061701;317.03
07152;EER validé;23/06/2026;56323929;1000061710;172.12
07152;EER validé;23/06/2026;fd14b0d1;1000061711;256.49
07560;EER non démarré;23/06/2026;—;1000061720;436.80
07560;EER non démarré;23/06/2026;—;1000061721;497.86
07123;EER validé;23/06/2026;47c3c630;1000061730;147.41
07123;EER validé;23/06/2026;ab6c7d22;1000061731;862.99
02160;EER démarré;23/06/2026;4397d698;1000061740;645.98
02160;EER démarré;23/06/2026;7a0eda2d;1000061741;272.30
01046;EER non démarré;23/06/2026;—;1000061750;108.76
01046;EER non démarré;23/06/2026;—;1000061751;916.79
06094;EER validé;23/06/2026;29f92040;1000061760;661.21
06094;EER validé;23/06/2026;b3b41de5;1000061761;226.27
08533;EER non démarré;23/06/2026;—;1000061770;707.19
08533;EER non démarré;23/06/2026;—;1000061771;285.41
06621;EER non démarré;23/06/2026;—;1000061780;564.71
06621;EER non démarré;23/06/2026;—;1000061781;266.69
00386;EER non démarré;23/06/2026;—;1000061790;806.25
00386;EER non démarré;23/06/2026;—;1000061791;447.05
01082;EER non démarré;23/06/2026;—;1000061800;933.16
01082;EER non démarré;23/06/2026;—;1000061801;766.09
05027;EER validé;23/06/2026;b8e4731a;1000061810;379.16
05027;EER validé;23/06/2026;8b080668;1000061811;978.11
08630;EER validé;23/06/2026;0551615c;1000061820;103.71
08630;EER validé;23/06/2026;027afdc5;1000061821;983.30
05298;EER non démarré;23/06/2026;—;1000061830;532.90
05298;EER non démarré;23/06/2026;—;1000061831;111.26
04588;EER validé;23/06/2026;413d56d6;1000061840;165.03
04588;EER validé;23/06/2026;f75169dc;1000061841;814.27
00579;EER à rejeter;23/06/2026;ecf143ff;1000061850;631.59
00579;EER à rejeter;23/06/2026;c5bd8f63;1000061851;182.64
00386;EER validé;23/06/2026;9121a0a0;1000061860;804.90
00386;EER validé;23/06/2026;4225d79f;1000061861;712.04
05530;EER non démarré;23/06/2026;—;1000061870;510.78
05530;EER non démarré;23/06/2026;—;1000061871;679.93
03999;EER non démarré;23/06/2026;—;1000061880;359.24
03999;EER non démarré;23/06/2026;—;1000061881;824.62
03643;EER validé;23/06/2026;56f09aa2;1000061890;405.69
03643;EER validé;23/06/2026;3a42aaa9;1000061891;516.08
07627;EER non démarré;23/06/2026;—;1000061900;884.63
07627;EER non démarré;23/06/2026;—;1000061901;747.25
00179;EER validé;23/06/2026;536c9533;1000061910;874.51
00179;EER validé;23/06/2026;b4b6a746;1000061911;417.23
03948;EER validé;23/06/2026;c06fee0e;1000061920;625.29
03948;EER validé;23/06/2026;38964bad;1000061921;218.31
09630;EER non démarré;23/06/2026;—;1000061930;130.00
09630;EER non démarré;23/06/2026;—;1000061931;501.26
01984;EER démarré;23/06/2026;348b8c0f;1000061940;360.28
01984;EER démarré;23/06/2026;b410b4f3;1000061941;940.94
05443;EER non démarré;23/06/2026;—;1000061950;990.69
05443;EER non démarré;23/06/2026;—;1000061951;518.26
05443;EER non démarré;23/06/2026;—;1000061960;467.94
05443;EER non démarré;23/06/2026;—;1000061961;503.41
04650;EER validé;23/06/2026;d4474dc7;1000061970;373.61
04650;EER validé;23/06/2026;808de0af;1000061971;644.36
02883;EER validé;23/06/2026;c3e1e881;1000061980;874.69
02883;EER validé;23/06/2026;08f70060;1000061981;525.66
02124;EER non démarré;23/06/2026;—;1000061990;947.63
02124;EER non démarré;23/06/2026;—;1000061991;416.90
03567;EER non démarré;23/06/2026;—;1000062000;673.06
03567;EER non démarré;23/06/2026;—;1000062001;795.31
06088;EER validé;23/06/2026;70182e4c;1000062010;456.30
06088;EER validé;23/06/2026;f899be77;1000062011;708.58
07047;EER validé;23/06/2026;70fc49a1;1000062020;482.06
07047;EER validé;23/06/2026;e72983b0;1000062021;863.72
09238;EER à valider;23/06/2026;25116d03;1000062030;350.71
09238;EER à valider;23/06/2026;323a32d9;1000062031;566.87
08579;EER non démarré;23/06/2026;—;1000062040;274.73
08579;EER non démarré;23/06/2026;—;1000062041;997.36
01209;EER validé;23/06/2026;8de80107;1000062050;840.52
01209;EER validé;23/06/2026;9585395b;1000062051;400.98
07134;EER non démarré;23/06/2026;—;1000062060;351.33
07134;EER non démarré;23/06/2026;—;1000062061;948.09
08696;EER validé;23/06/2026;16317c91;1000062070;840.45
08696;EER validé;23/06/2026;b0981076;1000062071;872.62
07975;EER validé;23/06/2026;391477a7;1000062080;570.18
07975;EER validé;23/06/2026;5df59844;1000062081;525.10
06088;EER non démarré;23/06/2026;—;1000062090;581.39
06088;EER non démarré;23/06/2026;—;1000062091;285.84
08144;EER non démarré;23/06/2026;—;1000062100;294.87
08144;EER non démarré;23/06/2026;—;1000062101;188.36
06744;EER non démarré;23/06/2026;—;1000062110;767.08
06744;EER non démarré;23/06/2026;—;1000062111;556.20
09238;EER non démarré;23/06/2026;—;1000062120;410.31
09238;EER non démarré;23/06/2026;—;1000062121;389.85
05027;EER non démarré;23/06/2026;—;1000062130;795.76
05027;EER non démarré;23/06/2026;—;1000062131;821.52
09303;EER non démarré;23/06/2026;—;1000062140;369.69
09303;EER non démarré;23/06/2026;—;1000062141;232.34
04946;EER non démarré;23/06/2026;—;1000062150;145.79
04946;EER non démarré;23/06/2026;—;1000062151;686.87
03358;EER validé;23/06/2026;0366323b;1000062160;490.23
03358;EER validé;23/06/2026;64129c5f;1000062161;121.97
04669;EER non démarré;23/06/2026;—;1000062170;378.50
04669;EER non démarré;23/06/2026;—;1000062171;512.82
00832;EER non démarré;23/06/2026;—;1000062180;743.15
00832;EER non démarré;23/06/2026;—;1000062181;464.24
06744;EER validé;23/06/2026;e513d284;1000062190;935.84
06744;EER validé;23/06/2026;ec53e988;1000062191;661.19
09238;EER non démarré;23/06/2026;—;1000062200;572.54
09238;EER non démarré;23/06/2026;—;1000062201;998.19
05733;EER démarré;23/06/2026;e0d3b9dc;1000062210;379.36
05733;EER démarré;23/06/2026;7a87ad73;1000062211;583.78
09603;EER non démarré;23/06/2026;—;1000062220;516.64
09603;EER non démarré;23/06/2026;—;1000062221;451.82
06592;EER validé;23/06/2026;fdb17ff3;1000062230;233.92
06592;EER validé;23/06/2026;c4c8fb2a;1000062231;139.06
03940;EER validé;23/06/2026;897a3419;1000062240;316.82
03940;EER validé;23/06/2026;9a8324cb;1000062241;196.18
03327;EER validé;23/06/2026;b889d792;1000062250;281.41
03327;EER validé;23/06/2026;98e5a20e;1000062251;324.55
06088;EER non démarré;23/06/2026;—;1000062260;945.39
06088;EER non démarré;23/06/2026;—;1000062261;450.66
03231;EER démarré;23/06/2026;a045068c;1000062270;999.91
03231;EER démarré;23/06/2026;0c18d598;1000062271;980.81
06744;EER non démarré;23/06/2026;—;1000062280;635.74
06744;EER non démarré;23/06/2026;—;1000062281;698.54
09799;EER non démarré;23/06/2026;—;1000062290;296.18
09799;EER non démarré;23/06/2026;—;1000062291;594.15
06744;EER non démarré;23/06/2026;—;1000062300;126.95
06744;EER non démarré;23/06/2026;—;1000062301;305.66
01872;EER non démarré;23/06/2026;—;1000062310;794.35
01872;EER non démarré;23/06/2026;—;1000062311;842.65
06744;EER démarré;23/06/2026;13d4ad83;1000062320;864.51
06744;EER démarré;23/06/2026;25b30652;1000062321;999.35
09551;EER validé;23/06/2026;4455de12;1000062330;723.91
09551;EER validé;23/06/2026;5ab9371d;1000062331;795.15
05769;EER démarré;23/06/2026;2fdbcdd8;1000062340;503.75
05769;EER démarré;23/06/2026;106beddd;1000062341;729.70
09148;EER validé;23/06/2026;394753b8;1000062350;496.41
09148;EER validé;23/06/2026;8adaa4a2;1000062351;282.06
07286;EER validé;23/06/2026;00e40bd5;1000062360;989.08
07286;EER validé;23/06/2026;914e16f8;1000062361;715.99
08421;EER validé;23/06/2026;5ea4f148;1000062370;999.12
08421;EER validé;23/06/2026;8093be1f;1000062371;140.20
06191;EER non démarré;23/06/2026;—;1000062380;234.89
06191;EER non démarré;23/06/2026;—;1000062381;143.86
02200;EER non démarré;23/06/2026;—;1000062390;658.42
02200;EER non démarré;23/06/2026;—;1000062391;667.59
08538;EER non démarré;23/06/2026;—;1000062400;151.03
08538;EER non démarré;23/06/2026;—;1000062401;572.48
05553;EER validé;23/06/2026;39f860e2;1000062410;951.89
05553;EER validé;23/06/2026;8bd28604;1000062411;709.22
03172;EER non démarré;23/06/2026;—;1000062420;551.89
03172;EER non démarré;23/06/2026;—;1000062421;306.76
09238;EER non démarré;23/06/2026;—;1000062430;260.03
09238;EER non démarré;23/06/2026;—;1000062431;130.35
02002;EER non démarré;23/06/2026;—;1000062440;454.24
02002;EER non démarré;23/06/2026;—;1000062441;894.05
02455;EER validé;23/06/2026;27eb0138;1000062450;473.66
02455;EER validé;23/06/2026;3b46d4bb;1000062451;562.35
03940;EER non démarré;23/06/2026;—;1000062460;777.85
03940;EER non démarré;23/06/2026;—;1000062461;946.50
02200;EER non démarré;23/06/2026;—;1000062470;343.76
02200;EER non démarré;23/06/2026;—;1000062471;880.57
07627;EER validé;23/06/2026;08777da9;1000062480;424.26
07627;EER validé;23/06/2026;63d5f576;1000062481;704.43
00596;EER non démarré;23/06/2026;—;1000062490;150.92
00596;EER non démarré;23/06/2026;—;1000062491;914.96
00386;EER démarré;23/06/2026;03276ffd;1000062500;559.88
00386;EER démarré;23/06/2026;dcb1e109;1000062501;203.49
00933;EER non démarré;23/06/2026;—;1000062510;591.49
00933;EER non démarré;23/06/2026;—;1000062511;374.66
06744;EER non démarré;23/06/2026;—;1000062520;568.40
06744;EER non démarré;23/06/2026;—;1000062521;245.61
00709;EER non démarré;23/06/2026;—;1000062530;778.11
00709;EER non démarré;23/06/2026;—;1000062531;458.71
08421;EER non démarré;23/06/2026;—;1000062540;668.02
08421;EER non démarré;23/06/2026;—;1000062541;619.05
04169;EER non démarré;23/06/2026;—;1000062550;789.67
04169;EER non démarré;23/06/2026;—;1000062551;962.74
02811;EER validé;23/06/2026;074fe40d;1000062560;220.43
02811;EER validé;23/06/2026;bf5309e8;1000062561;783.76
07589;EER non démarré;23/06/2026;—;1000062570;237.27
07589;EER non démarré;23/06/2026;—;1000062571;867.42
09238;EER non démarré;23/06/2026;—;1000062580;149.31
09238;EER non démarré;23/06/2026;—;1000062581;405.95
05722;EER validé;23/06/2026;eb7894c8;1000062590;624.03
05722;EER validé;23/06/2026;44fb6fd8;1000062591;339.70
09238;EER non démarré;23/06/2026;—;1000062600;975.31
09238;EER non démarré;23/06/2026;—;1000062601;547.35
04613;EER validé;23/06/2026;4f247b8f;1000062610;417.37
04613;EER validé;23/06/2026;62a5f785;1000062611;213.65
05733;EER non démarré;23/06/2026;—;1000062620;540.95
05733;EER non démarré;23/06/2026;—;1000062621;736.32
06449;EER rejeté;23/06/2026;d9aaaf07;1000062630;822.25
06449;EER rejeté;23/06/2026;d3bb0f5d;1000062631;800.87
07560;EER non démarré;23/06/2026;—;1000062640;930.62
07560;EER non démarré;23/06/2026;—;1000062641;595.67
05443;EER non démarré;23/06/2026;—;1000062650;269.27
05443;EER non démarré;23/06/2026;—;1000062651;786.43
03343;EER non démarré;23/06/2026;—;1000062660;935.09
03343;EER non démarré;23/06/2026;—;1000062661;405.87
08191;EER non démarré;23/06/2026;—;1000062670;161.70
08191;EER non démarré;23/06/2026;—;1000062671;606.15
09110;EER non démarré;23/06/2026;—;1000062680;647.82
09110;EER non démarré;23/06/2026;—;1000062681;187.40
06472;EER non démarré;23/06/2026;—;1000062690;215.54
06472;EER non démarré;23/06/2026;—;1000062691;993.19
01984;EER à valider;23/06/2026;fcc28713;1000062700;128.04
01984;EER à valider;23/06/2026;1346e378;1000062701;283.36
07386;EER démarré;23/06/2026;d00e91d0;1000062710;566.44
07386;EER démarré;23/06/2026;2965861e;1000062711;997.46
08342;EER non démarré;23/06/2026;—;1000062720;717.10
08342;EER non démarré;23/06/2026;—;1000062721;152.23
08342;EER non démarré;23/06/2026;—;1000062730;470.41
08342;EER non démarré;23/06/2026;—;1000062731;432.98
08495;EER non démarré;23/06/2026;—;1000062740;919.84
08495;EER non démarré;23/06/2026;—;1000062741;998.38
07386;EER non démarré;23/06/2026;—;1000062750;745.15
07386;EER non démarré;23/06/2026;—;1000062751;408.93
05061;EER non démarré;23/06/2026;—;1000062760;283.15
05061;EER non démarré;23/06/2026;—;1000062761;846.52
00386;EER démarré;23/06/2026;e3ba0b18;1000062770;123.03
00386;EER démarré;23/06/2026;44bfbc07;1000062771;434.01
06312;EER non démarré;23/06/2026;—;1000062780;411.41
06312;EER non démarré;23/06/2026;—;1000062781;154.07
01079;EER non démarré;23/06/2026;—;1000062790;630.68
01079;EER non démarré;23/06/2026;—;1000062791;663.61
09238;EER non démarré;23/06/2026;—;1000062800;254.42
09238;EER non démarré;23/06/2026;—;1000062801;983.88
01401;EER démarré;23/06/2026;9eb07654;1000062810;495.02
01401;EER démarré;23/06/2026;6c17f4c1;1000062811;625.52
03234;EER non démarré;23/06/2026;—;1000062820;637.15
03234;EER non démarré;23/06/2026;—;1000062821;227.05
07627;EER non démarré;23/06/2026;—;1000062830;649.91
07627;EER non démarré;23/06/2026;—;1000062831;825.41
01531;EER non démarré;23/06/2026;—;1000062840;606.88
01531;EER non démarré;23/06/2026;—;1000062841;724.76
03366;EER non démarré;23/06/2026;—;1000062850;583.78
03366;EER non démarré;23/06/2026;—;1000062851;720.27
02880;EER non démarré;23/06/2026;—;1000062860;242.36
02880;EER non démarré;23/06/2026;—;1000062861;659.70
06744;EER démarré;23/06/2026;811c4dc1;1000062870;556.75
06744;EER démarré;23/06/2026;0ac1e19f;1000062871;947.36
00818;EER non démarré;23/06/2026;—;1000062880;941.32
00818;EER non démarré;23/06/2026;—;1000062881;465.37
01349;EER validé;23/06/2026;ebb2bbd7;1000062890;249.47
01349;EER validé;23/06/2026;075a0a30;1000062891;209.67
02200;EER validé;23/06/2026;994f9541;1000062900;352.14
02200;EER validé;23/06/2026;ae53c7dd;1000062901;589.69
02518;EER non démarré;23/06/2026;—;1000062910;973.27
02518;EER non démarré;23/06/2026;—;1000062911;681.43
00386;EER non démarré;23/06/2026;—;1000062920;563.70
00386;EER non démarré;23/06/2026;—;1000062921;974.98
05443;EER non démarré;23/06/2026;—;1000062930;291.88
05443;EER non démarré;23/06/2026;—;1000062931;266.62
02604;EER non démarré;23/06/2026;—;1000062940;530.65
02604;EER non démarré;23/06/2026;—;1000062941;113.29
05309;EER non démarré;23/06/2026;—;1000062950;872.70
05309;EER non démarré;23/06/2026;—;1000062951;733.17
07249;EER non démarré;23/06/2026;—;1000062960;435.92
07249;EER non démarré;23/06/2026;—;1000062961;551.01
00685;EER non démarré;23/06/2026;—;1000062970;721.33
00685;EER non démarré;23/06/2026;—;1000062971;416.57
06744;EER démarré;23/06/2026;3c32b991;1000062980;633.55
06744;EER démarré;23/06/2026;e527cfd3;1000062981;409.43
06744;EER non démarré;23/06/2026;—;1000062990;365.74
06744;EER non démarré;23/06/2026;—;1000062991;421.94
09483;EER non démarré;23/06/2026;—;1000063000;791.87
09483;EER non démarré;23/06/2026;—;1000063001;595.90
02330;EER non démarré;23/06/2026;—;1000063010;658.38
02330;EER non démarré;23/06/2026;—;1000063011;906.29
01984;EER non démarré;23/06/2026;—;1000063020;375.50
01984;EER non démarré;23/06/2026;—;1000063021;764.49
06744;EER non démarré;23/06/2026;—;1000063030;131.22
06744;EER non démarré;23/06/2026;—;1000063031;787.36
09238;EER non démarré;23/06/2026;—;1000063040;529.24
09238;EER non démarré;23/06/2026;—;1000063041;204.62
09238;EER validé;23/06/2026;26bef046;1000063050;230.03
09238;EER validé;23/06/2026;f1518631;1000063051;847.64
08048;EER validé;23/06/2026;14c2fe27;1000063060;228.90
08048;EER validé;23/06/2026;72e48652;1000063061;942.47
08421;EER validé;23/06/2026;4bdab733;1000063070;394.96
08421;EER validé;23/06/2026;1b4ac85b;1000063071;521.64
07516;EER non démarré;23/06/2026;—;1000063080;931.99
07516;EER non démarré;23/06/2026;—;1000063081;546.78
08960;EER non démarré;23/06/2026;—;1000063090;261.39
08960;EER non démarré;23/06/2026;—;1000063091;952.22
02200;EER non démarré;23/06/2026;—;1000063100;267.63
02200;EER non démarré;23/06/2026;—;1000063101;752.77
09093;EER non démarré;23/06/2026;—;1000063110;382.28
09093;EER non démarré;23/06/2026;—;1000063111;892.36
03940;EER validé;23/06/2026;614863ff;1000063120;521.14
03940;EER validé;23/06/2026;0c73d184;1000063121;481.19
04146;EER non démarré;23/06/2026;—;1000063130;238.76
04146;EER non démarré;23/06/2026;—;1000063131;264.68
04189;EER non démarré;23/06/2026;—;1000063140;912.02
04189;EER non démarré;23/06/2026;—;1000063141;341.61
05586;EER non démarré;23/06/2026;—;1000063150;105.56
05586;EER non démarré;23/06/2026;—;1000063151;546.03
09238;EER à valider;23/06/2026;b8def03a;1000063160;589.13
09238;EER à valider;23/06/2026;753f7ee9;1000063161;434.13
06744;EER validé;23/06/2026;466d7c30;1000063170;273.69
06744;EER validé;23/06/2026;9adefc70;1000063171;863.53
04669;EER non démarré;23/06/2026;—;1000063180;427.70
04669;EER non démarré;23/06/2026;—;1000063181;660.42
09238;EER validé;23/06/2026;b41b961f;1000063190;836.04
09238;EER validé;23/06/2026;8b4377bc;1000063191;506.06
08621;EER validé;23/06/2026;eb32f027;1000063200;183.36
08621;EER validé;23/06/2026;ae3a18ac;1000063201;143.50
00945;EER démarré;23/06/2026;eeca392b;1000063210;779.15
00945;EER démarré;23/06/2026;5b3618a6;1000063211;805.82
01209;EER démarré;23/06/2026;fa376d75;1000063220;670.52
01209;EER démarré;23/06/2026;8953d0b3;1000063221;976.52
06812;EER démarré;23/06/2026;4ebd208f;1000063230;952.75
06812;EER démarré;23/06/2026;0d61289c;1000063231;944.55
03940;EER validé;23/06/2026;e5c1e37b;1000063240;961.47
03940;EER validé;23/06/2026;091bfef2;1000063241;611.72
05182;EER non démarré;23/06/2026;—;1000063250;857.83
05182;EER non démarré;23/06/2026;—;1000063251;591.05
03343;EER non démarré;23/06/2026;—;1000063260;822.18
03343;EER non démarré;23/06/2026;—;1000063261;287.39
01847;EER non démarré;23/06/2026;—;1000063270;116.22
01847;EER non démarré;23/06/2026;—;1000063271;628.41
00386;EER non démarré;23/06/2026;—;1000063280;815.89
00386;EER non démarré;23/06/2026;—;1000063281;233.03
07612;EER non démarré;23/06/2026;—;1000063290;720.51
07612;EER non démarré;23/06/2026;—;1000063291;682.76
00126;EER non démarré;23/06/2026;—;1000063300;485.78
00126;EER non démarré;23/06/2026;—;1000063301;656.28
09238;EER non démarré;23/06/2026;—;1000063310;262.48
09238;EER non démarré;23/06/2026;—;1000063311;441.96
08421;EER non démarré;23/06/2026;—;1000063320;662.67
08421;EER non démarré;23/06/2026;—;1000063321;222.30
07111;EER non démarré;23/06/2026;—;1000063330;278.27
07111;EER non démarré;23/06/2026;—;1000063331;808.26
09885;EER non démarré;23/06/2026;—;1000063340;966.06
09885;EER non démarré;23/06/2026;—;1000063341;557.02
03182;EER non démarré;23/06/2026;—;1000063350;134.86
03182;EER non démarré;23/06/2026;—;1000063351;486.80
09940;EER non démarré;23/06/2026;—;1000063360;849.58
09940;EER non démarré;23/06/2026;—;1000063361;123.37
02200;EER validé;23/06/2026;29ea717f;1000063370;880.44
02200;EER validé;23/06/2026;a3b81c41;1000063371;137.19
01209;EER non démarré;23/06/2026;—;1000063380;647.15
01209;EER non démarré;23/06/2026;—;1000063381;766.54
06178;EER non démarré;23/06/2026;—;1000063390;313.67
06178;EER non démarré;23/06/2026;—;1000063391;301.01
00174;EER démarré;23/06/2026;d0d5d7af;1000063400;471.95
00174;EER démarré;23/06/2026;640e8a68;1000063401;394.03
07516;EER non démarré;23/06/2026;—;1000063410;456.87
07516;EER non démarré;23/06/2026;—;1000063411;125.20
00674;EER non démarré;22/06/2026;—;1000063420;462.62
00674;EER non démarré;22/06/2026;—;1000063421;114.72
06744;EER validé;22/06/2026;bdb0e666;1000063430;831.60
06744;EER validé;22/06/2026;5a7808d7;1000063431;258.40
05955;EER non démarré;22/06/2026;—;1000063440;600.83
05955;EER non démarré;22/06/2026;—;1000063441;312.63
04669;EER validé;22/06/2026;674833cf;1000063450;989.07
04669;EER validé;22/06/2026;83f6d27d;1000063451;489.68
03381;EER non démarré;22/06/2026;—;1000063460;771.49
03381;EER non démarré;22/06/2026;—;1000063461;792.01
09238;EER validé;22/06/2026;2f9eb03d;1000063470;979.42
09238;EER validé;22/06/2026;b5d7f703;1000063471;233.63
08342;EER validé;22/06/2026;2c684371;1000063480;508.87
08342;EER validé;22/06/2026;a2181bf9;1000063481;399.05
09238;EER validé;22/06/2026;b0f765fb;1000063490;915.92
09238;EER validé;22/06/2026;0c6c5646;1000063491;849.91
09238;EER validé;22/06/2026;eb45ac86;1000063500;400.31
09238;EER validé;22/06/2026;6c773f51;1000063501;803.60
03940;EER non démarré;22/06/2026;—;1000063510;868.66
03940;EER non démarré;22/06/2026;—;1000063511;257.57
03205;EER non démarré;22/06/2026;—;1000063520;390.01
03205;EER non démarré;22/06/2026;—;1000063521;308.81
04406;EER non démarré;22/06/2026;—;1000063530;297.06
04406;EER non démarré;22/06/2026;—;1000063531;157.68
03915;EER validé;22/06/2026;d463633b;1000063540;214.06
03915;EER validé;22/06/2026;574ff5f0;1000063541;599.18
09238;EER non démarré;22/06/2026;—;1000063550;577.66
09238;EER non démarré;22/06/2026;—;1000063551;439.64
04669;EER non démarré;22/06/2026;—;1000063560;318.15
04669;EER non démarré;22/06/2026;—;1000063561;468.03
09238;EER validé;22/06/2026;d3378ee5;1000063570;139.79
09238;EER validé;22/06/2026;c841d6b0;1000063571;574.95
00386;EER non démarré;22/06/2026;—;1000063580;142.23
00386;EER non démarré;22/06/2026;—;1000063581;747.99
01192;EER non démarré;22/06/2026;—;1000063590;407.65
01192;EER non démarré;22/06/2026;—;1000063591;824.92
09238;EER validé;22/06/2026;eec74edf;1000063600;694.67
09238;EER validé;22/06/2026;45673a59;1000063601;459.89
08582;EER démarré;22/06/2026;94a224a7;1000063610;427.45
08582;EER démarré;22/06/2026;42dcc124;1000063611;205.98
02652;EER validé;22/06/2026;087f26ba;1000063620;796.50
02652;EER validé;22/06/2026;6f3c4078;1000063621;210.34
07286;EER non démarré;22/06/2026;—;1000063630;329.19
07286;EER non démarré;22/06/2026;—;1000063631;351.37
06744;EER non démarré;22/06/2026;—;1000063640;554.70
06744;EER non démarré;22/06/2026;—;1000063641;203.97
01603;EER non démarré;22/06/2026;—;1000063650;252.85
01603;EER non démarré;22/06/2026;—;1000063651;988.98
07386;EER validé;22/06/2026;a0547fdc;1000063660;873.34
07386;EER validé;22/06/2026;3577f2d2;1000063661;913.12
09275;EER validé;22/06/2026;f4ee2435;1000063670;542.66
09275;EER validé;22/06/2026;396768c7;1000063671;308.05
09238;EER non démarré;22/06/2026;—;1000063680;385.97
09238;EER non démarré;22/06/2026;—;1000063681;194.97
09238;EER validé;22/06/2026;0ccd10c3;1000063690;913.78
09238;EER validé;22/06/2026;807fb356;1000063691;546.62
01099;EER non démarré;22/06/2026;—;1000063700;477.41
01099;EER non démarré;22/06/2026;—;1000063701;631.55
09434;EER non démarré;22/06/2026;—;1000063710;373.98
09434;EER non démarré;22/06/2026;—;1000063711;652.96
06744;EER non démarré;22/06/2026;—;1000063720;786.26
06744;EER non démarré;22/06/2026;—;1000063721;560.12
03460;EER démarré;22/06/2026;9064b3ca;1000063730;359.43
03460;EER démarré;22/06/2026;586fa5c5;1000063731;532.32
09434;EER validé;20/06/2026;699eb628;1000050220;699.97
09434;EER validé;20/06/2026;b985badb;1000050221;942.01
00386;EER validé;20/06/2026;1a07cdc6;1000050230;735.97
00386;EER validé;20/06/2026;da3a3399;1000050231;135.74
04333;EER non démarré;20/06/2026;—;1000050240;793.99
04333;EER non démarré;20/06/2026;—;1000050241;381.16
01192;EER non démarré;20/06/2026;—;1000050250;894.76
01192;EER non démarré;20/06/2026;—;1000050251;738.84
05443;EER validé;20/06/2026;9bff43a2;1000050260;628.68
05443;EER validé;20/06/2026;23193752;1000050261;781.18
03940;EER rejeté;20/06/2026;bd3744ef;1000050270;602.01
03940;EER rejeté;20/06/2026;b07804a0;1000050271;100.94
04146;EER non démarré;20/06/2026;—;1000050280;103.66
04146;EER non démarré;20/06/2026;—;1000050281;753.92
00674;EER non démarré;20/06/2026;—;1000050290;943.14
00674;EER non démarré;20/06/2026;—;1000050291;139.34
09238;EER non démarré;20/06/2026;—;1000050300;988.68
09238;EER non démarré;20/06/2026;—;1000050301;550.40
00151;EER non démarré;20/06/2026;—;1000050310;828.45
00151;EER non démarré;20/06/2026;—;1000050311;742.18
03883;EER validé;20/06/2026;56179c1c;1000050320;591.01
03883;EER validé;20/06/2026;3493b2de;1000050321;964.21
09238;EER non démarré;20/06/2026;—;1000050330;923.93
09238;EER non démarré;20/06/2026;—;1000050331;591.17
09940;EER non démarré;20/06/2026;—;1000050340;672.31
09940;EER non démarré;20/06/2026;—;1000050341;743.45
06979;EER non démarré;20/06/2026;—;1000050350;268.41
06979;EER non démarré;20/06/2026;—;1000050351;717.62
03940;EER rejeté;20/06/2026;717dbd6e;1000050360;904.18
03940;EER rejeté;20/06/2026;d5c942cb;1000050361;420.55
05575;EER démarré;20/06/2026;997dd258;1000050370;196.51
05575;EER démarré;20/06/2026;185219cc;1000050371;184.28
09238;EER non démarré;20/06/2026;—;1000050380;715.87
09238;EER non démarré;20/06/2026;—;1000050381;800.32
06312;EER non démarré;20/06/2026;—;1000050390;620.76
06312;EER non démarré;20/06/2026;—;1000050391;145.36
05080;EER non démarré;20/06/2026;—;1000050400;615.80
05080;EER non démarré;20/06/2026;—;1000050401;355.11
06744;EER validé;20/06/2026;1884bd22;1000050410;260.24
06744;EER validé;20/06/2026;68bf4013;1000050411;887.18
09238;EER non démarré;20/06/2026;—;1000050420;953.33
09238;EER non démarré;20/06/2026;—;1000050421;720.85
08048;EER non démarré;20/06/2026;—;1000050430;274.89
08048;EER non démarré;20/06/2026;—;1000050431;563.32
01739;EER non démarré;20/06/2026;—;1000050440;462.63
01739;EER non démarré;20/06/2026;—;1000050441;483.97
07047;EER non démarré;20/06/2026;—;1000050450;294.86
07047;EER non démarré;20/06/2026;—;1000050451;929.75
08840;EER non démarré;20/06/2026;—;1000050460;516.64
08840;EER non démarré;20/06/2026;—;1000050461;924.88
05326;EER non démarré;20/06/2026;—;1000050470;574.58
05326;EER non démarré;20/06/2026;—;1000050471;337.93
01192;EER non démarré;20/06/2026;—;1000050480;533.60
01192;EER non démarré;20/06/2026;—;1000050481;955.09
03462;EER démarré;20/06/2026;85a32f74;1000050490;272.18
03462;EER démarré;20/06/2026;c45e39be;1000050491;729.47
03852;EER non démarré;20/06/2026;—;1000050500;666.04
03852;EER non démarré;20/06/2026;—;1000050501;791.06
04088;EER validé;20/06/2026;0d82341e;1000050510;611.56
04088;EER validé;20/06/2026;58a2efd1;1000050511;808.36
02652;EER non démarré;20/06/2026;—;1000050520;477.33
02652;EER non démarré;20/06/2026;—;1000050521;206.61
02034;EER non démarré;20/06/2026;—;1000050530;388.66
02034;EER non démarré;20/06/2026;—;1000050531;634.52
07686;EER non démarré;20/06/2026;—;1000050540;608.22
07686;EER non démarré;20/06/2026;—;1000050541;116.40
07674;EER non démarré;20/06/2026;—;1000050550;375.22
07674;EER non démarré;20/06/2026;—;1000050551;863.84
09630;EER validé;20/06/2026;e91b2be1;1000050560;741.61
09630;EER validé;20/06/2026;5418cc67;1000050561;103.73
09238;EER validé;20/06/2026;13fbddbc;1000050570;230.35
09238;EER validé;20/06/2026;c4681add;1000050571;204.04
08048;EER non démarré;20/06/2026;—;1000050580;121.19
08048;EER non démarré;20/06/2026;—;1000050581;996.84
06744;EER non démarré;20/06/2026;—;1000050590;192.38
06744;EER non démarré;20/06/2026;—;1000050591;229.91
03940;EER non démarré;20/06/2026;—;1000050600;523.88
03940;EER non démarré;20/06/2026;—;1000050601;914.46
09110;EER validé;20/06/2026;0cc363f5;1000050610;765.48
09110;EER validé;20/06/2026;0548daa5;1000050611;818.30
09238;EER validé;20/06/2026;8d74abda;1000050620;252.51
09238;EER validé;20/06/2026;fd950e50;1000050621;569.43
07738;EER validé;20/06/2026;eb17d621;1000050630;846.92
07738;EER validé;20/06/2026;7f549e0d;1000050631;745.64
03940;EER non démarré;20/06/2026;—;1000050640;655.99
03940;EER non démarré;20/06/2026;—;1000050641;265.91
00763;EER non démarré;20/06/2026;—;1000050650;154.81
00763;EER non démarré;20/06/2026;—;1000050651;126.10
09238;EER non démarré;20/06/2026;—;1000050660;103.32
09238;EER non démarré;20/06/2026;—;1000050661;899.89
06312;EER non démarré;20/06/2026;—;1000050670;166.00
06312;EER non démarré;20/06/2026;—;1000050671;696.20
09514;EER validé;20/06/2026;4ab9055f;1000050680;360.45
09514;EER validé;20/06/2026;5f4434fa;1000050681;877.94
07286;EER non démarré;20/06/2026;—;1000050690;459.60
07286;EER non démarré;20/06/2026;—;1000050691;928.65
04146;EER non démarré;20/06/2026;—;1000050700;592.69
04146;EER non démarré;20/06/2026;—;1000050701;648.37
04994;EER non démarré;20/06/2026;—;1000050710;139.04
04994;EER non démarré;20/06/2026;—;1000050711;928.54
00386;EER validé;20/06/2026;6caa371d;1000050720;987.54
00386;EER validé;20/06/2026;bca8c21f;1000050721;887.86
09238;EER non démarré;20/06/2026;—;1000050730;760.95
09238;EER non démarré;20/06/2026;—;1000050731;707.89
00386;EER validé;20/06/2026;f1c60523;1000050740;341.67
00386;EER validé;20/06/2026;492059e4;1000050741;100.35
03231;EER non démarré;20/06/2026;—;1000050750;539.29
03231;EER non démarré;20/06/2026;—;1000050751;404.31
06088;EER non démarré;20/06/2026;—;1000050760;669.86
06088;EER non démarré;20/06/2026;—;1000050761;544.38
09238;EER non démarré;20/06/2026;—;1000050770;715.63
09238;EER non démarré;20/06/2026;—;1000050771;307.23
05522;EER non démarré;20/06/2026;—;1000050780;209.38
05522;EER non démarré;20/06/2026;—;1000050781;748.02
08630;EER validé;20/06/2026;0e22d44b;1000050790;196.91
08630;EER validé;20/06/2026;3b0250ea;1000050791;896.70
08421;EER validé;20/06/2026;9ef7438a;1000050800;598.39
08421;EER validé;20/06/2026;8f7d542f;1000050801;920.28
09238;EER non démarré;20/06/2026;—;1000050810;376.07
09238;EER non démarré;20/06/2026;—;1000050811;893.64
08532;EER non démarré;20/06/2026;—;1000050820;817.15
08532;EER non démarré;20/06/2026;—;1000050821;122.63
03863;EER non démarré;20/06/2026;—;1000050830;111.23
03863;EER non démarré;20/06/2026;—;1000050831;409.41
09238;EER non démarré;20/06/2026;—;1000050840;209.69
09238;EER non démarré;20/06/2026;—;1000050841;613.75
03761;EER non démarré;20/06/2026;—;1000050850;923.28
03761;EER non démarré;20/06/2026;—;1000050851;534.10
08608;EER validé;20/06/2026;69a32947;1000050860;697.51
08608;EER validé;20/06/2026;896d231f;1000050861;418.65
06792;EER non démarré;20/06/2026;—;1000050870;609.58
06792;EER non démarré;20/06/2026;—;1000050871;902.31
06178;EER validé;20/06/2026;77f0fa5e;1000050880;392.37
06178;EER validé;20/06/2026;642b46aa;1000050881;385.63
06979;EER démarré;20/06/2026;9eb57e41;1000050890;874.05
06979;EER démarré;20/06/2026;876677c2;1000050891;457.86
06794;EER validé;20/06/2026;eb556ec2;1000050900;152.26
06794;EER validé;20/06/2026;7ce75cd5;1000050901;699.91
01046;EER non démarré;19/06/2026;—;1000050910;112.82
01046;EER non démarré;19/06/2026;—;1000050911;763.80
07530;EER non démarré;19/06/2026;—;1000050920;185.47
07530;EER non démarré;19/06/2026;—;1000050921;730.76
05540;EER à valider;19/06/2026;2e51e3f4;1000050930;164.57
05540;EER à valider;19/06/2026;d0132128;1000050931;369.20
08582;EER non démarré;19/06/2026;—;1000050940;907.17
08582;EER non démarré;19/06/2026;—;1000050941;946.59
07386;EER non démarré;19/06/2026;—;1000050950;851.76
07386;EER non démarré;19/06/2026;—;1000050951;490.25
09238;EER non démarré;19/06/2026;—;1000050960;857.25
09238;EER non démarré;19/06/2026;—;1000050961;454.97
07831;EER validé;19/06/2026;957b23dc;1000050970;167.87
07831;EER validé;19/06/2026;076ed5b3;1000050971;285.32
09710;EER non démarré;19/06/2026;—;1000050980;920.48
09710;EER non démarré;19/06/2026;—;1000050981;104.82
07286;EER non démarré;19/06/2026;—;1000050990;436.17
07286;EER non démarré;19/06/2026;—;1000050991;484.06
01295;EER non démarré;19/06/2026;—;1000051000;418.07
01295;EER non démarré;19/06/2026;—;1000051001;517.84
07386;EER non démarré;19/06/2026;—;1000051010;213.54
07386;EER non démarré;19/06/2026;—;1000051011;354.58
06591;EER démarré;19/06/2026;babe92a7;1000051020;254.40
06591;EER démarré;19/06/2026;8289442d;1000051021;437.50
04169;EER validé;19/06/2026;01e41122;1000051030;168.79
04169;EER validé;19/06/2026;aa4e14c8;1000051031;738.80
03343;EER non démarré;19/06/2026;—;1000051040;971.20
03343;EER non démarré;19/06/2026;—;1000051041;571.84
09455;EER démarré;19/06/2026;bf10ffbf;1000051050;658.53
09455;EER démarré;19/06/2026;541100ff;1000051051;619.03
01694;EER non démarré;19/06/2026;—;1000051060;378.17
01694;EER non démarré;19/06/2026;—;1000051061;577.81
01872;EER non démarré;19/06/2026;—;1000051070;658.72
01872;EER non démarré;19/06/2026;—;1000051071;510.03
09093;EER non démarré;19/06/2026;—;1000051080;795.46
09093;EER non démarré;19/06/2026;—;1000051081;881.22
06744;EER validé;19/06/2026;1ed18f2a;1000051090;315.94
06744;EER validé;19/06/2026;900847c8;1000051091;539.27
00386;EER validé;19/06/2026;7c146945;1000051100;661.44
00386;EER validé;19/06/2026;82514c91;1000051101;167.71
06239;EER non démarré;19/06/2026;—;1000051110;619.32
06239;EER non démarré;19/06/2026;—;1000051111;232.78
05522;EER non démarré;19/06/2026;—;1000051120;257.00
05522;EER non démarré;19/06/2026;—;1000051121;654.37
07589;EER à valider;19/06/2026;5bd6a638;1000051130;842.18
07589;EER à valider;19/06/2026;e2b20aca;1000051131;437.41
03366;EER non démarré;19/06/2026;—;1000051140;843.41
03366;EER non démarré;19/06/2026;—;1000051141;299.20
09238;EER non démarré;19/06/2026;—;1000051150;226.23
09238;EER non démarré;19/06/2026;—;1000051151;689.45
08001;EER non démarré;19/06/2026;—;1000051160;512.66
08001;EER non démarré;19/06/2026;—;1000051161;583.43
06744;EER validé;19/06/2026;141db59c;1000051170;242.97
06744;EER validé;19/06/2026;ecd28114;1000051171;294.20
01891;EER non démarré;19/06/2026;—;1000051180;190.58
01891;EER non démarré;19/06/2026;—;1000051181;681.57
08259;EER validé;19/06/2026;e1dc1736;1000051190;592.42
08259;EER validé;19/06/2026;01b63ae5;1000051191;284.04
09275;EER démarré;19/06/2026;55c8ed12;1000051200;957.87
09275;EER démarré;19/06/2026;b3da7653;1000051201;765.01
06744;EER non démarré;19/06/2026;—;1000051210;974.31
06744;EER non démarré;19/06/2026;—;1000051211;907.13
06472;EER non démarré;19/06/2026;—;1000051220;803.05
06472;EER non démarré;19/06/2026;—;1000051221;254.24
09238;EER démarré;19/06/2026;4911f3d7;1000051230;518.15
09238;EER démarré;19/06/2026;004f7083;1000051231;659.24
05443;EER non démarré;19/06/2026;—;1000051240;167.50
05443;EER non démarré;19/06/2026;—;1000051241;843.32
09238;EER validé;19/06/2026;894453ef;1000051250;574.87
09238;EER validé;19/06/2026;d967d45f;1000051251;905.71
06744;EER non démarré;19/06/2026;—;1000051260;309.99
06744;EER non démarré;19/06/2026;—;1000051261;289.38
06129;EER non démarré;19/06/2026;—;1000051270;698.65
06129;EER non démarré;19/06/2026;—;1000051271;701.46
08582;EER non démarré;19/06/2026;—;1000051280;384.02
08582;EER non démarré;19/06/2026;—;1000051281;546.96
07359;EER validé;19/06/2026;4d913256;1000051290;570.69
07359;EER validé;19/06/2026;47bbcd56;1000051291;727.13
08671;EER non démarré;19/06/2026;—;1000051300;233.68
08671;EER non démarré;19/06/2026;—;1000051301;341.98
08421;EER non démarré;19/06/2026;—;1000051310;282.42
08421;EER non démarré;19/06/2026;—;1000051311;275.75
08421;EER validé;19/06/2026;3a01f446;1000051320;922.59
08421;EER validé;19/06/2026;4db58851;1000051321;615.24
03706;EER non démarré;19/06/2026;—;1000051330;930.63
03706;EER non démarré;19/06/2026;—;1000051331;158.45
06744;EER non démarré;19/06/2026;—;1000051340;199.21
06744;EER non démarré;19/06/2026;—;1000051341;456.36
01984;EER non démarré;19/06/2026;—;1000051350;896.47
01984;EER non démarré;19/06/2026;—;1000051351;307.89
05575;EER validé;19/06/2026;c92a3700;1000051360;609.20
05575;EER validé;19/06/2026;92b73a52;1000051361;763.71
05027;EER validé;19/06/2026;49427b68;1000051370;969.43
05027;EER validé;19/06/2026;5a86afd3;1000051371;916.05
02987;EER démarré;19/06/2026;deb37876;1000051380;854.68
02987;EER démarré;19/06/2026;97348116;1000051381;498.91
04868;EER non démarré;19/06/2026;—;1000051390;435.87
04868;EER non démarré;19/06/2026;—;1000051391;246.73
07782;EER non démarré;19/06/2026;—;1000051400;444.78
07782;EER non démarré;19/06/2026;—;1000051401;572.20
04253;EER validé;19/06/2026;81eebb51;1000051410;712.83
04253;EER validé;19/06/2026;4bd3e0b0;1000051411;708.51
06178;EER à rejeter;19/06/2026;d03aa9c1;1000051420;661.23
06178;EER à rejeter;19/06/2026;af91c73d;1000051421;719.31
04955;EER validé;19/06/2026;b60876e8;1000051430;655.83
04955;EER validé;19/06/2026;1768959d;1000051431;932.58
01984;EER non démarré;19/06/2026;—;1000051440;304.71
01984;EER non démarré;19/06/2026;—;1000051441;226.60
03172;EER non démarré;19/06/2026;—;1000051450;535.69
03172;EER non démarré;19/06/2026;—;1000051451;326.76
05326;EER non démarré;19/06/2026;—;1000051460;380.94
05326;EER non démarré;19/06/2026;—;1000051461;562.46
07516;EER validé;19/06/2026;6598c47c;1000051470;840.57
07516;EER validé;19/06/2026;af99d1e1;1000051471;411.15
09499;EER validé;19/06/2026;d58c530e;1000051480;585.60
09499;EER validé;19/06/2026;5783433f;1000051481;767.03
05027;EER non démarré;19/06/2026;—;1000051490;935.34
05027;EER non démarré;19/06/2026;—;1000051491;165.92
05586;EER non démarré;19/06/2026;—;1000051500;206.51
05586;EER non démarré;19/06/2026;—;1000051501;127.09
07901;EER non démarré;19/06/2026;—;1000051510;130.44
07901;EER non démarré;19/06/2026;—;1000051511;662.80
07386;EER non démarré;19/06/2026;—;1000051520;224.23
07386;EER non démarré;19/06/2026;—;1000051521;948.37
09238;EER validé;19/06/2026;01bf500d;1000051530;612.80
09238;EER validé;19/06/2026;6b75e1c7;1000051531;849.22
04818;EER non démarré;19/06/2026;—;1000051540;187.81
04818;EER non démarré;19/06/2026;—;1000051541;761.31
03900;EER non démarré;19/06/2026;—;1000051550;938.48
03900;EER non démarré;19/06/2026;—;1000051551;372.74
01447;EER non démarré;19/06/2026;—;1000051560;679.77
01447;EER non démarré;19/06/2026;—;1000051561;485.65
09238;EER non démarré;19/06/2026;—;1000051570;132.79
09238;EER non démarré;19/06/2026;—;1000051571;311.28
05206;EER non démarré;19/06/2026;—;1000051580;534.69
05206;EER non démarré;19/06/2026;—;1000051581;561.48
08589;EER non démarré;19/06/2026;—;1000051590;104.60
08589;EER non démarré;19/06/2026;—;1000051591;753.72
06358;EER validé;19/06/2026;008ac14e;1000051600;694.64
06358;EER validé;19/06/2026;05ce96d8;1000051601;439.03
09609;EER non démarré;19/06/2026;—;1000051610;570.01
09609;EER non démarré;19/06/2026;—;1000051611;564.65
00756;EER non démarré;19/06/2026;—;1000051620;937.34
00756;EER non démarré;19/06/2026;—;1000051621;644.12
08339;EER non démarré;19/06/2026;—;1000051630;131.52
08339;EER non démarré;19/06/2026;—;1000051631;776.91
09238;EER non démarré;19/06/2026;—;1000051640;802.76
09238;EER non démarré;19/06/2026;—;1000051641;585.47
09238;EER non démarré;19/06/2026;—;1000051650;512.99
09238;EER non démarré;19/06/2026;—;1000051651;865.82
08986;EER validé;19/06/2026;035208a6;1000051660;746.05
08986;EER validé;19/06/2026;a2055b70;1000051661;181.91
06255;EER non démarré;19/06/2026;—;1000051670;472.24
06255;EER non démarré;19/06/2026;—;1000051671;364.33
07286;EER validé;19/06/2026;12ffe23b;1000051680;632.94
07286;EER validé;19/06/2026;e36b5096;1000051681;573.97
06744;EER validé;19/06/2026;4e3959e6;1000051690;515.49
06744;EER validé;19/06/2026;d2dff7a1;1000051691;873.74
00386;EER non démarré;19/06/2026;—;1000051700;743.81
00386;EER non démarré;19/06/2026;—;1000051701;662.15
06556;EER non démarré;19/06/2026;—;1000051710;115.09
06556;EER non démarré;19/06/2026;—;1000051711;997.72
08495;EER validé;19/06/2026;3b1a3c58;1000051720;180.91
08495;EER validé;19/06/2026;a081fe59;1000051721;544.16
00386;EER non démarré;19/06/2026;—;1000051730;321.56
00386;EER non démarré;19/06/2026;—;1000051731;650.66
07125;EER validé;19/06/2026;c49e26a2;1000051740;803.27
07125;EER validé;19/06/2026;974bd175;1000051741;793.81
03188;EER non démarré;19/06/2026;—;1000051750;913.81
03188;EER non démarré;19/06/2026;—;1000051751;223.87
02148;EER non démarré;19/06/2026;—;1000051760;346.70
02148;EER non démarré;19/06/2026;—;1000051761;954.55
06929;EER non démarré;19/06/2026;—;1000051770;410.28
06929;EER non démarré;19/06/2026;—;1000051771;640.86
09238;EER validé;19/06/2026;eedd1264;1000051780;579.75
09238;EER validé;19/06/2026;a8120160;1000051781;949.56
07386;EER non démarré;19/06/2026;—;1000051790;636.67
07386;EER non démarré;19/06/2026;—;1000051791;380.62
08421;EER non démarré;19/06/2026;—;1000051800;547.46
08421;EER non démarré;19/06/2026;—;1000051801;935.02
07286;EER validé;19/06/2026;cbeddca9;1000051810;605.52
07286;EER validé;19/06/2026;3b062c57;1000051811;429.63
02078;EER non démarré;19/06/2026;—;1000051820;102.24
02078;EER non démarré;19/06/2026;—;1000051821;142.82
05080;EER validé;19/06/2026;716dab39;1000051830;831.00
05080;EER validé;19/06/2026;e9008210;1000051831;964.74
05954;EER non démarré;19/06/2026;—;1000051840;830.25
05954;EER non démarré;19/06/2026;—;1000051841;418.77
09238;EER non démarré;19/06/2026;—;1000051850;132.77
09238;EER non démarré;19/06/2026;—;1000051851;415.24
09238;EER non démarré;19/06/2026;—;1000051860;825.55
09238;EER non démarré;19/06/2026;—;1000051861;656.52
00386;EER validé;19/06/2026;121aafce;1000051870;949.83
00386;EER validé;19/06/2026;288e821a;1000051871;907.51
09455;EER validé;19/06/2026;4f44b0cc;1000051880;607.30
09455;EER validé;19/06/2026;09ab0d65;1000051881;697.28
07486;EER validé;19/06/2026;6b4d6059;1000051890;638.44
07486;EER validé;19/06/2026;75a80c98;1000051891;179.22
03940;EER validé;19/06/2026;628cca0a;1000051900;360.54
03940;EER validé;19/06/2026;4eb88def;1000051901;158.07
05769;EER non démarré;19/06/2026;—;1000051910;117.46
05769;EER non démarré;19/06/2026;—;1000051911;383.36
05298;EER non démarré;19/06/2026;—;1000051920;937.76
05298;EER non démarré;19/06/2026;—;1000051921;459.76
08558;EER non démarré;19/06/2026;—;1000051930;905.65
08558;EER non démarré;19/06/2026;—;1000051931;508.74
09238;EER non démarré;19/06/2026;—;1000051940;634.54
09238;EER non démarré;19/06/2026;—;1000051941;811.28
08840;EER non démarré;19/06/2026;—;1000051950;709.62
08840;EER non démarré;19/06/2026;—;1000051951;248.10
05925;EER validé;19/06/2026;87ed1a8c;1000051960;986.69
05925;EER validé;19/06/2026;a6882a24;1000051961;319.74
09483;EER validé;19/06/2026;47360a1d;1000051970;870.64
09483;EER validé;19/06/2026;6a76b719;1000051971;599.68
09238;EER non démarré;19/06/2026;—;1000051980;123.47
09238;EER non démarré;19/06/2026;—;1000051981;785.31
09238;EER non démarré;19/06/2026;—;1000051990;725.37
09238;EER non démarré;19/06/2026;—;1000051991;856.54
06947;EER non démarré;19/06/2026;—;1000052000;180.20
06947;EER non démarré;19/06/2026;—;1000052001;427.65
04561;EER validé;19/06/2026;07f3ae08;1000052010;878.64
04561;EER validé;19/06/2026;3352dd4d;1000052011;220.45
09238;EER validé;19/06/2026;06eed170;1000052020;550.60
09238;EER validé;19/06/2026;db93895c;1000052021;825.39
04669;EER non démarré;19/06/2026;—;1000052030;428.07
04669;EER non démarré;19/06/2026;—;1000052031;768.39
02811;EER non démarré;19/06/2026;—;1000052040;941.30
02811;EER non démarré;19/06/2026;—;1000052041;972.40
06744;EER non démarré;19/06/2026;—;1000052050;777.37
06744;EER non démarré;19/06/2026;—;1000052051;664.48
09238;EER non démarré;19/06/2026;—;1000052060;475.16
09238;EER non démarré;19/06/2026;—;1000052061;463.19
04626;EER rejeté;19/06/2026;db418a9e;1000052070;366.74
04626;EER rejeté;19/06/2026;62b767b1;1000052071;361.09
09238;EER non démarré;19/06/2026;—;1000052080;662.45
09238;EER non démarré;19/06/2026;—;1000052081;759.36
02002;EER démarré;19/06/2026;e312503a;1000052090;327.77
02002;EER démarré;19/06/2026;426bcda6;1000052091;300.82
04169;EER non démarré;19/06/2026;—;1000052100;505.59
04169;EER non démarré;19/06/2026;—;1000052101;653.46
05027;EER validé;19/06/2026;0bf3695b;1000052110;213.42
05027;EER validé;19/06/2026;e03ace8d;1000052111;365.74
09238;EER validé;19/06/2026;aba59ee0;1000052120;529.01
09238;EER validé;19/06/2026;0c9bb06f;1000052121;200.88
05443;EER non démarré;19/06/2026;—;1000052130;461.49
05443;EER non démarré;19/06/2026;—;1000052131;221.43
07676;EER rejeté;19/06/2026;68fc9b63;1000052140;560.22
07676;EER rejeté;19/06/2026;1f7852c4;1000052141;124.53
09389;EER non démarré;19/06/2026;—;1000052150;575.62
09389;EER non démarré;19/06/2026;—;1000052151;862.91
08495;EER non démarré;19/06/2026;—;1000052160;739.90
08495;EER non démarré;19/06/2026;—;1000052161;312.05
09238;EER démarré;19/06/2026;fdeb528f;1000052170;578.95
09238;EER démarré;19/06/2026;82af18a2;1000052171;273.12
01438;EER non démarré;19/06/2026;—;1000052180;661.39
01438;EER non démarré;19/06/2026;—;1000052181;748.60
09238;EER non démarré;19/06/2026;—;1000052190;130.06
09238;EER non démarré;19/06/2026;—;1000052191;974.36
00386;EER non démarré;19/06/2026;—;1000052200;667.47
00386;EER non démarré;19/06/2026;—;1000052201;400.28
04955;EER non démarré;19/06/2026;—;1000052210;371.12
04955;EER non démarré;19/06/2026;—;1000052211;440.78
06979;EER non démarré;19/06/2026;—;1000052220;116.54
06979;EER non démarré;19/06/2026;—;1000052221;352.08
05326;EER non démarré;19/06/2026;—;1000052230;595.85
05326;EER non démarré;19/06/2026;—;1000052231;375.45
02685;EER non démarré;19/06/2026;—;1000052240;668.31
02685;EER non démarré;19/06/2026;—;1000052241;515.97
00165;EER non démarré;19/06/2026;—;1000052250;280.38
00165;EER non démarré;19/06/2026;—;1000052251;930.89
07408;EER non démarré;19/06/2026;—;1000052260;805.99
07408;EER non démarré;19/06/2026;—;1000052261;758.12
05443;EER non démarré;19/06/2026;—;1000052270;186.85
05443;EER non démarré;19/06/2026;—;1000052271;759.79
07861;EER non démarré;19/06/2026;—;1000052280;849.73
07861;EER non démarré;19/06/2026;—;1000052281;706.69
09238;EER non démarré;19/06/2026;—;1000052290;441.99
09238;EER non démarré;19/06/2026;—;1000052291;532.40
03366;EER validé;19/06/2026;283594f6;1000052300;119.35
03366;EER validé;19/06/2026;f128c460;1000052301;123.28
06744;EER non démarré;19/06/2026;—;1000052310;688.89
06744;EER non démarré;19/06/2026;—;1000052311;290.16
09062;EER non démarré;19/06/2026;—;1000052320;592.70
09062;EER non démarré;19/06/2026;—;1000052321;653.33
03940;EER non démarré;19/06/2026;—;1000052330;996.02
03940;EER non démarré;19/06/2026;—;1000052331;142.70
06744;EER non démarré;19/06/2026;—;1000052340;298.44
06744;EER non démarré;19/06/2026;—;1000052341;783.57
08193;EER démarré;19/06/2026;8e9b3a57;1000052350;115.03
08193;EER démarré;19/06/2026;0e9f2fef;1000052351;919.45
05443;EER démarré;19/06/2026;e9c680a0;1000052360;725.53
05443;EER démarré;19/06/2026;422b5c06;1000052361;356.29
08342;EER non démarré;19/06/2026;—;1000052370;620.58
08342;EER non démarré;19/06/2026;—;1000052371;968.81
06667;EER démarré;19/06/2026;44a48bcd;1000052380;326.41
06667;EER démarré;19/06/2026;c828940f;1000052381;415.63
09238;EER non démarré;19/06/2026;—;1000052390;483.48
09238;EER non démarré;19/06/2026;—;1000052391;228.58
09940;EER validé;19/06/2026;709fc006;1000052400;735.15
09940;EER validé;19/06/2026;c01d975b;1000052401;790.61
04613;EER validé;19/06/2026;d977c91b;1000052410;454.54
04613;EER validé;19/06/2026;d3e611ba;1000052411;777.52
07286;EER non démarré;19/06/2026;—;1000052420;573.20
07286;EER non démarré;19/06/2026;—;1000052421;549.32
08593;EER validé;19/06/2026;73342cef;1000052430;114.42
08593;EER validé;19/06/2026;457cf63b;1000052431;436.88
01969;EER validé;19/06/2026;28fa9582;1000052440;629.18
01969;EER validé;19/06/2026;e3c7f5f8;1000052441;642.65
07401;EER à valider;19/06/2026;25861a2f;1000052450;239.29
07401;EER à valider;19/06/2026;8da5d526;1000052451;713.21
06178;EER non démarré;19/06/2026;—;1000052460;986.01
06178;EER non démarré;19/06/2026;—;1000052461;588.42
01547;EER non démarré;19/06/2026;—;1000052470;677.22
01547;EER non démarré;19/06/2026;—;1000052471;852.88
09476;EER non démarré;19/06/2026;—;1000052480;715.38
09476;EER non démarré;19/06/2026;—;1000052481;303.39
09238;EER non démarré;18/06/2026;—;1000052490;535.34
09238;EER non démarré;18/06/2026;—;1000052491;487.40
05161;EER validé;18/06/2026;926e25a0;1000052500;558.16
05161;EER validé;18/06/2026;28f939cd;1000052501;169.73
03883;EER non démarré;18/06/2026;—;1000052510;865.19
03883;EER non démarré;18/06/2026;—;1000052511;115.21
00368;EER validé;18/06/2026;65749b7a;1000052520;185.34
00368;EER validé;18/06/2026;f9340e90;1000052521;582.32
09885;EER validé;18/06/2026;0a8ba317;1000052530;685.06
09885;EER validé;18/06/2026;c00f3210;1000052531;889.02
09238;EER validé;18/06/2026;20f7f77b;1000052540;849.75
09238;EER validé;18/06/2026;666cac52;1000052541;511.40
09238;EER non démarré;18/06/2026;—;1000052550;387.73
09238;EER non démarré;18/06/2026;—;1000052551;305.74
01650;EER non démarré;18/06/2026;—;1000052560;138.61
01650;EER non démarré;18/06/2026;—;1000052561;975.01
06744;EER validé;18/06/2026;732839f7;1000052570;851.15
06744;EER validé;18/06/2026;a56de98f;1000052571;807.33
00818;EER rejeté;18/06/2026;b89f871a;1000052580;839.03
00818;EER rejeté;18/06/2026;7c460ab8;1000052581;206.51
08342;EER non démarré;18/06/2026;—;1000052590;729.84
08342;EER non démarré;18/06/2026;—;1000052591;425.48
00368;EER non démarré;18/06/2026;—;1000052600;921.86
00368;EER non démarré;18/06/2026;—;1000052601;472.58
05027;EER démarré;18/06/2026;2b08a6b4;1000052610;554.86
05027;EER démarré;18/06/2026;94adc637;1000052611;504.38
01115;EER non démarré;18/06/2026;—;1000052620;354.89
01115;EER non démarré;18/06/2026;—;1000052621;326.80
02367;EER validé;18/06/2026;371ea041;1000052630;416.64
02367;EER validé;18/06/2026;80828fd5;1000052631;283.53
04217;EER non démarré;18/06/2026;—;1000052640;803.34
04217;EER non démarré;18/06/2026;—;1000052641;690.90
04110;EER non démarré;18/06/2026;—;1000052650;294.29
04110;EER non démarré;18/06/2026;—;1000052651;651.54
06592;EER non démarré;18/06/2026;—;1000052660;705.07
06592;EER non démarré;18/06/2026;—;1000052661;372.26
07386;EER non démarré;18/06/2026;—;1000052670;902.45
07386;EER non démarré;18/06/2026;—;1000052671;965.77
09374;EER validé;18/06/2026;95c06a46;1000052680;337.69
09374;EER validé;18/06/2026;db39c7f7;1000052681;513.71
05061;EER non démarré;18/06/2026;—;1000052690;865.21
05061;EER non démarré;18/06/2026;—;1000052691;401.06
09273;EER validé;18/06/2026;d33fb793;1000052700;573.10
09273;EER validé;18/06/2026;8294afda;1000052701;172.35
06744;EER non démarré;18/06/2026;—;1000052710;511.30
06744;EER non démarré;18/06/2026;—;1000052711;328.21
08421;EER non démarré;18/06/2026;—;1000052720;383.40
08421;EER non démarré;18/06/2026;—;1000052721;949.53
02811;EER non démarré;18/06/2026;—;1000052730;499.02
02811;EER non démarré;18/06/2026;—;1000052731;374.84
03999;EER validé;18/06/2026;0dee2e89;1000052740;216.52
03999;EER validé;18/06/2026;178a71ac;1000052741;734.77
01547;EER non démarré;18/06/2026;—;1000052750;770.84
01547;EER non démarré;18/06/2026;—;1000052751;460.50
06744;EER non démarré;18/06/2026;—;1000052760;958.94
06744;EER non démarré;18/06/2026;—;1000052761;151.32
03254;EER non démarré;18/06/2026;—;1000052770;927.14
03254;EER non démarré;18/06/2026;—;1000052771;814.62
00386;EER non démarré;18/06/2026;—;1000052780;429.16
00386;EER non démarré;18/06/2026;—;1000052781;413.64
02675;EER non démarré;18/06/2026;—;1000052790;648.07
02675;EER non démarré;18/06/2026;—;1000052791;527.21
03940;EER non démarré;18/06/2026;—;1000052800;559.48
03940;EER non démarré;18/06/2026;—;1000052801;238.62
09069;EER non démarré;18/06/2026;—;1000052810;119.54
09069;EER non démarré;18/06/2026;—;1000052811;515.37
01779;EER non démarré;18/06/2026;—;1000052820;347.65
01779;EER non démarré;18/06/2026;—;1000052821;496.34
00448;EER validé;18/06/2026;c41ebb4b;1000052830;304.04
00448;EER validé;18/06/2026;e75c67de;1000052831;924.23
00481;EER non démarré;18/06/2026;—;1000052840;498.98
00481;EER non démarré;18/06/2026;—;1000052841;976.57
08404;EER non démarré;18/06/2026;—;1000052850;632.00
08404;EER non démarré;18/06/2026;—;1000052851;259.09
07063;EER validé;18/06/2026;cf7c1263;1000052860;724.04
07063;EER validé;18/06/2026;1cb1df57;1000052861;584.71
09238;EER non démarré;18/06/2026;—;1000052870;539.96
09238;EER non démarré;18/06/2026;—;1000052871;641.17
06744;EER non démarré;18/06/2026;—;1000052880;464.03
06744;EER non démarré;18/06/2026;—;1000052881;356.39
06738;EER validé;18/06/2026;80f87da8;1000052890;279.01
06738;EER validé;18/06/2026;cfae7a88;1000052891;957.07
09273;EER non démarré;18/06/2026;—;1000052900;272.37
09273;EER non démarré;18/06/2026;—;1000052901;369.35
08641;EER non démarré;18/06/2026;—;1000052910;769.11
08641;EER non démarré;18/06/2026;—;1000052911;734.58
06744;EER démarré;18/06/2026;adaf4554;1000052920;878.59
06744;EER démarré;18/06/2026;34b255eb;1000052921;302.40
04704;EER validé;18/06/2026;2d5852a8;1000052930;240.39
04704;EER validé;18/06/2026;61a76158;1000052931;110.97
09238;EER non démarré;18/06/2026;—;1000052940;821.26
09238;EER non démarré;18/06/2026;—;1000052941;129.00
02938;EER non démarré;18/06/2026;—;1000052950;843.94
02938;EER non démarré;18/06/2026;—;1000052951;821.35
06744;EER non démarré;18/06/2026;—;1000052960;488.97
06744;EER non démarré;18/06/2026;—;1000052961;863.06
09985;EER validé;18/06/2026;b20aad01;1000052970;588.78
09985;EER validé;18/06/2026;496d06b2;1000052971;325.73
09549;EER à valider;18/06/2026;302d3510;1000052980;836.35
09549;EER à valider;18/06/2026;f0a3e3c5;1000052981;145.21
00818;EER non démarré;18/06/2026;—;1000052990;324.00
00818;EER non démarré;18/06/2026;—;1000052991;720.07
05285;EER non démarré;18/06/2026;—;1000053000;927.38
05285;EER non démarré;18/06/2026;—;1000053001;603.42
08421;EER non démarré;18/06/2026;—;1000053010;994.36
08421;EER non démarré;18/06/2026;—;1000053011;226.96
06926;EER non démarré;18/06/2026;—;1000053020;278.45
06926;EER non démarré;18/06/2026;—;1000053021;950.90
08414;EER validé;18/06/2026;779d0e31;1000053030;789.68
08414;EER validé;18/06/2026;cf1d04ed;1000053031;800.29
06744;EER non démarré;18/06/2026;—;1000053040;965.08
06744;EER non démarré;18/06/2026;—;1000053041;405.59
03940;EER validé;18/06/2026;9a426243;1000053050;114.55
03940;EER validé;18/06/2026;9decb0a5;1000053051;245.52
00174;EER validé;18/06/2026;9205c17d;1000053060;972.73
00174;EER validé;18/06/2026;375bd2e2;1000053061;815.40
01563;EER validé;18/06/2026;d99ae501;1000053070;199.77
01563;EER validé;18/06/2026;89f016ab;1000053071;648.77
09238;EER non démarré;18/06/2026;—;1000053080;734.82
09238;EER non démarré;18/06/2026;—;1000053081;439.01
03226;EER non démarré;18/06/2026;—;1000053090;795.08
03226;EER non démarré;18/06/2026;—;1000053091;459.97
04699;EER non démarré;18/06/2026;—;1000053100;842.22
04699;EER non démarré;18/06/2026;—;1000053101;110.17
09885;EER non démarré;18/06/2026;—;1000053110;529.80
09885;EER non démarré;18/06/2026;—;1000053111;632.80
07486;EER démarré;18/06/2026;ca1b9718;1000053120;759.96
07486;EER démarré;18/06/2026;d8b19888;1000053121;384.26
00135;EER validé;18/06/2026;97b1d897;1000053130;825.79
00135;EER validé;18/06/2026;3e995117;1000053131;835.63
05326;EER non démarré;18/06/2026;—;1000053140;996.92
05326;EER non démarré;18/06/2026;—;1000053141;320.03
01878;EER validé;18/06/2026;601d3edd;1000053150;460.25
01878;EER validé;18/06/2026;8d325741;1000053151;575.64
09238;EER non démarré;18/06/2026;—;1000053160;486.03
09238;EER non démarré;18/06/2026;—;1000053161;358.37
06947;EER validé;18/06/2026;0f84a97e;1000053170;741.60
06947;EER validé;18/06/2026;3217ed0b;1000053171;786.56
07627;EER non démarré;18/06/2026;—;1000053180;797.86
07627;EER non démarré;18/06/2026;—;1000053181;278.95
03337;EER non démarré;18/06/2026;—;1000053190;433.56
03337;EER non démarré;18/06/2026;—;1000053191;936.74
08495;EER validé;18/06/2026;a9492863;1000053200;874.99
08495;EER validé;18/06/2026;2e1ad3db;1000053201;887.34
00789;EER non démarré;18/06/2026;—;1000053210;413.07
00789;EER non démarré;18/06/2026;—;1000053211;133.62
01702;EER validé;18/06/2026;f6ce6a3c;1000053220;926.92
01702;EER validé;18/06/2026;0455c407;1000053221;210.73
05925;EER non démarré;18/06/2026;—;1000053230;667.99
05925;EER non démarré;18/06/2026;—;1000053231;830.93
06472;EER non démarré;18/06/2026;—;1000053240;528.09
06472;EER non démarré;18/06/2026;—;1000053241;529.39
08414;EER non démarré;18/06/2026;—;1000053250;623.91
08414;EER non démarré;18/06/2026;—;1000053251;556.06
06744;EER non démarré;18/06/2026;—;1000053260;921.41
06744;EER non démarré;18/06/2026;—;1000053261;223.59
09238;EER non démarré;18/06/2026;—;1000053270;747.17
09238;EER non démarré;18/06/2026;—;1000053271;644.94
06926;EER non démarré;18/06/2026;—;1000053280;346.15
06926;EER non démarré;18/06/2026;—;1000053281;244.57
03940;EER non démarré;18/06/2026;—;1000053290;531.93
03940;EER non démarré;18/06/2026;—;1000053291;784.99
06744;EER non démarré;18/06/2026;—;1000053300;338.09
06744;EER non démarré;18/06/2026;—;1000053301;508.64
08754;EER non démarré;18/06/2026;—;1000053310;215.90
08754;EER non démarré;18/06/2026;—;1000053311;109.89
05898;EER démarré;18/06/2026;42ad66d2;1000053320;624.37
05898;EER démarré;18/06/2026;b24744e1;1000053321;576.47
03231;EER non démarré;18/06/2026;—;1000053330;615.75
03231;EER non démarré;18/06/2026;—;1000053331;820.72
09374;EER non démarré;18/06/2026;—;1000053340;863.94
09374;EER non démarré;18/06/2026;—;1000053341;326.52
09238;EER non démarré;18/06/2026;—;1000053350;294.09
09238;EER non démarré;18/06/2026;—;1000053351;475.17
03337;EER validé;18/06/2026;4a123c16;1000053360;509.81
03337;EER validé;18/06/2026;b544fb5a;1000053361;244.40
05027;EER rejeté;18/06/2026;fa6a0f7f;1000053370;668.62
05027;EER rejeté;18/06/2026;8f531319;1000053371;105.21
04588;EER validé;18/06/2026;024ff566;1000053380;986.65
04588;EER validé;18/06/2026;c5ee4031;1000053381;791.72
07993;EER non démarré;18/06/2026;—;1000053390;827.97
07993;EER non démarré;18/06/2026;—;1000053391;776.38
07439;EER démarré;18/06/2026;5fd293d2;1000053400;505.66
07439;EER démarré;18/06/2026;5cc5c30b;1000053401;728.19
05867;EER non démarré;18/06/2026;—;1000053410;393.04
05867;EER non démarré;18/06/2026;—;1000053411;573.09
03002;EER non démarré;18/06/2026;—;1000053420;626.61
03002;EER non démarré;18/06/2026;—;1000053421;773.13
00674;EER non démarré;18/06/2026;—;1000053430;541.90
00674;EER non démarré;18/06/2026;—;1000053431;467.76
09238;EER validé;18/06/2026;e5f04b5e;1000053440;507.98
09238;EER validé;18/06/2026;326de7a7;1000053441;851.04
03940;EER démarré;18/06/2026;4094ec86;1000053450;892.23
03940;EER démarré;18/06/2026;0f39ed3b;1000053451;156.44
07696;EER non démarré;18/06/2026;—;1000053460;277.88
07696;EER non démarré;18/06/2026;—;1000053461;587.84
00841;EER rejeté;18/06/2026;82daa281;1000053470;170.44
00841;EER rejeté;18/06/2026;42b823ba;1000053471;187.77
09885;EER non démarré;18/06/2026;—;1000053480;258.91
09885;EER non démarré;18/06/2026;—;1000053481;936.33
08414;EER démarré;18/06/2026;bb1b4d05;1000053490;527.82
08414;EER démarré;18/06/2026;ec3736da;1000053491;114.49
01449;EER validé;18/06/2026;bbd35466;1000053500;769.93
01449;EER validé;18/06/2026;e3af4f88;1000053501;571.09
07627;EER validé;18/06/2026;d20a287b;1000053510;977.09
07627;EER validé;18/06/2026;f8345f70;1000053511;936.72
07516;EER non démarré;18/06/2026;—;1000053520;437.86
07516;EER non démarré;18/06/2026;—;1000053521;974.90
09069;EER non démarré;18/06/2026;—;1000053530;278.11
09069;EER non démarré;18/06/2026;—;1000053531;112.88
08430;EER non démarré;18/06/2026;—;1000053540;974.69
08430;EER non démarré;18/06/2026;—;1000053541;905.59
05331;EER non démarré;18/06/2026;—;1000053550;292.17
05331;EER non démarré;18/06/2026;—;1000053551;947.62
09238;EER non démarré;18/06/2026;—;1000053560;278.88
09238;EER non démarré;18/06/2026;—;1000053561;720.91
05954;EER non démarré;18/06/2026;—;1000053570;408.67
05954;EER non démarré;18/06/2026;—;1000053571;563.43
03567;EER rejeté;18/06/2026;44e22f91;1000053580;295.46
03567;EER rejeté;18/06/2026;78588e2e;1000053581;695.89
05298;EER non démarré;18/06/2026;—;1000053590;862.20
05298;EER non démarré;18/06/2026;—;1000053591;432.36
01192;EER non démarré;18/06/2026;—;1000053600;669.62
01192;EER non démarré;18/06/2026;—;1000053601;979.43
05326;EER non démarré;18/06/2026;—;1000053610;211.11
05326;EER non démarré;18/06/2026;—;1000053611;255.52
09238;EER non démarré;18/06/2026;—;1000053620;169.53
09238;EER non démarré;18/06/2026;—;1000053621;440.08
07386;EER non démarré;18/06/2026;—;1000053630;271.43
07386;EER non démarré;18/06/2026;—;1000053631;783.46
09238;EER démarré;18/06/2026;630544b3;1000053640;867.86
09238;EER démarré;18/06/2026;e69ed004;1000053641;359.66
03863;EER non démarré;18/06/2026;—;1000053650;910.59
03863;EER non démarré;18/06/2026;—;1000053651;242.16
05682;EER non démarré;18/06/2026;—;1000053660;594.67
05682;EER non démarré;18/06/2026;—;1000053661;542.62
09238;EER validé;18/06/2026;ea9bb62d;1000053670;875.31
09238;EER validé;18/06/2026;bfe455f8;1000053671;309.95
06744;EER non démarré;18/06/2026;—;1000053680;491.91
06744;EER non démarré;18/06/2026;—;1000053681;718.52
05326;EER non démarré;18/06/2026;—;1000053690;396.31
05326;EER non démarré;18/06/2026;—;1000053691;362.31
03343;EER non démarré;18/06/2026;—;1000053700;466.37
03343;EER non démarré;18/06/2026;—;1000053701;765.60
06744;EER non démarré;18/06/2026;—;1000053710;321.20
06744;EER non démarré;18/06/2026;—;1000053711;996.30
06556;EER non démarré;18/06/2026;—;1000053720;533.08
06556;EER non démarré;18/06/2026;—;1000053721;780.45
08582;EER non démarré;18/06/2026;—;1000053730;263.47
08582;EER non démarré;18/06/2026;—;1000053731;166.06
06629;EER rejeté;18/06/2026;816774b0;1000053740;484.39
06629;EER rejeté;18/06/2026;b2de432b;1000053741;390.10
09524;EER validé;18/06/2026;7c5b858e;1000053750;422.86
09524;EER validé;18/06/2026;5dbcc73b;1000053751;110.06
07853;EER rejeté;18/06/2026;c2d9db61;1000053760;105.48
07853;EER rejeté;18/06/2026;115dc097;1000053761;703.69
06472;EER non démarré;18/06/2026;—;1000053770;409.83
06472;EER non démarré;18/06/2026;—;1000053771;728.90
07853;EER validé;18/06/2026;40afd6ae;1000053780;569.68
07853;EER validé;18/06/2026;b19a06a1;1000053781;512.33
04088;EER validé;18/06/2026;642d49c7;1000053790;837.20
04088;EER validé;18/06/2026;94049c1a;1000053791;239.56
09238;EER non démarré;18/06/2026;—;1000053800;385.63
09238;EER non démarré;18/06/2026;—;1000053801;506.95
01896;EER non démarré;18/06/2026;—;1000053810;875.65
01896;EER non démarré;18/06/2026;—;1000053811;481.76
09455;EER validé;18/06/2026;7db1f4ef;1000053820;374.38
09455;EER validé;18/06/2026;230a07c5;1000053821;681.60
06744;EER non démarré;18/06/2026;—;1000053830;523.49
06744;EER non démarré;18/06/2026;—;1000053831;350.61
06744;EER validé;18/06/2026;00b0736e;1000053840;860.10
06744;EER validé;18/06/2026;eac83494;1000053841;477.04
03789;EER non démarré;18/06/2026;—;1000053850;647.88
03789;EER non démarré;18/06/2026;—;1000053851;844.89
00386;EER validé;18/06/2026;4ca962c2;1000053860;184.72
00386;EER validé;18/06/2026;706a78d3;1000053861;967.14
06366;EER démarré;18/06/2026;de61e1fd;1000053870;250.05
06366;EER démarré;18/06/2026;f60a533a;1000053871;769.42
01856;EER validé;18/06/2026;1d6ce9c9;1000053880;160.88
01856;EER validé;18/06/2026;26a5d94d;1000053881;183.94
06744;EER validé;18/06/2026;86379ce3;1000053890;860.16
06744;EER validé;18/06/2026;db089b62;1000053891;367.60
00448;EER non démarré;18/06/2026;—;1000053900;822.07
00448;EER non démarré;18/06/2026;—;1000053901;429.91
08896;EER non démarré;18/06/2026;—;1000053910;210.80
08896;EER non démarré;18/06/2026;—;1000053911;464.06
07627;EER démarré;18/06/2026;902144a2;1000053920;288.37
07627;EER démarré;18/06/2026;baced9e0;1000053921;622.02
09238;EER non démarré;18/06/2026;—;1000053930;341.28
09238;EER non démarré;18/06/2026;—;1000053931;402.84
08414;EER non démarré;18/06/2026;—;1000053940;571.36
08414;EER non démarré;18/06/2026;—;1000053941;510.33
07051;EER non démarré;18/06/2026;—;1000053950;888.65
07051;EER non démarré;18/06/2026;—;1000053951;813.05
02639;EER validé;18/06/2026;0bc65ad7;1000053960;479.52
02639;EER validé;18/06/2026;28a18c40;1000053961;954.70
07627;EER non démarré;18/06/2026;—;1000053970;536.35
07627;EER non démarré;18/06/2026;—;1000053971;610.08
02622;EER validé;18/06/2026;7d03d06c;1000053980;406.28
02622;EER validé;18/06/2026;7875545e;1000053981;484.17
08960;EER non démarré;18/06/2026;—;1000053990;849.69
08960;EER non démarré;18/06/2026;—;1000053991;849.94
08579;EER validé;18/06/2026;7f345f23;1000054000;328.14
08579;EER validé;18/06/2026;ad9637c4;1000054001;400.47
08579;EER non démarré;18/06/2026;—;1000054010;614.09
08579;EER non démarré;18/06/2026;—;1000054011;618.09
06744;EER validé;18/06/2026;52ea718e;1000054020;642.83
06744;EER validé;18/06/2026;dd75bd91;1000054021;253.56
09238;EER non démarré;18/06/2026;—;1000054030;353.61
09238;EER non démarré;18/06/2026;—;1000054031;491.22
03940;EER non démarré;18/06/2026;—;1000054040;547.88
03940;EER non démarré;18/06/2026;—;1000054041;765.10
04561;EER validé;18/06/2026;1bdb3253;1000054050;710.23
04561;EER validé;18/06/2026;5c936aee;1000054051;795.47
06744;EER validé;18/06/2026;e4531001;1000054060;527.14
06744;EER validé;18/06/2026;9c3551a6;1000054061;377.97
03940;EER non démarré;18/06/2026;—;1000054070;636.84
03940;EER non démarré;18/06/2026;—;1000054071;981.48
01811;EER validé;18/06/2026;b4945cc6;1000054080;931.86
01811;EER validé;18/06/2026;f6690d05;1000054081;225.83
01011;EER non démarré;18/06/2026;—;1000054090;433.91
01011;EER non démarré;18/06/2026;—;1000054091;809.20
07627;EER non démarré;18/06/2026;—;1000054100;927.64
07627;EER non démarré;18/06/2026;—;1000054101;957.68
09630;EER validé;18/06/2026;4a88be1a;1000054110;773.97
09630;EER validé;18/06/2026;0fe51004;1000054111;846.72
09238;EER validé;18/06/2026;8d4faa26;1000054120;966.52
09238;EER validé;18/06/2026;800c59eb;1000054121;784.00
01387;EER validé;18/06/2026;8cec57a8;1000054130;368.21
01387;EER validé;18/06/2026;4d8935e6;1000054131;224.68
07283;EER validé;17/06/2026;e95c0d9f;1000054140;739.58
07283;EER validé;17/06/2026;74dc5371;1000054141;414.10
01531;EER non démarré;17/06/2026;—;1000054150;247.33
01531;EER non démarré;17/06/2026;—;1000054151;909.09
03567;EER non démarré;17/06/2026;—;1000054160;680.43
03567;EER non démarré;17/06/2026;—;1000054161;711.43
06744;EER à rejeter;17/06/2026;61a5a113;1000054170;787.19
06744;EER à rejeter;17/06/2026;49822357;1000054171;300.45
07627;EER non démarré;17/06/2026;—;1000054180;212.30
07627;EER non démarré;17/06/2026;—;1000054181;918.05
06806;EER non démarré;17/06/2026;—;1000054190;933.05
06806;EER non démarré;17/06/2026;—;1000054191;245.93
09238;EER démarré;17/06/2026;047d3aa8;1000054200;790.40
09238;EER démarré;17/06/2026;fefe3db6;1000054201;249.50
00878;EER non démarré;17/06/2026;—;1000054210;412.67
00878;EER non démarré;17/06/2026;—;1000054211;631.68
02872;EER non démarré;17/06/2026;—;1000054220;737.79
02872;EER non démarré;17/06/2026;—;1000054221;308.50
06744;EER validé;17/06/2026;61ccce05;1000054230;616.56
06744;EER validé;17/06/2026;5a50db98;1000054231;447.51
09238;EER validé;17/06/2026;21dd88a9;1000054240;279.81
09238;EER validé;17/06/2026;c737ecf6;1000054241;189.65
09238;EER non démarré;17/06/2026;—;1000054250;778.45
09238;EER non démarré;17/06/2026;—;1000054251;999.78
05027;EER non démarré;17/06/2026;—;1000054260;714.91
05027;EER non démarré;17/06/2026;—;1000054261;780.04
01035;EER non démarré;17/06/2026;—;1000054270;111.12
01035;EER non démarré;17/06/2026;—;1000054271;450.95
09238;EER à rejeter;17/06/2026;bbccc01c;1000054280;346.78
09238;EER à rejeter;17/06/2026;5daadeb5;1000054281;791.29
03948;EER non démarré;17/06/2026;—;1000054290;897.86
03948;EER non démarré;17/06/2026;—;1000054291;208.56
03254;EER non démarré;17/06/2026;—;1000054300;157.28
03254;EER non démarré;17/06/2026;—;1000054301;442.71
01427;EER non démarré;17/06/2026;—;1000054310;649.29
01427;EER non démarré;17/06/2026;—;1000054311;370.69
06184;EER validé;17/06/2026;f12be410;1000054320;184.37
06184;EER validé;17/06/2026;c4c94e00;1000054321;417.50
04818;EER non démarré;17/06/2026;—;1000054330;102.59
04818;EER non démarré;17/06/2026;—;1000054331;325.11
05408;EER validé;17/06/2026;18934f59;1000054340;347.01
05408;EER validé;17/06/2026;6619d7a8;1000054341;499.51
01984;EER non démarré;17/06/2026;—;1000054350;257.10
01984;EER non démarré;17/06/2026;—;1000054351;780.91
06191;EER non démarré;17/06/2026;—;1000054360;650.13
06191;EER non démarré;17/06/2026;—;1000054361;697.03
04345;EER validé;17/06/2026;28a632ae;1000054370;303.51
04345;EER validé;17/06/2026;752971a6;1000054371;880.17
07439;EER non démarré;17/06/2026;—;1000054380;255.20
07439;EER non démarré;17/06/2026;—;1000054381;685.91
05733;EER validé;17/06/2026;16c9586e;1000054390;821.18
05733;EER validé;17/06/2026;614a15a3;1000054391;523.42
04333;EER non démarré;17/06/2026;—;1000054400;546.10
04333;EER non démarré;17/06/2026;—;1000054401;828.82
06744;EER non démarré;17/06/2026;—;1000054410;648.89
06744;EER non démarré;17/06/2026;—;1000054411;829.44
03940;EER validé;17/06/2026;313de1e7;1000054420;757.38
03940;EER validé;17/06/2026;d83a1956;1000054421;438.22
08414;EER non démarré;17/06/2026;—;1000054430;555.11
08414;EER non démarré;17/06/2026;—;1000054431;440.81
06744;EER non démarré;17/06/2026;—;1000054440;681.75
06744;EER non démarré;17/06/2026;—;1000054441;143.12
08697;EER non démarré;17/06/2026;—;1000054450;642.71
08697;EER non démarré;17/06/2026;—;1000054451;343.77
02336;EER non démarré;17/06/2026;—;1000054460;811.43
02336;EER non démarré;17/06/2026;—;1000054461;337.42
08414;EER non démarré;17/06/2026;—;1000054470;305.50
08414;EER non démarré;17/06/2026;—;1000054471;161.97
03139;EER non démarré;17/06/2026;—;1000054480;346.21
03139;EER non démarré;17/06/2026;—;1000054481;120.32
04110;EER non démarré;17/06/2026;—;1000054490;830.97
04110;EER non démarré;17/06/2026;—;1000054491;801.07
00756;EER validé;17/06/2026;d3f04bd3;1000054500;190.85
00756;EER validé;17/06/2026;8f5a31a2;1000054501;744.08
08414;EER validé;17/06/2026;471280c1;1000054510;925.29
08414;EER validé;17/06/2026;2aad9add;1000054511;865.26
08430;EER non démarré;17/06/2026;—;1000054520;214.22
08430;EER non démarré;17/06/2026;—;1000054521;275.58
00818;EER validé;17/06/2026;19c3fdcb;1000054530;652.28
00818;EER validé;17/06/2026;622cd3a8;1000054531;816.34
06556;EER validé;17/06/2026;8775cbd6;1000054540;173.37
06556;EER validé;17/06/2026;200914e9;1000054541;784.55
06191;EER validé;17/06/2026;09805cad;1000054550;466.14
06191;EER validé;17/06/2026;37b89c74;1000054551;503.72
06620;EER non démarré;17/06/2026;—;1000054560;832.03
06620;EER non démarré;17/06/2026;—;1000054561;955.08
06191;EER validé;17/06/2026;171c4c8a;1000054570;952.04
06191;EER validé;17/06/2026;21fcf374;1000054571;480.48
08653;EER non démarré;17/06/2026;—;1000054580;808.88
08653;EER non démarré;17/06/2026;—;1000054581;358.32
07472;EER non démarré;17/06/2026;—;1000054590;618.37
07472;EER non démarré;17/06/2026;—;1000054591;898.90
04883;EER validé;17/06/2026;f90d7f0d;1000054600;689.50
04883;EER validé;17/06/2026;86c553ec;1000054601;521.90
03366;EER validé;17/06/2026;7a6e95c5;1000054610;494.49
03366;EER validé;17/06/2026;178e30b9;1000054611;659.82
06744;EER validé;17/06/2026;6f1b3f92;1000054620;369.15
06744;EER validé;17/06/2026;f4000c28;1000054621;348.17
06332;EER rejeté;17/06/2026;73ab13c6;1000054630;699.39
06332;EER rejeté;17/06/2026;8543144b;1000054631;683.09
06947;EER non démarré;17/06/2026;—;1000054640;142.05
06947;EER non démarré;17/06/2026;—;1000054641;418.27
02573;EER non démarré;17/06/2026;—;1000054650;865.94
02573;EER non démarré;17/06/2026;—;1000054651;648.13
07359;EER non démarré;17/06/2026;—;1000054660;568.10
07359;EER non démarré;17/06/2026;—;1000054661;392.32
02530;EER non démarré;17/06/2026;—;1000054670;285.37
02530;EER non démarré;17/06/2026;—;1000054671;607.76
09238;EER validé;17/06/2026;0b951109;1000054680;638.98
09238;EER validé;17/06/2026;11983b25;1000054681;989.82
01984;EER non démarré;17/06/2026;—;1000054690;258.89
01984;EER non démarré;17/06/2026;—;1000054691;261.35
02330;EER non démarré;17/06/2026;—;1000054700;498.44
02330;EER non démarré;17/06/2026;—;1000054701;297.84
05484;EER non démarré;17/06/2026;—;1000054710;191.92
05484;EER non démarré;17/06/2026;—;1000054711;525.57
07286;EER non démarré;17/06/2026;—;1000054720;757.46
07286;EER non démarré;17/06/2026;—;1000054721;553.38
00945;EER validé;17/06/2026;1eb7aaee;1000054730;879.20
00945;EER validé;17/06/2026;b2320ab4;1000054731;534.34
09276;EER validé;17/06/2026;b243ffc8;1000054740;926.79
09276;EER validé;17/06/2026;4c02f888;1000054741;980.73
03850;EER non démarré;17/06/2026;—;1000054750;796.12
03850;EER non démarré;17/06/2026;—;1000054751;352.36
02200;EER non démarré;17/06/2026;—;1000054760;656.17
02200;EER non démarré;17/06/2026;—;1000054761;553.06
08191;EER non démarré;17/06/2026;—;1000054770;954.06
08191;EER non démarré;17/06/2026;—;1000054771;433.28
07627;EER démarré;17/06/2026;d1e91c18;1000054780;493.39
07627;EER démarré;17/06/2026;5afd470c;1000054781;252.20
05027;EER démarré;17/06/2026;f1511e83;1000054790;493.44
05027;EER démarré;17/06/2026;aa5b0810;1000054791;121.17
06792;EER validé;17/06/2026;4e67056f;1000054800;404.52
06792;EER validé;17/06/2026;baab1853;1000054801;511.48
00126;EER validé;17/06/2026;31935c22;1000054810;838.67
00126;EER validé;17/06/2026;6b67f833;1000054811;964.25
02055;EER non démarré;17/06/2026;—;1000054820;347.61
02055;EER non démarré;17/06/2026;—;1000054821;174.80
09799;EER non démarré;17/06/2026;—;1000054830;548.06
09799;EER non démarré;17/06/2026;—;1000054831;284.53
09451;EER validé;17/06/2026;662d1f94;1000054840;113.89
09451;EER validé;17/06/2026;6a33f456;1000054841;431.47
02200;EER validé;17/06/2026;36d68d09;1000054850;742.55
02200;EER validé;17/06/2026;5c8c9ba1;1000054851;872.99
04169;EER validé;17/06/2026;2db16e98;1000054860;877.80
04169;EER validé;17/06/2026;d0fa4e36;1000054861;491.11
00386;EER non démarré;17/06/2026;—;1000054870;883.90
00386;EER non démarré;17/06/2026;—;1000054871;330.55
03172;EER validé;17/06/2026;f380af1c;1000054880;743.19
03172;EER validé;17/06/2026;8e22e7b4;1000054881;690.03
02230;EER non démarré;17/06/2026;—;1000054890;891.38
02230;EER non démarré;17/06/2026;—;1000054891;470.01
04189;EER non démarré;17/06/2026;—;1000054900;671.07
04189;EER non démarré;17/06/2026;—;1000054901;174.00
09238;EER validé;17/06/2026;08eac86a;1000054910;404.59
09238;EER validé;17/06/2026;85e6168c;1000054911;393.54
03863;EER non démarré;17/06/2026;—;1000054920;922.50
03863;EER non démarré;17/06/2026;—;1000054921;831.01
07627;EER validé;17/06/2026;e809953b;1000054930;366.96
07627;EER validé;17/06/2026;8c1cef91;1000054931;484.07
03607;EER validé;17/06/2026;6471cb26;1000054940;456.66
03607;EER validé;17/06/2026;42dc3c1f;1000054941;235.81
09931;EER non démarré;17/06/2026;—;1000054950;938.06
09931;EER non démarré;17/06/2026;—;1000054951;518.19
01484;EER démarré;17/06/2026;7aaeff72;1000054960;350.84
01484;EER démarré;17/06/2026;d4c64be4;1000054961;820.61
07627;EER validé;17/06/2026;5e936922;1000054970;707.94
07627;EER validé;17/06/2026;5a63ed27;1000054971;790.31
09238;EER démarré;17/06/2026;3cce9e49;1000054980;691.11
09238;EER démarré;17/06/2026;0944e86a;1000054981;780.11
08960;EER démarré;17/06/2026;426e79b7;1000054990;586.49
08960;EER démarré;17/06/2026;60d665e3;1000054991;583.93
03900;EER non démarré;17/06/2026;—;1000055000;957.94
03900;EER non démarré;17/06/2026;—;1000055001;396.44
00685;EER non démarré;17/06/2026;—;1000055010;891.72
00685;EER non démarré;17/06/2026;—;1000055011;882.07
07386;EER validé;17/06/2026;0f004db7;1000055020;894.82
07386;EER validé;17/06/2026;a619e8bd;1000055021;505.00
08449;EER validé;17/06/2026;3757fca8;1000055030;798.95
08449;EER validé;17/06/2026;b99b1ec8;1000055031;361.92
01209;EER non démarré;17/06/2026;—;1000055040;683.43
01209;EER non démarré;17/06/2026;—;1000055041;826.11
09549;EER validé;17/06/2026;a5ba85dc;1000055050;811.09
09549;EER validé;17/06/2026;5cc07baf;1000055051;351.78
08794;EER non démarré;17/06/2026;—;1000055060;422.11
08794;EER non démarré;17/06/2026;—;1000055061;533.56
04456;EER démarré;17/06/2026;b578779c;1000055070;426.92
04456;EER démarré;17/06/2026;effba5df;1000055071;219.11
05285;EER non démarré;17/06/2026;—;1000055080;184.63
05285;EER non démarré;17/06/2026;—;1000055081;895.77
01192;EER validé;17/06/2026;deb20cd0;1000055090;817.15
01192;EER validé;17/06/2026;a9ea4642;1000055091;373.77
06744;EER validé;17/06/2026;c6ebb119;1000055100;677.55
06744;EER validé;17/06/2026;6680619b;1000055101;415.79
06111;EER non démarré;17/06/2026;—;1000055110;651.59
06111;EER non démarré;17/06/2026;—;1000055111;174.17
04237;EER non démarré;17/06/2026;—;1000055120;638.79
04237;EER non démarré;17/06/2026;—;1000055121;419.93
07386;EER validé;17/06/2026;ff4a58f5;1000055130;486.35
07386;EER validé;17/06/2026;989e28b9;1000055131;620.39
07627;EER non démarré;17/06/2026;—;1000055140;804.52
07627;EER non démarré;17/06/2026;—;1000055141;672.97
05148;EER non démarré;17/06/2026;—;1000055150;212.92
05148;EER non démarré;17/06/2026;—;1000055151;986.19
07293;EER démarré;17/06/2026;003de8eb;1000055160;323.02
07293;EER démarré;17/06/2026;52744b92;1000055161;566.61
09238;EER non démarré;17/06/2026;—;1000055170;476.86
09238;EER non démarré;17/06/2026;—;1000055171;754.00
00126;EER démarré;17/06/2026;57a2af45;1000055180;486.53
00126;EER démarré;17/06/2026;733248fd;1000055181;156.75
03863;EER validé;17/06/2026;b0e3eb38;1000055190;449.33
03863;EER validé;17/06/2026;c103181c;1000055191;887.62
05148;EER non démarré;17/06/2026;—;1000055200;129.30
05148;EER non démarré;17/06/2026;—;1000055201;801.28
00674;EER validé;17/06/2026;e8cce44a;1000055210;398.49
00674;EER validé;17/06/2026;467c99be;1000055211;957.86
03343;EER démarré;17/06/2026;52b4d6ac;1000055220;913.59
03343;EER démarré;17/06/2026;b1869b76;1000055221;784.23
05484;EER non démarré;17/06/2026;—;1000055230;366.40
05484;EER non démarré;17/06/2026;—;1000055231;799.97
09238;EER non démarré;17/06/2026;—;1000055240;872.03
09238;EER non démarré;17/06/2026;—;1000055241;655.24
08367;EER non démarré;17/06/2026;—;1000055250;869.80
08367;EER non démarré;17/06/2026;—;1000055251;256.94
04100;EER non démarré;17/06/2026;—;1000055260;802.72
04100;EER non démarré;17/06/2026;—;1000055261;183.44
05027;EER non démarré;17/06/2026;—;1000055270;853.23
05027;EER non démarré;17/06/2026;—;1000055271;854.55
06744;EER rejeté;17/06/2026;82838880;1000055280;297.80
06744;EER rejeté;17/06/2026;5d022b14;1000055281;965.93
09238;EER validé;17/06/2026;cca01f0d;1000055290;459.73
09238;EER validé;17/06/2026;d12e8b74;1000055291;540.23
06360;EER non démarré;17/06/2026;—;1000055300;225.13
06360;EER non démarré;17/06/2026;—;1000055301;423.11
09093;EER non démarré;17/06/2026;—;1000055310;776.08
09093;EER non démarré;17/06/2026;—;1000055311;997.65
01864;EER non démarré;17/06/2026;—;1000055320;264.31
01864;EER non démarré;17/06/2026;—;1000055321;688.85
02938;EER non démarré;17/06/2026;—;1000055330;985.01
02938;EER non démarré;17/06/2026;—;1000055331;458.84
09238;EER non démarré;17/06/2026;—;1000055340;660.57
09238;EER non démarré;17/06/2026;—;1000055341;554.58
06129;EER non démarré;17/06/2026;—;1000055350;952.69
06129;EER non démarré;17/06/2026;—;1000055351;579.93
06184;EER démarré;17/06/2026;09755a99;1000055360;935.60
06184;EER démarré;17/06/2026;93354e10;1000055361;956.98
07386;EER non démarré;17/06/2026;—;1000055370;270.16
07386;EER non démarré;17/06/2026;—;1000055371;904.07
09549;EER démarré;17/06/2026;e906525f;1000055380;543.38
09549;EER démarré;17/06/2026;b9ee3341;1000055381;592.04
09758;EER non démarré;17/06/2026;—;1000055390;890.15
09758;EER non démarré;17/06/2026;—;1000055391;629.63
03613;EER non démarré;17/06/2026;—;1000055400;305.74
03613;EER non démarré;17/06/2026;—;1000055401;537.73
03887;EER validé;17/06/2026;adcdb65d;1000055410;176.13
03887;EER validé;17/06/2026;b372f4a7;1000055411;214.80
09238;EER validé;17/06/2026;47e79883;1000055420;353.93
09238;EER validé;17/06/2026;c5b970fe;1000055421;647.16
03567;EER validé;16/06/2026;399d5ad0;1000055430;307.99
03567;EER validé;16/06/2026;b9903923;1000055431;373.04
04169;EER validé;16/06/2026;6a290705;1000055440;983.16
04169;EER validé;16/06/2026;0f7647cd;1000055441;917.72
07560;EER non démarré;16/06/2026;—;1000055450;433.56
07560;EER non démarré;16/06/2026;—;1000055451;229.31
02200;EER non démarré;16/06/2026;—;1000055460;609.25
02200;EER non démarré;16/06/2026;—;1000055461;632.26
09238;EER validé;16/06/2026;4db244c9;1000055470;658.34
09238;EER validé;16/06/2026;f27171c6;1000055471;319.66
05074;EER validé;16/06/2026;4a42f29a;1000055480;367.86
05074;EER validé;16/06/2026;e9f07d65;1000055481;180.87
00685;EER validé;16/06/2026;4880ce0d;1000055490;631.34
00685;EER validé;16/06/2026;2da221de;1000055491;394.19
07029;EER à valider;16/06/2026;e802a4c9;1000055500;357.87
07029;EER à valider;16/06/2026;a3020dae;1000055501;666.30
05443;EER non démarré;16/06/2026;—;1000055510;487.75
05443;EER non démarré;16/06/2026;—;1000055511;961.71
06744;EER non démarré;16/06/2026;—;1000055520;385.51
06744;EER non démarré;16/06/2026;—;1000055521;577.19
09885;EER validé;16/06/2026;19acc297;1000055530;162.82
09885;EER validé;16/06/2026;b2c6e3d7;1000055531;921.32
09238;EER non démarré;16/06/2026;—;1000055540;333.67
09238;EER non démarré;16/06/2026;—;1000055541;872.78
03871;EER validé;16/06/2026;9508d7ce;1000055550;872.57
03871;EER validé;16/06/2026;dfde206c;1000055551;924.19
09238;EER non démarré;16/06/2026;—;1000055560;263.08
09238;EER non démarré;16/06/2026;—;1000055561;984.27
04189;EER non démarré;16/06/2026;—;1000055570;315.05
04189;EER non démarré;16/06/2026;—;1000055571;479.65
09106;EER non démarré;16/06/2026;—;1000055580;694.52
09106;EER non démarré;16/06/2026;—;1000055581;938.59
04169;EER non démarré;16/06/2026;—;1000055590;445.79
04169;EER non démarré;16/06/2026;—;1000055591;257.42
09238;EER non démarré;16/06/2026;—;1000055600;775.40
09238;EER non démarré;16/06/2026;—;1000055601;707.16
08445;EER non démarré;16/06/2026;—;1000055610;838.21
08445;EER non démarré;16/06/2026;—;1000055611;512.28
07814;EER non démarré;16/06/2026;—;1000055620;575.09
07814;EER non démarré;16/06/2026;—;1000055621;785.64
01892;EER démarré;16/06/2026;60b50638;1000055630;686.33
01892;EER démarré;16/06/2026;a462efd1;1000055631;779.90
03598;EER non démarré;16/06/2026;—;1000055640;203.12
03598;EER non démarré;16/06/2026;—;1000055641;959.83
06094;EER validé;16/06/2026;362ccd30;1000055650;899.57
06094;EER validé;16/06/2026;8bd5db91;1000055651;709.76
00448;EER validé;16/06/2026;72a0cad3;1000055660;683.04
00448;EER validé;16/06/2026;c809ef4d;1000055661;866.38
04169;EER validé;16/06/2026;16710da7;1000055670;736.87
04169;EER validé;16/06/2026;29ea40b4;1000055671;520.96
09667;EER validé;16/06/2026;03f710d2;1000055680;239.39
09667;EER validé;16/06/2026;b8a36d12;1000055681;860.17
09946;EER non démarré;16/06/2026;—;1000055690;964.93
09946;EER non démarré;16/06/2026;—;1000055691;283.10
02010;EER non démarré;16/06/2026;—;1000055700;796.78
02010;EER non démarré;16/06/2026;—;1000055701;425.46
01094;EER non démarré;16/06/2026;—;1000055710;742.78
01094;EER non démarré;16/06/2026;—;1000055711;144.68
02351;EER à rejeter;16/06/2026;19740811;1000055720;415.86
02351;EER à rejeter;16/06/2026;9696289b;1000055721;685.79
06794;EER non démarré;16/06/2026;—;1000055730;462.23
06794;EER non démarré;16/06/2026;—;1000055731;253.98
09238;EER non démarré;16/06/2026;—;1000055740;402.01
09238;EER non démarré;16/06/2026;—;1000055741;229.40
01650;EER validé;16/06/2026;997f3edd;1000055750;889.69
01650;EER validé;16/06/2026;68c6b28a;1000055751;713.37
08421;EER non démarré;16/06/2026;—;1000055760;704.26
08421;EER non démarré;16/06/2026;—;1000055761;354.86
07286;EER non démarré;16/06/2026;—;1000055770;459.74
07286;EER non démarré;16/06/2026;—;1000055771;456.19
09238;EER non démarré;16/06/2026;—;1000055780;246.91
09238;EER non démarré;16/06/2026;—;1000055781;945.95
09499;EER non démarré;16/06/2026;—;1000055790;655.17
09499;EER non démarré;16/06/2026;—;1000055791;301.83
02897;EER validé;16/06/2026;20a51fa3;1000055800;916.58
02897;EER validé;16/06/2026;db0dd583;1000055801;500.79
05443;EER non démarré;16/06/2026;—;1000055810;995.19
05443;EER non démarré;16/06/2026;—;1000055811;736.97
05142;EER démarré;16/06/2026;6fa9c40b;1000055820;812.10
05142;EER démarré;16/06/2026;a5381560;1000055821;246.66
05530;EER validé;16/06/2026;47e73b86;1000055830;562.13
05530;EER validé;16/06/2026;3526899c;1000055831;517.89
08144;EER validé;16/06/2026;b8e9d8b0;1000055840;436.89
08144;EER validé;16/06/2026;e88fdb09;1000055841;252.09
07627;EER non démarré;16/06/2026;—;1000055850;396.97
07627;EER non démarré;16/06/2026;—;1000055851;782.34
08593;EER non démarré;16/06/2026;—;1000055860;943.63
08593;EER non démarré;16/06/2026;—;1000055861;812.98
08421;EER validé;16/06/2026;98470a94;1000055870;162.54
08421;EER validé;16/06/2026;0547f575;1000055871;450.46
04868;EER non démarré;16/06/2026;—;1000055880;397.79
04868;EER non démarré;16/06/2026;—;1000055881;129.79
05211;EER non démarré;16/06/2026;—;1000055890;621.57
05211;EER non démarré;16/06/2026;—;1000055891;655.41
09238;EER validé;16/06/2026;eb09b0f6;1000055900;951.66
09238;EER validé;16/06/2026;ff3a5195;1000055901;228.10
01115;EER validé;16/06/2026;2c6ee07f;1000055910;307.73
01115;EER validé;16/06/2026;7d77df2e;1000055911;157.74
08495;EER validé;16/06/2026;60a81236;1000055920;397.68
08495;EER validé;16/06/2026;11421608;1000055921;378.47
09238;EER non démarré;16/06/2026;—;1000055930;814.13
09238;EER non démarré;16/06/2026;—;1000055931;462.66
09238;EER non démarré;16/06/2026;—;1000055940;947.33
09238;EER non démarré;16/06/2026;—;1000055941;677.72
07627;EER non démarré;16/06/2026;—;1000055950;640.25
07627;EER non démarré;16/06/2026;—;1000055951;631.60
03394;EER non démarré;16/06/2026;—;1000055960;549.26
03394;EER non démarré;16/06/2026;—;1000055961;330.73
05074;EER non démarré;16/06/2026;—;1000055970;934.48
05074;EER non démarré;16/06/2026;—;1000055971;180.90
07125;EER non démarré;16/06/2026;—;1000055980;964.29
07125;EER non démarré;16/06/2026;—;1000055981;640.09
09238;EER validé;16/06/2026;1e1c93b4;1000055990;606.70
09238;EER validé;16/06/2026;1c2926fd;1000055991;237.61
00386;EER validé;16/06/2026;8d0945df;1000056000;469.63
00386;EER validé;16/06/2026;85cc9033;1000056001;880.33
07516;EER non démarré;16/06/2026;—;1000056010;481.67
07516;EER non démarré;16/06/2026;—;1000056011;568.52
07627;EER non démarré;16/06/2026;—;1000056020;433.30
07627;EER non démarré;16/06/2026;—;1000056021;574.63
03394;EER validé;16/06/2026;8fa2c35d;1000056030;385.26
03394;EER validé;16/06/2026;a5b78b3f;1000056031;420.16
05614;EER validé;16/06/2026;8dc72553;1000056040;321.95
05614;EER validé;16/06/2026;ae1ff209;1000056041;275.99
09940;EER non démarré;16/06/2026;—;1000056050;692.14
09940;EER non démarré;16/06/2026;—;1000056051;589.62
07386;EER non démarré;16/06/2026;—;1000056060;128.33
07386;EER non démarré;16/06/2026;—;1000056061;103.97
09238;EER non démarré;16/06/2026;—;1000056070;249.09
09238;EER non démarré;16/06/2026;—;1000056071;435.63
05995;EER non démarré;16/06/2026;—;1000056080;705.93
05995;EER non démarré;16/06/2026;—;1000056081;304.64
08826;EER non démarré;16/06/2026;—;1000056090;316.48
08826;EER non démarré;16/06/2026;—;1000056091;741.32
03940;EER non démarré;16/06/2026;—;1000056100;352.02
03940;EER non démarré;16/06/2026;—;1000056101;821.80
04179;EER non démarré;16/06/2026;—;1000056110;911.35
04179;EER non démarré;16/06/2026;—;1000056111;795.88
00709;EER validé;16/06/2026;78e54544;1000056120;397.76
00709;EER validé;16/06/2026;8c9617f7;1000056121;553.63
01650;EER démarré;16/06/2026;9ae6a9dd;1000056130;433.61
01650;EER démarré;16/06/2026;186fbdcf;1000056131;818.41
08927;EER non démarré;16/06/2026;—;1000056140;151.35
08927;EER non démarré;16/06/2026;—;1000056141;465.54
07047;EER démarré;16/06/2026;32c0bd60;1000056150;262.84
07047;EER démarré;16/06/2026;30e91dda;1000056151;345.27
08144;EER validé;16/06/2026;08fa66ab;1000056160;959.07
08144;EER validé;16/06/2026;bc121724;1000056161;466.22
09799;EER non démarré;16/06/2026;—;1000056170;778.40
09799;EER non démarré;16/06/2026;—;1000056171;677.41
03866;EER non démarré;16/06/2026;—;1000056180;574.56
03866;EER non démarré;16/06/2026;—;1000056181;842.80
06815;EER non démarré;16/06/2026;—;1000056190;665.78
06815;EER non démarré;16/06/2026;—;1000056191;248.21
06867;EER non démarré;16/06/2026;—;1000056200;517.73
06867;EER non démarré;16/06/2026;—;1000056201;714.15
04146;EER non démarré;16/06/2026;—;1000056210;183.92
04146;EER non démarré;16/06/2026;—;1000056211;934.77
06591;EER validé;16/06/2026;c094cc57;1000056220;273.41
06591;EER validé;16/06/2026;99489d2f;1000056221;294.12
02230;EER validé;16/06/2026;a962b10b;1000056230;869.65
02230;EER validé;16/06/2026;b8acef4c;1000056231;491.83
03343;EER non démarré;16/06/2026;—;1000056240;543.96
03343;EER non démarré;16/06/2026;—;1000056241;492.38
07286;EER validé;16/06/2026;718b332f;1000056250;800.59
07286;EER validé;16/06/2026;5157bd82;1000056251;852.68
09238;EER validé;16/06/2026;abde5e43;1000056260;675.24
09238;EER validé;16/06/2026;8acabeed;1000056261;180.97
05270;EER non démarré;16/06/2026;—;1000056270;304.97
05270;EER non démarré;16/06/2026;—;1000056271;194.52
08342;EER non démarré;16/06/2026;—;1000056280;241.92
08342;EER non démarré;16/06/2026;—;1000056281;903.00
03625;EER validé;16/06/2026;7558eba1;1000056290;261.02
03625;EER validé;16/06/2026;540d3786;1000056291;490.12
07386;EER non démarré;16/06/2026;—;1000056300;842.23
07386;EER non démarré;16/06/2026;—;1000056301;184.81
01694;EER validé;16/06/2026;a6dc133b;1000056310;646.51
01694;EER validé;16/06/2026;2f7ae2d8;1000056311;348.08
09238;EER non démarré;16/06/2026;—;1000056320;286.12
09238;EER non démarré;16/06/2026;—;1000056321;620.90
08492;EER non démarré;16/06/2026;—;1000056330;680.75
08492;EER non démarré;16/06/2026;—;1000056331;581.91
04650;EER non démarré;16/06/2026;—;1000056340;487.22
04650;EER non démarré;16/06/2026;—;1000056341;169.46
07560;EER non démarré;16/06/2026;—;1000056350;929.34
07560;EER non démarré;16/06/2026;—;1000056351;707.42
09238;EER démarré;16/06/2026;e2bbb96f;1000056360;787.39
09238;EER démarré;16/06/2026;53d7d63f;1000056361;588.32
09885;EER non démarré;16/06/2026;—;1000056370;930.10
09885;EER non démarré;16/06/2026;—;1000056371;260.25
03231;EER non démarré;16/06/2026;—;1000056380;761.47
03231;EER non démarré;16/06/2026;—;1000056381;884.95
07861;EER validé;16/06/2026;8183990f;1000056390;599.65
07861;EER validé;16/06/2026;ab502cc2;1000056391;252.16
04669;EER non démarré;16/06/2026;—;1000056400;596.52
04669;EER non démarré;16/06/2026;—;1000056401;573.87
05994;EER démarré;16/06/2026;59b3c1c7;1000056410;502.43
05994;EER démarré;16/06/2026;423af09a;1000056411;215.47
02886;EER non démarré;16/06/2026;—;1000056420;287.45
02886;EER non démarré;16/06/2026;—;1000056421;805.00
05326;EER non démarré;16/06/2026;—;1000056430;215.64
05326;EER non démarré;16/06/2026;—;1000056431;519.32
00368;EER démarré;16/06/2026;371465d5;1000056440;610.48
00368;EER démarré;16/06/2026;b36241a9;1000056441;451.31
08421;EER validé;16/06/2026;c168d454;1000056450;439.70
08421;EER validé;16/06/2026;b490149f;1000056451;141.86
00337;EER non démarré;16/06/2026;—;1000056460;605.62
00337;EER non démarré;16/06/2026;—;1000056461;198.98
06744;EER non démarré;16/06/2026;—;1000056470;119.23
06744;EER non démarré;16/06/2026;—;1000056471;303.60
07386;EER non démarré;16/06/2026;—;1000056480;748.76
07386;EER non démarré;16/06/2026;—;1000056481;578.77
04721;EER validé;16/06/2026;58c8b546;1000056490;326.51
04721;EER validé;16/06/2026;e3b0b6f2;1000056491;247.17
01295;EER non démarré;16/06/2026;—;1000056500;658.64
01295;EER non démarré;16/06/2026;—;1000056501;802.23
08414;EER démarré;16/06/2026;3701706c;1000056510;431.63
08414;EER démarré;16/06/2026;6a04d6c7;1000056511;425.35
06094;EER non démarré;16/06/2026;—;1000056520;963.04
06094;EER non démarré;16/06/2026;—;1000056521;376.25
03940;EER non démarré;16/06/2026;—;1000056530;492.68
03940;EER non démarré;16/06/2026;—;1000056531;116.20
06744;EER non démarré;16/06/2026;—;1000056540;405.43
06744;EER non démarré;16/06/2026;—;1000056541;125.05
03940;EER démarré;16/06/2026;0c9d2a37;1000056550;139.95
03940;EER démarré;16/06/2026;a4648b94;1000056551;267.17
06008;EER non démarré;16/06/2026;—;1000056560;270.57
06008;EER non démarré;16/06/2026;—;1000056561;642.65
09238;EER non démarré;16/06/2026;—;1000056570;643.70
09238;EER non démarré;16/06/2026;—;1000056571;826.38
04650;EER validé;16/06/2026;59b7734b;1000056580;228.87
04650;EER validé;16/06/2026;3dbd008e;1000056581;672.48
09238;EER validé;16/06/2026;ecfb4153;1000056590;106.64
09238;EER validé;16/06/2026;eaea9df3;1000056591;732.78
04169;EER non démarré;16/06/2026;—;1000056600;830.66
04169;EER non démarré;16/06/2026;—;1000056601;649.85
03789;EER non démarré;16/06/2026;—;1000056610;467.39
03789;EER non démarré;16/06/2026;—;1000056611;461.66
06792;EER non démarré;16/06/2026;—;1000056620;286.74
06792;EER non démarré;16/06/2026;—;1000056621;413.20
02200;EER non démarré;16/06/2026;—;1000056630;516.91
02200;EER non démarré;16/06/2026;—;1000056631;453.31
00832;EER non démarré;16/06/2026;—;1000056640;217.22
00832;EER non démarré;16/06/2026;—;1000056641;293.59
01349;EER non démarré;16/06/2026;—;1000056650;569.19
01349;EER non démarré;16/06/2026;—;1000056651;843.83
04733;EER démarré;16/06/2026;42d73dfe;1000056660;268.47
04733;EER démarré;16/06/2026;e64f820f;1000056661;827.33
09885;EER non démarré;16/06/2026;—;1000056670;180.15
09885;EER non démarré;16/06/2026;—;1000056671;651.75
09238;EER validé;16/06/2026;8dc4a9de;1000056680;346.06
09238;EER validé;16/06/2026;b31d1f00;1000056681;200.70
06926;EER validé;16/06/2026;7fed4ac5;1000056690;397.71
06926;EER validé;16/06/2026;43eb04ea;1000056691;600.06
09238;EER validé;16/06/2026;bd693a29;1000056700;921.29
09238;EER validé;16/06/2026;586bdde6;1000056701;637.78
06979;EER non démarré;16/06/2026;—;1000056710;734.12
06979;EER non démarré;16/06/2026;—;1000056711;134.37
01588;EER non démarré;16/06/2026;—;1000056720;548.91
01588;EER non démarré;16/06/2026;—;1000056721;904.73
07386;EER non démarré;16/06/2026;—;1000056730;171.36
07386;EER non démarré;16/06/2026;—;1000056731;300.50
04110;EER non démarré;16/06/2026;—;1000056740;125.09
04110;EER non démarré;16/06/2026;—;1000056741;467.28
05868;EER non démarré;16/06/2026;—;1000056750;394.69
05868;EER non démarré;16/06/2026;—;1000056751;222.69
06744;EER validé;16/06/2026;7f1f46fd;1000056760;901.37
06744;EER validé;16/06/2026;cdb1fbd5;1000056761;401.93
05522;EER non démarré;16/06/2026;—;1000056770;262.27
05522;EER non démarré;16/06/2026;—;1000056771;990.33
01031;EER non démarré;16/06/2026;—;1000056780;652.54
01031;EER non démarré;16/06/2026;—;1000056781;109.24
06088;EER non démarré;16/06/2026;—;1000056790;559.17
06088;EER non démarré;16/06/2026;—;1000056791;831.75
08342;EER non démarré;16/06/2026;—;1000056800;855.55
08342;EER non démarré;16/06/2026;—;1000056801;184.17
09238;EER non démarré;16/06/2026;—;1000056810;409.15
09238;EER non démarré;16/06/2026;—;1000056811;644.49
03940;EER non démarré;16/06/2026;—;1000056820;651.56
03940;EER non démarré;16/06/2026;—;1000056821;845.48
06947;EER rejeté;16/06/2026;85e4a88c;1000056830;271.05
06947;EER rejeté;16/06/2026;1ffb0489;1000056831;546.17
06744;EER validé;16/06/2026;695667cd;1000056840;843.68
06744;EER validé;16/06/2026;cd4723f4;1000056841;277.55
01984;EER validé;15/06/2026;4c37c585;1000056850;777.30
01984;EER validé;15/06/2026;35383a40;1000056851;842.46
09442;EER non démarré;15/06/2026;—;1000056860;541.10
09442;EER non démarré;15/06/2026;—;1000056861;416.31
05107;EER non démarré;15/06/2026;—;1000056870;245.22
05107;EER non démarré;15/06/2026;—;1000056871;147.11
06912;EER non démarré;15/06/2026;—;1000056880;555.61
06912;EER non démarré;15/06/2026;—;1000056881;311.66
08048;EER non démarré;15/06/2026;—;1000056890;569.91
08048;EER non démarré;15/06/2026;—;1000056891;440.94
09799;EER validé;15/06/2026;d5444d4e;1000056900;422.67
09799;EER validé;15/06/2026;f3cc40d8;1000056901;414.99
09238;EER validé;15/06/2026;4185fc43;1000056910;448.54
09238;EER validé;15/06/2026;f6d31ecd;1000056911;961.58
09238;EER non démarré;15/06/2026;—;1000056920;146.52
09238;EER non démarré;15/06/2026;—;1000056921;389.54
07796;EER démarré;15/06/2026;629fd636;1000056930;912.88
07796;EER démarré;15/06/2026;da81f49b;1000056931;799.87
05027;EER non démarré;15/06/2026;—;1000056940;496.17
05027;EER non démarré;15/06/2026;—;1000056941;471.89
07627;EER non démarré;15/06/2026;—;1000056950;920.58
07627;EER non démarré;15/06/2026;—;1000056951;279.00
04669;EER démarré;15/06/2026;f4e1512e;1000056960;845.24
04669;EER démarré;15/06/2026;94442785;1000056961;879.83
03940;EER non démarré;15/06/2026;—;1000056970;859.19
03940;EER non démarré;15/06/2026;—;1000056971;760.20
04394;EER non démarré;15/06/2026;—;1000056980;737.60
04394;EER non démarré;15/06/2026;—;1000056981;725.96
07853;EER validé;15/06/2026;c8debaa2;1000056990;677.41
07853;EER validé;15/06/2026;ff14e95f;1000056991;370.60
03358;EER validé;15/06/2026;0533b42a;1000057000;646.72
03358;EER validé;15/06/2026;8a7c3923;1000057001;959.19
07286;EER validé;15/06/2026;74131f12;1000057010;921.55
07286;EER validé;15/06/2026;dbdb3019;1000057011;756.62
03460;EER non démarré;15/06/2026;—;1000057020;631.15
03460;EER non démarré;15/06/2026;—;1000057021;666.11
08532;EER non démarré;15/06/2026;—;1000057030;962.22
08532;EER non démarré;15/06/2026;—;1000057031;167.48
07937;EER validé;15/06/2026;21eb5b5f;1000057040;571.99
07937;EER validé;15/06/2026;d70691f7;1000057041;910.39
05867;EER non démarré;15/06/2026;—;1000057050;116.93
05867;EER non démarré;15/06/2026;—;1000057051;362.05
05955;EER démarré;15/06/2026;989c962d;1000057060;863.69
05955;EER démarré;15/06/2026;df2df090;1000057061;206.65
06744;EER validé;15/06/2026;fad49db8;1000057070;780.67
06744;EER validé;15/06/2026;03c61460;1000057071;187.68
04561;EER non démarré;15/06/2026;—;1000057080;949.30
04561;EER non démarré;15/06/2026;—;1000057081;637.33
03940;EER validé;15/06/2026;d39099b5;1000057090;711.51
03940;EER validé;15/06/2026;ae86d669;1000057091;787.87
05769;EER non démarré;15/06/2026;—;1000057100;355.04
05769;EER non démarré;15/06/2026;—;1000057101;968.21
05945;EER non démarré;15/06/2026;—;1000057110;869.61
05945;EER non démarré;15/06/2026;—;1000057111;758.22
08421;EER validé;15/06/2026;23b613c3;1000057120;635.41
08421;EER validé;15/06/2026;c630317c;1000057121;841.98
02958;EER rejeté;15/06/2026;8f180db4;1000057130;650.44
02958;EER rejeté;15/06/2026;2464c739;1000057131;414.86
06111;EER non démarré;15/06/2026;—;1000057140;147.18
06111;EER non démarré;15/06/2026;—;1000057141;490.72
06358;EER validé;15/06/2026;106e2860;1000057150;220.28
06358;EER validé;15/06/2026;4f3c8962;1000057151;286.23
09238;EER rejeté;15/06/2026;88f268cf;1000057160;908.87
09238;EER rejeté;15/06/2026;f93ffb94;1000057161;960.10
00386;EER démarré;15/06/2026;6a74b0d9;1000057170;451.23
00386;EER démarré;15/06/2026;5fa40399;1000057171;701.73
05027;EER non démarré;15/06/2026;—;1000057180;715.06
05027;EER non démarré;15/06/2026;—;1000057181;260.17
01588;EER démarré;15/06/2026;1c87faf1;1000057190;635.25
01588;EER démarré;15/06/2026;eff2a151;1000057191;273.48
00179;EER non démarré;15/06/2026;—;1000057200;952.90
00179;EER non démarré;15/06/2026;—;1000057201;702.93
03343;EER non démarré;15/06/2026;—;1000057210;418.15
03343;EER non démarré;15/06/2026;—;1000057211;432.89
00818;EER validé;13/06/2026;d37242ce;1000043350;643.67
00818;EER validé;13/06/2026;f0a1bfd0;1000043351;768.84
03265;EER non démarré;13/06/2026;—;1000043360;825.29
03265;EER non démarré;13/06/2026;—;1000043361;831.17
06472;EER non démarré;13/06/2026;—;1000043370;909.71
06472;EER non démarré;13/06/2026;—;1000043371;649.61
05027;EER démarré;13/06/2026;26126815;1000043380;613.10
05027;EER démarré;13/06/2026;775ea80e;1000043381;711.25
05074;EER non démarré;13/06/2026;—;1000043390;969.70
05074;EER non démarré;13/06/2026;—;1000043391;468.36
07993;EER validé;13/06/2026;be47514c;1000043400;594.21
07993;EER validé;13/06/2026;99651c6c;1000043401;454.85
03254;EER validé;13/06/2026;607aaedc;1000043410;760.21
03254;EER validé;13/06/2026;7931dba7;1000043411;806.87
00368;EER non démarré;13/06/2026;—;1000043420;453.20
00368;EER non démarré;13/06/2026;—;1000043421;278.63
08236;EER validé;13/06/2026;666b5d9d;1000043430;645.97
08236;EER validé;13/06/2026;141834cb;1000043431;367.63
06129;EER non démarré;13/06/2026;—;1000043440;813.90
06129;EER non démarré;13/06/2026;—;1000043441;243.32
08430;EER non démarré;13/06/2026;—;1000043450;288.65
08430;EER non démarré;13/06/2026;—;1000043451;156.98
05204;EER non démarré;13/06/2026;—;1000043460;706.53
05204;EER non démarré;13/06/2026;—;1000043461;972.52
03940;EER non démarré;13/06/2026;—;1000043470;211.37
03940;EER non démarré;13/06/2026;—;1000043471;757.46
04955;EER non démarré;13/06/2026;—;1000043480;998.76
04955;EER non démarré;13/06/2026;—;1000043481;674.92
02639;EER non démarré;13/06/2026;—;1000043490;305.10
02639;EER non démarré;13/06/2026;—;1000043491;400.83
06088;EER démarré;13/06/2026;12273322;1000043500;786.84
06088;EER démarré;13/06/2026;c0513ecf;1000043501;436.17
01743;EER non démarré;13/06/2026;—;1000043510;455.34
01743;EER non démarré;13/06/2026;—;1000043511;747.39
02652;EER non démarré;13/06/2026;—;1000043520;425.96
02652;EER non démarré;13/06/2026;—;1000043521;139.62
04450;EER non démarré;13/06/2026;—;1000043530;505.74
04450;EER non démarré;13/06/2026;—;1000043531;424.25
01094;EER non démarré;13/06/2026;—;1000043540;938.27
01094;EER non démarré;13/06/2026;—;1000043541;199.79
07386;EER rejeté;13/06/2026;b9d4a4a5;1000043550;240.25
07386;EER rejeté;13/06/2026;8e85ca7f;1000043551;385.45
08291;EER démarré;13/06/2026;d7e9113b;1000043560;137.17
08291;EER démarré;13/06/2026;ca01e646;1000043561;236.21
09260;EER démarré;13/06/2026;21bbd49a;1000043570;308.79
09260;EER démarré;13/06/2026;8639c20a;1000043571;755.51
08191;EER démarré;13/06/2026;6e1dcbaa;1000043580;278.90
08191;EER démarré;13/06/2026;5e7af0e1;1000043581;198.59
09238;EER non démarré;13/06/2026;—;1000043590;161.95
09238;EER non démarré;13/06/2026;—;1000043591;150.29
08163;EER non démarré;13/06/2026;—;1000043600;777.31
08163;EER non démarré;13/06/2026;—;1000043601;483.82
02078;EER non démarré;13/06/2026;—;1000043610;998.21
02078;EER non démarré;13/06/2026;—;1000043611;355.35
03366;EER non démarré;13/06/2026;—;1000043620;443.52
03366;EER non démarré;13/06/2026;—;1000043621;380.09
05326;EER non démarré;13/06/2026;—;1000043630;593.56
05326;EER non démarré;13/06/2026;—;1000043631;401.35
07627;EER non démarré;13/06/2026;—;1000043640;691.47
07627;EER non démarré;13/06/2026;—;1000043641;922.98
03462;EER validé;13/06/2026;32720f29;1000043650;885.49
03462;EER validé;13/06/2026;7570639e;1000043651;326.73
05090;EER validé;13/06/2026;fc3fc38e;1000043660;277.75
05090;EER validé;13/06/2026;ca1e661b;1000043661;568.93
09940;EER non démarré;13/06/2026;—;1000043670;262.13
09940;EER non démarré;13/06/2026;—;1000043671;751.73
09238;EER validé;13/06/2026;75724fc8;1000043680;423.72
09238;EER validé;13/06/2026;7f340d9f;1000043681;232.61
03887;EER non démarré;13/06/2026;—;1000043690;800.73
03887;EER non démarré;13/06/2026;—;1000043691;330.61
05443;EER validé;13/06/2026;76279860;1000043700;301.41
05443;EER validé;13/06/2026;65093db6;1000043701;516.54
04650;EER non démarré;13/06/2026;—;1000043710;159.70
04650;EER non démarré;13/06/2026;—;1000043711;306.56
02079;EER non démarré;13/06/2026;—;1000043720;277.99
02079;EER non démarré;13/06/2026;—;1000043721;321.70
08163;EER non démarré;13/06/2026;—;1000043730;119.92
08163;EER non démarré;13/06/2026;—;1000043731;786.62
03910;EER validé;13/06/2026;a1cfdd04;1000043740;966.39
03910;EER validé;13/06/2026;3ff39439;1000043741;257.87
05651;EER validé;13/06/2026;68769289;1000043750;392.10
05651;EER validé;13/06/2026;a66500b0;1000043751;261.92
09238;EER non démarré;13/06/2026;—;1000043760;232.34
09238;EER non démarré;13/06/2026;—;1000043761;239.48
07286;EER démarré;13/06/2026;2713eef9;1000043770;974.01
07286;EER démarré;13/06/2026;2b33241f;1000043771;129.04
09415;EER non démarré;13/06/2026;—;1000043780;256.74
09415;EER non démarré;13/06/2026;—;1000043781;147.65
08430;EER validé;13/06/2026;d29c580c;1000043790;415.97
08430;EER validé;13/06/2026;5f90a4b5;1000043791;332.44
04169;EER non démarré;13/06/2026;—;1000043800;162.50
04169;EER non démarré;13/06/2026;—;1000043801;103.35
03940;EER non démarré;13/06/2026;—;1000043810;207.80
03940;EER non démarré;13/06/2026;—;1000043811;275.56
07627;EER non démarré;13/06/2026;—;1000043820;354.78
07627;EER non démarré;13/06/2026;—;1000043821;565.17
08414;EER non démarré;13/06/2026;—;1000043830;941.33
08414;EER non démarré;13/06/2026;—;1000043831;289.46
04237;EER non démarré;13/06/2026;—;1000043840;791.80
04237;EER non démarré;13/06/2026;—;1000043841;489.10
01872;EER non démarré;13/06/2026;—;1000043850;341.51
01872;EER non démarré;13/06/2026;—;1000043851;651.92
07286;EER non démarré;13/06/2026;—;1000043860;414.51
07286;EER non démarré;13/06/2026;—;1000043861;681.88
07386;EER non démarré;13/06/2026;—;1000043870;190.87
07386;EER non démarré;13/06/2026;—;1000043871;801.81
03940;EER démarré;13/06/2026;f1985d78;1000043880;470.74
03940;EER démarré;13/06/2026;0bf81cc6;1000043881;797.48
03609;EER non démarré;13/06/2026;—;1000043890;984.31
03609;EER non démarré;13/06/2026;—;1000043891;735.19
04946;EER non démarré;13/06/2026;—;1000043900;813.34
04946;EER non démarré;13/06/2026;—;1000043901;794.02
08682;EER démarré;13/06/2026;db2c1f07;1000043910;107.43
08682;EER démarré;13/06/2026;b002b064;1000043911;467.87
06744;EER non démarré;13/06/2026;—;1000043920;114.77
06744;EER non démarré;13/06/2026;—;1000043921;704.31
05027;EER non démarré;13/06/2026;—;1000043930;915.42
05027;EER non démarré;13/06/2026;—;1000043931;648.25
06744;EER non démarré;13/06/2026;—;1000043940;736.28
06744;EER non démarré;13/06/2026;—;1000043941;453.81
03940;EER non démarré;13/06/2026;—;1000043950;770.56
03940;EER non démarré;13/06/2026;—;1000043951;254.08
04786;EER non démarré;13/06/2026;—;1000043960;322.45
04786;EER non démarré;13/06/2026;—;1000043961;144.96
08163;EER non démarré;13/06/2026;—;1000043970;397.56
08163;EER non démarré;13/06/2026;—;1000043971;758.36
09483;EER validé;13/06/2026;e38db26e;1000043980;906.98
09483;EER validé;13/06/2026;7049a85e;1000043981;857.20
05021;EER validé;13/06/2026;f7d78c42;1000043990;397.23
05021;EER validé;13/06/2026;06c8b8f3;1000043991;241.26
09238;EER non démarré;13/06/2026;—;1000044000;325.42
09238;EER non démarré;13/06/2026;—;1000044001;943.14
02411;EER démarré;13/06/2026;46bd6918;1000044010;161.98
02411;EER démarré;13/06/2026;1e90ada0;1000044011;270.41
02902;EER validé;13/06/2026;5ba03826;1000044020;976.10
02902;EER validé;13/06/2026;98fb90c0;1000044021;431.42
08765;EER non démarré;13/06/2026;—;1000044030;817.88
08765;EER non démarré;13/06/2026;—;1000044031;392.08
07286;EER non démarré;13/06/2026;—;1000044040;764.37
07286;EER non démarré;13/06/2026;—;1000044041;994.55
03039;EER rejeté;13/06/2026;7be59abe;1000044050;244.47
03039;EER rejeté;13/06/2026;794b244c;1000044051;976.56
08896;EER non démarré;13/06/2026;—;1000044060;775.20
08896;EER non démarré;13/06/2026;—;1000044061;669.79
02230;EER non démarré;13/06/2026;—;1000044070;766.51
02230;EER non démarré;13/06/2026;—;1000044071;366.19
07286;EER non démarré;13/06/2026;—;1000044080;868.61
07286;EER non démarré;13/06/2026;—;1000044081;987.21
09238;EER rejeté;12/06/2026;8a1d18ec;1000044090;323.11
09238;EER rejeté;12/06/2026;120bfdf4;1000044091;418.03
01872;EER non démarré;12/06/2026;—;1000044100;444.57
01872;EER non démarré;12/06/2026;—;1000044101;648.77
02200;EER validé;12/06/2026;2233fda8;1000044110;572.42
02200;EER validé;12/06/2026;4d9d78c3;1000044111;212.07
09238;EER validé;12/06/2026;ed7df2b7;1000044120;100.77
09238;EER validé;12/06/2026;9699a8e1;1000044121;771.23
04100;EER non démarré;12/06/2026;—;1000044130;127.62
04100;EER non démarré;12/06/2026;—;1000044131;595.36
09238;EER non démarré;12/06/2026;—;1000044140;955.20
09238;EER non démarré;12/06/2026;—;1000044141;824.28
07516;EER non démarré;12/06/2026;—;1000044150;357.30
07516;EER non démarré;12/06/2026;—;1000044151;415.57
08713;EER non démarré;12/06/2026;—;1000044160;333.01
08713;EER non démarré;12/06/2026;—;1000044161;721.84
03940;EER validé;12/06/2026;0917f330;1000044170;576.35
03940;EER validé;12/06/2026;0785aade;1000044171;492.71
07853;EER validé;12/06/2026;520b7513;1000044180;766.92
07853;EER validé;12/06/2026;563db8c7;1000044181;581.48
09303;EER validé;12/06/2026;94b524ed;1000044190;548.29
09303;EER validé;12/06/2026;4dcfa021;1000044191;146.16
08969;EER non démarré;12/06/2026;—;1000044200;924.69
08969;EER non démarré;12/06/2026;—;1000044201;131.59
04613;EER non démarré;12/06/2026;—;1000044210;751.04
04613;EER non démarré;12/06/2026;—;1000044211;623.77
02200;EER non démarré;12/06/2026;—;1000044220;648.36
02200;EER non démarré;12/06/2026;—;1000044221;533.51
08191;EER non démarré;12/06/2026;—;1000044230;870.24
08191;EER non démarré;12/06/2026;—;1000044231;805.36
09238;EER validé;12/06/2026;dac5e38b;1000044240;573.29
09238;EER validé;12/06/2026;e9be48d3;1000044241;329.56
05094;EER validé;12/06/2026;97032146;1000044250;994.16
05094;EER validé;12/06/2026;9eb1ff73;1000044251;672.80
05027;EER validé;12/06/2026;71a434f0;1000044260;108.32
05027;EER validé;12/06/2026;82047ad7;1000044261;268.25
07286;EER non démarré;12/06/2026;—;1000044270;132.63
07286;EER non démarré;12/06/2026;—;1000044271;685.69
03999;EER validé;12/06/2026;1c5e4bef;1000044280;976.92
03999;EER validé;12/06/2026;6fdf963c;1000044281;730.02
09238;EER démarré;12/06/2026;5fedf56a;1000044290;240.54
09238;EER démarré;12/06/2026;096b6880;1000044291;107.56
07516;EER non démarré;12/06/2026;—;1000044300;547.46
07516;EER non démarré;12/06/2026;—;1000044301;557.62
09238;EER non démarré;12/06/2026;—;1000044310;821.16
09238;EER non démarré;12/06/2026;—;1000044311;876.01
05468;EER à valider;12/06/2026;c8a90f67;1000044320;589.39
05468;EER à valider;12/06/2026;d32a6d5c;1000044321;480.57
03343;EER validé;12/06/2026;ddeb79c7;1000044330;831.25
03343;EER validé;12/06/2026;b7daf472;1000044331;838.36
02200;EER validé;12/06/2026;d0747bb9;1000044340;735.63
02200;EER validé;12/06/2026;7ae47739;1000044341;645.36
06744;EER non démarré;12/06/2026;—;1000044350;986.27
06744;EER non démarré;12/06/2026;—;1000044351;535.47
05586;EER non démarré;12/06/2026;—;1000044360;886.08
05586;EER non démarré;12/06/2026;—;1000044361;555.46
06591;EER non démarré;12/06/2026;—;1000044370;700.80
06591;EER non démarré;12/06/2026;—;1000044371;980.53
09238;EER non démarré;12/06/2026;—;1000044380;333.16
09238;EER non démarré;12/06/2026;—;1000044381;958.05
06744;EER validé;12/06/2026;4f755897;1000044390;957.57
06744;EER validé;12/06/2026;5b56f63a;1000044391;584.17
08774;EER validé;12/06/2026;92f10c50;1000044400;595.13
08774;EER validé;12/06/2026;8a629d07;1000044401;442.82
08421;EER non démarré;12/06/2026;—;1000044410;472.21
08421;EER non démarré;12/06/2026;—;1000044411;965.74
06744;EER non démarré;12/06/2026;—;1000044420;140.79
06744;EER non démarré;12/06/2026;—;1000044421;154.18
09238;EER non démarré;12/06/2026;—;1000044430;136.30
09238;EER non démarré;12/06/2026;—;1000044431;985.77
03366;EER validé;12/06/2026;4047bd06;1000044440;870.84
03366;EER validé;12/06/2026;78fbcfe0;1000044441;739.06
02292;EER validé;12/06/2026;e148713e;1000044450;633.39
02292;EER validé;12/06/2026;a9117f43;1000044451;635.79
01449;EER non démarré;12/06/2026;—;1000044460;870.99
01449;EER non démarré;12/06/2026;—;1000044461;608.61
00579;EER démarré;12/06/2026;69e4872a;1000044470;172.32
00579;EER démarré;12/06/2026;bad0f385;1000044471;929.96
00285;EER rejeté;12/06/2026;c23079c8;1000044480;532.80
00285;EER rejeté;12/06/2026;26ec6a62;1000044481;470.81
06947;EER non démarré;12/06/2026;—;1000044490;257.75
06947;EER non démarré;12/06/2026;—;1000044491;590.80
04955;EER validé;12/06/2026;fe7b7fb8;1000044500;966.39
04955;EER validé;12/06/2026;5627f90a;1000044501;198.88
01896;EER validé;12/06/2026;0727400a;1000044510;847.00
01896;EER validé;12/06/2026;f2c4563c;1000044511;441.13
07690;EER démarré;12/06/2026;e67606b9;1000044520;684.78
07690;EER démarré;12/06/2026;ba34cb07;1000044521;741.49
01031;EER non démarré;12/06/2026;—;1000044530;231.48
01031;EER non démarré;12/06/2026;—;1000044531;684.58
06744;EER non démarré;12/06/2026;—;1000044540;944.77
06744;EER non démarré;12/06/2026;—;1000044541;909.26
05194;EER non démarré;12/06/2026;—;1000044550;370.05
05194;EER non démarré;12/06/2026;—;1000044551;916.96
09599;EER validé;12/06/2026;760aa13f;1000044560;355.14
09599;EER validé;12/06/2026;41120b7b;1000044561;921.75
06744;EER validé;12/06/2026;173d9040;1000044570;351.72
06744;EER validé;12/06/2026;ea001063;1000044571;338.40
08421;EER non démarré;12/06/2026;—;1000044580;353.88
08421;EER non démarré;12/06/2026;—;1000044581;206.15
09238;EER non démarré;12/06/2026;—;1000044590;401.38
09238;EER non démarré;12/06/2026;—;1000044591;413.99
09238;EER validé;12/06/2026;17281ab2;1000044600;110.81
09238;EER validé;12/06/2026;5853dd59;1000044601;892.92
09885;EER non démarré;12/06/2026;—;1000044610;779.34
09885;EER non démarré;12/06/2026;—;1000044611;570.61
03940;EER non démarré;12/06/2026;—;1000044620;363.70
03940;EER non démarré;12/06/2026;—;1000044621;573.23
05540;EER non démarré;12/06/2026;—;1000044630;644.50
05540;EER non démarré;12/06/2026;—;1000044631;378.08
00832;EER validé;12/06/2026;af7b846d;1000044640;181.88
00832;EER validé;12/06/2026;1feef473;1000044641;178.04
06191;EER non démarré;12/06/2026;—;1000044650;526.92
06191;EER non démarré;12/06/2026;—;1000044651;399.84
04733;EER non démarré;12/06/2026;—;1000044660;423.25
04733;EER non démarré;12/06/2026;—;1000044661;112.85
05530;EER rejeté;12/06/2026;690b5c15;1000044670;736.82
05530;EER rejeté;12/06/2026;8a6d3e64;1000044671;917.61
03418;EER non démarré;12/06/2026;—;1000044680;113.50
03418;EER non démarré;12/06/2026;—;1000044681;592.69
09238;EER démarré;12/06/2026;ea1733e6;1000044690;238.84
09238;EER démarré;12/06/2026;e34f8281;1000044691;169.91
07853;EER à rejeter;12/06/2026;c4ca4dbc;1000044700;737.14
07853;EER à rejeter;12/06/2026;8eb30345;1000044701;138.05
03940;EER non démarré;12/06/2026;—;1000044710;168.29
03940;EER non démarré;12/06/2026;—;1000044711;858.88
00386;EER non démarré;12/06/2026;—;1000044720;851.63
00386;EER non démarré;12/06/2026;—;1000044721;851.57
08414;EER non démarré;12/06/2026;—;1000044730;975.05
08414;EER non démarré;12/06/2026;—;1000044731;382.25
06744;EER non démarré;12/06/2026;—;1000044740;796.05
06744;EER non démarré;12/06/2026;—;1000044741;428.75
06744;EER non démarré;12/06/2026;—;1000044750;650.66
06744;EER non démarré;12/06/2026;—;1000044751;406.75
07462;EER non démarré;12/06/2026;—;1000044760;451.10
07462;EER non démarré;12/06/2026;—;1000044761;109.53
04588;EER rejeté;12/06/2026;9d10632d;1000044770;374.70
04588;EER rejeté;12/06/2026;9e73e8bd;1000044771;379.75
08560;EER non démarré;12/06/2026;—;1000044780;955.20
08560;EER non démarré;12/06/2026;—;1000044781;652.99
09238;EER rejeté;12/06/2026;b45fad3a;1000044790;486.87
09238;EER rejeté;12/06/2026;e2f30b17;1000044791;834.67
08414;EER non démarré;12/06/2026;—;1000044800;181.15
08414;EER non démarré;12/06/2026;—;1000044801;448.22
00818;EER validé;12/06/2026;97a69adf;1000044810;944.01
00818;EER validé;12/06/2026;457dee51;1000044811;458.02
02230;EER non démarré;12/06/2026;—;1000044820;739.23
02230;EER non démarré;12/06/2026;—;1000044821;441.63
05877;EER non démarré;12/06/2026;—;1000044830;291.64
05877;EER non démarré;12/06/2026;—;1000044831;567.21
00368;EER validé;12/06/2026;be10b84c;1000044840;827.65
00368;EER validé;12/06/2026;ffd2b519;1000044841;336.00
03366;EER non démarré;12/06/2026;—;1000044850;569.23
03366;EER non démarré;12/06/2026;—;1000044851;212.99
03744;EER non démarré;12/06/2026;—;1000044860;202.07
03744;EER non démarré;12/06/2026;—;1000044861;897.59
01655;EER validé;12/06/2026;7330b2c4;1000044870;341.22
01655;EER validé;12/06/2026;eb2f85f7;1000044871;245.82
01712;EER non démarré;12/06/2026;—;1000044880;992.98
01712;EER non démarré;12/06/2026;—;1000044881;568.66
01244;EER non démarré;12/06/2026;—;1000044890;781.51
01244;EER non démarré;12/06/2026;—;1000044891;210.88
09273;EER non démarré;12/06/2026;—;1000044900;554.94
09273;EER non démarré;12/06/2026;—;1000044901;714.82
08448;EER non démarré;12/06/2026;—;1000044910;461.87
08448;EER non démarré;12/06/2026;—;1000044911;744.02
05522;EER non démarré;12/06/2026;—;1000044920;380.74
05522;EER non démarré;12/06/2026;—;1000044921;255.63
03231;EER non démarré;12/06/2026;—;1000044930;151.78
03231;EER non démarré;12/06/2026;—;1000044931;354.18
02159;EER validé;12/06/2026;55266431;1000044940;934.34
02159;EER validé;12/06/2026;7374282d;1000044941;741.60
09238;EER non démarré;12/06/2026;—;1000044950;585.63
09238;EER non démarré;12/06/2026;—;1000044951;305.97
09238;EER validé;12/06/2026;7c9913bb;1000044960;172.54
09238;EER validé;12/06/2026;40190d15;1000044961;363.28
09238;EER non démarré;12/06/2026;—;1000044970;385.92
09238;EER non démarré;12/06/2026;—;1000044971;742.56
06792;EER validé;12/06/2026;0293d8e3;1000044980;260.93
06792;EER validé;12/06/2026;7e43427c;1000044981;499.19
04791;EER non démarré;12/06/2026;—;1000044990;856.67
04791;EER non démarré;12/06/2026;—;1000044991;547.97
04345;EER non démarré;12/06/2026;—;1000045000;380.38
04345;EER non démarré;12/06/2026;—;1000045001;751.93
04538;EER non démarré;12/06/2026;—;1000045010;603.13
04538;EER non démarré;12/06/2026;—;1000045011;974.74
07439;EER validé;12/06/2026;a8ce65b1;1000045020;230.98
07439;EER validé;12/06/2026;5fa01b4f;1000045021;288.23
01521;EER non démarré;12/06/2026;—;1000045030;852.02
01521;EER non démarré;12/06/2026;—;1000045031;141.93
02811;EER validé;12/06/2026;d22ac3fd;1000045040;252.70
02811;EER validé;12/06/2026;fd8f6271;1000045041;127.98
03940;EER non démarré;12/06/2026;—;1000045050;429.64
03940;EER non démarré;12/06/2026;—;1000045051;960.91
07927;EER à rejeter;12/06/2026;5971f031;1000045060;397.47
07927;EER à rejeter;12/06/2026;b0113cb5;1000045061;315.49
09238;EER non démarré;12/06/2026;—;1000045070;320.22
09238;EER non démarré;12/06/2026;—;1000045071;201.72
09667;EER non démarré;12/06/2026;—;1000045080;822.18
09667;EER non démarré;12/06/2026;—;1000045081;705.74
00351;EER non démarré;12/06/2026;—;1000045090;554.91
00351;EER non démarré;12/06/2026;—;1000045091;568.31
09451;EER démarré;12/06/2026;714d80c0;1000045100;145.94
09451;EER démarré;12/06/2026;7ac1efc7;1000045101;992.69
04561;EER validé;12/06/2026;199fc2b6;1000045110;822.50
04561;EER validé;12/06/2026;3d78027b;1000045111;975.58
06088;EER non démarré;12/06/2026;—;1000045120;136.03
06088;EER non démarré;12/06/2026;—;1000045121;273.77
09238;EER validé;12/06/2026;6df97425;1000045130;200.75
09238;EER validé;12/06/2026;1a45682b;1000045131;529.08
02200;EER non démarré;12/06/2026;—;1000045140;334.01
02200;EER non démarré;12/06/2026;—;1000045141;677.60
09238;EER non démarré;12/06/2026;—;1000045150;379.23
09238;EER non démarré;12/06/2026;—;1000045151;267.49
06912;EER non démarré;12/06/2026;—;1000045160;153.42
06912;EER non démarré;12/06/2026;—;1000045161;275.49
05107;EER non démarré;12/06/2026;—;1000045170;886.70
05107;EER non démarré;12/06/2026;—;1000045171;391.49
06744;EER validé;12/06/2026;0720ff9c;1000045180;155.57
06744;EER validé;12/06/2026;ba348ed2;1000045181;489.87
00386;EER non démarré;12/06/2026;—;1000045190;891.70
00386;EER non démarré;12/06/2026;—;1000045191;179.73
09276;EER non démarré;12/06/2026;—;1000045200;770.62
09276;EER non démarré;12/06/2026;—;1000045201;833.22
01048;EER validé;12/06/2026;f278ca77;1000045210;426.85
01048;EER validé;12/06/2026;75f4a752;1000045211;170.05
07575;EER non démarré;12/06/2026;—;1000045220;587.64
07575;EER non démarré;12/06/2026;—;1000045221;406.00
04791;EER non démarré;12/06/2026;—;1000045230;751.73
04791;EER non démarré;12/06/2026;—;1000045231;778.35
07627;EER non démarré;12/06/2026;—;1000045240;778.02
07627;EER non démarré;12/06/2026;—;1000045241;292.51
09238;EER validé;12/06/2026;b82be8cb;1000045250;620.70
09238;EER validé;12/06/2026;765a7197;1000045251;542.69
06947;EER validé;12/06/2026;a79c000d;1000045260;252.92
06947;EER validé;12/06/2026;144b2ebc;1000045261;807.38
09483;EER non démarré;12/06/2026;—;1000045270;388.27
09483;EER non démarré;12/06/2026;—;1000045271;131.30
01438;EER validé;12/06/2026;2030d874;1000045280;798.58
01438;EER validé;12/06/2026;c1885213;1000045281;961.14
00168;EER validé;12/06/2026;4c3c5f14;1000045290;671.15
00168;EER validé;12/06/2026;80bae040;1000045291;677.98
07460;EER validé;12/06/2026;b2ddb006;1000045300;453.03
07460;EER validé;12/06/2026;027dbe4e;1000045301;617.92
05027;EER non démarré;12/06/2026;—;1000045310;292.26
05027;EER non démarré;12/06/2026;—;1000045311;780.47
07125;EER validé;12/06/2026;6f093635;1000045320;881.87
07125;EER validé;12/06/2026;a8c54068;1000045321;853.67
02622;EER non démarré;12/06/2026;—;1000045330;560.45
02622;EER non démarré;12/06/2026;—;1000045331;969.58
09238;EER non démarré;12/06/2026;—;1000045340;337.34
09238;EER non démarré;12/06/2026;—;1000045341;633.15
00276;EER non démarré;12/06/2026;—;1000045350;388.50
00276;EER non démarré;12/06/2026;—;1000045351;299.32
02167;EER validé;12/06/2026;9705b84a;1000045360;617.08
02167;EER validé;12/06/2026;a8c4ae35;1000045361;496.45
05027;EER à valider;12/06/2026;c5161f6d;1000045370;760.75
05027;EER à valider;12/06/2026;c3bf5a48;1000045371;818.00
05326;EER non démarré;12/06/2026;—;1000045380;816.80
05326;EER non démarré;12/06/2026;—;1000045381;223.23
01192;EER rejeté;12/06/2026;c335ef20;1000045390;127.46
01192;EER rejeté;12/06/2026;4847addf;1000045391;209.87
00936;EER non démarré;12/06/2026;—;1000045400;217.70
00936;EER non démarré;12/06/2026;—;1000045401;344.59
03460;EER à rejeter;12/06/2026;e11e8005;1000045410;992.96
03460;EER à rejeter;12/06/2026;55e86ccd;1000045411;312.66
09238;EER non démarré;12/06/2026;—;1000045420;414.09
09238;EER non démarré;12/06/2026;—;1000045421;229.58
02516;EER validé;12/06/2026;181515d3;1000045430;821.77
02516;EER validé;12/06/2026;ee4403ea;1000045431;334.47
04541;EER non démarré;12/06/2026;—;1000045440;322.37
04541;EER non démarré;12/06/2026;—;1000045441;285.41
07530;EER validé;12/06/2026;a4657d99;1000045450;115.62
07530;EER validé;12/06/2026;5325c404;1000045451;849.63
06744;EER non démarré;12/06/2026;—;1000045460;441.86
06744;EER non démarré;12/06/2026;—;1000045461;166.57
02675;EER validé;12/06/2026;4faaeb3f;1000045470;507.35
02675;EER validé;12/06/2026;a57532d4;1000045471;243.12
04669;EER non démarré;12/06/2026;—;1000045480;646.11
04669;EER non démarré;12/06/2026;—;1000045481;799.06
07516;EER validé;12/06/2026;21e986cc;1000045490;182.83
07516;EER validé;12/06/2026;b954b741;1000045491;106.28
06629;EER non démarré;12/06/2026;—;1000045500;846.09
06629;EER non démarré;12/06/2026;—;1000045501;573.53
00276;EER validé;11/06/2026;3aaf160f;1000045510;902.85
00276;EER validé;11/06/2026;68f25a5f;1000045511;528.21
09238;EER non démarré;11/06/2026;—;1000045520;376.15
09238;EER non démarré;11/06/2026;—;1000045521;581.72
09238;EER validé;11/06/2026;a39144e2;1000045530;989.66
09238;EER validé;11/06/2026;911f1d8b;1000045531;879.65
09355;EER non démarré;11/06/2026;—;1000045540;661.78
09355;EER non démarré;11/06/2026;—;1000045541;145.92
09238;EER non démarré;11/06/2026;—;1000045550;494.04
09238;EER non démarré;11/06/2026;—;1000045551;180.84
04868;EER non démarré;11/06/2026;—;1000045560;554.30
04868;EER non démarré;11/06/2026;—;1000045561;656.89
01277;EER non démarré;11/06/2026;—;1000045570;622.09
01277;EER non démarré;11/06/2026;—;1000045571;297.33
07286;EER non démarré;11/06/2026;—;1000045580;897.75
07286;EER non démarré;11/06/2026;—;1000045581;746.76
09238;EER validé;11/06/2026;e3718045;1000045590;429.83
09238;EER validé;11/06/2026;371610f4;1000045591;495.59
07286;EER non démarré;11/06/2026;—;1000045600;145.82
07286;EER non démarré;11/06/2026;—;1000045601;769.16
06236;EER validé;11/06/2026;d4d96cd8;1000045610;730.25
06236;EER validé;11/06/2026;d26cc839;1000045611;832.64
03940;EER non démarré;11/06/2026;—;1000045620;134.79
03940;EER non démarré;11/06/2026;—;1000045621;759.78
07286;EER démarré;11/06/2026;ed2f6773;1000045630;573.40
07286;EER démarré;11/06/2026;6ea1be44;1000045631;191.13
07627;EER validé;11/06/2026;c90d6bfb;1000045640;469.18
07627;EER validé;11/06/2026;c486d5f7;1000045641;419.05
04650;EER validé;11/06/2026;92ae3899;1000045650;460.86
04650;EER validé;11/06/2026;4058b466;1000045651;581.40
00151;EER validé;11/06/2026;fe1117d8;1000045660;619.09
00151;EER validé;11/06/2026;c4a13ea8;1000045661;456.64
07386;EER validé;11/06/2026;a47c1b23;1000045670;414.52
07386;EER validé;11/06/2026;b93f9942;1000045671;219.86
09238;EER démarré;11/06/2026;3cb1805d;1000045680;595.15
09238;EER démarré;11/06/2026;5b3dd96b;1000045681;110.22
08904;EER non démarré;11/06/2026;—;1000045690;641.79
08904;EER non démarré;11/06/2026;—;1000045691;778.34
05331;EER rejeté;11/06/2026;cb7ee54b;1000045700;615.56
05331;EER rejeté;11/06/2026;8cd4d50b;1000045701;970.73
09238;EER démarré;11/06/2026;5111c2f3;1000045710;700.78
09238;EER démarré;11/06/2026;cc5dea67;1000045711;469.07
01962;EER non démarré;11/06/2026;—;1000045720;377.67
01962;EER non démarré;11/06/2026;—;1000045721;497.00
03940;EER non démarré;11/06/2026;—;1000045730;126.16
03940;EER non démarré;11/06/2026;—;1000045731;100.62
04011;EER validé;11/06/2026;6f5c3a03;1000045740;303.05
04011;EER validé;11/06/2026;1980d961;1000045741;560.41
00709;EER non démarré;11/06/2026;—;1000045750;585.83
00709;EER non démarré;11/06/2026;—;1000045751;448.28
03343;EER non démarré;11/06/2026;—;1000045760;840.96
03343;EER non démarré;11/06/2026;—;1000045761;752.07
06744;EER non démarré;11/06/2026;—;1000045770;472.16
06744;EER non démarré;11/06/2026;—;1000045771;315.64
09238;EER non démarré;11/06/2026;—;1000045780;279.20
09238;EER non démarré;11/06/2026;—;1000045781;644.55
09238;EER non démarré;11/06/2026;—;1000045790;988.26
09238;EER non démarré;11/06/2026;—;1000045791;866.25
06867;EER validé;11/06/2026;b75c60bd;1000045800;318.34
06867;EER validé;11/06/2026;e6803247;1000045801;665.27
04946;EER non démarré;11/06/2026;—;1000045810;271.29
04946;EER non démarré;11/06/2026;—;1000045811;537.08
03432;EER validé;11/06/2026;1d1adca3;1000045820;998.02
03432;EER validé;11/06/2026;fbb1fdc7;1000045821;351.87
08414;EER non démarré;11/06/2026;—;1000045830;355.76
08414;EER non démarré;11/06/2026;—;1000045831;568.25
08048;EER validé;11/06/2026;ad7286a7;1000045840;765.24
08048;EER validé;11/06/2026;6098380b;1000045841;866.90
06744;EER non démarré;11/06/2026;—;1000045850;211.65
06744;EER non démarré;11/06/2026;—;1000045851;406.98
00756;EER validé;11/06/2026;c4a1f4ed;1000045860;681.94
00756;EER validé;11/06/2026;3ab97355;1000045861;465.81
01199;EER validé;11/06/2026;58a8742d;1000045870;613.77
01199;EER validé;11/06/2026;6f15cf64;1000045871;525.65
03802;EER non démarré;11/06/2026;—;1000045880;448.99
03802;EER non démarré;11/06/2026;—;1000045881;923.04
08414;EER non démarré;11/06/2026;—;1000045890;694.45
08414;EER non démarré;11/06/2026;—;1000045891;971.59
01712;EER non démarré;11/06/2026;—;1000045900;358.52
01712;EER non démarré;11/06/2026;—;1000045901;903.28
06366;EER validé;11/06/2026;cfe9ecac;1000045910;519.41
06366;EER validé;11/06/2026;45afad76;1000045911;389.85
01036;EER non démarré;11/06/2026;—;1000045920;975.35
01036;EER non démarré;11/06/2026;—;1000045921;994.55
08969;EER non démarré;11/06/2026;—;1000045930;641.12
08969;EER non démarré;11/06/2026;—;1000045931;818.55
09455;EER non démarré;11/06/2026;—;1000045940;534.65
09455;EER non démarré;11/06/2026;—;1000045941;368.77
03883;EER non démarré;11/06/2026;—;1000045950;109.10
03883;EER non démarré;11/06/2026;—;1000045951;346.45
02518;EER non démarré;11/06/2026;—;1000045960;277.13
02518;EER non démarré;11/06/2026;—;1000045961;976.05
01896;EER non démarré;11/06/2026;—;1000045970;142.56
01896;EER non démarré;11/06/2026;—;1000045971;357.62
00481;EER démarré;11/06/2026;727c4b14;1000045980;746.66
00481;EER démarré;11/06/2026;501633ad;1000045981;477.42
06744;EER non démarré;11/06/2026;—;1000045990;200.59
06744;EER non démarré;11/06/2026;—;1000045991;389.96
09893;EER non démarré;11/06/2026;—;1000046000;962.57
09893;EER non démarré;11/06/2026;—;1000046001;516.82
09238;EER validé;11/06/2026;7eeb57cd;1000046010;202.05
09238;EER validé;11/06/2026;c088d33b;1000046011;341.97
06867;EER validé;11/06/2026;2e867669;1000046020;278.52
06867;EER validé;11/06/2026;c7e1de09;1000046021;159.13
01662;EER validé;11/06/2026;9fc19e70;1000046030;531.69
01662;EER validé;11/06/2026;09fc056c;1000046031;902.86
00642;EER non démarré;11/06/2026;—;1000046040;356.62
00642;EER non démarré;11/06/2026;—;1000046041;519.60
05326;EER non démarré;11/06/2026;—;1000046050;674.05
05326;EER non démarré;11/06/2026;—;1000046051;596.65
06804;EER validé;11/06/2026;22f51757;1000046060;754.65
06804;EER validé;11/06/2026;59f21901;1000046061;380.53
06867;EER validé;11/06/2026;ae3d256e;1000046070;970.23
06867;EER validé;11/06/2026;2e7caf62;1000046071;571.36
01847;EER non démarré;11/06/2026;—;1000046080;170.67
01847;EER non démarré;11/06/2026;—;1000046081;650.23
09238;EER non démarré;11/06/2026;—;1000046090;409.52
09238;EER non démarré;11/06/2026;—;1000046091;485.86
09238;EER non démarré;11/06/2026;—;1000046100;222.30
09238;EER non démarré;11/06/2026;—;1000046101;473.69
07853;EER validé;11/06/2026;8d1f351c;1000046110;708.47
07853;EER validé;11/06/2026;fd8fa234;1000046111;221.98
08671;EER non démarré;11/06/2026;—;1000046120;543.66
08671;EER non démarré;11/06/2026;—;1000046121;959.08
06792;EER non démarré;11/06/2026;—;1000046130;929.14
06792;EER non démarré;11/06/2026;—;1000046131;952.58
09148;EER validé;11/06/2026;d26cc25a;1000046140;735.91
09148;EER validé;11/06/2026;596b28eb;1000046141;183.78
00174;EER validé;11/06/2026;971c57c9;1000046150;757.19
00174;EER validé;11/06/2026;cefdfeb7;1000046151;671.76
09238;EER validé;11/06/2026;0eb2c8cb;1000046160;195.93
09238;EER validé;11/06/2026;8b172e0a;1000046161;637.44
05682;EER non démarré;11/06/2026;—;1000046170;925.19
05682;EER non démarré;11/06/2026;—;1000046171;916.73
09238;EER non démarré;11/06/2026;—;1000046180;344.45
09238;EER non démarré;11/06/2026;—;1000046181;219.16
03141;EER non démarré;11/06/2026;—;1000046190;520.78
03141;EER non démarré;11/06/2026;—;1000046191;820.55
09238;EER non démarré;11/06/2026;—;1000046200;779.58
09238;EER non démarré;11/06/2026;—;1000046201;307.37
08421;EER validé;11/06/2026;feafa78d;1000046210;317.66
08421;EER validé;11/06/2026;3db1de86;1000046211;432.54
02159;EER non démarré;11/06/2026;—;1000046220;805.46
02159;EER non démarré;11/06/2026;—;1000046221;164.66
09282;EER non démarré;11/06/2026;—;1000046230;502.73
09282;EER non démarré;11/06/2026;—;1000046231;193.84
06981;EER non démarré;11/06/2026;—;1000046240;292.80
06981;EER non démarré;11/06/2026;—;1000046241;641.52
05955;EER validé;11/06/2026;a99c10db;1000046250;638.79
05955;EER validé;11/06/2026;ff530052;1000046251;292.72
09238;EER non démarré;11/06/2026;—;1000046260;417.48
09238;EER non démarré;11/06/2026;—;1000046261;607.32
06748;EER validé;11/06/2026;cecb186d;1000046270;448.32
06748;EER validé;11/06/2026;0240a03f;1000046271;347.38
07627;EER non démarré;11/06/2026;—;1000046280;512.14
07627;EER non démarré;11/06/2026;—;1000046281;285.97
06472;EER validé;11/06/2026;eb27b139;1000046290;423.70
06472;EER validé;11/06/2026;ea277348;1000046291;137.79
08452;EER non démarré;11/06/2026;—;1000046300;894.95
08452;EER non démarré;11/06/2026;—;1000046301;919.28
08533;EER validé;11/06/2026;2edaf4d4;1000046310;651.87
08533;EER validé;11/06/2026;edb34f90;1000046311;661.06
06744;EER validé;11/06/2026;a6181a96;1000046320;956.77
06744;EER validé;11/06/2026;70de1498;1000046321;279.87
09784;EER validé;11/06/2026;e9ca55f0;1000046330;287.51
09784;EER validé;11/06/2026;cc531ade;1000046331;218.47
09238;EER non démarré;11/06/2026;—;1000046340;733.58
09238;EER non démarré;11/06/2026;—;1000046341;235.43
05331;EER non démarré;11/06/2026;—;1000046350;320.56
05331;EER non démarré;11/06/2026;—;1000046351;366.94
09885;EER non démarré;11/06/2026;—;1000046360;486.92
09885;EER non démarré;11/06/2026;—;1000046361;101.59
07359;EER démarré;11/06/2026;44780296;1000046370;555.24
07359;EER démarré;11/06/2026;4df655ab;1000046371;121.61
05018;EER non démarré;11/06/2026;—;1000046380;596.70
05018;EER non démarré;11/06/2026;—;1000046381;541.66
04650;EER démarré;11/06/2026;2891afa8;1000046390;757.93
04650;EER démarré;11/06/2026;40b2af11;1000046391;959.11
06744;EER non démarré;11/06/2026;—;1000046400;609.11
06744;EER non démarré;11/06/2026;—;1000046401;820.79
05443;EER non démarré;11/06/2026;—;1000046410;126.19
05443;EER non démarré;11/06/2026;—;1000046411;367.64
09238;EER non démarré;11/06/2026;—;1000046420;134.94
09238;EER non démarré;11/06/2026;—;1000046421;220.05
04955;EER validé;11/06/2026;adfe0c4e;1000046430;844.52
04955;EER validé;11/06/2026;6454cee0;1000046431;297.56
04111;EER démarré;11/06/2026;6b844bb0;1000046440;957.11
04111;EER démarré;11/06/2026;cbd019fd;1000046441;242.96
02200;EER non démarré;11/06/2026;—;1000046450;165.33
02200;EER non démarré;11/06/2026;—;1000046451;275.25
04994;EER validé;11/06/2026;4570ab07;1000046460;657.31
04994;EER validé;11/06/2026;7e71d8fc;1000046461;455.17
09238;EER non démarré;11/06/2026;—;1000046470;679.32
09238;EER non démarré;11/06/2026;—;1000046471;589.76
05898;EER non démarré;11/06/2026;—;1000046480;702.66
05898;EER non démarré;11/06/2026;—;1000046481;667.14
04169;EER rejeté;11/06/2026;53b8585f;1000046490;393.90
04169;EER rejeté;11/06/2026;41326fb5;1000046491;727.13
06247;EER non démarré;11/06/2026;—;1000046500;466.63
06247;EER non démarré;11/06/2026;—;1000046501;547.82
09238;EER validé;11/06/2026;9a06912b;1000046510;295.87
09238;EER validé;11/06/2026;c57d1e20;1000046511;502.14
05769;EER rejeté;11/06/2026;55c39305;1000046520;679.37
05769;EER rejeté;11/06/2026;00a817ee;1000046521;440.42
02675;EER non démarré;11/06/2026;—;1000046530;447.28
02675;EER non démarré;11/06/2026;—;1000046531;314.89
05976;EER non démarré;11/06/2026;—;1000046540;510.89
05976;EER non démarré;11/06/2026;—;1000046541;815.52
00481;EER non démarré;11/06/2026;—;1000046550;808.84
00481;EER non démarré;11/06/2026;—;1000046551;426.68
02886;EER non démarré;11/06/2026;—;1000046560;863.33
02886;EER non démarré;11/06/2026;—;1000046561;448.90
07286;EER non démarré;11/06/2026;—;1000046570;952.07
07286;EER non démarré;11/06/2026;—;1000046571;787.13
06744;EER validé;11/06/2026;f2edabf7;1000046580;521.28
06744;EER validé;11/06/2026;5081bfe9;1000046581;704.11
02034;EER non démarré;11/06/2026;—;1000046590;697.21
02034;EER non démarré;11/06/2026;—;1000046591;143.54
00438;EER non démarré;11/06/2026;—;1000046600;403.71
00438;EER non démarré;11/06/2026;—;1000046601;869.42
04699;EER démarré;11/06/2026;0cba48d3;1000046610;392.04
04699;EER démarré;11/06/2026;867e5273;1000046611;990.15
05022;EER non démarré;11/06/2026;—;1000046620;325.80
05022;EER non démarré;11/06/2026;—;1000046621;504.11
09238;EER validé;11/06/2026;7a368b6d;1000046630;959.09
09238;EER validé;11/06/2026;8c01b54c;1000046631;576.88
05357;EER non démarré;11/06/2026;—;1000046640;134.35
05357;EER non démarré;11/06/2026;—;1000046641;796.12
06744;EER non démarré;11/06/2026;—;1000046650;296.87
06744;EER non démarré;11/06/2026;—;1000046651;980.23
09238;EER non démarré;11/06/2026;—;1000046660;374.31
09238;EER non démarré;11/06/2026;—;1000046661;400.30
01349;EER validé;11/06/2026;cbcd5ed5;1000046670;144.85
01349;EER validé;11/06/2026;439f2bc5;1000046671;918.46
02856;EER validé;11/06/2026;d9225348;1000046680;932.36
02856;EER validé;11/06/2026;e67994cf;1000046681;473.32
09551;EER validé;11/06/2026;9854b4eb;1000046690;239.11
09551;EER validé;11/06/2026;14d77f45;1000046691;323.96
09914;EER validé;11/06/2026;56439fa1;1000046700;747.33
09914;EER validé;11/06/2026;098b4dc6;1000046701;410.15
09238;EER non démarré;11/06/2026;—;1000046710;706.66
09238;EER non démarré;11/06/2026;—;1000046711;835.72
09238;EER validé;11/06/2026;ff61ee63;1000046720;198.11
09238;EER validé;11/06/2026;2a713cbc;1000046721;837.80
09885;EER démarré;11/06/2026;018d38fa;1000046730;131.25
09885;EER démarré;11/06/2026;3be7fdf3;1000046731;189.57
07516;EER démarré;11/06/2026;15df61d5;1000046740;663.79
07516;EER démarré;11/06/2026;2ade09cd;1000046741;859.13
04883;EER validé;11/06/2026;a00f72f2;1000046750;350.44
04883;EER validé;11/06/2026;0550a4eb;1000046751;992.88
08342;EER validé;11/06/2026;26ffb8b0;1000046760;590.07
08342;EER validé;11/06/2026;434946ae;1000046761;249.83
07386;EER démarré;11/06/2026;094996c5;1000046770;914.34
07386;EER démarré;11/06/2026;68d8f428;1000046771;853.57
02496;EER non démarré;11/06/2026;—;1000046780;363.42
02496;EER non démarré;11/06/2026;—;1000046781;957.27
09483;EER à rejeter;11/06/2026;49894334;1000046790;837.07
09483;EER à rejeter;11/06/2026;0189b0cc;1000046791;891.76
01984;EER démarré;11/06/2026;890461ce;1000046800;534.41
01984;EER démarré;11/06/2026;b35d6cc8;1000046801;874.91
02328;EER validé;11/06/2026;0f0f817e;1000046810;692.78
02328;EER validé;11/06/2026;cca6a7ba;1000046811;231.51
09974;EER validé;11/06/2026;d52dfe7a;1000046820;170.66
09974;EER validé;11/06/2026;d1aae382;1000046821;323.61
09238;EER non démarré;11/06/2026;—;1000046830;276.48
09238;EER non démarré;11/06/2026;—;1000046831;322.03
06629;EER non démarré;11/06/2026;—;1000046840;351.19
06629;EER non démarré;11/06/2026;—;1000046841;825.14
00386;EER rejeté;11/06/2026;c546320c;1000046850;702.94
00386;EER rejeté;11/06/2026;e4531f79;1000046851;886.87
09238;EER validé;11/06/2026;707fec19;1000046860;540.13
09238;EER validé;11/06/2026;6d78872b;1000046861;998.93
02330;EER non démarré;11/06/2026;—;1000046870;700.15
02330;EER non démarré;11/06/2026;—;1000046871;900.05
05027;EER non démarré;11/06/2026;—;1000046880;469.47
05027;EER non démarré;11/06/2026;—;1000046881;745.93
09238;EER non démarré;11/06/2026;—;1000046890;362.35
09238;EER non démarré;11/06/2026;—;1000046891;578.63
05995;EER validé;11/06/2026;6b119d58;1000046900;883.12
05995;EER validé;11/06/2026;219a5412;1000046901;897.19
08713;EER validé;11/06/2026;dd313f12;1000046910;528.45
08713;EER validé;11/06/2026;0a9e2ba6;1000046911;239.49
07676;EER validé;11/06/2026;1f93dff4;1000046920;844.11
07676;EER validé;11/06/2026;ccc236d8;1000046921;251.06
05161;EER non démarré;11/06/2026;—;1000046930;580.89
05161;EER non démarré;11/06/2026;—;1000046931;573.58
02774;EER non démarré;11/06/2026;—;1000046940;607.47
02774;EER non démarré;11/06/2026;—;1000046941;127.89
06744;EER validé;11/06/2026;e7f85cd1;1000046950;486.97
06744;EER validé;11/06/2026;949ade70;1000046951;542.90
02002;EER non démarré;11/06/2026;—;1000046960;937.71
02002;EER non démarré;11/06/2026;—;1000046961;639.85
00386;EER non démarré;11/06/2026;—;1000046970;595.57
00386;EER non démarré;11/06/2026;—;1000046971;210.28
00386;EER rejeté;11/06/2026;fd4fe7df;1000046980;456.73
00386;EER rejeté;11/06/2026;080d7804;1000046981;159.46
07516;EER non démarré;11/06/2026;—;1000046990;394.93
07516;EER non démarré;11/06/2026;—;1000046991;703.66
09238;EER démarré;11/06/2026;f7534342;1000047000;795.44
09238;EER démarré;11/06/2026;c5b8e5a8;1000047001;806.59
08554;EER non démarré;11/06/2026;—;1000047010;491.20
08554;EER non démarré;11/06/2026;—;1000047011;430.98
08818;EER non démarré;11/06/2026;—;1000047020;842.27
08818;EER non démarré;11/06/2026;—;1000047021;415.74
09434;EER validé;11/06/2026;f4fca554;1000047030;612.62
09434;EER validé;11/06/2026;de53a875;1000047031;750.76
09238;EER non démarré;11/06/2026;—;1000047040;512.58
09238;EER non démarré;11/06/2026;—;1000047041;751.30
03381;EER validé;11/06/2026;1ef82b0d;1000047050;905.61
03381;EER validé;11/06/2026;310f4761;1000047051;332.11
00386;EER à rejeter;11/06/2026;045f2094;1000047060;439.68
00386;EER à rejeter;11/06/2026;29b1ca93;1000047061;782.45
07560;EER validé;11/06/2026;d9a94def;1000047070;797.71
07560;EER validé;11/06/2026;73ce7777;1000047071;656.95
03265;EER démarré;11/06/2026;3175f492;1000047080;444.74
03265;EER démarré;11/06/2026;746950fb;1000047081;191.91
04827;EER non démarré;11/06/2026;—;1000047090;893.16
04827;EER non démarré;11/06/2026;—;1000047091;785.13
06744;EER non démarré;11/06/2026;—;1000047100;347.91
06744;EER non démarré;11/06/2026;—;1000047101;668.01
06792;EER validé;11/06/2026;07fa499e;1000047110;603.79
06792;EER validé;11/06/2026;0bb86823;1000047111;248.11
05027;EER validé;11/06/2026;0fed87a1;1000047120;952.62
05027;EER validé;11/06/2026;d8afc829;1000047121;718.75
05173;EER non démarré;11/06/2026;—;1000047130;511.98
05173;EER non démarré;11/06/2026;—;1000047131;430.11
03364;EER non démarré;11/06/2026;—;1000047140;838.17
03364;EER non démarré;11/06/2026;—;1000047141;240.10
03139;EER non démarré;11/06/2026;—;1000047150;997.49
03139;EER non démarré;11/06/2026;—;1000047151;358.05
07286;EER non démarré;11/06/2026;—;1000047160;528.82
07286;EER non démarré;11/06/2026;—;1000047161;764.88
00135;EER non démarré;11/06/2026;—;1000047170;543.40
00135;EER non démarré;11/06/2026;—;1000047171;772.86
06744;EER validé;11/06/2026;557306ab;1000047180;880.86
06744;EER validé;11/06/2026;70100c1a;1000047181;783.44
05925;EER non démarré;11/06/2026;—;1000047190;965.57
05925;EER non démarré;11/06/2026;—;1000047191;713.81
07530;EER validé;11/06/2026;204657fc;1000047200;421.62
07530;EER validé;11/06/2026;3f12541a;1000047201;820.48
05331;EER non démarré;11/06/2026;—;1000047210;373.31
05331;EER non démarré;11/06/2026;—;1000047211;960.05
03343;EER non démarré;11/06/2026;—;1000047220;237.84
03343;EER non démarré;11/06/2026;—;1000047221;270.37
07386;EER non démarré;11/06/2026;—;1000047230;411.60
07386;EER non démarré;11/06/2026;—;1000047231;780.30
01864;EER validé;11/06/2026;2074289d;1000047240;256.21
01864;EER validé;11/06/2026;6a44cce3;1000047241;127.03
07386;EER non démarré;11/06/2026;—;1000047250;710.29
07386;EER non démarré;11/06/2026;—;1000047251;730.74
01302;EER validé;11/06/2026;6dded5f5;1000047260;951.85
01302;EER validé;11/06/2026;9caf74ca;1000047261;181.63
02958;EER non démarré;11/06/2026;—;1000047270;771.53
02958;EER non démarré;11/06/2026;—;1000047271;847.30
09630;EER validé;11/06/2026;372a21c0;1000047280;314.64
09630;EER validé;11/06/2026;e15b9db0;1000047281;425.10
08421;EER non démarré;11/06/2026;—;1000047290;683.06
08421;EER non démarré;11/06/2026;—;1000047291;816.42
05027;EER non démarré;11/06/2026;—;1000047300;330.14
05027;EER non démarré;11/06/2026;—;1000047301;480.12
09238;EER non démarré;11/06/2026;—;1000047310;254.64
09238;EER non démarré;11/06/2026;—;1000047311;609.61
02351;EER non démarré;11/06/2026;—;1000047320;532.32
02351;EER non démarré;11/06/2026;—;1000047321;526.79
05285;EER validé;11/06/2026;9f179965;1000047330;635.91
05285;EER validé;11/06/2026;044888ff;1000047331;218.17
02200;EER validé;10/06/2026;30f076f8;1000047340;490.83
02200;EER validé;10/06/2026;3fa3602e;1000047341;597.74
00126;EER non démarré;10/06/2026;—;1000047350;763.70
00126;EER non démarré;10/06/2026;—;1000047351;505.31
06661;EER non démarré;10/06/2026;—;1000047360;858.93
06661;EER non démarré;10/06/2026;—;1000047361;834.02
09238;EER validé;10/06/2026;d06297ba;1000047370;890.50
09238;EER validé;10/06/2026;e979776b;1000047371;854.02
06744;EER non démarré;10/06/2026;—;1000047380;155.97
06744;EER non démarré;10/06/2026;—;1000047381;775.12
06744;EER à rejeter;10/06/2026;5fc998d0;1000047390;703.88
06744;EER à rejeter;10/06/2026;76964d3f;1000047391;834.92
09238;EER non démarré;10/06/2026;—;1000047400;748.40
09238;EER non démarré;10/06/2026;—;1000047401;453.00
01257;EER non démarré;10/06/2026;—;1000047410;828.85
01257;EER non démarré;10/06/2026;—;1000047411;259.92
09238;EER validé;10/06/2026;1f3c0632;1000047420;587.46
09238;EER validé;10/06/2026;62d26ea8;1000047421;608.77
05726;EER validé;10/06/2026;0470d6c3;1000047430;423.78
05726;EER validé;10/06/2026;6dbde355;1000047431;995.70
06472;EER non démarré;10/06/2026;—;1000047440;499.39
06472;EER non démarré;10/06/2026;—;1000047441;665.16
08621;EER rejeté;10/06/2026;970cbe03;1000047450;534.46
08621;EER rejeté;10/06/2026;7127e806;1000047451;241.93
05586;EER non démarré;10/06/2026;—;1000047460;340.43
05586;EER non démarré;10/06/2026;—;1000047461;531.23
00386;EER non démarré;10/06/2026;—;1000047470;507.78
00386;EER non démarré;10/06/2026;—;1000047471;976.32
02230;EER validé;10/06/2026;28e7bc38;1000047480;858.85
02230;EER validé;10/06/2026;6c34b87b;1000047481;599.79
01472;EER non démarré;10/06/2026;—;1000047490;105.64
01472;EER non démarré;10/06/2026;—;1000047491;779.99
09238;EER validé;10/06/2026;f63adcf9;1000047500;181.49
09238;EER validé;10/06/2026;6716f028;1000047501;438.40
05765;EER validé;10/06/2026;4e6d69e2;1000047510;999.21
05765;EER validé;10/06/2026;8260d9e3;1000047511;360.78
09483;EER non démarré;10/06/2026;—;1000047520;428.73
09483;EER non démarré;10/06/2026;—;1000047521;812.21
03940;EER validé;10/06/2026;8b812f40;1000047530;121.59
03940;EER validé;10/06/2026;fa6393d5;1000047531;373.32
06236;EER démarré;10/06/2026;11809d99;1000047540;231.55
06236;EER démarré;10/06/2026;bf821604;1000047541;815.53
07286;EER validé;10/06/2026;3a08903e;1000047550;472.31
07286;EER validé;10/06/2026;7e2f767f;1000047551;158.60
05976;EER validé;10/06/2026;2282c7bd;1000047560;995.68
05976;EER validé;10/06/2026;6baf86bc;1000047561;517.17
03940;EER validé;10/06/2026;6d832cfd;1000047570;613.84
03940;EER validé;10/06/2026;fc6f966a;1000047571;766.96
09514;EER non démarré;10/06/2026;—;1000047580;548.25
09514;EER non démarré;10/06/2026;—;1000047581;321.31
09354;EER non démarré;10/06/2026;—;1000047590;672.50
09354;EER non démarré;10/06/2026;—;1000047591;856.82
09718;EER non démarré;10/06/2026;—;1000047600;427.64
09718;EER non démarré;10/06/2026;—;1000047601;246.48
09238;EER non démarré;10/06/2026;—;1000047610;118.88
09238;EER non démarré;10/06/2026;—;1000047611;492.55
03381;EER rejeté;10/06/2026;be9be881;1000047620;778.91
03381;EER rejeté;10/06/2026;916c7b76;1000047621;481.49
09238;EER non démarré;10/06/2026;—;1000047630;426.07
09238;EER non démarré;10/06/2026;—;1000047631;625.15
03917;EER non démarré;10/06/2026;—;1000047640;373.84
03917;EER non démarré;10/06/2026;—;1000047641;648.31
00368;EER validé;10/06/2026;897effb3;1000047650;866.74
00368;EER validé;10/06/2026;4543f188;1000047651;693.10
06107;EER non démarré;10/06/2026;—;1000047660;349.33
06107;EER non démarré;10/06/2026;—;1000047661;542.92
04561;EER validé;10/06/2026;8ae3464a;1000047670;437.89
04561;EER validé;10/06/2026;8a47658f;1000047671;806.11
03940;EER non démarré;10/06/2026;—;1000047680;883.92
03940;EER non démarré;10/06/2026;—;1000047681;741.36
02191;EER validé;10/06/2026;75b009f3;1000047690;197.12
02191;EER validé;10/06/2026;3c0838d6;1000047691;981.71
07152;EER non démarré;10/06/2026;—;1000047700;352.88
07152;EER non démarré;10/06/2026;—;1000047701;382.24
03940;EER non démarré;10/06/2026;—;1000047710;390.25
03940;EER non démarré;10/06/2026;—;1000047711;875.96
08492;EER non démarré;10/06/2026;—;1000047720;918.76
08492;EER non démarré;10/06/2026;—;1000047721;998.30
03940;EER validé;10/06/2026;714a7a7b;1000047730;870.83
03940;EER validé;10/06/2026;018ecc0c;1000047731;291.72
08163;EER validé;10/06/2026;eed771bf;1000047740;530.55
08163;EER validé;10/06/2026;2a65cd72;1000047741;807.59
03940;EER non démarré;10/06/2026;—;1000047750;547.41
03940;EER non démarré;10/06/2026;—;1000047751;775.90
05443;EER à valider;10/06/2026;a787409d;1000047760;295.01
05443;EER à valider;10/06/2026;61d97d29;1000047761;323.02
03643;EER non démarré;10/06/2026;—;1000047770;823.73
03643;EER non démarré;10/06/2026;—;1000047771;612.05
03286;EER non démarré;10/06/2026;—;1000047780;507.56
03286;EER non démarré;10/06/2026;—;1000047781;830.73
05090;EER non démarré;10/06/2026;—;1000047790;805.75
05090;EER non démarré;10/06/2026;—;1000047791;612.08
00763;EER non démarré;10/06/2026;—;1000047800;687.48
00763;EER non démarré;10/06/2026;—;1000047801;923.06
09499;EER démarré;10/06/2026;21b32c87;1000047810;456.59
09499;EER démarré;10/06/2026;d22a3094;1000047811;984.91
08191;EER validé;10/06/2026;53951279;1000047820;920.97
08191;EER validé;10/06/2026;b4e0b126;1000047821;680.46
01856;EER non démarré;10/06/2026;—;1000047830;977.46
01856;EER non démarré;10/06/2026;—;1000047831;821.87
00481;EER non démarré;10/06/2026;—;1000047840;955.40
00481;EER non démarré;10/06/2026;—;1000047841;164.91
04333;EER validé;10/06/2026;ab661a9c;1000047850;195.69
04333;EER validé;10/06/2026;c02f3fcf;1000047851;982.57
00349;EER validé;10/06/2026;cbc5a48b;1000047860;703.32
00349;EER validé;10/06/2026;f8b521d6;1000047861;504.07
07937;EER non démarré;10/06/2026;—;1000047870;490.15
07937;EER non démarré;10/06/2026;—;1000047871;866.62
01984;EER non démarré;10/06/2026;—;1000047880;893.46
01984;EER non démarré;10/06/2026;—;1000047881;985.97
00579;EER non démarré;10/06/2026;—;1000047890;801.69
00579;EER non démarré;10/06/2026;—;1000047891;508.89
06981;EER validé;10/06/2026;dadb38d9;1000047900;694.00
06981;EER validé;10/06/2026;db75d4d8;1000047901;288.63
00126;EER validé;10/06/2026;dabf77de;1000047910;825.49
00126;EER validé;10/06/2026;1b88e919;1000047911;853.51
08582;EER non démarré;10/06/2026;—;1000047920;811.28
08582;EER non démarré;10/06/2026;—;1000047921;379.01
06738;EER non démarré;10/06/2026;—;1000047930;702.68
06738;EER non démarré;10/06/2026;—;1000047931;511.60
09238;EER non démarré;10/06/2026;—;1000047940;910.26
09238;EER non démarré;10/06/2026;—;1000047941;124.10
05080;EER validé;10/06/2026;0e5b80f7;1000047950;148.54
05080;EER validé;10/06/2026;a8cfb213;1000047951;684.48
06744;EER validé;10/06/2026;4fc318be;1000047960;483.88
06744;EER validé;10/06/2026;f13b3838;1000047961;504.26
09483;EER validé;10/06/2026;135d2f2c;1000047970;524.18
09483;EER validé;10/06/2026;b905ca6c;1000047971;225.54
04100;EER validé;10/06/2026;d5027181;1000047980;705.90
04100;EER validé;10/06/2026;20ebc701;1000047981;177.14
09663;EER non démarré;10/06/2026;—;1000047990;118.07
09663;EER non démarré;10/06/2026;—;1000047991;697.24
06744;EER non démarré;10/06/2026;—;1000048000;163.05
06744;EER non démarré;10/06/2026;—;1000048001;545.16
08492;EER non démarré;10/06/2026;—;1000048010;733.91
08492;EER non démarré;10/06/2026;—;1000048011;732.85
09238;EER non démarré;10/06/2026;—;1000048020;508.18
09238;EER non démarré;10/06/2026;—;1000048021;235.17
06744;EER non démarré;10/06/2026;—;1000048030;196.38
06744;EER non démarré;10/06/2026;—;1000048031;327.82
09238;EER non démarré;10/06/2026;—;1000048040;779.75
09238;EER non démarré;10/06/2026;—;1000048041;152.78
05142;EER démarré;10/06/2026;59f5aa63;1000048050;786.67
05142;EER démarré;10/06/2026;ede1dc7e;1000048051;592.11
00126;EER non démarré;10/06/2026;—;1000048060;273.06
00126;EER non démarré;10/06/2026;—;1000048061;875.41
06088;EER validé;10/06/2026;d46caca7;1000048070;182.32
06088;EER validé;10/06/2026;a0551158;1000048071;463.23
03915;EER non démarré;10/06/2026;—;1000048080;494.60
03915;EER non démarré;10/06/2026;—;1000048081;490.14
00368;EER non démarré;10/06/2026;—;1000048090;762.66
00368;EER non démarré;10/06/2026;—;1000048091;351.50
01472;EER validé;10/06/2026;ce66747d;1000048100;317.65
01472;EER validé;10/06/2026;68848d16;1000048101;840.60
09238;EER non démarré;10/06/2026;—;1000048110;584.81
09238;EER non démarré;10/06/2026;—;1000048111;884.88
01872;EER non démarré;10/06/2026;—;1000048120;483.60
01872;EER non démarré;10/06/2026;—;1000048121;875.31
09718;EER non démarré;10/06/2026;—;1000048130;550.21
09718;EER non démarré;10/06/2026;—;1000048131;897.30
02897;EER non démarré;10/06/2026;—;1000048140;939.73
02897;EER non démarré;10/06/2026;—;1000048141;532.24
07696;EER non démarré;10/06/2026;—;1000048150;514.46
07696;EER non démarré;10/06/2026;—;1000048151;271.09
05204;EER non démarré;10/06/2026;—;1000048160;935.37
05204;EER non démarré;10/06/2026;—;1000048161;458.19
05443;EER validé;10/06/2026;325d9b1a;1000048170;232.73
05443;EER validé;10/06/2026;94a67f29;1000048171;856.46
01192;EER non démarré;10/06/2026;—;1000048180;370.22
01192;EER non démarré;10/06/2026;—;1000048181;559.71
02200;EER validé;10/06/2026;60d70aec;1000048190;701.58
02200;EER validé;10/06/2026;645d2646;1000048191;858.56
04146;EER validé;10/06/2026;f06fb79c;1000048200;721.08
04146;EER validé;10/06/2026;b2cfacb2;1000048201;976.47
03703;EER non démarré;10/06/2026;—;1000048210;677.25
03703;EER non démarré;10/06/2026;—;1000048211;890.67
00872;EER non démarré;10/06/2026;—;1000048220;474.94
00872;EER non démarré;10/06/2026;—;1000048221;807.20
09599;EER non démarré;10/06/2026;—;1000048230;603.90
09599;EER non démarré;10/06/2026;—;1000048231;750.26
07686;EER non démarré;10/06/2026;—;1000048240;389.62
07686;EER non démarré;10/06/2026;—;1000048241;718.07
09389;EER non démarré;10/06/2026;—;1000048250;198.78
09389;EER non démarré;10/06/2026;—;1000048251;316.25
03609;EER validé;10/06/2026;6e8a0193;1000048260;758.65
03609;EER validé;10/06/2026;42788723;1000048261;499.85
09238;EER non démarré;10/06/2026;—;1000048270;331.58
09238;EER non démarré;10/06/2026;—;1000048271;561.43
06820;EER non démarré;10/06/2026;—;1000048280;551.90
06820;EER non démarré;10/06/2026;—;1000048281;775.63
09238;EER validé;10/06/2026;a2facbfc;1000048290;846.59
09238;EER validé;10/06/2026;c82b1434;1000048291;818.98
05326;EER validé;10/06/2026;4d9c220d;1000048300;652.47
05326;EER validé;10/06/2026;8c2743bf;1000048301;386.87
05326;EER non démarré;10/06/2026;—;1000048310;617.92
05326;EER non démarré;10/06/2026;—;1000048311;737.39
00642;EER validé;10/06/2026;bb58bf27;1000048320;310.53
00642;EER validé;10/06/2026;8a744c08;1000048321;948.09
09238;EER non démarré;10/06/2026;—;1000048330;574.34
09238;EER non démarré;10/06/2026;—;1000048331;107.05
07386;EER non démarré;10/06/2026;—;1000048340;291.37
07386;EER non démarré;10/06/2026;—;1000048341;836.90
03121;EER non démarré;10/06/2026;—;1000048350;398.26
03121;EER non démarré;10/06/2026;—;1000048351;879.90
05403;EER démarré;10/06/2026;57f0ff4e;1000048360;667.74
05403;EER démarré;10/06/2026;6794d4b9;1000048361;345.70
03940;EER non démarré;10/06/2026;—;1000048370;247.28
03940;EER non démarré;10/06/2026;—;1000048371;700.18
09885;EER non démarré;10/06/2026;—;1000048380;416.99
09885;EER non démarré;10/06/2026;—;1000048381;390.53
09238;EER validé;10/06/2026;c4b9ff0b;1000048390;238.41
09238;EER validé;10/06/2026;dd68473e;1000048391;124.46
09238;EER non démarré;10/06/2026;—;1000048400;946.70
09238;EER non démarré;10/06/2026;—;1000048401;595.14
02675;EER non démarré;10/06/2026;—;1000048410;454.00
02675;EER non démarré;10/06/2026;—;1000048411;561.47
02230;EER démarré;10/06/2026;6747b2e6;1000048420;623.86
02230;EER démarré;10/06/2026;bf6facda;1000048421;829.79
01023;EER rejeté;10/06/2026;fdde2460;1000048430;312.70
01023;EER rejeté;10/06/2026;7cc49d35;1000048431;433.72
01209;EER non démarré;10/06/2026;—;1000048440;788.95
01209;EER non démarré;10/06/2026;—;1000048441;661.19
09389;EER non démarré;10/06/2026;—;1000048450;935.01
09389;EER non démarré;10/06/2026;—;1000048451;324.36
06236;EER non démarré;10/06/2026;—;1000048460;811.25
06236;EER non démarré;10/06/2026;—;1000048461;354.89
04169;EER non démarré;10/06/2026;—;1000048470;796.73
04169;EER non démarré;10/06/2026;—;1000048471;298.84
05722;EER démarré;10/06/2026;aa288a17;1000048480;447.17
05722;EER démarré;10/06/2026;a3b0e928;1000048481;740.53
06904;EER non démarré;10/06/2026;—;1000048490;516.49
06904;EER non démarré;10/06/2026;—;1000048491;574.71
06556;EER non démarré;10/06/2026;—;1000048500;302.30
06556;EER non démarré;10/06/2026;—;1000048501;952.22
08291;EER non démarré;10/06/2026;—;1000048510;155.49
08291;EER non démarré;10/06/2026;—;1000048511;529.98
09238;EER non démarré;10/06/2026;—;1000048520;967.95
09238;EER non démarré;10/06/2026;—;1000048521;172.24
07401;EER validé;10/06/2026;f400a069;1000048530;887.32
07401;EER validé;10/06/2026;fae2c342;1000048531;679.00
00386;EER validé;10/06/2026;103758da;1000048540;495.75
00386;EER validé;10/06/2026;ecac3179;1000048541;580.83
03863;EER validé;10/06/2026;741b14d2;1000048550;641.22
03863;EER validé;10/06/2026;a2713896;1000048551;499.66
08421;EER validé;10/06/2026;4e293f13;1000048560;704.02
08421;EER validé;10/06/2026;4423f286;1000048561;909.02
07063;EER validé;10/06/2026;64809373;1000048570;663.53
07063;EER validé;10/06/2026;7518ebf5;1000048571;325.03
00709;EER non démarré;10/06/2026;—;1000048580;546.41
00709;EER non démarré;10/06/2026;—;1000048581;497.51
07283;EER non démarré;10/06/2026;—;1000048590;813.34
07283;EER non démarré;10/06/2026;—;1000048591;469.17
08492;EER non démarré;10/06/2026;—;1000048600;656.63
08492;EER non démarré;10/06/2026;—;1000048601;231.58
05954;EER validé;10/06/2026;aae89257;1000048610;418.80
05954;EER validé;10/06/2026;9b1ba438;1000048611;594.84
04169;EER validé;10/06/2026;38ff051f;1000048620;303.23
04169;EER validé;10/06/2026;d48e0384;1000048621;875.68
03366;EER non démarré;10/06/2026;—;1000048630;216.44
03366;EER non démarré;10/06/2026;—;1000048631;308.28
09238;EER non démarré;10/06/2026;—;1000048640;491.88
09238;EER non démarré;10/06/2026;—;1000048641;179.57
09238;EER validé;09/06/2026;ea9f7245;1000048650;412.85
09238;EER validé;09/06/2026;f2af5647;1000048651;709.89
07690;EER non démarré;09/06/2026;—;1000048660;102.81
07690;EER non démarré;09/06/2026;—;1000048661;662.60
09238;EER validé;09/06/2026;7d712659;1000048670;102.09
09238;EER validé;09/06/2026;e7512d45;1000048671;186.09
07820;EER non démarré;09/06/2026;—;1000048680;364.64
07820;EER non démarré;09/06/2026;—;1000048681;454.52
05107;EER non démarré;09/06/2026;—;1000048690;189.05
05107;EER non démarré;09/06/2026;—;1000048691;865.19
09238;EER validé;09/06/2026;0e45407c;1000048700;817.04
09238;EER validé;09/06/2026;289f11b0;1000048701;731.54
00386;EER non démarré;09/06/2026;—;1000048710;985.47
00386;EER non démarré;09/06/2026;—;1000048711;354.86
04169;EER non démarré;09/06/2026;—;1000048720;179.32
04169;EER non démarré;09/06/2026;—;1000048721;702.07
07286;EER validé;09/06/2026;2f3c077e;1000048730;143.14
07286;EER validé;09/06/2026;6924f4a7;1000048731;345.15
09934;EER validé;09/06/2026;43194afa;1000048740;584.64
09934;EER validé;09/06/2026;63849f6b;1000048741;201.07
02148;EER validé;09/06/2026;2b0ad2a2;1000048750;328.39
02148;EER validé;09/06/2026;f1861857;1000048751;141.41
07627;EER validé;09/06/2026;36f6afa5;1000048760;720.59
07627;EER validé;09/06/2026;87500dd9;1000048761;888.75
05884;EER non démarré;09/06/2026;—;1000048770;379.83
05884;EER non démarré;09/06/2026;—;1000048771;363.00
09238;EER non démarré;09/06/2026;—;1000048780;504.68
09238;EER non démarré;09/06/2026;—;1000048781;610.73
02200;EER non démarré;09/06/2026;—;1000048790;908.25
02200;EER non démarré;09/06/2026;—;1000048791;828.08
05090;EER non démarré;09/06/2026;—;1000048800;318.11
05090;EER non démarré;09/06/2026;—;1000048801;484.40
06744;EER non démarré;09/06/2026;—;1000048810;210.15
06744;EER non démarré;09/06/2026;—;1000048811;748.83
03940;EER validé;09/06/2026;ea993df0;1000048820;672.83
03940;EER validé;09/06/2026;11943309;1000048821;433.74
07920;EER validé;09/06/2026;1c5fea60;1000048830;313.14
07920;EER validé;09/06/2026;80196305;1000048831;566.67
05061;EER non démarré;09/06/2026;—;1000048840;499.13
05061;EER non démarré;09/06/2026;—;1000048841;220.92
02883;EER non démarré;09/06/2026;—;1000048850;446.87
02883;EER non démarré;09/06/2026;—;1000048851;736.59
04704;EER non démarré;09/06/2026;—;1000048860;145.53
04704;EER non démarré;09/06/2026;—;1000048861;800.63
09238;EER non démarré;09/06/2026;—;1000048870;184.60
09238;EER non démarré;09/06/2026;—;1000048871;291.54
02148;EER validé;09/06/2026;a2a57eac;1000048880;444.47
02148;EER validé;09/06/2026;129574e2;1000048881;130.03
09238;EER non démarré;09/06/2026;—;1000048890;155.76
09238;EER non démarré;09/06/2026;—;1000048891;247.30
04561;EER validé;09/06/2026;2d0bd6f3;1000048900;917.34
04561;EER validé;09/06/2026;ce4d755d;1000048901;276.28
04588;EER rejeté;09/06/2026;7f3294f7;1000048910;871.69
04588;EER rejeté;09/06/2026;52061418;1000048911;317.58
06926;EER validé;09/06/2026;4cb75895;1000048920;418.02
06926;EER validé;09/06/2026;613897a7;1000048921;618.54
09238;EER non démarré;09/06/2026;—;1000048930;468.13
09238;EER non démarré;09/06/2026;—;1000048931;144.50
07939;EER non démarré;09/06/2026;—;1000048940;156.76
07939;EER non démarré;09/06/2026;—;1000048941;470.75
05484;EER démarré;09/06/2026;357eb36f;1000048950;393.75
05484;EER démarré;09/06/2026;1ad21aa1;1000048951;800.97
06744;EER validé;09/06/2026;2e0d2d8a;1000048960;791.47
06744;EER validé;09/06/2026;0d7b256a;1000048961;425.42
08414;EER validé;09/06/2026;afd423ec;1000048970;598.58
08414;EER validé;09/06/2026;de313391;1000048971;828.04
07627;EER non démarré;09/06/2026;—;1000048980;324.95
07627;EER non démarré;09/06/2026;—;1000048981;491.86
05522;EER démarré;09/06/2026;2799d54d;1000048990;285.90
05522;EER démarré;09/06/2026;16dfb243;1000048991;830.72
09238;EER démarré;09/06/2026;081452f9;1000049000;931.51
09238;EER démarré;09/06/2026;840f8d67;1000049001;523.30
05331;EER non démarré;09/06/2026;—;1000049010;954.66
05331;EER non démarré;09/06/2026;—;1000049011;152.54
09238;EER validé;09/06/2026;a50f43f3;1000049020;101.15
09238;EER validé;09/06/2026;a3c60476;1000049021;770.35
01984;EER non démarré;09/06/2026;—;1000049030;196.84
01984;EER non démarré;09/06/2026;—;1000049031;778.66
07286;EER non démarré;09/06/2026;—;1000049040;557.48
07286;EER non démarré;09/06/2026;—;1000049041;582.99
06929;EER rejeté;09/06/2026;1a2aca08;1000049050;659.98
06929;EER rejeté;09/06/2026;bf59b56a;1000049051;595.92
03915;EER rejeté;09/06/2026;290ad4e1;1000049060;697.82
03915;EER rejeté;09/06/2026;a2fc01c4;1000049061;468.63
02675;EER non démarré;09/06/2026;—;1000049070;529.17
02675;EER non démarré;09/06/2026;—;1000049071;407.97
09238;EER non démarré;09/06/2026;—;1000049080;255.54
09238;EER non démarré;09/06/2026;—;1000049081;738.62
05538;EER non démarré;09/06/2026;—;1000049090;811.07
05538;EER non démarré;09/06/2026;—;1000049091;456.67
06556;EER validé;09/06/2026;a247e356;1000049100;378.90
06556;EER validé;09/06/2026;3124e37b;1000049101;520.53
06472;EER démarré;09/06/2026;dee79012;1000049110;772.78
06472;EER démarré;09/06/2026;4fdeb077;1000049111;554.77
08191;EER non démarré;09/06/2026;—;1000049120;240.66
08191;EER non démarré;09/06/2026;—;1000049121;840.32
04011;EER validé;09/06/2026;63d162a8;1000049130;126.93
04011;EER validé;09/06/2026;2c24031a;1000049131;376.70
02902;EER non démarré;09/06/2026;—;1000049140;695.85
02902;EER non démarré;09/06/2026;—;1000049141;216.94
01735;EER non démarré;09/06/2026;—;1000049150;632.32
01735;EER non démarré;09/06/2026;—;1000049151;342.91
07937;EER non démarré;09/06/2026;—;1000049160;440.87
07937;EER non démarré;09/06/2026;—;1000049161;580.57
09238;EER non démarré;09/06/2026;—;1000049170;748.92
09238;EER non démarré;09/06/2026;—;1000049171;804.00
09238;EER non démarré;09/06/2026;—;1000049180;570.01
09238;EER non démarré;09/06/2026;—;1000049181;581.20
03674;EER validé;09/06/2026;3455594e;1000049190;570.84
03674;EER validé;09/06/2026;02ec1600;1000049191;357.73
03940;EER validé;09/06/2026;1d36df32;1000049200;748.44
03940;EER validé;09/06/2026;a429fec3;1000049201;595.62
06744;EER non démarré;09/06/2026;—;1000049210;966.20
06744;EER non démarré;09/06/2026;—;1000049211;249.58
03940;EER non démarré;09/06/2026;—;1000049220;796.99
03940;EER non démarré;09/06/2026;—;1000049221;722.96
01984;EER non démarré;09/06/2026;—;1000049230;923.32
01984;EER non démarré;09/06/2026;—;1000049231;920.69
02938;EER non démarré;09/06/2026;—;1000049240;102.43
02938;EER non démarré;09/06/2026;—;1000049241;652.03
01018;EER non démarré;09/06/2026;—;1000049250;614.15
01018;EER non démarré;09/06/2026;—;1000049251;875.26
07867;EER validé;09/06/2026;610c31e7;1000049260;139.19
07867;EER validé;09/06/2026;66401826;1000049261;326.32
06744;EER non démarré;09/06/2026;—;1000049270;363.62
06744;EER non démarré;09/06/2026;—;1000049271;670.98
09667;EER démarré;09/06/2026;96e10c66;1000049280;774.57
09667;EER démarré;09/06/2026;9791481f;1000049281;739.64
03090;EER validé;09/06/2026;c3160e7a;1000049290;382.75
03090;EER validé;09/06/2026;f6b14f24;1000049291;870.08
09483;EER non démarré;09/06/2026;—;1000049300;837.26
09483;EER non démarré;09/06/2026;—;1000049301;955.75
03940;EER non démarré;09/06/2026;—;1000049310;406.24
03940;EER non démarré;09/06/2026;—;1000049311;324.77
05925;EER non démarré;09/06/2026;—;1000049320;825.22
05925;EER non démarré;09/06/2026;—;1000049321;385.39
01349;EER validé;09/06/2026;0f171619;1000049330;781.18
01349;EER validé;09/06/2026;f3c5a2aa;1000049331;392.44
09549;EER validé;09/06/2026;7869ea2e;1000049340;560.10
09549;EER validé;09/06/2026;b8aaa06f;1000049341;713.45
09238;EER non démarré;09/06/2026;—;1000049350;466.13
09238;EER non démarré;09/06/2026;—;1000049351;124.77
09483;EER validé;09/06/2026;7a3d8e4f;1000049360;245.36
09483;EER validé;09/06/2026;7254694b;1000049361;742.64
00386;EER validé;09/06/2026;97210e12;1000049370;223.09
00386;EER validé;09/06/2026;fa0eb794;1000049371;747.80
09238;EER validé;09/06/2026;d89121a6;1000049380;219.78
09238;EER validé;09/06/2026;d1e48e7e;1000049381;551.72
07516;EER validé;09/06/2026;15d24c9b;1000049390;336.36
07516;EER validé;09/06/2026;d69c4a90;1000049391;521.99
01650;EER non démarré;09/06/2026;—;1000049400;480.95
01650;EER non démarré;09/06/2026;—;1000049401;554.83
08579;EER non démarré;09/06/2026;—;1000049410;538.77
08579;EER non démarré;09/06/2026;—;1000049411;885.22
08414;EER validé;09/06/2026;ffaf664e;1000049420;956.87
08414;EER validé;09/06/2026;6aae09b9;1000049421;460.24
09238;EER non démarré;09/06/2026;—;1000049430;296.72
09238;EER non démarré;09/06/2026;—;1000049431;789.50
01735;EER non démarré;09/06/2026;—;1000049440;561.39
01735;EER non démarré;09/06/2026;—;1000049441;665.08
06452;EER non démarré;09/06/2026;—;1000049450;470.66
06452;EER non démarré;09/06/2026;—;1000049451;772.16
03050;EER validé;09/06/2026;d56e923d;1000049460;669.13
03050;EER validé;09/06/2026;8c99dfc4;1000049461;854.80
06744;EER validé;09/06/2026;50972aa2;1000049470;820.87
06744;EER validé;09/06/2026;007c3496;1000049471;689.16
09238;EER validé;09/06/2026;a80c3dea;1000049480;130.53
09238;EER validé;09/06/2026;1307c58f;1000049481;443.31
06792;EER non démarré;09/06/2026;—;1000049490;334.68
06792;EER non démarré;09/06/2026;—;1000049491;585.42
01115;EER non démarré;09/06/2026;—;1000049500;525.18
01115;EER non démarré;09/06/2026;—;1000049501;805.14
09476;EER non démarré;09/06/2026;—;1000049510;373.65
09476;EER non démarré;09/06/2026;—;1000049511;627.87
09238;EER non démarré;09/06/2026;—;1000049520;671.16
09238;EER non démarré;09/06/2026;—;1000049521;738.26
09238;EER non démarré;09/06/2026;—;1000049530;531.51
09238;EER non démarré;09/06/2026;—;1000049531;562.18
07516;EER non démarré;09/06/2026;—;1000049540;950.55
07516;EER non démarré;09/06/2026;—;1000049541;282.59
07516;EER non démarré;09/06/2026;—;1000049550;703.32
07516;EER non démarré;09/06/2026;—;1000049551;355.14
03039;EER validé;09/06/2026;476d6f4d;1000049560;809.99
03039;EER validé;09/06/2026;d71d11f9;1000049561;433.00
04669;EER validé;09/06/2026;d5bcd97f;1000049570;794.11
04669;EER validé;09/06/2026;e224754f;1000049571;822.70
03940;EER validé;09/06/2026;c8389ad9;1000049580;565.15
03940;EER validé;09/06/2026;0e91a6e7;1000049581;173.62
09238;EER non démarré;09/06/2026;—;1000049590;842.47
09238;EER non démarré;09/06/2026;—;1000049591;813.71
00481;EER non démarré;09/06/2026;—;1000049600;902.52
00481;EER non démarré;09/06/2026;—;1000049601;942.46
04333;EER validé;09/06/2026;29d91189;1000049610;312.08
04333;EER validé;09/06/2026;cfc4fbc3;1000049611;112.53
05173;EER non démarré;09/06/2026;—;1000049620;108.92
05173;EER non démarré;09/06/2026;—;1000049621;850.80
02200;EER non démarré;09/06/2026;—;1000049630;940.06
02200;EER non démarré;09/06/2026;—;1000049631;797.21
07386;EER non démarré;09/06/2026;—;1000049640;325.92
07386;EER non démarré;09/06/2026;—;1000049641;851.44
00179;EER non démarré;09/06/2026;—;1000049650;558.81
00179;EER non démarré;09/06/2026;—;1000049651;154.08
01099;EER validé;09/06/2026;09f1197c;1000049660;358.63
01099;EER validé;09/06/2026;e0812db0;1000049661;785.72
09725;EER validé;09/06/2026;af51d169;1000049670;231.69
09725;EER validé;09/06/2026;024c92dd;1000049671;404.25
01192;EER validé;09/06/2026;5218d03a;1000049680;915.45
01192;EER validé;09/06/2026;82d7b268;1000049681;148.24
02230;EER validé;09/06/2026;c5aff4a5;1000049690;808.95
02230;EER validé;09/06/2026;db9b2e3e;1000049691;145.34
07386;EER validé;09/06/2026;79e94234;1000049700;870.99
07386;EER validé;09/06/2026;156bc887;1000049701;776.33
06744;EER validé;09/06/2026;db35ce38;1000049710;733.73
06744;EER validé;09/06/2026;39fd5911;1000049711;672.75
00386;EER validé;09/06/2026;fef58f2c;1000049720;556.13
00386;EER validé;09/06/2026;932c4da4;1000049721;761.00
06744;EER non démarré;09/06/2026;—;1000049730;397.51
06744;EER non démarré;09/06/2026;—;1000049731;870.60
09238;EER non démarré;09/06/2026;—;1000049740;469.59
09238;EER non démarré;09/06/2026;—;1000049741;437.92
04904;EER validé;09/06/2026;9f5e076d;1000049750;629.98
04904;EER validé;09/06/2026;59222b26;1000049751;927.34
05027;EER validé;09/06/2026;ce924e6e;1000049760;729.53
05027;EER validé;09/06/2026;1afec716;1000049761;837.34
08414;EER non démarré;09/06/2026;—;1000049770;222.85
08414;EER non démarré;09/06/2026;—;1000049771;877.85
06178;EER non démarré;09/06/2026;—;1000049780;830.74
06178;EER non démarré;09/06/2026;—;1000049781;825.05
06452;EER validé;09/06/2026;1c82cf5e;1000049790;430.25
06452;EER validé;09/06/2026;c1530ea5;1000049791;343.75
05090;EER validé;09/06/2026;affbf3a6;1000049800;962.12
05090;EER validé;09/06/2026;d5c8be86;1000049801;428.59
09663;EER validé;09/06/2026;743f18d6;1000049810;675.03
09663;EER validé;09/06/2026;f6d70259;1000049811;579.55
02200;EER non démarré;09/06/2026;—;1000049820;533.43
02200;EER non démarré;09/06/2026;—;1000049821;580.71
04054;EER rejeté;09/06/2026;d8031cde;1000049830;347.82
04054;EER rejeté;09/06/2026;4466a031;1000049831;895.28
00174;EER validé;09/06/2026;9461f4d0;1000049840;708.28
00174;EER validé;09/06/2026;3c898d51;1000049841;781.75
06111;EER non démarré;09/06/2026;—;1000049850;339.95
06111;EER non démarré;09/06/2026;—;1000049851;921.89
02292;EER non démarré;09/06/2026;—;1000049860;117.69
02292;EER non démarré;09/06/2026;—;1000049861;448.48
07129;EER démarré;09/06/2026;238703d9;1000049870;546.19
07129;EER démarré;09/06/2026;408ebe08;1000049871;911.78
09700;EER validé;09/06/2026;33756a4d;1000049880;728.78
09700;EER validé;09/06/2026;8c3506e0;1000049881;592.70
04169;EER validé;09/06/2026;18e44b13;1000049890;622.57
04169;EER validé;09/06/2026;9fc4d305;1000049891;383.25
00386;EER validé;09/06/2026;0211217f;1000049900;321.57
00386;EER validé;09/06/2026;5c3a1dbb;1000049901;948.29
01046;EER non démarré;09/06/2026;—;1000049910;254.03
01046;EER non démarré;09/06/2026;—;1000049911;566.53
09282;EER non démarré;09/06/2026;—;1000049920;933.69
09282;EER non démarré;09/06/2026;—;1000049921;386.17
00386;EER non démarré;09/06/2026;—;1000049930;425.94
00386;EER non démarré;09/06/2026;—;1000049931;198.77
09238;EER validé;09/06/2026;f7a24cb5;1000049940;111.03
09238;EER validé;09/06/2026;5fbe6f16;1000049941;102.14
01575;EER non démarré;09/06/2026;—;1000049950;155.39
01575;EER non démarré;09/06/2026;—;1000049951;586.84
08414;EER validé;09/06/2026;1930ae95;1000049960;659.13
08414;EER validé;09/06/2026;a886445e;1000049961;517.12
00787;EER démarré;09/06/2026;44f0f11b;1000049970;566.06
00787;EER démarré;09/06/2026;dfc62f8a;1000049971;534.91
03940;EER non démarré;09/06/2026;—;1000049980;786.27
03940;EER non démarré;09/06/2026;—;1000049981;160.41
04868;EER non démarré;09/06/2026;—;1000049990;403.43
04868;EER non démarré;09/06/2026;—;1000049991;275.88
09238;EER non démarré;09/06/2026;—;1000050000;241.80
09238;EER non démarré;09/06/2026;—;1000050001;953.41
09273;EER rejeté;09/06/2026;3a635735;1000050010;457.19
09273;EER rejeté;09/06/2026;2cb717e4;1000050011;573.77
01018;EER validé;09/06/2026;46c436dd;1000050020;100.01
01018;EER validé;09/06/2026;35a11db7;1000050021;507.47
05332;EER non démarré;09/06/2026;—;1000050030;942.04
05332;EER non démarré;09/06/2026;—;1000050031;524.76
09238;EER rejeté;09/06/2026;98d548db;1000050040;786.57
09238;EER rejeté;09/06/2026;bc75a165;1000050041;917.40
04741;EER validé;09/06/2026;c6468344;1000050050;435.10
04741;EER validé;09/06/2026;6126f3d8;1000050051;480.18
07627;EER validé;09/06/2026;bece0584;1000050060;671.94
07627;EER validé;09/06/2026;acbb7203;1000050061;505.33
09238;EER non démarré;09/06/2026;—;1000050070;588.07
09238;EER non démarré;09/06/2026;—;1000050071;190.44
07386;EER non démarré;09/06/2026;—;1000050080;611.75
07386;EER non démarré;09/06/2026;—;1000050081;682.80
09238;EER non démarré;09/06/2026;—;1000050090;873.19
09238;EER non démarré;09/06/2026;—;1000050091;358.77
03141;EER validé;09/06/2026;18d40e42;1000050100;951.14
03141;EER validé;09/06/2026;964778ff;1000050101;415.46
09238;EER non démarré;09/06/2026;—;1000050110;685.76
09238;EER non démarré;09/06/2026;—;1000050111;967.53
07627;EER à rejeter;09/06/2026;17c19fc8;1000050120;657.34
07627;EER à rejeter;09/06/2026;b526e19d;1000050121;575.19
04243;EER non démarré;09/06/2026;—;1000050130;485.41
04243;EER non démarré;09/06/2026;—;1000050131;249.94
08342;EER non démarré;09/06/2026;—;1000050140;227.37
08342;EER non démarré;09/06/2026;—;1000050141;596.77
06744;EER non démarré;09/06/2026;—;1000050150;507.18
06744;EER non démarré;09/06/2026;—;1000050151;875.97
09073;EER validé;09/06/2026;861b79ac;1000050160;773.07
09073;EER validé;09/06/2026;56c71aac;1000050161;661.19
09238;EER validé;09/06/2026;a76818f5;1000050170;272.21
09238;EER validé;09/06/2026;a6282454;1000050171;755.62
07627;EER non démarré;09/06/2026;—;1000050180;927.02
07627;EER non démarré;09/06/2026;—;1000050181;779.48
05468;EER non démarré;09/06/2026;—;1000050190;296.25
05468;EER non démarré;09/06/2026;—;1000050191;804.10
09238;EER non démarré;09/06/2026;—;1000050200;448.28
09238;EER non démarré;09/06/2026;—;1000050201;470.87
09238;EER non démarré;09/06/2026;—;1000050210;371.89
09238;EER non démarré;09/06/2026;—;1000050211;666.64
06041;EER démarré;06/06/2026;df3f9420;1000034570;753.47
06041;EER démarré;06/06/2026;995eaf37;1000034571;143.54
09238;EER démarré;06/06/2026;3f35a01d;1000034580;668.24
09238;EER démarré;06/06/2026;6b2e657d;1000034581;427.31
08537;EER rejeté;06/06/2026;a9aebae2;1000034590;385.79
08537;EER rejeté;06/06/2026;e548ca38;1000034591;589.48
05443;EER non démarré;06/06/2026;—;1000034600;658.94
05443;EER non démarré;06/06/2026;—;1000034601;888.75
07029;EER validé;06/06/2026;fdd808e2;1000034610;244.06
07029;EER validé;06/06/2026;796d6c05;1000034611;697.82
07054;EER non démarré;06/06/2026;—;1000034620;589.60
07054;EER non démarré;06/06/2026;—;1000034621;828.55
00386;EER non démarré;06/06/2026;—;1000034630;806.35
00386;EER non démarré;06/06/2026;—;1000034631;592.35
05651;EER non démarré;06/06/2026;—;1000034640;420.44
05651;EER non démarré;06/06/2026;—;1000034641;660.65
09238;EER démarré;06/06/2026;63ccdbb6;1000034650;860.47
09238;EER démarré;06/06/2026;92adb54f;1000034651;839.24
03983;EER validé;06/06/2026;fd59e2cf;1000034660;614.84
03983;EER validé;06/06/2026;590bb3f2;1000034661;812.06
09483;EER non démarré;06/06/2026;—;1000034670;615.54
09483;EER non démarré;06/06/2026;—;1000034671;734.96
06744;EER validé;06/06/2026;d5e89e54;1000034680;658.24
06744;EER validé;06/06/2026;158685d4;1000034681;457.61
07286;EER non démarré;06/06/2026;—;1000034690;882.36
07286;EER non démarré;06/06/2026;—;1000034691;721.58
03900;EER non démarré;06/06/2026;—;1000034700;971.58
03900;EER non démarré;06/06/2026;—;1000034701;298.26
07158;EER démarré;06/06/2026;53c690d9;1000034710;631.98
07158;EER démarré;06/06/2026;920638a1;1000034711;779.44
02200;EER non démarré;06/06/2026;—;1000034720;659.02
02200;EER non démarré;06/06/2026;—;1000034721;226.84
03933;EER validé;06/06/2026;8a71f5ea;1000034730;113.62
03933;EER validé;06/06/2026;052952de;1000034731;537.49
08421;EER validé;06/06/2026;88a435af;1000034740;409.84
08421;EER validé;06/06/2026;5e244809;1000034741;276.46
06211;EER non démarré;06/06/2026;—;1000034750;616.22
06211;EER non démarré;06/06/2026;—;1000034751;536.62
05976;EER non démarré;06/06/2026;—;1000034760;295.03
05976;EER non démarré;06/06/2026;—;1000034761;911.83
05925;EER validé;06/06/2026;f2cc1081;1000034770;166.90
05925;EER validé;06/06/2026;3f30d105;1000034771;144.89
07676;EER validé;06/06/2026;3d6eac69;1000034780;511.72
07676;EER validé;06/06/2026;994078c2;1000034781;569.01
09019;EER à rejeter;06/06/2026;653221bb;1000034790;277.88
09019;EER à rejeter;06/06/2026;1268eb8d;1000034791;649.16
06744;EER rejeté;06/06/2026;07fed6dd;1000034800;883.89
06744;EER rejeté;06/06/2026;4035035d;1000034801;788.94
04169;EER validé;06/06/2026;11d3b1c0;1000034810;921.54
04169;EER validé;06/06/2026;c7a904b0;1000034811;952.95
09238;EER non démarré;06/06/2026;—;1000034820;786.10
09238;EER non démarré;06/06/2026;—;1000034821;131.88
06075;EER non démarré;06/06/2026;—;1000034830;899.74
06075;EER non démarré;06/06/2026;—;1000034831;678.48
02639;EER non démarré;06/06/2026;—;1000034840;604.21
02639;EER non démarré;06/06/2026;—;1000034841;257.62
05027;EER non démarré;06/06/2026;—;1000034850;834.23
05027;EER non démarré;06/06/2026;—;1000034851;635.13
09434;EER non démarré;06/06/2026;—;1000034860;220.55
09434;EER non démarré;06/06/2026;—;1000034861;744.82
07386;EER validé;06/06/2026;f23c0cd8;1000034870;754.67
07386;EER validé;06/06/2026;40041463;1000034871;983.42
08495;EER à valider;06/06/2026;3d5c80bb;1000034880;882.68
08495;EER à valider;06/06/2026;fce32835;1000034881;980.27
04669;EER validé;06/06/2026;d40f7917;1000034890;969.60
04669;EER validé;06/06/2026;500e2aa6;1000034891;609.32
08144;EER non démarré;06/06/2026;—;1000034900;455.70
08144;EER non démarré;06/06/2026;—;1000034901;717.24
07286;EER rejeté;06/06/2026;33889297;1000034910;851.38
07286;EER rejeté;06/06/2026;7f7cda4c;1000034911;422.53
05443;EER non démarré;06/06/2026;—;1000034920;316.68
05443;EER non démarré;06/06/2026;—;1000034921;670.11
08421;EER à valider;06/06/2026;31192780;1000034930;637.39
08421;EER à valider;06/06/2026;feb2aed8;1000034931;488.50
03940;EER validé;06/06/2026;1422ff23;1000034940;775.39
03940;EER validé;06/06/2026;f2179f6d;1000034941;985.41
09238;EER validé;06/06/2026;15bf81f5;1000034950;601.91
09238;EER validé;06/06/2026;42c31ecf;1000034951;679.23
06178;EER non démarré;06/06/2026;—;1000034960;831.46
06178;EER non démarré;06/06/2026;—;1000034961;296.03
09238;EER non démarré;06/06/2026;—;1000034970;582.40
09238;EER non démarré;06/06/2026;—;1000034971;848.42
03188;EER non démarré;06/06/2026;—;1000034980;941.20
03188;EER non démarré;06/06/2026;—;1000034981;923.54
07386;EER non démarré;06/06/2026;—;1000034990;368.88
07386;EER non démarré;06/06/2026;—;1000034991;611.61
03634;EER validé;06/06/2026;4c2bbac4;1000035000;801.72
03634;EER validé;06/06/2026;c5770b79;1000035001;305.79
07472;EER non démarré;06/06/2026;—;1000035010;186.82
07472;EER non démarré;06/06/2026;—;1000035011;354.75
04088;EER validé;06/06/2026;9d46b530;1000035020;974.24
04088;EER validé;06/06/2026;f5da7d54;1000035021;203.94
07386;EER non démarré;06/06/2026;—;1000035030;612.88
07386;EER non démarré;06/06/2026;—;1000035031;932.76
09238;EER non démarré;06/06/2026;—;1000035040;847.32
09238;EER non démarré;06/06/2026;—;1000035041;529.43
08421;EER non démarré;06/06/2026;—;1000035050;721.93
08421;EER non démarré;06/06/2026;—;1000035051;137.57
00945;EER non démarré;06/06/2026;—;1000035060;755.10
00945;EER non démarré;06/06/2026;—;1000035061;749.44
07386;EER non démarré;06/06/2026;—;1000035070;196.93
07386;EER non démarré;06/06/2026;—;1000035071;823.88
09238;EER démarré;06/06/2026;946110df;1000035080;978.03
09238;EER démarré;06/06/2026;9cb3c6ef;1000035081;531.36
09238;EER démarré;06/06/2026;fc4d2ab1;1000035090;234.76
09238;EER démarré;06/06/2026;fa84e3aa;1000035091;740.67
01588;EER non démarré;06/06/2026;—;1000035100;744.57
01588;EER non démarré;06/06/2026;—;1000035101;105.82
00386;EER non démarré;06/06/2026;—;1000035110;654.86
00386;EER non démarré;06/06/2026;—;1000035111;325.59
09238;EER non démarré;06/06/2026;—;1000035120;450.94
09238;EER non démarré;06/06/2026;—;1000035121;672.44
07831;EER validé;06/06/2026;d614d5ca;1000035130;805.43
07831;EER validé;06/06/2026;0dc940dc;1000035131;295.88
09238;EER non démarré;06/06/2026;—;1000035140;699.42
09238;EER non démarré;06/06/2026;—;1000035141;425.71
06744;EER validé;06/06/2026;1ab3e91c;1000035150;922.74
06744;EER validé;06/06/2026;d9be3d86;1000035151;889.70
07486;EER non démarré;06/06/2026;—;1000035160;840.40
07486;EER non démarré;06/06/2026;—;1000035161;108.99
00570;EER validé;06/06/2026;0e2acf6f;1000035170;817.54
00570;EER validé;06/06/2026;11d0091d;1000035171;278.75
02209;EER non démarré;06/06/2026;—;1000035180;252.39
02209;EER non démarré;06/06/2026;—;1000035181;565.96
07386;EER non démarré;06/06/2026;—;1000035190;667.96
07386;EER non démarré;06/06/2026;—;1000035191;325.54
05765;EER démarré;06/06/2026;5b0a32fe;1000035200;856.86
05765;EER démarré;06/06/2026;f159e6b4;1000035201;790.86
00818;EER validé;06/06/2026;3619f936;1000035210;588.41
00818;EER validé;06/06/2026;66f32bfe;1000035211;787.42
02200;EER à rejeter;06/06/2026;67eb188f;1000035220;624.98
02200;EER à rejeter;06/06/2026;1bdd6f70;1000035221;408.65
00368;EER non démarré;06/06/2026;—;1000035230;583.90
00368;EER non démarré;06/06/2026;—;1000035231;260.58
08414;EER validé;06/06/2026;ddfbfb59;1000035240;603.93
08414;EER validé;06/06/2026;1c381137;1000035241;263.63
07106;EER validé;06/06/2026;78345d1f;1000035250;389.09
07106;EER validé;06/06/2026;faa4796f;1000035251;213.24
07286;EER validé;06/06/2026;479e768e;1000035260;771.60
07286;EER validé;06/06/2026;859b33c8;1000035261;978.87
02768;EER non démarré;06/06/2026;—;1000035270;267.69
02768;EER non démarré;06/06/2026;—;1000035271;900.46
07627;EER non démarré;06/06/2026;—;1000035280;144.54
07627;EER non démarré;06/06/2026;—;1000035281;128.30
04669;EER validé;06/06/2026;8b3b1010;1000035290;318.74
04669;EER validé;06/06/2026;f4781873;1000035291;691.79
09238;EER validé;06/06/2026;8b340b54;1000035300;972.81
09238;EER validé;06/06/2026;453631bb;1000035301;697.66
05326;EER non démarré;06/06/2026;—;1000035310;899.22
05326;EER non démarré;06/06/2026;—;1000035311;961.45
01209;EER non démarré;06/06/2026;—;1000035320;956.98
01209;EER non démarré;06/06/2026;—;1000035321;531.53
07796;EER validé;06/06/2026;18617bbd;1000035330;793.16
07796;EER validé;06/06/2026;b765ff5f;1000035331;522.84
09238;EER non démarré;06/06/2026;—;1000035340;660.91
09238;EER non démarré;06/06/2026;—;1000035341;619.19
03703;EER non démarré;06/06/2026;—;1000035350;393.33
03703;EER non démarré;06/06/2026;—;1000035351;751.13
05867;EER validé;06/06/2026;c041a5e0;1000035360;852.15
05867;EER validé;06/06/2026;47caf75a;1000035361;384.78
05530;EER démarré;06/06/2026;44fa5152;1000035370;930.01
05530;EER démarré;06/06/2026;3f5abbea;1000035371;909.40
06536;EER démarré;06/06/2026;524c144c;1000035380;307.15
06536;EER démarré;06/06/2026;0fb6982f;1000035381;435.37
06867;EER non démarré;06/06/2026;—;1000035390;896.07
06867;EER non démarré;06/06/2026;—;1000035391;419.33
03940;EER non démarré;06/06/2026;—;1000035400;864.74
03940;EER non démarré;06/06/2026;—;1000035401;656.37
05326;EER démarré;06/06/2026;b44c7db4;1000035410;857.01
05326;EER démarré;06/06/2026;ae42ff07;1000035411;835.34
05884;EER validé;06/06/2026;6e6e066e;1000035420;196.19
05884;EER validé;06/06/2026;0f76bf73;1000035421;588.47
02844;EER non démarré;06/06/2026;—;1000035430;214.36
02844;EER non démarré;06/06/2026;—;1000035431;333.20
07627;EER non démarré;06/06/2026;—;1000035440;665.46
07627;EER non démarré;06/06/2026;—;1000035441;103.28
06947;EER validé;06/06/2026;253ccac9;1000035450;282.71
06947;EER validé;06/06/2026;cb00516c;1000035451;778.99
02200;EER non démarré;06/06/2026;—;1000035460;263.75
02200;EER non démarré;06/06/2026;—;1000035461;173.47
07062;EER non démarré;06/06/2026;—;1000035470;363.93
07062;EER non démarré;06/06/2026;—;1000035471;107.76
09238;EER non démarré;06/06/2026;—;1000035480;942.97
09238;EER non démarré;06/06/2026;—;1000035481;197.15
00709;EER démarré;06/06/2026;afb07e0f;1000035490;647.34
00709;EER démarré;06/06/2026;a897e398;1000035491;780.62
03153;EER non démarré;06/06/2026;—;1000035500;921.89
03153;EER non démarré;06/06/2026;—;1000035501;701.41
09483;EER non démarré;06/06/2026;—;1000035510;163.58
09483;EER non démarré;06/06/2026;—;1000035511;434.64
08630;EER validé;06/06/2026;c09def48;1000035520;507.34
08630;EER validé;06/06/2026;ef5b7ec9;1000035521;437.33
06792;EER non démarré;06/06/2026;—;1000035530;291.90
06792;EER non démarré;06/06/2026;—;1000035531;131.25
06812;EER validé;06/06/2026;d16384a7;1000035540;463.55
06812;EER validé;06/06/2026;66d21c46;1000035541;618.74
09799;EER validé;06/06/2026;67cd77f2;1000035550;947.47
09799;EER validé;06/06/2026;b08b5a93;1000035551;529.27
03737;EER validé;06/06/2026;ec8c8f9c;1000035560;593.60
03737;EER validé;06/06/2026;d43ed06f;1000035561;352.48
02191;EER non démarré;06/06/2026;—;1000035570;551.45
02191;EER non démarré;06/06/2026;—;1000035571;440.16
07611;EER non démarré;06/06/2026;—;1000035580;254.77
07611;EER non démarré;06/06/2026;—;1000035581;966.15
00386;EER validé;06/06/2026;59f9973b;1000035590;238.19
00386;EER validé;06/06/2026;7a7dcd18;1000035591;876.73
02652;EER non démarré;06/06/2026;—;1000035600;548.96
02652;EER non démarré;06/06/2026;—;1000035601;798.87
06178;EER validé;06/06/2026;cc51f1d8;1000035610;947.59
06178;EER validé;06/06/2026;f6db3d5b;1000035611;803.73
01779;EER validé;06/06/2026;11f90ebb;1000035620;363.37
01779;EER validé;06/06/2026;aef24c23;1000035621;107.66
09069;EER non démarré;06/06/2026;—;1000035630;707.24
09069;EER non démarré;06/06/2026;—;1000035631;502.91
07286;EER non démarré;06/06/2026;—;1000035640;329.76
07286;EER non démarré;06/06/2026;—;1000035641;605.31
07064;EER non démarré;05/06/2026;—;1000035650;221.65
07064;EER non démarré;05/06/2026;—;1000035651;416.02
03940;EER non démarré;05/06/2026;—;1000035660;443.31
03940;EER non démarré;05/06/2026;—;1000035661;758.32
07589;EER validé;05/06/2026;270f2997;1000035670;386.23
07589;EER validé;05/06/2026;e1f36cea;1000035671;469.71
07386;EER non démarré;05/06/2026;—;1000035680;785.50
07386;EER non démarré;05/06/2026;—;1000035681;264.93
01602;EER validé;05/06/2026;9ecac09e;1000035690;435.72
01602;EER validé;05/06/2026;a5d377b9;1000035691;893.44
06804;EER démarré;05/06/2026;1f57a7c7;1000035700;270.71
06804;EER démarré;05/06/2026;65bafbc6;1000035701;791.22
09238;EER démarré;05/06/2026;5082a8b6;1000035710;456.50
09238;EER démarré;05/06/2026;53ca674a;1000035711;808.21
09885;EER non démarré;05/06/2026;—;1000035720;548.99
09885;EER non démarré;05/06/2026;—;1000035721;288.63
09238;EER démarré;05/06/2026;79dabf7d;1000035730;752.74
09238;EER démarré;05/06/2026;3f40fed1;1000035731;685.01
03460;EER validé;05/06/2026;828b892e;1000035740;711.83
03460;EER validé;05/06/2026;46faa1ae;1000035741;761.90
07853;EER validé;05/06/2026;d225a913;1000035750;469.67
07853;EER validé;05/06/2026;71faa50f;1000035751;259.88
06744;EER validé;05/06/2026;d0f722a9;1000035760;213.23
06744;EER validé;05/06/2026;bac77343;1000035761;534.20
06744;EER démarré;05/06/2026;12aba4ff;1000035770;328.34
06744;EER démarré;05/06/2026;f48def98;1000035771;278.33
07268;EER rejeté;05/06/2026;f94648af;1000035780;510.41
07268;EER rejeté;05/06/2026;30267b5f;1000035781;212.37
04994;EER non démarré;05/06/2026;—;1000035790;945.22
04994;EER non démarré;05/06/2026;—;1000035791;892.62
05090;EER non démarré;05/06/2026;—;1000035800;696.61
05090;EER non démarré;05/06/2026;—;1000035801;837.17
06744;EER non démarré;05/06/2026;—;1000035810;309.03
06744;EER non démarré;05/06/2026;—;1000035811;432.51
08452;EER validé;05/06/2026;77b384aa;1000035820;278.45
08452;EER validé;05/06/2026;8ec1e28a;1000035821;783.75
04723;EER validé;05/06/2026;53cf79ef;1000035830;476.53
04723;EER validé;05/06/2026;ba2460d1;1000035831;125.64
05733;EER validé;05/06/2026;bbaffc60;1000035840;192.81
05733;EER validé;05/06/2026;8b50718d;1000035841;233.37
09549;EER validé;05/06/2026;1efaabec;1000035850;703.33
09549;EER validé;05/06/2026;8caae79b;1000035851;152.20
09238;EER non démarré;05/06/2026;—;1000035860;462.17
09238;EER non démarré;05/06/2026;—;1000035861;119.94
06026;EER non démarré;05/06/2026;—;1000035870;701.73
06026;EER non démarré;05/06/2026;—;1000035871;938.49
04669;EER non démarré;05/06/2026;—;1000035880;330.55
04669;EER non démarré;05/06/2026;—;1000035881;978.82
01427;EER non démarré;05/06/2026;—;1000035890;100.33
01427;EER non démarré;05/06/2026;—;1000035891;333.38
04650;EER non démarré;05/06/2026;—;1000035900;116.06
04650;EER non démarré;05/06/2026;—;1000035901;911.37
05180;EER validé;05/06/2026;edc2aa62;1000035910;813.15
05180;EER validé;05/06/2026;dbbfc402;1000035911;364.00
09238;EER validé;05/06/2026;ab51e0c2;1000035920;373.77
09238;EER validé;05/06/2026;ec0adc89;1000035921;217.46
06088;EER non démarré;05/06/2026;—;1000035930;832.40
06088;EER non démarré;05/06/2026;—;1000035931;236.77
00168;EER validé;05/06/2026;f400c07c;1000035940;672.48
00168;EER validé;05/06/2026;b2777232;1000035941;878.44
03940;EER démarré;05/06/2026;c24a6f50;1000035950;602.80
03940;EER démarré;05/06/2026;0a405064;1000035951;750.41
03205;EER validé;05/06/2026;d820b963;1000035960;477.34
03205;EER validé;05/06/2026;bc4336fe;1000035961;863.17
07627;EER validé;05/06/2026;721a0d82;1000035970;422.69
07627;EER validé;05/06/2026;eaed5fa6;1000035971;902.21
01588;EER validé;05/06/2026;8392d8ba;1000035980;209.27
01588;EER validé;05/06/2026;368b88a3;1000035981;716.67
08144;EER non démarré;05/06/2026;—;1000035990;382.62
08144;EER non démarré;05/06/2026;—;1000035991;254.68
04781;EER non démarré;05/06/2026;—;1000036000;248.06
04781;EER non démarré;05/06/2026;—;1000036001;734.37
08004;EER démarré;05/06/2026;b1185695;1000036010;214.03
08004;EER démarré;05/06/2026;5c38b671;1000036011;385.81
09893;EER validé;05/06/2026;2ff68302;1000036020;205.75
09893;EER validé;05/06/2026;bdd0b2b5;1000036021;832.66
08137;EER non démarré;05/06/2026;—;1000036030;462.60
08137;EER non démarré;05/06/2026;—;1000036031;427.97
07486;EER non démarré;05/06/2026;—;1000036040;701.28
07486;EER non démarré;05/06/2026;—;1000036041;382.58
06744;EER non démarré;05/06/2026;—;1000036050;915.08
06744;EER non démarré;05/06/2026;—;1000036051;419.73
01872;EER démarré;05/06/2026;66a95dcd;1000036060;245.64
01872;EER démarré;05/06/2026;fc08d1a3;1000036061;553.91
05094;EER validé;05/06/2026;dd0a78b1;1000036070;563.42
05094;EER validé;05/06/2026;2d5350fc;1000036071;277.62
06919;EER non démarré;05/06/2026;—;1000036080;542.12
06919;EER non démarré;05/06/2026;—;1000036081;576.37
08582;EER non démarré;05/06/2026;—;1000036090;928.56
08582;EER non démarré;05/06/2026;—;1000036091;364.96
05955;EER rejeté;05/06/2026;0b1bc7b9;1000036100;544.47
05955;EER rejeté;05/06/2026;dbc242fc;1000036101;919.08
08421;EER non démarré;05/06/2026;—;1000036110;893.88
08421;EER non démarré;05/06/2026;—;1000036111;292.95
05091;EER non démarré;05/06/2026;—;1000036120;298.99
05091;EER non démarré;05/06/2026;—;1000036121;664.61
01702;EER non démarré;05/06/2026;—;1000036130;987.90
01702;EER non démarré;05/06/2026;—;1000036131;111.17
09885;EER non démarré;05/06/2026;—;1000036140;342.01
09885;EER non démarré;05/06/2026;—;1000036141;692.15
04067;EER validé;05/06/2026;f6af22e1;1000036150;856.33
04067;EER validé;05/06/2026;0f9d72b0;1000036151;637.33
09758;EER validé;05/06/2026;fd38ec36;1000036160;988.85
09758;EER validé;05/06/2026;36f89613;1000036161;517.49
06217;EER non démarré;05/06/2026;—;1000036170;218.20
06217;EER non démarré;05/06/2026;—;1000036171;822.11
00126;EER non démarré;05/06/2026;—;1000036180;901.53
00126;EER non démarré;05/06/2026;—;1000036181;146.66
09238;EER non démarré;05/06/2026;—;1000036190;798.34
09238;EER non démarré;05/06/2026;—;1000036191;697.24
06744;EER non démarré;05/06/2026;—;1000036200;733.97
06744;EER non démarré;05/06/2026;—;1000036201;184.39
00936;EER démarré;05/06/2026;cac8def3;1000036210;849.78
00936;EER démarré;05/06/2026;116846e8;1000036211;485.34
06094;EER validé;05/06/2026;e7bf30b5;1000036220;641.79
06094;EER validé;05/06/2026;586aa26c;1000036221;222.42
04868;EER non démarré;05/06/2026;—;1000036230;816.39
04868;EER non démarré;05/06/2026;—;1000036231;362.64
07841;EER non démarré;05/06/2026;—;1000036240;303.14
07841;EER non démarré;05/06/2026;—;1000036241;243.67
07454;EER non démarré;05/06/2026;—;1000036250;464.00
07454;EER non démarré;05/06/2026;—;1000036251;122.14
05443;EER validé;05/06/2026;3ebd71a0;1000036260;254.18
05443;EER validé;05/06/2026;02b667ed;1000036261;745.85
09630;EER non démarré;05/06/2026;—;1000036270;608.05
09630;EER non démarré;05/06/2026;—;1000036271;776.24
06744;EER démarré;05/06/2026;592522af;1000036280;384.93
06744;EER démarré;05/06/2026;f50b8676;1000036281;527.97
04741;EER validé;05/06/2026;a486e489;1000036290;596.22
04741;EER validé;05/06/2026;4828a15c;1000036291;542.95
00386;EER validé;05/06/2026;cbd6c636;1000036300;986.21
00386;EER validé;05/06/2026;1b6d6022;1000036301;176.53
05916;EER validé;05/06/2026;b22aa44a;1000036310;220.68
05916;EER validé;05/06/2026;d8ac70ac;1000036311;806.49
09238;EER validé;05/06/2026;ba820cc5;1000036320;830.44
09238;EER validé;05/06/2026;d4248f5a;1000036321;113.51
08580;EER validé;05/06/2026;4201ae2a;1000036330;781.34
08580;EER validé;05/06/2026;55d4b3b2;1000036331;716.54
07152;EER non démarré;05/06/2026;—;1000036340;155.44
07152;EER non démarré;05/06/2026;—;1000036341;636.82
06744;EER rejeté;05/06/2026;971956e2;1000036350;618.38
06744;EER rejeté;05/06/2026;9fef57c7;1000036351;286.17
04189;EER non démarré;05/06/2026;—;1000036360;427.93
04189;EER non démarré;05/06/2026;—;1000036361;650.95
09902;EER non démarré;05/06/2026;—;1000036370;687.10
09902;EER non démarré;05/06/2026;—;1000036371;906.98
07972;EER validé;05/06/2026;c48e7b27;1000036380;665.97
07972;EER validé;05/06/2026;43aceeab;1000036381;542.27
03852;EER non démarré;05/06/2026;—;1000036390;271.94
03852;EER non démarré;05/06/2026;—;1000036391;132.93
09238;EER validé;05/06/2026;aef5a618;1000036400;374.12
09238;EER validé;05/06/2026;a35da504;1000036401;935.37
08896;EER démarré;05/06/2026;e9a43272;1000036410;819.90
08896;EER démarré;05/06/2026;80ed3a56;1000036411;442.95
03917;EER non démarré;05/06/2026;—;1000036420;492.68
03917;EER non démarré;05/06/2026;—;1000036421;532.13
03940;EER non démarré;05/06/2026;—;1000036430;973.81
03940;EER non démarré;05/06/2026;—;1000036431;899.16
08641;EER non démarré;05/06/2026;—;1000036440;663.26
08641;EER non démarré;05/06/2026;—;1000036441;117.22
09238;EER non démarré;05/06/2026;—;1000036450;231.75
09238;EER non démarré;05/06/2026;—;1000036451;166.17
03103;EER validé;05/06/2026;d0a76c54;1000036460;739.78
03103;EER validé;05/06/2026;4a5da2ba;1000036461;901.90
03761;EER non démarré;05/06/2026;—;1000036470;299.47
03761;EER non démarré;05/06/2026;—;1000036471;684.13
05326;EER non démarré;05/06/2026;—;1000036480;149.21
05326;EER non démarré;05/06/2026;—;1000036481;421.93
05443;EER validé;05/06/2026;e8870942;1000036490;571.83
05443;EER validé;05/06/2026;040e8410;1000036491;860.79
06806;EER non démarré;05/06/2026;—;1000036500;282.13
06806;EER non démarré;05/06/2026;—;1000036501;483.87
08671;EER validé;05/06/2026;a49db1ed;1000036510;201.20
08671;EER validé;05/06/2026;5354e200;1000036511;257.50
08765;EER démarré;05/06/2026;181ef671;1000036520;728.00
08765;EER démarré;05/06/2026;4cab8d5b;1000036521;825.78
06744;EER non démarré;05/06/2026;—;1000036530;137.04
06744;EER non démarré;05/06/2026;—;1000036531;197.90
06744;EER non démarré;05/06/2026;—;1000036540;988.66
06744;EER non démarré;05/06/2026;—;1000036541;540.45
01209;EER non démarré;05/06/2026;—;1000036550;144.08
01209;EER non démarré;05/06/2026;—;1000036551;771.75
09238;EER non démarré;05/06/2026;—;1000036560;646.82
09238;EER non démarré;05/06/2026;—;1000036561;472.94
07530;EER non démarré;05/06/2026;—;1000036570;667.32
07530;EER non démarré;05/06/2026;—;1000036571;888.52
08580;EER validé;05/06/2026;4662d08c;1000036580;318.85
08580;EER validé;05/06/2026;9532f3b3;1000036581;758.11
06629;EER non démarré;05/06/2026;—;1000036590;794.54
06629;EER non démarré;05/06/2026;—;1000036591;947.99
00763;EER non démarré;05/06/2026;—;1000036600;143.38
00763;EER non démarré;05/06/2026;—;1000036601;455.43
05867;EER validé;05/06/2026;39ce6989;1000036610;977.62
05867;EER validé;05/06/2026;358b05c3;1000036611;641.00
06744;EER validé;05/06/2026;d20ad603;1000036620;631.63
06744;EER validé;05/06/2026;991fd2c8;1000036621;733.89
09238;EER non démarré;05/06/2026;—;1000036630;794.24
09238;EER non démarré;05/06/2026;—;1000036631;784.67
03610;EER validé;05/06/2026;18cde8aa;1000036640;663.67
03610;EER validé;05/06/2026;026e4de1;1000036641;574.85
06804;EER validé;05/06/2026;8872d713;1000036650;639.93
06804;EER validé;05/06/2026;dd241f5d;1000036651;586.20
03567;EER non démarré;05/06/2026;—;1000036660;588.32
03567;EER non démarré;05/06/2026;—;1000036661;672.50
06867;EER validé;05/06/2026;9b350b10;1000036670;826.36
06867;EER validé;05/06/2026;b79734f8;1000036671;721.80
07286;EER non démarré;05/06/2026;—;1000036680;409.13
07286;EER non démarré;05/06/2026;—;1000036681;487.90
06744;EER non démarré;05/06/2026;—;1000036690;201.67
06744;EER non démarré;05/06/2026;—;1000036691;992.10
08173;EER non démarré;05/06/2026;—;1000036700;352.99
08173;EER non démarré;05/06/2026;—;1000036701;962.01
05443;EER validé;05/06/2026;440a668e;1000036710;569.40
05443;EER validé;05/06/2026;eedf5285;1000036711;289.42
03260;EER non démarré;05/06/2026;—;1000036720;232.21
03260;EER non démarré;05/06/2026;—;1000036721;574.71
06744;EER validé;05/06/2026;78048731;1000036730;216.11
06744;EER validé;05/06/2026;4e22dc41;1000036731;379.15
07129;EER non démarré;05/06/2026;—;1000036740;648.51
07129;EER non démarré;05/06/2026;—;1000036741;850.98
00386;EER validé;05/06/2026;8036511d;1000036750;112.89
00386;EER validé;05/06/2026;6a6e0d79;1000036751;623.89
02897;EER non démarré;05/06/2026;—;1000036760;594.23
02897;EER non démarré;05/06/2026;—;1000036761;530.58
00386;EER validé;05/06/2026;027bb29e;1000036770;671.43
00386;EER validé;05/06/2026;9ba5225f;1000036771;642.50
09238;EER non démarré;05/06/2026;—;1000036780;722.74
09238;EER non démarré;05/06/2026;—;1000036781;239.01
06744;EER non démarré;05/06/2026;—;1000036790;168.80
06744;EER non démarré;05/06/2026;—;1000036791;532.51
03366;EER validé;05/06/2026;79f92558;1000036800;736.64
03366;EER validé;05/06/2026;206c5326;1000036801;183.81
04781;EER validé;05/06/2026;c4898a22;1000036810;697.09
04781;EER validé;05/06/2026;2926016b;1000036811;106.94
00386;EER validé;05/06/2026;8b1814c9;1000036820;632.66
00386;EER validé;05/06/2026;05fda849;1000036821;644.15
09238;EER à valider;05/06/2026;5baad0d3;1000036830;895.99
09238;EER à valider;05/06/2026;cc6503cd;1000036831;476.80
05575;EER non démarré;05/06/2026;—;1000036840;225.83
05575;EER non démarré;05/06/2026;—;1000036841;470.64
00697;EER validé;05/06/2026;1df6ea02;1000036850;111.24
00697;EER validé;05/06/2026;c010e695;1000036851;136.28
07386;EER validé;05/06/2026;a1134682;1000036860;240.01
07386;EER validé;05/06/2026;08e1bcdd;1000036861;738.20
01984;EER non démarré;05/06/2026;—;1000036870;770.82
01984;EER non démarré;05/06/2026;—;1000036871;730.77
07627;EER non démarré;05/06/2026;—;1000036880;551.36
07627;EER non démarré;05/06/2026;—;1000036881;939.21
09238;EER non démarré;05/06/2026;—;1000036890;188.11
09238;EER non démarré;05/06/2026;—;1000036891;542.68
05667;EER non démarré;05/06/2026;—;1000036900;170.02
05667;EER non démarré;05/06/2026;—;1000036901;339.67
05955;EER non démarré;05/06/2026;—;1000036910;727.78
05955;EER non démarré;05/06/2026;—;1000036911;539.89
04627;EER validé;05/06/2026;22457547;1000036920;356.17
04627;EER validé;05/06/2026;a89f873b;1000036921;542.88
08414;EER non démarré;05/06/2026;—;1000036930;421.48
08414;EER non démarré;05/06/2026;—;1000036931;405.05
09238;EER non démarré;05/06/2026;—;1000036940;807.40
09238;EER non démarré;05/06/2026;—;1000036941;916.70
04169;EER rejeté;05/06/2026;e0f3df95;1000036950;759.46
04169;EER rejeté;05/06/2026;b21f9eff;1000036951;316.08
04243;EER démarré;05/06/2026;24df0b35;1000036960;597.05
04243;EER démarré;05/06/2026;ef9a2f4b;1000036961;199.67
06472;EER non démarré;05/06/2026;—;1000036970;148.14
06472;EER non démarré;05/06/2026;—;1000036971;357.28
07715;EER démarré;05/06/2026;5c3491b5;1000036980;760.16
07715;EER démarré;05/06/2026;1a6504be;1000036981;810.67
09650;EER validé;05/06/2026;79ddde32;1000036990;409.49
09650;EER validé;05/06/2026;faf8a114;1000036991;966.44
07627;EER validé;05/06/2026;d5497e99;1000037000;855.02
07627;EER validé;05/06/2026;9d7b22f2;1000037001;694.20
08414;EER à rejeter;05/06/2026;a6a9156c;1000037010;812.39
08414;EER à rejeter;05/06/2026;6a7d58d8;1000037011;451.41
06008;EER non démarré;05/06/2026;—;1000037020;274.42
06008;EER non démarré;05/06/2026;—;1000037021;378.45
05651;EER validé;05/06/2026;47dacdcd;1000037030;641.81
05651;EER validé;05/06/2026;9b3d9d9e;1000037031;925.49
09634;EER non démarré;05/06/2026;—;1000037040;851.73
09634;EER non démarré;05/06/2026;—;1000037041;580.38
09110;EER non démarré;05/06/2026;—;1000037050;534.94
09110;EER non démarré;05/06/2026;—;1000037051;877.17
07386;EER non démarré;05/06/2026;—;1000037060;922.91
07386;EER non démarré;05/06/2026;—;1000037061;697.01
01192;EER validé;05/06/2026;d8de8831;1000037070;186.98
01192;EER validé;05/06/2026;6e376a13;1000037071;874.08
01650;EER validé;05/06/2026;6c24f69b;1000037080;835.92
01650;EER validé;05/06/2026;3082877c;1000037081;753.63
09238;EER validé;05/06/2026;cd20cc01;1000037090;920.30
09238;EER validé;05/06/2026;fd960e21;1000037091;921.21
06744;EER validé;05/06/2026;2b1bbe4b;1000037100;782.33
06744;EER validé;05/06/2026;ccbfaaac;1000037101;264.26
05408;EER validé;05/06/2026;13938e07;1000037110;322.98
05408;EER validé;05/06/2026;e739fd2c;1000037111;643.92
03940;EER non démarré;05/06/2026;—;1000037120;808.47
03940;EER non démarré;05/06/2026;—;1000037121;631.96
01192;EER non démarré;05/06/2026;—;1000037130;611.97
01192;EER non démarré;05/06/2026;—;1000037131;495.83
03153;EER non démarré;05/06/2026;—;1000037140;101.63
03153;EER non démarré;05/06/2026;—;1000037141;231.36
00368;EER non démarré;05/06/2026;—;1000037150;119.21
00368;EER non démarré;05/06/2026;—;1000037151;271.75
06744;EER validé;05/06/2026;dac63e4e;1000037160;580.74
06744;EER validé;05/06/2026;354e4ba3;1000037161;974.32
00685;EER démarré;05/06/2026;b666d37c;1000037170;503.48
00685;EER démarré;05/06/2026;4d4de004;1000037171;367.79
04955;EER non démarré;05/06/2026;—;1000037180;229.99
04955;EER non démarré;05/06/2026;—;1000037181;742.18
07286;EER validé;05/06/2026;1ee8d40e;1000037190;709.16
07286;EER validé;05/06/2026;0a171351;1000037191;774.03
05553;EER validé;05/06/2026;975cc772;1000037200;656.54
05553;EER validé;05/06/2026;adbbf4b4;1000037201;531.28
09514;EER validé;05/06/2026;a94b0cf9;1000037210;428.92
09514;EER validé;05/06/2026;5b4a8c2d;1000037211;589.57
05326;EER validé;05/06/2026;1e1a4480;1000037220;493.86
05326;EER validé;05/06/2026;de46dac9;1000037221;445.42
07386;EER rejeté;05/06/2026;f86a68c1;1000037230;435.01
07386;EER rejeté;05/06/2026;c67be23c;1000037231;250.11
07386;EER non démarré;05/06/2026;—;1000037240;604.61
07386;EER non démarré;05/06/2026;—;1000037241;409.51
07286;EER rejeté;05/06/2026;95024e01;1000037250;923.15
07286;EER rejeté;05/06/2026;7a897544;1000037251;882.82
08836;EER non démarré;05/06/2026;—;1000037260;878.85
08836;EER non démarré;05/06/2026;—;1000037261;363.29
05326;EER non démarré;05/06/2026;—;1000037270;928.37
05326;EER non démarré;05/06/2026;—;1000037271;741.70
09276;EER validé;05/06/2026;d9068c10;1000037280;186.00
09276;EER validé;05/06/2026;01612486;1000037281;794.36
04669;EER validé;05/06/2026;47d499fd;1000037290;118.10
04669;EER validé;05/06/2026;2cd09d60;1000037291;507.12
01079;EER validé;05/06/2026;70714da3;1000037300;216.12
01079;EER validé;05/06/2026;bf0d6216;1000037301;489.45
09238;EER non démarré;05/06/2026;—;1000037310;656.15
09238;EER non démarré;05/06/2026;—;1000037311;910.57
03940;EER rejeté;05/06/2026;fd56c6ae;1000037320;745.37
03940;EER rejeté;05/06/2026;80505baf;1000037321;338.49
06065;EER validé;05/06/2026;325679a9;1000037330;722.41
06065;EER validé;05/06/2026;d5440444;1000037331;193.06
07286;EER non démarré;05/06/2026;—;1000037340;936.98
07286;EER non démarré;05/06/2026;—;1000037341;574.85
08696;EER non démarré;05/06/2026;—;1000037350;210.25
08696;EER non démarré;05/06/2026;—;1000037351;351.59
08421;EER validé;05/06/2026;0c16c457;1000037360;738.10
08421;EER validé;05/06/2026;26096c1a;1000037361;371.75
07516;EER validé;05/06/2026;753d231e;1000037370;608.38
07516;EER validé;05/06/2026;706d094c;1000037371;262.88
09238;EER validé;04/06/2026;ced1da8d;1000037380;658.76
09238;EER validé;04/06/2026;f955a49f;1000037381;930.73
08492;EER non démarré;04/06/2026;—;1000037390;141.50
08492;EER non démarré;04/06/2026;—;1000037391;875.64
08421;EER validé;04/06/2026;70fa41e6;1000037400;106.69
08421;EER validé;04/06/2026;36aa5274;1000037401;301.28
07286;EER non démarré;04/06/2026;—;1000037410;508.06
07286;EER non démarré;04/06/2026;—;1000037411;771.66
08608;EER non démarré;04/06/2026;—;1000037420;562.18
08608;EER non démarré;04/06/2026;—;1000037421;691.77
06794;EER non démarré;04/06/2026;—;1000037430;924.71
06794;EER non démarré;04/06/2026;—;1000037431;260.05
04781;EER validé;04/06/2026;3786f65b;1000037440;615.83
04781;EER validé;04/06/2026;059233cf;1000037441;739.71
05326;EER validé;04/06/2026;0f8ff9f3;1000037450;111.17
05326;EER validé;04/06/2026;69260b66;1000037451;997.37
07472;EER non démarré;04/06/2026;—;1000037460;729.93
07472;EER non démarré;04/06/2026;—;1000037461;583.95
06236;EER non démarré;04/06/2026;—;1000037470;656.69
06236;EER non démarré;04/06/2026;—;1000037471;419.09
01588;EER validé;04/06/2026;d790c7a2;1000037480;585.96
01588;EER validé;04/06/2026;1c9745fd;1000037481;644.20
09073;EER validé;04/06/2026;e028b6ea;1000037490;497.45
09073;EER validé;04/06/2026;8a9dd949;1000037491;828.68
04946;EER démarré;04/06/2026;ac6e5463;1000037500;383.06
04946;EER démarré;04/06/2026;e16c9202;1000037501;460.98
09238;EER validé;04/06/2026;f8c988dd;1000037510;365.11
09238;EER validé;04/06/2026;eeac62b5;1000037511;167.46
05334;EER non démarré;04/06/2026;—;1000037520;173.93
05334;EER non démarré;04/06/2026;—;1000037521;193.65
07627;EER validé;04/06/2026;9a89c7a0;1000037530;669.91
07627;EER validé;04/06/2026;d4420a64;1000037531;478.38
02958;EER non démarré;04/06/2026;—;1000037540;234.46
02958;EER non démarré;04/06/2026;—;1000037541;670.10
00126;EER non démarré;04/06/2026;—;1000037550;422.16
00126;EER non démarré;04/06/2026;—;1000037551;660.56
07386;EER validé;04/06/2026;fccfc3a6;1000037560;937.04
07386;EER validé;04/06/2026;137c19c7;1000037561;971.95
01984;EER validé;04/06/2026;ccc93400;1000037570;220.77
01984;EER validé;04/06/2026;5d25835c;1000037571;151.02
03940;EER non démarré;04/06/2026;—;1000037580;438.23
03940;EER non démarré;04/06/2026;—;1000037581;111.44
09238;EER démarré;04/06/2026;5e3531be;1000037590;447.59
09238;EER démarré;04/06/2026;39f11dfb;1000037591;308.98
00579;EER validé;04/06/2026;8e66ecf8;1000037600;966.57
00579;EER validé;04/06/2026;724fc47f;1000037601;606.31
09663;EER démarré;04/06/2026;544a7471;1000037610;932.30
09663;EER démarré;04/06/2026;3b1faf11;1000037611;122.57
06184;EER validé;04/06/2026;9d7e7b04;1000037620;133.00
06184;EER validé;04/06/2026;4eb58dc1;1000037621;814.02
01709;EER validé;04/06/2026;05885afb;1000037630;194.29
01709;EER validé;04/06/2026;055fe50f;1000037631;482.10
07123;EER non démarré;04/06/2026;—;1000037640;218.52
07123;EER non démarré;04/06/2026;—;1000037641;384.42
01046;EER non démarré;04/06/2026;—;1000037650;145.84
01046;EER non démarré;04/06/2026;—;1000037651;354.94
05027;EER non démarré;04/06/2026;—;1000037660;766.15
05027;EER non démarré;04/06/2026;—;1000037661;242.93
00386;EER non démarré;04/06/2026;—;1000037670;859.48
00386;EER non démarré;04/06/2026;—;1000037671;468.29
05107;EER non démarré;04/06/2026;—;1000037680;687.32
05107;EER non démarré;04/06/2026;—;1000037681;576.94
06358;EER non démarré;04/06/2026;—;1000037690;600.29
06358;EER non démarré;04/06/2026;—;1000037691;616.36
02078;EER validé;04/06/2026;e04e6eae;1000037700;878.84
02078;EER validé;04/06/2026;3fe385c1;1000037701;421.12
02225;EER validé;04/06/2026;029edd30;1000037710;404.81
02225;EER validé;04/06/2026;ad03e73f;1000037711;870.45
07627;EER validé;04/06/2026;7c82d44f;1000037720;756.58
07627;EER validé;04/06/2026;d892c295;1000037721;693.10
02883;EER validé;04/06/2026;90245117;1000037730;667.15
02883;EER validé;04/06/2026;bd6c3eb5;1000037731;556.16
02230;EER démarré;04/06/2026;c3155263;1000037740;807.06
02230;EER démarré;04/06/2026;4a4dc42b;1000037741;893.95
03940;EER non démarré;04/06/2026;—;1000037750;838.01
03940;EER non démarré;04/06/2026;—;1000037751;848.26
09238;EER validé;04/06/2026;07faf982;1000037760;724.63
09238;EER validé;04/06/2026;b926547d;1000037761;394.49
08342;EER démarré;04/06/2026;81150a4a;1000037770;719.99
08342;EER démarré;04/06/2026;44d0b333;1000037771;276.26
07560;EER non démarré;04/06/2026;—;1000037780;602.31
07560;EER non démarré;04/06/2026;—;1000037781;159.04
05027;EER non démarré;04/06/2026;—;1000037790;920.60
05027;EER non démarré;04/06/2026;—;1000037791;163.19
02938;EER non démarré;04/06/2026;—;1000037800;203.83
02938;EER non démarré;04/06/2026;—;1000037801;229.13
09238;EER non démarré;04/06/2026;—;1000037810;625.79
09238;EER non démarré;04/06/2026;—;1000037811;219.72
00579;EER validé;04/06/2026;ff08eef1;1000037820;408.33
00579;EER validé;04/06/2026;c430e8af;1000037821;467.69
08608;EER non démarré;04/06/2026;—;1000037830;445.96
08608;EER non démarré;04/06/2026;—;1000037831;720.13
01420;EER validé;04/06/2026;b8e661c2;1000037840;409.28
01420;EER validé;04/06/2026;31b0cf5b;1000037841;404.00
00351;EER non démarré;04/06/2026;—;1000037850;609.48
00351;EER non démarré;04/06/2026;—;1000037851;682.32
02856;EER non démarré;04/06/2026;—;1000037860;643.22
02856;EER non démarré;04/06/2026;—;1000037861;998.96
01847;EER non démarré;04/06/2026;—;1000037870;287.87
01847;EER non démarré;04/06/2026;—;1000037871;481.20
09725;EER validé;04/06/2026;bb1e8162;1000037880;157.68
09725;EER validé;04/06/2026;52064086;1000037881;831.72
05018;EER non démarré;04/06/2026;—;1000037890;402.90
05018;EER non démarré;04/06/2026;—;1000037891;453.38
00610;EER non démarré;04/06/2026;—;1000037900;822.89
00610;EER non démarré;04/06/2026;—;1000037901;988.46
02938;EER non démarré;04/06/2026;—;1000037910;565.86
02938;EER non démarré;04/06/2026;—;1000037911;322.08
05651;EER non démarré;04/06/2026;—;1000037920;884.68
05651;EER non démarré;04/06/2026;—;1000037921;925.71
05443;EER non démarré;04/06/2026;—;1000037930;765.32
05443;EER non démarré;04/06/2026;—;1000037931;579.79
07125;EER démarré;04/06/2026;fc5b469d;1000037940;584.79
07125;EER démarré;04/06/2026;4458f023;1000037941;266.63
05285;EER non démarré;04/06/2026;—;1000037950;997.62
05285;EER non démarré;04/06/2026;—;1000037951;626.85
01625;EER non démarré;04/06/2026;—;1000037960;967.28
01625;EER non démarré;04/06/2026;—;1000037961;254.85
09663;EER validé;04/06/2026;8812dddc;1000037970;209.90
09663;EER validé;04/06/2026;5e29a9f3;1000037971;488.23
01984;EER non démarré;04/06/2026;—;1000037980;605.39
01984;EER non démarré;04/06/2026;—;1000037981;283.80
08001;EER non démarré;04/06/2026;—;1000037990;779.54
08001;EER non démarré;04/06/2026;—;1000037991;251.83
09071;EER validé;04/06/2026;c4c9c33e;1000038000;957.37
09071;EER validé;04/06/2026;1ba4a4a7;1000038001;989.06
06081;EER validé;04/06/2026;592915e3;1000038010;411.49
06081;EER validé;04/06/2026;6bcdbb84;1000038011;630.88
06620;EER non démarré;04/06/2026;—;1000038020;581.38
06620;EER non démarré;04/06/2026;—;1000038021;595.14
02899;EER non démarré;04/06/2026;—;1000038030;557.98
02899;EER non démarré;04/06/2026;—;1000038031;540.58
03940;EER non démarré;04/06/2026;—;1000038040;287.38
03940;EER non démarré;04/06/2026;—;1000038041;827.62
03940;EER validé;04/06/2026;b2866a59;1000038050;402.16
03940;EER validé;04/06/2026;1f33199f;1000038051;226.86
09238;EER non démarré;04/06/2026;—;1000038060;361.78
09238;EER non démarré;04/06/2026;—;1000038061;589.69
04650;EER non démarré;04/06/2026;—;1000038070;535.16
04650;EER non démarré;04/06/2026;—;1000038071;510.88
03940;EER non démarré;04/06/2026;—;1000038080;304.08
03940;EER non démarré;04/06/2026;—;1000038081;437.67
02811;EER démarré;04/06/2026;0266bf16;1000038090;787.11
02811;EER démarré;04/06/2026;9b912526;1000038091;234.70
08492;EER non démarré;04/06/2026;—;1000038100;156.36
08492;EER non démarré;04/06/2026;—;1000038101;379.43
02200;EER validé;04/06/2026;fd315f4e;1000038110;443.86
02200;EER validé;04/06/2026;771a14b8;1000038111;667.68
04994;EER validé;04/06/2026;b7d1ec76;1000038120;754.67
04994;EER validé;04/06/2026;f2243b9f;1000038121;428.80
06744;EER validé;04/06/2026;d2bcae79;1000038130;758.73
06744;EER validé;04/06/2026;670c8e79;1000038131;334.95
07927;EER démarré;04/06/2026;76acb01b;1000038140;348.24
07927;EER démarré;04/06/2026;0141cdff;1000038141;453.06
08236;EER non démarré;04/06/2026;—;1000038150;954.49
08236;EER non démarré;04/06/2026;—;1000038151;365.39
09238;EER démarré;04/06/2026;1ac4438d;1000038160;780.57
09238;EER démarré;04/06/2026;a10fd610;1000038161;395.42
09238;EER validé;04/06/2026;1d54e535;1000038170;177.20
09238;EER validé;04/06/2026;7a587af8;1000038171;664.49
04650;EER non démarré;04/06/2026;—;1000038180;200.12
04650;EER non démarré;04/06/2026;—;1000038181;702.24
06744;EER non démarré;04/06/2026;—;1000038190;310.13
06744;EER non démarré;04/06/2026;—;1000038191;574.62
05667;EER démarré;04/06/2026;81af42db;1000038200;184.87
05667;EER démarré;04/06/2026;50682dfc;1000038201;115.13
09238;EER validé;04/06/2026;2bece846;1000038210;817.04
09238;EER validé;04/06/2026;6c2c6d5f;1000038211;645.98
03418;EER validé;04/06/2026;9fe269a4;1000038220;140.92
03418;EER validé;04/06/2026;8fd41352;1000038221;452.61
06804;EER non démarré;04/06/2026;—;1000038230;670.93
06804;EER non démarré;04/06/2026;—;1000038231;752.73
07619;EER non démarré;04/06/2026;—;1000038240;131.14
07619;EER non démarré;04/06/2026;—;1000038241;698.45
08671;EER validé;04/06/2026;581c5e07;1000038250;559.48
08671;EER validé;04/06/2026;008bef43;1000038251;976.00
07268;EER non démarré;04/06/2026;—;1000038260;490.08
07268;EER non démarré;04/06/2026;—;1000038261;560.35
03900;EER validé;04/06/2026;ece3738d;1000038270;234.63
03900;EER validé;04/06/2026;8fd2e806;1000038271;420.73
00697;EER non démarré;04/06/2026;—;1000038280;323.09
00697;EER non démarré;04/06/2026;—;1000038281;629.95
03343;EER non démarré;04/06/2026;—;1000038290;997.25
03343;EER non démarré;04/06/2026;—;1000038291;940.39
08404;EER non démarré;04/06/2026;—;1000038300;345.01
08404;EER non démarré;04/06/2026;—;1000038301;266.63
01521;EER validé;04/06/2026;17ace58f;1000038310;138.45
01521;EER validé;04/06/2026;fcceaf7c;1000038311;706.13
06744;EER validé;04/06/2026;cee660f6;1000038320;632.81
06744;EER validé;04/06/2026;666a1455;1000038321;467.74
07516;EER non démarré;04/06/2026;—;1000038330;398.48
07516;EER non démarré;04/06/2026;—;1000038331;683.70
01811;EER validé;04/06/2026;310ff23c;1000038340;736.43
01811;EER validé;04/06/2026;05059039;1000038341;448.00
05027;EER non démarré;04/06/2026;—;1000038350;748.74
05027;EER non démarré;04/06/2026;—;1000038351;556.44
04110;EER non démarré;04/06/2026;—;1000038360;546.24
04110;EER non démarré;04/06/2026;—;1000038361;579.52
09238;EER non démarré;04/06/2026;—;1000038370;481.43
09238;EER non démarré;04/06/2026;—;1000038371;159.09
09514;EER non démarré;04/06/2026;—;1000038380;150.26
09514;EER non démarré;04/06/2026;—;1000038381;120.97
04749;EER non démarré;04/06/2026;—;1000038390;503.61
04749;EER non démarré;04/06/2026;—;1000038391;886.10
00936;EER validé;04/06/2026;3b30a8bf;1000038400;457.34
00936;EER validé;04/06/2026;017f9e57;1000038401;474.92
08163;EER validé;04/06/2026;a1e54bbd;1000038410;792.57
08163;EER validé;04/06/2026;26ce9a9a;1000038411;520.30
08367;EER validé;04/06/2026;68c1b397;1000038420;133.28
08367;EER validé;04/06/2026;4c6c783c;1000038421;905.12
05285;EER non démarré;04/06/2026;—;1000038430;660.65
05285;EER non démarré;04/06/2026;—;1000038431;581.86
09238;EER non démarré;04/06/2026;—;1000038440;748.34
09238;EER non démarré;04/06/2026;—;1000038441;131.72
07993;EER non démarré;04/06/2026;—;1000038450;940.46
07993;EER non démarré;04/06/2026;—;1000038451;847.78
03900;EER validé;04/06/2026;f07420f9;1000038460;645.48
03900;EER validé;04/06/2026;97af0bf7;1000038461;959.69
05027;EER non démarré;04/06/2026;—;1000038470;709.01
05027;EER non démarré;04/06/2026;—;1000038471;232.21
08533;EER non démarré;04/06/2026;—;1000038480;988.28
08533;EER non démarré;04/06/2026;—;1000038481;324.96
05443;EER non démarré;04/06/2026;—;1000038490;497.99
05443;EER non démarré;04/06/2026;—;1000038491;554.28
00118;EER validé;04/06/2026;dfb35348;1000038500;826.93
00118;EER validé;04/06/2026;b6313fd8;1000038501;180.51
08048;EER validé;04/06/2026;6e4a4497;1000038510;723.26
08048;EER validé;04/06/2026;a45c4f21;1000038511;333.02
08823;EER démarré;04/06/2026;ab4b15d0;1000038520;405.77
08823;EER démarré;04/06/2026;977fd122;1000038521;676.93
09238;EER non démarré;04/06/2026;—;1000038530;536.83
09238;EER non démarré;04/06/2026;—;1000038531;270.66
02902;EER validé;04/06/2026;2a6d20be;1000038540;654.41
02902;EER validé;04/06/2026;3e4af775;1000038541;365.33
09238;EER non démarré;04/06/2026;—;1000038550;776.91
09238;EER non démarré;04/06/2026;—;1000038551;661.88
00368;EER non démarré;04/06/2026;—;1000038560;363.13
00368;EER non démarré;04/06/2026;—;1000038561;775.64
03940;EER non démarré;04/06/2026;—;1000038570;675.50
03940;EER non démarré;04/06/2026;—;1000038571;485.45
07286;EER non démarré;04/06/2026;—;1000038580;309.03
07286;EER non démarré;04/06/2026;—;1000038581;423.68
00818;EER validé;04/06/2026;e410ee2a;1000038590;786.10
00818;EER validé;04/06/2026;b2b7b524;1000038591;929.05
04723;EER non démarré;04/06/2026;—;1000038600;460.16
04723;EER non démarré;04/06/2026;—;1000038601;333.42
06178;EER non démarré;04/06/2026;—;1000038610;117.61
06178;EER non démarré;04/06/2026;—;1000038611;461.28
07937;EER non démarré;04/06/2026;—;1000038620;389.22
07937;EER non démarré;04/06/2026;—;1000038621;905.03
07472;EER non démarré;04/06/2026;—;1000038630;558.74
07472;EER non démarré;04/06/2026;—;1000038631;292.39
00579;EER validé;04/06/2026;015caa36;1000038640;621.71
00579;EER validé;04/06/2026;0de87d5d;1000038641;933.41
02328;EER validé;04/06/2026;1b19e017;1000038650;521.27
02328;EER validé;04/06/2026;40672827;1000038651;380.99
04406;EER validé;04/06/2026;287fc7e6;1000038660;844.40
04406;EER validé;04/06/2026;454fa4b5;1000038661;320.62
07686;EER non démarré;04/06/2026;—;1000038670;160.76
07686;EER non démarré;04/06/2026;—;1000038671;367.05
09238;EER non démarré;04/06/2026;—;1000038680;986.50
09238;EER non démarré;04/06/2026;—;1000038681;656.19
07516;EER validé;04/06/2026;d3c1a504;1000038690;952.19
07516;EER validé;04/06/2026;7b731d19;1000038691;279.54
09238;EER non démarré;04/06/2026;—;1000038700;762.88
09238;EER non démarré;04/06/2026;—;1000038701;616.51
06744;EER non démarré;04/06/2026;—;1000038710;168.00
06744;EER non démarré;04/06/2026;—;1000038711;443.78
09141;EER validé;04/06/2026;e049b9bc;1000038720;353.22
09141;EER validé;04/06/2026;a079c758;1000038721;708.94
05107;EER validé;04/06/2026;cc0dd824;1000038730;674.09
05107;EER validé;04/06/2026;1f6ebfe7;1000038731;458.21
02200;EER validé;04/06/2026;7cbbd072;1000038740;808.09
02200;EER validé;04/06/2026;b96bd491;1000038741;538.02
00368;EER non démarré;04/06/2026;—;1000038750;361.24
00368;EER non démarré;04/06/2026;—;1000038751;158.09
09238;EER non démarré;04/06/2026;—;1000038760;119.86
09238;EER non démarré;04/06/2026;—;1000038761;891.53
05326;EER non démarré;04/06/2026;—;1000038770;814.89
05326;EER non démarré;04/06/2026;—;1000038771;861.26
01603;EER validé;04/06/2026;ceec3eae;1000038780;964.45
01603;EER validé;04/06/2026;0df63560;1000038781;642.61
00337;EER validé;04/06/2026;abe86baf;1000038790;439.49
00337;EER validé;04/06/2026;f741f0de;1000038791;589.40
07283;EER non démarré;04/06/2026;—;1000038800;195.38
07283;EER non démarré;04/06/2026;—;1000038801;883.47
09110;EER validé;04/06/2026;d0ee4d34;1000038810;158.07
09110;EER validé;04/06/2026;cf808e78;1000038811;111.78
03609;EER démarré;04/06/2026;e2e155a6;1000038820;352.75
03609;EER démarré;04/06/2026;d228aec0;1000038821;347.07
09238;EER non démarré;04/06/2026;—;1000038830;901.94
09238;EER non démarré;04/06/2026;—;1000038831;867.66
00872;EER démarré;04/06/2026;9960e6d4;1000038840;273.65
00872;EER démarré;04/06/2026;55981d47;1000038841;541.07
06490;EER démarré;04/06/2026;3e773705;1000038850;843.63
06490;EER démarré;04/06/2026;e4e1939c;1000038851;493.25
05022;EER validé;04/06/2026;58004bed;1000038860;282.68
05022;EER validé;04/06/2026;4764e129;1000038861;420.36
09549;EER validé;04/06/2026;1b7e7893;1000038870;431.84
09549;EER validé;04/06/2026;e2b9e2c1;1000038871;748.51
00570;EER démarré;04/06/2026;37a8ec9a;1000038880;319.94
00570;EER démarré;04/06/2026;f035b6b9;1000038881;944.79
01427;EER validé;04/06/2026;96d33f6c;1000038890;708.68
01427;EER validé;04/06/2026;64f49dab;1000038891;518.63
03924;EER validé;04/06/2026;8758e1f1;1000038900;907.44
03924;EER validé;04/06/2026;26f5cbcb;1000038901;564.65
08653;EER validé;04/06/2026;40c35df6;1000038910;309.42
08653;EER validé;04/06/2026;bb952420;1000038911;814.11
06804;EER validé;04/06/2026;25abf6c8;1000038920;638.96
06804;EER validé;04/06/2026;3bf29f19;1000038921;413.96
06449;EER validé;04/06/2026;26187a8a;1000038930;452.48
06449;EER validé;04/06/2026;3804bb31;1000038931;600.09
06744;EER non démarré;04/06/2026;—;1000038940;740.86
06744;EER non démarré;04/06/2026;—;1000038941;802.38
07386;EER validé;03/06/2026;14aaad8d;1000038950;513.94
07386;EER validé;03/06/2026;39e748a9;1000038951;723.03
03696;EER non démarré;03/06/2026;—;1000038960;905.97
03696;EER non démarré;03/06/2026;—;1000038961;994.54
06744;EER démarré;03/06/2026;6e71a558;1000038970;823.02
06744;EER démarré;03/06/2026;94468517;1000038971;684.11
05326;EER validé;03/06/2026;4dac3662;1000038980;716.19
05326;EER validé;03/06/2026;5f7a5d2f;1000038981;250.91
07158;EER validé;03/06/2026;06b6af84;1000038990;274.27
07158;EER validé;03/06/2026;838162d6;1000038991;170.81
01674;EER non démarré;03/06/2026;—;1000039000;805.28
01674;EER non démarré;03/06/2026;—;1000039001;834.65
05675;EER validé;03/06/2026;8f124782;1000039010;907.77
05675;EER validé;03/06/2026;1b99d447;1000039011;698.13
05769;EER validé;03/06/2026;bf813ae0;1000039020;667.37
05769;EER validé;03/06/2026;33d786d3;1000039021;802.91
09238;EER non démarré;03/06/2026;—;1000039030;274.86
09238;EER non démarré;03/06/2026;—;1000039031;279.60
08421;EER validé;03/06/2026;ae2ce70e;1000039040;663.52
08421;EER validé;03/06/2026;26875aa3;1000039041;359.79
07386;EER non démarré;03/06/2026;—;1000039050;284.13
07386;EER non démarré;03/06/2026;—;1000039051;237.75
06744;EER non démarré;03/06/2026;—;1000039060;989.89
06744;EER non démarré;03/06/2026;—;1000039061;501.32
03002;EER validé;03/06/2026;d939ef4c;1000039070;128.09
03002;EER validé;03/06/2026;08b28286;1000039071;304.46
00368;EER non démarré;03/06/2026;—;1000039080;360.04
00368;EER non démarré;03/06/2026;—;1000039081;676.73
02200;EER validé;03/06/2026;5986e118;1000039090;673.98
02200;EER validé;03/06/2026;36462f70;1000039091;644.56
05027;EER validé;03/06/2026;c41b096f;1000039100;650.25
05027;EER validé;03/06/2026;0f8a2d92;1000039101;639.38
06926;EER validé;03/06/2026;429efc00;1000039110;362.14
06926;EER validé;03/06/2026;e4763c6f;1000039111;732.75
07386;EER non démarré;03/06/2026;—;1000039120;141.72
07386;EER non démarré;03/06/2026;—;1000039121;326.55
06332;EER non démarré;03/06/2026;—;1000039130;972.80
06332;EER non démarré;03/06/2026;—;1000039131;794.84
06641;EER non démarré;03/06/2026;—;1000039140;979.16
06641;EER non démarré;03/06/2026;—;1000039141;501.72
03915;EER validé;03/06/2026;0c26c272;1000039150;743.07
03915;EER validé;03/06/2026;88c94fd0;1000039151;518.09
04868;EER validé;03/06/2026;7e68b1b2;1000039160;473.28
04868;EER validé;03/06/2026;a3cd5551;1000039161;602.99
06419;EER non démarré;03/06/2026;—;1000039170;336.55
06419;EER non démarré;03/06/2026;—;1000039171;880.35
02652;EER validé;03/06/2026;68e6d46d;1000039180;516.16
02652;EER validé;03/06/2026;c788564c;1000039181;108.87
08579;EER non démarré;03/06/2026;—;1000039190;624.02
08579;EER non démarré;03/06/2026;—;1000039191;400.80
01650;EER non démarré;03/06/2026;—;1000039200;840.46
01650;EER non démarré;03/06/2026;—;1000039201;872.91
09679;EER validé;03/06/2026;f15d1ee6;1000039210;824.76
09679;EER validé;03/06/2026;7726fbaa;1000039211;265.72
09451;EER non démarré;03/06/2026;—;1000039220;606.74
09451;EER non démarré;03/06/2026;—;1000039221;307.99
07286;EER non démarré;03/06/2026;—;1000039230;121.00
07286;EER non démarré;03/06/2026;—;1000039231;267.72
07386;EER non démarré;03/06/2026;—;1000039240;245.86
07386;EER non démarré;03/06/2026;—;1000039241;635.27
09238;EER non démarré;03/06/2026;—;1000039250;722.02
09238;EER non démarré;03/06/2026;—;1000039251;385.24
07386;EER non démarré;03/06/2026;—;1000039260;973.25
07386;EER non démarré;03/06/2026;—;1000039261;688.75
06744;EER non démarré;03/06/2026;—;1000039270;603.67
06744;EER non démarré;03/06/2026;—;1000039271;819.73
02330;EER non démarré;03/06/2026;—;1000039280;944.55
02330;EER non démarré;03/06/2026;—;1000039281;813.85
04250;EER validé;03/06/2026;a4abecec;1000039290;901.35
04250;EER validé;03/06/2026;b84c8348;1000039291;214.66
07627;EER non démarré;03/06/2026;—;1000039300;869.26
07627;EER non démarré;03/06/2026;—;1000039301;702.97
05726;EER non démarré;03/06/2026;—;1000039310;972.54
05726;EER non démarré;03/06/2026;—;1000039311;923.00
09238;EER validé;03/06/2026;ebf5d267;1000039320;469.33
09238;EER validé;03/06/2026;c5383864;1000039321;654.49
09238;EER validé;03/06/2026;57ac25e1;1000039330;469.11
09238;EER validé;03/06/2026;01040e60;1000039331;347.71
06744;EER validé;03/06/2026;e4103471;1000039340;490.00
06744;EER validé;03/06/2026;b7d52fa4;1000039341;171.97
07656;EER non démarré;03/06/2026;—;1000039350;932.11
07656;EER non démarré;03/06/2026;—;1000039351;896.95
03900;EER rejeté;03/06/2026;6d8da8bd;1000039360;649.84
03900;EER rejeté;03/06/2026;ccd55385;1000039361;501.42
07286;EER non démarré;03/06/2026;—;1000039370;309.59
07286;EER non démarré;03/06/2026;—;1000039371;480.23
04169;EER validé;03/06/2026;c9ca67f2;1000039380;481.35
04169;EER validé;03/06/2026;61587dae;1000039381;879.06
08904;EER validé;03/06/2026;c729a27e;1000039390;796.95
08904;EER validé;03/06/2026;c69d957c;1000039391;899.61
05675;EER non démarré;03/06/2026;—;1000039400;823.02
05675;EER non démarré;03/06/2026;—;1000039401;944.79
03900;EER validé;03/06/2026;c4e51c09;1000039410;761.45
03900;EER validé;03/06/2026;c5c695af;1000039411;351.08
07627;EER rejeté;03/06/2026;0369c071;1000039420;441.27
07627;EER rejeté;03/06/2026;7734da05;1000039421;833.82
05027;EER démarré;03/06/2026;88aebd96;1000039430;607.56
05027;EER démarré;03/06/2026;591c2e01;1000039431;618.79
09238;EER démarré;03/06/2026;24ccba33;1000039440;693.95
09238;EER démarré;03/06/2026;aaee2e94;1000039441;468.40
02516;EER validé;03/06/2026;237141f3;1000039450;738.89
02516;EER validé;03/06/2026;c49e0c59;1000039451;906.79
07386;EER à rejeter;03/06/2026;5214af5a;1000039460;244.86
07386;EER à rejeter;03/06/2026;6911f19a;1000039461;704.66
04626;EER démarré;03/06/2026;09c90bb6;1000039470;333.06
04626;EER démarré;03/06/2026;20476596;1000039471;864.34
07901;EER validé;03/06/2026;2c6b8109;1000039480;147.77
07901;EER validé;03/06/2026;1225e806;1000039481;387.76
04179;EER non démarré;03/06/2026;—;1000039490;545.26
04179;EER non démarré;03/06/2026;—;1000039491;299.31
02230;EER validé;03/06/2026;36b06b71;1000039500;402.19
02230;EER validé;03/06/2026;e16f9cb9;1000039501;464.85
08439;EER validé;03/06/2026;0aa28724;1000039510;550.00
08439;EER validé;03/06/2026;af01fe18;1000039511;649.47
05682;EER démarré;03/06/2026;6f8135a5;1000039520;157.78
05682;EER démarré;03/06/2026;0a20fde5;1000039521;232.89
01602;EER non démarré;03/06/2026;—;1000039530;796.48
01602;EER non démarré;03/06/2026;—;1000039531;657.60
04650;EER validé;03/06/2026;12d4a0b9;1000039540;417.45
04650;EER validé;03/06/2026;4d3f1a17;1000039541;103.22
00685;EER validé;03/06/2026;f33b65e1;1000039550;574.13
00685;EER validé;03/06/2026;54a09d90;1000039551;473.49
09238;EER validé;03/06/2026;5d8a98cd;1000039560;373.79
09238;EER validé;03/06/2026;e5ebde30;1000039561;962.22
08414;EER non démarré;03/06/2026;—;1000039570;299.69
08414;EER non démarré;03/06/2026;—;1000039571;975.55
01546;EER non démarré;03/06/2026;—;1000039580;650.98
01546;EER non démarré;03/06/2026;—;1000039581;537.37
06744;EER non démarré;03/06/2026;—;1000039590;138.40
06744;EER non démarré;03/06/2026;—;1000039591;643.00
09141;EER validé;03/06/2026;2846c8b2;1000039600;426.22
09141;EER validé;03/06/2026;e19946ad;1000039601;758.46
00368;EER non démarré;03/06/2026;—;1000039610;719.50
00368;EER non démarré;03/06/2026;—;1000039611;837.17
02209;EER validé;03/06/2026;95c7214c;1000039620;918.93
02209;EER validé;03/06/2026;6da052ad;1000039621;363.55
00276;EER non démarré;03/06/2026;—;1000039630;212.44
00276;EER non démarré;03/06/2026;—;1000039631;816.86
07454;EER validé;03/06/2026;51e328c3;1000039640;390.07
07454;EER validé;03/06/2026;68d4b4e7;1000039641;170.17
07268;EER non démarré;03/06/2026;—;1000039650;453.71
07268;EER non démarré;03/06/2026;—;1000039651;848.32
05867;EER non démarré;03/06/2026;—;1000039660;168.76
05867;EER non démarré;03/06/2026;—;1000039661;422.49
04541;EER non démarré;03/06/2026;—;1000039670;175.02
04541;EER non démarré;03/06/2026;—;1000039671;204.96
07961;EER non démarré;03/06/2026;—;1000039680;758.90
07961;EER non démarré;03/06/2026;—;1000039681;171.45
09483;EER non démarré;03/06/2026;—;1000039690;491.12
09483;EER non démarré;03/06/2026;—;1000039691;759.73
07123;EER validé;03/06/2026;4350a608;1000039700;580.46
07123;EER validé;03/06/2026;65fae88f;1000039701;136.94
03364;EER validé;03/06/2026;cd5a004b;1000039710;516.92
03364;EER validé;03/06/2026;972839cb;1000039711;716.68
07286;EER validé;03/06/2026;fdce8ed4;1000039720;516.33
07286;EER validé;03/06/2026;4072a0b6;1000039721;742.86
07158;EER validé;03/06/2026;4fdd741e;1000039730;880.47
07158;EER validé;03/06/2026;209383fa;1000039731;165.46
03940;EER non démarré;03/06/2026;—;1000039740;527.55
03940;EER non démarré;03/06/2026;—;1000039741;774.44
05538;EER rejeté;03/06/2026;6c70b7c2;1000039750;935.31
05538;EER rejeté;03/06/2026;96d0f046;1000039751;813.71
07064;EER non démarré;03/06/2026;—;1000039760;197.83
07064;EER non démarré;03/06/2026;—;1000039761;195.17
08495;EER non démarré;03/06/2026;—;1000039770;885.42
08495;EER non démarré;03/06/2026;—;1000039771;757.16
03205;EER démarré;03/06/2026;285946b3;1000039780;921.20
03205;EER démarré;03/06/2026;f3fad9a0;1000039781;742.36
03526;EER démarré;03/06/2026;0bd28649;1000039790;184.57
03526;EER démarré;03/06/2026;a3ffb8d4;1000039791;581.28
07353;EER validé;03/06/2026;9bf574cc;1000039800;901.73
07353;EER validé;03/06/2026;df1ed9e6;1000039801;471.24
03366;EER non démarré;03/06/2026;—;1000039810;415.51
03366;EER non démarré;03/06/2026;—;1000039811;154.06
09110;EER non démarré;03/06/2026;—;1000039820;339.49
09110;EER non démarré;03/06/2026;—;1000039821;350.01
02856;EER non démarré;03/06/2026;—;1000039830;712.03
02856;EER non démarré;03/06/2026;—;1000039831;416.60
08421;EER non démarré;03/06/2026;—;1000039840;889.20
08421;EER non démarré;03/06/2026;—;1000039841;713.30
08896;EER non démarré;03/06/2026;—;1000039850;545.83
08896;EER non démarré;03/06/2026;—;1000039851;194.09
09238;EER validé;03/06/2026;889143fb;1000039860;341.21
09238;EER validé;03/06/2026;35482bd7;1000039861;370.85
09238;EER validé;03/06/2026;8583ce81;1000039870;727.44
09238;EER validé;03/06/2026;e099e27b;1000039871;225.09
08608;EER non démarré;03/06/2026;—;1000039880;497.55
08608;EER non démarré;03/06/2026;—;1000039881;699.46
07251;EER non démarré;03/06/2026;—;1000039890;313.09
07251;EER non démarré;03/06/2026;—;1000039891;154.76
03567;EER non démarré;03/06/2026;—;1000039900;776.61
03567;EER non démarré;03/06/2026;—;1000039901;604.82
09071;EER validé;03/06/2026;5b8bb338;1000039910;452.47
09071;EER validé;03/06/2026;66b52de1;1000039911;249.43
09238;EER non démarré;03/06/2026;—;1000039920;764.49
09238;EER non démarré;03/06/2026;—;1000039921;614.38
07972;EER non démarré;03/06/2026;—;1000039930;955.35
07972;EER non démarré;03/06/2026;—;1000039931;745.84
09238;EER validé;03/06/2026;731ebf5a;1000039940;711.02
09238;EER validé;03/06/2026;e6e8211e;1000039941;241.40
07353;EER non démarré;03/06/2026;—;1000039950;554.96
07353;EER non démarré;03/06/2026;—;1000039951;435.14
08630;EER validé;03/06/2026;17aa2ba4;1000039960;762.11
08630;EER validé;03/06/2026;e6d72d5b;1000039961;764.91
05522;EER validé;03/06/2026;068ef60b;1000039970;574.49
05522;EER validé;03/06/2026;0c3a60a7;1000039971;350.46
02292;EER non démarré;03/06/2026;—;1000039980;397.92
02292;EER non démarré;03/06/2026;—;1000039981;182.48
02496;EER non démarré;03/06/2026;—;1000039990;510.73
02496;EER non démarré;03/06/2026;—;1000039991;435.88
07738;EER validé;03/06/2026;f01df400;1000040000;369.32
07738;EER validé;03/06/2026;57bb710f;1000040001;981.78
09238;EER non démarré;03/06/2026;—;1000040010;387.07
09238;EER non démarré;03/06/2026;—;1000040011;652.35
03205;EER validé;03/06/2026;bea82154;1000040020;384.18
03205;EER validé;03/06/2026;2774c2e7;1000040021;934.78
02530;EER rejeté;03/06/2026;381dd9ea;1000040030;487.78
02530;EER rejeté;03/06/2026;9b7a0a1b;1000040031;994.74
09276;EER non démarré;03/06/2026;—;1000040040;978.94
09276;EER non démarré;03/06/2026;—;1000040041;447.74
00179;EER validé;03/06/2026;41f762cf;1000040050;399.45
00179;EER validé;03/06/2026;c98350b1;1000040051;601.64
09238;EER rejeté;03/06/2026;5b5ddba8;1000040060;445.04
09238;EER rejeté;03/06/2026;90dcdefa;1000040061;800.89
02507;EER non démarré;03/06/2026;—;1000040070;878.08
02507;EER non démarré;03/06/2026;—;1000040071;869.85
09238;EER validé;03/06/2026;a4caf6ac;1000040080;843.34
09238;EER validé;03/06/2026;cac051a9;1000040081;962.60
05090;EER validé;03/06/2026;7104f532;1000040090;142.00
05090;EER validé;03/06/2026;b0e7998f;1000040091;235.58
07268;EER non démarré;03/06/2026;—;1000040100;904.48
07268;EER non démarré;03/06/2026;—;1000040101;107.09
02200;EER à rejeter;03/06/2026;5872327b;1000040110;925.18
02200;EER à rejeter;03/06/2026;f028c287;1000040111;318.48
00168;EER validé;03/06/2026;5aea5bc1;1000040120;666.04
00168;EER validé;03/06/2026;16d91823;1000040121;793.37
00368;EER validé;03/06/2026;bc525479;1000040130;131.81
00368;EER validé;03/06/2026;0b335497;1000040131;604.29
09282;EER non démarré;03/06/2026;—;1000040140;145.80
09282;EER non démarré;03/06/2026;—;1000040141;592.94
02200;EER validé;03/06/2026;ffd9b882;1000040150;266.98
02200;EER validé;03/06/2026;8b94f1db;1000040151;319.48
09442;EER démarré;03/06/2026;e8462074;1000040160;305.11
09442;EER démarré;03/06/2026;c6e5157f;1000040161;459.89
08448;EER non démarré;03/06/2026;—;1000040170;151.88
08448;EER non démarré;03/06/2026;—;1000040171;832.67
00126;EER démarré;03/06/2026;72c32891;1000040180;883.20
00126;EER démarré;03/06/2026;dd373979;1000040181;289.92
02200;EER validé;03/06/2026;31a63035;1000040190;461.68
02200;EER validé;03/06/2026;401a9940;1000040191;128.67
07293;EER validé;03/06/2026;bd1df041;1000040200;305.71
07293;EER validé;03/06/2026;d2edeee0;1000040201;932.78
09514;EER démarré;03/06/2026;cafb1f4a;1000040210;875.05
09514;EER démarré;03/06/2026;55ea256f;1000040211;791.12
05954;EER validé;03/06/2026;5cdd6028;1000040220;263.31
05954;EER validé;03/06/2026;8a2ad232;1000040221;214.34
06744;EER validé;03/06/2026;f6ec294e;1000040230;206.23
06744;EER validé;03/06/2026;51156091;1000040231;317.48
09238;EER démarré;03/06/2026;df9892e4;1000040240;546.58
09238;EER démarré;03/06/2026;7d8c8026;1000040241;917.30
05326;EER non démarré;03/06/2026;—;1000040250;280.36
05326;EER non démarré;03/06/2026;—;1000040251;281.60
07062;EER non démarré;03/06/2026;—;1000040260;469.81
07062;EER non démarré;03/06/2026;—;1000040261;376.86
03674;EER non démarré;03/06/2026;—;1000040270;549.87
03674;EER non démarré;03/06/2026;—;1000040271;803.41
02675;EER non démarré;03/06/2026;—;1000040280;184.06
02675;EER non démarré;03/06/2026;—;1000040281;374.02
09238;EER démarré;03/06/2026;bd63b4a3;1000040290;285.44
09238;EER démarré;03/06/2026;3c0181bb;1000040291;995.34
03437;EER non démarré;03/06/2026;—;1000040300;689.38
03437;EER non démarré;03/06/2026;—;1000040301;184.44
08826;EER non démarré;03/06/2026;—;1000040310;997.98
08826;EER non démarré;03/06/2026;—;1000040311;526.51
06270;EER non démarré;03/06/2026;—;1000040320;255.19
06270;EER non démarré;03/06/2026;—;1000040321;253.32
03940;EER non démarré;03/06/2026;—;1000040330;832.41
03940;EER non démarré;03/06/2026;—;1000040331;272.33
09238;EER non démarré;03/06/2026;—;1000040340;398.63
09238;EER non démarré;03/06/2026;—;1000040341;736.93
09238;EER validé;03/06/2026;244457c0;1000040350;515.18
09238;EER validé;03/06/2026;fcbc84fb;1000040351;433.41
04890;EER démarré;03/06/2026;3a8473be;1000040360;145.49
04890;EER démarré;03/06/2026;ff90911b;1000040361;594.52
02958;EER non démarré;03/06/2026;—;1000040370;297.02
02958;EER non démarré;03/06/2026;—;1000040371;436.78
01962;EER validé;03/06/2026;898d9572;1000040380;919.16
01962;EER validé;03/06/2026;294dd024;1000040381;391.44
05867;EER non démarré;03/06/2026;—;1000040390;258.87
05867;EER non démarré;03/06/2026;—;1000040391;424.83
07362;EER non démarré;03/06/2026;—;1000040400;639.47
07362;EER non démarré;03/06/2026;—;1000040401;324.96
09238;EER non démarré;03/06/2026;—;1000040410;196.50
09238;EER non démarré;03/06/2026;—;1000040411;743.10
04566;EER non démarré;03/06/2026;—;1000040420;427.68
04566;EER non démarré;03/06/2026;—;1000040421;254.35
07386;EER validé;03/06/2026;5e49eead;1000040430;813.31
07386;EER validé;03/06/2026;c380420f;1000040431;488.37
01427;EER démarré;03/06/2026;27bbcdaf;1000040440;462.36
01427;EER démarré;03/06/2026;6ccdde7a;1000040441;469.94
00709;EER non démarré;03/06/2026;—;1000040450;711.87
00709;EER non démarré;03/06/2026;—;1000040451;427.08
07249;EER à rejeter;03/06/2026;550180f9;1000040460;477.69
07249;EER à rejeter;03/06/2026;f9b5a268;1000040461;699.44
07386;EER validé;03/06/2026;1ac9b96d;1000040470;150.60
07386;EER validé;03/06/2026;59f88955;1000040471;607.84
00386;EER non démarré;03/06/2026;—;1000040480;660.14
00386;EER non démarré;03/06/2026;—;1000040481;601.21
09276;EER rejeté;03/06/2026;f1a98e96;1000040490;142.94
09276;EER rejeté;03/06/2026;36112ccc;1000040491;710.47
09238;EER non démarré;03/06/2026;—;1000040500;534.62
09238;EER non démarré;03/06/2026;—;1000040501;902.03
09238;EER validé;03/06/2026;edf2a245;1000040510;556.40
09238;EER validé;03/06/2026;16981203;1000040511;290.12
07125;EER validé;03/06/2026;6fd4d842;1000040520;905.01
07125;EER validé;03/06/2026;eb1d9cc2;1000040521;326.77
05021;EER validé;03/06/2026;707ad9cf;1000040530;900.29
05021;EER validé;03/06/2026;a9c6aa41;1000040531;960.08
04786;EER non démarré;03/06/2026;—;1000040540;433.75
04786;EER non démarré;03/06/2026;—;1000040541;681.28
07408;EER non démarré;03/06/2026;—;1000040550;669.62
07408;EER non démarré;03/06/2026;—;1000040551;790.62
03863;EER validé;03/06/2026;bd252c93;1000040560;621.00
03863;EER validé;03/06/2026;ab575f1e;1000040561;219.45
03706;EER non démarré;03/06/2026;—;1000040570;786.80
03706;EER non démarré;03/06/2026;—;1000040571;303.63
09238;EER validé;03/06/2026;8511ae81;1000040580;564.73
09238;EER validé;03/06/2026;e6d224a6;1000040581;178.30
08671;EER validé;03/06/2026;515fd35d;1000040590;774.27
08671;EER validé;03/06/2026;6888c4ef;1000040591;497.43
03940;EER validé;03/06/2026;e300491b;1000040600;594.38
03940;EER validé;03/06/2026;e6ad5709;1000040601;471.42
08492;EER validé;03/06/2026;e6d2b732;1000040610;903.86
08492;EER validé;03/06/2026;4e5103b3;1000040611;485.82
04650;EER validé;03/06/2026;ed4d5f71;1000040620;681.63
04650;EER validé;03/06/2026;1bdf7497;1000040621;637.66
09238;EER démarré;03/06/2026;60d5127d;1000040630;787.30
09238;EER démarré;03/06/2026;ed654e4b;1000040631;958.46
02367;EER non démarré;03/06/2026;—;1000040640;952.79
02367;EER non démarré;03/06/2026;—;1000040641;579.09
01892;EER validé;03/06/2026;1e440b0c;1000040650;584.68
01892;EER validé;03/06/2026;bd9566d2;1000040651;879.69
03462;EER validé;03/06/2026;8e94ddfa;1000040660;636.21
03462;EER validé;03/06/2026;5e78d7d2;1000040661;371.31
00386;EER validé;03/06/2026;73ac2c18;1000040670;737.04
00386;EER validé;03/06/2026;2bc4077d;1000040671;501.04
09238;EER validé;03/06/2026;01afbcef;1000040680;685.20
09238;EER validé;03/06/2026;a40eb41c;1000040681;753.25
06107;EER non démarré;03/06/2026;—;1000040690;411.85
06107;EER non démarré;03/06/2026;—;1000040691;840.37
05206;EER non démarré;03/06/2026;—;1000040700;715.71
05206;EER non démarré;03/06/2026;—;1000040701;974.72
07134;EER non démarré;03/06/2026;—;1000040710;890.98
07134;EER non démarré;03/06/2026;—;1000040711;468.84
07782;EER validé;03/06/2026;3745eccd;1000040720;924.01
07782;EER validé;03/06/2026;795c2ae6;1000040721;574.97
07283;EER non démarré;03/06/2026;—;1000040730;564.91
07283;EER non démarré;03/06/2026;—;1000040731;985.22
06744;EER validé;03/06/2026;cae856ab;1000040740;397.10
06744;EER validé;03/06/2026;ab6ff50c;1000040741;835.18
05575;EER non démarré;03/06/2026;—;1000040750;455.45
05575;EER non démarré;03/06/2026;—;1000040751;578.87
07696;EER non démarré;03/06/2026;—;1000040760;998.32
07696;EER non démarré;03/06/2026;—;1000040761;958.43
01694;EER démarré;03/06/2026;d39bbc1f;1000040770;599.47
01694;EER démarré;03/06/2026;06b068e9;1000040771;287.30
01349;EER non démarré;03/06/2026;—;1000040780;424.93
01349;EER non démarré;03/06/2026;—;1000040781;366.00
09238;EER validé;03/06/2026;f3bb92c8;1000040790;294.11
09238;EER validé;03/06/2026;960b1c2a;1000040791;671.33
05021;EER démarré;03/06/2026;ad4ffdd1;1000040800;500.21
05021;EER démarré;03/06/2026;fb37a464;1000040801;622.83
07560;EER non démarré;03/06/2026;—;1000040810;611.24
07560;EER non démarré;03/06/2026;—;1000040811;517.20
00126;EER non démarré;03/06/2026;—;1000040820;738.46
00126;EER non démarré;03/06/2026;—;1000040821;676.89
03940;EER non démarré;03/06/2026;—;1000040830;275.94
03940;EER non démarré;03/06/2026;—;1000040831;844.36
08641;EER non démarré;03/06/2026;—;1000040840;995.06
08641;EER non démarré;03/06/2026;—;1000040841;888.73
09885;EER non démarré;03/06/2026;—;1000040850;993.66
09885;EER non démarré;03/06/2026;—;1000040851;545.78
03364;EER non démarré;03/06/2026;—;1000040860;611.69
03364;EER non démarré;03/06/2026;—;1000040861;121.67
02771;EER non démarré;03/06/2026;—;1000040870;298.32
02771;EER non démarré;03/06/2026;—;1000040871;668.29
03730;EER non démarré;03/06/2026;—;1000040880;423.72
03730;EER non démarré;03/06/2026;—;1000040881;966.76
09238;EER non démarré;03/06/2026;—;1000040890;113.66
09238;EER non démarré;03/06/2026;—;1000040891;817.18
08191;EER non démarré;03/06/2026;—;1000040900;873.32
08191;EER non démarré;03/06/2026;—;1000040901;665.76
06107;EER validé;03/06/2026;5cf9a9ce;1000040910;985.46
06107;EER validé;03/06/2026;34e41109;1000040911;998.19
01800;EER démarré;03/06/2026;80885989;1000040920;408.99
01800;EER démarré;03/06/2026;f381fe49;1000040921;709.95
09238;EER validé;03/06/2026;ee3720a2;1000040930;445.08
09238;EER validé;03/06/2026;870d26db;1000040931;598.54
08421;EER non démarré;03/06/2026;—;1000040940;503.99
08421;EER non démarré;03/06/2026;—;1000040941;647.08
07386;EER validé;03/06/2026;e6139b7e;1000040950;643.59
07386;EER validé;03/06/2026;147c765e;1000040951;364.00
09238;EER démarré;03/06/2026;12320077;1000040960;304.39
09238;EER démarré;03/06/2026;5f365c8f;1000040961;422.10
09238;EER rejeté;03/06/2026;22dda486;1000040970;696.36
09238;EER rejeté;03/06/2026;1b90585c;1000040971;462.76
01011;EER validé;03/06/2026;58a7ba89;1000040980;903.04
01011;EER validé;03/06/2026;111bf46c;1000040981;900.69
00349;EER non démarré;03/06/2026;—;1000040990;698.41
00349;EER non démarré;03/06/2026;—;1000040991;596.56
06929;EER non démarré;03/06/2026;—;1000041000;294.75
06929;EER non démarré;03/06/2026;—;1000041001;266.90
02675;EER non démarré;02/06/2026;—;1000041010;272.95
02675;EER non démarré;02/06/2026;—;1000041011;335.02
05443;EER non démarré;02/06/2026;—;1000041020;133.22
05443;EER non démarré;02/06/2026;—;1000041021;135.75
05682;EER non démarré;02/06/2026;—;1000041030;824.96
05682;EER non démarré;02/06/2026;—;1000041031;927.61
09238;EER non démarré;02/06/2026;—;1000041040;619.77
09238;EER non démarré;02/06/2026;—;1000041041;274.39
08630;EER non démarré;02/06/2026;—;1000041050;696.05
08630;EER non démarré;02/06/2026;—;1000041051;561.14
08651;EER non démarré;02/06/2026;—;1000041060;112.51
08651;EER non démarré;02/06/2026;—;1000041061;108.54
00386;EER non démarré;02/06/2026;—;1000041070;754.42
00386;EER non démarré;02/06/2026;—;1000041071;777.64
07439;EER non démarré;02/06/2026;—;1000041080;132.35
07439;EER non démarré;02/06/2026;—;1000041081;676.33
03751;EER non démarré;02/06/2026;—;1000041090;342.24
03751;EER non démarré;02/06/2026;—;1000041091;612.87
03665;EER validé;02/06/2026;21848f20;1000041100;884.59
03665;EER validé;02/06/2026;f672ebff;1000041101;488.68
02856;EER non démarré;02/06/2026;—;1000041110;733.73
02856;EER non démarré;02/06/2026;—;1000041111;687.01
09093;EER non démarré;02/06/2026;—;1000041120;335.91
09093;EER non démarré;02/06/2026;—;1000041121;113.06
05027;EER validé;02/06/2026;1ff37070;1000041130;575.80
05027;EER validé;02/06/2026;ae46282c;1000041131;418.68
03184;EER validé;02/06/2026;051a2641;1000041140;323.44
03184;EER validé;02/06/2026;6ec55f83;1000041141;900.09
05443;EER validé;02/06/2026;7aa06de1;1000041150;446.89
05443;EER validé;02/06/2026;4d58c789;1000041151;935.46
09238;EER validé;02/06/2026;a7a4c0da;1000041160;174.18
09238;EER validé;02/06/2026;8e43a9bd;1000041161;139.23
08836;EER démarré;02/06/2026;72500b9b;1000041170;265.92
08836;EER démarré;02/06/2026;e9be9682;1000041171;338.25
07972;EER non démarré;02/06/2026;—;1000041180;930.27
07972;EER non démarré;02/06/2026;—;1000041181;141.21
00307;EER validé;02/06/2026;066ce146;1000041190;972.41
00307;EER validé;02/06/2026;e14a5867;1000041191;427.77
02496;EER validé;02/06/2026;542a4747;1000041200;509.11
02496;EER validé;02/06/2026;8f7909e0;1000041201;494.44
09238;EER validé;02/06/2026;541b4fa6;1000041210;706.66
09238;EER validé;02/06/2026;52e6221b;1000041211;902.04
08818;EER non démarré;02/06/2026;—;1000041220;896.35
08818;EER non démarré;02/06/2026;—;1000041221;117.59
06360;EER non démarré;02/06/2026;—;1000041230;827.90
06360;EER non démarré;02/06/2026;—;1000041231;230.09
04186;EER validé;02/06/2026;eb1dfd2e;1000041240;474.35
04186;EER validé;02/06/2026;3f4b5b92;1000041241;730.62
05994;EER rejeté;02/06/2026;f22fecd2;1000041250;910.20
05994;EER rejeté;02/06/2026;b492d13f;1000041251;243.28
03852;EER non démarré;02/06/2026;—;1000041260;949.86
03852;EER non démarré;02/06/2026;—;1000041261;124.81
00337;EER non démarré;02/06/2026;—;1000041270;538.23
00337;EER non démarré;02/06/2026;—;1000041271;981.25
08977;EER validé;02/06/2026;5e11fbb7;1000041280;816.32
08977;EER validé;02/06/2026;7f5cd10c;1000041281;441.70
07386;EER non démarré;02/06/2026;—;1000041290;301.55
07386;EER non démarré;02/06/2026;—;1000041291;727.71
09238;EER non démarré;02/06/2026;—;1000041300;184.24
09238;EER non démarré;02/06/2026;—;1000041301;498.31
01115;EER non démarré;02/06/2026;—;1000041310;837.23
01115;EER non démarré;02/06/2026;—;1000041311;320.04
09238;EER validé;02/06/2026;e364758d;1000041320;530.21
09238;EER validé;02/06/2026;778c76e7;1000041321;215.81
07111;EER non démarré;02/06/2026;—;1000041330;639.23
07111;EER non démarré;02/06/2026;—;1000041331;545.78
02675;EER non démarré;02/06/2026;—;1000041340;787.34
02675;EER non démarré;02/06/2026;—;1000041341;587.20
09238;EER non démarré;02/06/2026;—;1000041350;152.50
09238;EER non démarré;02/06/2026;—;1000041351;689.66
02899;EER non démarré;02/06/2026;—;1000041360;440.51
02899;EER non démarré;02/06/2026;—;1000041361;853.70
06744;EER validé;02/06/2026;15e471e8;1000041370;308.07
06744;EER validé;02/06/2026;d01132ff;1000041371;227.42
03460;EER validé;02/06/2026;a59ae715;1000041380;567.16
03460;EER validé;02/06/2026;52ba029f;1000041381;230.15
06744;EER validé;02/06/2026;d6eb9967;1000041390;610.61
06744;EER validé;02/06/2026;ae81c2af;1000041391;250.56
09238;EER rejeté;02/06/2026;19ddd660;1000041400;436.89
09238;EER rejeté;02/06/2026;8cb172e1;1000041401;649.35
02200;EER validé;02/06/2026;52f8b4f3;1000041410;944.66
02200;EER validé;02/06/2026;ae5ae146;1000041411;661.53
09549;EER validé;02/06/2026;bec79d8e;1000041420;617.85
09549;EER validé;02/06/2026;ce1e911e;1000041421;288.80
07853;EER validé;02/06/2026;ba262c6b;1000041430;850.13
07853;EER validé;02/06/2026;0966319a;1000041431;218.22
05027;EER non démarré;02/06/2026;—;1000041440;119.41
05027;EER non démarré;02/06/2026;—;1000041441;697.63
01115;EER validé;02/06/2026;f9d39020;1000041450;711.06
01115;EER validé;02/06/2026;492cd92f;1000041451;451.36
05027;EER validé;02/06/2026;867ecf5d;1000041460;667.61
05027;EER validé;02/06/2026;f55001b5;1000041461;532.92
00386;EER non démarré;02/06/2026;—;1000041470;313.94
00386;EER non démarré;02/06/2026;—;1000041471;186.39
09238;EER validé;02/06/2026;35e295f6;1000041480;120.89
09238;EER validé;02/06/2026;ce074d49;1000041481;885.34
07286;EER non démarré;02/06/2026;—;1000041490;439.72
07286;EER non démarré;02/06/2026;—;1000041491;269.72
08774;EER non démarré;02/06/2026;—;1000041500;985.86
08774;EER non démarré;02/06/2026;—;1000041501;943.79
06744;EER validé;02/06/2026;2dd58f3f;1000041510;203.39
06744;EER validé;02/06/2026;3dad7b12;1000041511;277.79
05954;EER validé;02/06/2026;693c634a;1000041520;560.27
05954;EER validé;02/06/2026;e3dab2b4;1000041521;598.40
09238;EER validé;02/06/2026;bf01d957;1000041530;280.09
09238;EER validé;02/06/2026;e8671f52;1000041531;995.83
04650;EER validé;02/06/2026;ce1348d6;1000041540;914.68
04650;EER validé;02/06/2026;a3fabab7;1000041541;240.33
06175;EER validé;02/06/2026;1488f9ff;1000041550;827.23
06175;EER validé;02/06/2026;9eabf9fd;1000041551;709.08
04561;EER non démarré;02/06/2026;—;1000041560;451.22
04561;EER non démarré;02/06/2026;—;1000041561;165.80
09238;EER non démarré;02/06/2026;—;1000041570;665.27
09238;EER non démarré;02/06/2026;—;1000041571;486.50
08554;EER non démarré;02/06/2026;—;1000041580;997.48
08554;EER non démarré;02/06/2026;—;1000041581;411.57
07454;EER non démarré;02/06/2026;—;1000041590;206.29
07454;EER non démarré;02/06/2026;—;1000041591;927.05
07408;EER non démarré;02/06/2026;—;1000041600;662.07
07408;EER non démarré;02/06/2026;—;1000041601;900.96
06452;EER non démarré;02/06/2026;—;1000041610;272.94
06452;EER non démarré;02/06/2026;—;1000041611;494.04
03050;EER non démarré;02/06/2026;—;1000041620;582.97
03050;EER non démarré;02/06/2026;—;1000041621;384.42
09238;EER validé;02/06/2026;cd34ec92;1000041630;904.07
09238;EER validé;02/06/2026;c7906786;1000041631;578.08
03940;EER non démarré;02/06/2026;—;1000041640;559.77
03940;EER non démarré;02/06/2026;—;1000041641;356.37
02675;EER validé;02/06/2026;c96d97f4;1000041650;872.04
02675;EER validé;02/06/2026;f183ea2d;1000041651;458.13
04146;EER validé;02/06/2026;e7d49a01;1000041660;854.99
04146;EER validé;02/06/2026;b55e4e26;1000041661;981.14
02675;EER non démarré;02/06/2026;—;1000041670;490.71
02675;EER non démarré;02/06/2026;—;1000041671;427.14
05142;EER validé;02/06/2026;91af461c;1000041680;962.14
05142;EER validé;02/06/2026;1d7bb6e2;1000041681;899.97
09238;EER validé;02/06/2026;8dc797f2;1000041690;155.86
09238;EER validé;02/06/2026;072f0ae7;1000041691;304.64
03364;EER non démarré;02/06/2026;—;1000041700;418.24
03364;EER non démarré;02/06/2026;—;1000041701;532.81
00386;EER non démarré;02/06/2026;—;1000041710;592.21
00386;EER non démarré;02/06/2026;—;1000041711;845.11
06804;EER non démarré;02/06/2026;—;1000041720;937.83
06804;EER non démarré;02/06/2026;—;1000041721;773.07
05538;EER démarré;02/06/2026;10907525;1000041730;171.88
05538;EER démarré;02/06/2026;c63954d9;1000041731;700.48
07014;EER non démarré;02/06/2026;—;1000041740;813.98
07014;EER non démarré;02/06/2026;—;1000041741;584.87
04406;EER non démarré;02/06/2026;—;1000041750;217.85
04406;EER non démarré;02/06/2026;—;1000041751;631.06
08349;EER non démarré;02/06/2026;—;1000041760;174.87
08349;EER non démarré;02/06/2026;—;1000041761;652.17
09238;EER démarré;02/06/2026;02e28e4c;1000041770;829.60
09238;EER démarré;02/06/2026;97b8bdc1;1000041771;226.67
07627;EER non démarré;02/06/2026;—;1000041780;103.87
07627;EER non démarré;02/06/2026;—;1000041781;700.40
07516;EER validé;02/06/2026;422fac5e;1000041790;789.69
07516;EER validé;02/06/2026;90310b69;1000041791;945.39
07014;EER non démarré;02/06/2026;—;1000041800;966.70
07014;EER non démarré;02/06/2026;—;1000041801;283.37
09071;EER non démarré;02/06/2026;—;1000041810;633.72
09071;EER non démarré;02/06/2026;—;1000041811;283.97
06744;EER non démarré;02/06/2026;—;1000041820;557.59
06744;EER non démarré;02/06/2026;—;1000041821;750.76
02230;EER à rejeter;02/06/2026;04528bd8;1000041830;528.72
02230;EER à rejeter;02/06/2026;228ebf5b;1000041831;212.68
07627;EER non démarré;02/06/2026;—;1000041840;768.63
07627;EER non démarré;02/06/2026;—;1000041841;263.00
02248;EER validé;02/06/2026;56db4f01;1000041850;217.70
02248;EER validé;02/06/2026;025e1282;1000041851;592.08
07724;EER validé;02/06/2026;9b391873;1000041860;194.26
07724;EER validé;02/06/2026;16e8322a;1000041861;694.72
06744;EER validé;02/06/2026;ac95fc17;1000041870;480.45
06744;EER validé;02/06/2026;19c8c145;1000041871;917.19
07848;EER validé;02/06/2026;0789045e;1000041880;996.71
07848;EER validé;02/06/2026;b9e40e4f;1000041881;935.14
08716;EER non démarré;02/06/2026;—;1000041890;806.74
08716;EER non démarré;02/06/2026;—;1000041891;262.12
09238;EER non démarré;02/06/2026;—;1000041900;235.89
09238;EER non démarré;02/06/2026;—;1000041901;132.82
07207;EER non démarré;02/06/2026;—;1000041910;130.37
07207;EER non démarré;02/06/2026;—;1000041911;409.77
06744;EER validé;02/06/2026;662b03e8;1000041920;868.86
06744;EER validé;02/06/2026;419f20ea;1000041921;795.11
07286;EER validé;02/06/2026;a8bcbf4d;1000041930;134.43
07286;EER validé;02/06/2026;5df28b4b;1000041931;304.77
09238;EER non démarré;02/06/2026;—;1000041940;880.81
09238;EER non démarré;02/06/2026;—;1000041941;739.83
09238;EER validé;02/06/2026;cda55651;1000041950;359.36
09238;EER validé;02/06/2026;5bfe6c3d;1000041951;360.18
01115;EER non démarré;02/06/2026;—;1000041960;283.75
01115;EER non démarré;02/06/2026;—;1000041961;158.85
06744;EER non démarré;02/06/2026;—;1000041970;672.62
06744;EER non démarré;02/06/2026;—;1000041971;438.11
07379;EER validé;02/06/2026;5ed49203;1000041980;899.97
07379;EER validé;02/06/2026;81b5bac0;1000041981;534.82
03940;EER non démarré;02/06/2026;—;1000041990;953.74
03940;EER non démarré;02/06/2026;—;1000041991;369.00
03674;EER validé;02/06/2026;ae53baf5;1000042000;822.03
03674;EER validé;02/06/2026;efa1d82e;1000042001;170.64
05443;EER validé;02/06/2026;89114e03;1000042010;377.45
05443;EER validé;02/06/2026;3262ee41;1000042011;707.94
05976;EER validé;02/06/2026;b0d23c9b;1000042020;788.54
05976;EER validé;02/06/2026;b4e0f91b;1000042021;390.34
09483;EER validé;02/06/2026;00aac5ae;1000042030;248.82
09483;EER validé;02/06/2026;68128a39;1000042031;193.88
02685;EER non démarré;02/06/2026;—;1000042040;577.36
02685;EER non démarré;02/06/2026;—;1000042041;191.45
08163;EER démarré;02/06/2026;e00638bc;1000042050;141.34
08163;EER démarré;02/06/2026;a6afd252;1000042051;304.89
09238;EER démarré;02/06/2026;9b022854;1000042060;498.33
09238;EER démarré;02/06/2026;421b37fd;1000042061;105.38
03999;EER non démarré;02/06/2026;—;1000042070;541.04
03999;EER non démarré;02/06/2026;—;1000042071;344.47
00386;EER validé;02/06/2026;2f62bccf;1000042080;774.27
00386;EER validé;02/06/2026;04c8d586;1000042081;117.56
05285;EER non démarré;02/06/2026;—;1000042090;728.35
05285;EER non démarré;02/06/2026;—;1000042091;459.25
05769;EER validé;02/06/2026;bf071cc9;1000042100;771.74
05769;EER validé;02/06/2026;0c692a2a;1000042101;402.87
06744;EER validé;02/06/2026;46824943;1000042110;599.50
06744;EER validé;02/06/2026;70962150;1000042111;786.75
03940;EER validé;02/06/2026;f00523f6;1000042120;439.20
03940;EER validé;02/06/2026;a850a458;1000042121;742.09
07386;EER validé;02/06/2026;e85b9f35;1000042130;845.12
07386;EER validé;02/06/2026;a24057f2;1000042131;343.98
08986;EER validé;02/06/2026;661621e1;1000042140;961.83
08986;EER validé;02/06/2026;84486a1c;1000042141;957.89
04100;EER validé;02/06/2026;38c8b2b6;1000042150;371.93
04100;EER validé;02/06/2026;241c41ec;1000042151;985.11
00386;EER validé;02/06/2026;03a9b517;1000042160;290.29
00386;EER validé;02/06/2026;33e24452;1000042161;188.72
07589;EER rejeté;02/06/2026;4e6041e0;1000042170;493.99
07589;EER rejeté;02/06/2026;4496ee6f;1000042171;581.16
04169;EER démarré;02/06/2026;2805cb7d;1000042180;413.73
04169;EER démarré;02/06/2026;e12cd9ca;1000042181;609.21
09238;EER non démarré;02/06/2026;—;1000042190;484.43
09238;EER non démarré;02/06/2026;—;1000042191;461.50
07283;EER rejeté;02/06/2026;e1e5b71f;1000042200;285.28
07283;EER rejeté;02/06/2026;5fa9a651;1000042201;825.33
02209;EER validé;02/06/2026;456579d0;1000042210;290.26
02209;EER validé;02/06/2026;e0027495;1000042211;621.55
04100;EER non démarré;02/06/2026;—;1000042220;584.65
04100;EER non démarré;02/06/2026;—;1000042221;891.55
00579;EER démarré;02/06/2026;5ad5b768;1000042230;882.62
00579;EER démarré;02/06/2026;51f22838;1000042231;442.37
09238;EER validé;02/06/2026;1e05c4db;1000042240;236.53
09238;EER validé;02/06/2026;89ac3b56;1000042241;423.62
07180;EER non démarré;02/06/2026;—;1000042250;752.67
07180;EER non démarré;02/06/2026;—;1000042251;658.94
02200;EER non démarré;02/06/2026;—;1000042260;575.23
02200;EER non démarré;02/06/2026;—;1000042261;764.12
01277;EER validé;02/06/2026;97cd7fdf;1000042270;822.40
01277;EER validé;02/06/2026;09467afe;1000042271;558.95
00179;EER non démarré;02/06/2026;—;1000042280;532.45
00179;EER non démarré;02/06/2026;—;1000042281;317.88
07386;EER validé;02/06/2026;bc465b6f;1000042290;920.22
07386;EER validé;02/06/2026;f5aa4eb3;1000042291;170.60
07627;EER non démarré;02/06/2026;—;1000042300;776.95
07627;EER non démarré;02/06/2026;—;1000042301;935.79
09408;EER non démarré;02/06/2026;—;1000042310;318.65
09408;EER non démarré;02/06/2026;—;1000042311;307.59
08495;EER validé;02/06/2026;b74888b3;1000042320;306.41
08495;EER validé;02/06/2026;99b7519b;1000042321;258.08
08048;EER validé;02/06/2026;a107bb86;1000042330;444.50
08048;EER validé;02/06/2026;6add957b;1000042331;338.05
08840;EER non démarré;02/06/2026;—;1000042340;656.85
08840;EER non démarré;02/06/2026;—;1000042341;343.38
03188;EER non démarré;02/06/2026;—;1000042350;632.82
03188;EER non démarré;02/06/2026;—;1000042351;594.19
00151;EER validé;02/06/2026;6e59ff43;1000042360;181.85
00151;EER validé;02/06/2026;b0a7520f;1000042361;279.48
07386;EER démarré;02/06/2026;74e35280;1000042370;231.05
07386;EER démarré;02/06/2026;ea5033e6;1000042371;757.90
02899;EER validé;02/06/2026;e33238e5;1000042380;891.83
02899;EER validé;02/06/2026;9ce69be9;1000042381;204.79
06869;EER non démarré;02/06/2026;—;1000042390;388.50
06869;EER non démarré;02/06/2026;—;1000042391;946.35
07268;EER non démarré;02/06/2026;—;1000042400;992.93
07268;EER non démarré;02/06/2026;—;1000042401;231.57
08579;EER non démarré;02/06/2026;—;1000042410;959.03
08579;EER non démarré;02/06/2026;—;1000042411;259.40
05091;EER validé;02/06/2026;57b987e7;1000042420;698.58
05091;EER validé;02/06/2026;c771d03e;1000042421;270.23
09321;EER non démarré;02/06/2026;—;1000042430;780.66
09321;EER non démarré;02/06/2026;—;1000042431;841.38
04650;EER validé;02/06/2026;3c652f25;1000042440;625.40
04650;EER validé;02/06/2026;c76ba093;1000042441;816.71
03172;EER validé;02/06/2026;341ae36c;1000042450;909.26
03172;EER validé;02/06/2026;5c1e8157;1000042451;441.00
07841;EER validé;02/06/2026;b34228af;1000042460;653.08
07841;EER validé;02/06/2026;159f496c;1000042461;860.45
00610;EER validé;02/06/2026;f9e05142;1000042470;852.27
00610;EER validé;02/06/2026;d9b01e48;1000042471;481.29
07029;EER à valider;02/06/2026;70775a15;1000042480;632.82
07029;EER à valider;02/06/2026;08dda91b;1000042481;426.04
07283;EER rejeté;02/06/2026;3f004626;1000042490;164.57
07283;EER rejeté;02/06/2026;6d6905c1;1000042491;314.73
05443;EER non démarré;02/06/2026;—;1000042500;484.37
05443;EER non démarré;02/06/2026;—;1000042501;810.91
07439;EER rejeté;02/06/2026;ab827352;1000042510;342.59
07439;EER rejeté;02/06/2026;f7bb4652;1000042511;148.33
00674;EER validé;02/06/2026;989ea39c;1000042520;131.77
00674;EER validé;02/06/2026;37bfeead;1000042521;489.84
03615;EER non démarré;02/06/2026;—;1000042530;796.22
03615;EER non démarré;02/06/2026;—;1000042531;207.70
00685;EER validé;02/06/2026;41e7ae80;1000042540;716.97
00685;EER validé;02/06/2026;6af88f8a;1000042541;321.40
06869;EER non démarré;02/06/2026;—;1000042550;807.34
06869;EER non démarré;02/06/2026;—;1000042551;114.96
07439;EER non démarré;02/06/2026;—;1000042560;453.48
07439;EER non démarré;02/06/2026;—;1000042561;285.34
00368;EER non démarré;02/06/2026;—;1000042570;247.06
00368;EER non démarré;02/06/2026;—;1000042571;484.88
09784;EER non démarré;02/06/2026;—;1000042580;446.39
09784;EER non démarré;02/06/2026;—;1000042581;480.86
08195;EER validé;02/06/2026;9bcc5e08;1000042590;326.47
08195;EER validé;02/06/2026;8f9021b7;1000042591;940.92
02159;EER validé;02/06/2026;69703d3d;1000042600;322.52
02159;EER validé;02/06/2026;253c24b7;1000042601;456.10
09238;EER validé;02/06/2026;31b5f680;1000042610;368.20
09238;EER validé;02/06/2026;b904cc6a;1000042611;815.39
05331;EER validé;02/06/2026;551db597;1000042620;856.74
05331;EER validé;02/06/2026;bbe93253;1000042621;305.04
07782;EER validé;02/06/2026;83ef3922;1000042630;852.10
07782;EER validé;02/06/2026;7a33f1ea;1000042631;382.07
05326;EER à valider;02/06/2026;8681af10;1000042640;851.29
05326;EER à valider;02/06/2026;89d2897a;1000042641;807.39
06744;EER validé;02/06/2026;920c45dd;1000042650;827.58
06744;EER validé;02/06/2026;ba65993b;1000042651;540.39
07283;EER démarré;02/06/2026;bb68dddf;1000042660;396.38
07283;EER démarré;02/06/2026;c1e16169;1000042661;367.64
00386;EER validé;02/06/2026;ff0381b0;1000042670;559.70
00386;EER validé;02/06/2026;ed566f80;1000042671;909.18
08421;EER validé;02/06/2026;90026952;1000042680;269.00
08421;EER validé;02/06/2026;c7aed808;1000042681;903.44
00406;EER validé;02/06/2026;624ff650;1000042690;746.29
00406;EER validé;02/06/2026;9dff1f86;1000042691;831.69
08414;EER non démarré;02/06/2026;—;1000042700;172.23
08414;EER non démarré;02/06/2026;—;1000042701;607.58
09885;EER non démarré;02/06/2026;—;1000042710;242.07
09885;EER non démarré;02/06/2026;—;1000042711;711.10
07386;EER non démarré;02/06/2026;—;1000042720;233.56
07386;EER non démarré;02/06/2026;—;1000042721;402.55
05954;EER non démarré;02/06/2026;—;1000042730;197.29
05954;EER non démarré;02/06/2026;—;1000042731;294.57
07386;EER non démarré;02/06/2026;—;1000042740;437.44
07386;EER non démarré;02/06/2026;—;1000042741;313.80
09238;EER non démarré;02/06/2026;—;1000042750;327.63
09238;EER non démarré;02/06/2026;—;1000042751;999.39
00368;EER validé;01/06/2026;464b329d;1000042760;253.32
00368;EER validé;01/06/2026;5ff5ee15;1000042761;959.74
03940;EER non démarré;01/06/2026;—;1000042770;856.90
03940;EER non démarré;01/06/2026;—;1000042771;923.53
02938;EER validé;01/06/2026;01b630f4;1000042780;285.93
02938;EER validé;01/06/2026;c7cebcd4;1000042781;866.53
03917;EER non démarré;01/06/2026;—;1000042790;537.05
03917;EER non démarré;01/06/2026;—;1000042791;285.62
07386;EER validé;01/06/2026;7c37f322;1000042800;518.65
07386;EER validé;01/06/2026;7f214a43;1000042801;574.67
08414;EER non démarré;01/06/2026;—;1000042810;546.32
08414;EER non démarré;01/06/2026;—;1000042811;626.76
05211;EER non démarré;01/06/2026;—;1000042820;466.23
05211;EER non démarré;01/06/2026;—;1000042821;366.90
05027;EER validé;01/06/2026;c0683433;1000042830;483.89
05027;EER validé;01/06/2026;0391f1d5;1000042831;709.20
00368;EER non démarré;01/06/2026;—;1000042840;392.62
00368;EER non démarré;01/06/2026;—;1000042841;939.34
09238;EER validé;01/06/2026;9230dea5;1000042850;337.62
09238;EER validé;01/06/2026;a66f9d40;1000042851;190.69
06801;EER non démarré;01/06/2026;—;1000042860;187.75
06801;EER non démarré;01/06/2026;—;1000042861;471.73
07782;EER validé;01/06/2026;846837dd;1000042870;571.97
07782;EER validé;01/06/2026;3ffb32f4;1000042871;823.54
05027;EER validé;01/06/2026;67761444;1000042880;427.40
05027;EER validé;01/06/2026;e723006e;1000042881;197.21
09106;EER non démarré;01/06/2026;—;1000042890;423.90
09106;EER non démarré;01/06/2026;—;1000042891;551.59
03940;EER validé;01/06/2026;9d357f6a;1000042900;314.37
03940;EER validé;01/06/2026;947af4d2;1000042901;952.72
09663;EER démarré;01/06/2026;9be2e983;1000042910;566.22
09663;EER démarré;01/06/2026;fe83c7c9;1000042911;199.96
07286;EER validé;01/06/2026;ad743f53;1000042920;252.46
07286;EER validé;01/06/2026;3e9751e6;1000042921;493.70
08986;EER non démarré;01/06/2026;—;1000042930;478.79
08986;EER non démarré;01/06/2026;—;1000042931;998.38
05090;EER validé;01/06/2026;9aeb4bc9;1000042940;162.56
05090;EER validé;01/06/2026;b7500f08;1000042941;621.52
08495;EER validé;01/06/2026;ce615dd0;1000042950;980.80
08495;EER validé;01/06/2026;2c2bdd2f;1000042951;583.50
08342;EER validé;01/06/2026;d3a45235;1000042960;531.04
08342;EER validé;01/06/2026;ca16205a;1000042961;880.26
01547;EER non démarré;01/06/2026;—;1000042970;705.82
01547;EER non démarré;01/06/2026;—;1000042971;669.43
06744;EER validé;01/06/2026;d81d20aa;1000042980;895.91
06744;EER validé;01/06/2026;032cd825;1000042981;288.00
03940;EER validé;01/06/2026;00884f54;1000042990;396.87
03940;EER validé;01/06/2026;e276720d;1000042991;604.42
03940;EER à rejeter;01/06/2026;3fea78cf;1000043000;954.53
03940;EER à rejeter;01/06/2026;8b46aeb1;1000043001;276.71
07937;EER validé;01/06/2026;7ed2a5b7;1000043010;835.96
07937;EER validé;01/06/2026;75856070;1000043011;723.66
03737;EER non démarré;01/06/2026;—;1000043020;366.23
03737;EER non démarré;01/06/2026;—;1000043021;860.40
06360;EER validé;01/06/2026;4426b896;1000043030;365.84
06360;EER validé;01/06/2026;cd403c4d;1000043031;516.41
09514;EER non démarré;01/06/2026;—;1000043040;206.02
09514;EER non démarré;01/06/2026;—;1000043041;960.33
07676;EER validé;01/06/2026;2ebb1bd2;1000043050;981.88
07676;EER validé;01/06/2026;27f43a64;1000043051;260.10
08853;EER démarré;01/06/2026;f1176658;1000043060;981.84
08853;EER démarré;01/06/2026;3b640332;1000043061;289.63
09737;EER non démarré;01/06/2026;—;1000043070;512.59
09737;EER non démarré;01/06/2026;—;1000043071;178.81
04054;EER validé;01/06/2026;4daa47d1;1000043080;614.93
04054;EER validé;01/06/2026;296b78b0;1000043081;799.66
03900;EER démarré;01/06/2026;c0d163fc;1000043090;937.02
03900;EER démarré;01/06/2026;cda4514f;1000043091;557.69
00386;EER non démarré;01/06/2026;—;1000043100;996.56
00386;EER non démarré;01/06/2026;—;1000043101;853.34
07111;EER validé;01/06/2026;62350c36;1000043110;100.89
07111;EER validé;01/06/2026;60ac808e;1000043111;224.16
09238;EER validé;01/06/2026;dc0578b9;1000043120;393.80
09238;EER validé;01/06/2026;d02cc252;1000043121;536.54
07293;EER validé;01/06/2026;616239b2;1000043130;221.77
07293;EER validé;01/06/2026;2a03342d;1000043131;550.66
03618;EER validé;01/06/2026;8575e982;1000043140;223.66
03618;EER validé;01/06/2026;cb7402e4;1000043141;787.60
09238;EER validé;01/06/2026;bf06edd7;1000043150;351.03
09238;EER validé;01/06/2026;aef049b2;1000043151;727.68
04166;EER validé;01/06/2026;43183bbe;1000043160;279.22
04166;EER validé;01/06/2026;2bd3781f;1000043161;477.87
03231;EER validé;01/06/2026;29d37d2d;1000043170;152.74
03231;EER validé;01/06/2026;20ce31ea;1000043171;598.13
07386;EER validé;01/06/2026;580fe604;1000043180;310.24
07386;EER validé;01/06/2026;1fb3540c;1000043181;177.70
06744;EER non démarré;01/06/2026;—;1000043190;356.70
06744;EER non démarré;01/06/2026;—;1000043191;356.95
05843;EER non démarré;01/06/2026;—;1000043200;272.25
05843;EER non démarré;01/06/2026;—;1000043201;179.23
00386;EER non démarré;01/06/2026;—;1000043210;934.50
00386;EER non démarré;01/06/2026;—;1000043211;830.84
07386;EER validé;01/06/2026;627bb4a9;1000043220;988.79
07386;EER validé;01/06/2026;4dccc525;1000043221;535.19
02604;EER non démarré;01/06/2026;—;1000043230;223.36
02604;EER non démarré;01/06/2026;—;1000043231;154.67
00362;EER non démarré;01/06/2026;—;1000043240;763.65
00362;EER non démarré;01/06/2026;—;1000043241;652.74
03940;EER démarré;01/06/2026;5419710e;1000043250;211.56
03940;EER démarré;01/06/2026;2a543e89;1000043251;829.11
09238;EER validé;01/06/2026;c54c197d;1000043260;880.44
09238;EER validé;01/06/2026;bd45c46b;1000043261;861.93
07386;EER non démarré;01/06/2026;—;1000043270;278.49
07386;EER non démarré;01/06/2026;—;1000043271;765.47
05769;EER non démarré;01/06/2026;—;1000043280;565.72
05769;EER non démarré;01/06/2026;—;1000043281;692.46
04169;EER validé;01/06/2026;442ea7b1;1000043290;255.07
04169;EER validé;01/06/2026;22cb5743;1000043291;429.41
00126;EER non démarré;01/06/2026;—;1000043300;213.70
00126;EER non démarré;01/06/2026;—;1000043301;481.60
07386;EER validé;01/06/2026;fe2cd3e6;1000043310;748.59
07386;EER validé;01/06/2026;b47bfbeb;1000043311;363.31
05976;EER non démarré;01/06/2026;—;1000043320;850.49
05976;EER non démarré;01/06/2026;—;1000043321;992.38
04394;EER non démarré;01/06/2026;—;1000043330;275.87
04394;EER non démarré;01/06/2026;—;1000043331;418.20
08173;EER validé;01/06/2026;940940ba;1000043340;615.20
08173;EER validé;01/06/2026;5f552906;1000043341;534.50
01588;EER non démarré;30/05/2026;—;1000026100;180.79
01588;EER non démarré;30/05/2026;—;1000026101;178.02
06904;EER validé;30/05/2026;9bd67618;1000026110;743.96
06904;EER validé;30/05/2026;cabba21b;1000026111;464.01
00818;EER non démarré;30/05/2026;—;1000026120;401.16
00818;EER non démarré;30/05/2026;—;1000026121;593.00
03751;EER non démarré;30/05/2026;—;1000026130;616.18
03751;EER non démarré;30/05/2026;—;1000026131;594.82
00386;EER non démarré;30/05/2026;—;1000026140;439.16
00386;EER non démarré;30/05/2026;—;1000026141;846.79
06094;EER non démarré;30/05/2026;—;1000026150;766.64
06094;EER non démarré;30/05/2026;—;1000026151;960.00
05522;EER non démarré;30/05/2026;—;1000026160;630.60
05522;EER non démarré;30/05/2026;—;1000026161;656.87
04700;EER non démarré;30/05/2026;—;1000026170;948.00
04700;EER non démarré;30/05/2026;—;1000026171;539.19
09238;EER validé;30/05/2026;4abf2ca9;1000026180;780.05
09238;EER validé;30/05/2026;b8386a28;1000026181;134.75
06195;EER démarré;30/05/2026;d76066c2;1000026190;219.46
06195;EER démarré;30/05/2026;22119b7d;1000026191;915.05
08346;EER validé;30/05/2026;c9bcb5d1;1000026200;520.35
08346;EER validé;30/05/2026;29e99bc2;1000026201;960.66
05326;EER non démarré;30/05/2026;—;1000026210;545.97
05326;EER non démarré;30/05/2026;—;1000026211;564.55
09940;EER non démarré;30/05/2026;—;1000026220;415.73
09940;EER non démarré;30/05/2026;—;1000026221;573.28
05107;EER démarré;30/05/2026;8726700d;1000026230;706.43
05107;EER démarré;30/05/2026;d60774cc;1000026231;839.93
09238;EER non démarré;30/05/2026;—;1000026240;563.41
09238;EER non démarré;30/05/2026;—;1000026241;789.77
00685;EER validé;30/05/2026;2f7c63ca;1000026250;578.09
00685;EER validé;30/05/2026;ff4c4797;1000026251;754.19
03202;EER non démarré;30/05/2026;—;1000026260;199.23
03202;EER non démarré;30/05/2026;—;1000026261;319.08
05733;EER non démarré;30/05/2026;—;1000026270;715.95
05733;EER non démarré;30/05/2026;—;1000026271;387.74
07283;EER non démarré;30/05/2026;—;1000026280;640.05
07283;EER non démarré;30/05/2026;—;1000026281;421.59
02088;EER rejeté;30/05/2026;0c17c124;1000026290;876.17
02088;EER rejeté;30/05/2026;e132be40;1000026291;131.46
05080;EER non démarré;30/05/2026;—;1000026300;752.66
05080;EER non démarré;30/05/2026;—;1000026301;147.67
02200;EER non démarré;30/05/2026;—;1000026310;352.25
02200;EER non démarré;30/05/2026;—;1000026311;991.04
00126;EER non démarré;30/05/2026;—;1000026320;325.12
00126;EER non démarré;30/05/2026;—;1000026321;966.86
04561;EER rejeté;30/05/2026;6c5feb63;1000026330;831.94
04561;EER rejeté;30/05/2026;73130af8;1000026331;407.28
09238;EER validé;30/05/2026;a504bf55;1000026340;637.68
09238;EER validé;30/05/2026;58eecdfe;1000026341;837.14
09238;EER validé;30/05/2026;e301a930;1000026350;583.89
09238;EER validé;30/05/2026;8f37be0c;1000026351;484.24
09238;EER validé;30/05/2026;36333978;1000026360;509.37
09238;EER validé;30/05/2026;db8acc82;1000026361;750.80
09389;EER non démarré;30/05/2026;—;1000026370;846.31
09389;EER non démarré;30/05/2026;—;1000026371;736.73
09549;EER non démarré;30/05/2026;—;1000026380;787.77
09549;EER non démarré;30/05/2026;—;1000026381;254.02
00368;EER non démarré;30/05/2026;—;1000026390;741.19
00368;EER non démarré;30/05/2026;—;1000026391;996.89
08448;EER non démarré;30/05/2026;—;1000026400;476.92
08448;EER non démarré;30/05/2026;—;1000026401;687.88
06744;EER non démarré;30/05/2026;—;1000026410;878.76
06744;EER non démarré;30/05/2026;—;1000026411;659.19
01192;EER non démarré;30/05/2026;—;1000026420;905.30
01192;EER non démarré;30/05/2026;—;1000026421;572.44
04669;EER non démarré;30/05/2026;—;1000026430;916.73
04669;EER non démarré;30/05/2026;—;1000026431;435.87
01847;EER non démarré;30/05/2026;—;1000026440;128.31
01847;EER non démarré;30/05/2026;—;1000026441;246.20
00386;EER rejeté;30/05/2026;e9644118;1000026450;830.91
00386;EER rejeté;30/05/2026;f86f82dd;1000026451;680.04
07386;EER validé;30/05/2026;0c123d6e;1000026460;819.37
07386;EER validé;30/05/2026;d29f9ac1;1000026461;713.54
07386;EER validé;30/05/2026;236b273c;1000026470;846.72
07386;EER validé;30/05/2026;53226311;1000026471;898.01
02148;EER non démarré;30/05/2026;—;1000026480;249.60
02148;EER non démarré;30/05/2026;—;1000026481;258.86
07516;EER non démarré;30/05/2026;—;1000026490;620.96
07516;EER non démarré;30/05/2026;—;1000026491;514.28
00438;EER non démarré;30/05/2026;—;1000026500;440.89
00438;EER non démarré;30/05/2026;—;1000026501;650.66
09238;EER à rejeter;30/05/2026;0158ad3c;1000026510;274.13
09238;EER à rejeter;30/05/2026;b2f62fb7;1000026511;986.62
09434;EER validé;30/05/2026;6ca92c5b;1000026520;836.96
09434;EER validé;30/05/2026;d158d390;1000026521;488.90
03940;EER validé;30/05/2026;b686fd31;1000026530;609.23
03940;EER validé;30/05/2026;d038ae65;1000026531;947.56
03940;EER validé;30/05/2026;3b526ea1;1000026540;828.86
03940;EER validé;30/05/2026;f5de11e0;1000026541;259.01
09238;EER validé;30/05/2026;603ddb16;1000026550;342.67
09238;EER validé;30/05/2026;fa84c2ae;1000026551;780.55
09873;EER validé;30/05/2026;11514abf;1000026560;988.57
09873;EER validé;30/05/2026;c8a9a41f;1000026561;979.16
04868;EER non démarré;30/05/2026;—;1000026570;863.67
04868;EER non démarré;30/05/2026;—;1000026571;780.74
02328;EER non démarré;30/05/2026;—;1000026580;469.32
02328;EER non démarré;30/05/2026;—;1000026581;476.99
00945;EER validé;30/05/2026;102d0bd5;1000026590;162.04
00945;EER validé;30/05/2026;9e4393de;1000026591;786.94
00644;EER validé;30/05/2026;f5fc4c8e;1000026600;330.42
00644;EER validé;30/05/2026;310fe694;1000026601;948.07
01856;EER non démarré;30/05/2026;—;1000026610;257.50
01856;EER non démarré;30/05/2026;—;1000026611;977.53
09238;EER validé;30/05/2026;7f46648c;1000026620;198.69
09238;EER validé;30/05/2026;97568f2c;1000026621;832.99
03161;EER validé;30/05/2026;bb4f0458;1000026630;533.79
03161;EER validé;30/05/2026;84527a0b;1000026631;418.71
09238;EER à valider;30/05/2026;8322ac40;1000026640;208.42
09238;EER à valider;30/05/2026;59d439fb;1000026641;564.68
02987;EER non démarré;30/05/2026;—;1000026650;436.23
02987;EER non démarré;30/05/2026;—;1000026651;997.38
07249;EER validé;30/05/2026;df43f393;1000026660;448.55
07249;EER validé;30/05/2026;5877eeec;1000026661;674.67
07386;EER non démarré;30/05/2026;—;1000026670;616.16
07386;EER non démarré;30/05/2026;—;1000026671;919.70
00368;EER non démarré;30/05/2026;—;1000026680;261.53
00368;EER non démarré;30/05/2026;—;1000026681;846.92
02518;EER non démarré;30/05/2026;—;1000026690;198.52
02518;EER non démarré;30/05/2026;—;1000026691;965.39
08004;EER validé;30/05/2026;c992d414;1000026700;125.14
08004;EER validé;30/05/2026;0eeed6aa;1000026701;401.09
08492;EER non démarré;30/05/2026;—;1000026710;147.77
08492;EER non démarré;30/05/2026;—;1000026711;472.92
04394;EER non démarré;30/05/2026;—;1000026720;748.21
04394;EER non démarré;30/05/2026;—;1000026721;929.38
01036;EER non démarré;30/05/2026;—;1000026730;345.83
01036;EER non démarré;30/05/2026;—;1000026731;871.37
07047;EER non démarré;30/05/2026;—;1000026740;156.78
07047;EER non démarré;30/05/2026;—;1000026741;276.42
03940;EER validé;30/05/2026;8939e98b;1000026750;482.42
03940;EER validé;30/05/2026;c1cd6215;1000026751;428.23
01872;EER non démarré;29/05/2026;—;1000026760;335.71
01872;EER non démarré;29/05/2026;—;1000026761;972.72
06449;EER non démarré;29/05/2026;—;1000026770;665.99
06449;EER non démarré;29/05/2026;—;1000026771;808.21
06812;EER validé;29/05/2026;fc7ed836;1000026780;157.50
06812;EER validé;29/05/2026;c271f0ab;1000026781;825.31
05326;EER validé;29/05/2026;c2d275ed;1000026790;448.00
05326;EER validé;29/05/2026;fcb503da;1000026791;334.05
09514;EER validé;29/05/2026;9a0352e9;1000026800;758.61
09514;EER validé;29/05/2026;fbe14097;1000026801;514.02
02159;EER non démarré;29/05/2026;—;1000026810;996.41
02159;EER non démarré;29/05/2026;—;1000026811;360.31
03789;EER validé;29/05/2026;951abcb7;1000026820;755.61
03789;EER validé;29/05/2026;287028a6;1000026821;988.59
03940;EER non démarré;29/05/2026;—;1000026830;133.12
03940;EER non démarré;29/05/2026;—;1000026831;492.35
09238;EER non démarré;29/05/2026;—;1000026840;539.48
09238;EER non démarré;29/05/2026;—;1000026841;109.62
01563;EER non démarré;29/05/2026;—;1000026850;923.53
01563;EER non démarré;29/05/2026;—;1000026851;632.74
04791;EER validé;29/05/2026;da9c496d;1000026860;520.18
04791;EER validé;29/05/2026;d960b393;1000026861;972.07
06744;EER validé;29/05/2026;079aa587;1000026870;755.16
06744;EER validé;29/05/2026;093db224;1000026871;874.50
07335;EER non démarré;29/05/2026;—;1000026880;316.03
07335;EER non démarré;29/05/2026;—;1000026881;634.82
01588;EER non démarré;29/05/2026;—;1000026890;307.71
01588;EER non démarré;29/05/2026;—;1000026891;792.72
09069;EER validé;29/05/2026;872b9ee5;1000026900;893.73
09069;EER validé;29/05/2026;a6f5d7ba;1000026901;402.54
03940;EER non démarré;29/05/2026;—;1000026910;238.71
03940;EER non démarré;29/05/2026;—;1000026911;734.67
07627;EER non démarré;29/05/2026;—;1000026920;604.80
07627;EER non démarré;29/05/2026;—;1000026921;299.43
05522;EER non démarré;29/05/2026;—;1000026930;546.83
05522;EER non démarré;29/05/2026;—;1000026931;123.20
02771;EER validé;29/05/2026;d1feb347;1000026940;359.73
02771;EER validé;29/05/2026;c0f484fa;1000026941;732.67
06979;EER non démarré;29/05/2026;—;1000026950;740.82
06979;EER non démarré;29/05/2026;—;1000026951;411.38
00126;EER non démarré;29/05/2026;—;1000026960;446.55
00126;EER non démarré;29/05/2026;—;1000026961;394.37
09708;EER validé;29/05/2026;1b507687;1000026970;554.46
09708;EER validé;29/05/2026;018a90eb;1000026971;676.40
03184;EER validé;29/05/2026;69c12fae;1000026980;131.04
03184;EER validé;29/05/2026;29efa7a4;1000026981;456.29
02328;EER validé;29/05/2026;44e63379;1000026990;605.66
02328;EER validé;29/05/2026;8e3eaad9;1000026991;587.66
03940;EER validé;29/05/2026;d38e9a6c;1000027000;789.40
03940;EER validé;29/05/2026;d56a1cb8;1000027001;525.95
06744;EER validé;29/05/2026;c8359a22;1000027010;519.38
06744;EER validé;29/05/2026;d7e9c6d6;1000027011;674.31
00986;EER non démarré;29/05/2026;—;1000027020;529.24
00986;EER non démarré;29/05/2026;—;1000027021;135.93
07627;EER non démarré;29/05/2026;—;1000027030;372.03
07627;EER non démarré;29/05/2026;—;1000027031;838.17
09799;EER validé;29/05/2026;c4a4ad88;1000027040;418.38
09799;EER validé;29/05/2026;f896dcdc;1000027041;131.10
08904;EER validé;29/05/2026;78b4b049;1000027050;511.10
08904;EER validé;29/05/2026;2b9f3843;1000027051;609.92
01650;EER validé;29/05/2026;f8b7db32;1000027060;558.73
01650;EER validé;29/05/2026;695fd6c4;1000027061;177.65
09238;EER validé;29/05/2026;914f1b54;1000027070;963.48
09238;EER validé;29/05/2026;10fffe70;1000027071;149.88
00126;EER démarré;29/05/2026;a7f4cc2c;1000027080;365.30
00126;EER démarré;29/05/2026;af0b945b;1000027081;378.82
09885;EER non démarré;29/05/2026;—;1000027090;923.87
09885;EER non démarré;29/05/2026;—;1000027091;859.23
00685;EER validé;29/05/2026;3b248c00;1000027100;666.35
00685;EER validé;29/05/2026;81c426a1;1000027101;704.73
03940;EER non démarré;29/05/2026;—;1000027110;945.27
03940;EER non démarré;29/05/2026;—;1000027111;594.57
02579;EER non démarré;29/05/2026;—;1000027120;805.61
02579;EER non démarré;29/05/2026;—;1000027121;303.84
00596;EER validé;29/05/2026;91ec30da;1000027130;106.84
00596;EER validé;29/05/2026;6a2d376d;1000027131;158.14
06744;EER non démarré;29/05/2026;—;1000027140;939.33
06744;EER non démarré;29/05/2026;—;1000027141;181.11
09238;EER validé;29/05/2026;8f354b62;1000027150;678.58
09238;EER validé;29/05/2026;15bef0b8;1000027151;915.90
01449;EER non démarré;29/05/2026;—;1000027160;529.46
01449;EER non démarré;29/05/2026;—;1000027161;128.47
09238;EER validé;29/05/2026;bbeed939;1000027170;409.94
09238;EER validé;29/05/2026;7eb7c641;1000027171;218.89
07611;EER non démarré;29/05/2026;—;1000027180;453.71
07611;EER non démarré;29/05/2026;—;1000027181;270.52
00386;EER non démarré;29/05/2026;—;1000027190;305.46
00386;EER non démarré;29/05/2026;—;1000027191;191.28
03871;EER non démarré;29/05/2026;—;1000027200;932.15
03871;EER non démarré;29/05/2026;—;1000027201;633.80
05976;EER rejeté;29/05/2026;1179b3b6;1000027210;908.10
05976;EER rejeté;29/05/2026;02558889;1000027211;432.32
07286;EER non démarré;29/05/2026;—;1000027220;838.62
07286;EER non démarré;29/05/2026;—;1000027221;825.33
05403;EER validé;29/05/2026;162063a9;1000027230;706.44
05403;EER validé;29/05/2026;03ca54ab;1000027231;869.59
07152;EER validé;29/05/2026;4783115b;1000027240;770.75
07152;EER validé;29/05/2026;ffe8a1d7;1000027241;292.46
01563;EER non démarré;29/05/2026;—;1000027250;256.87
01563;EER non démarré;29/05/2026;—;1000027251;334.49
06662;EER non démarré;29/05/2026;—;1000027260;889.53
06662;EER non démarré;29/05/2026;—;1000027261;675.27
05769;EER validé;29/05/2026;3f954994;1000027270;648.40
05769;EER validé;29/05/2026;79fb71fc;1000027271;740.58
05027;EER validé;29/05/2026;90d64286;1000027280;515.53
05027;EER validé;29/05/2026;cb75c3ea;1000027281;105.45
09238;EER démarré;29/05/2026;c6407ef5;1000027290;900.79
09238;EER démarré;29/05/2026;654c11b4;1000027291;608.35
03106;EER non démarré;29/05/2026;—;1000027300;823.76
03106;EER non démarré;29/05/2026;—;1000027301;858.96
08896;EER à rejeter;29/05/2026;ca0f92b0;1000027310;218.97
08896;EER à rejeter;29/05/2026;dc62fb1a;1000027311;741.70
05443;EER validé;29/05/2026;a306c671;1000027320;185.32
05443;EER validé;29/05/2026;0fa6b856;1000027321;678.11
06472;EER validé;29/05/2026;7e35f0ef;1000027330;647.96
06472;EER validé;29/05/2026;0f031eaa;1000027331;836.87
00787;EER validé;29/05/2026;c51a786c;1000027340;900.09
00787;EER validé;29/05/2026;b51e733f;1000027341;302.98
07536;EER non démarré;29/05/2026;—;1000027350;863.26
07536;EER non démarré;29/05/2026;—;1000027351;702.70
07472;EER non démarré;29/05/2026;—;1000027360;566.39
07472;EER non démarré;29/05/2026;—;1000027361;366.42
09238;EER non démarré;29/05/2026;—;1000027370;490.23
09238;EER non démarré;29/05/2026;—;1000027371;969.66
09238;EER non démarré;29/05/2026;—;1000027380;592.79
09238;EER non démarré;29/05/2026;—;1000027381;573.65
09238;EER validé;29/05/2026;c214058b;1000027390;968.88
09238;EER validé;29/05/2026;571b9be7;1000027391;315.27
03265;EER validé;29/05/2026;e77b54da;1000027400;678.02
03265;EER validé;29/05/2026;a4bb6418;1000027401;370.27
04110;EER validé;29/05/2026;1e5ee838;1000027410;422.78
04110;EER validé;29/05/2026;260a28e3;1000027411;894.00
04100;EER validé;29/05/2026;8a8acb45;1000027420;374.46
04100;EER validé;29/05/2026;8901955e;1000027421;855.33
05326;EER démarré;29/05/2026;4cd0dd01;1000027430;587.29
05326;EER démarré;29/05/2026;085f2a10;1000027431;574.65
06926;EER rejeté;29/05/2026;4369fcc2;1000027440;637.95
06926;EER rejeté;29/05/2026;a31e2eba;1000027441;944.03
09238;EER non démarré;29/05/2026;—;1000027450;318.28
09238;EER non démarré;29/05/2026;—;1000027451;287.45
08230;EER démarré;29/05/2026;c693f9ef;1000027460;863.52
08230;EER démarré;29/05/2026;4adbe470;1000027461;589.42
01872;EER validé;29/05/2026;4b00c188;1000027470;948.56
01872;EER validé;29/05/2026;a4731530;1000027471;988.75
07283;EER validé;29/05/2026;f5a84704;1000027480;693.88
07283;EER validé;29/05/2026;4242cc1d;1000027481;683.29
02468;EER validé;29/05/2026;4420a05d;1000027490;535.20
02468;EER validé;29/05/2026;5626b809;1000027491;623.03
05976;EER non démarré;29/05/2026;—;1000027500;515.24
05976;EER non démarré;29/05/2026;—;1000027501;642.92
07408;EER non démarré;29/05/2026;—;1000027510;640.10
07408;EER non démarré;29/05/2026;—;1000027511;593.60
03327;EER non démarré;29/05/2026;—;1000027520;501.90
03327;EER non démarré;29/05/2026;—;1000027521;422.51
09238;EER non démarré;29/05/2026;—;1000027530;170.21
09238;EER non démarré;29/05/2026;—;1000027531;567.00
08342;EER validé;29/05/2026;f53743ea;1000027540;745.90
08342;EER validé;29/05/2026;90132419;1000027541;537.14
05285;EER validé;29/05/2026;98cbd424;1000027550;670.04
05285;EER validé;29/05/2026;ff6ff87f;1000027551;341.19
00355;EER validé;29/05/2026;be924697;1000027560;674.17
00355;EER validé;29/05/2026;52e946d0;1000027561;412.86
08630;EER non démarré;29/05/2026;—;1000027570;218.74
08630;EER non démarré;29/05/2026;—;1000027571;635.47
03940;EER non démarré;29/05/2026;—;1000027580;667.98
03940;EER non démarré;29/05/2026;—;1000027581;763.46
07386;EER non démarré;29/05/2026;—;1000027590;170.19
07386;EER non démarré;29/05/2026;—;1000027591;860.87
05298;EER non démarré;29/05/2026;—;1000027600;466.16
05298;EER non démarré;29/05/2026;—;1000027601;824.46
03751;EER non démarré;29/05/2026;—;1000027610;902.42
03751;EER non démarré;29/05/2026;—;1000027611;702.38
03940;EER rejeté;29/05/2026;8eb1e801;1000027620;175.05
03940;EER rejeté;29/05/2026;7de93203;1000027621;771.53
03141;EER non démarré;29/05/2026;—;1000027630;560.03
03141;EER non démarré;29/05/2026;—;1000027631;659.42
00386;EER démarré;29/05/2026;b0c9cbb9;1000027640;635.99
00386;EER démarré;29/05/2026;5afc5f17;1000027641;426.60
05309;EER non démarré;29/05/2026;—;1000027650;779.00
05309;EER non démarré;29/05/2026;—;1000027651;767.78
02938;EER non démarré;29/05/2026;—;1000027660;266.87
02938;EER non démarré;29/05/2026;—;1000027661;373.24
08414;EER non démarré;29/05/2026;—;1000027670;618.90
08414;EER non démarré;29/05/2026;—;1000027671;972.61
00179;EER validé;29/05/2026;1b94e20f;1000027680;666.64
00179;EER validé;29/05/2026;55901712;1000027681;666.46
09940;EER non démarré;29/05/2026;—;1000027690;285.43
09940;EER non démarré;29/05/2026;—;1000027691;932.27
02230;EER démarré;29/05/2026;7a65811f;1000027700;179.69
02230;EER démarré;29/05/2026;3146bf59;1000027701;583.25
09276;EER validé;29/05/2026;090dedaf;1000027710;575.74
09276;EER validé;29/05/2026;d5e38ffe;1000027711;261.55
02675;EER non démarré;29/05/2026;—;1000027720;780.51
02675;EER non démarré;29/05/2026;—;1000027721;608.32
09238;EER non démarré;29/05/2026;—;1000027730;764.23
09238;EER non démarré;29/05/2026;—;1000027731;670.06
05994;EER validé;29/05/2026;596b0eaa;1000027740;424.75
05994;EER validé;29/05/2026;e3ac6c2b;1000027741;187.70
07472;EER non démarré;29/05/2026;—;1000027750;267.64
07472;EER non démarré;29/05/2026;—;1000027751;919.29
05300;EER validé;29/05/2026;f46634c0;1000027760;406.33
05300;EER validé;29/05/2026;64df1dda;1000027761;126.71
03863;EER non démarré;29/05/2026;—;1000027770;908.72
03863;EER non démarré;29/05/2026;—;1000027771;121.16
07516;EER non démarré;29/05/2026;—;1000027780;457.53
07516;EER non démarré;29/05/2026;—;1000027781;595.33
00685;EER validé;29/05/2026;2eff513a;1000027790;879.71
00685;EER validé;29/05/2026;9566f562;1000027791;292.60
09799;EER non démarré;29/05/2026;—;1000027800;679.47
09799;EER non démarré;29/05/2026;—;1000027801;540.38
09885;EER non démarré;29/05/2026;—;1000027810;635.78
09885;EER non démarré;29/05/2026;—;1000027811;637.94
05206;EER validé;29/05/2026;3418d1e6;1000027820;987.85
05206;EER validé;29/05/2026;f67630e5;1000027821;673.08
08754;EER non démarré;29/05/2026;—;1000027830;687.29
08754;EER non démarré;29/05/2026;—;1000027831;331.92
09549;EER non démarré;29/05/2026;—;1000027840;729.82
09549;EER non démarré;29/05/2026;—;1000027841;217.09
01031;EER validé;29/05/2026;0b105ac7;1000027850;704.97
01031;EER validé;29/05/2026;4ea88433;1000027851;607.52
09238;EER validé;29/05/2026;d9948213;1000027860;794.12
09238;EER validé;29/05/2026;fde8bda8;1000027861;209.18
08421;EER non démarré;29/05/2026;—;1000027870;891.62
08421;EER non démarré;29/05/2026;—;1000027871;426.98
08430;EER non démarré;29/05/2026;—;1000027880;211.67
08430;EER non démarré;29/05/2026;—;1000027881;835.58
09238;EER validé;29/05/2026;1ae01a44;1000027890;945.29
09238;EER validé;29/05/2026;3f2bbcf6;1000027891;937.12
07627;EER non démarré;29/05/2026;—;1000027900;577.08
07627;EER non démarré;29/05/2026;—;1000027901;782.86
09429;EER validé;29/05/2026;8d38c0f9;1000027910;917.77
09429;EER validé;29/05/2026;03e173c5;1000027911;775.03
06184;EER validé;29/05/2026;8dff36b4;1000027920;283.19
06184;EER validé;29/05/2026;ede401d7;1000027921;998.47
03940;EER non démarré;29/05/2026;—;1000027930;367.64
03940;EER non démarré;29/05/2026;—;1000027931;181.98
08641;EER non démarré;29/05/2026;—;1000027940;562.87
08641;EER non démarré;29/05/2026;—;1000027941;733.40
01800;EER non démarré;29/05/2026;—;1000027950;204.16
01800;EER non démarré;29/05/2026;—;1000027951;621.48
04253;EER validé;29/05/2026;42c51a33;1000027960;655.14
04253;EER validé;29/05/2026;7ab0ea25;1000027961;421.55
06744;EER non démarré;29/05/2026;—;1000027970;421.84
06744;EER non démarré;29/05/2026;—;1000027971;655.49
01829;EER non démarré;29/05/2026;—;1000027980;189.08
01829;EER non démarré;29/05/2026;—;1000027981;602.85
05298;EER non démarré;29/05/2026;—;1000027990;739.59
05298;EER non démarré;29/05/2026;—;1000027991;840.32
02883;EER non démarré;29/05/2026;—;1000028000;329.95
02883;EER non démarré;29/05/2026;—;1000028001;992.08
07286;EER validé;29/05/2026;d9698e73;1000028010;591.91
07286;EER validé;29/05/2026;88ff04f3;1000028011;426.69
00126;EER validé;29/05/2026;31501505;1000028020;983.57
00126;EER validé;29/05/2026;dc8c1b01;1000028021;405.67
06744;EER validé;29/05/2026;eec192d9;1000028030;432.67
06744;EER validé;29/05/2026;8e0e5da1;1000028031;749.09
07125;EER non démarré;29/05/2026;—;1000028040;824.53
07125;EER non démarré;29/05/2026;—;1000028041;425.42
02880;EER à rejeter;29/05/2026;08f67cc4;1000028050;876.01
02880;EER à rejeter;29/05/2026;db3da235;1000028051;508.85
06744;EER validé;29/05/2026;16649077;1000028060;724.87
06744;EER validé;29/05/2026;64b5e3e1;1000028061;600.48
05206;EER validé;29/05/2026;9b1b2ba4;1000028070;931.04
05206;EER validé;29/05/2026;f2d886e0;1000028071;107.24
08414;EER non démarré;29/05/2026;—;1000028080;349.38
08414;EER non démarré;29/05/2026;—;1000028081;548.75
03462;EER non démarré;29/05/2026;—;1000028090;927.97
03462;EER non démarré;29/05/2026;—;1000028091;348.68
03900;EER validé;29/05/2026;aec48c7c;1000028100;893.62
03900;EER validé;29/05/2026;cd71b8a7;1000028101;936.74
03706;EER non démarré;29/05/2026;—;1000028110;691.29
03706;EER non démarré;29/05/2026;—;1000028111;399.50
09238;EER non démarré;29/05/2026;—;1000028120;302.46
09238;EER non démarré;29/05/2026;—;1000028121;829.03
09238;EER validé;29/05/2026;e94d336e;1000028130;353.29
09238;EER validé;29/05/2026;7644caf1;1000028131;980.51
07123;EER validé;29/05/2026;2a663e68;1000028140;482.13
07123;EER validé;29/05/2026;e9b8e25f;1000028141;988.09
09323;EER validé;29/05/2026;a08c6ce8;1000028150;224.25
09323;EER validé;29/05/2026;98f0ffaf;1000028151;236.93
00481;EER validé;29/05/2026;b306bf88;1000028160;347.38
00481;EER validé;29/05/2026;92f060e3;1000028161;567.21
00126;EER non démarré;29/05/2026;—;1000028170;385.34
00126;EER non démarré;29/05/2026;—;1000028171;406.65
09238;EER démarré;29/05/2026;8068de47;1000028180;200.70
09238;EER démarré;29/05/2026;d26cd091;1000028181;240.38
06556;EER rejeté;29/05/2026;0b3a906c;1000028190;972.57
06556;EER rejeté;29/05/2026;79d6ddec;1000028191;149.91
00386;EER validé;29/05/2026;66a2a732;1000028200;854.52
00386;EER validé;29/05/2026;1231cdc0;1000028201;425.14
09238;EER démarré;29/05/2026;ec94681e;1000028210;794.99
09238;EER démarré;29/05/2026;87f8b4b2;1000028211;158.01
09238;EER non démarré;29/05/2026;—;1000028220;702.81
09238;EER non démarré;29/05/2026;—;1000028221;799.57
09238;EER non démarré;29/05/2026;—;1000028230;444.40
09238;EER non démarré;29/05/2026;—;1000028231;723.53
09069;EER validé;29/05/2026;f1b7a28e;1000028240;864.67
09069;EER validé;29/05/2026;e7d78dd5;1000028241;161.91
06744;EER démarré;29/05/2026;1c53fc81;1000028250;917.92
06744;EER démarré;29/05/2026;392a7d9e;1000028251;300.60
08048;EER non démarré;29/05/2026;—;1000028260;251.26
08048;EER non démarré;29/05/2026;—;1000028261;430.37
09238;EER validé;29/05/2026;57d5614c;1000028270;274.90
09238;EER validé;29/05/2026;42f32cc8;1000028271;540.80
07386;EER démarré;29/05/2026;9816d7cc;1000028280;503.41
07386;EER démarré;29/05/2026;20f77e0e;1000028281;342.95
04946;EER validé;29/05/2026;e64549cf;1000028290;152.99
04946;EER validé;29/05/2026;382d5abd;1000028291;286.14
09483;EER non démarré;29/05/2026;—;1000028300;769.03
09483;EER non démarré;29/05/2026;—;1000028301;581.46
03231;EER non démarré;29/05/2026;—;1000028310;696.34
03231;EER non démarré;29/05/2026;—;1000028311;832.19
07627;EER non démarré;29/05/2026;—;1000028320;403.39
07627;EER non démarré;29/05/2026;—;1000028321;516.03
05194;EER non démarré;29/05/2026;—;1000028330;274.66
05194;EER non démarré;29/05/2026;—;1000028331;713.01
04179;EER non démarré;29/05/2026;—;1000028340;454.30
04179;EER non démarré;29/05/2026;—;1000028341;896.74
03852;EER validé;29/05/2026;b7b67886;1000028350;874.23
03852;EER validé;29/05/2026;07c4a957;1000028351;599.99
03672;EER validé;29/05/2026;33d0b00c;1000028360;644.04
03672;EER validé;29/05/2026;16d7b2dd;1000028361;735.21
09238;EER validé;29/05/2026;979cb995;1000028370;410.23
09238;EER validé;29/05/2026;43488155;1000028371;712.83
07627;EER non démarré;29/05/2026;—;1000028380;840.82
07627;EER non démarré;29/05/2026;—;1000028381;740.96
03940;EER validé;29/05/2026;cc94fa86;1000028390;830.89
03940;EER validé;29/05/2026;4764ed87;1000028391;864.34
01192;EER validé;29/05/2026;eb6500c7;1000028400;375.23
01192;EER validé;29/05/2026;a81a2143;1000028401;958.35
06744;EER rejeté;29/05/2026;8443f9af;1000028410;166.66
06744;EER rejeté;29/05/2026;aebe46fa;1000028411;937.57
01984;EER démarré;29/05/2026;7813a2d0;1000028420;749.12
01984;EER démarré;29/05/2026;188ec9e6;1000028421;440.24
07152;EER non démarré;29/05/2026;—;1000028430;189.69
07152;EER non démarré;29/05/2026;—;1000028431;934.58
09238;EER non démarré;29/05/2026;—;1000028440;284.98
09238;EER non démarré;29/05/2026;—;1000028441;145.21
05326;EER non démarré;29/05/2026;—;1000028450;138.86
05326;EER non démarré;29/05/2026;—;1000028451;903.76
09238;EER validé;29/05/2026;12749b29;1000028460;787.28
09238;EER validé;29/05/2026;ffb41ce9;1000028461;988.00
06591;EER non démarré;29/05/2026;—;1000028470;713.37
06591;EER non démarré;29/05/2026;—;1000028471;630.21
05838;EER validé;29/05/2026;0b9e27fa;1000028480;621.28
05838;EER validé;29/05/2026;6da065ea;1000028481;988.29
09524;EER démarré;29/05/2026;c114f7cc;1000028490;589.16
09524;EER démarré;29/05/2026;ccf4f59e;1000028491;412.91
08421;EER non démarré;29/05/2026;—;1000028500;350.02
08421;EER non démarré;29/05/2026;—;1000028501;478.72
09238;EER non démarré;29/05/2026;—;1000028510;937.22
09238;EER non démarré;29/05/2026;—;1000028511;805.30
01079;EER non démarré;29/05/2026;—;1000028520;487.41
01079;EER non démarré;29/05/2026;—;1000028521;491.41
08421;EER validé;29/05/2026;892fbd47;1000028530;127.05
08421;EER validé;29/05/2026;b9e77f42;1000028531;190.45
02148;EER non démarré;29/05/2026;—;1000028540;498.95
02148;EER non démarré;29/05/2026;—;1000028541;140.82
06926;EER rejeté;29/05/2026;38a82c4b;1000028550;523.90
06926;EER rejeté;29/05/2026;2540a416;1000028551;708.55
07627;EER non démarré;29/05/2026;—;1000028560;606.77
07627;EER non démarré;29/05/2026;—;1000028561;128.29
08826;EER validé;29/05/2026;fd69f740;1000028570;218.50
08826;EER validé;29/05/2026;5a7a1988;1000028571;755.29
09238;EER non démarré;29/05/2026;—;1000028580;864.41
09238;EER non démarré;29/05/2026;—;1000028581;652.06
08414;EER rejeté;29/05/2026;f3091afc;1000028590;117.87
08414;EER rejeté;29/05/2026;f79f775d;1000028591;945.09
09725;EER validé;29/05/2026;2989e29e;1000028600;227.58
09725;EER validé;29/05/2026;dc67fce8;1000028601;352.80
09634;EER non démarré;29/05/2026;—;1000028610;721.59
09634;EER non démarré;29/05/2026;—;1000028611;735.54
03366;EER non démarré;29/05/2026;—;1000028620;304.74
03366;EER non démarré;29/05/2026;—;1000028621;239.11
06736;EER non démarré;29/05/2026;—;1000028630;170.24
06736;EER non démarré;29/05/2026;—;1000028631;669.95
06744;EER non démarré;29/05/2026;—;1000028640;818.10
06744;EER non démarré;29/05/2026;—;1000028641;450.45
05522;EER démarré;29/05/2026;9f43c7d4;1000028650;199.95
05522;EER démarré;29/05/2026;3e4d3179;1000028651;360.49
04169;EER validé;29/05/2026;513a3b5a;1000028660;772.99
04169;EER validé;29/05/2026;dcc2a391;1000028661;863.92
00739;EER non démarré;29/05/2026;—;1000028670;692.61
00739;EER non démarré;29/05/2026;—;1000028671;498.23
08589;EER non démarré;29/05/2026;—;1000028680;493.86
08589;EER non démarré;29/05/2026;—;1000028681;388.83
07386;EER non démarré;29/05/2026;—;1000028690;593.26
07386;EER non démarré;29/05/2026;—;1000028691;484.80
09238;EER non démarré;29/05/2026;—;1000028700;562.49
09238;EER non démarré;29/05/2026;—;1000028701;136.01
03366;EER non démarré;29/05/2026;—;1000028710;592.86
03366;EER non démarré;29/05/2026;—;1000028711;290.70
04669;EER non démarré;29/05/2026;—;1000028720;808.32
04669;EER non démarré;29/05/2026;—;1000028721;678.05
06236;EER non démarré;29/05/2026;—;1000028730;169.97
06236;EER non démarré;29/05/2026;—;1000028731;776.45
03598;EER non démarré;29/05/2026;—;1000028740;962.80
03598;EER non démarré;29/05/2026;—;1000028741;540.21
09238;EER non démarré;29/05/2026;—;1000028750;898.61
09238;EER non démarré;29/05/2026;—;1000028751;440.48
07014;EER non démarré;29/05/2026;—;1000028760;237.17
07014;EER non démarré;29/05/2026;—;1000028761;769.03
05203;EER non démarré;29/05/2026;—;1000028770;429.85
05203;EER non démarré;29/05/2026;—;1000028771;340.95
03492;EER validé;28/05/2026;1313e305;1000028780;228.61
03492;EER validé;28/05/2026;6f5b81d1;1000028781;611.73
06556;EER démarré;28/05/2026;c009f032;1000028790;959.73
06556;EER démarré;28/05/2026;dd788a4f;1000028791;397.25
07386;EER non démarré;28/05/2026;—;1000028800;182.48
07386;EER non démarré;28/05/2026;—;1000028801;498.61
07386;EER démarré;28/05/2026;c7b0b5ea;1000028810;393.84
07386;EER démarré;28/05/2026;96fe4d11;1000028811;581.52
06094;EER non démarré;28/05/2026;—;1000028820;931.03
06094;EER non démarré;28/05/2026;—;1000028821;110.09
07386;EER non démarré;28/05/2026;—;1000028830;476.26
07386;EER non démarré;28/05/2026;—;1000028831;226.36
08579;EER non démarré;28/05/2026;—;1000028840;177.34
08579;EER non démarré;28/05/2026;—;1000028841;436.14
09238;EER non démarré;28/05/2026;—;1000028850;953.92
09238;EER non démarré;28/05/2026;—;1000028851;796.41
05331;EER non démarré;28/05/2026;—;1000028860;571.15
05331;EER non démarré;28/05/2026;—;1000028861;420.94
09238;EER validé;28/05/2026;1e23fc6b;1000028870;569.99
09238;EER validé;28/05/2026;5248a75b;1000028871;896.52
04437;EER validé;28/05/2026;08f5ea98;1000028880;636.91
04437;EER validé;28/05/2026;163e3d0d;1000028881;644.19
07293;EER non démarré;28/05/2026;—;1000028890;271.08
07293;EER non démarré;28/05/2026;—;1000028891;674.40
08840;EER non démarré;28/05/2026;—;1000028900;197.82
08840;EER non démarré;28/05/2026;—;1000028901;736.09
02300;EER non démarré;28/05/2026;—;1000028910;394.86
02300;EER non démarré;28/05/2026;—;1000028911;418.02
09238;EER validé;28/05/2026;305594c2;1000028920;967.73
09238;EER validé;28/05/2026;8acab46d;1000028921;234.68
09238;EER validé;28/05/2026;398ccd2a;1000028930;602.37
09238;EER validé;28/05/2026;f571892d;1000028931;874.92
01603;EER validé;28/05/2026;bd34d8f0;1000028940;951.72
01603;EER validé;28/05/2026;9f60bb3d;1000028941;970.92
01811;EER non démarré;28/05/2026;—;1000028950;732.95
01811;EER non démarré;28/05/2026;—;1000028951;799.91
06744;EER à valider;28/05/2026;14ff44e9;1000028960;673.73
06744;EER à valider;28/05/2026;af94b009;1000028961;497.45
06255;EER non démarré;28/05/2026;—;1000028970;338.02
06255;EER non démarré;28/05/2026;—;1000028971;554.04
09238;EER non démarré;28/05/2026;—;1000028980;569.02
09238;EER non démarré;28/05/2026;—;1000028981;267.37
05443;EER validé;28/05/2026;a3f153a1;1000028990;264.81
05443;EER validé;28/05/2026;9a939ef6;1000028991;265.43
04253;EER validé;28/05/2026;23f583f5;1000029000;967.26
04253;EER validé;28/05/2026;e273aa45;1000029001;254.95
07715;EER validé;28/05/2026;ef918e7d;1000029010;413.28
07715;EER validé;28/05/2026;99bc12aa;1000029011;391.71
09238;EER non démarré;28/05/2026;—;1000029020;120.89
09238;EER non démarré;28/05/2026;—;1000029021;165.32
09514;EER non démarré;28/05/2026;—;1000029030;326.44
09514;EER non démarré;28/05/2026;—;1000029031;195.32
02351;EER non démarré;28/05/2026;—;1000029040;512.34
02351;EER non démarré;28/05/2026;—;1000029041;626.86
09260;EER non démarré;28/05/2026;—;1000029050;616.10
09260;EER non démarré;28/05/2026;—;1000029051;294.98
09974;EER non démarré;28/05/2026;—;1000029060;874.86
09974;EER non démarré;28/05/2026;—;1000029061;566.51
05575;EER validé;28/05/2026;55028cc2;1000029070;236.97
05575;EER validé;28/05/2026;d3b6da6c;1000029071;991.25
02367;EER non démarré;28/05/2026;—;1000029080;684.88
02367;EER non démarré;28/05/2026;—;1000029081;499.36
08546;EER validé;28/05/2026;d8b17abc;1000029090;678.16
08546;EER validé;28/05/2026;37d2e811;1000029091;945.95
01079;EER validé;28/05/2026;348955d0;1000029100;283.64
01079;EER validé;28/05/2026;183f2267;1000029101;337.26
09238;EER non démarré;28/05/2026;—;1000029110;539.34
09238;EER non démarré;28/05/2026;—;1000029111;810.42
08774;EER non démarré;28/05/2026;—;1000029120;419.39
08774;EER non démarré;28/05/2026;—;1000029121;327.92
09238;EER non démarré;28/05/2026;—;1000029130;544.58
09238;EER non démarré;28/05/2026;—;1000029131;363.03
08896;EER non démarré;28/05/2026;—;1000029140;367.28
08896;EER non démarré;28/05/2026;—;1000029141;210.48
03141;EER validé;28/05/2026;a9b8ae72;1000029150;319.45
03141;EER validé;28/05/2026;62f2b778;1000029151;960.82
05689;EER démarré;28/05/2026;d91ddf60;1000029160;961.64
05689;EER démarré;28/05/2026;a0372f61;1000029161;405.01
03940;EER validé;28/05/2026;92bcdc5b;1000029170;573.51
03940;EER validé;28/05/2026;25993972;1000029171;990.11
03231;EER non démarré;28/05/2026;—;1000029180;683.95
03231;EER non démarré;28/05/2026;—;1000029181;229.58
02675;EER validé;28/05/2026;eebc2af7;1000029190;708.25
02675;EER validé;28/05/2026;280eb2e9;1000029191;306.89
07286;EER démarré;28/05/2026;99e536e9;1000029200;967.82
07286;EER démarré;28/05/2026;bc168d92;1000029201;881.07
03469;EER démarré;28/05/2026;4dd86ec7;1000029210;329.59
03469;EER démarré;28/05/2026;7e1398f2;1000029211;465.70
06178;EER validé;28/05/2026;a62ad6a2;1000029220;360.54
06178;EER validé;28/05/2026;c239117a;1000029221;456.21
06744;EER validé;28/05/2026;0824e950;1000029230;778.37
06744;EER validé;28/05/2026;d6ce97c4;1000029231;193.45
02200;EER validé;28/05/2026;aa58e6bb;1000029240;990.20
02200;EER validé;28/05/2026;2a305ad5;1000029241;802.74
06239;EER rejeté;28/05/2026;2ab93f04;1000029250;129.52
06239;EER rejeté;28/05/2026;de6f82a0;1000029251;304.39
03287;EER à valider;28/05/2026;dd65fae8;1000029260;763.45
03287;EER à valider;28/05/2026;135d765b;1000029261;630.85
07268;EER validé;28/05/2026;64686d41;1000029270;226.14
07268;EER validé;28/05/2026;a7cb30c8;1000029271;537.65
01546;EER validé;28/05/2026;2e2fce74;1000029280;732.49
01546;EER validé;28/05/2026;f98de7f9;1000029281;148.20
09238;EER validé;28/05/2026;b22ecff1;1000029290;503.80
09238;EER validé;28/05/2026;ccffb32b;1000029291;106.21
03136;EER validé;28/05/2026;6353f8c6;1000029300;211.95
03136;EER validé;28/05/2026;0a0108e1;1000029301;167.24
00644;EER non démarré;28/05/2026;—;1000029310;751.04
00644;EER non démarré;28/05/2026;—;1000029311;197.22
08716;EER non démarré;28/05/2026;—;1000029320;230.23
08716;EER non démarré;28/05/2026;—;1000029321;690.99
09238;EER non démarré;28/05/2026;—;1000029330;884.01
09238;EER non démarré;28/05/2026;—;1000029331;198.16
02148;EER non démarré;28/05/2026;—;1000029340;346.76
02148;EER non démarré;28/05/2026;—;1000029341;470.06
01939;EER validé;28/05/2026;92d64d98;1000029350;370.53
01939;EER validé;28/05/2026;d3522bd3;1000029351;541.16
01192;EER validé;28/05/2026;bff272b7;1000029360;779.24
01192;EER validé;28/05/2026;4ab128a0;1000029361;250.23
06358;EER non démarré;28/05/2026;—;1000029370;490.07
06358;EER non démarré;28/05/2026;—;1000029371;344.18
05443;EER non démarré;28/05/2026;—;1000029380;631.98
05443;EER non démarré;28/05/2026;—;1000029381;628.08
00349;EER non démarré;28/05/2026;—;1000029390;225.40
00349;EER non démarré;28/05/2026;—;1000029391;700.31
06744;EER validé;28/05/2026;f3e009e0;1000029400;638.91
06744;EER validé;28/05/2026;dfc0f5fc;1000029401;753.01
01387;EER démarré;28/05/2026;8837c7d7;1000029410;460.64
01387;EER démarré;28/05/2026;3c2728eb;1000029411;409.95
08346;EER non démarré;28/05/2026;—;1000029420;494.99
08346;EER non démarré;28/05/2026;—;1000029421;691.74
02811;EER validé;28/05/2026;b9bc7122;1000029430;289.94
02811;EER validé;28/05/2026;eb95f6d1;1000029431;597.67
04786;EER démarré;28/05/2026;f0f0e6f4;1000029440;822.31
04786;EER démarré;28/05/2026;abf9b960;1000029441;288.36
07038;EER démarré;28/05/2026;0902872e;1000029450;731.85
07038;EER démarré;28/05/2026;f0a852ec;1000029451;567.81
09238;EER non démarré;28/05/2026;—;1000029460;377.00
09238;EER non démarré;28/05/2026;—;1000029461;844.93
07268;EER à rejeter;28/05/2026;c2ccd3c0;1000029470;200.74
07268;EER à rejeter;28/05/2026;4ed961ef;1000029471;938.38
06792;EER non démarré;28/05/2026;—;1000029480;407.32
06792;EER non démarré;28/05/2026;—;1000029481;916.86
09238;EER non démarré;28/05/2026;—;1000029490;932.82
09238;EER non démarré;28/05/2026;—;1000029491;327.24
01177;EER validé;28/05/2026;3546e76f;1000029500;875.64
01177;EER validé;28/05/2026;9589030d;1000029501;991.50
07627;EER non démarré;28/05/2026;—;1000029510;701.71
07627;EER non démarré;28/05/2026;—;1000029511;944.55
08421;EER non démarré;28/05/2026;—;1000029520;596.16
08421;EER non démarré;28/05/2026;—;1000029521;634.79
09885;EER non démarré;28/05/2026;—;1000029530;794.24
09885;EER non démarré;28/05/2026;—;1000029531;615.01
08492;EER non démarré;28/05/2026;—;1000029540;497.84
08492;EER non démarré;28/05/2026;—;1000029541;233.30
00386;EER non démarré;28/05/2026;—;1000029550;733.83
00386;EER non démarré;28/05/2026;—;1000029551;753.80
07853;EER démarré;28/05/2026;9e86bea4;1000029560;148.95
07853;EER démarré;28/05/2026;20ffd98f;1000029561;408.31
05675;EER non démarré;28/05/2026;—;1000029570;518.12
05675;EER non démarré;28/05/2026;—;1000029571;725.14
07853;EER non démarré;28/05/2026;—;1000029580;292.92
07853;EER non démarré;28/05/2026;—;1000029581;407.84
06419;EER non démarré;28/05/2026;—;1000029590;167.78
06419;EER non démarré;28/05/2026;—;1000029591;166.47
09238;EER non démarré;28/05/2026;—;1000029600;854.55
09238;EER non démarré;28/05/2026;—;1000029601;996.46
08421;EER rejeté;28/05/2026;f003ac19;1000029610;301.99
08421;EER rejeté;28/05/2026;ad50dc0d;1000029611;734.07
09476;EER non démarré;28/05/2026;—;1000029620;661.68
09476;EER non démarré;28/05/2026;—;1000029621;721.01
07386;EER non démarré;28/05/2026;—;1000029630;637.24
07386;EER non démarré;28/05/2026;—;1000029631;623.09
05769;EER validé;28/05/2026;1faa3852;1000029640;134.45
05769;EER validé;28/05/2026;e6b779c8;1000029641;784.05
09238;EER validé;28/05/2026;78775cc1;1000029650;184.84
09238;EER validé;28/05/2026;34247d1d;1000029651;991.58
06472;EER non démarré;28/05/2026;—;1000029660;722.52
06472;EER non démarré;28/05/2026;—;1000029661;415.42
01046;EER validé;28/05/2026;e3b17958;1000029670;265.28
01046;EER validé;28/05/2026;8f5b4f9f;1000029671;570.58
03999;EER non démarré;28/05/2026;—;1000029680;401.95
03999;EER non démarré;28/05/2026;—;1000029681;847.28
08001;EER non démarré;28/05/2026;—;1000029690;780.90
08001;EER non démarré;28/05/2026;—;1000029691;819.30
09238;EER non démarré;28/05/2026;—;1000029700;198.76
09238;EER non démarré;28/05/2026;—;1000029701;846.74
06744;EER non démarré;28/05/2026;—;1000029710;564.67
06744;EER non démarré;28/05/2026;—;1000029711;972.82
08367;EER validé;28/05/2026;32d44e98;1000029720;670.72
08367;EER validé;28/05/2026;c3af546c;1000029721;762.68
05027;EER non démarré;28/05/2026;—;1000029730;756.57
05027;EER non démarré;28/05/2026;—;1000029731;241.79
06744;EER rejeté;28/05/2026;3154caad;1000029740;370.45
06744;EER rejeté;28/05/2026;63d47c95;1000029741;743.03
03863;EER non démarré;28/05/2026;—;1000029750;701.29
03863;EER non démarré;28/05/2026;—;1000029751;512.34
08421;EER non démarré;28/05/2026;—;1000029760;586.74
08421;EER non démarré;28/05/2026;—;1000029761;201.42
09238;EER non démarré;28/05/2026;—;1000029770;787.62
09238;EER non démarré;28/05/2026;—;1000029771;354.32
05443;EER non démarré;28/05/2026;—;1000029780;391.82
05443;EER non démarré;28/05/2026;—;1000029781;455.27
06744;EER validé;28/05/2026;b82d26b6;1000029790;122.89
06744;EER validé;28/05/2026;ec2c3ce4;1000029791;168.27
09238;EER validé;28/05/2026;4d546c9e;1000029800;971.80
09238;EER validé;28/05/2026;1b8b002d;1000029801;456.09
07842;EER validé;28/05/2026;5ff50875;1000029810;287.18
07842;EER validé;28/05/2026;d7041c77;1000029811;421.08
09708;EER non démarré;28/05/2026;—;1000029820;708.96
09708;EER non démarré;28/05/2026;—;1000029821;919.57
07627;EER non démarré;28/05/2026;—;1000029830;987.43
07627;EER non démarré;28/05/2026;—;1000029831;932.14
06926;EER validé;28/05/2026;52baa447;1000029840;558.40
06926;EER validé;28/05/2026;32fc2118;1000029841;781.88
04868;EER non démarré;28/05/2026;—;1000029850;498.68
04868;EER non démarré;28/05/2026;—;1000029851;361.66
06592;EER validé;28/05/2026;120c9dc5;1000029860;791.17
06592;EER validé;28/05/2026;cc85c1ff;1000029861;521.92
08492;EER non démarré;28/05/2026;—;1000029870;699.17
08492;EER non démarré;28/05/2026;—;1000029871;272.98
09276;EER non démarré;28/05/2026;—;1000029880;179.31
09276;EER non démarré;28/05/2026;—;1000029881;644.21
09093;EER démarré;28/05/2026;dd506110;1000029890;325.69
09093;EER démarré;28/05/2026;95cd124d;1000029891;696.13
05443;EER validé;28/05/2026;00ab0726;1000029900;671.81
05443;EER validé;28/05/2026;b77d48af;1000029901;582.79
00709;EER non démarré;28/05/2026;—;1000029910;623.05
00709;EER non démarré;28/05/2026;—;1000029911;350.95
09238;EER démarré;28/05/2026;0fcd1157;1000029920;569.24
09238;EER démarré;28/05/2026;1993bf6d;1000029921;418.39
09110;EER validé;28/05/2026;1db9fcbd;1000029930;918.45
09110;EER validé;28/05/2026;a8da3f7a;1000029931;496.60
02856;EER à rejeter;28/05/2026;642c1f7c;1000029940;629.17
02856;EER à rejeter;28/05/2026;e52aff85;1000029941;321.54
03933;EER non démarré;28/05/2026;—;1000029950;527.45
03933;EER non démarré;28/05/2026;—;1000029951;398.96
03940;EER non démarré;28/05/2026;—;1000029960;715.57
03940;EER non démarré;28/05/2026;—;1000029961;794.54
01257;EER non démarré;28/05/2026;—;1000029970;951.26
01257;EER non démarré;28/05/2026;—;1000029971;779.37
03598;EER validé;28/05/2026;72d95534;1000029980;699.82
03598;EER validé;28/05/2026;687ac12c;1000029981;742.68
00685;EER validé;28/05/2026;62251c0b;1000029990;974.30
00685;EER validé;28/05/2026;70448a58;1000029991;566.33
00763;EER non démarré;28/05/2026;—;1000030000;705.85
00763;EER non démarré;28/05/2026;—;1000030001;394.21
07054;EER non démarré;28/05/2026;—;1000030010;245.37
07054;EER non démarré;28/05/2026;—;1000030011;639.90
05090;EER non démarré;28/05/2026;—;1000030020;644.22
05090;EER non démarré;28/05/2026;—;1000030021;983.48
05765;EER non démarré;28/05/2026;—;1000030030;135.38
05765;EER non démarré;28/05/2026;—;1000030031;545.80
08492;EER validé;28/05/2026;b01d049c;1000030040;423.43
08492;EER validé;28/05/2026;d28643aa;1000030041;965.64
04669;EER validé;28/05/2026;405e2e59;1000030050;437.02
04669;EER validé;28/05/2026;e7c14415;1000030051;581.43
09238;EER validé;28/05/2026;fc2c5a88;1000030060;734.61
09238;EER validé;28/05/2026;7593fa71;1000030061;623.48
01588;EER non démarré;28/05/2026;—;1000030070;378.19
01588;EER non démarré;28/05/2026;—;1000030071;180.21
05945;EER non démarré;28/05/2026;—;1000030080;443.98
05945;EER non démarré;28/05/2026;—;1000030081;552.83
07627;EER validé;28/05/2026;b2e6e856;1000030090;304.20
07627;EER validé;28/05/2026;a7702710;1000030091;236.01
08445;EER validé;28/05/2026;1344842f;1000030100;671.99
08445;EER validé;28/05/2026;164178be;1000030101;448.22
09238;EER validé;28/05/2026;a4d7fe21;1000030110;393.35
09238;EER validé;28/05/2026;3cb82bcc;1000030111;602.07
05765;EER non démarré;28/05/2026;—;1000030120;132.52
05765;EER non démarré;28/05/2026;—;1000030121;478.84
01597;EER validé;28/05/2026;a30b068e;1000030130;890.10
01597;EER validé;28/05/2026;7bbcfc07;1000030131;857.01
06867;EER non démarré;28/05/2026;—;1000030140;413.06
06867;EER non démarré;28/05/2026;—;1000030141;143.27
01192;EER validé;28/05/2026;b668c000;1000030150;101.85
01192;EER validé;28/05/2026;46077dd4;1000030151;876.64
09238;EER à valider;28/05/2026;c2deb2f8;1000030160;622.84
09238;EER à valider;28/05/2026;e1104871;1000030161;405.16
08582;EER non démarré;28/05/2026;—;1000030170;382.33
08582;EER non démarré;28/05/2026;—;1000030171;576.42
07293;EER non démarré;28/05/2026;—;1000030180;780.76
07293;EER non démarré;28/05/2026;—;1000030181;198.04
09917;EER validé;28/05/2026;1da032dc;1000030190;672.56
09917;EER validé;28/05/2026;f76e792a;1000030191;263.02
01531;EER non démarré;28/05/2026;—;1000030200;346.43
01531;EER non démarré;28/05/2026;—;1000030201;980.94
07820;EER non démarré;28/05/2026;—;1000030210;953.20
07820;EER non démarré;28/05/2026;—;1000030211;267.82
07386;EER validé;28/05/2026;52f69a21;1000030220;958.93
07386;EER validé;28/05/2026;37898849;1000030221;748.73
09238;EER validé;28/05/2026;778643d9;1000030230;452.46
09238;EER validé;28/05/2026;d52ca535;1000030231;584.74
08191;EER validé;28/05/2026;f483fad8;1000030240;349.39
08191;EER validé;28/05/2026;451a1481;1000030241;862.34
00937;EER validé;28/05/2026;0b574c0a;1000030250;684.96
00937;EER validé;28/05/2026;2dd3cc2c;1000030251;796.84
08653;EER non démarré;28/05/2026;—;1000030260;201.36
08653;EER non démarré;28/05/2026;—;1000030261;400.66
06556;EER non démarré;28/05/2026;—;1000030270;205.57
06556;EER non démarré;28/05/2026;—;1000030271;857.02
05522;EER non démarré;27/05/2026;—;1000030280;354.52
05522;EER non démarré;27/05/2026;—;1000030281;964.93
05522;EER non démarré;27/05/2026;—;1000030290;472.07
05522;EER non démarré;27/05/2026;—;1000030291;291.09
06744;EER non démarré;27/05/2026;—;1000030300;578.69
06744;EER non démarré;27/05/2026;—;1000030301;735.55
05161;EER à valider;27/05/2026;bdc54a54;1000030310;615.23
05161;EER à valider;27/05/2026;74de759d;1000030311;738.53
04767;EER validé;27/05/2026;2007d434;1000030320;249.34
04767;EER validé;27/05/2026;ba65228b;1000030321;729.65
06075;EER non démarré;27/05/2026;—;1000030330;866.52
06075;EER non démarré;27/05/2026;—;1000030331;321.93
09238;EER non démarré;27/05/2026;—;1000030340;439.74
09238;EER non démarré;27/05/2026;—;1000030341;315.03
08163;EER non démarré;27/05/2026;—;1000030350;387.69
08163;EER non démarré;27/05/2026;—;1000030351;526.66
03039;EER validé;27/05/2026;a132ddae;1000030360;592.51
03039;EER validé;27/05/2026;6d5ca612;1000030361;892.60
09276;EER rejeté;27/05/2026;e8667e2a;1000030370;153.56
09276;EER rejeté;27/05/2026;ae02ea03;1000030371;483.14
07261;EER validé;27/05/2026;ada9fb2f;1000030380;674.06
07261;EER validé;27/05/2026;7fb97b12;1000030381;569.12
08448;EER validé;27/05/2026;3dff4efe;1000030390;654.00
08448;EER validé;27/05/2026;de976091;1000030391;198.86
07627;EER non démarré;27/05/2026;—;1000030400;347.02
07627;EER non démarré;27/05/2026;—;1000030401;806.66
05298;EER validé;27/05/2026;654b1363;1000030410;868.60
05298;EER validé;27/05/2026;a4874ba1;1000030411;129.95
01829;EER validé;27/05/2026;65e5247a;1000030420;374.53
01829;EER validé;27/05/2026;e355caf1;1000030421;411.33
00368;EER validé;27/05/2026;40c98ef0;1000030430;609.36
00368;EER validé;27/05/2026;7edb6f75;1000030431;427.83
02675;EER non démarré;27/05/2026;—;1000030440;269.97
02675;EER non démarré;27/05/2026;—;1000030441;694.92
01674;EER non démarré;27/05/2026;—;1000030450;283.42
01674;EER non démarré;27/05/2026;—;1000030451;792.58
03940;EER validé;27/05/2026;bc2f2626;1000030460;487.20
03940;EER validé;27/05/2026;9e34f2e2;1000030461;921.90
05326;EER validé;27/05/2026;6f01c687;1000030470;243.47
05326;EER validé;27/05/2026;bcf36922;1000030471;678.66
08342;EER non démarré;27/05/2026;—;1000030480;966.74
08342;EER non démarré;27/05/2026;—;1000030481;608.61
09110;EER non démarré;27/05/2026;—;1000030490;505.93
09110;EER non démarré;27/05/2026;—;1000030491;507.65
06744;EER validé;27/05/2026;acaa75e8;1000030500;813.61
06744;EER validé;27/05/2026;5511cc9b;1000030501;415.12
01588;EER non démarré;27/05/2026;—;1000030510;424.88
01588;EER non démarré;27/05/2026;—;1000030511;944.30
03940;EER validé;27/05/2026;ac04a262;1000030520;239.41
03940;EER validé;27/05/2026;9b232e03;1000030521;894.85
09238;EER validé;27/05/2026;4a511860;1000030530;493.45
09238;EER validé;27/05/2026;0de54129;1000030531;548.60
06312;EER validé;27/05/2026;377b37a6;1000030540;770.66
06312;EER validé;27/05/2026;bc87216b;1000030541;895.14
01031;EER non démarré;27/05/2026;—;1000030550;780.39
01031;EER non démarré;27/05/2026;—;1000030551;826.66
00386;EER non démarré;27/05/2026;—;1000030560;808.81
00386;EER non démarré;27/05/2026;—;1000030561;608.33
08582;EER validé;27/05/2026;d8f495fe;1000030570;114.48
08582;EER validé;27/05/2026;642aa268;1000030571;163.55
07286;EER validé;27/05/2026;05181416;1000030580;821.31
07286;EER validé;27/05/2026;2a28f073;1000030581;933.84
09238;EER rejeté;27/05/2026;19a4ced7;1000030590;502.64
09238;EER rejeté;27/05/2026;34760778;1000030591;342.19
06744;EER non démarré;27/05/2026;—;1000030600;766.37
06744;EER non démarré;27/05/2026;—;1000030601;659.07
05976;EER non démarré;27/05/2026;—;1000030610;462.53
05976;EER non démarré;27/05/2026;—;1000030611;613.84
09238;EER non démarré;27/05/2026;—;1000030620;703.41
09238;EER non démarré;27/05/2026;—;1000030621;727.03
07516;EER non démarré;27/05/2026;—;1000030630;865.43
07516;EER non démarré;27/05/2026;—;1000030631;153.41
07386;EER à rejeter;27/05/2026;1629bce7;1000030640;794.56
07386;EER à rejeter;27/05/2026;77612c97;1000030641;152.29
00438;EER validé;27/05/2026;cc846b0b;1000030650;513.44
00438;EER validé;27/05/2026;77e56b09;1000030651;702.63
07286;EER non démarré;27/05/2026;—;1000030660;483.10
07286;EER non démarré;27/05/2026;—;1000030661;407.97
00368;EER validé;27/05/2026;ff15e85f;1000030670;369.14
00368;EER validé;27/05/2026;b5601da6;1000030671;452.27
04868;EER validé;27/05/2026;cb472129;1000030680;138.04
04868;EER validé;27/05/2026;aa819286;1000030681;882.79
09238;EER à valider;27/05/2026;f205baef;1000030690;646.91
09238;EER à valider;27/05/2026;23909776;1000030691;661.69
02652;EER non démarré;27/05/2026;—;1000030700;931.81
02652;EER non démarré;27/05/2026;—;1000030701;584.72
09238;EER validé;27/05/2026;170b41b7;1000030710;833.95
09238;EER validé;27/05/2026;2e4091bd;1000030711;776.13
01563;EER validé;27/05/2026;4ab9cdf0;1000030720;386.71
01563;EER validé;27/05/2026;a4d392a2;1000030721;801.60
05094;EER non démarré;27/05/2026;—;1000030730;216.35
05094;EER non démarré;27/05/2026;—;1000030731;475.84
03940;EER non démarré;27/05/2026;—;1000030740;538.54
03940;EER non démarré;27/05/2026;—;1000030741;921.16
03366;EER validé;27/05/2026;5f654a07;1000030750;316.79
03366;EER validé;27/05/2026;602f89d7;1000030751;844.26
03940;EER non démarré;27/05/2026;—;1000030760;633.67
03940;EER non démarré;27/05/2026;—;1000030761;424.39
05298;EER démarré;27/05/2026;ab4e485d;1000030770;776.99
05298;EER démarré;27/05/2026;e77d0cc4;1000030771;425.84
09238;EER validé;27/05/2026;25b63029;1000030780;514.74
09238;EER validé;27/05/2026;a4dd45f0;1000030781;224.96
00386;EER validé;27/05/2026;c381239b;1000030790;967.00
00386;EER validé;27/05/2026;13b5b840;1000030791;986.84
09017;EER démarré;27/05/2026;a4fa2413;1000030800;630.48
09017;EER démarré;27/05/2026;dc430d92;1000030801;606.33
06744;EER non démarré;27/05/2026;—;1000030810;290.89
06744;EER non démarré;27/05/2026;—;1000030811;652.52
08349;EER non démarré;27/05/2026;—;1000030820;269.40
08349;EER non démarré;27/05/2026;—;1000030821;436.28
04088;EER validé;27/05/2026;87dbc298;1000030830;866.96
04088;EER validé;27/05/2026;783f34ef;1000030831;553.53
05357;EER démarré;27/05/2026;38ff40b7;1000030840;647.82
05357;EER démarré;27/05/2026;cc6a9a38;1000030841;156.01
06744;EER non démarré;27/05/2026;—;1000030850;967.54
06744;EER non démarré;27/05/2026;—;1000030851;721.29
09238;EER non démarré;27/05/2026;—;1000030860;724.61
09238;EER non démarré;27/05/2026;—;1000030861;363.92
09238;EER validé;27/05/2026;b4e5f4ca;1000030870;334.24
09238;EER validé;27/05/2026;5a742a19;1000030871;452.06
03302;EER non démarré;27/05/2026;—;1000030880;348.02
03302;EER non démarré;27/05/2026;—;1000030881;971.27
04818;EER non démarré;27/05/2026;—;1000030890;158.33
04818;EER non démarré;27/05/2026;—;1000030891;194.94
05326;EER non démarré;27/05/2026;—;1000030900;405.47
05326;EER non démarré;27/05/2026;—;1000030901;641.90
09238;EER non démarré;27/05/2026;—;1000030910;444.33
09238;EER non démarré;27/05/2026;—;1000030911;448.82
03744;EER non démarré;27/05/2026;—;1000030920;986.66
03744;EER non démarré;27/05/2026;—;1000030921;898.93
03366;EER non démarré;27/05/2026;—;1000030930;443.35
03366;EER non démarré;27/05/2026;—;1000030931;240.46
09238;EER validé;27/05/2026;ae9b765c;1000030940;698.88
09238;EER validé;27/05/2026;e7fe01d9;1000030941;883.07
09483;EER non démarré;27/05/2026;—;1000030950;622.40
09483;EER non démarré;27/05/2026;—;1000030951;121.55
09799;EER validé;27/05/2026;d67fc8b3;1000030960;721.40
09799;EER validé;27/05/2026;c554587b;1000030961;401.56
04394;EER non démarré;27/05/2026;—;1000030970;320.58
04394;EER non démarré;27/05/2026;—;1000030971;772.89
09238;EER démarré;27/05/2026;7ca03c13;1000030980;380.24
09238;EER démarré;27/05/2026;cf1606ec;1000030981;462.48
08621;EER démarré;27/05/2026;fef07dca;1000030990;807.61
08621;EER démarré;27/05/2026;455f561e;1000030991;967.08
09238;EER validé;27/05/2026;2201f9e6;1000031000;314.02
09238;EER validé;27/05/2026;b71f1cb1;1000031001;329.79
05909;EER non démarré;27/05/2026;—;1000031010;427.65
05909;EER non démarré;27/05/2026;—;1000031011;795.71
00368;EER validé;27/05/2026;4e7b0156;1000031020;194.76
00368;EER validé;27/05/2026;3a40d61e;1000031021;818.86
05522;EER validé;27/05/2026;1f9e65ab;1000031030;337.59
05522;EER validé;27/05/2026;7c27ff9a;1000031031;188.34
01872;EER non démarré;27/05/2026;—;1000031040;406.21
01872;EER non démarré;27/05/2026;—;1000031041;645.40
03940;EER validé;27/05/2026;ee68be2a;1000031050;862.69
03940;EER validé;27/05/2026;97acd249;1000031051;985.59
00570;EER validé;27/05/2026;23d8c241;1000031060;889.15
00570;EER validé;27/05/2026;c5ccc3b0;1000031061;782.37
03141;EER validé;27/05/2026;f4e80756;1000031070;566.58
03141;EER validé;27/05/2026;fbd54853;1000031071;408.18
06591;EER validé;27/05/2026;3e12491d;1000031080;699.80
06591;EER validé;27/05/2026;5b8236a1;1000031081;552.25
05681;EER non démarré;27/05/2026;—;1000031090;504.69
05681;EER non démarré;27/05/2026;—;1000031091;584.81
06239;EER validé;27/05/2026;d6ef8308;1000031100;810.45
06239;EER validé;27/05/2026;de52784e;1000031101;755.02
04904;EER non démarré;27/05/2026;—;1000031110;235.72
04904;EER non démarré;27/05/2026;—;1000031111;826.36
03940;EER non démarré;27/05/2026;—;1000031120;174.51
03940;EER non démarré;27/05/2026;—;1000031121;461.22
06744;EER non démarré;27/05/2026;—;1000031130;197.44
06744;EER non démarré;27/05/2026;—;1000031131;297.60
06744;EER rejeté;27/05/2026;6e521dcb;1000031140;526.35
06744;EER rejeté;27/05/2026;26cc0690;1000031141;142.51
00114;EER non démarré;27/05/2026;—;1000031150;368.37
00114;EER non démarré;27/05/2026;—;1000031151;295.64
03286;EER validé;27/05/2026;d12850e4;1000031160;584.09
03286;EER validé;27/05/2026;5d86c6c3;1000031161;849.08
09238;EER non démarré;27/05/2026;—;1000031170;995.31
09238;EER non démarré;27/05/2026;—;1000031171;755.13
06792;EER non démarré;27/05/2026;—;1000031180;327.76
06792;EER non démarré;27/05/2026;—;1000031181;406.20
09238;EER non démarré;27/05/2026;—;1000031190;649.59
09238;EER non démarré;27/05/2026;—;1000031191;727.78
00570;EER non démarré;27/05/2026;—;1000031200;484.37
00570;EER non démarré;27/05/2026;—;1000031201;264.68
06184;EER validé;27/05/2026;f236bb01;1000031210;964.04
06184;EER validé;27/05/2026;a37dfcf1;1000031211;941.20
09429;EER validé;27/05/2026;eb3b51b3;1000031220;819.51
09429;EER validé;27/05/2026;95ba5933;1000031221;994.28
09238;EER non démarré;27/05/2026;—;1000031230;671.98
09238;EER non démarré;27/05/2026;—;1000031231;937.13
07386;EER non démarré;27/05/2026;—;1000031240;819.45
07386;EER non démarré;27/05/2026;—;1000031241;183.96
05298;EER validé;27/05/2026;27c58702;1000031250;101.55
05298;EER validé;27/05/2026;411b09a2;1000031251;868.09
00248;EER validé;27/05/2026;a69f014d;1000031260;411.39
00248;EER validé;27/05/2026;d724dd6e;1000031261;441.46
08144;EER non démarré;27/05/2026;—;1000031270;492.19
08144;EER non démarré;27/05/2026;—;1000031271;881.36
06744;EER non démarré;27/05/2026;—;1000031280;909.57
06744;EER non démarré;27/05/2026;—;1000031281;265.29
02446;EER non démarré;27/05/2026;—;1000031290;400.98
02446;EER non démarré;27/05/2026;—;1000031291;757.95
03643;EER non démarré;27/05/2026;—;1000031300;294.09
03643;EER non démarré;27/05/2026;—;1000031301;717.53
00386;EER non démarré;27/05/2026;—;1000031310;505.34
00386;EER non démarré;27/05/2026;—;1000031311;575.42
05765;EER non démarré;27/05/2026;—;1000031320;804.24
05765;EER non démarré;27/05/2026;—;1000031321;301.64
09739;EER démarré;27/05/2026;bca8c4df;1000031330;974.62
09739;EER démarré;27/05/2026;7227fbdc;1000031331;633.29
05107;EER validé;27/05/2026;87734f4f;1000031340;905.13
05107;EER validé;27/05/2026;e6405c6c;1000031341;124.67
07047;EER démarré;27/05/2026;32605358;1000031350;933.34
07047;EER démarré;27/05/2026;7dc76b59;1000031351;228.79
09238;EER validé;27/05/2026;8819fb29;1000031360;801.65
09238;EER validé;27/05/2026;bf3198f2;1000031361;215.83
08977;EER rejeté;27/05/2026;505b065d;1000031370;980.92
08977;EER rejeté;27/05/2026;bdc9be89;1000031371;664.48
05388;EER non démarré;27/05/2026;—;1000031380;135.47
05388;EER non démarré;27/05/2026;—;1000031381;458.54
03940;EER validé;27/05/2026;2423e308;1000031390;363.51
03940;EER validé;27/05/2026;253a75a9;1000031391;838.68
01192;EER non démarré;27/05/2026;—;1000031400;950.89
01192;EER non démarré;27/05/2026;—;1000031401;648.16
06744;EER non démarré;27/05/2026;—;1000031410;996.83
06744;EER non démarré;27/05/2026;—;1000031411;720.60
00386;EER non démarré;27/05/2026;—;1000031420;189.05
00386;EER non démarré;27/05/2026;—;1000031421;762.27
06111;EER rejeté;27/05/2026;5a8b3002;1000031430;703.96
06111;EER rejeté;27/05/2026;9511c3ff;1000031431;366.69
08421;EER non démarré;27/05/2026;—;1000031440;460.11
08421;EER non démarré;27/05/2026;—;1000031441;772.24
03366;EER non démarré;27/05/2026;—;1000031450;864.59
03366;EER non démarré;27/05/2026;—;1000031451;709.29
06744;EER démarré;27/05/2026;58b74bfc;1000031460;481.14
06744;EER démarré;27/05/2026;6162de0e;1000031461;631.10
09238;EER non démarré;27/05/2026;—;1000031470;374.50
09238;EER non démarré;27/05/2026;—;1000031471;795.66
05994;EER non démarré;27/05/2026;—;1000031480;324.27
05994;EER non démarré;27/05/2026;—;1000031481;170.62
09276;EER non démarré;27/05/2026;—;1000031490;124.03
09276;EER non démarré;27/05/2026;—;1000031491;622.12
02675;EER non démarré;27/05/2026;—;1000031500;874.94
02675;EER non démarré;27/05/2026;—;1000031501;785.02
08084;EER non démarré;27/05/2026;—;1000031510;133.88
08084;EER non démarré;27/05/2026;—;1000031511;600.63
06744;EER non démarré;27/05/2026;—;1000031520;614.07
06744;EER non démarré;27/05/2026;—;1000031521;494.20
09238;EER non démarré;27/05/2026;—;1000031530;361.26
09238;EER non démarré;27/05/2026;—;1000031531;381.12
05575;EER non démarré;27/05/2026;—;1000031540;147.03
05575;EER non démarré;27/05/2026;—;1000031541;537.20
06772;EER non démarré;27/05/2026;—;1000031550;379.05
06772;EER non démarré;27/05/2026;—;1000031551;124.41
02675;EER validé;27/05/2026;5ebcb984;1000031560;612.96
02675;EER validé;27/05/2026;7a6754c4;1000031561;276.97
01420;EER non démarré;27/05/2026;—;1000031570;564.55
01420;EER non démarré;27/05/2026;—;1000031571;385.63
04650;EER validé;27/05/2026;e9c99b9d;1000031580;864.52
04650;EER validé;27/05/2026;2446186c;1000031581;620.71
06744;EER rejeté;27/05/2026;8e0c251f;1000031590;701.66
06744;EER rejeté;27/05/2026;43c74c1e;1000031591;487.64
09276;EER démarré;27/05/2026;a68d058f;1000031600;425.79
09276;EER démarré;27/05/2026;aef162c5;1000031601;841.82
05107;EER validé;27/05/2026;b590bb56;1000031610;427.47
05107;EER validé;27/05/2026;eaf391bb;1000031611;761.91
06744;EER validé;27/05/2026;1010fbf8;1000031620;529.56
06744;EER validé;27/05/2026;470126ad;1000031621;588.72
09238;EER validé;27/05/2026;a592fef6;1000031630;493.00
09238;EER validé;27/05/2026;c08745b0;1000031631;167.84
01349;EER non démarré;27/05/2026;—;1000031640;494.75
01349;EER non démarré;27/05/2026;—;1000031641;538.12
00375;EER démarré;27/05/2026;c2c253b4;1000031650;903.07
00375;EER démarré;27/05/2026;bb21560b;1000031651;409.27
03940;EER non démarré;27/05/2026;—;1000031660;438.12
03940;EER non démarré;27/05/2026;—;1000031661;216.84
04650;EER validé;27/05/2026;59fbacbb;1000031670;707.47
04650;EER validé;27/05/2026;c2317be9;1000031671;885.44
02573;EER non démarré;27/05/2026;—;1000031680;719.59
02573;EER non démarré;27/05/2026;—;1000031681;747.16
04437;EER démarré;27/05/2026;826aab21;1000031690;989.05
04437;EER démarré;27/05/2026;51b7b602;1000031691;675.95
07386;EER validé;27/05/2026;aec4e5df;1000031700;483.08
07386;EER validé;27/05/2026;d044ef62;1000031701;995.54
05575;EER non démarré;27/05/2026;—;1000031710;471.67
05575;EER non démarré;27/05/2026;—;1000031711;959.96
09062;EER validé;27/05/2026;ef2038c6;1000031720;836.60
09062;EER validé;27/05/2026;bba2cde7;1000031721;975.44
07386;EER non démarré;27/05/2026;—;1000031730;688.51
07386;EER non démarré;27/05/2026;—;1000031731;459.07
05540;EER rejeté;27/05/2026;a0c075f6;1000031740;990.72
05540;EER rejeté;27/05/2026;0a4ea0b7;1000031741;780.71
06744;EER non démarré;27/05/2026;—;1000031750;760.23
06744;EER non démarré;27/05/2026;—;1000031751;381.26
08421;EER non démarré;27/05/2026;—;1000031760;446.20
08421;EER non démarré;27/05/2026;—;1000031761;882.47
09238;EER validé;27/05/2026;35e9a0a8;1000031770;245.52
09238;EER validé;27/05/2026;f6e8da83;1000031771;794.11
05090;EER rejeté;27/05/2026;79c26e91;1000031780;455.18
05090;EER rejeté;27/05/2026;64f40d84;1000031781;903.14
08774;EER validé;27/05/2026;a328d72e;1000031790;230.14
08774;EER validé;27/05/2026;d153aa5f;1000031791;352.48
06744;EER validé;27/05/2026;498fd6db;1000031800;815.44
06744;EER validé;27/05/2026;c027af12;1000031801;639.38
09238;EER non démarré;27/05/2026;—;1000031810;190.62
09238;EER non démarré;27/05/2026;—;1000031811;103.75
07293;EER validé;27/05/2026;e9efce04;1000031820;615.30
07293;EER validé;27/05/2026;fbd93971;1000031821;246.47
01199;EER démarré;27/05/2026;eb015321;1000031830;718.57
01199;EER démarré;27/05/2026;2cfb90f5;1000031831;590.69
06195;EER rejeté;27/05/2026;44f2c80a;1000031840;135.08
06195;EER rejeté;27/05/2026;2b4efb32;1000031841;952.32
06094;EER non démarré;27/05/2026;—;1000031850;968.42
06094;EER non démarré;27/05/2026;—;1000031851;869.89
09238;EER non démarré;27/05/2026;—;1000031860;508.54
09238;EER non démarré;27/05/2026;—;1000031861;888.70
01588;EER non démarré;27/05/2026;—;1000031870;253.04
01588;EER non démarré;27/05/2026;—;1000031871;943.36
06111;EER validé;27/05/2026;52d4eccf;1000031880;257.93
06111;EER validé;27/05/2026;ebaa3b5b;1000031881;984.59
01702;EER validé;27/05/2026;4e88f17a;1000031890;799.14
01702;EER validé;27/05/2026;5a5cbf53;1000031891;913.60
08342;EER validé;27/05/2026;8fe169c9;1000031900;912.56
08342;EER validé;27/05/2026;f0eb9703;1000031901;633.82
06744;EER non démarré;27/05/2026;—;1000031910;390.91
06744;EER non démarré;27/05/2026;—;1000031911;281.94
07724;EER non démarré;27/05/2026;—;1000031920;147.93
07724;EER non démarré;27/05/2026;—;1000031921;354.24
05331;EER validé;27/05/2026;ace28ba6;1000031930;971.53
05331;EER validé;27/05/2026;31eda065;1000031931;761.44
01109;EER démarré;27/05/2026;18604c25;1000031940;221.47
01109;EER démarré;27/05/2026;949b9ab5;1000031941;843.43
08495;EER non démarré;27/05/2026;—;1000031950;809.31
08495;EER non démarré;27/05/2026;—;1000031951;146.61
02230;EER validé;27/05/2026;00b68f99;1000031960;910.04
02230;EER validé;27/05/2026;2db0b32e;1000031961;147.70
07853;EER validé;27/05/2026;b4aca890;1000031970;413.44
07853;EER validé;27/05/2026;2fa0d8ae;1000031971;250.57
06744;EER validé;27/05/2026;63d76952;1000031980;629.80
06744;EER validé;27/05/2026;505c821e;1000031981;432.23
09238;EER validé;27/05/2026;6a913227;1000031990;669.79
09238;EER validé;27/05/2026;1e086d7d;1000031991;910.92
05925;EER validé;27/05/2026;e722fc63;1000032000;563.96
05925;EER validé;27/05/2026;c44a0ccb;1000032001;292.55
05575;EER non démarré;26/05/2026;—;1000032010;883.45
05575;EER non démarré;26/05/2026;—;1000032011;378.59
01099;EER démarré;26/05/2026;8c13bfd5;1000032020;159.28
01099;EER démarré;26/05/2026;33a52cef;1000032021;911.05
09238;EER non démarré;26/05/2026;—;1000032030;683.95
09238;EER non démarré;26/05/2026;—;1000032031;286.34
06744;EER non démarré;26/05/2026;—;1000032040;432.10
06744;EER non démarré;26/05/2026;—;1000032041;923.86
09238;EER non démarré;26/05/2026;—;1000032050;510.50
09238;EER non démarré;26/05/2026;—;1000032051;195.15
00386;EER non démarré;26/05/2026;—;1000032060;911.01
00386;EER non démarré;26/05/2026;—;1000032061;126.45
04169;EER non démarré;26/05/2026;—;1000032070;524.42
04169;EER non démarré;26/05/2026;—;1000032071;184.57
05443;EER validé;26/05/2026;57cae37b;1000032080;661.68
05443;EER validé;26/05/2026;9ce90bdc;1000032081;542.27
08537;EER validé;26/05/2026;2a7ec967;1000032090;125.88
08537;EER validé;26/05/2026;9b3e2ae9;1000032091;718.23
01984;EER validé;26/05/2026;b06c2647;1000032100;201.64
01984;EER validé;26/05/2026;f3c9094a;1000032101;662.61
04169;EER non démarré;26/05/2026;—;1000032110;289.39
04169;EER non démarré;26/05/2026;—;1000032111;353.55
01811;EER validé;26/05/2026;31a0fab9;1000032120;872.92
01811;EER validé;26/05/2026;7c885996;1000032121;120.27
08414;EER non démarré;26/05/2026;—;1000032130;901.66
08414;EER non démarré;26/05/2026;—;1000032131;334.81
06490;EER validé;26/05/2026;00fb3bd5;1000032140;734.29
06490;EER validé;26/05/2026;bbf5b716;1000032141;880.36
09238;EER validé;26/05/2026;656af5e8;1000032150;164.72
09238;EER validé;26/05/2026;e902205d;1000032151;884.36
09238;EER non démarré;26/05/2026;—;1000032160;123.74
09238;EER non démarré;26/05/2026;—;1000032161;142.26
07362;EER non démarré;26/05/2026;—;1000032170;805.19
07362;EER non démarré;26/05/2026;—;1000032171;142.24
03394;EER non démarré;26/05/2026;—;1000032180;234.42
03394;EER non démarré;26/05/2026;—;1000032181;823.40
08177;EER validé;26/05/2026;06520a34;1000032190;654.34
08177;EER validé;26/05/2026;306d87d7;1000032191;907.16
05090;EER non démarré;26/05/2026;—;1000032200;246.42
05090;EER non démarré;26/05/2026;—;1000032201;867.15
05027;EER non démarré;26/05/2026;—;1000032210;957.16
05027;EER non démarré;26/05/2026;—;1000032211;957.08
03188;EER non démarré;26/05/2026;—;1000032220;683.47
03188;EER non démarré;26/05/2026;—;1000032221;457.12
02000;EER non démarré;26/05/2026;—;1000032230;841.67
02000;EER non démarré;26/05/2026;—;1000032231;783.78
05884;EER validé;26/05/2026;a1c241ec;1000032240;668.24
05884;EER validé;26/05/2026;50069cb7;1000032241;149.84
01891;EER validé;26/05/2026;4eb0fba5;1000032250;820.76
01891;EER validé;26/05/2026;cb7db0ce;1000032251;596.45
09238;EER validé;26/05/2026;3a219a5c;1000032260;220.20
09238;EER validé;26/05/2026;6a5abfb2;1000032261;845.71
02675;EER non démarré;26/05/2026;—;1000032270;405.50
02675;EER non démarré;26/05/2026;—;1000032271;615.59
09238;EER non démarré;26/05/2026;—;1000032280;968.62
09238;EER non démarré;26/05/2026;—;1000032281;527.88
07560;EER validé;26/05/2026;6d4cbc90;1000032290;140.62
07560;EER validé;26/05/2026;a1a537c2;1000032291;339.38
02811;EER démarré;26/05/2026;3f36cb72;1000032300;973.69
02811;EER démarré;26/05/2026;c536b43a;1000032301;687.49
08421;EER non démarré;26/05/2026;—;1000032310;567.62
08421;EER non démarré;26/05/2026;—;1000032311;406.35
06111;EER non démarré;26/05/2026;—;1000032320;850.89
06111;EER non démarré;26/05/2026;—;1000032321;564.64
05614;EER non démarré;26/05/2026;—;1000032330;770.25
05614;EER non démarré;26/05/2026;—;1000032331;148.71
01046;EER non démarré;26/05/2026;—;1000032340;316.29
01046;EER non démarré;26/05/2026;—;1000032341;677.24
01800;EER validé;26/05/2026;c8cc5c4e;1000032350;122.17
01800;EER validé;26/05/2026;11b93bbb;1000032351;181.41
00386;EER non démarré;26/05/2026;—;1000032360;867.48
00386;EER non démarré;26/05/2026;—;1000032361;192.88
06744;EER non démarré;26/05/2026;—;1000032370;483.02
06744;EER non démarré;26/05/2026;—;1000032371;743.49
03366;EER validé;26/05/2026;5f10d1b5;1000032380;134.57
03366;EER validé;26/05/2026;3818f0fd;1000032381;860.91
08492;EER rejeté;26/05/2026;52201000;1000032390;946.03
08492;EER rejeté;26/05/2026;2a0f7a47;1000032391;516.04
07627;EER validé;26/05/2026;5875b25b;1000032400;644.45
07627;EER validé;26/05/2026;14783d63;1000032401;542.76
05682;EER validé;26/05/2026;672565f5;1000032410;709.04
05682;EER validé;26/05/2026;dde884b9;1000032411;354.56
09739;EER validé;26/05/2026;a3c76ebf;1000032420;838.81
09739;EER validé;26/05/2026;6e8c172d;1000032421;483.59
09483;EER non démarré;26/05/2026;—;1000032430;288.75
09483;EER non démarré;26/05/2026;—;1000032431;879.73
07386;EER validé;26/05/2026;d473bae2;1000032440;972.07
07386;EER validé;26/05/2026;5d12f894;1000032441;684.30
09708;EER validé;26/05/2026;8562b887;1000032450;509.15
09708;EER validé;26/05/2026;2d3a34c5;1000032451;133.97
00386;EER démarré;26/05/2026;a715debf;1000032460;776.74
00386;EER démarré;26/05/2026;877331f4;1000032461;122.91
06178;EER validé;26/05/2026;d352f66f;1000032470;181.66
06178;EER validé;26/05/2026;39c0160e;1000032471;688.17
07627;EER validé;26/05/2026;34f27716;1000032480;217.18
07627;EER validé;26/05/2026;9ae9c041;1000032481;910.70
05326;EER validé;26/05/2026;997091b3;1000032490;354.65
05326;EER validé;26/05/2026;f7caefea;1000032491;345.33
09273;EER démarré;26/05/2026;b43ab532;1000032500;722.43
09273;EER démarré;26/05/2026;1dc70b44;1000032501;484.32
09442;EER non démarré;26/05/2026;—;1000032510;737.32
09442;EER non démarré;26/05/2026;—;1000032511;883.02
06744;EER validé;26/05/2026;274a08cc;1000032520;984.68
06744;EER validé;26/05/2026;89d3e1ff;1000032521;446.34
06472;EER validé;26/05/2026;3d4e61c9;1000032530;719.86
06472;EER validé;26/05/2026;8222b26e;1000032531;105.38
04437;EER démarré;26/05/2026;25511a4d;1000032540;157.45
04437;EER démarré;26/05/2026;6e853c3a;1000032541;931.97
00386;EER non démarré;26/05/2026;—;1000032550;428.63
00386;EER non démarré;26/05/2026;—;1000032551;818.05
09238;EER non démarré;26/05/2026;—;1000032560;727.53
09238;EER non démarré;26/05/2026;—;1000032561;144.94
09238;EER validé;26/05/2026;5077e499;1000032570;397.12
09238;EER validé;26/05/2026;4630a84f;1000032571;313.50
05769;EER non démarré;26/05/2026;—;1000032580;778.23
05769;EER non démarré;26/05/2026;—;1000032581;348.23
07286;EER validé;26/05/2026;bff93924;1000032590;502.77
07286;EER validé;26/05/2026;d7235c39;1000032591;634.43
00151;EER démarré;26/05/2026;5f85d916;1000032600;988.08
00151;EER démarré;26/05/2026;aae1d04a;1000032601;268.78
07454;EER validé;26/05/2026;305e5337;1000032610;486.22
07454;EER validé;26/05/2026;c2767514;1000032611;778.17
01079;EER validé;26/05/2026;9ee177c8;1000032620;305.93
01079;EER validé;26/05/2026;00c6740a;1000032621;902.63
01046;EER non démarré;26/05/2026;—;1000032630;794.53
01046;EER non démarré;26/05/2026;—;1000032631;434.30
08537;EER démarré;26/05/2026;695f0de3;1000032640;530.64
08537;EER démarré;26/05/2026;77c86901;1000032641;634.03
06591;EER validé;26/05/2026;ed870268;1000032650;783.84
06591;EER validé;26/05/2026;bd35ae24;1000032651;751.75
06748;EER validé;26/05/2026;f61ff8c4;1000032660;328.99
06748;EER validé;26/05/2026;687a1ba0;1000032661;964.90
06744;EER non démarré;26/05/2026;—;1000032670;473.62
06744;EER non démarré;26/05/2026;—;1000032671;893.47
07386;EER validé;26/05/2026;998e7266;1000032680;370.82
07386;EER validé;26/05/2026;b5116a60;1000032681;568.60
09238;EER non démarré;26/05/2026;—;1000032690;698.45
09238;EER non démarré;26/05/2026;—;1000032691;989.17
05027;EER validé;26/05/2026;151f06a9;1000032700;953.42
05027;EER validé;26/05/2026;5be25ac6;1000032701;898.28
09238;EER non démarré;26/05/2026;—;1000032710;677.22
09238;EER non démarré;26/05/2026;—;1000032711;510.17
05522;EER démarré;26/05/2026;578c4b19;1000032720;949.61
05522;EER démarré;26/05/2026;313e557a;1000032721;266.54
00386;EER à rejeter;26/05/2026;f55be80a;1000032730;692.80
00386;EER à rejeter;26/05/2026;aae1ba4a;1000032731;144.80
09238;EER non démarré;26/05/2026;—;1000032740;410.17
09238;EER non démarré;26/05/2026;—;1000032741;885.52
09549;EER démarré;26/05/2026;b484b84d;1000032750;483.43
09549;EER démarré;26/05/2026;953caccf;1000032751;514.03
04650;EER démarré;26/05/2026;95a4bc02;1000032760;492.00
04650;EER démarré;26/05/2026;e44d2e81;1000032761;671.14
07286;EER validé;26/05/2026;390d3752;1000032770;658.07
07286;EER validé;26/05/2026;fe15ccbc;1000032771;601.47
09238;EER non démarré;26/05/2026;—;1000032780;324.39
09238;EER non démarré;26/05/2026;—;1000032781;462.01
03789;EER non démarré;26/05/2026;—;1000032790;269.40
03789;EER non démarré;26/05/2026;—;1000032791;683.76
02675;EER démarré;26/05/2026;46e88483;1000032800;775.81
02675;EER démarré;26/05/2026;3db357fa;1000032801;770.25
07386;EER validé;26/05/2026;19b712e6;1000032810;914.18
07386;EER validé;26/05/2026;3ce2d871;1000032811;919.01
06812;EER à rejeter;26/05/2026;61a108d5;1000032820;781.62
06812;EER à rejeter;26/05/2026;00f1876b;1000032821;822.81
02034;EER démarré;26/05/2026;d99686b7;1000032830;828.26
02034;EER démarré;26/05/2026;76148dfc;1000032831;866.67
06794;EER non démarré;26/05/2026;—;1000032840;277.53
06794;EER non démarré;26/05/2026;—;1000032841;713.06
04111;EER non démarré;26/05/2026;—;1000032850;846.28
04111;EER non démarré;26/05/2026;—;1000032851;688.69
09667;EER non démarré;26/05/2026;—;1000032860;938.82
09667;EER non démarré;26/05/2026;—;1000032861;596.33
05403;EER validé;26/05/2026;0440a70e;1000032870;481.33
05403;EER validé;26/05/2026;c78253ca;1000032871;944.34
05334;EER non démarré;26/05/2026;—;1000032880;479.71
05334;EER non démarré;26/05/2026;—;1000032881;350.59
07386;EER à valider;26/05/2026;6841a938;1000032890;415.98
07386;EER à valider;26/05/2026;dc027ea7;1000032891;566.94
05884;EER non démarré;26/05/2026;—;1000032900;213.77
05884;EER non démarré;26/05/2026;—;1000032901;989.82
04650;EER non démarré;26/05/2026;—;1000032910;913.31
04650;EER non démarré;26/05/2026;—;1000032911;258.55
06744;EER validé;26/05/2026;d72ff7c7;1000032920;761.07
06744;EER validé;26/05/2026;997436f8;1000032921;253.92
08452;EER démarré;26/05/2026;d6b87040;1000032930;130.51
08452;EER démarré;26/05/2026;a5a4e21c;1000032931;941.70
04946;EER validé;26/05/2026;8bc875be;1000032940;565.77
04946;EER validé;26/05/2026;f522961c;1000032941;167.72
09238;EER validé;26/05/2026;1cb54817;1000032950;843.10
09238;EER validé;26/05/2026;b1d71d3b;1000032951;225.48
06008;EER non démarré;26/05/2026;—;1000032960;352.59
06008;EER non démarré;26/05/2026;—;1000032961;826.48
09342;EER non démarré;26/05/2026;—;1000032970;510.43
09342;EER non démarré;26/05/2026;—;1000032971;922.01
07901;EER démarré;26/05/2026;0bc4e13e;1000032980;554.86
07901;EER démarré;26/05/2026;25c8d3b4;1000032981;128.31
01412;EER non démarré;26/05/2026;—;1000032990;424.28
01412;EER non démarré;26/05/2026;—;1000032991;537.57
08774;EER non démarré;26/05/2026;—;1000033000;569.77
08774;EER non démarré;26/05/2026;—;1000033001;430.40
01349;EER non démarré;26/05/2026;—;1000033010;304.53
01349;EER non démarré;26/05/2026;—;1000033011;981.27
02856;EER validé;26/05/2026;b9c7ae3f;1000033020;821.43
02856;EER validé;26/05/2026;c8965f83;1000033021;756.49
06744;EER validé;26/05/2026;00290fd8;1000033030;826.48
06744;EER validé;26/05/2026;8043d506;1000033031;914.20
00709;EER validé;26/05/2026;147bb3fe;1000033040;718.05
00709;EER validé;26/05/2026;d7bc00dc;1000033041;980.70
06744;EER non démarré;26/05/2026;—;1000033050;885.93
06744;EER non démarré;26/05/2026;—;1000033051;287.93
00709;EER validé;26/05/2026;dae5a12f;1000033060;836.70
00709;EER validé;26/05/2026;25718c80;1000033061;380.59
05027;EER non démarré;26/05/2026;—;1000033070;290.46
05027;EER non démarré;26/05/2026;—;1000033071;180.27
08794;EER validé;26/05/2026;6c073674;1000033080;577.84
08794;EER validé;26/05/2026;62dcbb2b;1000033081;949.20
02685;EER non démarré;26/05/2026;—;1000033090;659.19
02685;EER non démarré;26/05/2026;—;1000033091;871.46
01588;EER non démarré;26/05/2026;—;1000033100;900.52
01588;EER non démarré;26/05/2026;—;1000033101;388.17
03153;EER validé;26/05/2026;624793d3;1000033110;168.80
03153;EER validé;26/05/2026;c6ad8002;1000033111;698.74
09238;EER non démarré;26/05/2026;—;1000033120;513.49
09238;EER non démarré;26/05/2026;—;1000033121;579.76
06026;EER non démarré;26/05/2026;—;1000033130;252.33
06026;EER non démarré;26/05/2026;—;1000033131;539.80
09238;EER validé;26/05/2026;b7c7fd96;1000033140;361.68
09238;EER validé;26/05/2026;ab426d7b;1000033141;920.42
08430;EER validé;26/05/2026;0767776a;1000033150;410.06
08430;EER validé;26/05/2026;08304381;1000033151;373.21
07056;EER non démarré;26/05/2026;—;1000033160;329.71
07056;EER non démarré;26/05/2026;—;1000033161;173.89
06184;EER non démarré;26/05/2026;—;1000033170;723.91
06184;EER non démarré;26/05/2026;—;1000033171;249.72
07286;EER non démarré;26/05/2026;—;1000033180;190.82
07286;EER non démarré;26/05/2026;—;1000033181;592.12
04721;EER rejeté;26/05/2026;cb82e73f;1000033190;517.55
04721;EER rejeté;26/05/2026;fefadfe5;1000033191;380.36
03940;EER validé;26/05/2026;74b94335;1000033200;990.93
03940;EER validé;26/05/2026;e2dd3ab7;1000033201;145.91
08653;EER non démarré;26/05/2026;—;1000033210;818.28
08653;EER non démarré;26/05/2026;—;1000033211;635.35
05925;EER rejeté;26/05/2026;6ac35069;1000033220;397.50
05925;EER rejeté;26/05/2026;462ed987;1000033221;347.20
02230;EER non démarré;26/05/2026;—;1000033230;611.03
02230;EER non démarré;26/05/2026;—;1000033231;324.94
09238;EER validé;26/05/2026;cd4e3283;1000033240;274.96
09238;EER validé;26/05/2026;8a37f3de;1000033241;772.49
07472;EER rejeté;26/05/2026;37e0ce0b;1000033250;203.08
07472;EER rejeté;26/05/2026;c815656c;1000033251;157.33
02230;EER non démarré;26/05/2026;—;1000033260;336.48
02230;EER non démarré;26/05/2026;—;1000033261;193.72
01971;EER validé;26/05/2026;7884d4c2;1000033270;734.50
01971;EER validé;26/05/2026;dc879d34;1000033271;364.67
08495;EER validé;26/05/2026;5d069b84;1000033280;187.01
08495;EER validé;26/05/2026;1213c044;1000033281;998.98
08492;EER validé;26/05/2026;a04edfcb;1000033290;825.44
08492;EER validé;26/05/2026;2f504478;1000033291;687.09
00307;EER validé;26/05/2026;8c297652;1000033300;665.69
00307;EER validé;26/05/2026;e123355a;1000033301;208.63
04456;EER non démarré;26/05/2026;—;1000033310;245.37
04456;EER non démarré;26/05/2026;—;1000033311;138.56
07051;EER non démarré;26/05/2026;—;1000033320;622.81
07051;EER non démarré;26/05/2026;—;1000033321;392.56
09483;EER non démarré;26/05/2026;—;1000033330;477.78
09483;EER non démarré;26/05/2026;—;1000033331;730.47
04169;EER validé;26/05/2026;e9d65e23;1000033340;207.18
04169;EER validé;26/05/2026;05baaa10;1000033341;493.20
07560;EER non démarré;26/05/2026;—;1000033350;666.31
07560;EER non démarré;26/05/2026;—;1000033351;153.36
05027;EER non démarré;26/05/2026;—;1000033360;910.82
05027;EER non démarré;26/05/2026;—;1000033361;237.17
09238;EER non démarré;26/05/2026;—;1000033370;894.78
09238;EER non démarré;26/05/2026;—;1000033371;223.03
06094;EER rejeté;26/05/2026;3a1272c2;1000033380;221.11
06094;EER rejeté;26/05/2026;06d0a970;1000033381;472.09
07261;EER démarré;26/05/2026;e446e6eb;1000033390;312.70
07261;EER démarré;26/05/2026;d69885ac;1000033391;671.32
03082;EER validé;26/05/2026;eddf9b79;1000033400;701.64
03082;EER validé;26/05/2026;e4542077;1000033401;732.11
05976;EER validé;26/05/2026;e9383dbb;1000033410;486.27
05976;EER validé;26/05/2026;f4dc7086;1000033411;489.99
09238;EER rejeté;26/05/2026;a8df0844;1000033420;749.41
09238;EER rejeté;26/05/2026;a2d1b176;1000033421;439.88
00386;EER non démarré;26/05/2026;—;1000033430;397.81
00386;EER non démarré;26/05/2026;—;1000033431;889.59
00386;EER validé;26/05/2026;153f636f;1000033440;522.21
00386;EER validé;26/05/2026;2acd7c4e;1000033441;497.66
09238;EER rejeté;26/05/2026;fcb0a747;1000033450;623.89
09238;EER rejeté;26/05/2026;931f7f34;1000033451;173.95
06738;EER non démarré;26/05/2026;—;1000033460;221.11
06738;EER non démarré;26/05/2026;—;1000033461;209.57
09238;EER validé;26/05/2026;f25f6ead;1000033470;181.13
09238;EER validé;26/05/2026;b348aa49;1000033471;480.82
06744;EER validé;26/05/2026;3d9241c2;1000033480;376.31
06744;EER validé;26/05/2026;0599b261;1000033481;655.51
09355;EER non démarré;26/05/2026;—;1000033490;110.90
09355;EER non démarré;26/05/2026;—;1000033491;553.54
00386;EER rejeté;26/05/2026;983da562;1000033500;293.55
00386;EER rejeté;26/05/2026;009d688a;1000033501;973.87
07386;EER validé;26/05/2026;30c859ec;1000033510;320.47
07386;EER validé;26/05/2026;0b6166f0;1000033511;980.64
06929;EER à rejeter;26/05/2026;cb79e4ab;1000033520;172.69
06929;EER à rejeter;26/05/2026;adccacd5;1000033521;367.64
07386;EER non démarré;26/05/2026;—;1000033530;420.57
07386;EER non démarré;26/05/2026;—;1000033531;641.89
03231;EER non démarré;26/05/2026;—;1000033540;638.17
03231;EER non démarré;26/05/2026;—;1000033541;206.09
09238;EER validé;26/05/2026;75a503af;1000033550;680.43
09238;EER validé;26/05/2026;0dbb5595;1000033551;937.66
09238;EER validé;26/05/2026;4963fb53;1000033560;520.11
09238;EER validé;26/05/2026;9537ce7f;1000033561;984.82
03090;EER non démarré;26/05/2026;—;1000033570;387.60
03090;EER non démarré;26/05/2026;—;1000033571;778.55
01650;EER non démarré;26/05/2026;—;1000033580;674.20
01650;EER non démarré;26/05/2026;—;1000033581;304.34
08259;EER validé;26/05/2026;99083397;1000033590;380.60
08259;EER validé;26/05/2026;78a7ba1f;1000033591;362.73
07335;EER validé;26/05/2026;ea7f58ce;1000033600;700.88
07335;EER validé;26/05/2026;36b4e090;1000033601;440.93
03887;EER validé;26/05/2026;8a45f103;1000033610;184.16
03887;EER validé;26/05/2026;75f1e74c;1000033611;296.87
09893;EER validé;26/05/2026;d143feca;1000033620;287.45
09893;EER validé;26/05/2026;0dace321;1000033621;887.12
06088;EER validé;26/05/2026;1ef044f6;1000033630;532.30
06088;EER validé;26/05/2026;bc275cae;1000033631;510.08
03999;EER rejeté;26/05/2026;60a24538;1000033640;460.87
03999;EER rejeté;26/05/2026;8b6aa230;1000033641;529.34
00497;EER non démarré;26/05/2026;—;1000033650;845.46
00497;EER non démarré;26/05/2026;—;1000033651;117.73
07286;EER démarré;26/05/2026;5a4e2ebe;1000033660;261.27
07286;EER démarré;26/05/2026;c7ed6f1e;1000033661;902.55
03106;EER non démarré;26/05/2026;—;1000033670;305.20
03106;EER non démarré;26/05/2026;—;1000033671;192.84
03940;EER démarré;26/05/2026;7299478d;1000033680;230.86
03940;EER démarré;26/05/2026;72bb1cf5;1000033681;509.37
07560;EER non démarré;26/05/2026;—;1000033690;437.44
07560;EER non démarré;26/05/2026;—;1000033691;422.11
03999;EER à valider;26/05/2026;bc3dc36a;1000033700;679.07
03999;EER à valider;26/05/2026;04f34015;1000033701;666.22
01962;EER non démarré;26/05/2026;—;1000033710;517.85
01962;EER non démarré;26/05/2026;—;1000033711;865.01
02771;EER démarré;26/05/2026;7809715f;1000033720;647.88
02771;EER démarré;26/05/2026;1ca7af22;1000033721;702.12
03940;EER non démarré;26/05/2026;—;1000033730;816.26
03940;EER non démarré;26/05/2026;—;1000033731;778.61
01209;EER validé;26/05/2026;21e6d0d9;1000033740;908.17
01209;EER validé;26/05/2026;c27ea54b;1000033741;457.05
01739;EER démarré;26/05/2026;c206d6e6;1000033750;396.37
01739;EER démarré;26/05/2026;1134ace5;1000033751;851.83
09429;EER non démarré;26/05/2026;—;1000033760;225.21
09429;EER non démarré;26/05/2026;—;1000033761;808.28
07627;EER démarré;26/05/2026;178a2391;1000033770;165.52
07627;EER démarré;26/05/2026;8f84394c;1000033771;942.29
05540;EER validé;26/05/2026;64dfcab7;1000033780;410.63
05540;EER validé;26/05/2026;3030e42f;1000033781;378.67
02391;EER validé;26/05/2026;b99c0a9b;1000033790;866.75
02391;EER validé;26/05/2026;44234148;1000033791;790.62
01971;EER validé;26/05/2026;fcd9ce7a;1000033800;172.64
01971;EER validé;26/05/2026;a2074cc7;1000033801;838.58
02516;EER rejeté;26/05/2026;aa64ff5e;1000033810;676.61
02516;EER rejeté;26/05/2026;2230db51;1000033811;821.79
02078;EER non démarré;26/05/2026;—;1000033820;347.18
02078;EER non démarré;26/05/2026;—;1000033821;764.73
08495;EER validé;26/05/2026;ebc8204a;1000033830;179.06
08495;EER validé;26/05/2026;c4accada;1000033831;976.69
01847;EER non démarré;26/05/2026;—;1000033840;437.20
01847;EER non démarré;26/05/2026;—;1000033841;729.34
00386;EER non démarré;26/05/2026;—;1000033850;606.45
00386;EER non démarré;26/05/2026;—;1000033851;450.46
03940;EER validé;26/05/2026;c503dea6;1000033860;728.51
03940;EER validé;26/05/2026;1e1ba448;1000033861;892.85
05182;EER validé;26/05/2026;6ce417c7;1000033870;695.53
05182;EER validé;26/05/2026;9b21c0eb;1000033871;872.39
09374;EER validé;26/05/2026;cef4f322;1000033880;103.42
09374;EER validé;26/05/2026;3638ef42;1000033881;841.57
00818;EER non démarré;26/05/2026;—;1000033890;207.96
00818;EER non démarré;26/05/2026;—;1000033891;905.08
02230;EER validé;26/05/2026;dc8ec91a;1000033900;830.58
02230;EER validé;26/05/2026;f11087f2;1000033901;369.29
05326;EER non démarré;26/05/2026;—;1000033910;764.02
05326;EER non démarré;26/05/2026;—;1000033911;675.53
01708;EER validé;26/05/2026;b555ce91;1000033920;922.15
01708;EER validé;26/05/2026;9b56a573;1000033921;369.88
09303;EER non démarré;26/05/2026;—;1000033930;367.86
09303;EER non démarré;26/05/2026;—;1000033931;164.90
06744;EER validé;26/05/2026;ddf906fe;1000033940;181.33
06744;EER validé;26/05/2026;7d2b7ba1;1000033941;221.72
04100;EER validé;26/05/2026;98405a86;1000033950;787.27
04100;EER validé;26/05/2026;db1ef7a5;1000033951;108.83
01011;EER non démarré;26/05/2026;—;1000033960;958.17
01011;EER non démarré;26/05/2026;—;1000033961;202.82
09238;EER démarré;26/05/2026;d2a945d7;1000033970;372.15
09238;EER démarré;26/05/2026;6f5d4bf8;1000033971;813.90
06178;EER non démarré;26/05/2026;—;1000033980;609.83
06178;EER non démarré;26/05/2026;—;1000033981;753.72
09238;EER non démarré;26/05/2026;—;1000033990;370.72
09238;EER non démarré;26/05/2026;—;1000033991;320.02
09238;EER non démarré;26/05/2026;—;1000034000;703.89
09238;EER non démarré;26/05/2026;—;1000034001;613.07
02811;EER validé;26/05/2026;1d6a6afd;1000034010;816.06
02811;EER validé;26/05/2026;83bb4b54;1000034011;587.52
09238;EER validé;26/05/2026;9714fcdb;1000034020;833.77
09238;EER validé;26/05/2026;ef1f18a8;1000034021;929.41
03231;EER validé;26/05/2026;a7b93e0b;1000034030;322.61
03231;EER validé;26/05/2026;c0d80a47;1000034031;267.79
02856;EER validé;26/05/2026;59b220cc;1000034040;933.16
02856;EER validé;26/05/2026;d08a37f4;1000034041;138.05
05206;EER non démarré;26/05/2026;—;1000034050;706.28
05206;EER non démarré;26/05/2026;—;1000034051;623.23
02159;EER non démarré;26/05/2026;—;1000034060;916.75
02159;EER non démarré;26/05/2026;—;1000034061;527.10
07627;EER non démarré;26/05/2026;—;1000034070;952.89
07627;EER non démarré;26/05/2026;—;1000034071;430.68
03462;EER validé;26/05/2026;c6695690;1000034080;478.00
03462;EER validé;26/05/2026;2963db2b;1000034081;223.09
08537;EER validé;26/05/2026;5ed38493;1000034090;616.55
08537;EER validé;26/05/2026;65c1dca2;1000034091;844.82
03900;EER non démarré;26/05/2026;—;1000034100;347.44
03900;EER non démarré;26/05/2026;—;1000034101;744.70
02685;EER non démarré;26/05/2026;—;1000034110;106.71
02685;EER non démarré;26/05/2026;—;1000034111;696.29
09630;EER non démarré;26/05/2026;—;1000034120;867.92
09630;EER non démarré;26/05/2026;—;1000034121;962.64
03930;EER non démarré;26/05/2026;—;1000034130;841.19
03930;EER non démarré;26/05/2026;—;1000034131;977.30
08532;EER validé;26/05/2026;64e78830;1000034140;886.21
08532;EER validé;26/05/2026;d189986a;1000034141;167.99
02886;EER non démarré;26/05/2026;—;1000034150;130.74
02886;EER non démarré;26/05/2026;—;1000034151;374.45
07627;EER non démarré;26/05/2026;—;1000034160;573.59
07627;EER non démarré;26/05/2026;—;1000034161;375.26
01199;EER démarré;26/05/2026;6c84da10;1000034170;971.62
01199;EER démarré;26/05/2026;dd7918f7;1000034171;270.07
04538;EER validé;25/05/2026;97331fba;1000034180;787.53
04538;EER validé;25/05/2026;e5ba33b0;1000034181;822.12
08582;EER non démarré;25/05/2026;—;1000034190;567.23
08582;EER non démarré;25/05/2026;—;1000034191;927.98
06260;EER non démarré;25/05/2026;—;1000034200;560.67
06260;EER non démarré;25/05/2026;—;1000034201;952.22
05976;EER non démarré;25/05/2026;—;1000034210;932.31
05976;EER non démarré;25/05/2026;—;1000034211;899.61
06784;EER validé;25/05/2026;2fec619a;1000034220;838.92
06784;EER validé;25/05/2026;dcaf6221;1000034221;822.33
09238;EER validé;25/05/2026;06e0d51e;1000034230;384.70
09238;EER validé;25/05/2026;b65cdf53;1000034231;551.55
01872;EER à valider;25/05/2026;4e540c3e;1000034240;701.53
01872;EER à valider;25/05/2026;9a29462c;1000034241;457.26
04669;EER non démarré;25/05/2026;—;1000034250;114.17
04669;EER non démarré;25/05/2026;—;1000034251;588.00
03231;EER non démarré;25/05/2026;—;1000034260;475.07
03231;EER non démarré;25/05/2026;—;1000034261;844.09
02639;EER rejeté;25/05/2026;8c2a4ea9;1000034270;377.92
02639;EER rejeté;25/05/2026;e257c4ae;1000034271;449.46
05443;EER validé;25/05/2026;b062e79d;1000034280;601.73
05443;EER validé;25/05/2026;9643f589;1000034281;302.80
07627;EER non démarré;25/05/2026;—;1000034290;790.09
07627;EER non démarré;25/05/2026;—;1000034291;832.21
09238;EER non démarré;25/05/2026;—;1000034300;223.35
09238;EER non démarré;25/05/2026;—;1000034301;967.26
06744;EER non démarré;25/05/2026;—;1000034310;856.17
06744;EER non démarré;25/05/2026;—;1000034311;631.86
09917;EER non démarré;25/05/2026;—;1000034320;130.95
09917;EER non démarré;25/05/2026;—;1000034321;610.36
09873;EER démarré;25/05/2026;1399456e;1000034330;515.97
09873;EER démarré;25/05/2026;6be60651;1000034331;498.45
05027;EER non démarré;25/05/2026;—;1000034340;760.74
05027;EER non démarré;25/05/2026;—;1000034341;709.33
09549;EER non démarré;25/05/2026;—;1000034350;879.49
09549;EER non démarré;25/05/2026;—;1000034351;762.26
08253;EER non démarré;25/05/2026;—;1000034360;524.97
08253;EER non démarré;25/05/2026;—;1000034361;813.74
08444;EER non démarré;25/05/2026;—;1000034370;769.35
08444;EER non démarré;25/05/2026;—;1000034371;865.23
01712;EER validé;25/05/2026;533b3d83;1000034380;850.02
01712;EER validé;25/05/2026;bb976c19;1000034381;812.42
09374;EER non démarré;25/05/2026;—;1000034390;668.63
09374;EER non démarré;25/05/2026;—;1000034391;220.14
01672;EER démarré;25/05/2026;41c7d1a5;1000034400;867.05
01672;EER démarré;25/05/2026;e6004d57;1000034401;293.66
09110;EER validé;25/05/2026;2ce0c41b;1000034410;579.28
09110;EER validé;25/05/2026;9224180c;1000034411;836.82
09238;EER validé;25/05/2026;08df99b6;1000034420;996.82
09238;EER validé;25/05/2026;e962b7f4;1000034421;428.19
01484;EER validé;25/05/2026;af2f424f;1000034430;225.82
01484;EER validé;25/05/2026;11d788fe;1000034431;866.86
09238;EER validé;25/05/2026;5998bf32;1000034440;827.92
09238;EER validé;25/05/2026;928757c6;1000034441;979.01
07715;EER validé;25/05/2026;0e4ea033;1000034450;223.61
07715;EER validé;25/05/2026;b35b73fe;1000034451;520.59
00709;EER non démarré;25/05/2026;—;1000034460;528.04
00709;EER non démarré;25/05/2026;—;1000034461;330.48
09238;EER validé;25/05/2026;1b34f242;1000034470;283.99
09238;EER validé;25/05/2026;97c8d892;1000034471;784.16
07286;EER non démarré;25/05/2026;—;1000034480;818.72
07286;EER non démarré;25/05/2026;—;1000034481;970.33
03940;EER validé;25/05/2026;2e9af39e;1000034490;201.40
03940;EER validé;25/05/2026;c3ca2b8f;1000034491;643.40
00368;EER non démarré;25/05/2026;—;1000034500;428.23
00368;EER non démarré;25/05/2026;—;1000034501;486.74
01588;EER non démarré;25/05/2026;—;1000034510;994.96
01588;EER non démarré;25/05/2026;—;1000034511;972.14
06472;EER validé;25/05/2026;2527aa81;1000034520;133.19
06472;EER validé;25/05/2026;b306a8ba;1000034521;516.43
09238;EER non démarré;25/05/2026;—;1000034530;698.40
09238;EER non démarré;25/05/2026;—;1000034531;828.22
06744;EER validé;25/05/2026;305a66bd;1000034540;658.24
06744;EER validé;25/05/2026;a2d4328f;1000034541;622.61
06360;EER validé;25/05/2026;f7b19a7b;1000034550;154.11
06360;EER validé;25/05/2026;84f6d7c5;1000034551;294.73
02391;EER non démarré;25/05/2026;—;1000034560;247.41
02391;EER non démarré;25/05/2026;—;1000034561;429.08
08342;EER non démarré;24/05/2026;—;1000017530;760.19
08342;EER non démarré;24/05/2026;—;1000017531;689.30
00386;EER non démarré;23/05/2026;—;1000017540;656.11
00386;EER non démarré;23/05/2026;—;1000017541;860.67
06979;EER validé;23/05/2026;ccbbb418;1000017550;753.84
06979;EER validé;23/05/2026;9fe37a49;1000017551;486.42
02938;EER validé;23/05/2026;19b406fd;1000017560;710.14
02938;EER validé;23/05/2026;313137c2;1000017561;157.37
09514;EER démarré;23/05/2026;543137de;1000017570;273.00
09514;EER démarré;23/05/2026;d88e7b5b;1000017571;808.70
09238;EER non démarré;23/05/2026;—;1000017580;479.19
09238;EER non démarré;23/05/2026;—;1000017581;678.37
03432;EER non démarré;23/05/2026;—;1000017590;358.36
03432;EER non démarré;23/05/2026;—;1000017591;169.38
06088;EER validé;23/05/2026;5a6248f4;1000017600;417.82
06088;EER validé;23/05/2026;fb04d471;1000017601;844.80
06744;EER validé;23/05/2026;10da8d6d;1000017610;898.78
06744;EER validé;23/05/2026;c5406177;1000017611;487.58
09238;EER démarré;23/05/2026;fc0d7cab;1000017620;917.53
09238;EER démarré;23/05/2026;c6d998c2;1000017621;150.28
00368;EER non démarré;23/05/2026;—;1000017630;647.29
00368;EER non démarré;23/05/2026;—;1000017631;129.43
00936;EER démarré;23/05/2026;af809c35;1000017640;285.09
00936;EER démarré;23/05/2026;1ddbce06;1000017641;431.50
05298;EER non démarré;23/05/2026;—;1000017650;922.19
05298;EER non démarré;23/05/2026;—;1000017651;445.78
02200;EER validé;23/05/2026;ca36693b;1000017660;400.54
02200;EER validé;23/05/2026;b1dbb463;1000017661;521.31
03462;EER non démarré;23/05/2026;—;1000017670;936.74
03462;EER non démarré;23/05/2026;—;1000017671;992.25
09940;EER validé;23/05/2026;4e9fc0b5;1000017680;617.77
09940;EER validé;23/05/2026;4b03a4a2;1000017681;909.58
09940;EER validé;23/05/2026;274132b0;1000017690;731.70
09940;EER validé;23/05/2026;c244fed4;1000017691;422.02
03933;EER démarré;23/05/2026;429064e4;1000017700;200.60
03933;EER démarré;23/05/2026;7b8f9676;1000017701;313.29
05080;EER validé;23/05/2026;225b0284;1000017710;277.50
05080;EER validé;23/05/2026;d6176083;1000017711;381.52
01484;EER validé;23/05/2026;032525fa;1000017720;531.74
01484;EER validé;23/05/2026;d0c4af40;1000017721;642.55
00746;EER non démarré;23/05/2026;—;1000017730;560.65
00746;EER non démarré;23/05/2026;—;1000017731;669.75
05522;EER non démarré;23/05/2026;—;1000017740;420.34
05522;EER non démarré;23/05/2026;—;1000017741;596.30
05779;EER validé;23/05/2026;21ec1539;1000017750;497.41
05779;EER validé;23/05/2026;0c527371;1000017751;419.03
03618;EER à valider;23/05/2026;e6b6d757;1000017760;273.70
03618;EER à valider;23/05/2026;2443cfb4;1000017761;759.62
09238;EER validé;23/05/2026;e3d842a8;1000017770;294.55
09238;EER validé;23/05/2026;75b633e2;1000017771;367.86
09238;EER non démarré;23/05/2026;—;1000017780;173.66
09238;EER non démarré;23/05/2026;—;1000017781;239.55
00386;EER non démarré;23/05/2026;—;1000017790;748.64
00386;EER non démarré;23/05/2026;—;1000017791;125.41
00298;EER validé;23/05/2026;2c4cf510;1000017800;146.84
00298;EER validé;23/05/2026;3cc21c83;1000017801;807.80
03358;EER validé;23/05/2026;f72580fe;1000017810;352.00
03358;EER validé;23/05/2026;9c7125b9;1000017811;882.02
06744;EER non démarré;23/05/2026;—;1000017820;696.60
06744;EER non démarré;23/05/2026;—;1000017821;342.38
05530;EER non démarré;23/05/2026;—;1000017830;308.19
05530;EER non démarré;23/05/2026;—;1000017831;633.81
04243;EER validé;23/05/2026;60f6d197;1000017840;268.80
04243;EER validé;23/05/2026;c5baca22;1000017841;728.18
05326;EER non démarré;23/05/2026;—;1000017850;508.67
05326;EER non démarré;23/05/2026;—;1000017851;943.16
09238;EER démarré;23/05/2026;1527f9cc;1000017860;781.82
09238;EER démarré;23/05/2026;4e790940;1000017861;570.41
03866;EER non démarré;23/05/2026;—;1000017870;897.43
03866;EER non démarré;23/05/2026;—;1000017871;860.34
03883;EER non démarré;23/05/2026;—;1000017880;276.79
03883;EER non démarré;23/05/2026;—;1000017881;133.28
00386;EER démarré;23/05/2026;f742c0c3;1000017890;349.31
00386;EER démarré;23/05/2026;a4669eaa;1000017891;433.34
01023;EER démarré;23/05/2026;928985e6;1000017900;851.58
01023;EER démarré;23/05/2026;968405f1;1000017901;828.70
08495;EER validé;23/05/2026;25f4ce48;1000017910;252.97
08495;EER validé;23/05/2026;1436e70d;1000017911;736.11
03609;EER démarré;23/05/2026;f9c9a37d;1000017920;862.40
03609;EER démarré;23/05/2026;2d699c6c;1000017921;229.93
07627;EER validé;23/05/2026;c3fd5d23;1000017930;485.73
07627;EER validé;23/05/2026;d4c5f82b;1000017931;193.23
01821;EER non démarré;23/05/2026;—;1000017940;487.86
01821;EER non démarré;23/05/2026;—;1000017941;420.90
07386;EER non démarré;23/05/2026;—;1000017950;435.75
07386;EER non démarré;23/05/2026;—;1000017951;481.14
09238;EER rejeté;23/05/2026;fce2145d;1000017960;170.40
09238;EER rejeté;23/05/2026;cc0fa2f3;1000017961;909.16
09238;EER non démarré;23/05/2026;—;1000017970;956.80
09238;EER non démarré;23/05/2026;—;1000017971;956.34
09609;EER validé;23/05/2026;59223aac;1000017980;397.84
09609;EER validé;23/05/2026;70f99a52;1000017981;681.00
08349;EER validé;23/05/2026;920dffdb;1000017990;499.35
08349;EER validé;23/05/2026;c8ea4037;1000017991;688.05
09238;EER non démarré;23/05/2026;—;1000018000;898.81
09238;EER non démarré;23/05/2026;—;1000018001;795.99
01192;EER validé;23/05/2026;ffc8cf41;1000018010;141.19
01192;EER validé;23/05/2026;a61b41be;1000018011;573.67
01011;EER non démarré;23/05/2026;—;1000018020;538.35
01011;EER non démarré;23/05/2026;—;1000018021;400.36
08495;EER non démarré;23/05/2026;—;1000018030;720.76
08495;EER non démarré;23/05/2026;—;1000018031;913.04
08267;EER non démarré;23/05/2026;—;1000018040;638.15
08267;EER non démarré;23/05/2026;—;1000018041;152.20
03419;EER non démarré;23/05/2026;—;1000018050;626.52
03419;EER non démarré;23/05/2026;—;1000018051;588.14
05994;EER non démarré;23/05/2026;—;1000018060;920.11
05994;EER non démarré;23/05/2026;—;1000018061;365.06
05027;EER non démarré;23/05/2026;—;1000018070;565.43
05027;EER non démarré;23/05/2026;—;1000018071;187.46
01891;EER validé;23/05/2026;151f0515;1000018080;942.07
01891;EER validé;23/05/2026;15c56b44;1000018081;338.99
05443;EER démarré;23/05/2026;7fd384ba;1000018090;146.62
05443;EER démarré;23/05/2026;2f634f7c;1000018091;694.45
08448;EER non démarré;23/05/2026;—;1000018100;679.21
08448;EER non démarré;23/05/2026;—;1000018101;955.49
02639;EER non démarré;23/05/2026;—;1000018110;710.66
02639;EER non démarré;23/05/2026;—;1000018111;246.30
09238;EER à rejeter;23/05/2026;4857c7c1;1000018120;148.87
09238;EER à rejeter;23/05/2026;72e52743;1000018121;298.61
09238;EER non démarré;23/05/2026;—;1000018130;270.18
09238;EER non démarré;23/05/2026;—;1000018131;794.03
05541;EER validé;23/05/2026;96b43af1;1000018140;877.08
05541;EER validé;23/05/2026;4cf76f73;1000018141;582.02
00134;EER validé;23/05/2026;4a3781cd;1000018150;937.66
00134;EER validé;23/05/2026;c74d1153;1000018151;874.35
04100;EER non démarré;23/05/2026;—;1000018160;330.49
04100;EER non démarré;23/05/2026;—;1000018161;253.08
04237;EER validé;23/05/2026;e2ef1a1d;1000018170;929.61
04237;EER validé;23/05/2026;19987b7f;1000018171;717.35
04624;EER validé;23/05/2026;84524596;1000018180;827.96
04624;EER validé;23/05/2026;80f3bfd8;1000018181;386.53
08579;EER à rejeter;23/05/2026;9fdb7541;1000018190;935.33
08579;EER à rejeter;23/05/2026;1e8d1b29;1000018191;365.51
03802;EER validé;23/05/2026;a3e60826;1000018200;271.05
03802;EER validé;23/05/2026;b12774c7;1000018201;690.02
05027;EER à valider;23/05/2026;b44af869;1000018210;293.76
05027;EER à valider;23/05/2026;ee1c54da;1000018211;268.43
04781;EER à valider;23/05/2026;536030b6;1000018220;599.10
04781;EER à valider;23/05/2026;26c80508;1000018221;929.01
06744;EER non démarré;23/05/2026;—;1000018230;793.42
06744;EER non démarré;23/05/2026;—;1000018231;200.54
03462;EER validé;23/05/2026;6b370124;1000018240;244.71
03462;EER validé;23/05/2026;a0f374c6;1000018241;307.20
00276;EER non démarré;23/05/2026;—;1000018250;446.26
00276;EER non démarré;23/05/2026;—;1000018251;274.02
08589;EER validé;23/05/2026;5e94f76c;1000018260;499.24
08589;EER validé;23/05/2026;3f5e2587;1000018261;635.19
00298;EER validé;23/05/2026;3fa3839c;1000018270;378.03
00298;EER validé;23/05/2026;5c23d2fd;1000018271;364.37
03900;EER validé;23/05/2026;c6863780;1000018280;120.63
03900;EER validé;23/05/2026;adb2eb12;1000018281;970.67
06744;EER démarré;23/05/2026;ac6c4261;1000018290;753.36
06744;EER démarré;23/05/2026;8fda8d87;1000018291;633.50
03940;EER validé;23/05/2026;6631b869;1000018300;375.79
03940;EER validé;23/05/2026;8516702d;1000018301;732.10
09667;EER non démarré;23/05/2026;—;1000018310;198.34
09667;EER non démarré;23/05/2026;—;1000018311;786.05
01349;EER rejeté;23/05/2026;57c61a3a;1000018320;252.55
01349;EER rejeté;23/05/2026;d257d08d;1000018321;619.82
08448;EER validé;22/05/2026;b846a043;1000018330;452.07
08448;EER validé;22/05/2026;2cf0dfa7;1000018331;928.40
03286;EER validé;22/05/2026;57095f83;1000018340;629.60
03286;EER validé;22/05/2026;748c0cb1;1000018341;328.39
08495;EER non démarré;22/05/2026;—;1000018350;951.01
08495;EER non démarré;22/05/2026;—;1000018351;957.74
08439;EER validé;22/05/2026;51d6cf1e;1000018360;736.85
08439;EER validé;22/05/2026;bbc4cc2b;1000018361;368.97
04100;EER à rejeter;22/05/2026;f09def0d;1000018370;151.81
04100;EER à rejeter;22/05/2026;bfaae15a;1000018371;117.34
04579;EER validé;22/05/2026;8ec778c6;1000018380;986.90
04579;EER validé;22/05/2026;42e7bdea;1000018381;280.63
04456;EER validé;22/05/2026;2b46bb84;1000018390;230.09
04456;EER validé;22/05/2026;6f90d0c4;1000018391;577.07
07560;EER non démarré;22/05/2026;—;1000018400;414.61
07560;EER non démarré;22/05/2026;—;1000018401;115.19
07939;EER non démarré;22/05/2026;—;1000018410;561.53
07939;EER non démarré;22/05/2026;—;1000018411;451.48
06111;EER validé;22/05/2026;fc14b8c6;1000018420;559.81
06111;EER validé;22/05/2026;159ccbf2;1000018421;473.58
09260;EER validé;22/05/2026;d752f659;1000018430;501.30
09260;EER validé;22/05/2026;5a7c6f80;1000018431;804.07
08414;EER validé;22/05/2026;fe52bb33;1000018440;388.87
08414;EER validé;22/05/2026;fde40b0c;1000018441;741.67
07612;EER non démarré;22/05/2026;—;1000018450;505.38
07612;EER non démarré;22/05/2026;—;1000018451;692.32
06094;EER démarré;22/05/2026;b44857bd;1000018460;110.56
06094;EER démarré;22/05/2026;377d04b0;1000018461;588.67
02685;EER validé;22/05/2026;24d2bd8a;1000018470;904.86
02685;EER validé;22/05/2026;c86fa348;1000018471;844.84
09238;EER non démarré;22/05/2026;—;1000018480;541.83
09238;EER non démarré;22/05/2026;—;1000018481;425.77
08191;EER non démarré;22/05/2026;—;1000018490;571.32
08191;EER non démarré;22/05/2026;—;1000018491;661.61
05522;EER non démarré;22/05/2026;—;1000018500;750.14
05522;EER non démarré;22/05/2026;—;1000018501;213.48
09974;EER non démarré;22/05/2026;—;1000018510;873.57
09974;EER non démarré;22/05/2026;—;1000018511;607.88
08259;EER validé;22/05/2026;1af391b9;1000018520;118.09
08259;EER validé;22/05/2026;5f1cc5ab;1000018521;261.00
04700;EER non démarré;22/05/2026;—;1000018530;148.76
04700;EER non démarré;22/05/2026;—;1000018531;315.74
01295;EER validé;22/05/2026;d16775a8;1000018540;237.34
01295;EER validé;22/05/2026;d119e314;1000018541;605.01
03940;EER non démarré;22/05/2026;—;1000018550;582.29
03940;EER non démarré;22/05/2026;—;1000018551;649.27
06744;EER validé;22/05/2026;c81e0952;1000018560;182.01
06744;EER validé;22/05/2026;61c6263d;1000018561;290.13
01779;EER non démarré;22/05/2026;—;1000018570;479.65
01779;EER non démarré;22/05/2026;—;1000018571;860.81
09238;EER validé;22/05/2026;fe59aa02;1000018580;710.81
09238;EER validé;22/05/2026;adcc8df4;1000018581;723.75
05522;EER non démarré;22/05/2026;—;1000018590;793.32
05522;EER non démarré;22/05/2026;—;1000018591;964.40
00579;EER non démarré;22/05/2026;—;1000018600;221.04
00579;EER non démarré;22/05/2026;—;1000018601;916.26
08716;EER non démarré;22/05/2026;—;1000018610;535.48
08716;EER non démarré;22/05/2026;—;1000018611;544.80
01046;EER rejeté;22/05/2026;c12bac71;1000018620;710.96
01046;EER rejeté;22/05/2026;a230170c;1000018621;238.68
09238;EER validé;22/05/2026;c877e5c6;1000018630;931.30
09238;EER validé;22/05/2026;e2b30bd5;1000018631;153.56
02657;EER non démarré;22/05/2026;—;1000018640;917.54
02657;EER non démarré;22/05/2026;—;1000018641;396.20
03598;EER validé;22/05/2026;0b337295;1000018650;315.32
03598;EER validé;22/05/2026;ca6f0aef;1000018651;840.45
09238;EER rejeté;22/05/2026;256ad3f8;1000018660;822.82
09238;EER rejeté;22/05/2026;391923ee;1000018661;155.21
07251;EER validé;22/05/2026;4fdd3d16;1000018670;164.86
07251;EER validé;22/05/2026;4524f26a;1000018671;388.90
07782;EER non démarré;22/05/2026;—;1000018680;933.34
07782;EER non démarré;22/05/2026;—;1000018681;597.31
06094;EER non démarré;22/05/2026;—;1000018690;687.12
06094;EER non démarré;22/05/2026;—;1000018691;668.54
00179;EER validé;22/05/2026;de75babe;1000018700;510.06
00179;EER validé;22/05/2026;9658afa9;1000018701;365.59
07386;EER validé;22/05/2026;b295eb82;1000018710;604.90
07386;EER validé;22/05/2026;bcbe186c;1000018711;855.47
09549;EER non démarré;22/05/2026;—;1000018720;791.94
09549;EER non démarré;22/05/2026;—;1000018721;697.08
07286;EER rejeté;22/05/2026;d05a0a62;1000018730;868.74
07286;EER rejeté;22/05/2026;b3f0e844;1000018731;722.15
09238;EER validé;22/05/2026;f1ad4a4d;1000018740;857.60
09238;EER validé;22/05/2026;544d1d40;1000018741;698.18
01984;EER non démarré;22/05/2026;—;1000018750;154.12
01984;EER non démarré;22/05/2026;—;1000018751;234.29
09238;EER non démarré;22/05/2026;—;1000018760;558.56
09238;EER non démarré;22/05/2026;—;1000018761;257.96
03231;EER non démarré;22/05/2026;—;1000018770;846.57
03231;EER non démarré;22/05/2026;—;1000018771;690.47
02248;EER non démarré;22/05/2026;—;1000018780;398.72
02248;EER non démarré;22/05/2026;—;1000018781;164.51
00386;EER validé;22/05/2026;892ca291;1000018790;388.83
00386;EER validé;22/05/2026;f0cf7079;1000018791;807.33
04946;EER démarré;22/05/2026;8bd7e2af;1000018800;978.91
04946;EER démarré;22/05/2026;f7aa640b;1000018801;623.90
06744;EER validé;22/05/2026;72a9b38f;1000018810;262.03
06744;EER validé;22/05/2026;15d4321b;1000018811;508.36
06641;EER non démarré;22/05/2026;—;1000018820;275.93
06641;EER non démarré;22/05/2026;—;1000018821;214.56
08548;EER à rejeter;22/05/2026;8b2a5e8a;1000018830;554.09
08548;EER à rejeter;22/05/2026;3fd83ed1;1000018831;768.79
07362;EER non démarré;22/05/2026;—;1000018840;202.07
07362;EER non démarré;22/05/2026;—;1000018841;217.26
09238;EER non démarré;22/05/2026;—;1000018850;511.19
09238;EER non démarré;22/05/2026;—;1000018851;324.58
03343;EER validé;22/05/2026;de7ca221;1000018860;607.36
03343;EER validé;22/05/2026;9e2af14f;1000018861;668.74
00386;EER non démarré;22/05/2026;—;1000018870;873.40
00386;EER non démarré;22/05/2026;—;1000018871;833.30
08580;EER rejeté;22/05/2026;2cd8deef;1000018880;676.79
08580;EER rejeté;22/05/2026;1971790d;1000018881;564.63
08495;EER validé;22/05/2026;28abdb2a;1000018890;288.23
08495;EER validé;22/05/2026;b1d19d8e;1000018891;909.91
01036;EER démarré;22/05/2026;d679d93b;1000018900;407.38
01036;EER démarré;22/05/2026;f2a33647;1000018901;742.95
09238;EER à valider;22/05/2026;b099706f;1000018910;858.99
09238;EER à valider;22/05/2026;cee61fda;1000018911;833.77
06744;EER validé;22/05/2026;dc101b3d;1000018920;281.06
06744;EER validé;22/05/2026;401d8a06;1000018921;708.14
03706;EER non démarré;22/05/2026;—;1000018930;855.58
03706;EER non démarré;22/05/2026;—;1000018931;818.67
09238;EER validé;22/05/2026;070e0761;1000018940;658.81
09238;EER validé;22/05/2026;93805edc;1000018941;833.12
08823;EER non démarré;22/05/2026;—;1000018950;697.88
08823;EER non démarré;22/05/2026;—;1000018951;283.69
07972;EER rejeté;22/05/2026;fed3840d;1000018960;682.88
07972;EER rejeté;22/05/2026;e7ae1002;1000018961;125.01
07560;EER non démarré;22/05/2026;—;1000018970;383.65
07560;EER non démarré;22/05/2026;—;1000018971;948.31
01074;EER validé;22/05/2026;044229c9;1000018980;681.86
01074;EER validé;22/05/2026;92a649ed;1000018981;870.93
03992;EER non démarré;22/05/2026;—;1000018990;168.89
03992;EER non démarré;22/05/2026;—;1000018991;943.60
03618;EER validé;22/05/2026;b70f478a;1000019000;650.46
03618;EER validé;22/05/2026;3b1131f1;1000019001;960.50
09885;EER validé;22/05/2026;61faa649;1000019010;985.01
09885;EER validé;22/05/2026;a3ddac1a;1000019011;705.33
09238;EER validé;22/05/2026;900985a0;1000019020;591.13
09238;EER validé;22/05/2026;ac6da59f;1000019021;729.76
02652;EER non démarré;22/05/2026;—;1000019030;375.56
02652;EER non démarré;22/05/2026;—;1000019031;282.47
09238;EER non démarré;22/05/2026;—;1000019040;711.51
09238;EER non démarré;22/05/2026;—;1000019041;823.66
00350;EER validé;22/05/2026;15a6fc17;1000019050;711.48
00350;EER validé;22/05/2026;b302d1e1;1000019051;160.33
06867;EER validé;22/05/2026;c8856137;1000019060;700.93
06867;EER validé;22/05/2026;27928625;1000019061;203.83
07386;EER non démarré;22/05/2026;—;1000019070;407.61
07386;EER non démarré;22/05/2026;—;1000019071;834.35
05326;EER non démarré;22/05/2026;—;1000019080;546.28
05326;EER non démarré;22/05/2026;—;1000019081;515.38
04955;EER à rejeter;22/05/2026;9a62d47d;1000019090;162.50
04955;EER à rejeter;22/05/2026;9a5e3059;1000019091;747.06
05027;EER validé;22/05/2026;fac0b3e2;1000019100;472.66
05027;EER validé;22/05/2026;284d4885;1000019101;385.28
00349;EER validé;22/05/2026;04f410a6;1000019110;997.43
00349;EER validé;22/05/2026;76093127;1000019111;519.35
08666;EER rejeté;22/05/2026;be6da5dc;1000019120;537.27
08666;EER rejeté;22/05/2026;0f766ea2;1000019121;767.21
00337;EER validé;22/05/2026;7736a4ac;1000019130;318.97
00337;EER validé;22/05/2026;2e9b8762;1000019131;192.67
06744;EER non démarré;22/05/2026;—;1000019140;809.84
06744;EER non démarré;22/05/2026;—;1000019141;619.04
07229;EER non démarré;22/05/2026;—;1000019150;546.17
07229;EER non démarré;22/05/2026;—;1000019151;272.54
03940;EER validé;22/05/2026;0dad81cb;1000019160;122.00
03940;EER validé;22/05/2026;e911a443;1000019161;406.60
00685;EER à rejeter;22/05/2026;cbe82c14;1000019170;813.34
00685;EER à rejeter;22/05/2026;7635d134;1000019171;189.56
06094;EER validé;22/05/2026;dd41b0a7;1000019180;435.54
06094;EER validé;22/05/2026;3475fdd8;1000019181;331.49
00386;EER validé;22/05/2026;89badac8;1000019190;571.57
00386;EER validé;22/05/2026;9f7c54a1;1000019191;341.87
08492;EER non démarré;22/05/2026;—;1000019200;341.41
08492;EER non démarré;22/05/2026;—;1000019201;847.20
06744;EER validé;22/05/2026;39e5eb23;1000019210;353.83
06744;EER validé;22/05/2026;e87bc940;1000019211;195.05
08630;EER validé;22/05/2026;e1719d3d;1000019220;340.36
08630;EER validé;22/05/2026;e75a09b8;1000019221;714.86
03940;EER non démarré;22/05/2026;—;1000019230;985.14
03940;EER non démarré;22/05/2026;—;1000019231;690.92
07286;EER non démarré;22/05/2026;—;1000019240;188.77
07286;EER non démarré;22/05/2026;—;1000019241;171.39
09238;EER validé;22/05/2026;a67e2d80;1000019250;140.15
09238;EER validé;22/05/2026;f771ed35;1000019251;149.00
02685;EER non démarré;22/05/2026;—;1000019260;668.00
02685;EER non démarré;22/05/2026;—;1000019261;544.81
05443;EER non démarré;22/05/2026;—;1000019270;563.36
05443;EER non démarré;22/05/2026;—;1000019271;551.63
04588;EER non démarré;22/05/2026;—;1000019280;396.57
04588;EER non démarré;22/05/2026;—;1000019281;560.84
03672;EER validé;22/05/2026;32169a31;1000019290;507.58
03672;EER validé;22/05/2026;852e3b17;1000019291;790.17
09940;EER non démarré;22/05/2026;—;1000019300;857.12
09940;EER non démarré;22/05/2026;—;1000019301;949.05
03940;EER validé;22/05/2026;cc96afdf;1000019310;513.48
03940;EER validé;22/05/2026;bf3b3417;1000019311;315.20
03940;EER validé;22/05/2026;dc01c1f9;1000019320;196.33
03940;EER validé;22/05/2026;0bd02755;1000019321;307.23
09238;EER non démarré;22/05/2026;—;1000019330;169.72
09238;EER non démarré;22/05/2026;—;1000019331;233.50
04627;EER non démarré;22/05/2026;—;1000019340;874.28
04627;EER non démarré;22/05/2026;—;1000019341;561.33
08582;EER non démarré;22/05/2026;—;1000019350;492.13
08582;EER non démarré;22/05/2026;—;1000019351;636.47
03940;EER validé;22/05/2026;bb20d76d;1000019360;973.23
03940;EER validé;22/05/2026;aac080bd;1000019361;755.71
09238;EER non démarré;22/05/2026;—;1000019370;133.97
09238;EER non démarré;22/05/2026;—;1000019371;876.59
08236;EER validé;22/05/2026;ce8c99fc;1000019380;134.16
08236;EER validé;22/05/2026;221987ea;1000019381;338.41
05765;EER non démarré;22/05/2026;—;1000019390;845.72
05765;EER non démarré;22/05/2026;—;1000019391;189.23
06419;EER validé;22/05/2026;9148f627;1000019400;619.25
06419;EER validé;22/05/2026;1faf8765;1000019401;996.42
09238;EER non démarré;22/05/2026;—;1000019410;866.49
09238;EER non démarré;22/05/2026;—;1000019411;630.03
05090;EER non démarré;22/05/2026;—;1000019420;278.48
05090;EER non démarré;22/05/2026;—;1000019421;578.16
03784;EER validé;22/05/2026;6c20a2b0;1000019430;617.73
03784;EER validé;22/05/2026;87c470f7;1000019431;618.56
05925;EER non démarré;22/05/2026;—;1000019440;804.92
05925;EER non démarré;22/05/2026;—;1000019441;479.31
06629;EER validé;22/05/2026;a3c28d13;1000019450;589.91
06629;EER validé;22/05/2026;d0761f85;1000019451;125.87
01588;EER rejeté;22/05/2026;3f205403;1000019460;990.55
01588;EER rejeté;22/05/2026;c5ebfda9;1000019461;299.68
03665;EER non démarré;22/05/2026;—;1000019470;824.28
03665;EER non démarré;22/05/2026;—;1000019471;957.69
08342;EER validé;22/05/2026;5c919128;1000019480;124.28
08342;EER validé;22/05/2026;279aca90;1000019481;486.36
07286;EER validé;22/05/2026;57be3535;1000019490;941.57
07286;EER validé;22/05/2026;e27707db;1000019491;270.99
09238;EER validé;22/05/2026;1bc9db7b;1000019500;535.64
09238;EER validé;22/05/2026;ca63b5ce;1000019501;349.85
06211;EER non démarré;22/05/2026;—;1000019510;396.36
06211;EER non démarré;22/05/2026;—;1000019511;414.03
03983;EER non démarré;22/05/2026;—;1000019520;378.39
03983;EER non démarré;22/05/2026;—;1000019521;719.36
00135;EER validé;22/05/2026;2f31bc8c;1000019530;956.83
00135;EER validé;22/05/2026;a9a104a0;1000019531;789.71
05522;EER validé;22/05/2026;9091705f;1000019540;920.08
05522;EER validé;22/05/2026;8d593158;1000019541;598.23
00126;EER non démarré;22/05/2026;—;1000019550;846.20
00126;EER non démarré;22/05/2026;—;1000019551;909.58
01563;EER non démarré;22/05/2026;—;1000019560;323.14
01563;EER non démarré;22/05/2026;—;1000019561;777.16
00386;EER non démarré;22/05/2026;—;1000019570;672.24
00386;EER non démarré;22/05/2026;—;1000019571;156.94
02496;EER non démarré;22/05/2026;—;1000019580;748.27
02496;EER non démarré;22/05/2026;—;1000019581;301.31
06867;EER validé;22/05/2026;02fc48dd;1000019590;871.18
06867;EER validé;22/05/2026;fae33285;1000019591;732.86
08414;EER validé;22/05/2026;2f3984e4;1000019600;539.67
08414;EER validé;22/05/2026;0510d055;1000019601;874.13
03933;EER validé;22/05/2026;839e0b94;1000019610;493.46
03933;EER validé;22/05/2026;0a9a461d;1000019611;782.84
03883;EER validé;22/05/2026;8982df99;1000019620;183.68
03883;EER validé;22/05/2026;7ec6496f;1000019621;964.67
08048;EER validé;22/05/2026;2807f4b8;1000019630;426.61
08048;EER validé;22/05/2026;1e3b8919;1000019631;629.80
00818;EER non démarré;22/05/2026;—;1000019640;454.76
00818;EER non démarré;22/05/2026;—;1000019641;485.66
06111;EER non démarré;22/05/2026;—;1000019650;376.47
06111;EER non démarré;22/05/2026;—;1000019651;316.20
03940;EER démarré;22/05/2026;be44a107;1000019660;805.33
03940;EER démarré;22/05/2026;c732e542;1000019661;244.57
09238;EER non démarré;22/05/2026;—;1000019670;868.57
09238;EER non démarré;22/05/2026;—;1000019671;129.18
03940;EER non démarré;22/05/2026;—;1000019680;679.72
03940;EER non démarré;22/05/2026;—;1000019681;604.16
06744;EER démarré;22/05/2026;8407c0bc;1000019690;893.37
06744;EER démarré;22/05/2026;c28e534f;1000019691;845.13
03050;EER à valider;22/05/2026;4180e99d;1000019700;520.95
03050;EER à valider;22/05/2026;337160be;1000019701;104.42
06536;EER non démarré;22/05/2026;—;1000019710;966.40
06536;EER non démarré;22/05/2026;—;1000019711;743.65
02200;EER validé;22/05/2026;6e10c493;1000019720;328.26
02200;EER validé;22/05/2026;104ff982;1000019721;329.91
01074;EER validé;22/05/2026;8f81cc45;1000019730;297.51
01074;EER validé;22/05/2026;8ea00c2c;1000019731;616.06
02897;EER démarré;22/05/2026;111c03a3;1000019740;805.12
02897;EER démarré;22/05/2026;87f763d2;1000019741;477.03
05726;EER validé;22/05/2026;02cb287c;1000019750;191.96
05726;EER validé;22/05/2026;298ac353;1000019751;145.16
00892;EER validé;22/05/2026;1bd67829;1000019760;161.53
00892;EER validé;22/05/2026;3acd4bbc;1000019761;162.33
08430;EER validé;22/05/2026;d55af142;1000019770;205.87
08430;EER validé;22/05/2026;8ec2b60c;1000019771;475.93
05203;EER démarré;22/05/2026;237870ef;1000019780;764.61
05203;EER démarré;22/05/2026;9952b882;1000019781;320.48
00386;EER validé;22/05/2026;91c4178b;1000019790;879.94
00386;EER validé;22/05/2026;e423a1b4;1000019791;406.87
01694;EER non démarré;21/05/2026;—;1000019800;767.58
01694;EER non démarré;21/05/2026;—;1000019801;297.18
02987;EER validé;21/05/2026;5b4535ba;1000019810;861.84
02987;EER validé;21/05/2026;3a638d2c;1000019811;558.70
09238;EER validé;21/05/2026;74d5b2d8;1000019820;594.95
09238;EER validé;21/05/2026;fb800a1f;1000019821;634.89
06744;EER validé;21/05/2026;24288223;1000019830;860.08
06744;EER validé;21/05/2026;7ef6a1c3;1000019831;567.94
06178;EER non démarré;21/05/2026;—;1000019840;638.11
06178;EER non démarré;21/05/2026;—;1000019841;489.57
06414;EER validé;21/05/2026;d9768c7b;1000019850;840.97
06414;EER validé;21/05/2026;b5475bfa;1000019851;834.90
06744;EER validé;21/05/2026;07485f16;1000019860;883.10
06744;EER validé;21/05/2026;1245ac92;1000019861;633.81
01277;EER validé;21/05/2026;7be3ff6c;1000019870;372.27
01277;EER validé;21/05/2026;78f35bc9;1000019871;187.61
03866;EER démarré;21/05/2026;cf5543d5;1000019880;617.69
03866;EER démarré;21/05/2026;a329c9d0;1000019881;859.57
08548;EER rejeté;21/05/2026;a850bf8f;1000019890;620.44
08548;EER rejeté;21/05/2026;adde4e45;1000019891;387.64
00497;EER non démarré;21/05/2026;—;1000019900;489.34
00497;EER non démarré;21/05/2026;—;1000019901;369.70
05161;EER validé;21/05/2026;7e330394;1000019910;677.26
05161;EER validé;21/05/2026;1f72d5d1;1000019911;392.78
02496;EER validé;21/05/2026;b00757e6;1000019920;469.91
02496;EER validé;21/05/2026;fa10c367;1000019921;656.11
07627;EER non démarré;21/05/2026;—;1000019930;807.99
07627;EER non démarré;21/05/2026;—;1000019931;675.41
01581;EER validé;21/05/2026;eb8ee3cf;1000019940;736.15
01581;EER validé;21/05/2026;00d057ae;1000019941;265.13
08713;EER non démarré;21/05/2026;—;1000019950;970.27
08713;EER non démarré;21/05/2026;—;1000019951;909.72
03106;EER validé;21/05/2026;5fbc0c0f;1000019960;267.55
03106;EER validé;21/05/2026;ad0b1ecd;1000019961;737.90
08593;EER validé;21/05/2026;868a9257;1000019970;924.87
08593;EER validé;21/05/2026;9e02a0d2;1000019971;604.68
05027;EER non démarré;21/05/2026;—;1000019980;661.38
05027;EER non démarré;21/05/2026;—;1000019981;617.49
06744;EER non démarré;21/05/2026;—;1000019990;355.18
06744;EER non démarré;21/05/2026;—;1000019991;491.84
08533;EER non démarré;21/05/2026;—;1000020000;814.48
08533;EER non démarré;21/05/2026;—;1000020001;617.82
02938;EER à valider;21/05/2026;4e5e1700;1000020010;842.36
02938;EER à valider;21/05/2026;3cbf7519;1000020011;768.72
02496;EER rejeté;21/05/2026;4f748712;1000020020;603.01
02496;EER rejeté;21/05/2026;fec5eeb6;1000020021;913.36
09238;EER démarré;21/05/2026;f2234e78;1000020030;592.49
09238;EER démarré;21/05/2026;4f4fa1b8;1000020031;655.61
07386;EER non démarré;21/05/2026;—;1000020040;347.49
07386;EER non démarré;21/05/2026;—;1000020041;224.01
05955;EER démarré;21/05/2026;2d0e5b81;1000020050;422.77
05955;EER démarré;21/05/2026;9be72104;1000020051;352.48
07286;EER non démarré;21/05/2026;—;1000020060;452.17
07286;EER non démarré;21/05/2026;—;1000020061;480.25
08339;EER non démarré;21/05/2026;—;1000020070;506.23
08339;EER non démarré;21/05/2026;—;1000020071;948.67
06556;EER validé;21/05/2026;1346c0e9;1000020080;671.79
06556;EER validé;21/05/2026;837613ec;1000020081;924.56
05682;EER non démarré;21/05/2026;—;1000020090;873.57
05682;EER non démarré;21/05/2026;—;1000020091;605.07
06744;EER non démarré;21/05/2026;—;1000020100;745.16
06744;EER non démarré;21/05/2026;—;1000020101;288.34
05755;EER non démarré;21/05/2026;—;1000020110;872.79
05755;EER non démarré;21/05/2026;—;1000020111;564.21
09238;EER non démarré;21/05/2026;—;1000020120;403.70
09238;EER non démarré;21/05/2026;—;1000020121;463.69
04250;EER non démarré;21/05/2026;—;1000020130;238.67
04250;EER non démarré;21/05/2026;—;1000020131;239.13
04400;EER non démarré;21/05/2026;—;1000020140;235.43
04400;EER non démarré;21/05/2026;—;1000020141;172.42
03706;EER non démarré;21/05/2026;—;1000020150;890.92
03706;EER non démarré;21/05/2026;—;1000020151;477.67
07472;EER démarré;21/05/2026;385387eb;1000020160;801.75
07472;EER démarré;21/05/2026;db6b31cf;1000020161;756.57
07669;EER à valider;21/05/2026;10891894;1000020170;947.43
07669;EER à valider;21/05/2026;2c41098f;1000020171;705.30
08495;EER non démarré;21/05/2026;—;1000020180;535.35
08495;EER non démarré;21/05/2026;—;1000020181;542.38
03940;EER validé;21/05/2026;1e59b436;1000020190;392.06
03940;EER validé;21/05/2026;e317e265;1000020191;466.78
09700;EER non démarré;21/05/2026;—;1000020200;928.18
09700;EER non démarré;21/05/2026;—;1000020201;814.93
07286;EER validé;21/05/2026;cb94ec05;1000020210;478.09
07286;EER validé;21/05/2026;f3b6cc7e;1000020211;593.75
06008;EER rejeté;21/05/2026;9567d085;1000020220;908.39
06008;EER rejeté;21/05/2026;2fb8d523;1000020221;993.29
08495;EER validé;21/05/2026;fa1aa6e7;1000020230;398.51
08495;EER validé;21/05/2026;8fce0fa0;1000020231;933.42
03940;EER non démarré;21/05/2026;—;1000020240;784.39
03940;EER non démarré;21/05/2026;—;1000020241;389.36
04189;EER validé;21/05/2026;a02a6c61;1000020250;220.84
04189;EER validé;21/05/2026;ca0b3e28;1000020251;475.72
09238;EER non démarré;21/05/2026;—;1000020260;438.45
09238;EER non démarré;21/05/2026;—;1000020261;640.80
08414;EER non démarré;21/05/2026;—;1000020270;407.26
08414;EER non démarré;21/05/2026;—;1000020271;829.73
07125;EER validé;21/05/2026;7ae55016;1000020280;585.72
07125;EER validé;21/05/2026;1f73a2ad;1000020281;549.96
06744;EER non démarré;21/05/2026;—;1000020290;945.98
06744;EER non démarré;21/05/2026;—;1000020291;611.86
09549;EER non démarré;21/05/2026;—;1000020300;259.49
09549;EER non démarré;21/05/2026;—;1000020301;220.08
08492;EER non démarré;21/05/2026;—;1000020310;817.70
08492;EER non démarré;21/05/2026;—;1000020311;330.88
01694;EER rejeté;21/05/2026;6c303bcf;1000020320;108.74
01694;EER rejeté;21/05/2026;6b1cadf0;1000020321;412.50
06820;EER validé;21/05/2026;e1b10e4b;1000020330;268.21
06820;EER validé;21/05/2026;67075f27;1000020331;966.97
09238;EER non démarré;21/05/2026;—;1000020340;626.94
09238;EER non démarré;21/05/2026;—;1000020341;901.45
06744;EER non démarré;21/05/2026;—;1000020350;981.49
06744;EER non démarré;21/05/2026;—;1000020351;382.34
01650;EER non démarré;21/05/2026;—;1000020360;850.55
01650;EER non démarré;21/05/2026;—;1000020361;833.82
07674;EER démarré;21/05/2026;8133c5c2;1000020370;348.25
07674;EER démarré;21/05/2026;9624f1b2;1000020371;105.80
09238;EER validé;21/05/2026;7407a9b6;1000020380;583.67
09238;EER validé;21/05/2026;8528bff8;1000020381;686.95
00355;EER non démarré;21/05/2026;—;1000020390;466.07
00355;EER non démarré;21/05/2026;—;1000020391;958.00
05769;EER validé;21/05/2026;60fdafb5;1000020400;910.81
05769;EER validé;21/05/2026;f51792f1;1000020401;303.13
07627;EER validé;21/05/2026;4526a266;1000020410;210.55
07627;EER validé;21/05/2026;a366d5fd;1000020411;481.46
06556;EER démarré;21/05/2026;76575a1b;1000020420;219.74
06556;EER démarré;21/05/2026;9543af95;1000020421;955.97
09238;EER validé;21/05/2026;f0f27c98;1000020430;353.73
09238;EER validé;21/05/2026;4dd81fb9;1000020431;806.07
05443;EER non démarré;21/05/2026;—;1000020440;571.27
05443;EER non démarré;21/05/2026;—;1000020441;606.44
04669;EER validé;21/05/2026;847b0309;1000020450;499.30
04669;EER validé;21/05/2026;54a3e33f;1000020451;631.90
06804;EER non démarré;21/05/2026;—;1000020460;647.40
06804;EER non démarré;21/05/2026;—;1000020461;963.86
04741;EER non démarré;21/05/2026;—;1000020470;232.32
04741;EER non démarré;21/05/2026;—;1000020471;139.06
03315;EER validé;21/05/2026;33e59f2a;1000020480;602.11
03315;EER validé;21/05/2026;4844e55c;1000020481;670.63
02200;EER non démarré;21/05/2026;—;1000020490;717.75
02200;EER non démarré;21/05/2026;—;1000020491;787.62
06621;EER non démarré;21/05/2026;—;1000020500;525.42
06621;EER non démarré;21/05/2026;—;1000020501;725.18
08421;EER non démarré;21/05/2026;—;1000020510;645.75
08421;EER non démarré;21/05/2026;—;1000020511;323.06
07386;EER non démarré;21/05/2026;—;1000020520;850.25
07386;EER non démarré;21/05/2026;—;1000020521;236.98
05722;EER non démarré;21/05/2026;—;1000020530;215.70
05722;EER non démarré;21/05/2026;—;1000020531;952.00
03139;EER validé;21/05/2026;532f4810;1000020540;857.51
03139;EER validé;21/05/2026;cf9204b9;1000020541;787.02
09019;EER validé;21/05/2026;18dba9b9;1000020550;525.86
09019;EER validé;21/05/2026;29c33838;1000020551;743.28
01569;EER validé;21/05/2026;fbf72a80;1000020560;409.33
01569;EER validé;21/05/2026;f0ade5eb;1000020561;429.01
09700;EER validé;21/05/2026;083950f5;1000020570;745.08
09700;EER validé;21/05/2026;0d15766a;1000020571;437.51
07353;EER validé;21/05/2026;700d66be;1000020580;566.69
07353;EER validé;21/05/2026;9cac41c3;1000020581;665.41
03231;EER non démarré;21/05/2026;—;1000020590;906.18
03231;EER non démarré;21/05/2026;—;1000020591;972.06
00386;EER validé;21/05/2026;2ebc1150;1000020600;168.59
00386;EER validé;21/05/2026;d0388f17;1000020601;279.38
06175;EER démarré;21/05/2026;d121bf89;1000020610;307.96
06175;EER démarré;21/05/2026;968fd272;1000020611;122.76
01046;EER non démarré;21/05/2026;—;1000020620;512.85
01046;EER non démarré;21/05/2026;—;1000020621;526.57
05443;EER non démarré;21/05/2026;—;1000020630;660.79
05443;EER non démarré;21/05/2026;—;1000020631;613.12
07353;EER démarré;21/05/2026;7690ca68;1000020640;340.52
07353;EER démarré;21/05/2026;a6a122c1;1000020641;510.41
09238;EER validé;21/05/2026;faf45ce4;1000020650;964.64
09238;EER validé;21/05/2026;ecdc44c7;1000020651;193.35
09238;EER validé;21/05/2026;52d8c7dd;1000020660;375.25
09238;EER validé;21/05/2026;ffb73d1d;1000020661;266.57
00818;EER non démarré;21/05/2026;—;1000020670;193.34
00818;EER non démarré;21/05/2026;—;1000020671;599.63
09238;EER non démarré;21/05/2026;—;1000020680;212.82
09238;EER non démarré;21/05/2026;—;1000020681;904.25
06157;EER non démarré;21/05/2026;—;1000020690;630.31
06157;EER non démarré;21/05/2026;—;1000020691;282.05
09238;EER démarré;21/05/2026;d9be1858;1000020700;161.15
09238;EER démarré;21/05/2026;2e5a7f69;1000020701;676.81
00337;EER validé;21/05/2026;356fe46a;1000020710;532.80
00337;EER validé;21/05/2026;6a6980f8;1000020711;106.29
07439;EER non démarré;21/05/2026;—;1000020720;131.24
07439;EER non démarré;21/05/2026;—;1000020721;373.80
09238;EER validé;21/05/2026;8ba5bdf8;1000020730;471.23
09238;EER validé;21/05/2026;44b2c891;1000020731;247.02
02468;EER à rejeter;21/05/2026;ebdc3a6b;1000020740;638.14
02468;EER à rejeter;21/05/2026;18029a0a;1000020741;895.88
08342;EER démarré;21/05/2026;c508d595;1000020750;825.02
08342;EER démarré;21/05/2026;fd3ae0c9;1000020751;787.69
00362;EER validé;21/05/2026;2b186dd8;1000020760;649.83
00362;EER validé;21/05/2026;cbc8384b;1000020761;215.18
08421;EER validé;21/05/2026;e8e475e4;1000020770;224.28
08421;EER validé;21/05/2026;edb48346;1000020771;386.12
09238;EER non démarré;21/05/2026;—;1000020780;966.65
09238;EER non démarré;21/05/2026;—;1000020781;936.05
01602;EER démarré;21/05/2026;b1aeaae4;1000020790;110.48
01602;EER démarré;21/05/2026;79bee3e6;1000020791;801.81
07627;EER non démarré;21/05/2026;—;1000020800;746.32
07627;EER non démarré;21/05/2026;—;1000020801;462.82
05326;EER validé;21/05/2026;d230338f;1000020810;881.37
05326;EER validé;21/05/2026;787bac8a;1000020811;594.05
07472;EER validé;21/05/2026;aaf9785a;1000020820;571.61
07472;EER validé;21/05/2026;b4b3d106;1000020821;912.01
07715;EER validé;21/05/2026;4c103b3c;1000020830;128.34
07715;EER validé;21/05/2026;750f19e0;1000020831;406.82
09238;EER démarré;21/05/2026;2a9b52cd;1000020840;513.36
09238;EER démarré;21/05/2026;4251f3ee;1000020841;425.93
01115;EER démarré;21/05/2026;57b8e22f;1000020850;766.31
01115;EER démarré;21/05/2026;6cf3c2a7;1000020851;371.08
05326;EER non démarré;21/05/2026;—;1000020860;140.07
05326;EER non démarré;21/05/2026;—;1000020861;313.37
05954;EER validé;21/05/2026;19f78370;1000020870;651.38
05954;EER validé;21/05/2026;defd1971;1000020871;760.37
06195;EER démarré;21/05/2026;0d977d7c;1000020880;401.21
06195;EER démarré;21/05/2026;75ed0a07;1000020881;869.28
05309;EER à rejeter;21/05/2026;a05b4c0f;1000020890;441.83
05309;EER à rejeter;21/05/2026;c6df3a21;1000020891;550.15
02074;EER validé;21/05/2026;28fc0e6a;1000020900;721.29
02074;EER validé;21/05/2026;a2cf3a6c;1000020901;258.84
03863;EER démarré;21/05/2026;77ba2e35;1000020910;843.32
03863;EER démarré;21/05/2026;4946006e;1000020911;260.78
01625;EER validé;21/05/2026;b648c3b9;1000020920;465.53
01625;EER validé;21/05/2026;740d1841;1000020921;690.83
07386;EER validé;21/05/2026;50a0a5bd;1000020930;403.54
07386;EER validé;21/05/2026;869dfe55;1000020931;544.19
09238;EER validé;21/05/2026;39ff5254;1000020940;281.42
09238;EER validé;21/05/2026;7b0b4b1c;1000020941;245.95
01192;EER non démarré;21/05/2026;—;1000020950;644.72
01192;EER non démarré;21/05/2026;—;1000020951;173.29
09238;EER non démarré;21/05/2026;—;1000020960;615.92
09238;EER non démarré;21/05/2026;—;1000020961;375.69
09238;EER validé;21/05/2026;a81c032a;1000020970;285.75
09238;EER validé;21/05/2026;d82dbce1;1000020971;841.84
02200;EER non démarré;21/05/2026;—;1000020980;270.11
02200;EER non démarré;21/05/2026;—;1000020981;785.68
07081;EER non démarré;21/05/2026;—;1000020990;500.78
07081;EER non démarré;21/05/2026;—;1000020991;118.43
02880;EER rejeté;21/05/2026;17b37d13;1000021000;164.96
02880;EER rejeté;21/05/2026;72a29641;1000021001;405.57
09238;EER non démarré;21/05/2026;—;1000021010;716.90
09238;EER non démarré;21/05/2026;—;1000021011;829.19
03337;EER non démarré;21/05/2026;—;1000021020;355.41
03337;EER non démarré;21/05/2026;—;1000021021;912.49
02391;EER non démarré;21/05/2026;—;1000021030;922.95
02391;EER non démarré;21/05/2026;—;1000021031;760.85
09238;EER validé;21/05/2026;1b4df8fd;1000021040;757.81
09238;EER validé;21/05/2026;4141acb1;1000021041;413.11
06744;EER validé;21/05/2026;6c4e1db0;1000021050;206.30
06744;EER validé;21/05/2026;11907799;1000021051;641.55
00362;EER validé;21/05/2026;8fd75054;1000021060;376.57
00362;EER validé;21/05/2026;371cf1ec;1000021061;177.90
03609;EER validé;21/05/2026;00e1c62e;1000021070;771.44
03609;EER validé;21/05/2026;7f866cc7;1000021071;528.26
08495;EER non démarré;21/05/2026;—;1000021080;771.57
08495;EER non démarré;21/05/2026;—;1000021081;489.29
05001;EER démarré;21/05/2026;1396cd8a;1000021090;505.06
05001;EER démarré;21/05/2026;9ed0ebc3;1000021091;806.86
00787;EER validé;21/05/2026;7a61a3eb;1000021100;183.96
00787;EER validé;21/05/2026;007162e9;1000021101;982.23
07462;EER à rejeter;21/05/2026;0f945451;1000021110;785.01
07462;EER à rejeter;21/05/2026;af26c6eb;1000021111;342.66
07589;EER validé;21/05/2026;81fd5a20;1000021120;769.86
07589;EER validé;21/05/2026;dace1c5a;1000021121;878.81
03940;EER non démarré;21/05/2026;—;1000021130;759.35
03940;EER non démarré;21/05/2026;—;1000021131;257.73
03286;EER non démarré;21/05/2026;—;1000021140;276.21
03286;EER non démarré;21/05/2026;—;1000021141;969.69
06211;EER validé;21/05/2026;2f10b040;1000021150;788.46
06211;EER validé;21/05/2026;eff6fb8d;1000021151;617.20
02518;EER démarré;21/05/2026;0949ab38;1000021160;771.50
02518;EER démarré;21/05/2026;1581b1aa;1000021161;825.53
04169;EER validé;21/05/2026;f1b4f37b;1000021170;617.68
04169;EER validé;21/05/2026;9365d776;1000021171;362.88
07715;EER non démarré;21/05/2026;—;1000021180;947.50
07715;EER non démarré;21/05/2026;—;1000021181;986.49
06744;EER non démarré;21/05/2026;—;1000021190;147.43
06744;EER non démarré;21/05/2026;—;1000021191;396.43
02897;EER rejeté;21/05/2026;3018229a;1000021200;930.16
02897;EER rejeté;21/05/2026;85a7c7e2;1000021201;354.84
06744;EER validé;21/05/2026;d35992f4;1000021210;681.99
06744;EER validé;21/05/2026;3bcc8729;1000021211;902.10
08163;EER rejeté;21/05/2026;eb59550c;1000021220;972.66
08163;EER rejeté;21/05/2026;7a6f51b0;1000021221;254.70
06744;EER validé;21/05/2026;5f8fe67e;1000021230;724.83
06744;EER validé;21/05/2026;1e908dd8;1000021231;625.60
06792;EER non démarré;21/05/2026;—;1000021240;909.07
06792;EER non démarré;21/05/2026;—;1000021241;711.02
06784;EER validé;21/05/2026;4aeb9a2e;1000021250;674.32
06784;EER validé;21/05/2026;e4924dff;1000021251;459.91
01739;EER non démarré;21/05/2026;—;1000021260;739.49
01739;EER non démarré;21/05/2026;—;1000021261;794.83
09238;EER non démarré;21/05/2026;—;1000021270;504.88
09238;EER non démarré;21/05/2026;—;1000021271;513.00
04700;EER démarré;21/05/2026;35e98782;1000021280;476.94
04700;EER démarré;21/05/2026;1980e6c9;1000021281;874.25
00307;EER rejeté;21/05/2026;c820a164;1000021290;947.92
00307;EER rejeté;21/05/2026;2577351b;1000021291;192.95
06744;EER non démarré;21/05/2026;—;1000021300;685.03
06744;EER non démarré;21/05/2026;—;1000021301;387.47
06744;EER validé;21/05/2026;6ea7d779;1000021310;723.81
06744;EER validé;21/05/2026;81f7d6ff;1000021311;593.60
04650;EER non démarré;21/05/2026;—;1000021320;954.42
04650;EER non démarré;21/05/2026;—;1000021321;314.18
05074;EER démarré;21/05/2026;a9be0987;1000021330;217.35
05074;EER démarré;21/05/2026;e6891199;1000021331;663.55
03210;EER non démarré;21/05/2026;—;1000021340;312.35
03210;EER non démarré;21/05/2026;—;1000021341;301.78
08342;EER non démarré;21/05/2026;—;1000021350;607.23
08342;EER non démarré;21/05/2026;—;1000021351;377.60
07286;EER non démarré;21/05/2026;—;1000021360;184.19
07286;EER non démarré;21/05/2026;—;1000021361;444.85
09549;EER validé;21/05/2026;830d9f07;1000021370;751.35
09549;EER validé;21/05/2026;32b29f3b;1000021371;414.99
00406;EER non démarré;21/05/2026;—;1000021380;509.45
00406;EER non démarré;21/05/2026;—;1000021381;526.98
05001;EER non démarré;21/05/2026;—;1000021390;373.75
05001;EER non démarré;21/05/2026;—;1000021391;418.99
09483;EER validé;21/05/2026;fa28e53d;1000021400;646.72
09483;EER validé;21/05/2026;bbbe9615;1000021401;452.53
08342;EER démarré;21/05/2026;f42946e7;1000021410;897.50
08342;EER démarré;21/05/2026;405f0429;1000021411;741.96
07293;EER non démarré;21/05/2026;—;1000021420;663.91
07293;EER non démarré;21/05/2026;—;1000021421;240.02
07454;EER non démarré;21/05/2026;—;1000021430;893.40
07454;EER non démarré;21/05/2026;—;1000021431;569.62
08794;EER non démarré;21/05/2026;—;1000021440;874.53
08794;EER non démarré;21/05/2026;—;1000021441;991.98
09303;EER démarré;21/05/2026;1d83cc3f;1000021450;542.80
09303;EER démarré;21/05/2026;7bb54a4b;1000021451;259.29
07715;EER non démarré;21/05/2026;—;1000021460;564.28
07715;EER non démarré;21/05/2026;—;1000021461;429.17
03315;EER démarré;21/05/2026;39f1af65;1000021470;998.31
03315;EER démarré;21/05/2026;eda58896;1000021471;664.75
02328;EER non démarré;21/05/2026;—;1000021480;483.20
02328;EER non démarré;21/05/2026;—;1000021481;824.16
04169;EER non démarré;21/05/2026;—;1000021490;911.97
04169;EER non démarré;21/05/2026;—;1000021491;673.40
01046;EER validé;21/05/2026;e460fd58;1000021500;703.00
01046;EER validé;21/05/2026;d7463fe7;1000021501;711.78
06867;EER non démarré;21/05/2026;—;1000021510;566.80
06867;EER non démarré;21/05/2026;—;1000021511;109.24
02200;EER rejeté;21/05/2026;720b6f6d;1000021520;196.20
02200;EER rejeté;21/05/2026;cb09b446;1000021521;593.59
09238;EER validé;21/05/2026;e622ae97;1000021530;234.69
09238;EER validé;21/05/2026;a35a9d0b;1000021531;779.77
07841;EER non démarré;21/05/2026;—;1000021540;578.37
07841;EER non démarré;21/05/2026;—;1000021541;145.95
09238;EER validé;21/05/2026;023f947d;1000021550;596.55
09238;EER validé;21/05/2026;490b8361;1000021551;156.86
06804;EER non démarré;21/05/2026;—;1000021560;204.20
06804;EER non démarré;21/05/2026;—;1000021561;269.23
05916;EER validé;21/05/2026;887c480e;1000021570;519.67
05916;EER validé;21/05/2026;4d7ce99e;1000021571;843.50
00709;EER non démarré;21/05/2026;—;1000021580;424.99
00709;EER non démarré;21/05/2026;—;1000021581;484.30
03940;EER non démarré;21/05/2026;—;1000021590;260.30
03940;EER non démarré;21/05/2026;—;1000021591;878.64
06744;EER validé;21/05/2026;efd42238;1000021600;971.61
06744;EER validé;21/05/2026;f527aee4;1000021601;232.71
08671;EER non démarré;21/05/2026;—;1000021610;433.40
08671;EER non démarré;21/05/2026;—;1000021611;839.86
07627;EER rejeté;21/05/2026;79f71031;1000021620;964.13
07627;EER rejeté;21/05/2026;fb1828f9;1000021621;180.48
03287;EER validé;21/05/2026;d0493651;1000021630;407.34
03287;EER validé;21/05/2026;c3bdae26;1000021631;847.16
06178;EER non démarré;21/05/2026;—;1000021640;934.00
06178;EER non démarré;21/05/2026;—;1000021641;300.36
04333;EER validé;20/05/2026;7ff493eb;1000021650;924.89
04333;EER validé;20/05/2026;2c578d7b;1000021651;909.06
09019;EER rejeté;20/05/2026;72e710a3;1000021660;238.47
09019;EER rejeté;20/05/2026;a1138698;1000021661;219.48
00248;EER non démarré;20/05/2026;—;1000021670;885.88
00248;EER non démarré;20/05/2026;—;1000021671;596.00
05027;EER validé;20/05/2026;06789b5a;1000021680;125.11
05027;EER validé;20/05/2026;ea06d2d9;1000021681;405.18
00368;EER validé;20/05/2026;d477d66a;1000021690;461.96
00368;EER validé;20/05/2026;71e007c7;1000021691;192.27
00936;EER validé;20/05/2026;943feda8;1000021700;700.09
00936;EER validé;20/05/2026;a6e1927d;1000021701;706.68
00126;EER validé;20/05/2026;4969c3dc;1000021710;903.79
00126;EER validé;20/05/2026;61631f8a;1000021711;733.83
03231;EER validé;20/05/2026;127b0c4f;1000021720;878.31
03231;EER validé;20/05/2026;ff33410c;1000021721;255.64
09238;EER non démarré;20/05/2026;—;1000021730;523.47
09238;EER non démarré;20/05/2026;—;1000021731;465.09
06744;EER non démarré;20/05/2026;—;1000021740;666.69
06744;EER non démarré;20/05/2026;—;1000021741;177.20
06744;EER non démarré;20/05/2026;—;1000021750;131.86
06744;EER non démarré;20/05/2026;—;1000021751;105.24
09238;EER non démarré;20/05/2026;—;1000021760;820.08
09238;EER non démarré;20/05/2026;—;1000021761;458.88
05898;EER validé;20/05/2026;9b5b03b9;1000021770;824.55
05898;EER validé;20/05/2026;e4735d26;1000021771;539.55
00818;EER validé;20/05/2026;87c0f260;1000021780;781.04
00818;EER validé;20/05/2026;6b27e25f;1000021781;106.40
06111;EER validé;20/05/2026;36482324;1000021790;765.64
06111;EER validé;20/05/2026;d5192ad7;1000021791;706.91
09342;EER démarré;20/05/2026;53263cab;1000021800;782.48
09342;EER démarré;20/05/2026;e2453aff;1000021801;893.77
07286;EER non démarré;20/05/2026;—;1000021810;304.13
07286;EER non démarré;20/05/2026;—;1000021811;485.87
05107;EER validé;20/05/2026;85d5c397;1000021820;900.05
05107;EER validé;20/05/2026;eb435398;1000021821;217.04
09238;EER non démarré;20/05/2026;—;1000021830;560.33
09238;EER non démarré;20/05/2026;—;1000021831;882.77
06094;EER non démarré;20/05/2026;—;1000021840;330.52
06094;EER non démarré;20/05/2026;—;1000021841;732.12
08247;EER non démarré;20/05/2026;—;1000021850;448.30
08247;EER non démarré;20/05/2026;—;1000021851;672.83
05932;EER validé;20/05/2026;cb20a56a;1000021860;545.87
05932;EER validé;20/05/2026;ab822b28;1000021861;801.19
03343;EER rejeté;20/05/2026;6cea4565;1000021870;227.40
03343;EER rejeté;20/05/2026;4f9443c2;1000021871;763.76
00126;EER validé;20/05/2026;a051b101;1000021880;713.43
00126;EER validé;20/05/2026;c8c76ceb;1000021881;845.61
01046;EER rejeté;20/05/2026;67abfda5;1000021890;906.05
01046;EER rejeté;20/05/2026;beee21ce;1000021891;559.76
09238;EER validé;20/05/2026;aa6850b3;1000021900;738.76
09238;EER validé;20/05/2026;e3ae68e1;1000021901;234.64
03381;EER non démarré;20/05/2026;—;1000021910;960.53
03381;EER non démarré;20/05/2026;—;1000021911;658.68
09238;EER non démarré;20/05/2026;—;1000021920;554.24
09238;EER non démarré;20/05/2026;—;1000021921;351.32
07627;EER non démarré;20/05/2026;—;1000021930;869.06
07627;EER non démarré;20/05/2026;—;1000021931;535.09
03730;EER non démarré;20/05/2026;—;1000021940;720.92
03730;EER non démarré;20/05/2026;—;1000021941;474.03
04014;EER non démarré;20/05/2026;—;1000021950;352.74
04014;EER non démarré;20/05/2026;—;1000021951;975.34
09885;EER non démarré;20/05/2026;—;1000021960;602.22
09885;EER non démarré;20/05/2026;—;1000021961;383.65
05408;EER non démarré;20/05/2026;—;1000021970;284.35
05408;EER non démarré;20/05/2026;—;1000021971;601.42
09238;EER à rejeter;20/05/2026;a4e3ac48;1000021980;556.63
09238;EER à rejeter;20/05/2026;21ba9a28;1000021981;770.87
04904;EER non démarré;20/05/2026;—;1000021990;234.29
04904;EER non démarré;20/05/2026;—;1000021991;819.43
09238;EER non démarré;20/05/2026;—;1000022000;164.72
09238;EER non démarré;20/05/2026;—;1000022001;229.66
09238;EER validé;20/05/2026;d01a092e;1000022010;230.59
09238;EER validé;20/05/2026;9b830f12;1000022011;957.57
07627;EER validé;20/05/2026;2148b80a;1000022020;667.90
07627;EER validé;20/05/2026;fbcb2694;1000022021;696.85
03462;EER validé;20/05/2026;6bcf81a0;1000022030;110.86
03462;EER validé;20/05/2026;e8016054;1000022031;588.67
06107;EER non démarré;20/05/2026;—;1000022040;822.78
06107;EER non démarré;20/05/2026;—;1000022041;675.90
02191;EER non démarré;20/05/2026;—;1000022050;213.75
02191;EER non démarré;20/05/2026;—;1000022051;747.60
09238;EER non démarré;20/05/2026;—;1000022060;176.33
09238;EER non démarré;20/05/2026;—;1000022061;708.95
00337;EER validé;20/05/2026;4c4b9b66;1000022070;611.52
00337;EER validé;20/05/2026;d01b20c6;1000022071;465.70
03940;EER validé;20/05/2026;af3c44f6;1000022080;999.52
03940;EER validé;20/05/2026;a75d7284;1000022081;966.64
01597;EER non démarré;20/05/2026;—;1000022090;406.96
01597;EER non démarré;20/05/2026;—;1000022091;792.52
04345;EER validé;20/05/2026;52b9f882;1000022100;873.41
04345;EER validé;20/05/2026;a9cb3dab;1000022101;849.95
04868;EER validé;20/05/2026;434a3421;1000022110;598.29
04868;EER validé;20/05/2026;8446bfe8;1000022111;637.14
08558;EER non démarré;20/05/2026;—;1000022120;773.44
08558;EER non démarré;20/05/2026;—;1000022121;235.45
09238;EER non démarré;20/05/2026;—;1000022130;691.00
09238;EER non démarré;20/05/2026;—;1000022131;905.67
08580;EER validé;20/05/2026;0e3cd59c;1000022140;574.51
08580;EER validé;20/05/2026;dc930512;1000022141;765.42
07286;EER validé;20/05/2026;7b656df0;1000022150;567.03
07286;EER validé;20/05/2026;ac21b70e;1000022151;363.42
08144;EER validé;20/05/2026;fd791eee;1000022160;692.05
08144;EER validé;20/05/2026;557580b3;1000022161;440.24
09238;EER validé;20/05/2026;d039101f;1000022170;348.83
09238;EER validé;20/05/2026;582129ab;1000022171;576.67
03366;EER non démarré;20/05/2026;—;1000022180;325.30
03366;EER non démarré;20/05/2026;—;1000022181;384.80
05443;EER non démarré;20/05/2026;—;1000022190;788.76
05443;EER non démarré;20/05/2026;—;1000022191;756.69
03302;EER non démarré;20/05/2026;—;1000022200;444.85
03302;EER non démarré;20/05/2026;—;1000022201;578.15
08195;EER non démarré;20/05/2026;—;1000022210;807.51
08195;EER non démarré;20/05/2026;—;1000022211;875.04
03940;EER non démarré;20/05/2026;—;1000022220;316.56
03940;EER non démarré;20/05/2026;—;1000022221;859.76
09093;EER non démarré;20/05/2026;—;1000022230;995.23
09093;EER non démarré;20/05/2026;—;1000022231;318.46
09238;EER démarré;20/05/2026;6d6e62d7;1000022240;337.26
09238;EER démarré;20/05/2026;4939c949;1000022241;256.08
01650;EER non démarré;20/05/2026;—;1000022250;293.57
01650;EER non démarré;20/05/2026;—;1000022251;375.47
06662;EER validé;20/05/2026;26610332;1000022260;503.81
06662;EER validé;20/05/2026;ebdca72f;1000022261;287.56
07612;EER non démarré;20/05/2026;—;1000022270;964.13
07612;EER non démarré;20/05/2026;—;1000022271;785.68
05211;EER rejeté;20/05/2026;c5c0aedb;1000022280;182.99
05211;EER rejeté;20/05/2026;4556cd02;1000022281;177.81
09415;EER validé;20/05/2026;8d4c4084;1000022290;284.82
09415;EER validé;20/05/2026;c5d4135f;1000022291;767.60
08004;EER démarré;20/05/2026;3698c991;1000022300;215.86
08004;EER démarré;20/05/2026;ef3eeaf1;1000022301;403.15
06360;EER validé;20/05/2026;ab797db4;1000022310;991.68
06360;EER validé;20/05/2026;9060a814;1000022311;871.00
03871;EER validé;20/05/2026;b9373c1b;1000022320;111.36
03871;EER validé;20/05/2026;a706fc54;1000022321;540.97
02899;EER non démarré;20/05/2026;—;1000022330;126.91
02899;EER non démarré;20/05/2026;—;1000022331;819.31
01651;EER non démarré;20/05/2026;—;1000022340;352.46
01651;EER non démarré;20/05/2026;—;1000022341;741.58
00285;EER validé;20/05/2026;7ded1b21;1000022350;903.23
00285;EER validé;20/05/2026;957a6630;1000022351;549.79
07353;EER non démarré;20/05/2026;—;1000022360;854.62
07353;EER non démarré;20/05/2026;—;1000022361;352.25
02938;EER non démarré;20/05/2026;—;1000022370;142.80
02938;EER non démarré;20/05/2026;—;1000022371;601.39
05522;EER non démarré;20/05/2026;—;1000022380;752.55
05522;EER non démarré;20/05/2026;—;1000022381;423.09
05522;EER non démarré;20/05/2026;—;1000022390;819.49
05522;EER non démarré;20/05/2026;—;1000022391;132.55
05326;EER non démarré;20/05/2026;—;1000022400;448.41
05326;EER non démarré;20/05/2026;—;1000022401;198.38
01018;EER validé;20/05/2026;8b588b2a;1000022410;501.04
01018;EER validé;20/05/2026;510803c2;1000022411;951.75
00579;EER démarré;20/05/2026;6303ab46;1000022420;657.54
00579;EER démarré;20/05/2026;3851f084;1000022421;652.54
09455;EER démarré;20/05/2026;d0a7fe50;1000022430;889.21
09455;EER démarré;20/05/2026;2cddf163;1000022431;635.92
09238;EER démarré;20/05/2026;56cd95d8;1000022440;652.61
09238;EER démarré;20/05/2026;0ae8a86e;1000022441;445.69
00936;EER validé;20/05/2026;2bc95a46;1000022450;551.05
00936;EER validé;20/05/2026;3f151aa1;1000022451;698.67
07286;EER à rejeter;20/05/2026;39baf3c3;1000022460;728.02
07286;EER à rejeter;20/05/2026;ba4d2464;1000022461;259.29
03674;EER non démarré;20/05/2026;—;1000022470;779.64
03674;EER non démarré;20/05/2026;—;1000022471;811.60
03231;EER démarré;20/05/2026;9a696275;1000022480;571.42
03231;EER démarré;20/05/2026;9973264d;1000022481;105.91
09885;EER rejeté;20/05/2026;6ca912ec;1000022490;917.07
09885;EER rejeté;20/05/2026;59375a6b;1000022491;284.98
07207;EER non démarré;20/05/2026;—;1000022500;589.22
07207;EER non démarré;20/05/2026;—;1000022501;869.22
04189;EER non démarré;20/05/2026;—;1000022510;576.35
04189;EER non démarré;20/05/2026;—;1000022511;421.58
02987;EER démarré;20/05/2026;b30a2398;1000022520;975.77
02987;EER démarré;20/05/2026;f3f1fb21;1000022521;984.19
07627;EER non démarré;20/05/2026;—;1000022530;258.69
07627;EER non démarré;20/05/2026;—;1000022531;902.53
04217;EER non démarré;20/05/2026;—;1000022540;360.89
04217;EER non démarré;20/05/2026;—;1000022541;895.14
09514;EER non démarré;20/05/2026;—;1000022550;846.63
09514;EER non démarré;20/05/2026;—;1000022551;405.44
09238;EER non démarré;20/05/2026;—;1000022560;991.13
09238;EER non démarré;20/05/2026;—;1000022561;868.97
09238;EER non démarré;20/05/2026;—;1000022570;947.50
09238;EER non démarré;20/05/2026;—;1000022571;653.66
06744;EER validé;20/05/2026;c34f71de;1000022580;362.09
06744;EER validé;20/05/2026;fdb31382;1000022581;214.67
09238;EER validé;20/05/2026;a250df6e;1000022590;461.91
09238;EER validé;20/05/2026;8855fc6e;1000022591;729.80
08414;EER validé;20/05/2026;7e014e95;1000022600;746.08
08414;EER validé;20/05/2026;2b9f95f6;1000022601;113.16
07994;EER non démarré;20/05/2026;—;1000022610;330.95
07994;EER non démarré;20/05/2026;—;1000022611;877.36
07961;EER démarré;20/05/2026;1dbabf46;1000022620;185.87
07961;EER démarré;20/05/2026;b3583574;1000022621;146.48
08579;EER démarré;20/05/2026;a461278e;1000022630;307.06
08579;EER démarré;20/05/2026;0ca2d079;1000022631;645.45
02811;EER rejeté;20/05/2026;81fe2048;1000022640;917.40
02811;EER rejeté;20/05/2026;7a3de594;1000022641;785.04
01715;EER validé;20/05/2026;284a06f4;1000022650;860.88
01715;EER validé;20/05/2026;44707f8e;1000022651;482.14
06806;EER non démarré;20/05/2026;—;1000022660;660.63
06806;EER non démarré;20/05/2026;—;1000022661;564.54
00126;EER validé;20/05/2026;e4d9cbd8;1000022670;219.63
00126;EER validé;20/05/2026;3287b8e3;1000022671;126.50
09282;EER validé;20/05/2026;c7003b27;1000022680;836.04
09282;EER validé;20/05/2026;69fbaa24;1000022681;264.25
08495;EER non démarré;20/05/2026;—;1000022690;559.44
08495;EER non démarré;20/05/2026;—;1000022691;631.31
00497;EER validé;20/05/2026;a428ff17;1000022700;716.01
00497;EER validé;20/05/2026;da71c947;1000022701;157.29
05331;EER validé;20/05/2026;3d11afef;1000022710;638.27
05331;EER validé;20/05/2026;d1d09ca9;1000022711;724.07
06255;EER validé;20/05/2026;cbfc06fa;1000022720;621.82
06255;EER validé;20/05/2026;9cb9a0d5;1000022721;633.37
03172;EER validé;20/05/2026;1ac782ee;1000022730;684.25
03172;EER validé;20/05/2026;a53821a3;1000022731;727.88
06744;EER non démarré;20/05/2026;—;1000022740;726.49
06744;EER non démarré;20/05/2026;—;1000022741;585.86
07627;EER non démarré;20/05/2026;—;1000022750;916.70
07627;EER non démarré;20/05/2026;—;1000022751;409.20
05443;EER non démarré;20/05/2026;—;1000022760;152.34
05443;EER non démarré;20/05/2026;—;1000022761;914.33
02899;EER non démarré;20/05/2026;—;1000022770;119.16
02899;EER non démarré;20/05/2026;—;1000022771;282.14
05331;EER non démarré;20/05/2026;—;1000022780;687.86
05331;EER non démarré;20/05/2026;—;1000022781;597.45
03940;EER non démarré;20/05/2026;—;1000022790;417.87
03940;EER non démarré;20/05/2026;—;1000022791;882.77
01800;EER non démarré;20/05/2026;—;1000022800;757.96
01800;EER non démarré;20/05/2026;—;1000022801;806.18
03634;EER non démarré;20/05/2026;—;1000022810;151.16
03634;EER non démarré;20/05/2026;—;1000022811;347.04
09603;EER validé;20/05/2026;71787bd6;1000022820;615.87
09603;EER validé;20/05/2026;70ef3f8f;1000022821;208.75
00386;EER validé;20/05/2026;c717cc6d;1000022830;972.61
00386;EER validé;20/05/2026;69da6df1;1000022831;463.46
05211;EER validé;20/05/2026;cf928bc8;1000022840;456.58
05211;EER validé;20/05/2026;c3fe1d2d;1000022841;178.15
08579;EER non démarré;20/05/2026;—;1000022850;598.95
08579;EER non démarré;20/05/2026;—;1000022851;585.11
01046;EER validé;20/05/2026;2e2ed818;1000022860;321.47
01046;EER validé;20/05/2026;f445b096;1000022861;161.44
09885;EER rejeté;20/05/2026;0873b112;1000022870;566.88
09885;EER rejeté;20/05/2026;fe7f9595;1000022871;326.98
08826;EER non démarré;20/05/2026;—;1000022880;594.62
08826;EER non démarré;20/05/2026;—;1000022881;802.43
07472;EER non démarré;20/05/2026;—;1000022890;912.45
07472;EER non démarré;20/05/2026;—;1000022891;874.59
06449;EER non démarré;20/05/2026;—;1000022900;992.11
06449;EER non démarré;20/05/2026;—;1000022901;888.40
00644;EER validé;20/05/2026;cab831f6;1000022910;925.86
00644;EER validé;20/05/2026;8fc37d6f;1000022911;489.35
01046;EER non démarré;20/05/2026;—;1000022920;595.88
01046;EER non démarré;20/05/2026;—;1000022921;631.25
09238;EER validé;20/05/2026;aad0aedc;1000022930;807.23
09238;EER validé;20/05/2026;c2917b70;1000022931;779.18
07782;EER non démarré;20/05/2026;—;1000022940;891.87
07782;EER non démarré;20/05/2026;—;1000022941;453.02
02200;EER démarré;20/05/2026;ba22135c;1000022950;714.92
02200;EER démarré;20/05/2026;81ad50cd;1000022951;699.86
07386;EER validé;20/05/2026;30d3464f;1000022960;165.33
07386;EER validé;20/05/2026;e7e5a64b;1000022961;311.47
09238;EER non démarré;20/05/2026;—;1000022970;394.31
09238;EER non démarré;20/05/2026;—;1000022971;669.14
00936;EER démarré;20/05/2026;6f4a5b59;1000022980;226.60
00936;EER démarré;20/05/2026;b94586b4;1000022981;231.55
01036;EER validé;20/05/2026;e05aafc8;1000022990;866.44
01036;EER validé;20/05/2026;1cafaf84;1000022991;289.01
09974;EER non démarré;20/05/2026;—;1000023000;955.18
09974;EER non démarré;20/05/2026;—;1000023001;166.12
02330;EER validé;20/05/2026;fad72ef9;1000023010;301.69
02330;EER validé;20/05/2026;6cfb50d8;1000023011;871.10
09400;EER validé;20/05/2026;a45c4976;1000023020;575.89
09400;EER validé;20/05/2026;d1c62557;1000023021;465.48
05027;EER non démarré;20/05/2026;—;1000023030;461.76
05027;EER non démarré;20/05/2026;—;1000023031;879.99
00351;EER validé;20/05/2026;f75b8eee;1000023040;962.29
00351;EER validé;20/05/2026;b4e31f9c;1000023041;480.87
06815;EER non démarré;20/05/2026;—;1000023050;596.14
06815;EER non démarré;20/05/2026;—;1000023051;896.52
02518;EER non démarré;20/05/2026;—;1000023060;487.99
02518;EER non démarré;20/05/2026;—;1000023061;794.28
03910;EER validé;20/05/2026;c79666d3;1000023070;474.77
03910;EER validé;20/05/2026;87094679;1000023071;519.07
06738;EER validé;20/05/2026;c7df5da7;1000023080;724.62
06738;EER validé;20/05/2026;e5a825bc;1000023081;518.35
07386;EER non démarré;20/05/2026;—;1000023090;656.53
07386;EER non démarré;20/05/2026;—;1000023091;990.30
07853;EER validé;20/05/2026;c70849f8;1000023100;711.11
07853;EER validé;20/05/2026;75ebdf4e;1000023101;377.08
01438;EER non démarré;20/05/2026;—;1000023110;980.19
01438;EER non démarré;20/05/2026;—;1000023111;224.75
09093;EER rejeté;20/05/2026;c458daa4;1000023120;723.07
09093;EER rejeté;20/05/2026;5c62dd26;1000023121;954.25
03231;EER validé;20/05/2026;737c0a13;1000023130;315.33
03231;EER validé;20/05/2026;36c9a5d4;1000023131;107.69
00285;EER validé;20/05/2026;23936030;1000023140;776.80
00285;EER validé;20/05/2026;bc7ad2e3;1000023141;998.56
07676;EER non démarré;20/05/2026;—;1000023150;917.03
07676;EER non démarré;20/05/2026;—;1000023151;963.36
07462;EER validé;20/05/2026;5936a93a;1000023160;890.75
07462;EER validé;20/05/2026;3f5c5d54;1000023161;825.30
03618;EER non démarré;20/05/2026;—;1000023170;702.12
03618;EER non démarré;20/05/2026;—;1000023171;844.51
01694;EER non démarré;20/05/2026;—;1000023180;174.86
01694;EER non démarré;20/05/2026;—;1000023181;653.50
07386;EER validé;20/05/2026;2e581b7d;1000023190;629.15
07386;EER validé;20/05/2026;f76bb450;1000023191;935.47
01109;EER non démarré;20/05/2026;—;1000023200;544.34
01109;EER non démarré;20/05/2026;—;1000023201;195.13
01079;EER validé;20/05/2026;88d13c19;1000023210;609.15
01079;EER validé;20/05/2026;c3ce0810;1000023211;528.90
07286;EER validé;20/05/2026;68d87faf;1000023220;275.87
07286;EER validé;20/05/2026;20e95d06;1000023221;981.94
06195;EER validé;20/05/2026;66530c93;1000023230;287.13
06195;EER validé;20/05/2026;7fdab209;1000023231;411.71
02230;EER à valider;20/05/2026;207b5547;1000023240;374.11
02230;EER à valider;20/05/2026;11ce60df;1000023241;727.45
03940;EER non démarré;20/05/2026;—;1000023250;669.52
03940;EER non démarré;20/05/2026;—;1000023251;384.64
02034;EER non démarré;20/05/2026;—;1000023260;265.75
02034;EER non démarré;20/05/2026;—;1000023261;778.73
07627;EER non démarré;20/05/2026;—;1000023270;392.65
07627;EER non démarré;20/05/2026;—;1000023271;774.53
01531;EER validé;20/05/2026;29f3e4a4;1000023280;754.38
01531;EER validé;20/05/2026;66d5ce61;1000023281;692.30
05954;EER non démarré;20/05/2026;—;1000023290;655.26
05954;EER non démarré;20/05/2026;—;1000023291;419.35
09303;EER validé;20/05/2026;295376ab;1000023300;820.89
09303;EER validé;20/05/2026;9a259650;1000023301;531.20
05326;EER validé;19/05/2026;607c986c;1000023310;783.40
05326;EER validé;19/05/2026;6e34cf00;1000023311;860.51
09974;EER rejeté;19/05/2026;c8e376a2;1000023320;735.31
09974;EER rejeté;19/05/2026;f1223647;1000023321;206.11
02035;EER validé;19/05/2026;2034a739;1000023330;713.51
02035;EER validé;19/05/2026;3678cfb5;1000023331;544.94
06667;EER non démarré;19/05/2026;—;1000023340;381.31
06667;EER non démarré;19/05/2026;—;1000023341;604.93
06919;EER démarré;19/05/2026;8f43fe14;1000023350;850.68
06919;EER démarré;19/05/2026;d04fba09;1000023351;248.74
06662;EER non démarré;19/05/2026;—;1000023360;252.50
06662;EER non démarré;19/05/2026;—;1000023361;456.62
09238;EER validé;19/05/2026;dfcff1bb;1000023370;167.22
09238;EER validé;19/05/2026;1d405176;1000023371;668.64
03153;EER validé;19/05/2026;152380d5;1000023380;324.55
03153;EER validé;19/05/2026;fcd11ad0;1000023381;458.57
06926;EER validé;19/05/2026;1c0a7cc4;1000023390;124.92
06926;EER validé;19/05/2026;2038bba4;1000023391;228.92
09238;EER validé;19/05/2026;193abf14;1000023400;140.53
09238;EER validé;19/05/2026;3ff2cd03;1000023401;905.58
05331;EER validé;19/05/2026;79e346cc;1000023410;910.97
05331;EER validé;19/05/2026;e6ba6fe4;1000023411;261.05
00936;EER validé;19/05/2026;7b3e776c;1000023420;387.63
00936;EER validé;19/05/2026;0183334b;1000023421;359.90
07286;EER non démarré;19/05/2026;—;1000023430;528.55
07286;EER non démarré;19/05/2026;—;1000023431;209.87
06490;EER validé;19/05/2026;8cb84df6;1000023440;794.56
06490;EER validé;19/05/2026;e48061ba;1000023441;200.10
00709;EER validé;19/05/2026;2aaa522b;1000023450;465.15
00709;EER validé;19/05/2026;378b2f05;1000023451;502.27
05204;EER non démarré;19/05/2026;—;1000023460;229.58
05204;EER non démarré;19/05/2026;—;1000023461;682.67
06255;EER non démarré;19/05/2026;—;1000023470;814.01
06255;EER non démarré;19/05/2026;—;1000023471;268.67
00936;EER non démarré;19/05/2026;—;1000023480;262.98
00936;EER non démarré;19/05/2026;—;1000023481;418.03
09238;EER validé;19/05/2026;18179a06;1000023490;450.93
09238;EER validé;19/05/2026;fa193883;1000023491;229.22
01861;EER non démarré;19/05/2026;—;1000023500;621.32
01861;EER non démarré;19/05/2026;—;1000023501;247.89
00126;EER validé;19/05/2026;bdbf7c8a;1000023510;357.32
00126;EER validé;19/05/2026;7e01fc22;1000023511;566.02
05586;EER non démarré;19/05/2026;—;1000023520;727.98
05586;EER non démarré;19/05/2026;—;1000023521;869.94
00936;EER démarré;19/05/2026;2b396354;1000023530;142.66
00936;EER démarré;19/05/2026;69d9c94c;1000023531;992.02
03643;EER non démarré;19/05/2026;—;1000023540;539.80
03643;EER non démarré;19/05/2026;—;1000023541;766.06
09885;EER validé;19/05/2026;387be40e;1000023550;893.76
09885;EER validé;19/05/2026;836210ca;1000023551;702.89
00276;EER validé;19/05/2026;17e07925;1000023560;112.19
00276;EER validé;19/05/2026;5c22bb9a;1000023561;298.26
08048;EER validé;19/05/2026;28f28ea3;1000023570;486.92
08048;EER validé;19/05/2026;4551ea40;1000023571;285.92
04650;EER validé;19/05/2026;ac759d95;1000023580;993.56
04650;EER validé;19/05/2026;d3549b06;1000023581;500.35
03940;EER non démarré;19/05/2026;—;1000023590;741.32
03940;EER non démarré;19/05/2026;—;1000023591;828.77
03784;EER non démarré;19/05/2026;—;1000023600;673.91
03784;EER non démarré;19/05/2026;—;1000023601;526.86
02230;EER non démarré;19/05/2026;—;1000023610;150.71
02230;EER non démarré;19/05/2026;—;1000023611;460.82
03940;EER validé;19/05/2026;1f368f8f;1000023620;559.39
03940;EER validé;19/05/2026;b983a8a4;1000023621;440.15
03940;EER validé;19/05/2026;e8fb606f;1000023630;521.34
03940;EER validé;19/05/2026;429ae2bc;1000023631;241.22
09799;EER validé;19/05/2026;a0751034;1000023640;538.30
09799;EER validé;19/05/2026;4ac4bf03;1000023641;506.96
09303;EER non démarré;19/05/2026;—;1000023650;961.41
09303;EER non démarré;19/05/2026;—;1000023651;362.23
09442;EER non démarré;19/05/2026;—;1000023660;288.36
09442;EER non démarré;19/05/2026;—;1000023661;738.30
09238;EER non démarré;19/05/2026;—;1000023670;186.17
09238;EER non démarré;19/05/2026;—;1000023671;460.71
05443;EER non démarré;19/05/2026;—;1000023680;825.70
05443;EER non démarré;19/05/2026;—;1000023681;581.63
06744;EER non démarré;19/05/2026;—;1000023690;719.18
06744;EER non démarré;19/05/2026;—;1000023691;660.07
00448;EER non démarré;19/05/2026;—;1000023700;919.37
00448;EER non démarré;19/05/2026;—;1000023701;747.05
09238;EER non démarré;19/05/2026;—;1000023710;779.82
09238;EER non démarré;19/05/2026;—;1000023711;223.02
02888;EER validé;19/05/2026;11037dc1;1000023720;769.20
02888;EER validé;19/05/2026;38e5a445;1000023721;466.11
08492;EER non démarré;19/05/2026;—;1000023730;585.16
08492;EER non démarré;19/05/2026;—;1000023731;904.52
07111;EER validé;19/05/2026;ed19aca7;1000023740;896.01
07111;EER validé;19/05/2026;5f479f74;1000023741;908.08
08414;EER non démarré;19/05/2026;—;1000023750;568.96
08414;EER non démarré;19/05/2026;—;1000023751;858.76
06744;EER non démarré;19/05/2026;—;1000023760;589.41
06744;EER non démarré;19/05/2026;—;1000023761;662.82
00351;EER validé;19/05/2026;77840f6e;1000023770;316.66
00351;EER validé;19/05/2026;de0a332d;1000023771;551.53
00386;EER rejeté;19/05/2026;452cedc3;1000023780;904.85
00386;EER rejeté;19/05/2026;23cffbb4;1000023781;802.78
06744;EER validé;19/05/2026;f9942c49;1000023790;949.68
06744;EER validé;19/05/2026;4a0d0947;1000023791;807.67
08414;EER non démarré;19/05/2026;—;1000023800;640.96
08414;EER non démarré;19/05/2026;—;1000023801;903.87
05326;EER non démarré;19/05/2026;—;1000023810;211.71
05326;EER non démarré;19/05/2026;—;1000023811;469.18
09238;EER non démarré;19/05/2026;—;1000023820;573.15
09238;EER non démarré;19/05/2026;—;1000023821;163.66
06744;EER validé;19/05/2026;26e8b85f;1000023830;967.52
06744;EER validé;19/05/2026;dc484583;1000023831;588.17
00179;EER non démarré;19/05/2026;—;1000023840;734.81
00179;EER non démarré;19/05/2026;—;1000023841;776.21
06744;EER validé;19/05/2026;716ff91c;1000023850;852.07
06744;EER validé;19/05/2026;b02bcbd4;1000023851;669.39
05522;EER validé;19/05/2026;37460c0e;1000023860;277.94
05522;EER validé;19/05/2026;82a9f7b2;1000023861;802.45
08853;EER non démarré;19/05/2026;—;1000023870;590.40
08853;EER non démarré;19/05/2026;—;1000023871;310.71
02903;EER non démarré;19/05/2026;—;1000023880;496.59
02903;EER non démarré;19/05/2026;—;1000023881;424.60
00596;EER validé;19/05/2026;8b4638d1;1000023890;189.95
00596;EER validé;19/05/2026;3db945a8;1000023891;347.27
04180;EER non démarré;19/05/2026;—;1000023900;902.12
04180;EER non démarré;19/05/2026;—;1000023901;666.29
00386;EER validé;19/05/2026;c94c8a6b;1000023910;880.19
00386;EER validé;19/05/2026;5c4230fa;1000023911;251.25
09238;EER validé;19/05/2026;ade6fa01;1000023920;231.32
09238;EER validé;19/05/2026;73d51fc9;1000023921;869.45
09238;EER non démarré;19/05/2026;—;1000023930;184.37
09238;EER non démarré;19/05/2026;—;1000023931;364.37
05522;EER validé;19/05/2026;23ba12d8;1000023940;639.94
05522;EER validé;19/05/2026;f9e551cd;1000023941;172.25
06744;EER à valider;19/05/2026;c9a17f56;1000023950;699.21
06744;EER à valider;19/05/2026;5b4563e8;1000023951;301.61
08840;EER non démarré;19/05/2026;—;1000023960;992.21
08840;EER non démarré;19/05/2026;—;1000023961;290.40
09238;EER à valider;19/05/2026;8aa2351e;1000023970;364.34
09238;EER à valider;19/05/2026;7c5d1fa1;1000023971;429.12
02811;EER validé;19/05/2026;414a8bdc;1000023980;645.38
02811;EER validé;19/05/2026;bae921f6;1000023981;975.52
09725;EER non démarré;19/05/2026;—;1000023990;315.21
09725;EER non démarré;19/05/2026;—;1000023991;407.98
06094;EER non démarré;19/05/2026;—;1000024000;813.17
06094;EER non démarré;19/05/2026;—;1000024001;985.68
06366;EER non démarré;19/05/2026;—;1000024010;564.18
06366;EER non démarré;19/05/2026;—;1000024011;264.56
05522;EER validé;19/05/2026;da7ced57;1000024020;156.56
05522;EER validé;19/05/2026;0e26005e;1000024021;494.50
00570;EER non démarré;19/05/2026;—;1000024030;813.70
00570;EER non démarré;19/05/2026;—;1000024031;645.29
07081;EER non démarré;19/05/2026;—;1000024040;645.16
07081;EER non démarré;19/05/2026;—;1000024041;503.88
00386;EER rejeté;19/05/2026;d2e73214;1000024050;281.23
00386;EER rejeté;19/05/2026;8177712a;1000024051;939.80
06744;EER validé;19/05/2026;a1c7aceb;1000024060;632.44
06744;EER validé;19/05/2026;39c9153e;1000024061;756.49
04650;EER démarré;19/05/2026;763fc786;1000024070;698.36
04650;EER démarré;19/05/2026;76c2d50a;1000024071;444.30
09238;EER validé;19/05/2026;b9ddc19c;1000024080;376.91
09238;EER validé;19/05/2026;58bd2752;1000024081;909.90
09238;EER validé;19/05/2026;553020e8;1000024090;752.20
09238;EER validé;19/05/2026;d6d82a1d;1000024091;778.19
04818;EER validé;19/05/2026;9426d3fe;1000024100;989.93
04818;EER validé;19/05/2026;1f961508;1000024101;465.25
07386;EER démarré;19/05/2026;c4619824;1000024110;295.83
07386;EER démarré;19/05/2026;c11d304f;1000024111;665.53
06191;EER non démarré;19/05/2026;—;1000024120;705.56
06191;EER non démarré;19/05/2026;—;1000024121;638.44
06744;EER non démarré;19/05/2026;—;1000024130;304.53
06744;EER non démarré;19/05/2026;—;1000024131;776.48
07386;EER validé;19/05/2026;e3af47e2;1000024140;175.61
07386;EER validé;19/05/2026;a2734066;1000024141;783.56
08558;EER non démarré;19/05/2026;—;1000024150;325.01
08558;EER non démarré;19/05/2026;—;1000024151;254.43
02675;EER validé;19/05/2026;94f442be;1000024160;784.60
02675;EER validé;19/05/2026;70ab8816;1000024161;970.16
00386;EER non démarré;19/05/2026;—;1000024170;406.56
00386;EER non démarré;19/05/2026;—;1000024171;379.44
05027;EER validé;19/05/2026;ba7b6aaa;1000024180;136.76
05027;EER validé;19/05/2026;c652e96e;1000024181;792.12
07386;EER non démarré;19/05/2026;—;1000024190;221.05
07386;EER non démarré;19/05/2026;—;1000024191;394.18
09276;EER non démarré;19/05/2026;—;1000024200;906.82
09276;EER non démarré;19/05/2026;—;1000024201;140.31
02579;EER non démarré;19/05/2026;—;1000024210;230.89
02579;EER non démarré;19/05/2026;—;1000024211;287.84
08729;EER non démarré;19/05/2026;—;1000024220;113.97
08729;EER non démarré;19/05/2026;—;1000024221;110.75
07589;EER validé;19/05/2026;823ff304;1000024230;756.92
07589;EER validé;19/05/2026;1a6cbdec;1000024231;373.95
09342;EER validé;19/05/2026;ff8a91b7;1000024240;783.94
09342;EER validé;19/05/2026;d205b0fc;1000024241;265.44
06744;EER non démarré;19/05/2026;—;1000024250;211.99
06744;EER non démarré;19/05/2026;—;1000024251;765.54
00579;EER démarré;19/05/2026;888e7ee9;1000024260;937.76
00579;EER démarré;19/05/2026;1f3b2a46;1000024261;672.28
03940;EER non démarré;19/05/2026;—;1000024270;675.08
03940;EER non démarré;19/05/2026;—;1000024271;319.49
09355;EER non démarré;19/05/2026;—;1000024280;603.19
09355;EER non démarré;19/05/2026;—;1000024281;978.54
00936;EER non démarré;19/05/2026;—;1000024290;391.89
00936;EER non démarré;19/05/2026;—;1000024291;145.50
09700;EER non démarré;19/05/2026;—;1000024300;312.18
09700;EER non démarré;19/05/2026;—;1000024301;757.92
03751;EER non démarré;19/05/2026;—;1000024310;895.19
03751;EER non démarré;19/05/2026;—;1000024311;488.66
08342;EER validé;19/05/2026;ac352876;1000024320;919.66
08342;EER validé;19/05/2026;70996962;1000024321;936.82
04237;EER non démarré;19/05/2026;—;1000024330;524.88
04237;EER non démarré;19/05/2026;—;1000024331;635.67
06236;EER validé;19/05/2026;430c9e01;1000024340;127.55
06236;EER validé;19/05/2026;e1ad9f2c;1000024341;778.02
06332;EER validé;19/05/2026;b09e9423;1000024350;544.27
06332;EER validé;19/05/2026;e1b05cf2;1000024351;233.42
05142;EER non démarré;19/05/2026;—;1000024360;237.41
05142;EER non démarré;19/05/2026;—;1000024361;292.82
06744;EER démarré;19/05/2026;b4fcc810;1000024370;815.02
06744;EER démarré;19/05/2026;1b424875;1000024371;976.02
07286;EER non démarré;19/05/2026;—;1000024380;571.71
07286;EER non démarré;19/05/2026;—;1000024381;810.28
08593;EER non démarré;19/05/2026;—;1000024390;164.53
08593;EER non démarré;19/05/2026;—;1000024391;531.20
03940;EER non démarré;19/05/2026;—;1000024400;982.84
03940;EER non démarré;19/05/2026;—;1000024401;392.90
08342;EER validé;19/05/2026;3cf2a2b3;1000024410;621.73
08342;EER validé;19/05/2026;8aad8457;1000024411;224.71
01773;EER non démarré;19/05/2026;—;1000024420;264.63
01773;EER non démarré;19/05/2026;—;1000024421;894.54
03460;EER non démarré;19/05/2026;—;1000024430;906.63
03460;EER non démarré;19/05/2026;—;1000024431;715.85
02811;EER validé;19/05/2026;6e3958fd;1000024440;384.20
02811;EER validé;19/05/2026;e8882d14;1000024441;826.92
07831;EER à valider;19/05/2026;8246385a;1000024450;879.38
07831;EER à valider;19/05/2026;b4f19be7;1000024451;183.30
03915;EER non démarré;19/05/2026;—;1000024460;336.19
03915;EER non démarré;19/05/2026;—;1000024461;537.75
04723;EER non démarré;19/05/2026;—;1000024470;739.63
04723;EER non démarré;19/05/2026;—;1000024471;337.75
08697;EER non démarré;19/05/2026;—;1000024480;575.30
08697;EER non démarré;19/05/2026;—;1000024481;400.69
01192;EER non démarré;19/05/2026;—;1000024490;557.28
01192;EER non démarré;19/05/2026;—;1000024491;719.67
01387;EER validé;19/05/2026;6d0c0507;1000024500;911.90
01387;EER validé;19/05/2026;23b484f9;1000024501;172.16
07283;EER non démarré;19/05/2026;—;1000024510;672.87
07283;EER non démarré;19/05/2026;—;1000024511;520.53
07386;EER à valider;19/05/2026;0838c26d;1000024520;233.55
07386;EER à valider;19/05/2026;4e388af0;1000024521;802.45
03706;EER validé;19/05/2026;3c3022db;1000024530;637.33
03706;EER validé;19/05/2026;3f31b882;1000024531;118.92
06312;EER validé;19/05/2026;86e4e4b6;1000024540;499.47
06312;EER validé;19/05/2026;3dea7936;1000024541;492.16
06184;EER non démarré;19/05/2026;—;1000024550;182.93
06184;EER non démarré;19/05/2026;—;1000024551;963.04
09238;EER non démarré;19/05/2026;—;1000024560;409.84
09238;EER non démarré;19/05/2026;—;1000024561;932.24
09238;EER rejeté;19/05/2026;5df49176;1000024570;542.54
09238;EER rejeté;19/05/2026;7027d7a1;1000024571;901.43
09434;EER non démarré;19/05/2026;—;1000024580;399.48
09434;EER non démarré;19/05/2026;—;1000024581;728.76
07627;EER non démarré;19/05/2026;—;1000024590;495.69
07627;EER non démarré;19/05/2026;—;1000024591;681.67
01438;EER non démarré;19/05/2026;—;1000024600;935.20
01438;EER non démarré;19/05/2026;—;1000024601;829.93
05976;EER validé;19/05/2026;0272bfa2;1000024610;753.57
05976;EER validé;19/05/2026;487f8684;1000024611;456.66
01588;EER démarré;19/05/2026;a3da4a61;1000024620;512.03
01588;EER démarré;19/05/2026;f47aeae3;1000024621;798.79
01878;EER non démarré;19/05/2026;—;1000024630;647.24
01878;EER non démarré;19/05/2026;—;1000024631;999.43
08444;EER validé;19/05/2026;e6586718;1000024640;905.88
08444;EER validé;19/05/2026;3d9e3900;1000024641;409.41
06211;EER validé;19/05/2026;aec95ee1;1000024650;909.21
06211;EER validé;19/05/2026;e0f5885c;1000024651;455.12
03039;EER non démarré;19/05/2026;—;1000024660;237.79
03039;EER non démarré;19/05/2026;—;1000024661;755.47
09650;EER validé;19/05/2026;cf6fb94f;1000024670;449.02
09650;EER validé;19/05/2026;37365535;1000024671;564.51
05326;EER démarré;19/05/2026;fb458d1a;1000024680;963.46
05326;EER démarré;19/05/2026;9192ee17;1000024681;464.46
07083;EER validé;19/05/2026;1a2d0516;1000024690;426.76
07083;EER validé;19/05/2026;9deb6263;1000024691;629.55
08004;EER non démarré;19/05/2026;—;1000024700;960.94
08004;EER non démarré;19/05/2026;—;1000024701;765.14
08495;EER non démarré;19/05/2026;—;1000024710;739.69
08495;EER non démarré;19/05/2026;—;1000024711;762.25
00368;EER non démarré;19/05/2026;—;1000024720;185.58
00368;EER non démarré;19/05/2026;—;1000024721;969.15
05682;EER non démarré;19/05/2026;—;1000024730;563.26
05682;EER non démarré;19/05/2026;—;1000024731;834.99
01602;EER non démarré;19/05/2026;—;1000024740;506.40
01602;EER non démarré;19/05/2026;—;1000024741;486.76
03940;EER à valider;19/05/2026;431792c9;1000024750;181.26
03940;EER à valider;19/05/2026;e280af54;1000024751;478.77
08135;EER non démarré;19/05/2026;—;1000024760;379.93
08135;EER non démarré;19/05/2026;—;1000024761;749.19
04394;EER non démarré;19/05/2026;—;1000024770;437.92
04394;EER non démarré;19/05/2026;—;1000024771;856.73
03940;EER rejeté;19/05/2026;ba052f63;1000024780;341.86
03940;EER rejeté;19/05/2026;1b7476f9;1000024781;670.83
00386;EER validé;19/05/2026;5ad88291;1000024790;648.12
00386;EER validé;19/05/2026;e3742abe;1000024791;155.73
03343;EER validé;19/05/2026;045c0c15;1000024800;973.69
03343;EER validé;19/05/2026;cbedb676;1000024801;445.48
02455;EER non démarré;19/05/2026;—;1000024810;589.01
02455;EER non démarré;19/05/2026;—;1000024811;966.80
00432;EER validé;19/05/2026;5f128a08;1000024820;120.45
00432;EER validé;19/05/2026;59a47d97;1000024821;127.10
06195;EER non démarré;19/05/2026;—;1000024830;995.20
06195;EER non démarré;19/05/2026;—;1000024831;401.01
07853;EER validé;19/05/2026;43ff5dd4;1000024840;869.49
07853;EER validé;19/05/2026;95ed67e1;1000024841;120.91
08430;EER non démarré;19/05/2026;—;1000024850;665.52
08430;EER non démarré;19/05/2026;—;1000024851;506.35
09238;EER validé;19/05/2026;1dafaae9;1000024860;978.67
09238;EER validé;19/05/2026;726d52fd;1000024861;833.90
09093;EER validé;19/05/2026;2a6f1573;1000024870;883.39
09093;EER validé;19/05/2026;50163905;1000024871;632.42
05586;EER validé;19/05/2026;e869e2e5;1000024880;270.47
05586;EER validé;19/05/2026;f224d2e6;1000024881;287.58
03940;EER validé;19/05/2026;bccf9b9d;1000024890;766.52
03940;EER validé;19/05/2026;b0640737;1000024891;976.52
00168;EER validé;19/05/2026;a534d191;1000024900;731.15
00168;EER validé;19/05/2026;e02b081b;1000024901;471.55
01984;EER rejeté;19/05/2026;63dc7c15;1000024910;727.69
01984;EER rejeté;19/05/2026;31722021;1000024911;747.61
05331;EER non démarré;19/05/2026;—;1000024920;353.39
05331;EER non démarré;19/05/2026;—;1000024921;497.90
09238;EER validé;19/05/2026;bc4a15ae;1000024930;435.31
09238;EER validé;19/05/2026;a0688cba;1000024931;722.20
03940;EER non démarré;19/05/2026;—;1000024940;129.10
03940;EER non démarré;19/05/2026;—;1000024941;144.36
06088;EER validé;19/05/2026;cbd63cc6;1000024950;952.01
06088;EER validé;19/05/2026;91d9a92e;1000024951;126.19
09303;EER non démarré;19/05/2026;—;1000024960;436.79
09303;EER non démarré;19/05/2026;—;1000024961;721.13
02200;EER non démarré;19/05/2026;—;1000024970;803.79
02200;EER non démarré;19/05/2026;—;1000024971;975.27
01309;EER non démarré;19/05/2026;—;1000024980;273.16
01309;EER non démarré;19/05/2026;—;1000024981;328.40
00386;EER non démarré;19/05/2026;—;1000024990;394.58
00386;EER non démarré;19/05/2026;—;1000024991;879.45
08853;EER validé;19/05/2026;698f106d;1000025000;109.79
08853;EER validé;19/05/2026;95a2833e;1000025001;954.88
01115;EER non démarré;19/05/2026;—;1000025010;688.57
01115;EER non démarré;19/05/2026;—;1000025011;475.76
03050;EER à rejeter;19/05/2026;c1675909;1000025020;911.94
03050;EER à rejeter;19/05/2026;ab37a925;1000025021;897.31
00570;EER validé;19/05/2026;13029596;1000025030;229.14
00570;EER validé;19/05/2026;eb671a52;1000025031;221.99
09238;EER validé;19/05/2026;d644d4fa;1000025040;504.47
09238;EER validé;19/05/2026;bcafd1b9;1000025041;685.06
08414;EER validé;19/05/2026;2ab32bc8;1000025050;205.47
08414;EER validé;19/05/2026;8edd9010;1000025051;602.56
08414;EER validé;19/05/2026;785a3a82;1000025060;674.26
08414;EER validé;19/05/2026;364190e0;1000025061;436.02
09238;EER validé;19/05/2026;cfcf9fc2;1000025070;901.96
09238;EER validé;19/05/2026;3ebcc156;1000025071;316.93
08048;EER non démarré;19/05/2026;—;1000025080;922.44
08048;EER non démarré;19/05/2026;—;1000025081;930.39
03940;EER non démarré;19/05/2026;—;1000025090;782.98
03940;EER non démarré;19/05/2026;—;1000025091;441.57
09355;EER validé;19/05/2026;cc326875;1000025100;345.25
09355;EER validé;19/05/2026;f0517b4d;1000025101;987.38
07038;EER validé;19/05/2026;ae0ccfa4;1000025110;795.47
07038;EER validé;19/05/2026;55ebe363;1000025111;356.77
09799;EER validé;19/05/2026;416efed6;1000025120;387.60
09799;EER validé;19/05/2026;371da804;1000025121;311.96
02034;EER non démarré;19/05/2026;—;1000025130;788.24
02034;EER non démarré;19/05/2026;—;1000025131;224.69
00351;EER validé;19/05/2026;9f50651d;1000025140;591.63
00351;EER validé;19/05/2026;60f5826c;1000025141;695.19
07386;EER validé;19/05/2026;3ca02be0;1000025150;436.85
07386;EER validé;19/05/2026;1ce936de;1000025151;645.13
03366;EER non démarré;19/05/2026;—;1000025160;345.26
03366;EER non démarré;19/05/2026;—;1000025161;509.41
05877;EER validé;19/05/2026;5f6f5311;1000025170;779.40
05877;EER validé;19/05/2026;fa55e4cd;1000025171;715.78
00248;EER validé;19/05/2026;2d9c7a96;1000025180;713.84
00248;EER validé;19/05/2026;b26b13e6;1000025181;931.66
00337;EER non démarré;19/05/2026;—;1000025190;487.71
00337;EER non démarré;19/05/2026;—;1000025191;795.55
03172;EER validé;19/05/2026;952425fd;1000025200;108.17
03172;EER validé;19/05/2026;e234388b;1000025201;258.68
08191;EER validé;19/05/2026;b24020cd;1000025210;707.18
08191;EER validé;19/05/2026;d5ade897;1000025211;909.92
05522;EER non démarré;19/05/2026;—;1000025220;131.78
05522;EER non démarré;19/05/2026;—;1000025221;312.05
03460;EER non démarré;19/05/2026;—;1000025230;971.00
03460;EER non démarré;19/05/2026;—;1000025231;506.39
06744;EER non démarré;19/05/2026;—;1000025240;437.45
06744;EER non démarré;19/05/2026;—;1000025241;869.65
08593;EER non démarré;19/05/2026;—;1000025250;398.30
08593;EER non démarré;19/05/2026;—;1000025251;303.37
02010;EER non démarré;19/05/2026;—;1000025260;993.54
02010;EER non démarré;19/05/2026;—;1000025261;934.16
01484;EER validé;19/05/2026;675519f9;1000025270;186.48
01484;EER validé;19/05/2026;23689c07;1000025271;582.59
03940;EER non démarré;19/05/2026;—;1000025280;111.59
03940;EER non démarré;19/05/2026;—;1000025281;294.69
09238;EER validé;19/05/2026;0f4ad8bc;1000025290;771.50
09238;EER validé;19/05/2026;dbe02d82;1000025291;217.22
07180;EER validé;19/05/2026;50f0ffc4;1000025300;538.78
07180;EER validé;19/05/2026;220a08a0;1000025301;692.62
00386;EER validé;19/05/2026;17f6d7cf;1000025310;481.80
00386;EER validé;19/05/2026;a5f7eae4;1000025311;792.60
09238;EER validé;19/05/2026;fd46472f;1000025320;288.30
09238;EER validé;19/05/2026;4caf093b;1000025321;844.92
07627;EER validé;19/05/2026;1aac4b6d;1000025330;702.52
07627;EER validé;19/05/2026;a4cb08fe;1000025331;943.05
05976;EER validé;19/05/2026;965fab49;1000025340;858.51
05976;EER validé;19/05/2026;b3f7edb7;1000025341;580.68
07454;EER validé;19/05/2026;6cde0e53;1000025350;975.18
07454;EER validé;19/05/2026;3759f4d8;1000025351;800.05
03121;EER validé;19/05/2026;ee41e1c0;1000025360;267.40
03121;EER validé;19/05/2026;32533cf5;1000025361;275.59
05027;EER validé;19/05/2026;1d95c1cc;1000025370;332.39
05027;EER validé;19/05/2026;b57d9e4b;1000025371;266.36
05468;EER validé;19/05/2026;9843138c;1000025380;198.91
05468;EER validé;19/05/2026;5dfb4920;1000025381;868.03
05925;EER validé;19/05/2026;f40ad522;1000025390;769.06
05925;EER validé;19/05/2026;4b79a227;1000025391;971.40
09238;EER validé;19/05/2026;0696865e;1000025400;632.05
09238;EER validé;19/05/2026;3570f470;1000025401;171.21
09238;EER validé;19/05/2026;94be6e45;1000025410;337.02
09238;EER validé;19/05/2026;c4e1941a;1000025411;787.03
06111;EER non démarré;19/05/2026;—;1000025420;384.95
06111;EER non démarré;19/05/2026;—;1000025421;867.08
08560;EER validé;19/05/2026;8f39bf2b;1000025430;464.70
08560;EER validé;19/05/2026;f730edf2;1000025431;904.13
03900;EER validé;19/05/2026;41dc40a8;1000025440;477.60
03900;EER validé;19/05/2026;a5cd0d31;1000025441;436.35
06947;EER non démarré;19/05/2026;—;1000025450;936.14
06947;EER non démarré;19/05/2026;—;1000025451;953.96
01800;EER validé;19/05/2026;1bf6045f;1000025460;576.38
01800;EER validé;19/05/2026;927c7e82;1000025461;726.16
06744;EER non démarré;19/05/2026;—;1000025470;661.25
06744;EER non démarré;19/05/2026;—;1000025471;711.58
05298;EER rejeté;19/05/2026;202fe92a;1000025480;938.09
05298;EER rejeté;19/05/2026;9c01463f;1000025481;135.96
06784;EER rejeté;19/05/2026;3b9b6fc9;1000025490;519.13
06784;EER rejeté;19/05/2026;80bc0d99;1000025491;305.39
06744;EER non démarré;19/05/2026;—;1000025500;402.35
06744;EER non démarré;19/05/2026;—;1000025501;317.93
05769;EER validé;19/05/2026;28eca271;1000025510;810.65
05769;EER validé;19/05/2026;fcf378ed;1000025511;809.17
08430;EER validé;19/05/2026;20b0e011;1000025520;121.28
08430;EER validé;19/05/2026;1f17df92;1000025521;356.87
05027;EER validé;19/05/2026;4ec1d582;1000025530;878.19
05027;EER validé;19/05/2026;5f3c7cdb;1000025531;981.67
07152;EER validé;19/05/2026;b3af711e;1000025540;601.02
07152;EER validé;19/05/2026;509da65f;1000025541;983.68
00642;EER non démarré;19/05/2026;—;1000025550;131.07
00642;EER non démarré;19/05/2026;—;1000025551;531.00
06792;EER non démarré;19/05/2026;—;1000025560;916.43
06792;EER non démarré;19/05/2026;—;1000025561;402.63
09547;EER validé;19/05/2026;ea655007;1000025570;821.17
09547;EER validé;19/05/2026;d69da5c1;1000025571;619.74
05326;EER validé;19/05/2026;9b68d228;1000025580;226.85
05326;EER validé;19/05/2026;cce20703;1000025581;557.26
06744;EER rejeté;19/05/2026;190a4b01;1000025590;191.84
06744;EER rejeté;19/05/2026;f3785d86;1000025591;719.87
01046;EER validé;19/05/2026;f23038dc;1000025600;409.25
01046;EER validé;19/05/2026;10d739df;1000025601;813.23
03706;EER validé;18/05/2026;0bb96df0;1000025610;188.10
03706;EER validé;18/05/2026;9a1a538c;1000025611;337.37
03940;EER non démarré;18/05/2026;—;1000025620;618.56
03940;EER non démarré;18/05/2026;—;1000025621;260.53
05107;EER validé;18/05/2026;8bb7bce6;1000025630;308.48
05107;EER validé;18/05/2026;18363172;1000025631;393.18
00685;EER validé;18/05/2026;0d712117;1000025640;451.78
00685;EER validé;18/05/2026;da17b868;1000025641;595.95
02230;EER validé;18/05/2026;2da805db;1000025650;759.94
02230;EER validé;18/05/2026;7f540c1b;1000025651;381.73
03863;EER validé;18/05/2026;9990e047;1000025660;551.97
03863;EER validé;18/05/2026;4fa60597;1000025661;475.29
09483;EER non démarré;18/05/2026;—;1000025670;842.72
09483;EER non démarré;18/05/2026;—;1000025671;394.15
00368;EER non démarré;18/05/2026;—;1000025680;426.39
00368;EER non démarré;18/05/2026;—;1000025681;496.57
07939;EER non démarré;18/05/2026;—;1000025690;444.05
07939;EER non démarré;18/05/2026;—;1000025691;528.35
07386;EER démarré;18/05/2026;97fd431c;1000025700;658.88
07386;EER démarré;18/05/2026;2dc4fcd2;1000025701;723.16
04588;EER non démarré;18/05/2026;—;1000025710;807.78
04588;EER non démarré;18/05/2026;—;1000025711;650.29
07831;EER validé;18/05/2026;87512afe;1000025720;599.56
07831;EER validé;18/05/2026;454d8ccc;1000025721;383.43
06744;EER non démarré;18/05/2026;—;1000025730;185.38
06744;EER non démarré;18/05/2026;—;1000025731;703.28
07386;EER validé;18/05/2026;9910874b;1000025740;326.13
07386;EER validé;18/05/2026;8efaddc5;1000025741;478.76
09885;EER validé;18/05/2026;e92db3ba;1000025750;200.04
09885;EER validé;18/05/2026;6388b505;1000025751;625.73
05045;EER validé;18/05/2026;e0af74af;1000025760;882.21
05045;EER validé;18/05/2026;8887ced1;1000025761;279.64
04781;EER validé;18/05/2026;6312b548;1000025770;103.73
04781;EER validé;18/05/2026;57453da8;1000025771;290.72
05332;EER à valider;18/05/2026;f0daa631;1000025780;568.02
05332;EER à valider;18/05/2026;5d77b7ba;1000025781;960.26
03437;EER validé;18/05/2026;4b072a94;1000025790;178.19
03437;EER validé;18/05/2026;954c5304;1000025791;890.20
09549;EER non démarré;18/05/2026;—;1000025800;353.39
09549;EER non démarré;18/05/2026;—;1000025801;217.96
03358;EER non démarré;18/05/2026;—;1000025810;935.71
03358;EER non démarré;18/05/2026;—;1000025811;226.58
05522;EER démarré;18/05/2026;96fd9a95;1000025820;169.94
05522;EER démarré;18/05/2026;d8102813;1000025821;507.97
05468;EER démarré;18/05/2026;1f34f40f;1000025830;456.08
05468;EER démarré;18/05/2026;6ad5116b;1000025831;389.41
00386;EER démarré;18/05/2026;404738a1;1000025840;456.56
00386;EER démarré;18/05/2026;7a65d8e2;1000025841;393.43
09549;EER validé;18/05/2026;def4cd93;1000025850;217.88
09549;EER validé;18/05/2026;1bd35362;1000025851;918.04
08630;EER rejeté;18/05/2026;1e3a2c64;1000025860;826.54
08630;EER rejeté;18/05/2026;95da6a1e;1000025861;401.25
09238;EER non démarré;18/05/2026;—;1000025870;860.82
09238;EER non démarré;18/05/2026;—;1000025871;529.95
09238;EER non démarré;18/05/2026;—;1000025880;376.69
09238;EER non démarré;18/05/2026;—;1000025881;264.11
05755;EER non démarré;18/05/2026;—;1000025890;105.31
05755;EER non démarré;18/05/2026;—;1000025891;619.92
09549;EER validé;18/05/2026;1f378009;1000025900;395.43
09549;EER validé;18/05/2026;2786fc90;1000025901;615.32
02200;EER à valider;18/05/2026;4699bbe0;1000025910;120.18
02200;EER à valider;18/05/2026;bcbbab3f;1000025911;358.06
05443;EER non démarré;18/05/2026;—;1000025920;423.10
05443;EER non démarré;18/05/2026;—;1000025921;421.21
03940;EER non démarré;18/05/2026;—;1000025930;403.77
03940;EER non démarré;18/05/2026;—;1000025931;714.51
03419;EER non démarré;18/05/2026;—;1000025940;886.10
03419;EER non démarré;18/05/2026;—;1000025941;460.61
07516;EER rejeté;18/05/2026;83e5123e;1000025950;546.94
07516;EER rejeté;18/05/2026;17f872e6;1000025951;804.87
07286;EER non démarré;18/05/2026;—;1000025960;274.61
07286;EER non démarré;18/05/2026;—;1000025961;366.20
08579;EER validé;18/05/2026;556f22fb;1000025970;556.14
08579;EER validé;18/05/2026;afc06f3d;1000025971;759.46
02675;EER non démarré;18/05/2026;—;1000025980;141.30
02675;EER non démarré;18/05/2026;—;1000025981;128.54
09238;EER validé;18/05/2026;551a2de0;1000025990;560.00
09238;EER validé;18/05/2026;4faa2143;1000025991;767.67
07286;EER non démarré;18/05/2026;—;1000026000;861.54
07286;EER non démarré;18/05/2026;—;1000026001;986.22
05586;EER validé;18/05/2026;9b4f65cb;1000026010;369.41
05586;EER validé;18/05/2026;a21cca06;1000026011;287.27
05484;EER rejeté;18/05/2026;2fd998aa;1000026020;524.78
05484;EER rejeté;18/05/2026;333c0b61;1000026021;885.45
05172;EER non démarré;18/05/2026;—;1000026030;461.01
05172;EER non démarré;18/05/2026;—;1000026031;980.71
05027;EER non démarré;18/05/2026;—;1000026040;789.57
05027;EER non démarré;18/05/2026;—;1000026041;896.04
07152;EER rejeté;18/05/2026;3784a0ba;1000026050;531.01
07152;EER rejeté;18/05/2026;a2cb1022;1000026051;318.96
09323;EER non démarré;18/05/2026;—;1000026060;489.71
09323;EER non démarré;18/05/2026;—;1000026061;160.12
07927;EER validé;18/05/2026;88ebce52;1000026070;346.21
07927;EER validé;18/05/2026;580aff36;1000026071;919.43
05522;EER non démarré;18/05/2026;—;1000026080;538.90
05522;EER non démarré;18/05/2026;—;1000026081;189.32
07536;EER non démarré;18/05/2026;—;1000026090;452.98
07536;EER non démarré;18/05/2026;—;1000026091;924.07
05326;EER validé;16/05/2026;f6b5338c;1000008480;217.29
05326;EER validé;16/05/2026;10f0deb1;1000008481;956.17
09238;EER non démarré;16/05/2026;—;1000008490;719.03
09238;EER non démarré;16/05/2026;—;1000008491;821.47
03940;EER démarré;16/05/2026;01bda526;1000008500;810.17
03940;EER démarré;16/05/2026;9ffc6fb4;1000008501;588.86
03343;EER non démarré;16/05/2026;—;1000008510;228.07
03343;EER non démarré;16/05/2026;—;1000008511;276.57
00386;EER non démarré;16/05/2026;—;1000008520;845.63
00386;EER non démarré;16/05/2026;—;1000008521;358.14
07064;EER non démarré;16/05/2026;—;1000008530;420.11
07064;EER non démarré;16/05/2026;—;1000008531;666.94
03205;EER validé;16/05/2026;f4473d90;1000008540;507.23
03205;EER validé;16/05/2026;70097cc3;1000008541;727.09
08342;EER validé;16/05/2026;5e9b3a16;1000008550;672.55
08342;EER validé;16/05/2026;437b5dda;1000008551;744.23
09946;EER non démarré;16/05/2026;—;1000008560;302.52
09946;EER non démarré;16/05/2026;—;1000008561;860.84
00386;EER validé;16/05/2026;cd2812a0;1000008570;868.68
00386;EER validé;16/05/2026;eb5a8c48;1000008571;955.55
08579;EER non démarré;16/05/2026;—;1000008580;291.12
08579;EER non démarré;16/05/2026;—;1000008581;458.07
06744;EER non démarré;16/05/2026;—;1000008590;769.78
06744;EER non démarré;16/05/2026;—;1000008591;615.54
07386;EER validé;16/05/2026;3a9f0d51;1000008600;167.70
07386;EER validé;16/05/2026;75998e41;1000008601;657.64
07286;EER non démarré;16/05/2026;—;1000008610;169.11
07286;EER non démarré;16/05/2026;—;1000008611;862.94
04883;EER non démarré;16/05/2026;—;1000008620;993.53
04883;EER non démarré;16/05/2026;—;1000008621;202.93
06979;EER validé;16/05/2026;1a757fd0;1000008630;811.11
06979;EER validé;16/05/2026;10e4ff7d;1000008631;410.21
03615;EER non démarré;16/05/2026;—;1000008640;279.11
03615;EER non démarré;16/05/2026;—;1000008641;154.51
01192;EER non démarré;16/05/2026;—;1000008650;749.57
01192;EER non démarré;16/05/2026;—;1000008651;753.54
06744;EER non démarré;16/05/2026;—;1000008660;630.06
06744;EER non démarré;16/05/2026;—;1000008661;654.06
00174;EER validé;16/05/2026;d2ea6f62;1000008670;830.56
00174;EER validé;16/05/2026;cac56f58;1000008671;809.36
09238;EER non démarré;16/05/2026;—;1000008680;131.88
09238;EER non démarré;16/05/2026;—;1000008681;133.87
03940;EER démarré;16/05/2026;ca162031;1000008690;949.10
03940;EER démarré;16/05/2026;9d19b31b;1000008691;574.63
07928;EER non démarré;16/05/2026;—;1000008700;810.73
07928;EER non démarré;16/05/2026;—;1000008701;563.18
05675;EER démarré;16/05/2026;6b7e5398;1000008710;184.50
05675;EER démarré;16/05/2026;b278553c;1000008711;791.22
03940;EER non démarré;16/05/2026;—;1000008720;390.62
03940;EER non démarré;16/05/2026;—;1000008721;453.15
07286;EER non démarré;16/05/2026;—;1000008730;771.56
07286;EER non démarré;16/05/2026;—;1000008731;286.25
06744;EER à valider;16/05/2026;4832fb5e;1000008740;650.16
06744;EER à valider;16/05/2026;df619fdd;1000008741;885.57
07359;EER validé;16/05/2026;2c9743a0;1000008750;853.72
07359;EER validé;16/05/2026;eff401a9;1000008751;753.49
06979;EER non démarré;16/05/2026;—;1000008760;957.61
06979;EER non démarré;16/05/2026;—;1000008761;653.17
00386;EER validé;16/05/2026;5e203e03;1000008770;630.79
00386;EER validé;16/05/2026;14ad70eb;1000008771;507.59
00386;EER validé;16/05/2026;65daf5fa;1000008780;993.49
00386;EER validé;16/05/2026;fd4907a8;1000008781;216.76
08713;EER rejeté;16/05/2026;df3cb678;1000008790;168.49
08713;EER rejeté;16/05/2026;a43159b6;1000008791;324.60
07627;EER validé;16/05/2026;8051ce73;1000008800;328.17
07627;EER validé;16/05/2026;2cd14ddb;1000008801;158.88
06744;EER non démarré;16/05/2026;—;1000008810;753.26
06744;EER non démarré;16/05/2026;—;1000008811;765.23
03940;EER non démarré;16/05/2026;—;1000008820;823.58
03940;EER non démarré;16/05/2026;—;1000008821;648.20
09931;EER démarré;16/05/2026;170d184d;1000008830;234.31
09931;EER démarré;16/05/2026;055fcb96;1000008831;367.84
01244;EER validé;16/05/2026;4c694206;1000008840;658.38
01244;EER validé;16/05/2026;20d2196f;1000008841;281.08
07063;EER non démarré;16/05/2026;—;1000008850;739.76
07063;EER non démarré;16/05/2026;—;1000008851;463.99
03863;EER non démarré;16/05/2026;—;1000008860;401.25
03863;EER non démarré;16/05/2026;—;1000008861;612.52
04253;EER non démarré;16/05/2026;—;1000008870;284.69
04253;EER non démarré;16/05/2026;—;1000008871;822.16
06867;EER validé;16/05/2026;9fc14715;1000008880;676.15
06867;EER validé;16/05/2026;02c277f4;1000008881;994.18
07725;EER validé;16/05/2026;9c607203;1000008890;423.60
07725;EER validé;16/05/2026;bc11e507;1000008891;146.98
01650;EER non démarré;16/05/2026;—;1000008900;921.91
01650;EER non démarré;16/05/2026;—;1000008901;347.04
05722;EER validé;16/05/2026;baf3b0d2;1000008910;878.87
05722;EER validé;16/05/2026;c0513a78;1000008911;572.95
09238;EER non démarré;16/05/2026;—;1000008920;523.50
09238;EER non démarré;16/05/2026;—;1000008921;817.35
08548;EER rejeté;16/05/2026;88207c9e;1000008930;762.67
08548;EER rejeté;16/05/2026;05f03f6c;1000008931;295.58
08144;EER non démarré;16/05/2026;—;1000008940;145.98
08144;EER non démarré;16/05/2026;—;1000008941;397.49
07286;EER non démarré;16/05/2026;—;1000008950;574.27
07286;EER non démarré;16/05/2026;—;1000008951;481.48
00386;EER validé;16/05/2026;442f61a9;1000008960;592.82
00386;EER validé;16/05/2026;aff52266;1000008961;789.39
08191;EER démarré;16/05/2026;0b048675;1000008970;736.39
08191;EER démarré;16/05/2026;01d540ec;1000008971;702.52
07782;EER validé;16/05/2026;02f7ea05;1000008980;502.72
07782;EER validé;16/05/2026;b57b44d9;1000008981;697.40
07051;EER validé;16/05/2026;1aadca1e;1000008990;290.19
07051;EER validé;16/05/2026;806d49bc;1000008991;605.55
02899;EER validé;16/05/2026;8a409d80;1000009000;716.52
02899;EER validé;16/05/2026;4b1dd9e0;1000009001;854.77
06744;EER démarré;16/05/2026;8a8b0036;1000009010;613.34
06744;EER démarré;16/05/2026;275ace4f;1000009011;226.65
09663;EER validé;16/05/2026;051e9d7b;1000009020;966.59
09663;EER validé;16/05/2026;f20af4a1;1000009021;308.94
02856;EER validé;16/05/2026;07f50e8c;1000009030;493.11
02856;EER validé;16/05/2026;1e9b71ae;1000009031;889.55
07047;EER validé;16/05/2026;d0908ff4;1000009040;917.69
07047;EER validé;16/05/2026;47893c0b;1000009041;840.17
06591;EER non démarré;16/05/2026;—;1000009050;534.32
06591;EER non démarré;16/05/2026;—;1000009051;906.67
07669;EER validé;16/05/2026;c2c1d510;1000009060;940.94
07669;EER validé;16/05/2026;7879d6be;1000009061;405.59
08084;EER non démarré;16/05/2026;—;1000009070;963.53
08084;EER non démarré;16/05/2026;—;1000009071;317.81
09342;EER non démarré;16/05/2026;—;1000009080;488.46
09342;EER non démarré;16/05/2026;—;1000009081;400.82
01349;EER non démarré;16/05/2026;—;1000009090;907.26
01349;EER non démarré;16/05/2026;—;1000009091;401.15
05326;EER validé;16/05/2026;2cc75e84;1000009100;839.97
05326;EER validé;16/05/2026;c2944c48;1000009101;561.50
09238;EER validé;16/05/2026;56a94be9;1000009110;796.29
09238;EER validé;16/05/2026;5778757d;1000009111;245.20
06744;EER non démarré;16/05/2026;—;1000009120;399.55
06744;EER non démarré;16/05/2026;—;1000009121;508.60
07901;EER non démarré;16/05/2026;—;1000009130;503.54
07901;EER non démarré;16/05/2026;—;1000009131;466.71
07920;EER validé;16/05/2026;36c32092;1000009140;771.36
07920;EER validé;16/05/2026;ec7003e8;1000009141;218.65
09275;EER non démarré;16/05/2026;—;1000009150;720.80
09275;EER non démarré;16/05/2026;—;1000009151;724.55
03983;EER validé;16/05/2026;e184c9e7;1000009160;587.98
03983;EER validé;16/05/2026;147ea764;1000009161;763.63
04669;EER non démarré;16/05/2026;—;1000009170;619.37
04669;EER non démarré;16/05/2026;—;1000009171;831.35
03364;EER démarré;16/05/2026;5f239653;1000009180;839.60
03364;EER démarré;16/05/2026;bd4390ff;1000009181;511.34
04806;EER non démarré;16/05/2026;—;1000009190;584.78
04806;EER non démarré;16/05/2026;—;1000009191;604.04
03900;EER validé;16/05/2026;5482e1b4;1000009200;724.57
03900;EER validé;16/05/2026;e528912a;1000009201;389.42
08560;EER validé;16/05/2026;fb72ca86;1000009210;747.15
08560;EER validé;16/05/2026;ea534010;1000009211;703.90
07029;EER validé;16/05/2026;8a905382;1000009220;253.38
07029;EER validé;16/05/2026;6112b262;1000009221;408.06
04110;EER non démarré;16/05/2026;—;1000009230;723.06
04110;EER non démarré;16/05/2026;—;1000009231;322.13
06744;EER rejeté;16/05/2026;29742d62;1000009240;911.94
06744;EER rejeté;16/05/2026;2af9d182;1000009241;335.72
05326;EER démarré;16/05/2026;e15af15f;1000009250;632.53
05326;EER démarré;16/05/2026;853f3dcf;1000009251;169.37
05027;EER non démarré;16/05/2026;—;1000009260;564.44
05027;EER non démarré;16/05/2026;—;1000009261;718.20
06744;EER validé;16/05/2026;4a734225;1000009270;932.96
06744;EER validé;16/05/2026;c4e663dc;1000009271;903.91
03940;EER démarré;16/05/2026;ecc0f247;1000009280;191.19
03940;EER démarré;16/05/2026;a28d9aa1;1000009281;667.65
09069;EER rejeté;16/05/2026;25f79372;1000009290;182.29
09069;EER rejeté;16/05/2026;74b9380f;1000009291;201.87
01079;EER démarré;15/05/2026;a9b5e6a2;1000009300;158.51
01079;EER démarré;15/05/2026;34a401d6;1000009301;508.33
09238;EER non démarré;15/05/2026;—;1000009310;755.05
09238;EER non démarré;15/05/2026;—;1000009311;757.84
08868;EER validé;15/05/2026;20348731;1000009320;587.10
08868;EER validé;15/05/2026;d35a35e1;1000009321;611.23
09303;EER validé;15/05/2026;765cdb23;1000009330;913.63
09303;EER validé;15/05/2026;e6ccb98c;1000009331;974.75
06744;EER validé;15/05/2026;e7806a21;1000009340;229.59
06744;EER validé;15/05/2026;629850cf;1000009341;772.32
08696;EER non démarré;15/05/2026;—;1000009350;637.43
08696;EER non démarré;15/05/2026;—;1000009351;416.45
03900;EER validé;15/05/2026;e91f5f83;1000009360;817.09
03900;EER validé;15/05/2026;199b07f4;1000009361;753.58
07062;EER validé;15/05/2026;c356cf42;1000009370;284.06
07062;EER validé;15/05/2026;a1afbea4;1000009371;688.47
08004;EER validé;15/05/2026;e9c1c104;1000009380;769.61
08004;EER validé;15/05/2026;cbddaa20;1000009381;818.41
06744;EER validé;15/05/2026;7fcea33e;1000009390;801.62
06744;EER validé;15/05/2026;4a5e5446;1000009391;411.69
05027;EER validé;15/05/2026;ee2171db;1000009400;760.84
05027;EER validé;15/05/2026;d646f854;1000009401;875.13
00606;EER validé;15/05/2026;d2bad92b;1000009410;872.12
00606;EER validé;15/05/2026;4bcdb520;1000009411;741.38
06472;EER validé;15/05/2026;e05077bd;1000009420;988.23
06472;EER validé;15/05/2026;9b73418c;1000009421;506.04
07353;EER validé;15/05/2026;b578612c;1000009430;252.63
07353;EER validé;15/05/2026;355f93d7;1000009431;503.07
09238;EER rejeté;15/05/2026;2974a2ed;1000009440;660.94
09238;EER rejeté;15/05/2026;11559e63;1000009441;346.45
02200;EER non démarré;15/05/2026;—;1000009450;320.94
02200;EER non démarré;15/05/2026;—;1000009451;432.70
04588;EER validé;15/05/2026;6e76add0;1000009460;578.77
04588;EER validé;15/05/2026;e5ee83e1;1000009461;214.19
07842;EER validé;15/05/2026;40e4d537;1000009470;605.12
07842;EER validé;15/05/2026;cf002ad5;1000009471;794.35
00386;EER validé;15/05/2026;44a3d9e1;1000009480;101.88
00386;EER validé;15/05/2026;24d8d447;1000009481;914.86
09276;EER non démarré;15/05/2026;—;1000009490;873.47
09276;EER non démarré;15/05/2026;—;1000009491;463.07
05326;EER validé;15/05/2026;fe0746d9;1000009500;669.84
05326;EER validé;15/05/2026;8dd1d501;1000009501;721.30
02002;EER non démarré;15/05/2026;—;1000009510;811.28
02002;EER non démarré;15/05/2026;—;1000009511;621.59
04733;EER validé;15/05/2026;9152fdaf;1000009520;369.37
04733;EER validé;15/05/2026;4021fed1;1000009521;283.30
01709;EER non démarré;15/05/2026;—;1000009530;266.77
01709;EER non démarré;15/05/2026;—;1000009531;901.66
07627;EER démarré;15/05/2026;3c682d54;1000009540;580.90
07627;EER démarré;15/05/2026;52578280;1000009541;996.39
09238;EER validé;15/05/2026;c31c4c92;1000009550;395.37
09238;EER validé;15/05/2026;06af330d;1000009551;203.69
08774;EER non démarré;15/05/2026;—;1000009560;929.34
08774;EER non démarré;15/05/2026;—;1000009561;551.33
08904;EER démarré;15/05/2026;470bdbe0;1000009570;925.31
08904;EER démarré;15/05/2026;04b1c392;1000009571;376.04
09110;EER non démarré;15/05/2026;—;1000009580;413.68
09110;EER non démarré;15/05/2026;—;1000009581;152.51
06107;EER validé;15/05/2026;1f13aefc;1000009590;981.34
06107;EER validé;15/05/2026;713650d3;1000009591;552.96
07486;EER validé;15/05/2026;d791c1db;1000009600;667.98
07486;EER validé;15/05/2026;9e1ae311;1000009601;893.36
09238;EER non démarré;15/05/2026;—;1000009610;473.67
09238;EER non démarré;15/05/2026;—;1000009611;756.90
04650;EER validé;15/05/2026;2c24e316;1000009620;140.42
04650;EER validé;15/05/2026;6f70abed;1000009621;398.01
03665;EER validé;15/05/2026;73c7bda2;1000009630;798.43
03665;EER validé;15/05/2026;b7f42211;1000009631;591.50
08840;EER non démarré;15/05/2026;—;1000009640;541.21
08840;EER non démarré;15/05/2026;—;1000009641;253.63
06392;EER validé;15/05/2026;561306da;1000009650;769.40
06392;EER validé;15/05/2026;5c182991;1000009651;352.07
04217;EER validé;15/05/2026;eeeac38a;1000009660;505.91
04217;EER validé;15/05/2026;ce110879;1000009661;348.62
08342;EER validé;15/05/2026;d92348e0;1000009670;309.72
08342;EER validé;15/05/2026;c302e0f4;1000009671;538.31
07627;EER validé;15/05/2026;579b0c54;1000009680;333.35
07627;EER validé;15/05/2026;0664d629;1000009681;275.21
02200;EER rejeté;15/05/2026;45f7802c;1000009690;371.00
02200;EER rejeté;15/05/2026;3ac692e1;1000009691;240.53
05326;EER non démarré;15/05/2026;—;1000009700;266.24
05326;EER non démarré;15/05/2026;—;1000009701;135.78
03784;EER non démarré;15/05/2026;—;1000009710;894.53
03784;EER non démarré;15/05/2026;—;1000009711;700.78
04669;EER non démarré;15/05/2026;—;1000009720;819.55
04669;EER non démarré;15/05/2026;—;1000009721;217.73
05898;EER non démarré;15/05/2026;—;1000009730;521.13
05898;EER non démarré;15/05/2026;—;1000009731;605.27
03940;EER démarré;15/05/2026;f68bcfe4;1000009740;859.19
03940;EER démarré;15/05/2026;8d9782dd;1000009741;233.60
02034;EER démarré;15/05/2026;2cee936a;1000009750;294.30
02034;EER démarré;15/05/2026;4358388a;1000009751;974.37
07939;EER validé;15/05/2026;eb1eb6c8;1000009760;117.21
07939;EER validé;15/05/2026;3c160c90;1000009761;957.69
09238;EER non démarré;15/05/2026;—;1000009770;686.87
09238;EER non démarré;15/05/2026;—;1000009771;880.84
08671;EER non démarré;15/05/2026;—;1000009780;860.65
08671;EER non démarré;15/05/2026;—;1000009781;186.60
06621;EER validé;15/05/2026;c79a0708;1000009790;999.26
06621;EER validé;15/05/2026;d803f1d5;1000009791;946.57
08001;EER validé;15/05/2026;c1a24454;1000009800;594.48
08001;EER validé;15/05/2026;a367aef0;1000009801;770.01
03940;EER validé;15/05/2026;3e6b0d43;1000009810;715.77
03940;EER validé;15/05/2026;81e42ba8;1000009811;824.69
08546;EER démarré;15/05/2026;46d26f1c;1000009820;830.92
08546;EER démarré;15/05/2026;4434cb1a;1000009821;494.24
01244;EER validé;15/05/2026;5afc56f6;1000009830;955.84
01244;EER validé;15/05/2026;cc94ee56;1000009831;636.93
09549;EER non démarré;15/05/2026;—;1000009840;282.71
09549;EER non démarré;15/05/2026;—;1000009841;196.05
03231;EER non démarré;15/05/2026;—;1000009850;741.67
03231;EER non démarré;15/05/2026;—;1000009851;242.18
08144;EER validé;15/05/2026;a5311698;1000009860;780.96
08144;EER validé;15/05/2026;56a5cc15;1000009861;997.19
07627;EER non démarré;15/05/2026;—;1000009870;678.11
07627;EER non démarré;15/05/2026;—;1000009871;604.50
03419;EER non démarré;15/05/2026;—;1000009880;853.19
03419;EER non démarré;15/05/2026;—;1000009881;867.35
06312;EER non démarré;15/05/2026;—;1000009890;740.99
06312;EER non démarré;15/05/2026;—;1000009891;977.91
01295;EER non démarré;15/05/2026;—;1000009900;233.34
01295;EER non démarré;15/05/2026;—;1000009901;693.60
06744;EER non démarré;15/05/2026;—;1000009910;258.89
06744;EER non démarré;15/05/2026;—;1000009911;390.59
05326;EER démarré;15/05/2026;d34b794b;1000009920;885.07
05326;EER démarré;15/05/2026;f7228c4c;1000009921;655.80
08421;EER validé;15/05/2026;8cc1b9b4;1000009930;916.97
08421;EER validé;15/05/2026;fc489711;1000009931;621.58
06744;EER non démarré;15/05/2026;—;1000009940;865.53
06744;EER non démarré;15/05/2026;—;1000009941;927.73
02034;EER non démarré;15/05/2026;—;1000009950;830.85
02034;EER non démarré;15/05/2026;—;1000009951;912.86
05541;EER validé;15/05/2026;3fd0194f;1000009960;666.58
05541;EER validé;15/05/2026;65cb7b9c;1000009961;404.91
05522;EER validé;15/05/2026;7f276d00;1000009970;819.50
05522;EER validé;15/05/2026;6ab8595d;1000009971;966.46
06449;EER non démarré;15/05/2026;—;1000009980;159.70
06449;EER non démarré;15/05/2026;—;1000009981;260.64
08135;EER non démarré;15/05/2026;—;1000009990;952.79
08135;EER non démarré;15/05/2026;—;1000009991;876.90
09940;EER validé;15/05/2026;3c3e783b;1000010000;591.70
09940;EER validé;15/05/2026;28fea19c;1000010001;722.30
03054;EER non démarré;15/05/2026;—;1000010010;741.44
03054;EER non démarré;15/05/2026;—;1000010011;696.55
06591;EER non démarré;15/05/2026;—;1000010020;140.80
06591;EER non démarré;15/05/2026;—;1000010021;749.67
09238;EER non démarré;15/05/2026;—;1000010030;960.72
09238;EER non démarré;15/05/2026;—;1000010031;280.04
06744;EER validé;15/05/2026;795108aa;1000010040;714.47
06744;EER validé;15/05/2026;0f0d4050;1000010041;214.31
06260;EER non démarré;15/05/2026;—;1000010050;602.40
06260;EER non démarré;15/05/2026;—;1000010051;951.47
01898;EER non démarré;15/05/2026;—;1000010060;754.99
01898;EER non démarré;15/05/2026;—;1000010061;857.49
07386;EER validé;15/05/2026;d9d6992e;1000010070;484.54
07386;EER validé;15/05/2026;1eaea716;1000010071;985.75
04169;EER validé;15/05/2026;0a02905e;1000010080;796.68
04169;EER validé;15/05/2026;13e66b75;1000010081;254.77
03940;EER non démarré;15/05/2026;—;1000010090;368.36
03940;EER non démarré;15/05/2026;—;1000010091;511.97
07207;EER non démarré;15/05/2026;—;1000010100;501.76
07207;EER non démarré;15/05/2026;—;1000010101;686.45
06044;EER validé;15/05/2026;4ceb0c24;1000010110;625.31
06044;EER validé;15/05/2026;491d49df;1000010111;815.24
06744;EER non démarré;15/05/2026;—;1000010120;955.68
06744;EER non démarré;15/05/2026;—;1000010121;430.40
04883;EER validé;15/05/2026;55d8ebbc;1000010130;302.47
04883;EER validé;15/05/2026;f85e7c6e;1000010131;389.36
05667;EER validé;15/05/2026;553f36d6;1000010140;898.69
05667;EER validé;15/05/2026;4bf23844;1000010141;367.68
04579;EER validé;15/05/2026;28ef66dc;1000010150;414.79
04579;EER validé;15/05/2026;77636177;1000010151;552.17
00933;EER non démarré;15/05/2026;—;1000010160;109.92
00933;EER non démarré;15/05/2026;—;1000010161;705.16
03366;EER non démarré;15/05/2026;—;1000010170;819.45
03366;EER non démarré;15/05/2026;—;1000010171;779.71
05675;EER non démarré;15/05/2026;—;1000010180;100.47
05675;EER non démarré;15/05/2026;—;1000010181;409.57
06490;EER démarré;15/05/2026;f640ec07;1000010190;699.23
06490;EER démarré;15/05/2026;7d5e9e0a;1000010191;246.38
06744;EER validé;15/05/2026;6cab995b;1000010200;499.28
06744;EER validé;15/05/2026;0d75a211;1000010201;920.34
08904;EER validé;15/05/2026;94396e8e;1000010210;167.53
08904;EER validé;15/05/2026;656255f8;1000010211;136.94
08048;EER validé;15/05/2026;9f553a11;1000010220;450.18
08048;EER validé;15/05/2026;10a16aff;1000010221;111.28
09917;EER démarré;15/05/2026;fc43b7a0;1000010230;988.40
09917;EER démarré;15/05/2026;e749cc7b;1000010231;706.78
08041;EER validé;15/05/2026;26a5e78d;1000010240;611.60
08041;EER validé;15/05/2026;b342a4f3;1000010241;645.41
06794;EER validé;15/05/2026;89c9b09a;1000010250;606.59
06794;EER validé;15/05/2026;71c8aa49;1000010251;771.31
01675;EER non démarré;15/05/2026;—;1000010260;801.59
01675;EER non démarré;15/05/2026;—;1000010261;931.82
08853;EER validé;15/05/2026;c9afb596;1000010270;753.51
08853;EER validé;15/05/2026;d2491b89;1000010271;771.82
06360;EER validé;15/05/2026;9f3381a2;1000010280;777.78
06360;EER validé;15/05/2026;8af1bfa4;1000010281;888.70
01449;EER non démarré;15/05/2026;—;1000010290;971.27
01449;EER non démarré;15/05/2026;—;1000010291;189.16
08342;EER non démarré;15/05/2026;—;1000010300;503.91
08342;EER non démarré;15/05/2026;—;1000010301;322.57
09238;EER non démarré;15/05/2026;—;1000010310;387.47
09238;EER non démarré;15/05/2026;—;1000010311;146.96
02897;EER validé;15/05/2026;70ca8e56;1000010320;558.39
02897;EER validé;15/05/2026;cd44fe96;1000010321;445.37
07674;EER non démarré;15/05/2026;—;1000010330;568.79
07674;EER non démarré;15/05/2026;—;1000010331;927.83
00685;EER validé;15/05/2026;1d3a7d2b;1000010340;453.60
00685;EER validé;15/05/2026;d093df12;1000010341;597.69
04741;EER validé;15/05/2026;754d4e32;1000010350;454.57
04741;EER validé;15/05/2026;35bb997c;1000010351;803.65
07386;EER validé;15/05/2026;9b8a3415;1000010360;129.32
07386;EER validé;15/05/2026;ac7764e2;1000010361;457.05
09238;EER non démarré;15/05/2026;—;1000010370;612.85
09238;EER non démarré;15/05/2026;—;1000010371;674.37
03910;EER démarré;15/05/2026;32d58949;1000010380;126.89
03910;EER démarré;15/05/2026;22582031;1000010381;574.52
01036;EER non démarré;15/05/2026;—;1000010390;537.29
01036;EER non démarré;15/05/2026;—;1000010391;251.22
03419;EER validé;15/05/2026;1701da3f;1000010400;560.06
03419;EER validé;15/05/2026;b446ddf0;1000010401;878.56
07268;EER validé;15/05/2026;b156e9c6;1000010410;379.54
07268;EER validé;15/05/2026;a75d547f;1000010411;386.38
07293;EER validé;15/05/2026;2e171721;1000010420;379.10
07293;EER validé;15/05/2026;98fd7f3c;1000010421;884.71
05868;EER démarré;15/05/2026;0bf8124e;1000010430;100.87
05868;EER démarré;15/05/2026;8686da98;1000010431;126.41
08414;EER non démarré;15/05/2026;—;1000010440;775.37
08414;EER non démarré;15/05/2026;—;1000010441;536.20
06641;EER non démarré;15/05/2026;—;1000010450;693.40
06641;EER non démarré;15/05/2026;—;1000010451;999.40
03366;EER non démarré;15/05/2026;—;1000010460;508.52
03366;EER non démarré;15/05/2026;—;1000010461;760.83
04100;EER validé;15/05/2026;999cb75b;1000010470;388.64
04100;EER validé;15/05/2026;ca0ab774;1000010471;189.44
06744;EER validé;15/05/2026;c5aa8182;1000010480;101.40
06744;EER validé;15/05/2026;cd0fc42f;1000010481;124.34
05995;EER validé;15/05/2026;b1defc1f;1000010490;903.25
05995;EER validé;15/05/2026;195136e8;1000010491;580.94
05090;EER non démarré;15/05/2026;—;1000010500;820.69
05090;EER non démarré;15/05/2026;—;1000010501;920.28
06111;EER non démarré;15/05/2026;—;1000010510;299.31
06111;EER non démarré;15/05/2026;—;1000010511;413.82
07286;EER validé;15/05/2026;01c72103;1000010520;158.34
07286;EER validé;15/05/2026;4c7960e6;1000010521;229.32
00697;EER validé;15/05/2026;c3980117;1000010530;955.75
00697;EER validé;15/05/2026;8f6ecc9a;1000010531;834.35
07831;EER non démarré;15/05/2026;—;1000010540;745.09
07831;EER non démarré;15/05/2026;—;1000010541;787.13
07125;EER non démarré;15/05/2026;—;1000010550;544.07
07125;EER non démarré;15/05/2026;—;1000010551;145.40
05898;EER démarré;15/05/2026;d11e7b42;1000010560;444.53
05898;EER démarré;15/05/2026;29989591;1000010561;227.40
06744;EER non démarré;15/05/2026;—;1000010570;856.49
06744;EER non démarré;15/05/2026;—;1000010571;281.28
09238;EER validé;15/05/2026;76c377e3;1000010580;171.26
09238;EER validé;15/05/2026;bab64c34;1000010581;589.22
09238;EER validé;15/05/2026;c4e870f2;1000010590;902.77
09238;EER validé;15/05/2026;41fd84e9;1000010591;711.83
04169;EER non démarré;15/05/2026;—;1000010600;807.51
04169;EER non démarré;15/05/2026;—;1000010601;165.50
06556;EER validé;15/05/2026;bddb3958;1000010610;879.24
06556;EER validé;15/05/2026;5f2b3658;1000010611;167.42
09238;EER non démarré;15/05/2026;—;1000010620;172.98
09238;EER non démarré;15/05/2026;—;1000010621;686.79
06184;EER validé;15/05/2026;903fff66;1000010630;420.62
06184;EER validé;15/05/2026;0a01abfb;1000010631;799.84
09238;EER non démarré;15/05/2026;—;1000010640;976.10
09238;EER non démarré;15/05/2026;—;1000010641;456.90
00386;EER démarré;15/05/2026;3bc2d31d;1000010650;293.36
00386;EER démarré;15/05/2026;93cb1fa2;1000010651;346.23
03940;EER non démarré;15/05/2026;—;1000010660;455.11
03940;EER non démarré;15/05/2026;—;1000010661;245.50
09238;EER non démarré;15/05/2026;—;1000010670;319.97
09238;EER non démarré;15/05/2026;—;1000010671;566.51
08414;EER démarré;15/05/2026;ee0aacd5;1000010680;769.66
08414;EER démarré;15/05/2026;6a71c553;1000010681;742.88
01011;EER validé;15/05/2026;3cc9c5f5;1000010690;382.40
01011;EER validé;15/05/2026;b8e6d192;1000010691;752.69
05027;EER validé;15/05/2026;388d7439;1000010700;544.47
05027;EER validé;15/05/2026;c7729d04;1000010701;120.77
04704;EER non démarré;15/05/2026;—;1000010710;618.50
04704;EER non démarré;15/05/2026;—;1000010711;544.96
07782;EER validé;15/05/2026;4b2847e3;1000010720;975.79
07782;EER validé;15/05/2026;ca9ff181;1000010721;223.93
09238;EER validé;15/05/2026;b2d41127;1000010730;272.74
09238;EER validé;15/05/2026;77a6aaab;1000010731;931.83
04456;EER validé;15/05/2026;73aca360;1000010740;712.85
04456;EER validé;15/05/2026;f1d7f679;1000010741;823.06
07391;EER non démarré;15/05/2026;—;1000010750;679.80
07391;EER non démarré;15/05/2026;—;1000010751;284.23
01531;EER validé;15/05/2026;75618726;1000010760;454.70
01531;EER validé;15/05/2026;97bcf6e4;1000010761;927.52
09408;EER non démarré;15/05/2026;—;1000010770;927.91
09408;EER non démarré;15/05/2026;—;1000010771;620.64
06867;EER non démarré;15/05/2026;—;1000010780;757.92
06867;EER non démarré;15/05/2026;—;1000010781;760.43
07928;EER validé;15/05/2026;532038f0;1000010790;915.12
07928;EER validé;15/05/2026;6594f896;1000010791;463.08
05682;EER validé;15/05/2026;d8e91b5b;1000010800;728.69
05682;EER validé;15/05/2026;88ec0e97;1000010801;133.36
06662;EER non démarré;15/05/2026;—;1000010810;594.16
06662;EER non démarré;15/05/2026;—;1000010811;599.71
05270;EER rejeté;15/05/2026;390457f9;1000010820;946.51
05270;EER rejeté;15/05/2026;3c5e9ba0;1000010821;244.14
09885;EER non démarré;15/05/2026;—;1000010830;327.83
09885;EER non démarré;15/05/2026;—;1000010831;428.81
00819;EER validé;15/05/2026;1831da33;1000010840;740.84
00819;EER validé;15/05/2026;5dbdf5b6;1000010841;927.04
03940;EER validé;15/05/2026;a4b0a1b6;1000010850;691.15
03940;EER validé;15/05/2026;94d89d53;1000010851;865.11
00432;EER validé;15/05/2026;080e8637;1000010860;215.20
00432;EER validé;15/05/2026;efdb4057;1000010861;717.47
01864;EER validé;15/05/2026;de1d3fcf;1000010870;540.15
01864;EER validé;15/05/2026;b30b82c1;1000010871;452.65
02938;EER non démarré;15/05/2026;—;1000010880;755.41
02938;EER non démarré;15/05/2026;—;1000010881;421.50
08048;EER non démarré;15/05/2026;—;1000010890;401.72
08048;EER non démarré;15/05/2026;—;1000010891;870.06
09238;EER non démarré;15/05/2026;—;1000010900;913.54
09238;EER non démarré;15/05/2026;—;1000010901;425.73
09238;EER non démarré;15/05/2026;—;1000010910;971.71
09238;EER non démarré;15/05/2026;—;1000010911;625.12
00832;EER non démarré;15/05/2026;—;1000010920;313.64
00832;EER non démarré;15/05/2026;—;1000010921;768.27
05522;EER non démarré;15/05/2026;—;1000010930;712.16
05522;EER non démarré;15/05/2026;—;1000010931;462.77
06744;EER non démarré;15/05/2026;—;1000010940;303.43
06744;EER non démarré;15/05/2026;—;1000010941;927.82
06772;EER non démarré;15/05/2026;—;1000010950;839.52
06772;EER non démarré;15/05/2026;—;1000010951;471.41
00298;EER validé;15/05/2026;dcc12719;1000010960;635.79
00298;EER validé;15/05/2026;e8c05b05;1000010961;648.55
03609;EER validé;15/05/2026;15491e6e;1000010970;734.94
03609;EER validé;15/05/2026;130e6f00;1000010971;791.09
06744;EER validé;15/05/2026;e4c118e7;1000010980;889.39
06744;EER validé;15/05/2026;01035ccc;1000010981;643.11
07696;EER non démarré;15/05/2026;—;1000010990;446.05
07696;EER non démarré;15/05/2026;—;1000010991;293.69
09221;EER validé;15/05/2026;e96bd16d;1000011000;125.99
09221;EER validé;15/05/2026;6da77a0b;1000011001;929.28
09238;EER non démarré;15/05/2026;—;1000011010;878.83
09238;EER non démarré;15/05/2026;—;1000011011;704.02
05027;EER non démarré;15/05/2026;—;1000011020;752.64
05027;EER non démarré;15/05/2026;—;1000011021;710.51
01192;EER démarré;15/05/2026;03c61e14;1000011030;879.21
01192;EER démarré;15/05/2026;38a22251;1000011031;834.44
09238;EER validé;15/05/2026;a6d7fdfe;1000011040;179.27
09238;EER validé;15/05/2026;b7f566e6;1000011041;754.73
02622;EER non démarré;15/05/2026;—;1000011050;722.08
02622;EER non démarré;15/05/2026;—;1000011051;776.11
02573;EER validé;15/05/2026;89b06591;1000011060;168.71
02573;EER validé;15/05/2026;086968e4;1000011061;592.73
06744;EER validé;15/05/2026;f51e472e;1000011070;972.20
06744;EER validé;15/05/2026;9414b402;1000011071;186.16
05027;EER non démarré;15/05/2026;—;1000011080;972.05
05027;EER non démarré;15/05/2026;—;1000011081;670.84
05326;EER non démarré;15/05/2026;—;1000011090;348.86
05326;EER non démarré;15/05/2026;—;1000011091;417.68
03992;EER non démarré;15/05/2026;—;1000011100;991.42
03992;EER non démarré;15/05/2026;—;1000011101;934.91
06213;EER validé;15/05/2026;0aba8723;1000011110;288.47
06213;EER validé;15/05/2026;045de4b2;1000011111;988.75
05326;EER validé;15/05/2026;4d600c27;1000011120;956.62
05326;EER validé;15/05/2026;63832619;1000011121;499.12
03609;EER non démarré;15/05/2026;—;1000011130;315.03
03609;EER non démarré;15/05/2026;—;1000011131;608.06
00497;EER rejeté;15/05/2026;579fa809;1000011140;229.68
00497;EER rejeté;15/05/2026;f257bc76;1000011141;309.82
06744;EER non démarré;15/05/2026;—;1000011150;978.69
06744;EER non démarré;15/05/2026;—;1000011151;757.82
01861;EER démarré;15/05/2026;35540575;1000011160;139.79
01861;EER démarré;15/05/2026;44ceb40a;1000011161;346.65
05575;EER validé;15/05/2026;56dbc10b;1000011170;729.82
05575;EER validé;15/05/2026;c833f5e6;1000011171;752.11
07627;EER validé;15/05/2026;2e8adb9e;1000011180;950.32
07627;EER validé;15/05/2026;85946674;1000011181;814.85
00386;EER non démarré;15/05/2026;—;1000011190;177.83
00386;EER non démarré;15/05/2026;—;1000011191;305.64
09238;EER non démarré;15/05/2026;—;1000011200;811.98
09238;EER non démarré;15/05/2026;—;1000011201;639.49
09238;EER validé;15/05/2026;8c683ca3;1000011210;405.92
09238;EER validé;15/05/2026;169f0093;1000011211;420.74
05722;EER validé;15/05/2026;c4ada82e;1000011220;220.51
05722;EER validé;15/05/2026;9d8fd3af;1000011221;947.90
08177;EER non démarré;15/05/2026;—;1000011230;797.30
08177;EER non démarré;15/05/2026;—;1000011231;218.95
05443;EER non démarré;15/05/2026;—;1000011240;966.24
05443;EER non démarré;15/05/2026;—;1000011241;467.07
09408;EER non démarré;15/05/2026;—;1000011250;276.14
09408;EER non démarré;15/05/2026;—;1000011251;456.88
08342;EER non démarré;15/05/2026;—;1000011260;375.80
08342;EER non démarré;15/05/2026;—;1000011261;665.14
09238;EER non démarré;14/05/2026;—;1000011270;208.25
09238;EER non démarré;14/05/2026;—;1000011271;570.74
05326;EER non démarré;14/05/2026;—;1000011280;705.03
05326;EER non démarré;14/05/2026;—;1000011281;177.28
05675;EER démarré;14/05/2026;5b7dad6c;1000011290;974.62
05675;EER démarré;14/05/2026;f1c20c6d;1000011291;537.19
00179;EER non démarré;14/05/2026;—;1000011300;631.35
00179;EER non démarré;14/05/2026;—;1000011301;232.25
00570;EER démarré;14/05/2026;9b7169ac;1000011310;236.33
00570;EER démarré;14/05/2026;b5ad7638;1000011311;616.48
02328;EER non démarré;14/05/2026;—;1000011320;384.33
02328;EER non démarré;14/05/2026;—;1000011321;609.85
03161;EER non démarré;14/05/2026;—;1000011330;398.33
03161;EER non démarré;14/05/2026;—;1000011331;939.81
00114;EER non démarré;14/05/2026;—;1000011340;356.66
00114;EER non démarré;14/05/2026;—;1000011341;508.75
09238;EER démarré;14/05/2026;34bef6b4;1000011350;319.30
09238;EER démarré;14/05/2026;c74c6d28;1000011351;291.15
05300;EER non démarré;14/05/2026;—;1000011360;397.04
05300;EER non démarré;14/05/2026;—;1000011361;795.44
05522;EER validé;14/05/2026;0b0957bd;1000011370;825.16
05522;EER validé;14/05/2026;91bc8d9f;1000011371;893.89
05326;EER validé;14/05/2026;c51d52c1;1000011380;964.67
05326;EER validé;14/05/2026;34827433;1000011381;513.23
00386;EER validé;14/05/2026;b8c02f56;1000011390;723.70
00386;EER validé;14/05/2026;a8150447;1000011391;237.39
03940;EER démarré;14/05/2026;62fe2ac0;1000011400;811.33
03940;EER démarré;14/05/2026;7e940118;1000011401;325.82
08546;EER non démarré;14/05/2026;—;1000011410;628.82
08546;EER non démarré;14/05/2026;—;1000011411;862.56
00818;EER validé;14/05/2026;d25d72eb;1000011420;617.29
00818;EER validé;14/05/2026;6f16841e;1000011421;441.61
03231;EER rejeté;14/05/2026;52ffd849;1000011430;377.48
03231;EER rejeté;14/05/2026;6787cc98;1000011431;596.42
00674;EER non démarré;14/05/2026;—;1000011440;383.44
00674;EER non démarré;14/05/2026;—;1000011441;468.29
05769;EER non démarré;14/05/2026;—;1000011450;436.51
05769;EER non démarré;14/05/2026;—;1000011451;364.34
07111;EER validé;14/05/2026;57a0eb63;1000011460;494.18
07111;EER validé;14/05/2026;e0d00546;1000011461;867.40
03940;EER non démarré;14/05/2026;—;1000011470;667.76
03940;EER non démarré;14/05/2026;—;1000011471;196.98
05651;EER non démarré;14/05/2026;—;1000011480;548.60
05651;EER non démarré;14/05/2026;—;1000011481;507.33
06744;EER validé;14/05/2026;c25e24a3;1000011490;480.49
06744;EER validé;14/05/2026;2db4dc7f;1000011491;294.55
09238;EER validé;14/05/2026;7c7ba528;1000011500;448.45
09238;EER validé;14/05/2026;4a8371d8;1000011501;531.28
01655;EER validé;14/05/2026;72f70d50;1000011510;935.91
01655;EER validé;14/05/2026;309c6ed4;1000011511;351.61
04781;EER non démarré;14/05/2026;—;1000011520;469.29
04781;EER non démarré;14/05/2026;—;1000011521;469.19
09731;EER validé;14/05/2026;e771f671;1000011530;984.84
09731;EER validé;14/05/2026;22e9d45b;1000011531;701.12
03286;EER validé;14/05/2026;57d20a6e;1000011540;763.61
03286;EER validé;14/05/2026;94ac2920;1000011541;740.61
07152;EER validé;14/05/2026;2bf70222;1000011550;693.53
07152;EER validé;14/05/2026;b17e3064;1000011551;350.98
02191;EER validé;14/05/2026;8332e662;1000011560;325.52
02191;EER validé;14/05/2026;be6ae1f7;1000011561;597.61
09238;EER non démarré;14/05/2026;—;1000011570;364.26
09238;EER non démarré;14/05/2026;—;1000011571;360.29
06435;EER non démarré;14/05/2026;—;1000011580;888.40
06435;EER non démarré;14/05/2026;—;1000011581;590.72
06591;EER non démarré;14/05/2026;—;1000011590;440.13
06591;EER non démarré;14/05/2026;—;1000011591;394.36
07627;EER non démarré;14/05/2026;—;1000011600;468.60
07627;EER non démarré;14/05/2026;—;1000011601;303.66
06744;EER validé;14/05/2026;bdaa95e2;1000011610;871.99
06744;EER validé;14/05/2026;9c2e0918;1000011611;459.26
08001;EER validé;14/05/2026;b03b479b;1000011620;342.47
08001;EER validé;14/05/2026;315a6946;1000011621;816.84
09110;EER non démarré;14/05/2026;—;1000011630;780.40
09110;EER non démarré;14/05/2026;—;1000011631;176.86
05955;EER validé;14/05/2026;edeeba66;1000011640;584.75
05955;EER validé;14/05/2026;484aa8c9;1000011641;542.78
04588;EER non démarré;14/05/2026;—;1000011650;610.95
04588;EER non démarré;14/05/2026;—;1000011651;451.11
09985;EER validé;14/05/2026;6440a52a;1000011660;604.88
09985;EER validé;14/05/2026;f25cb573;1000011661;188.60
03910;EER non démarré;14/05/2026;—;1000011670;457.91
03910;EER non démarré;14/05/2026;—;1000011671;713.06
01484;EER non démarré;14/05/2026;—;1000011680;531.82
01484;EER non démarré;14/05/2026;—;1000011681;224.59
07972;EER démarré;14/05/2026;6d49330c;1000011690;925.03
07972;EER démarré;14/05/2026;08263ea2;1000011691;721.02
07472;EER non démarré;14/05/2026;—;1000011700;469.74
07472;EER non démarré;14/05/2026;—;1000011701;691.37
08349;EER non démarré;14/05/2026;—;1000011710;123.18
08349;EER non démarré;14/05/2026;—;1000011711;147.26
05925;EER validé;14/05/2026;d4513523;1000011720;778.09
05925;EER validé;14/05/2026;83f06faa;1000011721;221.13
09238;EER validé;14/05/2026;7e5b807b;1000011730;375.44
09238;EER validé;14/05/2026;8a3d41f4;1000011731;861.44
08342;EER non démarré;14/05/2026;—;1000011740;857.19
08342;EER non démarré;14/05/2026;—;1000011741;351.72
09238;EER non démarré;14/05/2026;—;1000011750;733.65
09238;EER non démarré;14/05/2026;—;1000011751;489.12
06794;EER validé;14/05/2026;71c45794;1000011760;898.35
06794;EER validé;14/05/2026;9111eb61;1000011761;296.36
02230;EER validé;14/05/2026;c6a7f336;1000011770;824.22
02230;EER validé;14/05/2026;9f5c8a8d;1000011771;710.51
09985;EER validé;14/05/2026;ad22f080;1000011780;673.53
09985;EER validé;14/05/2026;a2421c01;1000011781;704.87
05932;EER non démarré;14/05/2026;—;1000011790;778.72
05932;EER non démarré;14/05/2026;—;1000011791;470.76
09238;EER validé;14/05/2026;7e2d1c45;1000011800;272.83
09238;EER validé;14/05/2026;1b45803b;1000011801;467.57
03381;EER non démarré;14/05/2026;—;1000011810;410.23
03381;EER non démarré;14/05/2026;—;1000011811;195.63
00438;EER non démarré;14/05/2026;—;1000011820;956.65
00438;EER non démarré;14/05/2026;—;1000011821;166.49
00386;EER non démarré;14/05/2026;—;1000011830;192.67
00386;EER non démarré;14/05/2026;—;1000011831;948.70
03940;EER non démarré;14/05/2026;—;1000011840;192.83
03940;EER non démarré;14/05/2026;—;1000011841;711.84
01588;EER rejeté;14/05/2026;5d5f5f72;1000011850;334.08
01588;EER rejeté;14/05/2026;502992f8;1000011851;234.02
08445;EER validé;14/05/2026;5e494d6f;1000011860;946.17
08445;EER validé;14/05/2026;bd18417c;1000011861;539.31
07386;EER non démarré;14/05/2026;—;1000011870;562.04
07386;EER non démarré;14/05/2026;—;1000011871;788.88
07134;EER démarré;14/05/2026;500f1d9a;1000011880;892.82
07134;EER démarré;14/05/2026;a66ceeed;1000011881;799.89
02639;EER non démarré;14/05/2026;—;1000011890;495.83
02639;EER non démarré;14/05/2026;—;1000011891;475.86
08414;EER non démarré;14/05/2026;—;1000011900;998.22
08414;EER non démarré;14/05/2026;—;1000011901;682.95
02685;EER non démarré;14/05/2026;—;1000011910;616.96
02685;EER non démarré;14/05/2026;—;1000011911;527.37
03863;EER validé;14/05/2026;62c33c8c;1000011920;637.16
03863;EER validé;14/05/2026;e5317ec7;1000011921;182.42
07690;EER non démarré;14/05/2026;—;1000011930;687.76
07690;EER non démarré;14/05/2026;—;1000011931;878.08
06661;EER validé;14/05/2026;206543da;1000011940;380.12
06661;EER validé;14/05/2026;a8a17cf9;1000011941;469.23
07125;EER non démarré;14/05/2026;—;1000011950;362.82
07125;EER non démarré;14/05/2026;—;1000011951;598.46
06111;EER rejeté;14/05/2026;b2497151;1000011960;204.22
06111;EER rejeté;14/05/2026;ca32822a;1000011961;444.50
01984;EER validé;14/05/2026;0c77917c;1000011970;858.20
01984;EER validé;14/05/2026;b92782c2;1000011971;732.73
09931;EER non démarré;14/05/2026;—;1000011980;675.41
09931;EER non démarré;14/05/2026;—;1000011981;605.88
04186;EER non démarré;14/05/2026;—;1000011990;451.28
04186;EER non démarré;14/05/2026;—;1000011991;218.36
02573;EER non démarré;14/05/2026;—;1000012000;405.75
02573;EER non démarré;14/05/2026;—;1000012001;454.46
09634;EER non démarré;14/05/2026;—;1000012010;351.46
09634;EER non démarré;14/05/2026;—;1000012011;275.28
07516;EER non démarré;14/05/2026;—;1000012020;835.51
07516;EER non démarré;14/05/2026;—;1000012021;384.13
08818;EER validé;14/05/2026;50333e9f;1000012030;807.43
08818;EER validé;14/05/2026;37f8aacd;1000012031;949.64
06979;EER non démarré;14/05/2026;—;1000012040;126.04
06979;EER non démarré;14/05/2026;—;1000012041;752.36
05573;EER validé;14/05/2026;a342ce84;1000012050;290.98
05573;EER validé;14/05/2026;7ecf19c4;1000012051;263.96
04111;EER validé;14/05/2026;8566ff27;1000012060;509.33
04111;EER validé;14/05/2026;354d50d0;1000012061;962.01
00386;EER non démarré;14/05/2026;—;1000012070;690.96
00386;EER non démarré;14/05/2026;—;1000012071;477.29
09238;EER validé;14/05/2026;6486ee70;1000012080;240.98
09238;EER validé;14/05/2026;24157526;1000012081;377.68
05522;EER validé;14/05/2026;53d69df8;1000012090;918.75
05522;EER validé;14/05/2026;8f1c9354;1000012091;583.91
09524;EER non démarré;14/05/2026;—;1000012100;762.48
09524;EER non démarré;14/05/2026;—;1000012101;728.43
03609;EER rejeté;14/05/2026;3cc49b5a;1000012110;951.73
03609;EER rejeté;14/05/2026;456917eb;1000012111;355.58
02496;EER validé;14/05/2026;6ac39bd7;1000012120;700.29
02496;EER validé;14/05/2026;c58809b0;1000012121;978.89
09238;EER validé;14/05/2026;d92a7938;1000012130;694.78
09238;EER validé;14/05/2026;3b9e1239;1000012131;835.97
06744;EER non démarré;14/05/2026;—;1000012140;177.15
06744;EER non démarré;14/05/2026;—;1000012141;887.67
02856;EER non démarré;14/05/2026;—;1000012150;209.77
02856;EER non démarré;14/05/2026;—;1000012151;556.48
02055;EER non démarré;14/05/2026;—;1000012160;749.02
02055;EER non démarré;14/05/2026;—;1000012161;708.50
00386;EER non démarré;14/05/2026;—;1000012170;591.29
00386;EER non démarré;14/05/2026;—;1000012171;231.52
02844;EER validé;14/05/2026;a6ffe0fb;1000012180;233.58
02844;EER validé;14/05/2026;4047a0a2;1000012181;340.99
02856;EER non démarré;14/05/2026;—;1000012190;543.36
02856;EER non démarré;14/05/2026;—;1000012191;836.55
05027;EER non démarré;14/05/2026;—;1000012200;536.14
05027;EER non démarré;14/05/2026;—;1000012201;485.72
08621;EER validé;14/05/2026;864a7ab9;1000012210;830.53
08621;EER validé;14/05/2026;bdbf05c6;1000012211;759.73
06744;EER non démarré;14/05/2026;—;1000012220;990.06
06744;EER non démarré;14/05/2026;—;1000012221;195.97
01984;EER validé;14/05/2026;6aaa2c59;1000012230;754.28
01984;EER validé;14/05/2026;df42633a;1000012231;728.86
06744;EER non démarré;14/05/2026;—;1000012240;214.08
06744;EER non démarré;14/05/2026;—;1000012241;499.61
03302;EER non démarré;14/05/2026;—;1000012250;714.29
03302;EER non démarré;14/05/2026;—;1000012251;491.36
06255;EER validé;14/05/2026;3796748c;1000012260;582.58
06255;EER validé;14/05/2026;be22e15b;1000012261;637.15
06744;EER validé;14/05/2026;e5efb61d;1000012270;536.36
06744;EER validé;14/05/2026;5ff90672;1000012271;613.64
03863;EER validé;14/05/2026;5684d84f;1000012280;447.77
03863;EER validé;14/05/2026;3d034ff7;1000012281;311.45
06592;EER non démarré;14/05/2026;—;1000012290;775.89
06592;EER non démarré;14/05/2026;—;1000012291;210.54
09276;EER non démarré;14/05/2026;—;1000012300;377.34
09276;EER non démarré;14/05/2026;—;1000012301;131.12
08144;EER démarré;14/05/2026;8767ebbb;1000012310;740.09
08144;EER démarré;14/05/2026;39645b64;1000012311;682.75
08163;EER non démarré;14/05/2026;—;1000012320;678.29
08163;EER non démarré;14/05/2026;—;1000012321;177.57
09238;EER démarré;14/05/2026;823fbbcf;1000012330;135.29
09238;EER démarré;14/05/2026;ffe65b96;1000012331;246.63
09238;EER non démarré;14/05/2026;—;1000012340;425.09
09238;EER non démarré;14/05/2026;—;1000012341;501.92
00349;EER non démarré;14/05/2026;—;1000012350;104.86
00349;EER non démarré;14/05/2026;—;1000012351;462.33
09238;EER non démarré;14/05/2026;—;1000012360;803.87
09238;EER non démarré;14/05/2026;—;1000012361;529.56
07286;EER validé;14/05/2026;799a2331;1000012370;101.69
07286;EER validé;14/05/2026;4970dbc9;1000012371;395.20
00709;EER validé;14/05/2026;7d2c96aa;1000012380;180.69
00709;EER validé;14/05/2026;dac10b7d;1000012381;266.23
09238;EER validé;14/05/2026;cb593a0b;1000012390;328.50
09238;EER validé;14/05/2026;3ac9dc17;1000012391;421.84
09238;EER non démarré;14/05/2026;—;1000012400;941.66
09238;EER non démarré;14/05/2026;—;1000012401;402.74
06744;EER non démarré;14/05/2026;—;1000012410;357.64
06744;EER non démarré;14/05/2026;—;1000012411;283.47
00135;EER validé;14/05/2026;999da1a1;1000012420;141.42
00135;EER validé;14/05/2026;2a1a3e81;1000012421;799.05
06744;EER non démarré;14/05/2026;—;1000012430;655.50
06744;EER non démarré;14/05/2026;—;1000012431;209.72
09238;EER non démarré;14/05/2026;—;1000012440;661.14
09238;EER non démarré;14/05/2026;—;1000012441;707.23
06744;EER non démarré;14/05/2026;—;1000012450;608.26
06744;EER non démarré;14/05/2026;—;1000012451;454.66
07054;EER validé;14/05/2026;29bc3f0e;1000012460;825.51
07054;EER validé;14/05/2026;53f449dc;1000012461;140.03
06744;EER non démarré;14/05/2026;—;1000012470;944.89
06744;EER non démarré;14/05/2026;—;1000012471;102.19
02496;EER non démarré;14/05/2026;—;1000012480;172.14
02496;EER non démarré;14/05/2026;—;1000012481;902.25
09917;EER validé;14/05/2026;1f7c2899;1000012490;905.65
09917;EER validé;14/05/2026;00fdf66f;1000012491;570.92
05326;EER validé;14/05/2026;6f8f5e98;1000012500;676.11
05326;EER validé;14/05/2026;24dd6db8;1000012501;891.20
09663;EER rejeté;14/05/2026;f48e9f04;1000012510;179.24
09663;EER rejeté;14/05/2026;383c5a0d;1000012511;606.71
09238;EER non démarré;14/05/2026;—;1000012520;676.51
09238;EER non démarré;14/05/2026;—;1000012521;879.72
09238;EER non démarré;14/05/2026;—;1000012530;605.17
09238;EER non démarré;14/05/2026;—;1000012531;270.08
05204;EER non démarré;14/05/2026;—;1000012540;508.32
05204;EER non démarré;14/05/2026;—;1000012541;382.84
00386;EER rejeté;14/05/2026;fea70062;1000012550;694.09
00386;EER rejeté;14/05/2026;bbdd5572;1000012551;574.60
02114;EER non démarré;14/05/2026;—;1000012560;819.79
02114;EER non démarré;14/05/2026;—;1000012561;240.78
07627;EER non démarré;14/05/2026;—;1000012570;621.42
07627;EER non démarré;14/05/2026;—;1000012571;139.93
03419;EER validé;14/05/2026;1e7de043;1000012580;475.27
03419;EER validé;14/05/2026;07472577;1000012581;356.17
06744;EER validé;14/05/2026;9038a409;1000012590;728.61
06744;EER validé;14/05/2026;1fc41a93;1000012591;145.76
01694;EER validé;14/05/2026;d0a78190;1000012600;976.48
01694;EER validé;14/05/2026;8f06bf19;1000012601;471.88
08421;EER validé;14/05/2026;1fcd57b6;1000012610;713.16
08421;EER validé;14/05/2026;9a57536e;1000012611;353.27
08191;EER non démarré;14/05/2026;—;1000012620;173.07
08191;EER non démarré;14/05/2026;—;1000012621;903.63
05332;EER validé;14/05/2026;da15239b;1000012630;689.27
05332;EER validé;14/05/2026;30a79eed;1000012631;968.73
09238;EER validé;14/05/2026;ca465158;1000012640;665.97
09238;EER validé;14/05/2026;64d8b018;1000012641;294.75
07841;EER à rejeter;14/05/2026;c2cdba93;1000012650;602.64
07841;EER à rejeter;14/05/2026;ca0c7f78;1000012651;542.96
07674;EER non démarré;14/05/2026;—;1000012660;513.41
07674;EER non démarré;14/05/2026;—;1000012661;926.21
09238;EER validé;14/05/2026;f80a0998;1000012670;809.57
09238;EER validé;14/05/2026;ab18ef69;1000012671;776.64
05027;EER validé;14/05/2026;6a83f544;1000012680;403.23
05027;EER validé;14/05/2026;aacccb0a;1000012681;571.10
01896;EER non démarré;14/05/2026;—;1000012690;300.53
01896;EER non démarré;14/05/2026;—;1000012691;707.26
06744;EER validé;14/05/2026;ae387d23;1000012700;783.03
06744;EER validé;14/05/2026;1c735993;1000012701;225.66
09238;EER démarré;14/05/2026;af644e73;1000012710;192.75
09238;EER démarré;14/05/2026;14179ec7;1000012711;417.76
03940;EER validé;14/05/2026;435f2c7b;1000012720;181.72
03940;EER validé;14/05/2026;0a299ded;1000012721;798.26
09273;EER validé;14/05/2026;c30e3e0a;1000012730;671.93
09273;EER validé;14/05/2026;c3e25c86;1000012731;296.46
01079;EER non démarré;14/05/2026;—;1000012740;108.18
01079;EER non démarré;14/05/2026;—;1000012741;507.66
05211;EER validé;14/05/2026;0bfed901;1000012750;776.26
05211;EER validé;14/05/2026;3e9cd060;1000012751;427.84
05925;EER validé;14/05/2026;6028a6db;1000012760;926.42
05925;EER validé;14/05/2026;21bcc2a9;1000012761;707.94
07268;EER rejeté;14/05/2026;14762b21;1000012770;496.09
07268;EER rejeté;14/05/2026;dc43edc5;1000012771;401.31
05027;EER validé;14/05/2026;b814bcf0;1000012780;997.22
05027;EER validé;14/05/2026;717035d1;1000012781;687.76
09238;EER validé;14/05/2026;cf937d3f;1000012790;106.80
09238;EER validé;14/05/2026;52455198;1000012791;630.51
04767;EER non démarré;14/05/2026;—;1000012800;128.73
04767;EER non démarré;14/05/2026;—;1000012801;493.73
07627;EER validé;14/05/2026;b8aad028;1000012810;142.73
07627;EER validé;14/05/2026;2e0d68ad;1000012811;290.40
08414;EER non démarré;14/05/2026;—;1000012820;826.87
08414;EER non démarré;14/05/2026;—;1000012821;706.24
09238;EER validé;14/05/2026;cbf83b26;1000012830;591.72
09238;EER validé;14/05/2026;29f4e089;1000012831;729.61
03802;EER non démarré;14/05/2026;—;1000012840;308.64
03802;EER non démarré;14/05/2026;—;1000012841;879.35
03254;EER non démarré;14/05/2026;—;1000012850;451.11
03254;EER non démarré;14/05/2026;—;1000012851;479.28
07853;EER démarré;14/05/2026;69243041;1000012860;290.86
07853;EER démarré;14/05/2026;7facbe1e;1000012861;725.02
05408;EER validé;14/05/2026;0763dfaa;1000012870;537.29
05408;EER validé;14/05/2026;ec096d75;1000012871;803.34
04186;EER validé;14/05/2026;e9615d66;1000012880;647.62
04186;EER validé;14/05/2026;498b390b;1000012881;186.33
02880;EER validé;14/05/2026;24896c36;1000012890;348.56
02880;EER validé;14/05/2026;1a982a0e;1000012891;508.64
09238;EER non démarré;14/05/2026;—;1000012900;110.86
09238;EER non démarré;14/05/2026;—;1000012901;750.93
09238;EER non démarré;14/05/2026;—;1000012910;179.85
09238;EER non démarré;14/05/2026;—;1000012911;857.23
00386;EER non démarré;14/05/2026;—;1000012920;918.92
00386;EER non démarré;14/05/2026;—;1000012921;673.12
00126;EER validé;14/05/2026;bff6606c;1000012930;345.39
00126;EER validé;14/05/2026;51907264;1000012931;684.78
01984;EER non démarré;14/05/2026;—;1000012940;990.10
01984;EER non démarré;14/05/2026;—;1000012941;222.64
09238;EER non démarré;14/05/2026;—;1000012950;918.21
09238;EER non démarré;14/05/2026;—;1000012951;259.11
03364;EER non démarré;14/05/2026;—;1000012960;421.94
03364;EER non démarré;14/05/2026;—;1000012961;264.24
01209;EER validé;14/05/2026;2de96738;1000012970;539.73
01209;EER validé;14/05/2026;2ca786d1;1000012971;551.40
09238;EER non démarré;14/05/2026;—;1000012980;890.84
09238;EER non démarré;14/05/2026;—;1000012981;854.71
06620;EER non démarré;14/05/2026;—;1000012990;983.54
06620;EER non démarré;14/05/2026;—;1000012991;475.06
09238;EER non démarré;14/05/2026;—;1000013000;218.71
09238;EER non démarré;14/05/2026;—;1000013001;911.71
07627;EER non démarré;14/05/2026;—;1000013010;718.23
07627;EER non démarré;14/05/2026;—;1000013011;583.68
04650;EER non démarré;14/05/2026;—;1000013020;826.97
04650;EER non démarré;14/05/2026;—;1000013021;417.89
00936;EER validé;14/05/2026;734f5d9b;1000013030;650.22
00936;EER validé;14/05/2026;697c0e3f;1000013031;943.23
08342;EER démarré;14/05/2026;e48f249b;1000013040;540.36
08342;EER démarré;14/05/2026;79a70257;1000013041;275.24
09273;EER validé;14/05/2026;ad531cb1;1000013050;661.26
09273;EER validé;14/05/2026;09c1a352;1000013051;718.22
03940;EER validé;14/05/2026;5f3940c7;1000013060;828.19
03940;EER validé;14/05/2026;7bc17d6a;1000013061;326.47
07062;EER démarré;14/05/2026;c2c96958;1000013070;708.99
07062;EER démarré;14/05/2026;bb9d7705;1000013071;315.61
09110;EER non démarré;14/05/2026;—;1000013080;524.45
09110;EER non démarré;14/05/2026;—;1000013081;485.26
03863;EER démarré;14/05/2026;f740c86b;1000013090;155.42
03863;EER démarré;14/05/2026;24f3a712;1000013091;534.73
01588;EER rejeté;14/05/2026;1ed5f047;1000013100;928.81
01588;EER rejeté;14/05/2026;b2248cf2;1000013101;293.06
09238;EER validé;14/05/2026;45f079d5;1000013110;845.01
09238;EER validé;14/05/2026;db46b4d7;1000013111;300.18
06591;EER non démarré;14/05/2026;—;1000013120;422.26
06591;EER non démarré;14/05/2026;—;1000013121;491.43
09238;EER non démarré;14/05/2026;—;1000013130;269.03
09238;EER non démarré;14/05/2026;—;1000013131;950.81
03940;EER non démarré;14/05/2026;—;1000013140;326.22
03940;EER non démarré;14/05/2026;—;1000013141;359.31
00135;EER rejeté;14/05/2026;a815e56f;1000013150;529.91
00135;EER rejeté;14/05/2026;dd17683f;1000013151;706.54
05884;EER démarré;14/05/2026;5a110a07;1000013160;495.95
05884;EER démarré;14/05/2026;dccafe9e;1000013161;888.25
04890;EER validé;14/05/2026;dda20e5e;1000013170;606.56
04890;EER validé;14/05/2026;071886f8;1000013171;892.60
09238;EER validé;14/05/2026;d8394894;1000013180;611.96
09238;EER validé;14/05/2026;2fd7adce;1000013181;838.37
09238;EER démarré;14/05/2026;b9c03993;1000013190;226.62
09238;EER démarré;14/05/2026;e39aeb8a;1000013191;623.24
03343;EER validé;14/05/2026;ef6ca521;1000013200;507.88
03343;EER validé;14/05/2026;6cfcef6b;1000013201;606.88
05326;EER non démarré;14/05/2026;—;1000013210;709.61
05326;EER non démarré;14/05/2026;—;1000013211;760.01
09725;EER validé;14/05/2026;5cacd53a;1000013220;286.18
09725;EER validé;14/05/2026;a2f7adbc;1000013221;697.72
00936;EER non démarré;14/05/2026;—;1000013230;639.33
00936;EER non démarré;14/05/2026;—;1000013231;413.97
07286;EER non démarré;14/05/2026;—;1000013240;760.69
07286;EER non démarré;14/05/2026;—;1000013241;858.52
03343;EER validé;14/05/2026;fbf0e49a;1000013250;875.94
03343;EER validé;14/05/2026;0c0fc3aa;1000013251;640.27
02652;EER validé;14/05/2026;18a247c7;1000013260;186.25
02652;EER validé;14/05/2026;9fdfa9c1;1000013261;183.35
06041;EER non démarré;14/05/2026;—;1000013270;655.51
06041;EER non démarré;14/05/2026;—;1000013271;480.02
01192;EER non démarré;14/05/2026;—;1000013280;525.07
01192;EER non démarré;14/05/2026;—;1000013281;753.09
04955;EER démarré;14/05/2026;fec96727;1000013290;212.32
04955;EER démarré;14/05/2026;98af2c7b;1000013291;120.05
07656;EER validé;14/05/2026;aa8fe811;1000013300;388.47
07656;EER validé;14/05/2026;9738eb31;1000013301;392.76
07928;EER non démarré;14/05/2026;—;1000013310;847.52
07928;EER non démarré;14/05/2026;—;1000013311;365.53
05522;EER validé;14/05/2026;b42c54a2;1000013320;773.15
05522;EER validé;14/05/2026;f36ff154;1000013321;715.98
08532;EER validé;14/05/2026;59a045be;1000013330;190.10
08532;EER validé;14/05/2026;6ce3dc12;1000013331;565.55
05326;EER validé;14/05/2026;1b18cac4;1000013340;434.16
05326;EER validé;14/05/2026;48441d9c;1000013341;608.55
02200;EER validé;14/05/2026;0e74dd16;1000013350;223.60
02200;EER validé;14/05/2026;8bbf7f42;1000013351;113.45
04749;EER non démarré;14/05/2026;—;1000013360;536.17
04749;EER non démarré;14/05/2026;—;1000013361;250.73
09238;EER à rejeter;14/05/2026;9b46ac67;1000013370;884.52
09238;EER à rejeter;14/05/2026;8aa1a977;1000013371;264.69
09238;EER validé;14/05/2026;7d90cd6d;1000013380;898.37
09238;EER validé;14/05/2026;d240c53c;1000013381;227.72
03231;EER validé;14/05/2026;64ec647d;1000013390;523.14
03231;EER validé;14/05/2026;527faba8;1000013391;922.80
02886;EER validé;14/05/2026;6b399c12;1000013400;186.01
02886;EER validé;14/05/2026;f566e201;1000013401;769.00
03930;EER démarré;14/05/2026;0c945c3d;1000013410;324.89
03930;EER démarré;14/05/2026;72fbaab6;1000013411;937.31
01800;EER validé;14/05/2026;7cf36807;1000013420;271.83
01800;EER validé;14/05/2026;2c9351d0;1000013421;137.51
07861;EER validé;14/05/2026;8b38ed84;1000013430;830.47
07861;EER validé;14/05/2026;3d9be60d;1000013431;273.69
01192;EER non démarré;14/05/2026;—;1000013440;759.63
01192;EER non démarré;14/05/2026;—;1000013441;522.78
02897;EER non démarré;13/05/2026;—;1000013450;771.09
02897;EER non démarré;13/05/2026;—;1000013451;526.82
01800;EER non démarré;13/05/2026;—;1000013460;477.93
01800;EER non démarré;13/05/2026;—;1000013461;462.72
03999;EER non démarré;13/05/2026;—;1000013470;257.91
03999;EER non démarré;13/05/2026;—;1000013471;667.60
07676;EER validé;13/05/2026;561c4912;1000013480;703.12
07676;EER validé;13/05/2026;274a9a5f;1000013481;646.13
09238;EER non démarré;13/05/2026;—;1000013490;359.81
09238;EER non démarré;13/05/2026;—;1000013491;927.55
02200;EER validé;13/05/2026;c9c6f558;1000013500;640.60
02200;EER validé;13/05/2026;4bb39617;1000013501;251.25
01672;EER non démarré;13/05/2026;—;1000013510;470.84
01672;EER non démarré;13/05/2026;—;1000013511;915.84
05326;EER non démarré;13/05/2026;—;1000013520;984.29
05326;EER non démarré;13/05/2026;—;1000013521;904.18
05403;EER non démarré;13/05/2026;—;1000013530;883.11
05403;EER non démarré;13/05/2026;—;1000013531;228.77
06744;EER non démarré;13/05/2026;—;1000013540;625.28
06744;EER non démarré;13/05/2026;—;1000013541;843.49
06744;EER démarré;13/05/2026;2059a260;1000013550;209.69
06744;EER démarré;13/05/2026;71f33065;1000013551;975.74
01472;EER validé;13/05/2026;1f5a834c;1000013560;988.66
01472;EER validé;13/05/2026;1bbe8e14;1000013561;438.78
02088;EER non démarré;13/05/2026;—;1000013570;184.83
02088;EER non démarré;13/05/2026;—;1000013571;604.52
06804;EER validé;13/05/2026;23a6638c;1000013580;459.53
06804;EER validé;13/05/2026;5efc3753;1000013581;908.58
05484;EER non démarré;13/05/2026;—;1000013590;209.52
05484;EER non démarré;13/05/2026;—;1000013591;422.48
02711;EER non démarré;13/05/2026;—;1000013600;286.56
02711;EER non démarré;13/05/2026;—;1000013601;619.22
03287;EER non démarré;13/05/2026;—;1000013610;495.27
03287;EER non démarré;13/05/2026;—;1000013611;757.06
00892;EER non démarré;13/05/2026;—;1000013620;145.54
00892;EER non démarré;13/05/2026;—;1000013621;823.23
02300;EER validé;13/05/2026;2d9ea4c9;1000013630;158.81
02300;EER validé;13/05/2026;17b7724e;1000013631;399.21
03940;EER validé;13/05/2026;230168b3;1000013640;145.23
03940;EER validé;13/05/2026;42eccf62;1000013641;672.78
08414;EER non démarré;13/05/2026;—;1000013650;488.61
08414;EER non démarré;13/05/2026;—;1000013651;710.89
08173;EER non démarré;13/05/2026;—;1000013660;599.34
08173;EER non démarré;13/05/2026;—;1000013661;401.11
06472;EER validé;13/05/2026;7ccf530a;1000013670;662.37
06472;EER validé;13/05/2026;024f3529;1000013671;914.76
05357;EER validé;13/05/2026;98f19104;1000013680;127.39
05357;EER validé;13/05/2026;9467c611;1000013681;996.49
09238;EER non démarré;13/05/2026;—;1000013690;622.56
09238;EER non démarré;13/05/2026;—;1000013691;978.56
01655;EER non démarré;13/05/2026;—;1000013700;165.57
01655;EER non démarré;13/05/2026;—;1000013701;538.73
05204;EER non démarré;13/05/2026;—;1000013710;165.62
05204;EER non démarré;13/05/2026;—;1000013711;798.03
06239;EER non démarré;13/05/2026;—;1000013720;171.57
06239;EER non démarré;13/05/2026;—;1000013721;354.59
01984;EER validé;13/05/2026;99d5ee85;1000013730;664.49
01984;EER validé;13/05/2026;d125bed9;1000013731;251.64
07054;EER validé;13/05/2026;7be6f221;1000013740;966.18
07054;EER validé;13/05/2026;da6c38ee;1000013741;106.14
04169;EER non démarré;13/05/2026;—;1000013750;749.31
04169;EER non démarré;13/05/2026;—;1000013751;285.90
00818;EER non démarré;13/05/2026;—;1000013760;483.03
00818;EER non démarré;13/05/2026;—;1000013761;824.06
05090;EER non démarré;13/05/2026;—;1000013770;604.51
05090;EER non démarré;13/05/2026;—;1000013771;166.63
00386;EER non démarré;13/05/2026;—;1000013780;852.24
00386;EER non démarré;13/05/2026;—;1000013781;246.90
09238;EER validé;13/05/2026;69af5386;1000013790;963.54
09238;EER validé;13/05/2026;b33a0c04;1000013791;709.34
01588;EER non démarré;13/05/2026;—;1000013800;405.61
01588;EER non démarré;13/05/2026;—;1000013801;676.39
08532;EER démarré;13/05/2026;1856be1a;1000013810;844.45
08532;EER démarré;13/05/2026;036faf5b;1000013811;104.10
04110;EER validé;13/05/2026;ed83adaf;1000013820;401.19
04110;EER validé;13/05/2026;612ed356;1000013821;845.40
01192;EER non démarré;13/05/2026;—;1000013830;984.07
01192;EER non démarré;13/05/2026;—;1000013831;753.69
03343;EER validé;13/05/2026;fdd20dd6;1000013840;366.15
03343;EER validé;13/05/2026;8cdf3adf;1000013841;599.81
04561;EER validé;13/05/2026;266cd7dd;1000013850;222.56
04561;EER validé;13/05/2026;9465b010;1000013851;875.72
06556;EER démarré;13/05/2026;813ad280;1000013860;371.26
06556;EER démarré;13/05/2026;01799389;1000013861;428.85
03784;EER non démarré;13/05/2026;—;1000013870;735.72
03784;EER non démarré;13/05/2026;—;1000013871;102.72
04437;EER non démarré;13/05/2026;—;1000013880;446.06
04437;EER non démarré;13/05/2026;—;1000013881;991.69
04333;EER validé;13/05/2026;d1374afe;1000013890;134.15
04333;EER validé;13/05/2026;91c9fa63;1000013891;598.85
09238;EER non démarré;13/05/2026;—;1000013900;226.40
09238;EER non démarré;13/05/2026;—;1000013901;231.67
04650;EER non démarré;13/05/2026;—;1000013910;879.14
04650;EER non démarré;13/05/2026;—;1000013911;236.79
09238;EER non démarré;13/05/2026;—;1000013920;459.43
09238;EER non démarré;13/05/2026;—;1000013921;658.71
07782;EER non démarré;13/05/2026;—;1000013930;188.28
07782;EER non démarré;13/05/2026;—;1000013931;910.07
09021;EER non démarré;13/05/2026;—;1000013940;361.34
09021;EER non démarré;13/05/2026;—;1000013941;316.58
07472;EER rejeté;13/05/2026;cad26203;1000013950;543.80
07472;EER rejeté;13/05/2026;47c0ef13;1000013951;798.56
05326;EER non démarré;13/05/2026;—;1000013960;955.61
05326;EER non démarré;13/05/2026;—;1000013961;845.42
08492;EER validé;13/05/2026;a51ae3f3;1000013970;924.48
08492;EER validé;13/05/2026;09e42edd;1000013971;915.21
06979;EER validé;13/05/2026;87b185a8;1000013980;144.27
06979;EER validé;13/05/2026;e27e177f;1000013981;802.83
06744;EER non démarré;13/05/2026;—;1000013990;711.75
06744;EER non démarré;13/05/2026;—;1000013991;185.95
09238;EER démarré;13/05/2026;2579a13b;1000014000;834.26
09238;EER démarré;13/05/2026;4958c5bf;1000014001;691.78
00606;EER validé;13/05/2026;462dec02;1000014010;434.81
00606;EER validé;13/05/2026;315cb4c5;1000014011;361.05
00937;EER démarré;13/05/2026;92c363af;1000014020;538.19
00937;EER démarré;13/05/2026;edc73e7a;1000014021;368.43
03418;EER non démarré;13/05/2026;—;1000014030;497.16
03418;EER non démarré;13/05/2026;—;1000014031;312.95
09238;EER non démarré;13/05/2026;—;1000014040;256.74
09238;EER non démarré;13/05/2026;—;1000014041;896.79
08960;EER non démarré;13/05/2026;—;1000014050;539.25
08960;EER non démarré;13/05/2026;—;1000014051;506.32
08414;EER non démarré;13/05/2026;—;1000014060;842.45
08414;EER non démarré;13/05/2026;—;1000014061;146.86
03136;EER démarré;13/05/2026;bd45fffe;1000014070;255.49
03136;EER démarré;13/05/2026;40d95a43;1000014071;533.60
04781;EER non démarré;13/05/2026;—;1000014080;397.04
04781;EER non démarré;13/05/2026;—;1000014081;734.81
05045;EER non démarré;13/05/2026;—;1000014090;920.18
05045;EER non démarré;13/05/2026;—;1000014091;910.78
06744;EER validé;13/05/2026;11dfb222;1000014100;935.46
06744;EER validé;13/05/2026;95e461d1;1000014101;239.62
05575;EER non démarré;13/05/2026;—;1000014110;111.06
05575;EER non démarré;13/05/2026;—;1000014111;760.26
02200;EER non démarré;13/05/2026;—;1000014120;465.70
02200;EER non démarré;13/05/2026;—;1000014121;654.25
06191;EER validé;13/05/2026;b4bbda22;1000014130;620.66
06191;EER validé;13/05/2026;b8add22c;1000014131;988.86
01892;EER validé;13/05/2026;c1354d9d;1000014140;978.05
01892;EER validé;13/05/2026;22d53d35;1000014141;733.43
06947;EER non démarré;13/05/2026;—;1000014150;452.61
06947;EER non démarré;13/05/2026;—;1000014151;493.08
05932;EER non démarré;13/05/2026;—;1000014160;556.17
05932;EER non démarré;13/05/2026;—;1000014161;533.23
06744;EER non démarré;13/05/2026;—;1000014170;850.69
06744;EER non démarré;13/05/2026;—;1000014171;703.00
08135;EER validé;13/05/2026;6083ed9a;1000014180;424.71
08135;EER validé;13/05/2026;49230bb2;1000014181;831.50
05022;EER validé;13/05/2026;220bdaea;1000014190;205.02
05022;EER validé;13/05/2026;085232c9;1000014191;991.19
09238;EER non démarré;13/05/2026;—;1000014200;401.44
09238;EER non démarré;13/05/2026;—;1000014201;730.99
07386;EER validé;13/05/2026;c5c47b5b;1000014210;614.56
07386;EER validé;13/05/2026;2cc6456e;1000014211;759.85
09238;EER validé;13/05/2026;ff3b4916;1000014220;171.25
09238;EER validé;13/05/2026;5e5df450;1000014221;918.68
04650;EER validé;13/05/2026;ce6963b5;1000014230;541.55
04650;EER validé;13/05/2026;1b213136;1000014231;208.31
04538;EER non démarré;13/05/2026;—;1000014240;713.65
04538;EER non démarré;13/05/2026;—;1000014241;495.26
09758;EER validé;13/05/2026;e7351be4;1000014250;621.96
09758;EER validé;13/05/2026;57c35ed1;1000014251;903.32
02200;EER non démarré;13/05/2026;—;1000014260;244.40
02200;EER non démarré;13/05/2026;—;1000014261;512.94
09238;EER validé;13/05/2026;a1ffb79a;1000014270;793.10
09238;EER validé;13/05/2026;025343ee;1000014271;284.04
02411;EER non démarré;13/05/2026;—;1000014280;295.57
02411;EER non démarré;13/05/2026;—;1000014281;101.13
06592;EER non démarré;13/05/2026;—;1000014290;994.54
06592;EER non démarré;13/05/2026;—;1000014291;605.02
01192;EER non démarré;13/05/2026;—;1000014300;821.00
01192;EER non démarré;13/05/2026;—;1000014301;714.40
07861;EER non démarré;13/05/2026;—;1000014310;625.47
07861;EER non démarré;13/05/2026;—;1000014311;767.40
03231;EER non démarré;13/05/2026;—;1000014320;596.59
03231;EER non démarré;13/05/2026;—;1000014321;906.11
01192;EER non démarré;13/05/2026;—;1000014330;163.12
01192;EER non démarré;13/05/2026;—;1000014331;188.64
00368;EER non démarré;13/05/2026;—;1000014340;412.65
00368;EER non démarré;13/05/2026;—;1000014341;634.90
08291;EER non démarré;13/05/2026;—;1000014350;985.98
08291;EER non démarré;13/05/2026;—;1000014351;221.73
09885;EER validé;13/05/2026;a3b0197b;1000014360;222.37
09885;EER validé;13/05/2026;d865959a;1000014361;668.66
04345;EER validé;13/05/2026;6dab69dd;1000014370;491.15
04345;EER validé;13/05/2026;21d4aeeb;1000014371;522.88
03940;EER non démarré;13/05/2026;—;1000014380;432.94
03940;EER non démarré;13/05/2026;—;1000014381;796.39
03139;EER validé;13/05/2026;40de65fa;1000014390;929.30
03139;EER validé;13/05/2026;ca87806c;1000014391;232.01
02200;EER validé;13/05/2026;b520d36f;1000014400;539.26
02200;EER validé;13/05/2026;4d12933f;1000014401;703.30
03940;EER non démarré;13/05/2026;—;1000014410;480.21
03940;EER non démarré;13/05/2026;—;1000014411;400.00
05206;EER non démarré;13/05/2026;—;1000014420;509.06
05206;EER non démarré;13/05/2026;—;1000014421;908.96
05027;EER non démarré;13/05/2026;—;1000014430;188.43
05027;EER non démarré;13/05/2026;—;1000014431;618.68
03900;EER validé;13/05/2026;f0ed4005;1000014440;533.92
03900;EER validé;13/05/2026;05bfeaf7;1000014441;662.87
07627;EER non démarré;13/05/2026;—;1000014450;161.61
07627;EER non démarré;13/05/2026;—;1000014451;679.50
07516;EER non démarré;13/05/2026;—;1000014460;276.62
07516;EER non démarré;13/05/2026;—;1000014461;359.47
08191;EER non démarré;13/05/2026;—;1000014470;169.77
08191;EER non démarré;13/05/2026;—;1000014471;636.76
01739;EER non démarré;13/05/2026;—;1000014480;895.25
01739;EER non démarré;13/05/2026;—;1000014481;590.41
05045;EER non démarré;13/05/2026;—;1000014490;972.79
05045;EER non démarré;13/05/2026;—;1000014491;925.13
01694;EER validé;13/05/2026;75902b6b;1000014500;636.94
01694;EER validé;13/05/2026;cfe864d6;1000014501;175.00
06744;EER validé;13/05/2026;0f953c6a;1000014510;967.30
06744;EER validé;13/05/2026;196c3f4f;1000014511;407.97
00386;EER non démarré;13/05/2026;—;1000014520;840.19
00386;EER non démarré;13/05/2026;—;1000014521;289.74
06744;EER validé;13/05/2026;aef4a3b9;1000014530;153.07
06744;EER validé;13/05/2026;9a2b8b19;1000014531;382.90
02988;EER validé;13/05/2026;75ab8536;1000014540;398.18
02988;EER validé;13/05/2026;f75ff5d8;1000014541;873.55
00179;EER démarré;13/05/2026;bda42e13;1000014550;302.96
00179;EER démarré;13/05/2026;b20d990f;1000014551;116.13
07386;EER validé;13/05/2026;a1c636ec;1000014560;244.48
07386;EER validé;13/05/2026;df9d0a6e;1000014561;951.96
04733;EER démarré;13/05/2026;5b5e28a8;1000014570;534.92
04733;EER démarré;13/05/2026;c122e90f;1000014571;880.05
08579;EER validé;13/05/2026;30d84e7a;1000014580;446.60
08579;EER validé;13/05/2026;846b70c3;1000014581;384.16
09273;EER non démarré;13/05/2026;—;1000014590;654.75
09273;EER non démarré;13/05/2026;—;1000014591;549.64
06081;EER non démarré;13/05/2026;—;1000014600;105.93
06081;EER non démarré;13/05/2026;—;1000014601;436.62
05027;EER non démarré;13/05/2026;—;1000014610;854.75
05027;EER non démarré;13/05/2026;—;1000014611;225.33
09238;EER non démarré;13/05/2026;—;1000014620;789.66
09238;EER non démarré;13/05/2026;—;1000014621;506.93
09238;EER non démarré;13/05/2026;—;1000014630;635.67
09238;EER non démarré;13/05/2026;—;1000014631;842.10
09238;EER non démarré;13/05/2026;—;1000014640;741.10
09238;EER non démarré;13/05/2026;—;1000014641;293.79
09071;EER démarré;13/05/2026;bc790e84;1000014650;819.70
09071;EER démarré;13/05/2026;1ae0b54c;1000014651;212.74
09238;EER validé;13/05/2026;f732ca13;1000014660;481.02
09238;EER validé;13/05/2026;ce2d4af1;1000014661;880.95
05027;EER non démarré;13/05/2026;—;1000014670;295.46
05027;EER non démarré;13/05/2026;—;1000014671;694.11
08495;EER validé;13/05/2026;78065344;1000014680;398.23
08495;EER validé;13/05/2026;f079229d;1000014681;802.56
03940;EER rejeté;13/05/2026;df2d838e;1000014690;542.68
03940;EER rejeté;13/05/2026;1a7facf6;1000014691;129.16
06270;EER non démarré;13/05/2026;—;1000014700;528.06
06270;EER non démarré;13/05/2026;—;1000014701;530.05
08495;EER non démarré;13/05/2026;—;1000014710;411.93
08495;EER non démarré;13/05/2026;—;1000014711;356.99
01031;EER non démarré;13/05/2026;—;1000014720;992.90
01031;EER non démarré;13/05/2026;—;1000014721;466.85
08754;EER non démarré;13/05/2026;—;1000014730;836.23
08754;EER non démarré;13/05/2026;—;1000014731;241.52
03002;EER validé;13/05/2026;60bb5304;1000014740;925.60
03002;EER validé;13/05/2026;5ecbd293;1000014741;108.30
08342;EER validé;13/05/2026;77ff05e8;1000014750;497.91
08342;EER validé;13/05/2026;af96d2ff;1000014751;642.75
01011;EER validé;13/05/2026;c4b0654d;1000014760;440.82
01011;EER validé;13/05/2026;fcab6aa9;1000014761;136.78
01588;EER rejeté;13/05/2026;c07a281b;1000014770;443.95
01588;EER rejeté;13/05/2026;c4edbb0b;1000014771;298.24
05522;EER validé;13/05/2026;32ab5afb;1000014780;923.06
05522;EER validé;13/05/2026;128ab6f9;1000014781;148.50
03119;EER validé;13/05/2026;35c0678a;1000014790;912.13
03119;EER validé;13/05/2026;bfd0a313;1000014791;484.42
09725;EER validé;13/05/2026;5ee5e79b;1000014800;743.69
09725;EER validé;13/05/2026;3b384de2;1000014801;358.79
01872;EER validé;13/05/2026;0c1c58cd;1000014810;823.34
01872;EER validé;13/05/2026;13ded59e;1000014811;896.49
07674;EER validé;13/05/2026;afd631fb;1000014820;819.49
07674;EER validé;13/05/2026;fd0db021;1000014821;718.61
06744;EER non démarré;13/05/2026;—;1000014830;682.10
06744;EER non démarré;13/05/2026;—;1000014831;775.18
05995;EER non démarré;13/05/2026;—;1000014840;968.52
05995;EER non démarré;13/05/2026;—;1000014841;912.76
09199;EER validé;13/05/2026;26a8f8e0;1000014850;385.59
09199;EER validé;13/05/2026;2f6e8ed0;1000014851;548.79
03940;EER non démarré;13/05/2026;—;1000014860;446.97
03940;EER non démarré;13/05/2026;—;1000014861;570.51
09276;EER validé;13/05/2026;8544065c;1000014870;594.61
09276;EER validé;13/05/2026;3898fb20;1000014871;202.24
06979;EER non démarré;13/05/2026;—;1000014880;333.41
06979;EER non démarré;13/05/2026;—;1000014881;207.13
00570;EER validé;13/05/2026;e6486edc;1000014890;574.73
00570;EER validé;13/05/2026;7167f8f3;1000014891;650.64
06744;EER validé;13/05/2026;c2d2a9dd;1000014900;789.80
06744;EER validé;13/05/2026;93997333;1000014901;687.28
09238;EER validé;13/05/2026;da120cb4;1000014910;659.03
09238;EER validé;13/05/2026;ab3d9469;1000014911;160.53
08774;EER démarré;13/05/2026;1dd0543b;1000014920;854.41
08774;EER démarré;13/05/2026;c27bcfa7;1000014921;509.73
07627;EER non démarré;13/05/2026;—;1000014930;678.08
07627;EER non démarré;13/05/2026;—;1000014931;379.65
03674;EER non démarré;13/05/2026;—;1000014940;173.31
03674;EER non démarré;13/05/2026;—;1000014941;748.70
02078;EER non démarré;13/05/2026;—;1000014950;545.12
02078;EER non démarré;13/05/2026;—;1000014951;885.01
05107;EER validé;13/05/2026;76793a35;1000014960;856.38
05107;EER validé;13/05/2026;330a3a92;1000014961;592.67
08495;EER validé;13/05/2026;581c2ae6;1000014970;529.73
08495;EER validé;13/05/2026;5042682b;1000014971;515.04
09238;EER validé;13/05/2026;48b2ffb5;1000014980;538.74
09238;EER validé;13/05/2026;f0daaef8;1000014981;769.09
05099;EER démarré;13/05/2026;4a3e13a7;1000014990;670.92
05099;EER démarré;13/05/2026;ae50fb5d;1000014991;267.17
05443;EER non démarré;13/05/2026;—;1000015000;613.31
05443;EER non démarré;13/05/2026;—;1000015001;116.06
06744;EER démarré;13/05/2026;be5af91f;1000015010;503.14
06744;EER démarré;13/05/2026;0690e702;1000015011;981.32
09238;EER validé;13/05/2026;c5498f7c;1000015020;312.68
09238;EER validé;13/05/2026;f3ff4853;1000015021;844.40
04169;EER rejeté;13/05/2026;3cf4ec92;1000015030;814.79
04169;EER rejeté;13/05/2026;70c40bbe;1000015031;595.82
01588;EER validé;13/05/2026;c7f16469;1000015040;392.25
01588;EER validé;13/05/2026;cee2dc81;1000015041;944.62
06332;EER démarré;13/05/2026;153df34c;1000015050;270.37
06332;EER démarré;13/05/2026;8dcb6c32;1000015051;111.83
09238;EER validé;13/05/2026;3003f01e;1000015060;575.72
09238;EER validé;13/05/2026;570ff5aa;1000015061;892.32
08291;EER rejeté;13/05/2026;9f95dd0d;1000015070;727.04
08291;EER rejeté;13/05/2026;9ceec086;1000015071;605.57
05357;EER non démarré;13/05/2026;—;1000015080;653.71
05357;EER non démarré;13/05/2026;—;1000015081;359.62
06744;EER validé;13/05/2026;c6a14467;1000015090;348.49
06744;EER validé;13/05/2026;eb4f9a9a;1000015091;712.73
08977;EER non démarré;13/05/2026;—;1000015100;871.21
08977;EER non démarré;13/05/2026;—;1000015101;568.79
02230;EER validé;13/05/2026;a29598dd;1000015110;803.26
02230;EER validé;13/05/2026;d6349daf;1000015111;596.76
06744;EER non démarré;13/05/2026;—;1000015120;861.48
06744;EER non démarré;13/05/2026;—;1000015121;546.22
09282;EER validé;13/05/2026;3de2387a;1000015130;360.08
09282;EER validé;13/05/2026;c337b9a3;1000015131;965.24
09238;EER validé;13/05/2026;f437fac1;1000015140;457.65
09238;EER validé;13/05/2026;c1a1d0e3;1000015141;920.01
04669;EER validé;13/05/2026;bf7ff329;1000015150;867.38
04669;EER validé;13/05/2026;701ac0f4;1000015151;872.71
06312;EER non démarré;13/05/2026;—;1000015160;148.89
06312;EER non démarré;13/05/2026;—;1000015161;417.11
06618;EER validé;13/05/2026;62c709ed;1000015170;659.18
06618;EER validé;13/05/2026;9435207e;1000015171;974.39
05094;EER validé;13/05/2026;6a2082dd;1000015180;671.79
05094;EER validé;13/05/2026;50122229;1000015181;368.00
07612;EER non démarré;13/05/2026;—;1000015190;237.02
07612;EER non démarré;13/05/2026;—;1000015191;646.05
08163;EER validé;13/05/2026;6700192a;1000015200;572.42
08163;EER validé;13/05/2026;813e1f16;1000015201;145.07
09238;EER démarré;13/05/2026;109e8be3;1000015210;886.20
09238;EER démarré;13/05/2026;7ed395d2;1000015211;537.37
01573;EER non démarré;13/05/2026;—;1000015220;449.01
01573;EER non démarré;13/05/2026;—;1000015221;304.42
07627;EER validé;13/05/2026;6dec20d2;1000015230;961.89
07627;EER validé;13/05/2026;8c0a4953;1000015231;228.10
05203;EER non démarré;13/05/2026;—;1000015240;621.22
05203;EER non démarré;13/05/2026;—;1000015241;292.08
00872;EER non démarré;13/05/2026;—;1000015250;215.79
00872;EER non démarré;13/05/2026;—;1000015251;471.91
08191;EER à valider;13/05/2026;9dc4f7a0;1000015260;853.37
08191;EER à valider;13/05/2026;207058e6;1000015261;386.55
08560;EER validé;13/05/2026;77d90576;1000015270;151.95
08560;EER validé;13/05/2026;4b3a097b;1000015271;248.03
07611;EER non démarré;13/05/2026;—;1000015280;178.90
07611;EER non démarré;13/05/2026;—;1000015281;113.63
09355;EER rejeté;13/05/2026;76d7891b;1000015290;521.53
09355;EER rejeté;13/05/2026;ae43141d;1000015291;127.09
07627;EER validé;12/05/2026;874751c1;1000015300;720.93
07627;EER validé;12/05/2026;fd8b6297;1000015301;833.59
01847;EER validé;12/05/2026;d6fb114e;1000015310;199.36
01847;EER validé;12/05/2026;7eff4b1e;1000015311;958.47
00386;EER validé;12/05/2026;f6f5552d;1000015320;669.10
00386;EER validé;12/05/2026;64c516f0;1000015321;973.12
09663;EER non démarré;12/05/2026;—;1000015330;196.07
09663;EER non démarré;12/05/2026;—;1000015331;182.93
05769;EER validé;12/05/2026;a5f74227;1000015340;467.63
05769;EER validé;12/05/2026;e6682eb1;1000015341;123.51
00368;EER validé;12/05/2026;f9fffb96;1000015350;126.85
00368;EER validé;12/05/2026;4453b9e1;1000015351;628.93
06199;EER non démarré;12/05/2026;—;1000015360;801.08
06199;EER non démarré;12/05/2026;—;1000015361;819.70
02010;EER non démarré;12/05/2026;—;1000015370;329.86
02010;EER non démarré;12/05/2026;—;1000015371;638.35
03940;EER non démarré;12/05/2026;—;1000015380;988.47
03940;EER non démarré;12/05/2026;—;1000015381;221.57
09238;EER non démarré;12/05/2026;—;1000015390;965.17
09238;EER non démarré;12/05/2026;—;1000015391;352.16
04146;EER non démarré;12/05/2026;—;1000015400;762.71
04146;EER non démarré;12/05/2026;—;1000015401;618.94
03366;EER validé;12/05/2026;931f98a5;1000015410;379.78
03366;EER validé;12/05/2026;e53ce1f9;1000015411;104.90
05027;EER validé;12/05/2026;e8d73bde;1000015420;213.49
05027;EER validé;12/05/2026;955ffe13;1000015421;603.64
09238;EER démarré;12/05/2026;57ac60c6;1000015430;884.69
09238;EER démarré;12/05/2026;4888422d;1000015431;138.50
09725;EER démarré;12/05/2026;d1a18123;1000015440;947.28
09725;EER démarré;12/05/2026;80edab4b;1000015441;791.55
09275;EER non démarré;12/05/2026;—;1000015450;106.52
09275;EER non démarré;12/05/2026;—;1000015451;372.12
08349;EER validé;12/05/2026;51417d5c;1000015460;335.23
08349;EER validé;12/05/2026;3c1a4263;1000015461;804.70
07283;EER validé;12/05/2026;e09fc719;1000015470;789.64
07283;EER validé;12/05/2026;82c9b0c7;1000015471;849.73
09238;EER non démarré;12/05/2026;—;1000015480;961.42
09238;EER non démarré;12/05/2026;—;1000015481;642.69
07472;EER non démarré;12/05/2026;—;1000015490;742.65
07472;EER non démarré;12/05/2026;—;1000015491;104.23
05027;EER validé;12/05/2026;2b271655;1000015500;979.00
05027;EER validé;12/05/2026;f2974a5d;1000015501;388.17
07180;EER validé;12/05/2026;5465bbe7;1000015510;149.53
07180;EER validé;12/05/2026;1421902b;1000015511;417.33
06744;EER validé;12/05/2026;23b1e90b;1000015520;263.00
06744;EER validé;12/05/2026;396cf23e;1000015521;594.19
05412;EER validé;12/05/2026;1a3ada56;1000015530;642.19
05412;EER validé;12/05/2026;d7d359dd;1000015531;203.51
06088;EER démarré;12/05/2026;4d02d260;1000015540;488.82
06088;EER démarré;12/05/2026;ac076a03;1000015541;269.65
09885;EER démarré;12/05/2026;0051a9af;1000015550;699.60
09885;EER démarré;12/05/2026;4be7cf08;1000015551;718.41
09238;EER validé;12/05/2026;771001f8;1000015560;157.43
09238;EER validé;12/05/2026;09213aa0;1000015561;393.47
02685;EER non démarré;12/05/2026;—;1000015570;592.40
02685;EER non démarré;12/05/2026;—;1000015571;890.43
06744;EER non démarré;12/05/2026;—;1000015580;130.14
06744;EER non démarré;12/05/2026;—;1000015581;329.63
06744;EER validé;12/05/2026;2aa6151f;1000015590;977.20
06744;EER validé;12/05/2026;ca5d902b;1000015591;643.48
04868;EER non démarré;12/05/2026;—;1000015600;433.15
04868;EER non démarré;12/05/2026;—;1000015601;909.21
05925;EER validé;12/05/2026;868e1e14;1000015610;635.94
05925;EER validé;12/05/2026;5ea81a93;1000015611;763.20
07842;EER rejeté;12/05/2026;92d802b2;1000015620;156.13
07842;EER rejeté;12/05/2026;918de969;1000015621;570.98
01898;EER validé;12/05/2026;d2c278dd;1000015630;836.55
01898;EER validé;12/05/2026;5dd654cc;1000015631;906.11
08621;EER non démarré;12/05/2026;—;1000015640;421.78
08621;EER non démarré;12/05/2026;—;1000015641;249.21
05300;EER démarré;12/05/2026;b0f1f73e;1000015650;753.02
05300;EER démarré;12/05/2026;e935da53;1000015651;219.32
04868;EER non démarré;12/05/2026;—;1000015660;366.83
04868;EER non démarré;12/05/2026;—;1000015661;215.71
07560;EER rejeté;12/05/2026;490c2139;1000015670;526.53
07560;EER rejeté;12/05/2026;c9bfe779;1000015671;629.50
05027;EER non démarré;12/05/2026;—;1000015680;569.11
05027;EER non démarré;12/05/2026;—;1000015681;720.25
09323;EER non démarré;12/05/2026;—;1000015690;306.85
09323;EER non démarré;12/05/2026;—;1000015691;982.65
00362;EER validé;12/05/2026;ea10a2fd;1000015700;259.58
00362;EER validé;12/05/2026;2ad7b341;1000015701;690.72
05682;EER validé;12/05/2026;70fa2948;1000015710;427.44
05682;EER validé;12/05/2026;d86c259c;1000015711;619.92
06744;EER non démarré;12/05/2026;—;1000015720;338.37
06744;EER non démarré;12/05/2026;—;1000015721;280.03
04721;EER validé;12/05/2026;b39dbed6;1000015730;497.80
04721;EER validé;12/05/2026;577556a7;1000015731;136.05
03182;EER validé;12/05/2026;084d5948;1000015740;667.11
03182;EER validé;12/05/2026;1a36aee5;1000015741;820.29
01739;EER non démarré;12/05/2026;—;1000015750;456.04
01739;EER non démarré;12/05/2026;—;1000015751;623.29
06211;EER non démarré;12/05/2026;—;1000015760;208.09
06211;EER non démarré;12/05/2026;—;1000015761;376.42
03940;EER non démarré;12/05/2026;—;1000015770;926.81
03940;EER non démarré;12/05/2026;—;1000015771;828.13
08291;EER non démarré;12/05/2026;—;1000015780;523.85
08291;EER non démarré;12/05/2026;—;1000015781;952.77
06191;EER validé;12/05/2026;78a4c4a7;1000015790;384.86
06191;EER validé;12/05/2026;9c5d228c;1000015791;597.06
06804;EER non démarré;12/05/2026;—;1000015800;537.72
06804;EER non démarré;12/05/2026;—;1000015801;163.27
07401;EER démarré;12/05/2026;dc0ab88e;1000015810;553.76
07401;EER démarré;12/05/2026;fe15e4c2;1000015811;833.43
08267;EER non démarré;12/05/2026;—;1000015820;509.94
08267;EER non démarré;12/05/2026;—;1000015821;431.27
07516;EER validé;12/05/2026;de06b621;1000015830;141.98
07516;EER validé;12/05/2026;ce7fdc5b;1000015831;497.69
00945;EER validé;12/05/2026;e11baef9;1000015840;605.29
00945;EER validé;12/05/2026;e6e31571;1000015841;628.94
09238;EER démarré;12/05/2026;127a3521;1000015850;119.26
09238;EER démarré;12/05/2026;b00be8d5;1000015851;549.30
05614;EER validé;12/05/2026;955ce126;1000015860;386.65
05614;EER validé;12/05/2026;c5d33e7d;1000015861;379.85
02446;EER validé;12/05/2026;61483331;1000015870;937.91
02446;EER validé;12/05/2026;06dbc2ce;1000015871;444.55
00386;EER validé;12/05/2026;a8039477;1000015880;329.05
00386;EER validé;12/05/2026;559f03a6;1000015881;371.09
07627;EER non démarré;12/05/2026;—;1000015890;514.67
07627;EER non démarré;12/05/2026;—;1000015891;838.76
06744;EER non démarré;12/05/2026;—;1000015900;631.48
06744;EER non démarré;12/05/2026;—;1000015901;348.22
09238;EER démarré;12/05/2026;e264d989;1000015910;927.67
09238;EER démarré;12/05/2026;0bb1037e;1000015911;321.06
03940;EER non démarré;12/05/2026;—;1000015920;693.30
03940;EER non démarré;12/05/2026;—;1000015921;706.53
01295;EER validé;12/05/2026;645fbfb9;1000015930;831.64
01295;EER validé;12/05/2026;7bf023b0;1000015931;224.49
00386;EER non démarré;12/05/2026;—;1000015940;296.52
00386;EER non démarré;12/05/2026;—;1000015941;643.33
03863;EER validé;12/05/2026;a0a05cbd;1000015950;606.60
03863;EER validé;12/05/2026;d1fa8589;1000015951;279.15
01655;EER validé;12/05/2026;203a06d6;1000015960;342.86
01655;EER validé;12/05/2026;5885290a;1000015961;696.21
08492;EER validé;12/05/2026;87c4aabe;1000015970;117.54
08492;EER validé;12/05/2026;5a5a52d0;1000015971;888.34
05889;EER validé;12/05/2026;e57c001c;1000015980;957.16
05889;EER validé;12/05/2026;14e6a208;1000015981;256.86
09238;EER validé;12/05/2026;ff2d6a07;1000015990;327.22
09238;EER validé;12/05/2026;0c477ebf;1000015991;665.36
03287;EER démarré;12/05/2026;b39e34fc;1000016000;181.37
03287;EER démarré;12/05/2026;43a18901;1000016001;937.77
09902;EER à valider;12/05/2026;7e7b7a91;1000016010;258.25
09902;EER à valider;12/05/2026;5578ed55;1000016011;631.11
07386;EER non démarré;12/05/2026;—;1000016020;671.38
07386;EER non démarré;12/05/2026;—;1000016021;482.52
02455;EER validé;12/05/2026;5b099629;1000016030;343.62
02455;EER validé;12/05/2026;48393d70;1000016031;674.31
05094;EER non démarré;12/05/2026;—;1000016040;659.07
05094;EER non démarré;12/05/2026;—;1000016041;583.73
04905;EER validé;12/05/2026;368730d2;1000016050;864.98
04905;EER validé;12/05/2026;41f7b6ad;1000016051;998.91
06744;EER non démarré;12/05/2026;—;1000016060;845.18
06744;EER non démarré;12/05/2026;—;1000016061;615.23
01847;EER non démarré;12/05/2026;—;1000016070;560.29
01847;EER non démarré;12/05/2026;—;1000016071;103.71
06332;EER validé;12/05/2026;96f08afc;1000016080;467.24
06332;EER validé;12/05/2026;b4b178cd;1000016081;947.57
03940;EER validé;12/05/2026;cfcc0dc8;1000016090;583.73
03940;EER validé;12/05/2026;aa0e800b;1000016091;956.10
01099;EER non démarré;12/05/2026;—;1000016100;845.18
01099;EER non démarré;12/05/2026;—;1000016101;515.54
06744;EER non démarré;12/05/2026;—;1000016110;316.44
06744;EER non démarré;12/05/2026;—;1000016111;803.37
05403;EER non démarré;12/05/2026;—;1000016120;342.59
05403;EER non démarré;12/05/2026;—;1000016121;745.03
08414;EER non démarré;12/05/2026;—;1000016130;168.54
08414;EER non démarré;12/05/2026;—;1000016131;282.27
08144;EER démarré;12/05/2026;e0cb56ec;1000016140;638.31
08144;EER démarré;12/05/2026;4a3beecf;1000016141;301.90
03940;EER validé;12/05/2026;2e4faaf4;1000016150;806.80
03940;EER validé;12/05/2026;76f034d1;1000016151;621.54
01277;EER validé;12/05/2026;d99e5206;1000016160;968.98
01277;EER validé;12/05/2026;8bbfb93b;1000016161;879.95
03789;EER validé;12/05/2026;65209069;1000016170;366.72
03789;EER validé;12/05/2026;0eff3752;1000016171;545.16
08492;EER non démarré;12/05/2026;—;1000016180;595.07
08492;EER non démarré;12/05/2026;—;1000016181;142.15
02675;EER validé;12/05/2026;d298d68c;1000016190;626.66
02675;EER validé;12/05/2026;52fc3313;1000016191;471.93
09342;EER non démarré;12/05/2026;—;1000016200;111.30
09342;EER non démarré;12/05/2026;—;1000016201;719.18
06744;EER validé;12/05/2026;99d7f028;1000016210;223.73
06744;EER validé;12/05/2026;c6a6f3f3;1000016211;347.46
06744;EER non démarré;12/05/2026;—;1000016220;145.99
06744;EER non démarré;12/05/2026;—;1000016221;943.16
02200;EER validé;12/05/2026;6d824812;1000016230;416.29
02200;EER validé;12/05/2026;dabe5b36;1000016231;412.88
03784;EER non démarré;12/05/2026;—;1000016240;900.12
03784;EER non démarré;12/05/2026;—;1000016241;382.31
03983;EER non démarré;12/05/2026;—;1000016250;930.99
03983;EER non démarré;12/05/2026;—;1000016251;398.67
02675;EER non démarré;12/05/2026;—;1000016260;666.18
02675;EER non démarré;12/05/2026;—;1000016261;830.41
06744;EER non démarré;12/05/2026;—;1000016270;540.65
06744;EER non démarré;12/05/2026;—;1000016271;219.39
01427;EER non démarré;12/05/2026;—;1000016280;909.34
01427;EER non démarré;12/05/2026;—;1000016281;319.19
06912;EER non démarré;12/05/2026;—;1000016290;421.03
06912;EER non démarré;12/05/2026;—;1000016291;472.26
03917;EER non démarré;12/05/2026;—;1000016300;679.09
03917;EER non démarré;12/05/2026;—;1000016301;759.13
00438;EER à valider;12/05/2026;c95ccde1;1000016310;667.03
00438;EER à valider;12/05/2026;e82fb7e1;1000016311;875.04
09238;EER non démarré;12/05/2026;—;1000016320;677.05
09238;EER non démarré;12/05/2026;—;1000016321;926.03
08608;EER non démarré;12/05/2026;—;1000016330;668.00
08608;EER non démarré;12/05/2026;—;1000016331;210.26
06736;EER non démarré;12/05/2026;—;1000016340;931.26
06736;EER non démarré;12/05/2026;—;1000016341;732.58
03940;EER non démarré;12/05/2026;—;1000016350;280.09
03940;EER non démarré;12/05/2026;—;1000016351;768.97
05779;EER validé;12/05/2026;9914a6f8;1000016360;261.85
05779;EER validé;12/05/2026;9531b4c6;1000016361;690.21
08367;EER rejeté;12/05/2026;ae5fddbc;1000016370;447.56
08367;EER rejeté;12/05/2026;f211f05b;1000016371;818.46
03915;EER démarré;12/05/2026;26f5f092;1000016380;705.22
03915;EER démarré;12/05/2026;d44c12ce;1000016381;756.53
09238;EER non démarré;12/05/2026;—;1000016390;958.83
09238;EER non démarré;12/05/2026;—;1000016391;616.58
07286;EER démarré;12/05/2026;be0a9dbe;1000016400;172.31
07286;EER démarré;12/05/2026;abec6ceb;1000016401;485.08
09238;EER non démarré;12/05/2026;—;1000016410;808.93
09238;EER non démarré;12/05/2026;—;1000016411;140.08
02856;EER validé;12/05/2026;6196cbc2;1000016420;101.64
02856;EER validé;12/05/2026;7a98b06b;1000016421;416.58
02010;EER validé;12/05/2026;11225307;1000016430;986.31
02010;EER validé;12/05/2026;9c9b954f;1000016431;438.42
05954;EER validé;12/05/2026;7b478ce5;1000016440;459.85
05954;EER validé;12/05/2026;f7e26334;1000016441;737.98
06360;EER validé;12/05/2026;f15d7f63;1000016450;481.54
06360;EER validé;12/05/2026;d8e10d24;1000016451;396.47
05107;EER validé;12/05/2026;8d5eef1d;1000016460;237.07
05107;EER validé;12/05/2026;2d6e6b54;1000016461;508.65
03153;EER validé;12/05/2026;87adc4fd;1000016470;562.18
03153;EER validé;12/05/2026;b926e0f3;1000016471;724.78
00491;EER non démarré;12/05/2026;—;1000016480;465.65
00491;EER non démarré;12/05/2026;—;1000016481;597.85
05889;EER non démarré;12/05/2026;—;1000016490;204.94
05889;EER non démarré;12/05/2026;—;1000016491;682.18
02902;EER validé;12/05/2026;5d893035;1000016500;258.53
02902;EER validé;12/05/2026;eb31a021;1000016501;342.18
03940;EER validé;12/05/2026;0c4341aa;1000016510;755.25
03940;EER validé;12/05/2026;2ade2bf6;1000016511;490.91
06748;EER à rejeter;12/05/2026;d3962be6;1000016520;345.73
06748;EER à rejeter;12/05/2026;e5413563;1000016521;588.43
03940;EER démarré;12/05/2026;9374e58c;1000016530;428.13
03940;EER démarré;12/05/2026;96f76622;1000016531;115.05
01708;EER non démarré;12/05/2026;—;1000016540;829.68
01708;EER non démarré;12/05/2026;—;1000016541;274.95
05522;EER validé;12/05/2026;6a06e5d2;1000016550;232.13
05522;EER validé;12/05/2026;9a28f5bf;1000016551;681.18
07286;EER non démarré;12/05/2026;—;1000016560;111.65
07286;EER non démarré;12/05/2026;—;1000016561;998.49
00386;EER validé;12/05/2026;1974fdae;1000016570;110.15
00386;EER validé;12/05/2026;f5c0c714;1000016571;939.02
09238;EER démarré;12/05/2026;46e2fc2c;1000016580;668.11
09238;EER démarré;12/05/2026;b4d9a444;1000016581;695.82
05443;EER démarré;12/05/2026;e2d8cdfc;1000016590;249.61
05443;EER démarré;12/05/2026;5fa3ec3e;1000016591;730.97
00386;EER démarré;12/05/2026;a57dd660;1000016600;591.50
00386;EER démarré;12/05/2026;0420ef07;1000016601;282.68
08048;EER validé;12/05/2026;96d63983;1000016610;761.11
08048;EER validé;12/05/2026;b59278bc;1000016611;853.69
09073;EER rejeté;12/05/2026;e814e4c1;1000016620;188.89
09073;EER rejeté;12/05/2026;147c149e;1000016621;652.59
00386;EER non démarré;12/05/2026;—;1000016630;207.88
00386;EER non démarré;12/05/2026;—;1000016631;530.79
05522;EER validé;12/05/2026;9270fd19;1000016640;320.65
05522;EER validé;12/05/2026;e1384c28;1000016641;531.07
07738;EER validé;12/05/2026;3804c797;1000016650;260.90
07738;EER validé;12/05/2026;02db1bed;1000016651;331.03
02518;EER non démarré;12/05/2026;—;1000016660;584.45
02518;EER non démarré;12/05/2026;—;1000016661;851.39
07054;EER validé;12/05/2026;08298564;1000016670;518.48
07054;EER validé;12/05/2026;78936feb;1000016671;286.02
06744;EER démarré;12/05/2026;381c422d;1000016680;688.81
06744;EER démarré;12/05/2026;def6db4e;1000016681;539.49
00469;EER rejeté;12/05/2026;d0d284b7;1000016690;672.58
00469;EER rejeté;12/05/2026;b680ae9a;1000016691;881.78
06591;EER non démarré;12/05/2026;—;1000016700;105.38
06591;EER non démarré;12/05/2026;—;1000016701;538.46
08495;EER démarré;12/05/2026;2fd13d72;1000016710;729.30
08495;EER démarré;12/05/2026;f319b5c3;1000016711;932.34
06744;EER rejeté;12/05/2026;46703677;1000016720;129.64
06744;EER rejeté;12/05/2026;74b576fb;1000016721;341.65
01563;EER validé;12/05/2026;c7150590;1000016730;980.43
01563;EER validé;12/05/2026;a360fa25;1000016731;930.07
02938;EER non démarré;12/05/2026;—;1000016740;844.67
02938;EER non démarré;12/05/2026;—;1000016741;786.49
03940;EER validé;12/05/2026;484b4e84;1000016750;474.40
03940;EER validé;12/05/2026;36de0e34;1000016751;322.76
06744;EER validé;12/05/2026;4a090af7;1000016760;232.02
06744;EER validé;12/05/2026;d6167bb3;1000016761;655.50
05090;EER validé;12/05/2026;0f516fa6;1000016770;482.90
05090;EER validé;12/05/2026;aa5b5672;1000016771;932.34
05868;EER validé;12/05/2026;07e4de62;1000016780;412.50
05868;EER validé;12/05/2026;ba58ac86;1000016781;769.09
05533;EER non démarré;12/05/2026;—;1000016790;110.51
05533;EER non démarré;12/05/2026;—;1000016791;700.72
09238;EER validé;12/05/2026;9eacb553;1000016800;404.97
09238;EER validé;12/05/2026;1d8b1a03;1000016801;702.53
00386;EER validé;12/05/2026;b4bb30df;1000016810;608.37
00386;EER validé;12/05/2026;f2e819bc;1000016811;879.57
05027;EER validé;12/05/2026;f2790060;1000016820;888.17
05027;EER validé;12/05/2026;4f54eed2;1000016821;366.16
08671;EER non démarré;12/05/2026;—;1000016830;933.77
08671;EER non démarré;12/05/2026;—;1000016831;634.90
07853;EER non démarré;12/05/2026;—;1000016840;128.87
07853;EER non démarré;12/05/2026;—;1000016841;947.66
06641;EER non démarré;12/05/2026;—;1000016850;822.92
06641;EER non démarré;12/05/2026;—;1000016851;129.92
08193;EER non démarré;12/05/2026;—;1000016860;108.75
08193;EER non démarré;12/05/2026;—;1000016861;719.20
05326;EER validé;12/05/2026;d3b1c44f;1000016870;509.44
05326;EER validé;12/05/2026;dce69cd1;1000016871;390.82
06744;EER validé;12/05/2026;7b990eaa;1000016880;971.01
06744;EER validé;12/05/2026;85c736b1;1000016881;944.76
06979;EER validé;12/05/2026;7d7e18c5;1000016890;388.89
06979;EER validé;12/05/2026;de0264c4;1000016891;973.35
05326;EER validé;12/05/2026;d07a709a;1000016900;595.53
05326;EER validé;12/05/2026;a93a30cf;1000016901;885.65
00386;EER validé;12/05/2026;3467f264;1000016910;413.00
00386;EER validé;12/05/2026;1acfea03;1000016911;235.71
02396;EER validé;12/05/2026;576414dd;1000016920;104.76
02396;EER validé;12/05/2026;ac963f50;1000016921;100.37
07975;EER validé;12/05/2026;baf9f119;1000016930;869.81
07975;EER validé;12/05/2026;c741dc2d;1000016931;651.40
03618;EER validé;12/05/2026;bdc73829;1000016940;993.88
03618;EER validé;12/05/2026;ede5deeb;1000016941;261.17
01588;EER non démarré;12/05/2026;—;1000016950;512.04
01588;EER non démarré;12/05/2026;—;1000016951;452.12
00756;EER validé;12/05/2026;ec69a9a2;1000016960;351.48
00756;EER validé;12/05/2026;547147c0;1000016961;752.05
07286;EER non démarré;12/05/2026;—;1000016970;883.56
07286;EER non démarré;12/05/2026;—;1000016971;593.41
03866;EER validé;12/05/2026;569bc958;1000016980;717.98
03866;EER validé;12/05/2026;87816859;1000016981;500.91
07627;EER non démarré;12/05/2026;—;1000016990;159.06
07627;EER non démarré;12/05/2026;—;1000016991;495.82
00285;EER non démarré;12/05/2026;—;1000017000;708.00
00285;EER non démarré;12/05/2026;—;1000017001;862.93
02518;EER non démarré;12/05/2026;—;1000017010;414.70
02518;EER non démarré;12/05/2026;—;1000017011;379.42
06744;EER rejeté;12/05/2026;fa4445d2;1000017020;170.23
06744;EER rejeté;12/05/2026;13b27854;1000017021;892.52
00386;EER non démarré;12/05/2026;—;1000017030;842.37
00386;EER non démarré;12/05/2026;—;1000017031;174.49
04065;EER non démarré;12/05/2026;—;1000017040;753.87
04065;EER non démarré;12/05/2026;—;1000017041;238.02
09110;EER non démarré;12/05/2026;—;1000017050;946.68
09110;EER non démarré;12/05/2026;—;1000017051;297.21
08414;EER validé;12/05/2026;9e7ef604;1000017060;941.65
08414;EER validé;12/05/2026;0b64d3e5;1000017061;263.68
08608;EER non démarré;12/05/2026;—;1000017070;870.21
08608;EER non démarré;12/05/2026;—;1000017071;430.57
09238;EER non démarré;12/05/2026;—;1000017080;129.54
09238;EER non démarré;12/05/2026;—;1000017081;779.01
08001;EER non démarré;12/05/2026;—;1000017090;534.09
08001;EER non démarré;12/05/2026;—;1000017091;452.91
08163;EER à rejeter;12/05/2026;83e70f70;1000017100;114.69
08163;EER à rejeter;12/05/2026;e05874c4;1000017101;949.75
09323;EER validé;12/05/2026;aa8d187e;1000017110;195.09
09323;EER validé;12/05/2026;a54fdc61;1000017111;112.60
08696;EER non démarré;12/05/2026;—;1000017120;519.65
08696;EER non démarré;12/05/2026;—;1000017121;184.73
08495;EER validé;12/05/2026;be87817f;1000017130;402.61
08495;EER validé;12/05/2026;819e8ecd;1000017131;283.74
09238;EER non démarré;12/05/2026;—;1000017140;803.97
09238;EER non démarré;12/05/2026;—;1000017141;222.34
09238;EER non démarré;12/05/2026;—;1000017150;998.11
09238;EER non démarré;12/05/2026;—;1000017151;162.56
02191;EER non démarré;11/05/2026;—;1000017160;686.18
02191;EER non démarré;11/05/2026;—;1000017161;613.39
06744;EER non démarré;11/05/2026;—;1000017170;174.42
06744;EER non démarré;11/05/2026;—;1000017171;786.60
00355;EER validé;11/05/2026;2e5178bc;1000017180;861.59
00355;EER validé;11/05/2026;fca01e47;1000017181;956.24
02516;EER validé;11/05/2026;90370ee2;1000017190;736.59
02516;EER validé;11/05/2026;cd76d5f2;1000017191;798.05
03188;EER validé;11/05/2026;2dd4c6cb;1000017200;905.11
03188;EER validé;11/05/2026;788cab1c;1000017201;151.76
07152;EER non démarré;11/05/2026;—;1000017210;505.92
07152;EER non démarré;11/05/2026;—;1000017211;399.21
00832;EER non démarré;11/05/2026;—;1000017220;666.74
00832;EER non démarré;11/05/2026;—;1000017221;749.90
09238;EER non démarré;11/05/2026;—;1000017230;651.42
09238;EER non démarré;11/05/2026;—;1000017231;497.61
00818;EER démarré;11/05/2026;a13c62dd;1000017240;173.42
00818;EER démarré;11/05/2026;13fa77ed;1000017241;194.05
09238;EER non démarré;11/05/2026;—;1000017250;270.30
09238;EER non démarré;11/05/2026;—;1000017251;793.12
05443;EER non démarré;11/05/2026;—;1000017260;872.85
05443;EER non démarré;11/05/2026;—;1000017261;362.15
01588;EER validé;11/05/2026;18a0ce19;1000017270;584.82
01588;EER validé;11/05/2026;ca4853e8;1000017271;568.56
03254;EER validé;11/05/2026;60b4fc7e;1000017280;769.68
03254;EER validé;11/05/2026;6be92c46;1000017281;359.15
07841;EER validé;11/05/2026;f6a1c811;1000017290;329.75
07841;EER validé;11/05/2026;0b03ab0e;1000017291;408.76
05884;EER non démarré;11/05/2026;—;1000017300;696.73
05884;EER non démarré;11/05/2026;—;1000017301;132.13
05954;EER non démarré;11/05/2026;—;1000017310;448.71
05954;EER non démarré;11/05/2026;—;1000017311;484.33
08048;EER validé;11/05/2026;6f98dd9e;1000017320;399.02
08048;EER validé;11/05/2026;c5ca3940;1000017321;550.45
06867;EER non démarré;11/05/2026;—;1000017330;902.79
06867;EER non démarré;11/05/2026;—;1000017331;632.57
02496;EER démarré;11/05/2026;b981f161;1000017340;587.79
02496;EER démarré;11/05/2026;c43909eb;1000017341;875.84
09238;EER validé;11/05/2026;69357aa6;1000017350;288.86
09238;EER validé;11/05/2026;286cfb1d;1000017351;825.86
09238;EER non démarré;11/05/2026;—;1000017360;578.19
09238;EER non démarré;11/05/2026;—;1000017361;228.86
03526;EER validé;11/05/2026;42646fae;1000017370;206.14
03526;EER validé;11/05/2026;f174347e;1000017371;508.78
07268;EER non démarré;11/05/2026;—;1000017380;771.07
07268;EER non démarré;11/05/2026;—;1000017381;159.10
05925;EER non démarré;11/05/2026;—;1000017390;418.37
05925;EER non démarré;11/05/2026;—;1000017391;988.14
05522;EER validé;11/05/2026;f3695e73;1000017400;656.35
05522;EER validé;11/05/2026;9f4c2d64;1000017401;785.88
01655;EER non démarré;11/05/2026;—;1000017410;730.03
01655;EER non démarré;11/05/2026;—;1000017411;663.37
03999;EER validé;11/05/2026;46012183;1000017420;389.22
03999;EER validé;11/05/2026;aebb179b;1000017421;397.57
05331;EER validé;11/05/2026;4ca0cc8f;1000017430;823.00
05331;EER validé;11/05/2026;1e9245a5;1000017431;380.90
02200;EER validé;11/05/2026;abf6f445;1000017440;642.96
02200;EER validé;11/05/2026;620ca5a4;1000017441;110.30
05765;EER validé;11/05/2026;00ecc673;1000017450;192.88
05765;EER validé;11/05/2026;2581e63a;1000017451;342.91
02886;EER démarré;11/05/2026;177f9d5f;1000017460;173.15
02886;EER démarré;11/05/2026;7c64c6c0;1000017461;943.73
09238;EER validé;11/05/2026;b9a5f42c;1000017470;950.81
09238;EER validé;11/05/2026;be27307f;1000017471;690.30
07715;EER validé;11/05/2026;50a6ff1e;1000017480;849.06
07715;EER validé;11/05/2026;9a5131a1;1000017481;427.29
04169;EER non démarré;11/05/2026;—;1000017490;895.09
04169;EER non démarré;11/05/2026;—;1000017491;717.47
06744;EER validé;11/05/2026;bc911754;1000017500;621.89
06744;EER validé;11/05/2026;2fce6aa3;1000017501;617.90
08904;EER non démarré;11/05/2026;—;1000017510;794.71
08904;EER non démarré;11/05/2026;—;1000017511;441.58
09429;EER rejeté;11/05/2026;caf242b1;1000017520;558.69
09429;EER rejeté;11/05/2026;9c0d03c3;1000017521;531.40
06792;EER validé;09/05/2026;c99f8042;1000000000;261.22
06792;EER validé;09/05/2026;d72a8e5d;1000000001;628.06
03706;EER non démarré;09/05/2026;—;1000000010;876.37
03706;EER non démarré;09/05/2026;—;1000000011;407.27
00438;EER validé;09/05/2026;45e38d54;1000000020;461.20
00438;EER validé;09/05/2026;9ecd90fa;1000000021;511.48
06867;EER validé;09/05/2026;aab2bb15;1000000030;287.32
06867;EER validé;09/05/2026;1372549e;1000000031;345.83
07861;EER non démarré;09/05/2026;—;1000000040;180.90
07861;EER non démarré;09/05/2026;—;1000000041;145.29
06111;EER non démarré;09/05/2026;—;1000000050;951.82
06111;EER non démarré;09/05/2026;—;1000000051;389.83
06184;EER validé;09/05/2026;4ba2c0ce;1000000060;186.85
06184;EER validé;09/05/2026;87846dd4;1000000061;182.83
09238;EER non démarré;09/05/2026;—;1000000070;872.87
09238;EER non démarré;09/05/2026;—;1000000071;999.72
03940;EER non démarré;09/05/2026;—;1000000080;222.67
03940;EER non démarré;09/05/2026;—;1000000081;948.20
02367;EER non démarré;09/05/2026;—;1000000090;444.51
02367;EER non démarré;09/05/2026;—;1000000091;443.49
06744;EER validé;09/05/2026;8caf7057;1000000100;462.12
06744;EER validé;09/05/2026;ae91ad93;1000000101;495.02
05954;EER non démarré;09/05/2026;—;1000000110;886.85
05954;EER non démarré;09/05/2026;—;1000000111;700.60
05522;EER non démarré;09/05/2026;—;1000000120;324.56
05522;EER non démarré;09/05/2026;—;1000000121;834.11
00789;EER validé;09/05/2026;75ca2a31;1000000130;648.48
00789;EER validé;09/05/2026;2418eb7e;1000000131;413.48
01036;EER non démarré;09/05/2026;—;1000000140;309.99
01036;EER non démarré;09/05/2026;—;1000000141;645.08
08421;EER non démarré;09/05/2026;—;1000000150;630.50
08421;EER non démarré;09/05/2026;—;1000000151;960.53
04955;EER validé;09/05/2026;6e9aeaf0;1000000160;535.39
04955;EER validé;09/05/2026;d058c64d;1000000161;975.65
05443;EER non démarré;09/05/2026;—;1000000170;217.01
05443;EER non démarré;09/05/2026;—;1000000171;695.55
08579;EER non démarré;09/05/2026;—;1000000180;491.89
08579;EER non démarré;09/05/2026;—;1000000181;143.40
01984;EER non démarré;09/05/2026;—;1000000190;908.30
01984;EER non démarré;09/05/2026;—;1000000191;560.02
08868;EER démarré;09/05/2026;73697892;1000000200;201.80
08868;EER démarré;09/05/2026;81398344;1000000201;175.24
06744;EER validé;09/05/2026;2ba83a2a;1000000210;698.14
06744;EER validé;09/05/2026;f13c71e0;1000000211;272.50
07286;EER non démarré;09/05/2026;—;1000000220;119.42
07286;EER non démarré;09/05/2026;—;1000000221;609.03
00709;EER non démarré;09/05/2026;—;1000000230;563.71
00709;EER non démarré;09/05/2026;—;1000000231;135.20
06744;EER validé;09/05/2026;21156801;1000000240;547.01
06744;EER validé;09/05/2026;ae3d2714;1000000241;423.95
01192;EER validé;09/05/2026;eb732bfc;1000000250;398.61
01192;EER validé;09/05/2026;8ee65fc8;1000000251;856.69
06744;EER validé;09/05/2026;fc795dfc;1000000260;715.43
06744;EER validé;09/05/2026;71c54f2d;1000000261;412.55
01588;EER rejeté;09/05/2026;0e35f691;1000000270;203.05
01588;EER rejeté;09/05/2026;5ec3b045;1000000271;720.80
07627;EER validé;09/05/2026;b3a22f23;1000000280;685.93
07627;EER validé;09/05/2026;ec6ae08e;1000000281;506.71
05027;EER validé;09/05/2026;3246d9c9;1000000290;348.67
05027;EER validé;09/05/2026;d51c3c26;1000000291;806.43
09725;EER validé;09/05/2026;e79e0515;1000000300;949.36
09725;EER validé;09/05/2026;63b60c79;1000000301;286.95
07401;EER validé;09/05/2026;21bc00f1;1000000310;310.59
07401;EER validé;09/05/2026;bd551fc0;1000000311;902.85
05403;EER non démarré;09/05/2026;—;1000000320;756.34
05403;EER non démarré;09/05/2026;—;1000000321;224.75
07273;EER validé;09/05/2026;17c381e2;1000000330;795.69
07273;EER validé;09/05/2026;fe1dd66f;1000000331;785.19
03940;EER validé;09/05/2026;14b6221a;1000000340;543.39
03940;EER validé;09/05/2026;32393e73;1000000341;833.96
08666;EER validé;09/05/2026;121557a9;1000000350;532.97
08666;EER validé;09/05/2026;28f048b9;1000000351;649.43
08546;EER validé;09/05/2026;d86cbf26;1000000360;544.02
08546;EER validé;09/05/2026;ae47773d;1000000361;971.77
03153;EER validé;09/05/2026;d45125d4;1000000370;381.56
03153;EER validé;09/05/2026;7a18dcb7;1000000371;384.74
08339;EER non démarré;09/05/2026;—;1000000380;807.61
08339;EER non démarré;09/05/2026;—;1000000381;155.70
09093;EER non démarré;09/05/2026;—;1000000390;262.00
09093;EER non démarré;09/05/2026;—;1000000391;537.90
05899;EER validé;09/05/2026;16fd43e8;1000000400;243.98
05899;EER validé;09/05/2026;822ef653;1000000401;795.45
05538;EER non démarré;09/05/2026;—;1000000410;290.14
05538;EER non démarré;09/05/2026;—;1000000411;945.20
05090;EER non démarré;09/05/2026;—;1000000420;247.96
05090;EER non démarré;09/05/2026;—;1000000421;791.77
00832;EER validé;09/05/2026;0dc377da;1000000430;734.58
00832;EER validé;09/05/2026;b906124c;1000000431;193.15
06332;EER validé;09/05/2026;197532ae;1000000440;580.00
06332;EER validé;09/05/2026;35dbd7f6;1000000441;913.67
09885;EER non démarré;09/05/2026;—;1000000450;595.63
09885;EER non démarré;09/05/2026;—;1000000451;940.50
06556;EER validé;09/05/2026;b2286263;1000000460;663.01
06556;EER validé;09/05/2026;660f6591;1000000461;964.65
04749;EER validé;09/05/2026;a6e0b791;1000000470;160.44
04749;EER validé;09/05/2026;3d9f6c1a;1000000471;405.29
05099;EER démarré;09/05/2026;1ded8faa;1000000480;921.85
05099;EER démarré;09/05/2026;988aa2ad;1000000481;226.62
06111;EER non démarré;09/05/2026;—;1000000490;816.42
06111;EER non démarré;09/05/2026;—;1000000491;434.61
09238;EER non démarré;09/05/2026;—;1000000500;408.69
09238;EER non démarré;09/05/2026;—;1000000501;678.28
03999;EER non démarré;09/05/2026;—;1000000510;957.54
03999;EER non démarré;09/05/2026;—;1000000511;442.27
09434;EER validé;09/05/2026;58f0407f;1000000520;555.80
09434;EER validé;09/05/2026;49f18cde;1000000521;893.56
04669;EER non démarré;09/05/2026;—;1000000530;333.40
04669;EER non démarré;09/05/2026;—;1000000531;170.08
03940;EER validé;09/05/2026;7a0036cd;1000000540;607.20
03940;EER validé;09/05/2026;b12f29e5;1000000541;707.01
01779;EER non démarré;09/05/2026;—;1000000550;363.92
01779;EER non démarré;09/05/2026;—;1000000551;403.91
09238;EER non démarré;09/05/2026;—;1000000560;129.29
09238;EER non démarré;09/05/2026;—;1000000561;528.40
09093;EER non démarré;09/05/2026;—;1000000570;579.63
09093;EER non démarré;09/05/2026;—;1000000571;322.98
05027;EER non démarré;09/05/2026;—;1000000580;142.94
05027;EER non démarré;09/05/2026;—;1000000581;329.37
08546;EER non démarré;09/05/2026;—;1000000590;588.10
08546;EER non démarré;09/05/2026;—;1000000591;268.18
07386;EER démarré;09/05/2026;e40644c4;1000000600;671.16
07386;EER démarré;09/05/2026;c7aed563;1000000601;330.48
06312;EER non démarré;09/05/2026;—;1000000610;817.85
06312;EER non démarré;09/05/2026;—;1000000611;966.36
02200;EER non démarré;09/05/2026;—;1000000620;858.63
02200;EER non démarré;09/05/2026;—;1000000621;228.87
06912;EER démarré;09/05/2026;f665d82a;1000000630;358.83
06912;EER démarré;09/05/2026;164a0432;1000000631;532.66
02159;EER non démarré;09/05/2026;—;1000000640;971.55
02159;EER non démarré;09/05/2026;—;1000000641;848.17
07029;EER non démarré;09/05/2026;—;1000000650;753.36
07029;EER non démarré;09/05/2026;—;1000000651;501.85
06088;EER non démarré;09/05/2026;—;1000000660;339.65
06088;EER non démarré;09/05/2026;—;1000000661;142.10
04669;EER validé;09/05/2026;c16686c2;1000000670;318.19
04669;EER validé;09/05/2026;a7ad187a;1000000671;128.26
08144;EER validé;09/05/2026;0c20ee0d;1000000680;160.69
08144;EER validé;09/05/2026;8bfe17e3;1000000681;676.81
03418;EER non démarré;09/05/2026;—;1000000690;747.10
03418;EER non démarré;09/05/2026;—;1000000691;518.30
07627;EER démarré;09/05/2026;e6a6e425;1000000700;842.52
07627;EER démarré;09/05/2026;7dfe3064;1000000701;485.15
09238;EER non démarré;09/05/2026;—;1000000710;138.10
09238;EER non démarré;09/05/2026;—;1000000711;641.40
05443;EER non démarré;09/05/2026;—;1000000720;298.73
05443;EER non démarré;09/05/2026;—;1000000721;464.87
02897;EER non démarré;08/05/2026;—;1000000730;699.82
02897;EER non démarré;08/05/2026;—;1000000731;369.67
04723;EER démarré;08/05/2026;54f3a5c7;1000000740;868.39
04723;EER démarré;08/05/2026;653ea044;1000000741;849.20
03706;EER non démarré;08/05/2026;—;1000000750;721.40
03706;EER non démarré;08/05/2026;—;1000000751;692.96
05681;EER non démarré;08/05/2026;—;1000000760;747.02
05681;EER non démarré;08/05/2026;—;1000000761;677.02
09429;EER démarré;08/05/2026;d41c01f3;1000000770;707.63
09429;EER démarré;08/05/2026;8b068057;1000000771;795.93
09238;EER non démarré;08/05/2026;—;1000000780;224.02
09238;EER non démarré;08/05/2026;—;1000000781;100.39
03706;EER validé;08/05/2026;3be0e969;1000000790;382.04
03706;EER validé;08/05/2026;f3e4b55d;1000000791;169.84
05027;EER validé;08/05/2026;5e4b21f4;1000000800;488.94
05027;EER validé;08/05/2026;6e393ac3;1000000801;202.26
06744;EER à valider;08/05/2026;65b9edd6;1000000810;611.72
06744;EER à valider;08/05/2026;de999a4a;1000000811;959.13
06772;EER non démarré;08/05/2026;—;1000000820;421.81
06772;EER non démarré;08/05/2026;—;1000000821;845.84
07386;EER démarré;08/05/2026;185fc584;1000000830;587.89
07386;EER démarré;08/05/2026;4eb1fa71;1000000831;969.46
03153;EER validé;08/05/2026;37f61c29;1000000840;303.41
03153;EER validé;08/05/2026;5ad501ae;1000000841;414.97
03917;EER validé;08/05/2026;ae9ccf7a;1000000850;599.49
03917;EER validé;08/05/2026;0d485605;1000000851;149.36
03940;EER non démarré;08/05/2026;—;1000000860;629.36
03940;EER non démarré;08/05/2026;—;1000000861;344.50
06744;EER non démarré;08/05/2026;—;1000000870;155.95
06744;EER non démarré;08/05/2026;—;1000000871;834.94
03940;EER non démarré;08/05/2026;—;1000000880;938.27
03940;EER non démarré;08/05/2026;—;1000000881;149.49
04669;EER démarré;08/05/2026;77e1fb57;1000000890;249.64
04669;EER démarré;08/05/2026;a0255697;1000000891;928.78
01546;EER non démarré;08/05/2026;—;1000000900;975.19
01546;EER non démarré;08/05/2026;—;1000000901;841.09
08495;EER rejeté;08/05/2026;d977cd87;1000000910;284.46
08495;EER rejeté;08/05/2026;a0abbba2;1000000911;490.67
08414;EER non démarré;08/05/2026;—;1000000920;694.91
08414;EER non démarré;08/05/2026;—;1000000921;265.50
05107;EER démarré;08/05/2026;b87061f8;1000000930;761.83
05107;EER démarré;08/05/2026;4889cf2c;1000000931;555.16
01984;EER validé;08/05/2026;ce22d263;1000000940;979.15
01984;EER validé;08/05/2026;b47abb36;1000000941;680.37
06744;EER validé;08/05/2026;a9292b77;1000000950;718.46
06744;EER validé;08/05/2026;fad7d877;1000000951;293.70
06129;EER non démarré;08/05/2026;—;1000000960;677.62
06129;EER non démarré;08/05/2026;—;1000000961;826.50
07462;EER validé;08/05/2026;083b2f2b;1000000970;476.50
07462;EER validé;08/05/2026;386dfb21;1000000971;521.97
09238;EER non démarré;08/05/2026;—;1000000980;718.42
09238;EER non démarré;08/05/2026;—;1000000981;937.88
05326;EER validé;08/05/2026;a7e0b08d;1000000990;807.47
05326;EER validé;08/05/2026;1139541f;1000000991;687.33
09093;EER non démarré;08/05/2026;—;1000001000;859.14
09093;EER non démarré;08/05/2026;—;1000001001;909.34
00368;EER validé;08/05/2026;a9efc194;1000001010;671.38
00368;EER validé;08/05/2026;57f578d7;1000001011;334.72
02872;EER non démarré;08/05/2026;—;1000001020;823.10
02872;EER non démarré;08/05/2026;—;1000001021;109.74
06178;EER non démarré;08/05/2026;—;1000001030;313.34
06178;EER non démarré;08/05/2026;—;1000001031;741.21
06744;EER non démarré;08/05/2026;—;1000001040;266.87
06744;EER non démarré;08/05/2026;—;1000001041;317.21
04333;EER non démarré;08/05/2026;—;1000001050;800.96
04333;EER non démarré;08/05/2026;—;1000001051;653.14
05954;EER validé;08/05/2026;4e1ecafe;1000001060;771.17
05954;EER validé;08/05/2026;3538f853;1000001061;107.99
02455;EER validé;08/05/2026;03f6252c;1000001070;525.39
02455;EER validé;08/05/2026;0ecccca2;1000001071;932.09
05522;EER validé;08/05/2026;0a04f70f;1000001080;539.18
05522;EER validé;08/05/2026;d7e1f7d1;1000001081;298.75
09238;EER démarré;08/05/2026;a180e76e;1000001090;366.41
09238;EER démarré;08/05/2026;34998f98;1000001091;907.80
09238;EER non démarré;08/05/2026;—;1000001100;529.35
09238;EER non démarré;08/05/2026;—;1000001101;781.60
05616;EER non démarré;08/05/2026;—;1000001110;615.10
05616;EER non démarré;08/05/2026;—;1000001111;844.38
09931;EER validé;08/05/2026;a13cf311;1000001120;798.58
09931;EER validé;08/05/2026;513eb740;1000001121;436.47
06332;EER non démarré;08/05/2026;—;1000001130;481.93
06332;EER non démarré;08/05/2026;—;1000001131;587.28
09238;EER validé;08/05/2026;aaf84070;1000001140;906.34
09238;EER validé;08/05/2026;eda83310;1000001141;443.56
01046;EER non démarré;08/05/2026;—;1000001150;368.81
01046;EER non démarré;08/05/2026;—;1000001151;490.91
07386;EER validé;08/05/2026;4926d05b;1000001160;596.27
07386;EER validé;08/05/2026;a847c313;1000001161;764.83
06550;EER non démarré;08/05/2026;—;1000001170;113.37
06550;EER non démarré;08/05/2026;—;1000001171;191.74
05925;EER validé;08/05/2026;d44511aa;1000001180;549.38
05925;EER validé;08/05/2026;f6326dab;1000001181;812.87
09238;EER non démarré;08/05/2026;—;1000001190;823.07
09238;EER non démarré;08/05/2026;—;1000001191;395.94
05027;EER validé;08/05/2026;bb36bc50;1000001200;930.23
05027;EER validé;08/05/2026;a150c986;1000001201;319.23
07627;EER validé;08/05/2026;d6408d37;1000001210;923.42
07627;EER validé;08/05/2026;a2e7a3d0;1000001211;541.34
07386;EER non démarré;08/05/2026;—;1000001220;224.04
07386;EER non démarré;08/05/2026;—;1000001221;367.51
04083;EER non démarré;08/05/2026;—;1000001230;880.90
04083;EER non démarré;08/05/2026;—;1000001231;548.05
06621;EER non démarré;08/05/2026;—;1000001240;280.68
06621;EER non démarré;08/05/2026;—;1000001241;140.92
02200;EER non démarré;08/05/2026;—;1000001250;701.00
02200;EER non démarré;08/05/2026;—;1000001251;469.75
03940;EER démarré;08/05/2026;853d30f0;1000001260;456.76
03940;EER démarré;08/05/2026;d5f4836e;1000001261;257.84
00179;EER à rejeter;08/05/2026;b626872b;1000001270;400.67
00179;EER à rejeter;08/05/2026;2b26abde;1000001271;243.38
09238;EER validé;08/05/2026;367e90ed;1000001280;786.94
09238;EER validé;08/05/2026;3d9cd593;1000001281;730.23
09062;EER validé;08/05/2026;492f40b0;1000001290;856.18
09062;EER validé;08/05/2026;0aa51811;1000001291;619.64
09110;EER validé;08/05/2026;0b795614;1000001300;171.67
09110;EER validé;08/05/2026;7063538d;1000001301;958.62
05991;EER validé;08/05/2026;bebe168c;1000001310;100.26
05991;EER validé;08/05/2026;9904dc56;1000001311;587.59
05331;EER à valider;08/05/2026;372add8a;1000001320;656.46
05331;EER à valider;08/05/2026;79413699;1000001321;234.15
03202;EER validé;08/05/2026;3c967ac5;1000001330;696.14
03202;EER validé;08/05/2026;c6214ed3;1000001331;408.90
03940;EER démarré;08/05/2026;3aa7942c;1000001340;968.43
03940;EER démarré;08/05/2026;836f6da8;1000001341;891.73
01650;EER démarré;08/05/2026;efb9bd6d;1000001350;625.35
01650;EER démarré;08/05/2026;51e7a570;1000001351;205.01
04733;EER non démarré;08/05/2026;—;1000001360;690.80
04733;EER non démarré;08/05/2026;—;1000001361;713.99
05326;EER démarré;08/05/2026;2fa6147f;1000001370;420.16
05326;EER démarré;08/05/2026;88d14bc3;1000001371;175.44
09549;EER validé;08/05/2026;8ded8e7a;1000001380;369.62
09549;EER validé;08/05/2026;321d101b;1000001381;541.46
05443;EER démarré;08/05/2026;3aa01cef;1000001390;649.68
05443;EER démarré;08/05/2026;d9b2ea32;1000001391;153.40
05682;EER non démarré;08/05/2026;—;1000001400;911.05
05682;EER non démarré;08/05/2026;—;1000001401;490.28
09238;EER non démarré;08/05/2026;—;1000001410;631.10
09238;EER non démarré;08/05/2026;—;1000001411;320.83
09238;EER démarré;08/05/2026;90d235fc;1000001420;527.85
09238;EER démarré;08/05/2026;7a8d242e;1000001421;450.06
07386;EER validé;08/05/2026;c6cf0c63;1000001430;172.98
07386;EER validé;08/05/2026;717fc6d0;1000001431;290.86
06744;EER non démarré;08/05/2026;—;1000001440;147.53
06744;EER non démarré;08/05/2026;—;1000001441;605.00
02396;EER non démarré;08/05/2026;—;1000001450;108.83
02396;EER non démarré;08/05/2026;—;1000001451;357.13
08247;EER non démarré;08/05/2026;—;1000001460;309.69
08247;EER non démarré;08/05/2026;—;1000001461;634.98
06239;EER non démarré;08/05/2026;—;1000001470;601.27
06239;EER non démarré;08/05/2026;—;1000001471;860.80
04538;EER non démarré;08/05/2026;—;1000001480;624.81
04538;EER non démarré;08/05/2026;—;1000001481;496.65
01449;EER validé;08/05/2026;050160f6;1000001490;553.21
01449;EER validé;08/05/2026;492f8592;1000001491;788.52
01192;EER validé;08/05/2026;04a047ea;1000001500;998.57
01192;EER validé;08/05/2026;c5775992;1000001501;884.88
09483;EER non démarré;08/05/2026;—;1000001510;803.12
09483;EER non démarré;08/05/2026;—;1000001511;815.46
07627;EER validé;08/05/2026;ac069b90;1000001520;935.73
07627;EER validé;08/05/2026;6322e9c5;1000001521;692.67
09679;EER non démarré;08/05/2026;—;1000001530;436.74
09679;EER non démarré;08/05/2026;—;1000001531;996.44
07627;EER validé;08/05/2026;da3c69d1;1000001540;634.04
07627;EER validé;08/05/2026;8b7ae78d;1000001541;963.16
09238;EER validé;08/05/2026;33c01635;1000001550;574.83
09238;EER validé;08/05/2026;19d3fc9b;1000001551;532.73
09238;EER non démarré;08/05/2026;—;1000001560;308.83
09238;EER non démarré;08/05/2026;—;1000001561;404.36
05468;EER validé;08/05/2026;9a0da68c;1000001570;890.84
05468;EER validé;08/05/2026;64d48f46;1000001571;777.57
03366;EER non démarré;08/05/2026;—;1000001580;887.02
03366;EER non démarré;08/05/2026;—;1000001581;691.55
04721;EER non démarré;08/05/2026;—;1000001590;782.54
04721;EER non démarré;08/05/2026;—;1000001591;731.52
08840;EER non démarré;08/05/2026;—;1000001600;356.62
08840;EER non démarré;08/05/2026;—;1000001601;966.48
07627;EER démarré;08/05/2026;fdeef6b4;1000001610;342.35
07627;EER démarré;08/05/2026;e87ef2e5;1000001611;646.12
09238;EER validé;08/05/2026;4c265358;1000001620;957.95
09238;EER validé;08/05/2026;ea12c23d;1000001621;503.59
01192;EER non démarré;08/05/2026;—;1000001630;787.60
01192;EER non démarré;08/05/2026;—;1000001631;112.12
04700;EER validé;08/05/2026;168be813;1000001640;452.57
04700;EER validé;08/05/2026;c34fc47e;1000001641;136.34
02455;EER validé;08/05/2026;5ed8d3eb;1000001650;521.76
02455;EER validé;08/05/2026;7c1ea741;1000001651;602.81
02200;EER rejeté;08/05/2026;305224fd;1000001660;880.62
02200;EER rejeté;08/05/2026;e12af775;1000001661;939.95
09238;EER validé;08/05/2026;859ecdc8;1000001670;719.40
09238;EER validé;08/05/2026;b62fec33;1000001671;491.87
06744;EER non démarré;08/05/2026;—;1000001680;744.06
06744;EER non démarré;08/05/2026;—;1000001681;779.89
09282;EER validé;08/05/2026;697e71dc;1000001690;915.94
09282;EER validé;08/05/2026;bbf7f176;1000001691;630.01
09069;EER validé;08/05/2026;3ab1940e;1000001700;690.60
09069;EER validé;08/05/2026;2c342183;1000001701;829.68
01588;EER validé;08/05/2026;d46805d5;1000001710;216.85
01588;EER validé;08/05/2026;a3cfa844;1000001711;399.82
08421;EER non démarré;08/05/2026;—;1000001720;877.70
08421;EER non démarré;08/05/2026;—;1000001721;337.37
06744;EER validé;08/05/2026;07458ee9;1000001730;191.84
06744;EER validé;08/05/2026;026488e1;1000001731;360.62
03418;EER non démarré;08/05/2026;—;1000001740;100.66
03418;EER non démarré;08/05/2026;—;1000001741;884.28
08495;EER non démarré;08/05/2026;—;1000001750;850.86
08495;EER non démarré;08/05/2026;—;1000001751;715.12
09238;EER validé;08/05/2026;8cb2fa61;1000001760;667.87
09238;EER validé;08/05/2026;4da76a05;1000001761;459.63
00355;EER rejeté;08/05/2026;c1f825e9;1000001770;376.22
00355;EER rejeté;08/05/2026;dbf5c3c5;1000001771;819.59
09238;EER non démarré;08/05/2026;—;1000001780;817.63
09238;EER non démarré;08/05/2026;—;1000001781;165.00
01036;EER démarré;08/05/2026;62852c8e;1000001790;339.22
01036;EER démarré;08/05/2026;83b418d7;1000001791;925.77
09238;EER validé;08/05/2026;3916b0a5;1000001800;238.65
09238;EER validé;08/05/2026;0705a531;1000001801;226.56
09282;EER non démarré;08/05/2026;—;1000001810;343.33
09282;EER non démarré;08/05/2026;—;1000001811;436.91
01472;EER validé;08/05/2026;a204b32f;1000001820;275.98
01472;EER validé;08/05/2026;1840a006;1000001821;789.09
02988;EER validé;08/05/2026;00474526;1000001830;286.50
02988;EER validé;08/05/2026;df4d5024;1000001831;218.48
05540;EER non démarré;08/05/2026;—;1000001840;990.68
05540;EER non démarré;08/05/2026;—;1000001841;625.97
08641;EER validé;08/05/2026;15ed77cd;1000001850;699.18
08641;EER validé;08/05/2026;55791892;1000001851;526.97
03366;EER validé;08/05/2026;3f65fbc7;1000001860;864.67
03366;EER validé;08/05/2026;4269bf5b;1000001861;851.72
04781;EER non démarré;08/05/2026;—;1000001870;196.32
04781;EER non démarré;08/05/2026;—;1000001871;446.96
06125;EER validé;08/05/2026;54f97911;1000001880;774.83
06125;EER validé;08/05/2026;a0254ee6;1000001881;558.71
05976;EER non démarré;08/05/2026;—;1000001890;581.03
05976;EER non démarré;08/05/2026;—;1000001891;709.01
08448;EER validé;08/05/2026;1b2b12f2;1000001900;257.66
08448;EER validé;08/05/2026;25938b29;1000001901;626.44
05522;EER non démarré;08/05/2026;—;1000001910;127.31
05522;EER non démarré;08/05/2026;—;1000001911;365.74
00118;EER validé;08/05/2026;10de3216;1000001920;890.01
00118;EER validé;08/05/2026;79d1a99a;1000001921;643.80
07386;EER non démarré;08/05/2026;—;1000001930;616.61
07386;EER non démarré;08/05/2026;—;1000001931;991.95
01588;EER non démarré;08/05/2026;—;1000001940;744.47
01588;EER non démarré;08/05/2026;—;1000001941;817.49
09885;EER validé;08/05/2026;500b8a75;1000001950;246.82
09885;EER validé;08/05/2026;26c656d2;1000001951;617.41
05027;EER validé;08/05/2026;9137c9f2;1000001960;287.20
05027;EER validé;08/05/2026;c668a684;1000001961;453.30
04626;EER non démarré;08/05/2026;—;1000001970;427.11
04626;EER non démarré;08/05/2026;—;1000001971;834.18
09238;EER validé;08/05/2026;3d171737;1000001980;423.33
09238;EER validé;08/05/2026;c266e8bb;1000001981;803.93
04650;EER à valider;08/05/2026;4db5f96c;1000001990;917.88
04650;EER à valider;08/05/2026;8405f86d;1000001991;695.84
09940;EER non démarré;08/05/2026;—;1000002000;292.52
09940;EER non démarré;08/05/2026;—;1000002001;786.66
01302;EER validé;08/05/2026;c42a2d69;1000002010;631.94
01302;EER validé;08/05/2026;a7314b89;1000002011;688.69
08697;EER non démarré;08/05/2026;—;1000002020;988.95
08697;EER non démarré;08/05/2026;—;1000002021;785.90
06744;EER non démarré;08/05/2026;—;1000002030;282.72
06744;EER non démarré;08/05/2026;—;1000002031;794.41
09238;EER validé;08/05/2026;ac7cae18;1000002040;323.43
09238;EER validé;08/05/2026;4e9a636e;1000002041;849.38
06792;EER non démarré;08/05/2026;—;1000002050;567.11
06792;EER non démarré;08/05/2026;—;1000002051;543.20
07627;EER validé;08/05/2026;484f03bb;1000002060;544.31
07627;EER validé;08/05/2026;cb22aeb5;1000002061;740.06
06792;EER validé;08/05/2026;41f82a40;1000002070;253.20
06792;EER validé;08/05/2026;d4a92d02;1000002071;947.41
03618;EER non démarré;08/05/2026;—;1000002080;729.79
03618;EER non démarré;08/05/2026;—;1000002081;792.35
01743;EER non démarré;08/05/2026;—;1000002090;776.59
01743;EER non démarré;08/05/2026;—;1000002091;550.04
03940;EER non démarré;08/05/2026;—;1000002100;988.61
03940;EER non démarré;08/05/2026;—;1000002101;687.33
07386;EER non démarré;08/05/2026;—;1000002110;104.05
07386;EER non démarré;08/05/2026;—;1000002111;241.18
03172;EER validé;08/05/2026;dcccc091;1000002120;217.10
03172;EER validé;08/05/2026;b83f1b92;1000002121;208.76
01984;EER non démarré;08/05/2026;—;1000002130;827.44
01984;EER non démarré;08/05/2026;—;1000002131;551.39
04237;EER non démarré;08/05/2026;—;1000002140;897.14
04237;EER non démarré;08/05/2026;—;1000002141;929.20
08342;EER non démarré;08/05/2026;—;1000002150;494.64
08342;EER non démarré;08/05/2026;—;1000002151;897.60
09238;EER rejeté;08/05/2026;7a610e5c;1000002160;230.76
09238;EER rejeté;08/05/2026;c562388a;1000002161;547.31
05334;EER non démarré;08/05/2026;—;1000002170;794.34
05334;EER non démarré;08/05/2026;—;1000002171;271.49
00438;EER validé;08/05/2026;bbf0072e;1000002180;143.40
00438;EER validé;08/05/2026;54fbbbbc;1000002181;916.77
09238;EER validé;08/05/2026;d51a8ec3;1000002190;868.28
09238;EER validé;08/05/2026;1e8280ed;1000002191;613.83
08414;EER non démarré;08/05/2026;—;1000002200;760.85
08414;EER non démarré;08/05/2026;—;1000002201;331.54
07123;EER validé;08/05/2026;ea05cde1;1000002210;703.32
07123;EER validé;08/05/2026;5dc986bf;1000002211;899.20
01036;EER validé;08/05/2026;dfa3b37a;1000002220;815.47
01036;EER validé;08/05/2026;2019b425;1000002221;724.43
05733;EER validé;08/05/2026;fba8a420;1000002230;109.69
05733;EER validé;08/05/2026;68e51024;1000002231;211.06
06812;EER non démarré;08/05/2026;—;1000002240;495.17
06812;EER non démarré;08/05/2026;—;1000002241;898.06
04704;EER validé;08/05/2026;125d948f;1000002250;966.62
04704;EER validé;08/05/2026;169471eb;1000002251;940.57
07286;EER non démarré;08/05/2026;—;1000002260;542.07
07286;EER non démarré;08/05/2026;—;1000002261;500.84
05443;EER validé;08/05/2026;fb960e08;1000002270;675.60
05443;EER validé;08/05/2026;944b38c3;1000002271;328.56
05722;EER démarré;08/05/2026;b275ec3d;1000002280;271.29
05722;EER démarré;08/05/2026;3fe7e967;1000002281;300.39
09238;EER non démarré;08/05/2026;—;1000002290;618.25
09238;EER non démarré;08/05/2026;—;1000002291;218.04
00832;EER rejeté;08/05/2026;3829892d;1000002300;836.22
00832;EER rejeté;08/05/2026;760b58c9;1000002301;580.97
07067;EER rejeté;08/05/2026;d0320869;1000002310;691.12
07067;EER rejeté;08/05/2026;7347533e;1000002311;951.94
05675;EER non démarré;08/05/2026;—;1000002320;591.30
05675;EER non démarré;08/05/2026;—;1000002321;957.37
03910;EER non démarré;08/05/2026;—;1000002330;826.30
03910;EER non démarré;08/05/2026;—;1000002331;564.59
03940;EER non démarré;08/05/2026;—;1000002340;341.84
03940;EER non démarré;08/05/2026;—;1000002341;733.85
07386;EER non démarré;08/05/2026;—;1000002350;753.77
07386;EER non démarré;08/05/2026;—;1000002351;658.44
03852;EER validé;08/05/2026;8ff26636;1000002360;400.92
03852;EER validé;08/05/2026;6be1e1b5;1000002361;991.40
07125;EER non démarré;08/05/2026;—;1000002370;436.92
07125;EER non démarré;08/05/2026;—;1000002371;581.59
00375;EER validé;08/05/2026;a567ddde;1000002380;224.05
00375;EER validé;08/05/2026;73444545;1000002381;850.51
05206;EER non démarré;08/05/2026;—;1000002390;272.55
05206;EER non démarré;08/05/2026;—;1000002391;998.77
07286;EER non démarré;07/05/2026;—;1000002400;533.29
07286;EER non démarré;07/05/2026;—;1000002401;909.84
03358;EER validé;07/05/2026;9f75237e;1000002410;265.97
03358;EER validé;07/05/2026;1fb9a477;1000002411;660.13
05884;EER validé;07/05/2026;1d279e8d;1000002420;113.90
05884;EER validé;07/05/2026;bd4f851f;1000002421;108.61
07063;EER validé;07/05/2026;5205f350;1000002430;228.08
07063;EER validé;07/05/2026;fec74864;1000002431;407.94
07386;EER non démarré;07/05/2026;—;1000002440;466.56
07386;EER non démarré;07/05/2026;—;1000002441;206.68
09238;EER validé;07/05/2026;f6ca4419;1000002450;192.87
09238;EER validé;07/05/2026;254583a8;1000002451;441.56
07063;EER validé;07/05/2026;88921edd;1000002460;165.04
07063;EER validé;07/05/2026;aab3042d;1000002461;505.21
01856;EER validé;07/05/2026;69a8bafa;1000002470;482.22
01856;EER validé;07/05/2026;7f8b57e1;1000002471;998.95
07927;EER non démarré;07/05/2026;—;1000002480;202.18
07927;EER non démarré;07/05/2026;—;1000002481;352.81
02496;EER démarré;07/05/2026;9c25909b;1000002490;410.57
02496;EER démarré;07/05/2026;f808ef2a;1000002491;326.17
08558;EER validé;07/05/2026;28b65489;1000002500;459.90
08558;EER validé;07/05/2026;327c30f1;1000002501;442.65
08084;EER validé;07/05/2026;6746845c;1000002510;917.36
08084;EER validé;07/05/2026;ff6c59f3;1000002511;551.82
06744;EER non démarré;07/05/2026;—;1000002520;826.19
06744;EER non démarré;07/05/2026;—;1000002521;543.36
09355;EER validé;07/05/2026;d74d9022;1000002530;397.20
09355;EER validé;07/05/2026;96f8807a;1000002531;297.10
09238;EER non démarré;07/05/2026;—;1000002540;859.17
09238;EER non démarré;07/05/2026;—;1000002541;882.80
09238;EER non démarré;07/05/2026;—;1000002550;599.86
09238;EER non démarré;07/05/2026;—;1000002551;372.73
05386;EER non démarré;07/05/2026;—;1000002560;411.68
05386;EER non démarré;07/05/2026;—;1000002561;336.20
03784;EER validé;07/05/2026;cd1d923e;1000002570;604.30
03784;EER validé;07/05/2026;48814d32;1000002571;976.86
09238;EER démarré;07/05/2026;fdb0af50;1000002580;222.24
09238;EER démarré;07/05/2026;63af457d;1000002581;285.41
07386;EER non démarré;07/05/2026;—;1000002590;775.63
07386;EER non démarré;07/05/2026;—;1000002591;354.61
04868;EER validé;07/05/2026;96fcfcc9;1000002600;167.94
04868;EER validé;07/05/2026;3a48da20;1000002601;936.56
09667;EER non démarré;07/05/2026;—;1000002610;882.99
09667;EER non démarré;07/05/2026;—;1000002611;724.01
02518;EER non démarré;07/05/2026;—;1000002620;912.25
02518;EER non démarré;07/05/2026;—;1000002621;566.12
00349;EER non démarré;07/05/2026;—;1000002630;541.17
00349;EER non démarré;07/05/2026;—;1000002631;970.70
00165;EER non démarré;07/05/2026;—;1000002640;360.40
00165;EER non démarré;07/05/2026;—;1000002641;775.82
08414;EER non démarré;07/05/2026;—;1000002650;604.11
08414;EER non démarré;07/05/2026;—;1000002651;478.31
06738;EER à valider;07/05/2026;6db01817;1000002660;179.18
06738;EER à valider;07/05/2026;58b6e866;1000002661;700.05
09985;EER validé;07/05/2026;545b78d0;1000002670;104.73
09985;EER validé;07/05/2026;25303270;1000002671;311.47
08414;EER non démarré;07/05/2026;—;1000002680;402.91
08414;EER non démarré;07/05/2026;—;1000002681;218.23
07560;EER validé;07/05/2026;0eaa740a;1000002690;890.17
07560;EER validé;07/05/2026;0f11ced7;1000002691;562.64
02675;EER rejeté;07/05/2026;2a30d2df;1000002700;417.77
02675;EER rejeté;07/05/2026;4bce14c0;1000002701;143.30
00936;EER validé;07/05/2026;29c19503;1000002710;744.08
00936;EER validé;07/05/2026;24ef6af7;1000002711;735.18
01132;EER validé;07/05/2026;8d532e88;1000002720;645.86
01132;EER validé;07/05/2026;2a1f146b;1000002721;467.81
04669;EER rejeté;07/05/2026;5950ae1c;1000002730;711.10
04669;EER rejeté;07/05/2026;983de3c8;1000002731;418.46
07814;EER non démarré;07/05/2026;—;1000002740;451.80
07814;EER non démarré;07/05/2026;—;1000002741;622.23
09017;EER rejeté;07/05/2026;70fcdb2b;1000002750;222.60
09017;EER rejeté;07/05/2026;1c8857b5;1000002751;898.34
07286;EER à rejeter;07/05/2026;ffd00564;1000002760;652.81
07286;EER à rejeter;07/05/2026;3a01b7a3;1000002761;155.79
07961;EER démarré;07/05/2026;f0fa25b5;1000002770;367.80
07961;EER démarré;07/05/2026;566999ea;1000002771;330.03
08144;EER démarré;07/05/2026;111d948c;1000002780;699.09
08144;EER démarré;07/05/2026;5410d051;1000002781;522.54
06094;EER démarré;07/05/2026;67df6111;1000002790;531.72
06094;EER démarré;07/05/2026;7821389b;1000002791;515.37
05522;EER démarré;07/05/2026;cc09a180;1000002800;410.99
05522;EER démarré;07/05/2026;70cfb2cf;1000002801;399.34
00386;EER démarré;07/05/2026;84e698c8;1000002810;842.24
00386;EER démarré;07/05/2026;6448958a;1000002811;839.16
04253;EER non démarré;07/05/2026;—;1000002820;216.52
04253;EER non démarré;07/05/2026;—;1000002821;127.11
03915;EER non démarré;07/05/2026;—;1000002830;760.42
03915;EER non démarré;07/05/2026;—;1000002831;396.37
07386;EER à valider;07/05/2026;b21e870b;1000002840;246.63
07386;EER à valider;07/05/2026;317daa4b;1000002841;442.83
08448;EER validé;07/05/2026;38d56e08;1000002850;583.26
08448;EER validé;07/05/2026;4123fe35;1000002851;573.54
06744;EER non démarré;07/05/2026;—;1000002860;217.79
06744;EER non démarré;07/05/2026;—;1000002861;852.06
04650;EER validé;07/05/2026;2d4ac68d;1000002870;200.13
04650;EER validé;07/05/2026;bfbece1c;1000002871;900.63
02883;EER non démarré;07/05/2026;—;1000002880;297.49
02883;EER non démarré;07/05/2026;—;1000002881;281.63
05682;EER non démarré;07/05/2026;—;1000002890;821.25
05682;EER non démarré;07/05/2026;—;1000002891;914.45
08267;EER non démarré;07/05/2026;—;1000002900;806.72
08267;EER non démarré;07/05/2026;—;1000002901;786.61
08671;EER validé;07/05/2026;677bf7d4;1000002910;370.78
08671;EER validé;07/05/2026;93e836a3;1000002911;796.64
09408;EER validé;07/05/2026;8a128abb;1000002920;548.60
09408;EER validé;07/05/2026;dc753423;1000002921;575.92
02839;EER non démarré;07/05/2026;—;1000002930;160.35
02839;EER non démarré;07/05/2026;—;1000002931;166.83
08048;EER validé;07/05/2026;51a8320c;1000002940;674.03
08048;EER validé;07/05/2026;c1bb2ba7;1000002941;422.94
08342;EER validé;07/05/2026;a7d4f40f;1000002950;559.05
08342;EER validé;07/05/2026;ce7e915f;1000002951;153.89
08495;EER validé;07/05/2026;1cce0dc0;1000002960;815.78
08495;EER validé;07/05/2026;7925ac57;1000002961;870.89
03205;EER démarré;07/05/2026;01f0977c;1000002970;806.14
03205;EER démarré;07/05/2026;ae99e5c7;1000002971;831.64
09483;EER validé;07/05/2026;d5bfeadb;1000002980;741.33
09483;EER validé;07/05/2026;d3f0d6b2;1000002981;896.17
08414;EER validé;07/05/2026;5e1a927f;1000002990;197.08
08414;EER validé;07/05/2026;45c15f18;1000002991;591.13
01358;EER non démarré;07/05/2026;—;1000003000;241.19
01358;EER non démarré;07/05/2026;—;1000003001;172.66
03940;EER non démarré;07/05/2026;—;1000003010;610.83
03940;EER non démarré;07/05/2026;—;1000003011;717.60
09549;EER validé;07/05/2026;5edce39a;1000003020;845.22
09549;EER validé;07/05/2026;7a84f974;1000003021;537.89
09238;EER non démarré;07/05/2026;—;1000003030;887.03
09238;EER non démarré;07/05/2026;—;1000003031;990.07
09238;EER validé;07/05/2026;de737e80;1000003040;628.37
09238;EER validé;07/05/2026;66cfa416;1000003041;548.45
07286;EER validé;07/05/2026;9765d07c;1000003050;362.23
07286;EER validé;07/05/2026;736d5c67;1000003051;609.02
06260;EER validé;07/05/2026;9b027699;1000003060;727.58
06260;EER validé;07/05/2026;da9b634d;1000003061;305.77
09679;EER démarré;07/05/2026;2001713c;1000003070;303.82
09679;EER démarré;07/05/2026;308fe17c;1000003071;441.45
02225;EER validé;07/05/2026;9b9150b4;1000003080;808.60
02225;EER validé;07/05/2026;85808eb0;1000003081;747.67
09238;EER non démarré;07/05/2026;—;1000003090;708.21
09238;EER non démarré;07/05/2026;—;1000003091;289.49
08651;EER non démarré;07/05/2026;—;1000003100;553.87
08651;EER non démarré;07/05/2026;—;1000003101;693.58
02518;EER non démarré;07/05/2026;—;1000003110;251.77
02518;EER non démarré;07/05/2026;—;1000003111;918.21
09238;EER rejeté;07/05/2026;3f39b77e;1000003120;310.75
09238;EER rejeté;07/05/2026;f92b9788;1000003121;250.44
05443;EER validé;07/05/2026;29990d02;1000003130;985.87
05443;EER validé;07/05/2026;21c2fbb1;1000003131;761.68
07386;EER validé;07/05/2026;174dfdde;1000003140;984.83
07386;EER validé;07/05/2026;6a535bdd;1000003141;890.23
08421;EER démarré;07/05/2026;5e4bf888;1000003150;166.97
08421;EER démarré;07/05/2026;96a733aa;1000003151;992.27
02604;EER rejeté;07/05/2026;79243d1c;1000003160;778.59
02604;EER rejeté;07/05/2026;607ad8e0;1000003161;211.39
08430;EER non démarré;07/05/2026;—;1000003170;765.61
08430;EER non démarré;07/05/2026;—;1000003171;335.59
05298;EER rejeté;07/05/2026;fd546771;1000003180;476.82
05298;EER rejeté;07/05/2026;59733233;1000003181;253.36
09238;EER validé;07/05/2026;a48a93be;1000003190;531.09
09238;EER validé;07/05/2026;8c96dd0e;1000003191;458.40
07920;EER non démarré;07/05/2026;—;1000003200;822.55
07920;EER non démarré;07/05/2026;—;1000003201;295.47
03940;EER validé;07/05/2026;d4456bb0;1000003210;537.93
03940;EER validé;07/05/2026;999cb7df;1000003211;498.90
05538;EER validé;07/05/2026;039c4371;1000003220;720.40
05538;EER validé;07/05/2026;13778ae7;1000003221;344.82
03924;EER validé;07/05/2026;e89494b8;1000003230;433.45
03924;EER validé;07/05/2026;8e49c0a2;1000003231;225.50
02886;EER validé;07/05/2026;5071041e;1000003240;482.17
02886;EER validé;07/05/2026;d77a94f8;1000003241;507.08
04955;EER non démarré;07/05/2026;—;1000003250;288.79
04955;EER non démarré;07/05/2026;—;1000003251;719.22
08144;EER non démarré;07/05/2026;—;1000003260;365.72
08144;EER non démarré;07/05/2026;—;1000003261;686.77
07286;EER non démarré;07/05/2026;—;1000003270;481.48
07286;EER non démarré;07/05/2026;—;1000003271;433.18
09985;EER non démarré;07/05/2026;—;1000003280;522.03
09985;EER non démarré;07/05/2026;—;1000003281;142.09
09238;EER démarré;07/05/2026;128ee1ca;1000003290;646.89
09238;EER démarré;07/05/2026;bd4fc16b;1000003291;397.88
04669;EER validé;07/05/2026;2c1740af;1000003300;578.27
04669;EER validé;07/05/2026;9e65fc5e;1000003301;751.30
07047;EER non démarré;07/05/2026;—;1000003310;688.10
07047;EER non démarré;07/05/2026;—;1000003311;851.81
08495;EER non démarré;07/05/2026;—;1000003320;583.47
08495;EER non démarré;07/05/2026;—;1000003321;113.29
04955;EER non démarré;07/05/2026;—;1000003330;641.97
04955;EER non démarré;07/05/2026;—;1000003331;883.55
05522;EER démarré;07/05/2026;5df7278f;1000003340;329.34
05522;EER démarré;07/05/2026;5339c6c8;1000003341;153.47
06867;EER non démarré;07/05/2026;—;1000003350;269.05
06867;EER non démarré;07/05/2026;—;1000003351;789.80
09238;EER démarré;07/05/2026;12ed68fe;1000003360;728.13
09238;EER démarré;07/05/2026;33bea00e;1000003361;402.12
02573;EER validé;07/05/2026;d13cfb10;1000003370;809.10
02573;EER validé;07/05/2026;9ed2a989;1000003371;235.57
07268;EER validé;07/05/2026;34efee85;1000003380;982.77
07268;EER validé;07/05/2026;ed5b5715;1000003381;758.62
04650;EER non démarré;07/05/2026;—;1000003390;467.98
04650;EER non démarré;07/05/2026;—;1000003391;470.24
04767;EER non démarré;07/05/2026;—;1000003400;396.92
04767;EER non démarré;07/05/2026;—;1000003401;210.42
06792;EER non démarré;07/05/2026;—;1000003410;639.29
06792;EER non démarré;07/05/2026;—;1000003411;453.83
01484;EER non démarré;07/05/2026;—;1000003420;715.29
01484;EER non démarré;07/05/2026;—;1000003421;686.07
03231;EER validé;07/05/2026;9dd92bb5;1000003430;477.38
03231;EER validé;07/05/2026;fbdf297d;1000003431;837.08
09238;EER non démarré;07/05/2026;—;1000003440;937.15
09238;EER non démarré;07/05/2026;—;1000003441;599.62
05468;EER non démarré;07/05/2026;—;1000003450;953.68
05468;EER non démarré;07/05/2026;—;1000003451;302.93
06744;EER non démarré;07/05/2026;—;1000003460;692.68
06744;EER non démarré;07/05/2026;—;1000003461;206.35
05769;EER non démarré;07/05/2026;—;1000003470;491.29
05769;EER non démarré;07/05/2026;—;1000003471;490.72
00763;EER validé;07/05/2026;3f1d35b4;1000003480;343.76
00763;EER validé;07/05/2026;2f62e751;1000003481;535.51
06867;EER à valider;07/05/2026;e1de45e4;1000003490;518.88
06867;EER à valider;07/05/2026;eba51764;1000003491;971.86
06744;EER validé;07/05/2026;a10c5ebd;1000003500;868.54
06744;EER validé;07/05/2026;5fad0df4;1000003501;770.55
06744;EER validé;07/05/2026;0336262a;1000003510;818.20
06744;EER validé;07/05/2026;7d8e42f7;1000003511;632.76
05211;EER à valider;07/05/2026;aad27fdf;1000003520;171.87
05211;EER à valider;07/05/2026;2d185b06;1000003521;516.97
06792;EER validé;07/05/2026;e393f6b0;1000003530;686.66
06792;EER validé;07/05/2026;9955e2fc;1000003531;888.79
07853;EER validé;07/05/2026;19b49b44;1000003540;256.90
07853;EER validé;07/05/2026;9e84ffa2;1000003541;306.43
05522;EER non démarré;07/05/2026;—;1000003550;124.61
05522;EER non démarré;07/05/2026;—;1000003551;180.70
06667;EER non démarré;07/05/2026;—;1000003560;101.76
06667;EER non démarré;07/05/2026;—;1000003561;459.72
06744;EER non démarré;07/05/2026;—;1000003570;745.71
06744;EER non démarré;07/05/2026;—;1000003571;263.64
03730;EER validé;07/05/2026;9b107557;1000003580;554.79
03730;EER validé;07/05/2026;036968fc;1000003581;648.54
05765;EER validé;07/05/2026;375adb48;1000003590;202.99
05765;EER validé;07/05/2026;9afcac62;1000003591;539.39
07782;EER validé;07/05/2026;ddb65a84;1000003600;521.93
07782;EER validé;07/05/2026;f803f875;1000003601;145.86
02000;EER non démarré;07/05/2026;—;1000003610;356.55
02000;EER non démarré;07/05/2026;—;1000003611;662.58
03863;EER non démarré;07/05/2026;—;1000003620;995.00
03863;EER non démarré;07/05/2026;—;1000003621;573.30
09902;EER non démarré;07/05/2026;—;1000003630;468.57
09902;EER non démarré;07/05/2026;—;1000003631;329.45
05722;EER validé;07/05/2026;b64ed904;1000003640;771.84
05722;EER validé;07/05/2026;53effc16;1000003641;221.98
06744;EER validé;07/05/2026;e33dcfa5;1000003650;295.13
06744;EER validé;07/05/2026;08c3d708;1000003651;238.21
06662;EER non démarré;07/05/2026;—;1000003660;267.82
06662;EER non démarré;07/05/2026;—;1000003661;194.02
08492;EER validé;07/05/2026;e15e4b6c;1000003670;832.36
08492;EER validé;07/05/2026;30ea870c;1000003671;756.16
02685;EER non démarré;07/05/2026;—;1000003680;544.85
02685;EER non démarré;07/05/2026;—;1000003681;902.72
06125;EER validé;07/05/2026;c443f455;1000003690;218.80
06125;EER validé;07/05/2026;f2b0323c;1000003691;309.60
06662;EER validé;07/05/2026;8eb2e484;1000003700;572.40
06662;EER validé;07/05/2026;5b72185f;1000003701;338.53
03940;EER démarré;07/05/2026;f44d047c;1000003710;806.65
03940;EER démarré;07/05/2026;a51fa425;1000003711;890.67
09238;EER non démarré;07/05/2026;—;1000003720;258.31
09238;EER non démarré;07/05/2026;—;1000003721;209.62
01427;EER non démarré;07/05/2026;—;1000003730;606.73
01427;EER non démarré;07/05/2026;—;1000003731;958.51
00872;EER validé;07/05/2026;6360a8b2;1000003740;967.47
00872;EER validé;07/05/2026;7832c8e1;1000003741;426.47
06744;EER validé;07/05/2026;7a6b15bb;1000003750;494.29
06744;EER validé;07/05/2026;30dd41de;1000003751;542.66
00375;EER non démarré;07/05/2026;—;1000003760;629.80
00375;EER non démarré;07/05/2026;—;1000003761;944.77
02455;EER validé;07/05/2026;1407a734;1000003770;369.12
02455;EER validé;07/05/2026;1716fb83;1000003771;363.08
08084;EER démarré;07/05/2026;9071966c;1000003780;789.87
08084;EER démarré;07/05/2026;ed710ac3;1000003781;349.99
04955;EER validé;07/05/2026;b3d1e906;1000003790;532.66
04955;EER validé;07/05/2026;74027431;1000003791;765.76
00945;EER non démarré;07/05/2026;—;1000003800;802.91
00945;EER non démarré;07/05/2026;—;1000003801;357.42
05099;EER validé;07/05/2026;18f88b1c;1000003810;610.36
05099;EER validé;07/05/2026;4515d457;1000003811;870.96
02897;EER non démarré;07/05/2026;—;1000003820;475.32
02897;EER non démarré;07/05/2026;—;1000003821;100.55
08414;EER validé;07/05/2026;201a0739;1000003830;454.02
08414;EER validé;07/05/2026;d30eb11a;1000003831;452.90
07286;EER validé;07/05/2026;13feb269;1000003840;406.46
07286;EER validé;07/05/2026;19a500fa;1000003841;619.97
06738;EER non démarré;07/05/2026;—;1000003850;604.72
06738;EER non démarré;07/05/2026;—;1000003851;150.76
09893;EER validé;07/05/2026;571b4bff;1000003860;205.68
09893;EER validé;07/05/2026;bf33fab6;1000003861;876.70
06125;EER non démarré;07/05/2026;—;1000003870;312.78
06125;EER non démarré;07/05/2026;—;1000003871;595.51
03940;EER validé;07/05/2026;a0bce886;1000003880;996.90
03940;EER validé;07/05/2026;9f34db2e;1000003881;166.79
05285;EER non démarré;07/05/2026;—;1000003890;694.68
05285;EER non démarré;07/05/2026;—;1000003891;852.09
01694;EER validé;07/05/2026;71f68b8c;1000003900;408.82
01694;EER validé;07/05/2026;344a2b6a;1000003901;461.27
09238;EER validé;07/05/2026;20560ef5;1000003910;326.59
09238;EER validé;07/05/2026;af28e9a7;1000003911;233.10
00151;EER non démarré;07/05/2026;—;1000003920;996.51
00151;EER non démarré;07/05/2026;—;1000003921;680.65
07627;EER non démarré;07/05/2026;—;1000003930;291.26
07627;EER non démarré;07/05/2026;—;1000003931;167.30
02657;EER non démarré;07/05/2026;—;1000003940;264.01
02657;EER non démarré;07/05/2026;—;1000003941;850.96
05270;EER non démarré;07/05/2026;—;1000003950;645.64
05270;EER non démarré;07/05/2026;—;1000003951;314.36
04883;EER non démarré;07/05/2026;—;1000003960;531.29
04883;EER non démarré;07/05/2026;—;1000003961;451.68
06744;EER validé;07/05/2026;7fcbafb4;1000003970;955.82
06744;EER validé;07/05/2026;30b45121;1000003971;583.32
04237;EER non démarré;07/05/2026;—;1000003980;816.35
04237;EER non démarré;07/05/2026;—;1000003981;409.68
03910;EER validé;07/05/2026;3e9f7629;1000003990;459.38
03910;EER validé;07/05/2026;6bcaffa7;1000003991;380.44
07386;EER validé;07/05/2026;e992866e;1000004000;539.47
07386;EER validé;07/05/2026;b258135c;1000004001;199.68
01602;EER validé;07/05/2026;1ef19fed;1000004010;843.23
01602;EER validé;07/05/2026;146e53ed;1000004011;873.64
08580;EER validé;07/05/2026;c0457d29;1000004020;551.24
08580;EER validé;07/05/2026;9fdad01d;1000004021;598.01
00386;EER validé;07/05/2026;ea7bbc26;1000004030;595.33
00386;EER validé;07/05/2026;66fccc5e;1000004031;268.79
01192;EER non démarré;07/05/2026;—;1000004040;573.90
01192;EER non démarré;07/05/2026;—;1000004041;412.96
05651;EER non démarré;07/05/2026;—;1000004050;201.42
05651;EER non démarré;07/05/2026;—;1000004051;212.42
05080;EER non démarré;07/05/2026;—;1000004060;935.12
05080;EER non démarré;07/05/2026;—;1000004061;895.21
05765;EER non démarré;07/05/2026;—;1000004070;407.69
05765;EER non démarré;07/05/2026;—;1000004071;855.40
09238;EER validé;07/05/2026;aa1f57a2;1000004080;251.50
09238;EER validé;07/05/2026;7d54fb83;1000004081;369.69
05995;EER validé;07/05/2026;0713f2e5;1000004090;662.81
05995;EER validé;07/05/2026;9a5bd630;1000004091;365.28
06840;EER non démarré;07/05/2026;—;1000004100;765.64
06840;EER non démarré;07/05/2026;—;1000004101;420.49
00248;EER non démarré;07/05/2026;—;1000004110;938.20
00248;EER non démarré;07/05/2026;—;1000004111;930.84
08495;EER validé;07/05/2026;510f5db7;1000004120;756.38
08495;EER validé;07/05/2026;32e0c318;1000004121;838.44
01773;EER validé;07/05/2026;d9a41586;1000004130;712.25
01773;EER validé;07/05/2026;8ed5e568;1000004131;224.92
07927;EER validé;07/05/2026;45de3e76;1000004140;840.66
07927;EER validé;07/05/2026;4eff0acf;1000004141;597.79
09238;EER non démarré;07/05/2026;—;1000004150;155.98
09238;EER non démarré;07/05/2026;—;1000004151;451.82
05954;EER démarré;07/05/2026;2573baa2;1000004160;728.27
05954;EER démarré;07/05/2026;350dcd07;1000004161;597.85
05027;EER validé;07/05/2026;06c38f8f;1000004170;832.85
05027;EER validé;07/05/2026;1bfe8405;1000004171;546.61
06744;EER non démarré;07/05/2026;—;1000004180;887.67
06744;EER non démarré;07/05/2026;—;1000004181;810.66
09073;EER validé;07/05/2026;b1b6b118;1000004190;422.88
09073;EER validé;07/05/2026;fe473afd;1000004191;280.41
06981;EER validé;07/05/2026;104e09ea;1000004200;303.59
06981;EER validé;07/05/2026;f3133f69;1000004201;598.95
04767;EER non démarré;07/05/2026;—;1000004210;281.84
04767;EER non démarré;07/05/2026;—;1000004211;708.97
02883;EER validé;07/05/2026;54d521c3;1000004220;356.38
02883;EER validé;07/05/2026;0d6d0d87;1000004221;399.88
09238;EER validé;07/05/2026;42921f31;1000004230;218.65
09238;EER validé;07/05/2026;43354e65;1000004231;611.76
05522;EER validé;07/05/2026;280e143b;1000004240;912.16
05522;EER validé;07/05/2026;b90c467c;1000004241;449.18
09093;EER validé;07/05/2026;cd72cfdf;1000004250;464.78
09093;EER validé;07/05/2026;be15af32;1000004251;825.61
02148;EER à rejeter;07/05/2026;0ff34491;1000004260;286.73
02148;EER à rejeter;07/05/2026;4a232770;1000004261;803.46
08580;EER non démarré;07/05/2026;—;1000004270;723.70
08580;EER non démarré;07/05/2026;—;1000004271;635.78
02768;EER non démarré;07/05/2026;—;1000004280;849.99
02768;EER non démarré;07/05/2026;—;1000004281;255.13
09238;EER validé;07/05/2026;5b487b59;1000004290;790.13
09238;EER validé;07/05/2026;301a6325;1000004291;258.34
01800;EER non démarré;07/05/2026;—;1000004300;162.11
01800;EER non démarré;07/05/2026;—;1000004301;354.59
00469;EER validé;07/05/2026;970d05b3;1000004310;192.01
00469;EER validé;07/05/2026;97e6b691;1000004311;891.27
05326;EER validé;07/05/2026;dc89f8be;1000004320;497.70
05326;EER validé;07/05/2026;327621b3;1000004321;992.43
08608;EER non démarré;07/05/2026;—;1000004330;279.33
08608;EER non démarré;07/05/2026;—;1000004331;944.80
09238;EER non démarré;07/05/2026;—;1000004340;677.40
09238;EER non démarré;07/05/2026;—;1000004341;807.41
09238;EER non démarré;07/05/2026;—;1000004350;227.26
09238;EER non démarré;07/05/2026;—;1000004351;973.71
07848;EER non démarré;07/05/2026;—;1000004360;423.64
07848;EER non démarré;07/05/2026;—;1000004361;504.00
09238;EER validé;07/05/2026;29b19b2c;1000004370;670.03
09238;EER validé;07/05/2026;06dc0d3b;1000004371;801.22
04169;EER validé;07/05/2026;aa939d30;1000004380;809.59
04169;EER validé;07/05/2026;641aeeb6;1000004381;185.02
01192;EER validé;07/05/2026;9462f1f0;1000004390;840.86
01192;EER validé;07/05/2026;3a0f2206;1000004391;467.41
05161;EER validé;07/05/2026;c4d50c4e;1000004400;271.49
05161;EER validé;07/05/2026;9264640c;1000004401;621.48
03050;EER validé;07/05/2026;564d35aa;1000004410;249.89
03050;EER validé;07/05/2026;2ae7195d;1000004411;323.18
05575;EER validé;07/05/2026;5c2c86e7;1000004420;192.13
05575;EER validé;07/05/2026;a6af0abc;1000004421;393.54
09276;EER non démarré;07/05/2026;—;1000004430;755.15
09276;EER non démarré;07/05/2026;—;1000004431;254.05
09902;EER validé;07/05/2026;a3b3f771;1000004440;416.89
09902;EER validé;07/05/2026;3ebf4bb1;1000004441;600.65
04786;EER validé;07/05/2026;d770cf28;1000004450;787.85
04786;EER validé;07/05/2026;2b8b9672;1000004451;122.35
00368;EER validé;07/05/2026;dd49211a;1000004460;608.85
00368;EER validé;07/05/2026;937d7325;1000004461;404.09
07462;EER non démarré;07/05/2026;—;1000004470;285.77
07462;EER non démarré;07/05/2026;—;1000004471;662.83
09238;EER validé;07/05/2026;6a0bee16;1000004480;286.83
09238;EER validé;07/05/2026;e0d0a3f9;1000004481;498.04
05027;EER validé;07/05/2026;51d9f5cc;1000004490;670.09
05027;EER validé;07/05/2026;5e421393;1000004491;993.33
06111;EER non démarré;07/05/2026;—;1000004500;334.31
06111;EER non démarré;07/05/2026;—;1000004501;948.42
01984;EER non démarré;07/05/2026;—;1000004510;267.08
01984;EER non démarré;07/05/2026;—;1000004511;337.41
08495;EER non démarré;07/05/2026;—;1000004520;515.29
08495;EER non démarré;07/05/2026;—;1000004521;432.62
05107;EER non démarré;07/05/2026;—;1000004530;401.27
05107;EER non démarré;07/05/2026;—;1000004531;427.68
08421;EER validé;07/05/2026;8056f649;1000004540;236.32
08421;EER validé;07/05/2026;d1092076;1000004541;965.03
07286;EER validé;07/05/2026;b0f8cb1c;1000004550;911.97
07286;EER validé;07/05/2026;afbac03e;1000004551;479.73
09725;EER validé;07/05/2026;3cf1b6e7;1000004560;355.20
09725;EER validé;07/05/2026;79037508;1000004561;410.14
07627;EER démarré;07/05/2026;2f60e83f;1000004570;494.39
07627;EER démarré;07/05/2026;49f4304d;1000004571;131.82
03789;EER démarré;06/05/2026;ae6e610a;1000004580;918.40
03789;EER démarré;06/05/2026;ba59ca9e;1000004581;469.26
05522;EER validé;06/05/2026;1dc2b8ff;1000004590;598.99
05522;EER validé;06/05/2026;38a9898c;1000004591;722.99
07054;EER validé;06/05/2026;a898781b;1000004600;459.76
07054;EER validé;06/05/2026;466669b4;1000004601;374.74
06332;EER non démarré;06/05/2026;—;1000004610;689.66
06332;EER non démarré;06/05/2026;—;1000004611;683.29
01971;EER validé;06/05/2026;f2047d5e;1000004620;558.31
01971;EER validé;06/05/2026;7571a1da;1000004621;879.06
07589;EER validé;06/05/2026;e72395f6;1000004630;173.95
07589;EER validé;06/05/2026;b834d126;1000004631;331.51
03999;EER validé;06/05/2026;8a1b308f;1000004640;137.52
03999;EER validé;06/05/2026;4ccc3297;1000004641;545.71
07335;EER validé;06/05/2026;9b7630c1;1000004650;298.18
07335;EER validé;06/05/2026;8ceb9865;1000004651;117.82
00285;EER démarré;06/05/2026;6e2729fe;1000004660;164.12
00285;EER démarré;06/05/2026;7cbba696;1000004661;745.75
00832;EER non démarré;06/05/2026;—;1000004670;123.49
00832;EER non démarré;06/05/2026;—;1000004671;904.69
01115;EER non démarré;06/05/2026;—;1000004680;125.14
01115;EER non démarré;06/05/2026;—;1000004681;333.58
00386;EER non démarré;06/05/2026;—;1000004690;992.62
00386;EER non démarré;06/05/2026;—;1000004691;782.10
08414;EER non démarré;06/05/2026;—;1000004700;581.15
08414;EER non démarré;06/05/2026;—;1000004701;149.52
00739;EER non démarré;06/05/2026;—;1000004710;922.63
00739;EER non démarré;06/05/2026;—;1000004711;575.66
06490;EER non démarré;06/05/2026;—;1000004720;409.52
06490;EER non démarré;06/05/2026;—;1000004721;598.24
08582;EER validé;06/05/2026;77d989dd;1000004730;643.00
08582;EER validé;06/05/2026;02760631;1000004731;330.62
08986;EER non démarré;06/05/2026;—;1000004740;904.76
08986;EER non démarré;06/05/2026;—;1000004741;463.71
09238;EER validé;06/05/2026;74098754;1000004750;592.55
09238;EER validé;06/05/2026;1e97e29d;1000004751;647.52
05995;EER validé;06/05/2026;734f2558;1000004760;644.82
05995;EER validé;06/05/2026;8aa2030b;1000004761;493.85
09238;EER non démarré;06/05/2026;—;1000004770;692.79
09238;EER non démarré;06/05/2026;—;1000004771;530.73
07286;EER non démarré;06/05/2026;—;1000004780;710.70
07286;EER non démarré;06/05/2026;—;1000004781;870.87
06348;EER validé;06/05/2026;00bf0417;1000004790;131.60
06348;EER validé;06/05/2026;f3987a34;1000004791;425.11
09885;EER validé;06/05/2026;2694551a;1000004800;738.87
09885;EER validé;06/05/2026;c6c96d3a;1000004801;193.08
03850;EER non démarré;06/05/2026;—;1000004810;827.55
03850;EER non démarré;06/05/2026;—;1000004811;491.62
09238;EER non démarré;06/05/2026;—;1000004820;655.76
09238;EER non démarré;06/05/2026;—;1000004821;759.94
02230;EER non démarré;06/05/2026;—;1000004830;610.60
02230;EER non démarré;06/05/2026;—;1000004831;143.00
04781;EER non démarré;06/05/2026;—;1000004840;976.77
04781;EER non démarré;06/05/2026;—;1000004841;103.51
08342;EER à rejeter;06/05/2026;84438c45;1000004850;539.26
08342;EER à rejeter;06/05/2026;5b926577;1000004851;276.53
04456;EER non démarré;06/05/2026;—;1000004860;241.81
04456;EER non démarré;06/05/2026;—;1000004861;988.65
06744;EER non démarré;06/05/2026;—;1000004870;162.90
06744;EER non démarré;06/05/2026;—;1000004871;105.33
09238;EER validé;06/05/2026;f2553659;1000004880;220.04
09238;EER validé;06/05/2026;4c57e823;1000004881;750.72
00674;EER non démarré;06/05/2026;—;1000004890;941.92
00674;EER non démarré;06/05/2026;—;1000004891;117.37
05586;EER non démarré;06/05/2026;—;1000004900;494.08
05586;EER non démarré;06/05/2026;—;1000004901;698.35
09238;EER non démarré;06/05/2026;—;1000004910;959.07
09238;EER non démarré;06/05/2026;—;1000004911;472.83
08342;EER non démarré;06/05/2026;—;1000004920;137.08
08342;EER non démarré;06/05/2026;—;1000004921;371.59
09238;EER non démarré;06/05/2026;—;1000004930;855.25
09238;EER non démarré;06/05/2026;—;1000004931;703.72
09238;EER validé;06/05/2026;a6a37a3b;1000004940;374.82
09238;EER validé;06/05/2026;5d505759;1000004941;584.83
03039;EER non démarré;06/05/2026;—;1000004950;764.19
03039;EER non démarré;06/05/2026;—;1000004951;146.68
01896;EER non démarré;06/05/2026;—;1000004960;214.88
01896;EER non démarré;06/05/2026;—;1000004961;450.21
07439;EER non démarré;06/05/2026;—;1000004970;928.49
07439;EER non démarré;06/05/2026;—;1000004971;858.46
09455;EER validé;06/05/2026;b9666872;1000004980;265.91
09455;EER validé;06/05/2026;1967e89f;1000004981;318.84
08041;EER validé;06/05/2026;fec2e065;1000004990;604.59
08041;EER validé;06/05/2026;f679471f;1000004991;229.39
06744;EER non démarré;06/05/2026;—;1000005000;555.42
06744;EER non démarré;06/05/2026;—;1000005001;515.97
02330;EER validé;06/05/2026;351fe339;1000005010;113.90
02330;EER validé;06/05/2026;d5aac6ca;1000005011;807.39
02079;EER non démarré;06/05/2026;—;1000005020;620.44
02079;EER non démarré;06/05/2026;—;1000005021;785.35
05326;EER rejeté;06/05/2026;5f7ee1f6;1000005030;226.77
05326;EER rejeté;06/05/2026;f3001f59;1000005031;921.75
05955;EER non démarré;06/05/2026;—;1000005040;548.08
05955;EER non démarré;06/05/2026;—;1000005041;710.34
00350;EER non démarré;06/05/2026;—;1000005050;632.82
00350;EER non démarré;06/05/2026;—;1000005051;443.01
00933;EER validé;06/05/2026;79efa75d;1000005060;603.46
00933;EER validé;06/05/2026;a21e4a3e;1000005061;514.66
08495;EER non démarré;06/05/2026;—;1000005070;474.47
08495;EER non démarré;06/05/2026;—;1000005071;994.44
01984;EER non démarré;06/05/2026;—;1000005080;977.89
01984;EER non démarré;06/05/2026;—;1000005081;139.53
00832;EER non démarré;06/05/2026;—;1000005090;294.50
00832;EER non démarré;06/05/2026;—;1000005091;218.01
02035;EER validé;06/05/2026;0ae7c9c7;1000005100;504.98
02035;EER validé;06/05/2026;da5dd911;1000005101;612.41
01891;EER non démarré;06/05/2026;—;1000005110;723.80
01891;EER non démarré;06/05/2026;—;1000005111;818.58
09238;EER non démarré;06/05/2026;—;1000005120;546.97
09238;EER non démarré;06/05/2026;—;1000005121;109.40
03381;EER validé;06/05/2026;7acc7b8b;1000005130;401.31
03381;EER validé;06/05/2026;ade4b2ea;1000005131;874.30
06744;EER rejeté;06/05/2026;312b2eb4;1000005140;409.02
06744;EER rejeté;06/05/2026;78ca0cd0;1000005141;775.44
08253;EER validé;06/05/2026;8a002152;1000005150;191.68
08253;EER validé;06/05/2026;43232e07;1000005151;699.16
00368;EER non démarré;06/05/2026;—;1000005160;493.93
00368;EER non démarré;06/05/2026;—;1000005161;714.15
08048;EER validé;06/05/2026;ae10fb4e;1000005170;890.45
08048;EER validé;06/05/2026;fedfc1b8;1000005171;639.93
00685;EER rejeté;06/05/2026;cb536521;1000005180;342.66
00685;EER rejeté;06/05/2026;3f44aff7;1000005181;331.52
04699;EER validé;06/05/2026;63327248;1000005190;162.92
04699;EER validé;06/05/2026;abbbaf89;1000005191;350.79
03358;EER non démarré;06/05/2026;—;1000005200;255.81
03358;EER non démarré;06/05/2026;—;1000005201;420.29
06736;EER non démarré;06/05/2026;—;1000005210;343.61
06736;EER non démarré;06/05/2026;—;1000005211;598.84
09238;EER non démarré;06/05/2026;—;1000005220;567.74
09238;EER non démarré;06/05/2026;—;1000005221;692.46
04946;EER non démarré;06/05/2026;—;1000005230;137.60
04946;EER non démarré;06/05/2026;—;1000005231;519.60
06784;EER non démarré;06/05/2026;—;1000005240;234.13
06784;EER non démarré;06/05/2026;—;1000005241;257.65
06744;EER non démarré;06/05/2026;—;1000005250;236.15
06744;EER non démarré;06/05/2026;—;1000005251;679.36
03940;EER validé;06/05/2026;45c73d72;1000005260;559.08
03940;EER validé;06/05/2026;a1cafd73;1000005261;672.04
08969;EER validé;06/05/2026;3f3fc0a7;1000005270;648.52
08969;EER validé;06/05/2026;0edfed73;1000005271;374.62
06744;EER non démarré;06/05/2026;—;1000005280;652.71
06744;EER non démarré;06/05/2026;—;1000005281;817.77
05443;EER non démarré;06/05/2026;—;1000005290;161.09
05443;EER non démarré;06/05/2026;—;1000005291;241.93
08421;EER non démarré;06/05/2026;—;1000005300;437.19
08421;EER non démarré;06/05/2026;—;1000005301;333.41
01597;EER non démarré;06/05/2026;—;1000005310;226.31
01597;EER non démarré;06/05/2026;—;1000005311;302.81
03940;EER démarré;06/05/2026;b2f5e3f1;1000005320;229.62
03940;EER démarré;06/05/2026;3f2b3d24;1000005321;470.52
07627;EER non démarré;06/05/2026;—;1000005330;821.18
07627;EER non démarré;06/05/2026;—;1000005331;237.95
03002;EER validé;06/05/2026;7533b7d6;1000005340;764.09
03002;EER validé;06/05/2026;bf420688;1000005341;275.04
07853;EER validé;06/05/2026;43207d50;1000005350;155.56
07853;EER validé;06/05/2026;5aa0df81;1000005351;665.38
03940;EER validé;06/05/2026;0e822240;1000005360;728.72
03940;EER validé;06/05/2026;c5ad40e2;1000005361;881.59
09238;EER validé;06/05/2026;a526302e;1000005370;178.89
09238;EER validé;06/05/2026;75b0aeed;1000005371;229.55
00386;EER non démarré;06/05/2026;—;1000005380;205.77
00386;EER non démarré;06/05/2026;—;1000005381;549.21
06556;EER non démarré;06/05/2026;—;1000005390;550.28
06556;EER non démarré;06/05/2026;—;1000005391;530.73
05675;EER non démarré;06/05/2026;—;1000005400;963.14
05675;EER non démarré;06/05/2026;—;1000005401;658.18
02148;EER non démarré;06/05/2026;—;1000005410;222.96
02148;EER non démarré;06/05/2026;—;1000005411;903.02
07286;EER non démarré;06/05/2026;—;1000005420;851.68
07286;EER non démarré;06/05/2026;—;1000005421;777.17
08671;EER non démarré;06/05/2026;—;1000005430;899.95
08671;EER non démarré;06/05/2026;—;1000005431;347.34
07125;EER non démarré;06/05/2026;—;1000005440;349.01
07125;EER non démarré;06/05/2026;—;1000005441;247.33
09731;EER validé;06/05/2026;f5d951df;1000005450;119.47
09731;EER validé;06/05/2026;65f5daff;1000005451;405.39
09238;EER non démarré;06/05/2026;—;1000005460;646.31
09238;EER non démarré;06/05/2026;—;1000005461;229.69
02074;EER validé;06/05/2026;54bf34ac;1000005470;511.80
02074;EER validé;06/05/2026;802329d3;1000005471;169.48
09238;EER validé;06/05/2026;d35aada5;1000005480;168.16
09238;EER validé;06/05/2026;faaac542;1000005481;423.82
06449;EER démarré;06/05/2026;8d0037f6;1000005490;400.10
06449;EER démarré;06/05/2026;69d41089;1000005491;793.55
02200;EER validé;06/05/2026;ff8137bc;1000005500;419.32
02200;EER validé;06/05/2026;a6a5ed55;1000005501;369.15
05331;EER non démarré;06/05/2026;—;1000005510;280.10
05331;EER non démarré;06/05/2026;—;1000005511;221.17
02167;EER validé;06/05/2026;ebc5ecaf;1000005520;879.22
02167;EER validé;06/05/2026;2d5fe72a;1000005521;192.95
05850;EER validé;06/05/2026;8bacbebb;1000005530;534.96
05850;EER validé;06/05/2026;d9518c1a;1000005531;757.91
07536;EER non démarré;06/05/2026;—;1000005540;640.44
07536;EER non démarré;06/05/2026;—;1000005541;702.13
09630;EER non démarré;06/05/2026;—;1000005550;466.03
09630;EER non démarré;06/05/2026;—;1000005551;361.00
08275;EER validé;06/05/2026;ea168853;1000005560;677.92
08275;EER validé;06/05/2026;79d8d4ee;1000005561;786.81
07627;EER non démarré;06/05/2026;—;1000005570;724.14
07627;EER non démarré;06/05/2026;—;1000005571;697.72
03940;EER non démarré;06/05/2026;—;1000005580;466.93
03940;EER non démarré;06/05/2026;—;1000005581;992.96
06629;EER non démarré;06/05/2026;—;1000005590;105.18
06629;EER non démarré;06/05/2026;—;1000005591;820.51
06125;EER validé;06/05/2026;7a557446;1000005600;207.83
06125;EER validé;06/05/2026;101502a7;1000005601;660.21
02958;EER validé;06/05/2026;5ea430da;1000005610;396.09
02958;EER validé;06/05/2026;a7891eb1;1000005611;299.64
07627;EER validé;06/05/2026;51e2fa96;1000005620;792.47
07627;EER validé;06/05/2026;70474e5c;1000005621;107.64
00756;EER validé;06/05/2026;397da512;1000005630;213.67
00756;EER validé;06/05/2026;9aeab97d;1000005631;652.06
06979;EER non démarré;06/05/2026;—;1000005640;260.75
06979;EER non démarré;06/05/2026;—;1000005641;239.89
05298;EER non démarré;06/05/2026;—;1000005650;691.75
05298;EER non démarré;06/05/2026;—;1000005651;478.97
01209;EER validé;06/05/2026;d8663582;1000005660;471.13
01209;EER validé;06/05/2026;73fac840;1000005661;130.17
07937;EER non démarré;06/05/2026;—;1000005670;621.48
07937;EER non démarré;06/05/2026;—;1000005671;237.98
03607;EER démarré;06/05/2026;6f179c22;1000005680;240.71
03607;EER démarré;06/05/2026;522c7407;1000005681;445.57
04806;EER non démarré;06/05/2026;—;1000005690;482.81
04806;EER non démarré;06/05/2026;—;1000005691;639.28
09238;EER validé;06/05/2026;034d216e;1000005700;493.63
09238;EER validé;06/05/2026;071d1b32;1000005701;390.86
06744;EER non démarré;06/05/2026;—;1000005710;931.70
06744;EER non démarré;06/05/2026;—;1000005711;158.35
01892;EER validé;06/05/2026;7b4f61fe;1000005720;909.34
01892;EER validé;06/05/2026;ed0d6470;1000005721;524.97
03182;EER validé;06/05/2026;db89a46f;1000005730;891.43
03182;EER validé;06/05/2026;a6b7cc3b;1000005731;371.28
00179;EER non démarré;06/05/2026;—;1000005740;374.44
00179;EER non démarré;06/05/2026;—;1000005741;475.64
03210;EER validé;06/05/2026;66bb653c;1000005750;314.28
03210;EER validé;06/05/2026;d50d2da7;1000005751;618.62
00337;EER validé;06/05/2026;5a225108;1000005760;894.43
00337;EER validé;06/05/2026;b45fb9af;1000005761;957.99
07286;EER validé;06/05/2026;0f233787;1000005770;993.04
07286;EER validé;06/05/2026;ad79d542;1000005771;589.64
08554;EER validé;06/05/2026;fe212c43;1000005780;556.44
08554;EER validé;06/05/2026;cc6d74c2;1000005781;104.89
07401;EER démarré;06/05/2026;cf6a362a;1000005790;533.70
07401;EER démarré;06/05/2026;9e611271;1000005791;929.78
07379;EER non démarré;06/05/2026;—;1000005800;664.19
07379;EER non démarré;06/05/2026;—;1000005801;863.81
04767;EER non démarré;06/05/2026;—;1000005810;127.22
04767;EER non démarré;06/05/2026;—;1000005811;998.24
09679;EER validé;06/05/2026;22d051fa;1000005820;561.61
09679;EER validé;06/05/2026;b091a451;1000005821;226.71
05193;EER validé;06/05/2026;e5f9a82d;1000005830;882.53
05193;EER validé;06/05/2026;297c5af4;1000005831;744.78
01192;EER non démarré;06/05/2026;—;1000005840;982.79
01192;EER non démarré;06/05/2026;—;1000005841;511.02
09238;EER validé;06/05/2026;26b9766e;1000005850;284.27
09238;EER validé;06/05/2026;c0b55ef3;1000005851;953.46
08532;EER démarré;06/05/2026;49613d38;1000005860;224.48
08532;EER démarré;06/05/2026;341d2495;1000005861;522.90
08580;EER non démarré;06/05/2026;—;1000005870;610.10
08580;EER non démarré;06/05/2026;—;1000005871;598.77
01971;EER non démarré;06/05/2026;—;1000005880;262.54
01971;EER non démarré;06/05/2026;—;1000005881;723.67
09238;EER non démarré;06/05/2026;—;1000005890;601.26
09238;EER non démarré;06/05/2026;—;1000005891;179.54
06175;EER validé;06/05/2026;5bbece25;1000005900;234.36
06175;EER validé;06/05/2026;fe5a9aa3;1000005901;244.03
03900;EER non démarré;06/05/2026;—;1000005910;153.92
03900;EER non démarré;06/05/2026;—;1000005911;984.60
04538;EER validé;06/05/2026;e0f1842c;1000005920;712.75
04538;EER validé;06/05/2026;ca2e0475;1000005921;362.36
07516;EER non démarré;06/05/2026;—;1000005930;270.85
07516;EER non démarré;06/05/2026;—;1000005931;271.98
09238;EER validé;06/05/2026;8aa447ea;1000005940;453.64
09238;EER validé;06/05/2026;fd85dd6a;1000005941;125.66
05538;EER validé;06/05/2026;ee46e719;1000005950;185.54
05538;EER validé;06/05/2026;4bd25b23;1000005951;474.62
02675;EER validé;06/05/2026;2c09a66a;1000005960;948.44
02675;EER validé;06/05/2026;a5ae7aac;1000005961;675.26
03567;EER validé;06/05/2026;bfddf0bd;1000005970;544.54
03567;EER validé;06/05/2026;dc286c58;1000005971;100.81
03900;EER rejeté;06/05/2026;efe9b7a8;1000005980;999.73
03900;EER rejeté;06/05/2026;b7cf1e5f;1000005981;937.29
04946;EER validé;06/05/2026;cff08785;1000005990;910.68
04946;EER validé;06/05/2026;3414f885;1000005991;693.81
05522;EER validé;06/05/2026;70bd380a;1000006000;397.53
05522;EER validé;06/05/2026;ce809b5a;1000006001;145.37
05331;EER non démarré;06/05/2026;—;1000006010;722.64
05331;EER non démarré;06/05/2026;—;1000006011;537.68
04180;EER validé;06/05/2026;a87a0846;1000006020;447.57
04180;EER validé;06/05/2026;632caef3;1000006021;335.76
06270;EER validé;06/05/2026;9993fa0d;1000006030;227.02
06270;EER validé;06/05/2026;30be0b28;1000006031;638.33
05107;EER validé;06/05/2026;e0b37a62;1000006040;769.45
05107;EER validé;06/05/2026;5be31f31;1000006041;508.33
09476;EER démarré;06/05/2026;079ba1c8;1000006050;114.91
09476;EER démarré;06/05/2026;7750a5a3;1000006051;888.58
05991;EER validé;06/05/2026;dcf86096;1000006060;350.40
05991;EER validé;06/05/2026;a295fc20;1000006061;800.64
06772;EER validé;06/05/2026;5fcef9c7;1000006070;503.92
06772;EER validé;06/05/2026;9e44c29c;1000006071;414.52
09551;EER non démarré;06/05/2026;—;1000006080;881.52
09551;EER non démarré;06/05/2026;—;1000006081;835.70
02495;EER non démarré;06/05/2026;—;1000006090;434.36
02495;EER non démarré;06/05/2026;—;1000006091;506.66
05027;EER validé;06/05/2026;07adb283;1000006100;294.14
05027;EER validé;06/05/2026;60c376d3;1000006101;480.43
02446;EER non démarré;06/05/2026;—;1000006110;108.78
02446;EER non démarré;06/05/2026;—;1000006111;848.22
00126;EER validé;06/05/2026;80be51cf;1000006120;786.49
00126;EER validé;06/05/2026;aad480f6;1000006121;806.79
08414;EER non démarré;06/05/2026;—;1000006130;691.62
08414;EER non démarré;06/05/2026;—;1000006131;786.65
05331;EER non démarré;06/05/2026;—;1000006140;926.78
05331;EER non démarré;06/05/2026;—;1000006141;404.97
00126;EER non démarré;06/05/2026;—;1000006150;897.87
00126;EER non démarré;06/05/2026;—;1000006151;262.34
07152;EER validé;06/05/2026;2bbfdaa9;1000006160;101.57
07152;EER validé;06/05/2026;5e4b4819;1000006161;609.99
05298;EER non démarré;06/05/2026;—;1000006170;174.33
05298;EER non démarré;06/05/2026;—;1000006171;320.57
06107;EER validé;06/05/2026;c8e7caae;1000006180;926.94
06107;EER validé;06/05/2026;72db27c1;1000006181;740.54
04054;EER non démarré;06/05/2026;—;1000006190;412.83
04054;EER non démarré;06/05/2026;—;1000006191;788.62
06744;EER non démarré;06/05/2026;—;1000006200;546.22
06744;EER non démarré;06/05/2026;—;1000006201;286.45
05027;EER validé;06/05/2026;6e897044;1000006210;771.12
05027;EER validé;06/05/2026;119f3574;1000006211;159.31
05689;EER validé;06/05/2026;dea4d740;1000006220;490.20
05689;EER validé;06/05/2026;12fe6ac3;1000006221;135.81
03940;EER non démarré;06/05/2026;—;1000006230;303.68
03940;EER non démarré;06/05/2026;—;1000006231;486.13
05331;EER non démarré;06/05/2026;—;1000006240;783.87
05331;EER non démarré;06/05/2026;—;1000006241;852.64
07286;EER validé;06/05/2026;4165bf63;1000006250;356.59
07286;EER validé;06/05/2026;19f86604;1000006251;883.50
06661;EER non démarré;06/05/2026;—;1000006260;416.43
06661;EER non démarré;06/05/2026;—;1000006261;612.10
01257;EER validé;06/05/2026;8e6f027b;1000006270;167.44
01257;EER validé;06/05/2026;118b7f80;1000006271;994.10
03460;EER non démarré;05/05/2026;—;1000006280;658.78
03460;EER non démarré;05/05/2026;—;1000006281;976.75
00386;EER non démarré;05/05/2026;—;1000006290;173.56
00386;EER non démarré;05/05/2026;—;1000006291;675.37
03940;EER non démarré;05/05/2026;—;1000006300;482.41
03940;EER non démarré;05/05/2026;—;1000006301;473.17
09282;EER non démarré;05/05/2026;—;1000006310;480.83
09282;EER non démarré;05/05/2026;—;1000006311;853.39
06392;EER à valider;05/05/2026;f9c36335;1000006320;616.59
06392;EER à valider;05/05/2026;2523b336;1000006321;653.95
01273;EER démarré;05/05/2026;42c51a01;1000006330;438.17
01273;EER démarré;05/05/2026;b6028b06;1000006331;800.01
02496;EER validé;05/05/2026;5bd7abaa;1000006340;594.77
02496;EER validé;05/05/2026;99d26693;1000006341;950.28
03789;EER non démarré;05/05/2026;—;1000006350;975.79
03789;EER non démarré;05/05/2026;—;1000006351;488.59
08868;EER non démarré;05/05/2026;—;1000006360;471.81
08868;EER non démarré;05/05/2026;—;1000006361;542.62
00165;EER validé;05/05/2026;b33be2f5;1000006370;962.94
00165;EER validé;05/05/2026;bc260d5e;1000006371;979.85
05018;EER non démarré;05/05/2026;—;1000006380;547.35
05018;EER non démarré;05/05/2026;—;1000006381;152.53
09238;EER validé;05/05/2026;82e01086;1000006390;400.91
09238;EER validé;05/05/2026;b8a5470e;1000006391;769.26
08367;EER non démarré;05/05/2026;—;1000006400;578.28
08367;EER non démarré;05/05/2026;—;1000006401;147.26
05479;EER validé;05/05/2026;3617f518;1000006410;175.21
05479;EER validé;05/05/2026;7982fc6f;1000006411;791.12
07408;EER validé;05/05/2026;29c69015;1000006420;996.70
07408;EER validé;05/05/2026;60bc9f33;1000006421;699.22
04883;EER validé;05/05/2026;78dfe184;1000006430;166.76
04883;EER validé;05/05/2026;eb217ed0;1000006431;396.06
05326;EER non démarré;05/05/2026;—;1000006440;355.45
05326;EER non démarré;05/05/2026;—;1000006441;620.95
09238;EER validé;05/05/2026;0b3dfcc5;1000006450;825.26
09238;EER validé;05/05/2026;60e1fade;1000006451;985.09
03751;EER non démarré;05/05/2026;—;1000006460;302.13
03751;EER non démarré;05/05/2026;—;1000006461;337.33
07627;EER non démarré;05/05/2026;—;1000006470;542.36
07627;EER non démarré;05/05/2026;—;1000006471;722.40
05408;EER validé;05/05/2026;00cf3bb1;1000006480;734.76
05408;EER validé;05/05/2026;4c50af18;1000006481;385.45
06744;EER validé;05/05/2026;e9484aa8;1000006490;729.89
06744;EER validé;05/05/2026;703012f8;1000006491;280.72
00386;EER validé;05/05/2026;2a36c12c;1000006500;452.76
00386;EER validé;05/05/2026;f5106cfd;1000006501;784.72
05994;EER validé;05/05/2026;de0f406e;1000006510;395.02
05994;EER validé;05/05/2026;9c2f465f;1000006511;741.97
01046;EER validé;05/05/2026;e538c093;1000006520;358.97
01046;EER validé;05/05/2026;636e9a63;1000006521;832.62
07286;EER validé;05/05/2026;9897f692;1000006530;617.00
07286;EER validé;05/05/2026;48a13fbf;1000006531;637.21
09238;EER validé;05/05/2026;d16c34ee;1000006540;989.23
09238;EER validé;05/05/2026;154abc6c;1000006541;525.48
04868;EER non démarré;05/05/2026;—;1000006550;719.83
04868;EER non démarré;05/05/2026;—;1000006551;885.45
02241;EER à valider;05/05/2026;e7d01aee;1000006560;113.99
02241;EER à valider;05/05/2026;c0dc8ae3;1000006561;467.87
07386;EER rejeté;05/05/2026;c5fc0566;1000006570;124.02
07386;EER rejeté;05/05/2026;32207fc4;1000006571;525.90
03948;EER validé;05/05/2026;db746990;1000006580;441.80
03948;EER validé;05/05/2026;0def387b;1000006581;442.25
09238;EER démarré;05/05/2026;435266dc;1000006590;111.12
09238;EER démarré;05/05/2026;a92ede92;1000006591;283.53
07386;EER validé;05/05/2026;8195c6e7;1000006600;501.67
07386;EER validé;05/05/2026;53dd9cd2;1000006601;809.24
07158;EER validé;05/05/2026;40ac3de3;1000006610;382.93
07158;EER validé;05/05/2026;eb6457b5;1000006611;231.63
05443;EER non démarré;05/05/2026;—;1000006620;688.16
05443;EER non démarré;05/05/2026;—;1000006621;346.79
05765;EER validé;05/05/2026;9a636949;1000006630;621.34
05765;EER validé;05/05/2026;7ffeb4a0;1000006631;216.92
05027;EER validé;05/05/2026;ca6f9aec;1000006640;789.16
05027;EER validé;05/05/2026;dd654300;1000006641;387.90
06191;EER démarré;05/05/2026;6a239104;1000006650;127.11
06191;EER démarré;05/05/2026;57101858;1000006651;245.41
01192;EER validé;05/05/2026;a4e8b493;1000006660;680.42
01192;EER validé;05/05/2026;a96d7651;1000006661;860.22
02468;EER validé;05/05/2026;73bdd177;1000006670;369.51
02468;EER validé;05/05/2026;e43c1c46;1000006671;827.45
09238;EER non démarré;05/05/2026;—;1000006680;367.22
09238;EER non démarré;05/05/2026;—;1000006681;295.51
08582;EER non démarré;05/05/2026;—;1000006690;788.45
08582;EER non démarré;05/05/2026;—;1000006691;699.91
01800;EER validé;05/05/2026;0c0ebf50;1000006700;168.30
01800;EER validé;05/05/2026;0f4d4a9d;1000006701;139.65
08048;EER validé;05/05/2026;6ad6c955;1000006710;695.50
08048;EER validé;05/05/2026;3074736a;1000006711;442.48
06111;EER validé;05/05/2026;627ec5f4;1000006720;891.07
06111;EER validé;05/05/2026;c7309f45;1000006721;885.09
05443;EER non démarré;05/05/2026;—;1000006730;950.43
05443;EER non démarré;05/05/2026;—;1000006731;641.49
06744;EER non démarré;05/05/2026;—;1000006740;457.21
06744;EER non démarré;05/05/2026;—;1000006741;585.51
09434;EER non démarré;05/05/2026;—;1000006750;103.04
09434;EER non démarré;05/05/2026;—;1000006751;787.24
07207;EER validé;05/05/2026;997395a5;1000006760;411.24
07207;EER validé;05/05/2026;3e7a4f4f;1000006761;933.36
04699;EER démarré;05/05/2026;df0a2ef4;1000006770;457.63
04699;EER démarré;05/05/2026;b3b45dc8;1000006771;325.41
06812;EER non démarré;05/05/2026;—;1000006780;115.21
06812;EER non démarré;05/05/2026;—;1000006781;624.98
08554;EER validé;05/05/2026;b90c03c5;1000006790;698.91
08554;EER validé;05/05/2026;745295df;1000006791;336.85
07486;EER rejeté;05/05/2026;28c66c70;1000006800;942.63
07486;EER rejeté;05/05/2026;b9dd3d0d;1000006801;710.35
05443;EER validé;05/05/2026;3d934c3e;1000006810;631.01
05443;EER validé;05/05/2026;91cec4d6;1000006811;930.29
09303;EER validé;05/05/2026;a6003e1a;1000006820;296.67
09303;EER validé;05/05/2026;4c9074c3;1000006821;897.55
07386;EER validé;05/05/2026;30d7c38c;1000006830;781.43
07386;EER validé;05/05/2026;f6f3eae0;1000006831;430.45
01277;EER démarré;05/05/2026;8bd73176;1000006840;355.15
01277;EER démarré;05/05/2026;d4d5678f;1000006841;531.08
08794;EER non démarré;05/05/2026;—;1000006850;825.92
08794;EER non démarré;05/05/2026;—;1000006851;668.28
09238;EER validé;05/05/2026;4cb576ac;1000006860;952.31
09238;EER validé;05/05/2026;167d14c0;1000006861;639.81
08445;EER non démarré;05/05/2026;—;1000006870;178.21
08445;EER non démarré;05/05/2026;—;1000006871;722.45
05027;EER à valider;05/05/2026;21edc050;1000006880;271.70
05027;EER à valider;05/05/2026;76406aa0;1000006881;134.50
03462;EER non démarré;05/05/2026;—;1000006890;935.90
03462;EER non démarré;05/05/2026;—;1000006891;127.89
00756;EER validé;05/05/2026;bccbbdf5;1000006900;913.94
00756;EER validé;05/05/2026;01e7ef82;1000006901;225.38
05021;EER non démarré;05/05/2026;—;1000006910;705.13
05021;EER non démarré;05/05/2026;—;1000006911;989.44
05357;EER validé;05/05/2026;81f16c57;1000006920;587.80
05357;EER validé;05/05/2026;dd041773;1000006921;357.40
06926;EER non démarré;05/05/2026;—;1000006930;566.50
06926;EER non démarré;05/05/2026;—;1000006931;738.61
06792;EER démarré;05/05/2026;d2fed451;1000006940;881.05
06792;EER démarré;05/05/2026;8bdbc598;1000006941;225.43
06744;EER démarré;05/05/2026;8724059f;1000006950;418.02
06744;EER démarré;05/05/2026;c0a117b2;1000006951;697.23
08697;EER validé;05/05/2026;ed57af08;1000006960;818.58
08697;EER validé;05/05/2026;886e2e37;1000006961;261.25
06744;EER non démarré;05/05/2026;—;1000006970;931.63
06744;EER non démarré;05/05/2026;—;1000006971;452.80
09238;EER validé;05/05/2026;a99c69b6;1000006980;132.08
09238;EER validé;05/05/2026;f5ae3e93;1000006981;202.92
09799;EER validé;05/05/2026;c4305af2;1000006990;861.38
09799;EER validé;05/05/2026;b6289846;1000006991;612.79
06812;EER validé;05/05/2026;1eb40a8d;1000007000;701.80
06812;EER validé;05/05/2026;f9ae1f16;1000007001;547.48
08144;EER validé;05/05/2026;ac4715e6;1000007010;241.55
08144;EER validé;05/05/2026;ec52d165;1000007011;201.17
08896;EER validé;05/05/2026;609faa7e;1000007020;583.30
08896;EER validé;05/05/2026;11425e6a;1000007021;524.27
02771;EER validé;05/05/2026;f9af5d15;1000007030;395.12
02771;EER validé;05/05/2026;f3ff7c66;1000007031;598.50
07359;EER validé;05/05/2026;8cef4288;1000007040;594.49
07359;EER validé;05/05/2026;df7c96eb;1000007041;927.29
07386;EER validé;05/05/2026;3498bf17;1000007050;292.81
07386;EER validé;05/05/2026;4a68af20;1000007051;827.19
03940;EER validé;05/05/2026;04924cf0;1000007060;806.63
03940;EER validé;05/05/2026;82ae9428;1000007061;793.04
06178;EER validé;05/05/2026;0baf70bb;1000007070;880.66
06178;EER validé;05/05/2026;eedbf079;1000007071;705.64
06175;EER non démarré;05/05/2026;—;1000007080;678.21
06175;EER non démarré;05/05/2026;—;1000007081;833.93
04406;EER validé;05/05/2026;50e19551;1000007090;831.42
04406;EER validé;05/05/2026;3915cc4e;1000007091;841.04
06213;EER non démarré;05/05/2026;—;1000007100;776.53
06213;EER non démarré;05/05/2026;—;1000007101;513.68
07106;EER validé;05/05/2026;610b2e06;1000007110;143.06
07106;EER validé;05/05/2026;e60959dd;1000007111;722.39
06929;EER non démarré;05/05/2026;—;1000007120;584.77
06929;EER non démarré;05/05/2026;—;1000007121;441.10
00307;EER non démarré;05/05/2026;—;1000007130;653.89
00307;EER non démarré;05/05/2026;—;1000007131;847.16
09238;EER non démarré;05/05/2026;—;1000007140;992.62
09238;EER non démarré;05/05/2026;—;1000007141;620.53
09273;EER non démarré;05/05/2026;—;1000007150;426.54
09273;EER non démarré;05/05/2026;—;1000007151;755.10
08346;EER validé;05/05/2026;e38d4897;1000007160;753.27
08346;EER validé;05/05/2026;90f24245;1000007161;935.59
08421;EER non démarré;05/05/2026;—;1000007170;211.96
08421;EER non démarré;05/05/2026;—;1000007171;364.85
03940;EER validé;05/05/2026;6281b081;1000007180;232.48
03940;EER validé;05/05/2026;e99cc668;1000007181;421.76
09238;EER validé;05/05/2026;62a44bd0;1000007190;751.38
09238;EER validé;05/05/2026;964a2d1f;1000007191;420.30
04333;EER démarré;05/05/2026;b9d67c26;1000007200;685.10
04333;EER démarré;05/05/2026;7c487fae;1000007201;944.66
08608;EER non démarré;05/05/2026;—;1000007210;984.81
08608;EER non démarré;05/05/2026;—;1000007211;640.97
03999;EER validé;05/05/2026;255545eb;1000007220;569.68
03999;EER validé;05/05/2026;9411fcae;1000007221;249.23
08537;EER validé;05/05/2026;235fa0c4;1000007230;149.12
08537;EER validé;05/05/2026;b1857a9f;1000007231;237.84
06490;EER non démarré;05/05/2026;—;1000007240;475.93
06490;EER non démarré;05/05/2026;—;1000007241;487.48
05331;EER démarré;05/05/2026;fc12be22;1000007250;208.74
05331;EER démarré;05/05/2026;d845673d;1000007251;672.93
07014;EER validé;05/05/2026;240a8fa5;1000007260;980.63
07014;EER validé;05/05/2026;212cccfc;1000007261;667.30
08439;EER validé;05/05/2026;f01652e3;1000007270;925.70
08439;EER validé;05/05/2026;a3aecfa1;1000007271;746.22
08548;EER non démarré;05/05/2026;—;1000007280;535.06
08548;EER non démarré;05/05/2026;—;1000007281;573.61
07627;EER validé;05/05/2026;bdf08674;1000007290;917.82
07627;EER validé;05/05/2026;03cda17e;1000007291;100.11
04100;EER non démarré;05/05/2026;—;1000007300;809.79
04100;EER non démarré;05/05/2026;—;1000007301;871.77
09238;EER non démarré;05/05/2026;—;1000007310;793.54
09238;EER non démarré;05/05/2026;—;1000007311;123.24
07386;EER validé;05/05/2026;4adae0ce;1000007320;882.96
07386;EER validé;05/05/2026;07355596;1000007321;769.77
08630;EER non démarré;05/05/2026;—;1000007330;808.09
08630;EER non démarré;05/05/2026;—;1000007331;134.25
09238;EER non démarré;05/05/2026;—;1000007340;240.80
09238;EER non démarré;05/05/2026;—;1000007341;322.12
09483;EER non démarré;05/05/2026;—;1000007350;724.69
09483;EER non démarré;05/05/2026;—;1000007351;916.83
03915;EER non démarré;05/05/2026;—;1000007360;671.39
03915;EER non démarré;05/05/2026;—;1000007361;103.38
01588;EER validé;05/05/2026;b2009fac;1000007370;333.20
01588;EER validé;05/05/2026;b94f7ac8;1000007371;576.20
04835;EER validé;05/05/2026;6235414b;1000007380;221.50
04835;EER validé;05/05/2026;cf31b803;1000007381;402.21
00570;EER non démarré;05/05/2026;—;1000007390;747.49
00570;EER non démarré;05/05/2026;—;1000007391;796.62
05386;EER non démarré;05/05/2026;—;1000007400;736.72
05386;EER non démarré;05/05/2026;—;1000007401;404.70
06744;EER validé;05/05/2026;9c634bd0;1000007410;551.36
06744;EER validé;05/05/2026;c48b3d62;1000007411;860.83
04890;EER validé;05/05/2026;b14c6407;1000007420;908.30
04890;EER validé;05/05/2026;78621b5e;1000007421;545.07
08579;EER validé;05/05/2026;f5441c40;1000007430;722.76
08579;EER validé;05/05/2026;935da03c;1000007431;345.65
09429;EER validé;05/05/2026;535e71f7;1000007440;547.60
09429;EER validé;05/05/2026;a2c95471;1000007441;544.84
05193;EER validé;05/05/2026;d470f607;1000007450;621.44
05193;EER validé;05/05/2026;9ee12b3e;1000007451;494.55
09238;EER validé;05/05/2026;a53b4b8d;1000007460;685.64
09238;EER validé;05/05/2026;703b4ecd;1000007461;958.60
03900;EER non démarré;05/05/2026;—;1000007470;909.97
03900;EER non démarré;05/05/2026;—;1000007471;941.23
00386;EER validé;05/05/2026;b1326419;1000007480;969.67
00386;EER validé;05/05/2026;c1671731;1000007481;339.78
09238;EER validé;05/05/2026;0fdee23e;1000007490;964.21
09238;EER validé;05/05/2026;b5d73806;1000007491;925.84
09238;EER non démarré;05/05/2026;—;1000007500;693.68
09238;EER non démarré;05/05/2026;—;1000007501;225.86
09483;EER non démarré;05/05/2026;—;1000007510;557.67
09483;EER non démarré;05/05/2026;—;1000007511;372.65
00386;EER démarré;05/05/2026;5a0b28fa;1000007520;641.27
00386;EER démarré;05/05/2026;4960b7a7;1000007521;127.14
06744;EER validé;05/05/2026;59e168ba;1000007530;258.71
06744;EER validé;05/05/2026;e6df3f21;1000007531;371.98
09667;EER non démarré;05/05/2026;—;1000007540;210.94
09667;EER non démarré;05/05/2026;—;1000007541;140.37
00276;EER validé;05/05/2026;f800e32b;1000007550;727.43
00276;EER validé;05/05/2026;91046882;1000007551;984.17
09238;EER non démarré;05/05/2026;—;1000007560;459.25
09238;EER non démarré;05/05/2026;—;1000007561;831.94
07627;EER non démarré;05/05/2026;—;1000007570;588.48
07627;EER non démarré;05/05/2026;—;1000007571;333.50
03609;EER validé;05/05/2026;0eed1a0d;1000007580;929.13
03609;EER validé;05/05/2026;aed3e13e;1000007581;794.36
07627;EER non démarré;05/05/2026;—;1000007590;790.35
07627;EER non démarré;05/05/2026;—;1000007591;738.77
02899;EER validé;05/05/2026;0e3b71a4;1000007600;253.04
02899;EER validé;05/05/2026;e87935ce;1000007601;506.58
06744;EER validé;05/05/2026;1b87c102;1000007610;529.15
06744;EER validé;05/05/2026;fd81fe89;1000007611;745.38
09238;EER validé;05/05/2026;b049ff0c;1000007620;219.27
09238;EER validé;05/05/2026;e3a594ac;1000007621;478.54
02200;EER non démarré;05/05/2026;—;1000007630;698.78
02200;EER non démarré;05/05/2026;—;1000007631;824.49
06744;EER non démarré;05/05/2026;—;1000007640;167.85
06744;EER non démarré;05/05/2026;—;1000007641;948.72
05540;EER validé;05/05/2026;0f0746fc;1000007650;522.97
05540;EER validé;05/05/2026;4bea636b;1000007651;692.13
09731;EER non démarré;05/05/2026;—;1000007660;855.72
09731;EER non démarré;05/05/2026;—;1000007661;818.54
05700;EER validé;05/05/2026;39b4eb30;1000007670;448.79
05700;EER validé;05/05/2026;cdf9f819;1000007671;343.97
06744;EER non démarré;05/05/2026;—;1000007680;274.59
06744;EER non démarré;05/05/2026;—;1000007681;283.70
04083;EER non démarré;05/05/2026;—;1000007690;969.12
04083;EER non démarré;05/05/2026;—;1000007691;682.58
06744;EER démarré;05/05/2026;7ae254a7;1000007700;873.24
06744;EER démarré;05/05/2026;8e22933a;1000007701;254.99
09885;EER validé;05/05/2026;4446220d;1000007710;679.98
09885;EER validé;05/05/2026;ea9de11c;1000007711;358.46
09238;EER non démarré;05/05/2026;—;1000007720;863.60
09238;EER non démarré;05/05/2026;—;1000007721;340.45
00832;EER validé;05/05/2026;b13f321b;1000007730;904.70
00832;EER validé;05/05/2026;60c1a987;1000007731;238.15
03337;EER démarré;05/05/2026;3876e518;1000007740;730.61
03337;EER démarré;05/05/2026;033cc147;1000007741;554.80
02002;EER non démarré;05/05/2026;—;1000007750;681.06
02002;EER non démarré;05/05/2026;—;1000007751;206.15
03567;EER non démarré;05/05/2026;—;1000007760;647.23
03567;EER non démarré;05/05/2026;—;1000007761;771.59
09238;EER non démarré;05/05/2026;—;1000007770;226.08
09238;EER non démarré;05/05/2026;—;1000007771;959.22
05884;EER démarré;05/05/2026;c526d13b;1000007780;833.27
05884;EER démarré;05/05/2026;3acfdea8;1000007781;481.47
09238;EER non démarré;05/05/2026;—;1000007790;238.96
09238;EER non démarré;05/05/2026;—;1000007791;265.42
07134;EER validé;05/05/2026;d36f9cf6;1000007800;453.31
07134;EER validé;05/05/2026;7f9c4d25;1000007801;941.40
09238;EER non démarré;05/05/2026;—;1000007810;760.62
09238;EER non démarré;05/05/2026;—;1000007811;591.56
03674;EER validé;05/05/2026;c7a81d4e;1000007820;594.21
03674;EER validé;05/05/2026;98153e2b;1000007821;305.15
01984;EER démarré;05/05/2026;4cf66b61;1000007830;851.25
01984;EER démarré;05/05/2026;1ce5fb59;1000007831;712.70
08137;EER non démarré;05/05/2026;—;1000007840;724.16
08137;EER non démarré;05/05/2026;—;1000007841;634.99
09238;EER validé;05/05/2026;e545c28f;1000007850;998.01
09238;EER validé;05/05/2026;09f6ae8e;1000007851;136.61
09238;EER non démarré;05/05/2026;—;1000007860;411.89
09238;EER non démarré;05/05/2026;—;1000007861;464.11
04781;EER validé;05/05/2026;693bc91a;1000007870;887.79
04781;EER validé;05/05/2026;21cef32d;1000007871;191.10
04669;EER validé;05/05/2026;f966b97b;1000007880;419.55
04669;EER validé;05/05/2026;db241bd2;1000007881;450.19
06744;EER non démarré;05/05/2026;—;1000007890;727.31
06744;EER non démarré;05/05/2026;—;1000007891;179.78
02872;EER validé;05/05/2026;a25a0494;1000007900;981.42
02872;EER validé;05/05/2026;5c5b1188;1000007901;646.84
05027;EER non démarré;05/05/2026;—;1000007910;168.16
05027;EER non démarré;05/05/2026;—;1000007911;286.51
09238;EER validé;05/05/2026;e85266d7;1000007920;445.32
09238;EER validé;05/05/2026;dd3d6141;1000007921;283.69
09238;EER non démarré;05/05/2026;—;1000007930;678.56
09238;EER non démarré;05/05/2026;—;1000007931;787.83
08840;EER validé;05/05/2026;ce07c7fa;1000007940;833.50
08840;EER validé;05/05/2026;492e3fd8;1000007941;145.87
06947;EER validé;05/05/2026;4e9ad14f;1000007950;762.20
06947;EER validé;05/05/2026;9a2e2aaf;1000007951;417.62
01884;EER non démarré;05/05/2026;—;1000007960;392.28
01884;EER non démarré;05/05/2026;—;1000007961;747.77
07123;EER à valider;05/05/2026;4a070a66;1000007970;298.69
07123;EER à valider;05/05/2026;49a182f9;1000007971;651.00
03940;EER validé;05/05/2026;9343c71a;1000007980;869.62
03940;EER validé;05/05/2026;dbb52246;1000007981;676.44
07627;EER validé;05/05/2026;ce549ff3;1000007990;914.38
07627;EER validé;05/05/2026;6717893b;1000007991;852.86
00709;EER validé;05/05/2026;e87debed;1000008000;929.91
00709;EER validé;05/05/2026;41280170;1000008001;243.64
02200;EER validé;04/05/2026;87dfcc39;1000008010;437.29
02200;EER validé;04/05/2026;6f973456;1000008011;500.47
06979;EER validé;04/05/2026;9ad2b351;1000008020;120.96
06979;EER validé;04/05/2026;fb201f15;1000008021;354.31
05326;EER validé;04/05/2026;6ef94625;1000008030;877.37
05326;EER validé;04/05/2026;69078b0a;1000008031;260.35
06840;EER validé;04/05/2026;80c424cc;1000008040;925.97
06840;EER validé;04/05/2026;2b152868;1000008041;395.58
07063;EER validé;04/05/2026;f45a8ddb;1000008050;682.55
07063;EER validé;04/05/2026;4e2e0f85;1000008051;231.13
02455;EER non démarré;04/05/2026;—;1000008060;861.75
02455;EER non démarré;04/05/2026;—;1000008061;512.57
05443;EER validé;04/05/2026;d1818f8d;1000008070;162.52
05443;EER validé;04/05/2026;6333a669;1000008071;611.73
00841;EER validé;04/05/2026;360e65d6;1000008080;247.14
00841;EER validé;04/05/2026;5b963f32;1000008081;328.47
05755;EER non démarré;04/05/2026;—;1000008090;912.65
05755;EER non démarré;04/05/2026;—;1000008091;897.04
09238;EER non démarré;04/05/2026;—;1000008100;445.72
09238;EER non démarré;04/05/2026;—;1000008101;877.43
06867;EER non démarré;04/05/2026;—;1000008110;273.56
06867;EER non démarré;04/05/2026;—;1000008111;156.16
09238;EER à rejeter;04/05/2026;5cfc6bec;1000008120;999.88
09238;EER à rejeter;04/05/2026;cd21565e;1000008121;623.61
02200;EER non démarré;04/05/2026;—;1000008130;619.53
02200;EER non démarré;04/05/2026;—;1000008131;499.68
06744;EER non démarré;04/05/2026;—;1000008140;625.70
06744;EER non démarré;04/05/2026;—;1000008141;509.25
00368;EER non démarré;04/05/2026;—;1000008150;930.17
00368;EER non démarré;04/05/2026;—;1000008151;220.99
02225;EER validé;04/05/2026;71de5b12;1000008160;265.33
02225;EER validé;04/05/2026;71298e7c;1000008161;459.65
00386;EER non démarré;04/05/2026;—;1000008170;406.86
00386;EER non démarré;04/05/2026;—;1000008171;671.89
03940;EER validé;04/05/2026;9066f7b1;1000008180;241.67
03940;EER validé;04/05/2026;22043859;1000008181;840.28
02225;EER validé;04/05/2026;80e047ad;1000008190;142.77
02225;EER validé;04/05/2026;872d5de9;1000008191;351.43
08532;EER validé;04/05/2026;7e340c06;1000008200;119.94
08532;EER validé;04/05/2026;b2917024;1000008201;721.35
08630;EER non démarré;04/05/2026;—;1000008210;442.23
08630;EER non démarré;04/05/2026;—;1000008211;923.71
09238;EER validé;04/05/2026;6b1eb106;1000008220;127.51
09238;EER validé;04/05/2026;6d86ba74;1000008221;989.78
03933;EER validé;04/05/2026;d99b9a42;1000008230;454.40
03933;EER validé;04/05/2026;d09870b5;1000008231;120.73
03260;EER non démarré;04/05/2026;—;1000008240;963.14
03260;EER non démarré;04/05/2026;—;1000008241;322.55
04180;EER non démarré;04/05/2026;—;1000008250;741.33
04180;EER non démarré;04/05/2026;—;1000008251;625.55
08492;EER non démarré;04/05/2026;—;1000008260;676.76
08492;EER non démarré;04/05/2026;—;1000008261;484.25
04169;EER validé;04/05/2026;91f2bfae;1000008270;195.76
04169;EER validé;04/05/2026;2472cd30;1000008271;752.46
05925;EER validé;04/05/2026;a5bcf72a;1000008280;772.82
05925;EER validé;04/05/2026;72afc2e0;1000008281;336.97
01800;EER non démarré;04/05/2026;—;1000008290;791.87
01800;EER non démarré;04/05/2026;—;1000008291;401.47
03567;EER validé;04/05/2026;f4194ad4;1000008300;182.10
03567;EER validé;04/05/2026;235bd054;1000008301;390.49
04333;EER non démarré;04/05/2026;—;1000008310;317.58
04333;EER non démarré;04/05/2026;—;1000008311;723.68
09238;EER validé;04/05/2026;8963e0e7;1000008320;263.70
09238;EER validé;04/05/2026;ca13acc4;1000008321;858.16
06979;EER non démarré;04/05/2026;—;1000008330;540.28
06979;EER non démarré;04/05/2026;—;1000008331;918.44
05206;EER non démarré;04/05/2026;—;1000008340;741.89
05206;EER non démarré;04/05/2026;—;1000008341;149.82
03999;EER validé;04/05/2026;60cc85e7;1000008350;105.44
03999;EER validé;04/05/2026;e71928f7;1000008351;461.16
09238;EER validé;04/05/2026;1d36f2be;1000008360;906.25
09238;EER validé;04/05/2026;05a51fc2;1000008361;444.40
02200;EER non démarré;04/05/2026;—;1000008370;560.85
02200;EER non démarré;04/05/2026;—;1000008371;635.12
07286;EER non démarré;04/05/2026;—;1000008380;501.52
07286;EER non démarré;04/05/2026;—;1000008381;865.88
07386;EER validé;04/05/2026;89a50218;1000008390;865.46
07386;EER validé;04/05/2026;75a15c3d;1000008391;944.61
08421;EER non démarré;04/05/2026;—;1000008400;288.80
08421;EER non démarré;04/05/2026;—;1000008401;614.53
06239;EER non démarré;04/05/2026;—;1000008410;152.31
06239;EER non démarré;04/05/2026;—;1000008411;645.55
09238;EER validé;04/05/2026;724db0fe;1000008420;208.03
09238;EER validé;04/05/2026;11b8461f;1000008421;424.01
05080;EER validé;04/05/2026;79c0955f;1000008430;363.16
05080;EER validé;04/05/2026;97751e7c;1000008431;269.08
07627;EER non démarré;04/05/2026;—;1000008440;466.40
07627;EER non démarré;04/05/2026;—;1000008441;644.89
01573;EER à rejeter;04/05/2026;e527c867;1000008450;307.10
01573;EER à rejeter;04/05/2026;8c1443e7;1000008451;692.79
03940;EER validé;04/05/2026;3c6d0162;1000008460;852.61
03940;EER validé;04/05/2026;6a8c8f76;1000008461;755.92
06191;EER non démarré;04/05/2026;—;1000008470;436.61
06191;EER non démarré;04/05/2026;—;1000008471;165.17
