Numéro;Date de création;Responsable;Statut;Étape en cours;Valeur
1;07/06/2026 23:41:51;;Souscription non démarrée;Parcours non démarré;249.31
2;07/06/2026 23:41:51;;Souscription non démarrée;Parcours non démarré;707.73
3;07/06/2026 23:30:14;;Souscription non démarrée;Parcours non démarré;301.47
4;07/06/2026 23:30:14;;Souscription non démarrée;Parcours non démarré;491.29
5;07/06/2026 22:54:37;;Souscription en cours;Choix de l'offre et livraison;712.72
6;07/06/2026 22:54:37;;Souscription en cours;Choix de l'offre et livraison;320.59
7;07/06/2026 22:54:30;;Souscription en cours;Coordonnées personnelles;291.61
8;07/06/2026 22:54:30;;Souscription en cours;Coordonnées personnelles;246.99
9;07/06/2026 22:51:00;;Souscription en cours;Synchronisation référentiel personne NOVA;946.61
10;07/06/2026 22:51:00;;Souscription en cours;Synchronisation référentiel personne NOVA;369.55
11;07/06/2026 22:33:13;;Souscription en cours;Signature Contrat;252.80
12;07/06/2026 22:33:13;;Souscription en cours;Signature Contrat;771.91
13;07/06/2026 20:59:45;;Souscription en cours;Coordonnées personnelles;398.71
14;07/06/2026 20:59:45;;Souscription en cours;Coordonnées personnelles;554.81
15;07/06/2026 20:12:03;;Souscription en cours;Coordonnées personnelles;994.19
16;07/06/2026 20:12:03;;Souscription en cours;Coordonnées personnelles;658.27
17;07/06/2026 19:29:55;;Souscription en cours;Choix de l'offre et livraison;166.50
18;07/06/2026 19:29:55;;Souscription en cours;Choix de l'offre et livraison;406.02
19;07/06/2026 19:22:12;;Souscription en cours;Coordonnées personnelles;699.99
20;07/06/2026 19:22:12;;Souscription en cours;Coordonnées personnelles;785.50
21;07/06/2026 19:09:13;;Souscription en cours;Choix de l'offre et livraison;185.37
22;07/06/2026 19:09:13;;Souscription en cours;Choix de l'offre et livraison;866.95
23;07/06/2026 18:44:08;;Souscription en cours;Coordonnées personnelles;260.86
24;07/06/2026 18:44:08;;Souscription en cours;Coordonnées personnelles;353.94
25;07/06/2026 18:01:58;;Souscription en cours;Coordonnées personnelles;831.39
26;07/06/2026 18:01:58;;Souscription en cours;Coordonnées personnelles;952.99
27;07/06/2026 17:53:33;;Souscription en cours;Signature Contrat;605.77
28;07/06/2026 17:53:33;;Souscription en cours;Signature Contrat;614.96
29;07/06/2026 17:34:29;;Souscription en cours;Coordonnées personnelles;810.01
30;07/06/2026 17:34:29;;Souscription en cours;Coordonnées personnelles;323.61
31;07/06/2026 17:25:23;;Souscription non démarrée;Parcours non démarré;354.80
32;07/06/2026 17:25:23;;Souscription non démarrée;Parcours non démarré;417.16
33;07/06/2026 17:09:41;;Souscription en cours;Coordonnées personnelles;246.42
34;07/06/2026 17:09:41;;Souscription en cours;Coordonnées personnelles;129.22
35;07/06/2026 17:09:05;;Souscription en cours;Vérification d'identité;335.39
36;07/06/2026 17:09:05;;Souscription en cours;Vérification d'identité;589.06
37;07/06/2026 17:06:11;;Souscription non démarrée;Parcours non démarré;652.56
38;07/06/2026 17:06:11;;Souscription non démarrée;Parcours non démarré;889.02
39;07/06/2026 16:48:08;;Souscription en cours;Choix de l'offre et livraison;319.05
40;07/06/2026 16:48:08;;Souscription en cours;Choix de l'offre et livraison;133.63
41;07/06/2026 16:47:35;;Souscription en cours;Vérification d'identité;816.96
42;07/06/2026 16:47:35;;Souscription en cours;Vérification d'identité;813.66
43;07/06/2026 16:43:23;;Souscription en cours;Coordonnées personnelles;142.47
44;07/06/2026 16:43:23;;Souscription en cours;Coordonnées personnelles;149.76
45;07/06/2026 16:20:33;;Dossier validé;Parcours terminé;651.88
46;07/06/2026 16:20:33;;Dossier validé;Parcours terminé;276.89
47;07/06/2026 16:12:29;;Souscription non démarrée;Parcours non démarré;977.52
48;07/06/2026 16:12:29;;Souscription non démarrée;Parcours non démarré;485.99
49;07/06/2026 16:02:39;;En attente d'analyse Agent - Dossier avec erreurs;Signature Contrat;495.36
50;07/06/2026 16:02:39;;En attente d'analyse Agent - Dossier avec erreurs;Signature Contrat;482.67
51;07/06/2026 16:02:39;;Souscription en cours;Vérification d'identité;977.21
52;07/06/2026 16:02:39;;Souscription en cours;Vérification d'identité;382.96
53;07/06/2026 15:21:43;;Souscription en cours;Coordonnées personnelles;252.95
54;07/06/2026 15:21:43;;Souscription en cours;Coordonnées personnelles;903.82
55;07/06/2026 15:16:59;;Souscription en cours;Choix de l'offre et livraison;810.17
56;07/06/2026 15:16:59;;Souscription en cours;Choix de l'offre et livraison;869.15
57;07/06/2026 15:13:48;;Souscription en cours;Coordonnées personnelles;162.37
58;07/06/2026 15:13:48;;Souscription en cours;Coordonnées personnelles;383.98
59;07/06/2026 15:08:44;;Souscription en cours;Coordonnées personnelles;453.29
60;07/06/2026 15:08:44;;Souscription en cours;Coordonnées personnelles;682.15
61;07/06/2026 15:04:30;;Souscription en cours;Coordonnées personnelles;205.61
62;07/06/2026 15:04:30;;Souscription en cours;Coordonnées personnelles;146.39
63;07/06/2026 15:03:28;;Souscription en cours;Signature Contrat;663.90
64;07/06/2026 15:03:28;;Souscription en cours;Signature Contrat;571.80
65;07/06/2026 15:01:08;;Souscription en cours;Choix de l'offre et livraison;589.25
66;07/06/2026 15:01:08;;Souscription en cours;Choix de l'offre et livraison;975.16
67;07/06/2026 14:56:03;;Souscription en cours;Coordonnées personnelles;658.44
68;07/06/2026 14:56:03;;Souscription en cours;Coordonnées personnelles;329.24
69;07/06/2026 14:50:44;;Souscription en cours;Vérification d'identité;471.85
70;07/06/2026 14:50:44;;Souscription en cours;Vérification d'identité;537.26
71;07/06/2026 14:46:47;;Souscription en cours;Informations complémentaires (Etablissements, etc.);872.49
72;07/06/2026 14:46:47;;Souscription en cours;Informations complémentaires (Etablissements, etc.);621.46
73;07/06/2026 14:38:49;;Souscription en cours;Coordonnées personnelles;637.38
74;07/06/2026 14:38:49;;Souscription en cours;Coordonnées personnelles;522.32
75;07/06/2026 14:23:56;;Souscription en cours;Informations complémentaires (Etablissements, etc.);192.39
76;07/06/2026 14:23:56;;Souscription en cours;Informations complémentaires (Etablissements, etc.);312.39
77;07/06/2026 14:19:56;;Souscription en cours;Vérification d'identité;168.98
78;07/06/2026 14:19:56;;Souscription en cours;Vérification d'identité;388.04
79;07/06/2026 14:11:09;;Souscription en cours;Choix de l'offre et livraison;198.53
80;07/06/2026 14:11:09;;Souscription en cours;Choix de l'offre et livraison;756.70
81;07/06/2026 13:53:36;;Souscription en cours;Coordonnées personnelles;348.16
82;07/06/2026 13:53:36;;Souscription en cours;Coordonnées personnelles;144.57
83;07/06/2026 13:16:30;;Souscription en cours;Coordonnées personnelles;783.50
84;07/06/2026 13:16:30;;Souscription en cours;Coordonnées personnelles;924.48
85;07/06/2026 13:03:28;;Souscription en cours;Synchronisation référentiel personne NOVA;681.64
86;07/06/2026 13:03:28;;Souscription en cours;Synchronisation référentiel personne NOVA;852.35
87;07/06/2026 13:00:39;;Souscription en cours;Coordonnées personnelles;382.15
88;07/06/2026 13:00:39;;Souscription en cours;Coordonnées personnelles;932.72
89;07/06/2026 12:45:48;;Souscription non démarrée;Parcours non démarré;441.38
90;07/06/2026 12:45:48;;Souscription non démarrée;Parcours non démarré;281.21
91;07/06/2026 12:36:36;;En attente d'analyse Agent - Dossier avec erreurs;Signature Contrat;547.54
92;07/06/2026 12:36:36;;En attente d'analyse Agent - Dossier avec erreurs;Signature Contrat;869.97
93;07/06/2026 12:32:27;;Dossier validé;Parcours terminé;878.30
94;07/06/2026 12:32:27;;Dossier validé;Parcours terminé;247.58
95;07/06/2026 12:28:42;;En attente d'analyse Agent - Dossier avec erreurs;Signature Contrat;498.79
96;07/06/2026 12:28:42;;En attente d'analyse Agent - Dossier avec erreurs;Signature Contrat;961.48
97;07/06/2026 12:23:46;;Souscription en cours;Coordonnées personnelles;882.10
98;07/06/2026 12:23:46;;Souscription en cours;Coordonnées personnelles;487.68
99;07/06/2026 11:55:01;;Souscription en cours;Choix de l'offre et livraison;727.88
100;07/06/2026 11:55:01;;Souscription en cours;Choix de l'offre et livraison;393.97
101;07/06/2026 11:47:43;;Souscription en cours;Choix de l'offre et livraison;494.24
102;07/06/2026 11:47:43;;Souscription en cours;Choix de l'offre et livraison;997.23
103;07/06/2026 11:46:55;;Souscription en cours;Choix de l'offre et livraison;111.26
104;07/06/2026 11:46:55;;Souscription en cours;Choix de l'offre et livraison;658.17
105;07/06/2026 11:46:06;;Souscription en cours;Vérification d'identité;907.95
106;07/06/2026 11:46:06;;Souscription en cours;Vérification d'identité;482.29
107;07/06/2026 11:43:17;;Souscription en cours;Coordonnées personnelles;976.83
108;07/06/2026 11:43:17;;Souscription en cours;Coordonnées personnelles;136.62
109;07/06/2026 11:36:01;;Souscription en cours;Coordonnées personnelles;832.54
110;07/06/2026 11:36:01;;Souscription en cours;Coordonnées personnelles;783.28
111;07/06/2026 11:28:39;;Souscription en cours;Signature Contrat;489.03
112;07/06/2026 11:28:39;;Souscription en cours;Signature Contrat;132.06
113;07/06/2026 11:27:33;;En attente d'analyse Agent - Dossier avec erreurs;Signature Contrat;854.97
114;07/06/2026 11:27:33;;En attente d'analyse Agent - Dossier avec erreurs;Signature Contrat;599.94
115;07/06/2026 11:16:40;;Souscription en cours;Coordonnées personnelles;603.08
116;07/06/2026 11:16:40;;Souscription en cours;Coordonnées personnelles;456.73
117;07/06/2026 11:16:18;;Souscription en cours;Vérification d'identité;126.68
118;07/06/2026 11:16:18;;Souscription en cours;Vérification d'identité;317.61
119;07/06/2026 11:14:55;;Souscription en cours;Coordonnées personnelles;688.77
120;07/06/2026 11:14:55;;Souscription en cours;Coordonnées personnelles;808.88
121;07/06/2026 11:07:49;;Souscription en cours;Coordonnées personnelles;194.43
122;07/06/2026 11:07:49;;Souscription en cours;Coordonnées personnelles;983.49
123;07/06/2026 11:04:40;;Souscription en cours;Coordonnées personnelles;176.51
124;07/06/2026 11:04:40;;Souscription en cours;Coordonnées personnelles;414.75
125;07/06/2026 10:56:03;;Souscription en cours;Coordonnées personnelles;184.39
126;07/06/2026 10:56:03;;Souscription en cours;Coordonnées personnelles;911.26
127;07/06/2026 10:27:35;;Souscription en cours;Synchronisation référentiel personne NOVA;740.71
128;07/06/2026 10:27:35;;Souscription en cours;Synchronisation référentiel personne NOVA;995.27
129;07/06/2026 10:24:08;;Souscription en cours;Choix de l'offre et livraison;845.23
130;07/06/2026 10:24:08;;Souscription en cours;Choix de l'offre et livraison;615.73
131;07/06/2026 10:17:52;;Souscription non démarrée;Parcours non démarré;498.71
132;07/06/2026 10:17:52;;Souscription non démarrée;Parcours non démarré;264.88
133;07/06/2026 10:15:19;;Dossier validé;Parcours terminé;260.13
134;07/06/2026 10:15:19;;Dossier validé;Parcours terminé;626.90
135;07/06/2026 10:15:16;;Souscription en cours;Coordonnées personnelles;776.44
136;07/06/2026 10:15:16;;Souscription en cours;Coordonnées personnelles;941.42
137;07/06/2026 10:14:08;;Souscription en cours;Informations complémentaires (CA, Profession, etc.);395.85
138;07/06/2026 10:14:08;;Souscription en cours;Informations complémentaires (CA, Profession, etc.);906.41
139;07/06/2026 10:00:41;;Souscription en cours;Coordonnées personnelles;661.95
140;07/06/2026 10:00:41;;Souscription en cours;Coordonnées personnelles;556.17
141;07/06/2026 09:25:24;;En attente d'analyse Agent - Dossier avec erreurs;Signature Contrat;136.36
142;07/06/2026 09:25:24;;En attente d'analyse Agent - Dossier avec erreurs;Signature Contrat;455.20
143;07/06/2026 09:03:14;;Souscription en cours;Coordonnées personnelles;278.66
144;07/06/2026 09:03:14;;Souscription en cours;Coordonnées personnelles;593.12
145;07/06/2026 08:53:37;;Souscription en cours;Coordonnées personnelles;820.48
146;07/06/2026 08:53:37;;Souscription en cours;Coordonnées personnelles;891.50
147;07/06/2026 08:22:06;;Souscription en cours;Coordonnées personnelles;495.47
148;07/06/2026 08:22:06;;Souscription en cours;Coordonnées personnelles;676.34
149;07/06/2026 07:44:34;;Souscription en cours;Choix de l'offre et livraison;175.32
150;07/06/2026 07:44:34;;Souscription en cours;Choix de l'offre et livraison;859.01
151;07/06/2026 07:30:10;;Souscription en cours;Vérification d'identité;205.34
152;07/06/2026 07:30:10;;Souscription en cours;Vérification d'identité;636.78
153;07/06/2026 04:52:16;;Souscription en cours;Coordonnées personnelles;829.95
154;07/06/2026 04:52:16;;Souscription en cours;Coordonnées personnelles;460.57
155;07/06/2026 03:59:26;;Souscription en cours;Signature Contrat;857.20
156;07/06/2026 03:59:26;;Souscription en cours;Signature Contrat;622.40
157;07/06/2026 02:30:19;;Souscription en cours;Vérification d'identité;726.86
158;07/06/2026 02:30:19;;Souscription en cours;Vérification d'identité;292.57
159;07/06/2026 01:40:01;;Souscription en cours;Coordonnées personnelles;763.26
160;07/06/2026 01:40:01;;Souscription en cours;Coordonnées personnelles;417.58
161;07/06/2026 01:06:34;;Dossier validé;Parcours terminé;357.85
162;07/06/2026 01:06:34;;Dossier validé;Parcours terminé;635.82
163;06/06/2026 23:54:43;Manon LEFEBVRE;Dossier validé;Parcours terminé;830.41
164;06/06/2026 23:54:43;Manon LEFEBVRE;Dossier validé;Parcours terminé;439.17
165;06/06/2026 23:08:33;;Souscription en cours;Vérification d'identité;191.54
166;06/06/2026 23:08:33;;Souscription en cours;Vérification d'identité;620.73
167;06/06/2026 22:55:25;;En attente d'analyse Agent - Dossier avec erreurs;Signature Contrat;768.18
168;06/06/2026 22:55:25;;En attente d'analyse Agent - Dossier avec erreurs;Signature Contrat;119.49
169;06/06/2026 22:46:16;;Dossier validé;Parcours terminé;677.70
170;06/06/2026 22:46:16;;Dossier validé;Parcours terminé;956.91
171;06/06/2026 22:42:15;;Souscription en cours;Choix de l'offre et livraison;397.00
172;06/06/2026 22:42:15;;Souscription en cours;Choix de l'offre et livraison;535.44
173;06/06/2026 22:17:01;;Souscription en cours;Coordonnées personnelles;166.11
174;06/06/2026 22:17:01;;Souscription en cours;Coordonnées personnelles;964.35
175;06/06/2026 22:13:13;;Souscription non démarrée;Parcours non démarré;169.31
176;06/06/2026 22:13:13;;Souscription non démarrée;Parcours non démarré;288.47
177;06/06/2026 21:46:56;;Dossier validé;Parcours terminé;214.48
178;06/06/2026 21:46:56;;Dossier validé;Parcours terminé;746.95
179;06/06/2026 21:32:21;;Souscription en cours;Coordonnées personnelles;229.96
180;06/06/2026 21:32:21;;Souscription en cours;Coordonnées personnelles;888.63
181;06/06/2026 21:24:55;;Dossier validé;Parcours terminé;699.15
182;06/06/2026 21:24:55;;Dossier validé;Parcours terminé;215.44
183;06/06/2026 21:14:53;;Dossier validé;Parcours terminé;837.03
184;06/06/2026 21:14:53;;Dossier validé;Parcours terminé;692.67
185;06/06/2026 21:10:05;;Souscription en cours;Vérification d'identité;432.61
186;06/06/2026 21:10:05;;Souscription en cours;Vérification d'identité;388.65
187;06/06/2026 21:08:07;;Souscription non démarrée;Parcours non démarré;899.89
188;06/06/2026 21:08:07;;Souscription non démarrée;Parcours non démarré;429.64
189;06/06/2026 20:59:45;;Dossier refusé;Choix de l'offre et livraison;985.13
190;06/06/2026 20:59:45;;Dossier refusé;Choix de l'offre et livraison;672.27
191;06/06/2026 20:58:17;;Souscription en cours;Choix de l'offre et livraison;759.53
192;06/06/2026 20:58:17;;Souscription en cours;Choix de l'offre et livraison;536.42
193;06/06/2026 20:42:27;;Souscription en cours;Coordonnées personnelles;750.31
194;06/06/2026 20:42:27;;Souscription en cours;Coordonnées personnelles;869.35
195;06/06/2026 20:40:15;;Souscription en cours;Signature Contrat;160.48
196;06/06/2026 20:40:15;;Souscription en cours;Signature Contrat;527.53
197;06/06/2026 20:39:16;;Souscription en cours;Criblages BE(s);982.34
198;06/06/2026 20:39:16;;Souscription en cours;Criblages BE(s);727.90
199;06/06/2026 20:36:42;;Souscription en cours;Coordonnées personnelles;372.76
200;06/06/2026 20:36:42;;Souscription en cours;Coordonnées personnelles;609.94
201;06/06/2026 20:31:29;;En attente d'analyse Agent - Dossier avec erreurs;Signature Contrat;603.23
202;06/06/2026 20:31:29;;En attente d'analyse Agent - Dossier avec erreurs;Signature Contrat;164.61
203;06/06/2026 20:20:38;;Souscription en cours;Vérification d'identité;993.14
204;06/06/2026 20:20:38;;Souscription en cours;Vérification d'identité;119.37
205;06/06/2026 20:18:57;;En attente d'analyse Agent - Dossier avec erreurs;Signature Contrat;428.54
206;06/06/2026 20:18:57;;En attente d'analyse Agent - Dossier avec erreurs;Signature Contrat;649.81
207;06/06/2026 19:56:51;;Souscription non démarrée;Parcours non démarré;910.37
208;06/06/2026 19:56:51;;Souscription non démarrée;Parcours non démarré;541.53
209;06/06/2026 19:54:07;;Souscription en cours;Vérification d'identité;834.00
210;06/06/2026 19:54:07;;Souscription en cours;Vérification d'identité;175.05
211;06/06/2026 19:49:25;;Souscription en cours;Coordonnées personnelles;510.97
212;06/06/2026 19:49:25;;Souscription en cours;Coordonnées personnelles;731.19
213;06/06/2026 19:44:15;;Souscription en cours;Coordonnées personnelles;978.93
214;06/06/2026 19:44:15;;Souscription en cours;Coordonnées personnelles;995.18
215;06/06/2026 19:38:57;;Souscription en cours;Signature Contrat;322.49
216;06/06/2026 19:38:57;;Souscription en cours;Signature Contrat;606.03
217;06/06/2026 19:25:48;;Souscription en cours;Coordonnées personnelles;638.90
218;06/06/2026 19:25:48;;Souscription en cours;Coordonnées personnelles;358.23
219;06/06/2026 19:00:06;;En attente d'analyse Agent - Dossier avec erreurs;Signature Contrat;381.06
220;06/06/2026 19:00:06;;En attente d'analyse Agent - Dossier avec erreurs;Signature Contrat;555.20
221;06/06/2026 18:59:34;;Souscription en cours;Criblages BE(s);886.96
222;06/06/2026 18:59:34;;Souscription en cours;Criblages BE(s);236.49
223;06/06/2026 18:54:50;;Souscription en cours;Choix de l'offre et livraison;490.31
224;06/06/2026 18:54:50;;Souscription en cours;Choix de l'offre et livraison;991.70
225;06/06/2026 18:52:19;;Souscription en cours;Coordonnées personnelles;979.86
226;06/06/2026 18:52:19;;Souscription en cours;Coordonnées personnelles;467.26
227;06/06/2026 18:15:50;;Souscription en cours;Coordonnées personnelles;678.14
228;06/06/2026 18:15:50;;Souscription en cours;Coordonnées personnelles;273.10
229;06/06/2026 18:08:48;;Souscription en cours;Choix de l'offre et livraison;167.57
230;06/06/2026 18:08:48;;Souscription en cours;Choix de l'offre et livraison;363.79
231;06/06/2026 18:01:09;;En attente d'analyse Agent - Dossier avec erreurs;Signature Contrat;120.52
232;06/06/2026 18:01:09;;En attente d'analyse Agent - Dossier avec erreurs;Signature Contrat;526.72
233;06/06/2026 17:54:05;;Souscription en cours;Choix de l'offre et livraison;411.92
234;06/06/2026 17:54:05;;Souscription en cours;Choix de l'offre et livraison;574.36
235;06/06/2026 17:48:53;;Souscription en cours;Choix de l'offre et livraison;446.20
236;06/06/2026 17:48:53;;Souscription en cours;Choix de l'offre et livraison;557.13
237;06/06/2026 17:44:35;;Souscription en cours;Informations complémentaires (CA, Profession, etc.);675.56
238;06/06/2026 17:44:35;;Souscription en cours;Informations complémentaires (CA, Profession, etc.);705.16
239;06/06/2026 17:41:15;;Souscription non démarrée;Parcours non démarré;315.99
240;06/06/2026 17:41:15;;Souscription non démarrée;Parcours non démarré;216.94
241;06/06/2026 17:39:31;;Souscription en cours;Signature Contrat;381.31
242;06/06/2026 17:39:31;;Souscription en cours;Signature Contrat;436.95
243;06/06/2026 17:35:34;;Souscription non démarrée;Parcours non démarré;397.65
244;06/06/2026 17:35:34;;Souscription non démarrée;Parcours non démarré;516.43
245;06/06/2026 17:35:05;;Souscription en cours;Coordonnées personnelles;580.96
246;06/06/2026 17:35:05;;Souscription en cours;Coordonnées personnelles;275.20
247;06/06/2026 17:18:31;;Souscription en cours;Coordonnées personnelles;650.63
248;06/06/2026 17:18:31;;Souscription en cours;Coordonnées personnelles;788.24
249;06/06/2026 17:15:38;;Souscription en cours;Coordonnées personnelles;858.94
250;06/06/2026 17:15:38;;Souscription en cours;Coordonnées personnelles;466.16
251;06/06/2026 17:08:41;;Souscription en cours;Coordonnées personnelles;817.61
252;06/06/2026 17:08:41;;Souscription en cours;Coordonnées personnelles;858.82
253;06/06/2026 17:04:21;;Souscription non démarrée;Parcours non démarré;953.55
254;06/06/2026 17:04:21;;Souscription non démarrée;Parcours non démarré;757.59
255;06/06/2026 17:03:36;;Souscription en cours;Synchronisation référentiel personne NOVA;492.92
256;06/06/2026 17:03:36;;Souscription en cours;Synchronisation référentiel personne NOVA;542.59
257;06/06/2026 16:59:12;;Dossier validé;Parcours terminé;747.85
258;06/06/2026 16:59:12;;Dossier validé;Parcours terminé;370.69
259;06/06/2026 16:55:31;;Souscription en cours;Coordonnées personnelles;253.43
260;06/06/2026 16:55:31;;Souscription en cours;Coordonnées personnelles;571.60
261;06/06/2026 16:41:11;;Dossier refusé;Synchronisation référentiel personne NOVA;526.59
262;06/06/2026 16:41:11;;Dossier refusé;Synchronisation référentiel personne NOVA;345.60
263;06/06/2026 16:39:25;;Dossier validé;Parcours terminé;230.99
264;06/06/2026 16:39:25;;Dossier validé;Parcours terminé;594.01
265;06/06/2026 16:38:53;;Souscription en cours;Coordonnées personnelles;199.53
266;06/06/2026 16:38:53;;Souscription en cours;Coordonnées personnelles;550.36
267;06/06/2026 16:38:13;;Souscription en cours;Choix de l'offre et livraison;675.07
268;06/06/2026 16:38:13;;Souscription en cours;Choix de l'offre et livraison;493.68
269;06/06/2026 16:34:59;;En attente d'analyse Agent - Dossier avec erreurs;Signature Contrat;723.00
270;06/06/2026 16:34:59;;En attente d'analyse Agent - Dossier avec erreurs;Signature Contrat;914.08
271;06/06/2026 16:27:57;;En attente d'analyse Agent - Dossier avec erreurs;Signature Contrat;444.07
272;06/06/2026 16:27:57;;En attente d'analyse Agent - Dossier avec erreurs;Signature Contrat;672.36
273;06/06/2026 16:18:16;;En attente d'analyse Agent - Dossier avec erreurs;Signature Contrat;189.96
274;06/06/2026 16:18:16;;En attente d'analyse Agent - Dossier avec erreurs;Signature Contrat;603.40
275;06/06/2026 16:11:51;;Dossier validé;Parcours terminé;428.74
276;06/06/2026 16:11:51;;Dossier validé;Parcours terminé;136.50
277;06/06/2026 16:11:14;;Souscription en cours;Coordonnées personnelles;629.62
278;06/06/2026 16:11:14;;Souscription en cours;Coordonnées personnelles;384.36
279;06/06/2026 16:08:42;;Souscription en cours;Coordonnées personnelles;599.89
280;06/06/2026 16:08:42;;Souscription en cours;Coordonnées personnelles;886.45
281;06/06/2026 16:07:23;;Souscription en cours;Choix de l'offre et livraison;944.52
282;06/06/2026 16:07:23;;Souscription en cours;Choix de l'offre et livraison;451.24
283;06/06/2026 16:04:21;;Souscription en cours;Coordonnées personnelles;688.80
284;06/06/2026 16:04:21;;Souscription en cours;Coordonnées personnelles;758.92
285;06/06/2026 15:53:47;;Souscription en cours;Informations complémentaires (CA, Profession, etc.);421.35
286;06/06/2026 15:53:47;;Souscription en cours;Informations complémentaires (CA, Profession, etc.);965.50
287;06/06/2026 15:46:23;;Souscription en cours;Coordonnées personnelles;862.31
288;06/06/2026 15:46:23;;Souscription en cours;Coordonnées personnelles;624.56
289;06/06/2026 15:45:18;;Souscription en cours;Signature Contrat;618.64
290;06/06/2026 15:45:18;;Souscription en cours;Signature Contrat;198.55
291;06/06/2026 15:43:33;;Souscription en cours;Coordonnées personnelles;118.71
292;06/06/2026 15:43:33;;Souscription en cours;Coordonnées personnelles;111.99
293;06/06/2026 15:34:24;;Dossier refusé;Saisie société;270.14
294;06/06/2026 15:34:24;;Dossier refusé;Saisie société;989.73
295;06/06/2026 15:33:54;;Souscription en cours;Vérification d'identité;373.86
296;06/06/2026 15:33:54;;Souscription en cours;Vérification d'identité;382.15
297;06/06/2026 15:33:48;;Souscription en cours;Coordonnées personnelles;883.74
298;06/06/2026 15:33:48;;Souscription en cours;Coordonnées personnelles;459.76
299;06/06/2026 15:29:13;;Souscription en cours;Coordonnées personnelles;405.12
300;06/06/2026 15:29:13;;Souscription en cours;Coordonnées personnelles;665.87
301;06/06/2026 15:28:19;;Souscription en cours;Coordonnées personnelles;457.01
302;06/06/2026 15:28:19;;Souscription en cours;Coordonnées personnelles;151.40
303;06/06/2026 15:26:53;;Souscription non démarrée;Parcours non démarré;753.61
304;06/06/2026 15:26:53;;Souscription non démarrée;Parcours non démarré;857.47
305;06/06/2026 15:22:35;;En attente d'analyse Agent - Dossier avec erreurs;Signature Contrat;293.46
306;06/06/2026 15:22:35;;En attente d'analyse Agent - Dossier avec erreurs;Signature Contrat;454.91
307;06/06/2026 15:20:19;;Souscription en cours;Coordonnées personnelles;957.85
308;06/06/2026 15:20:19;;Souscription en cours;Coordonnées personnelles;467.63
309;06/06/2026 15:20:07;;Souscription en cours;Coordonnées personnelles;709.77
310;06/06/2026 15:20:07;;Souscription en cours;Coordonnées personnelles;481.21
311;06/06/2026 15:19:20;;Souscription non démarrée;Parcours non démarré;789.42
312;06/06/2026 15:19:20;;Souscription non démarrée;Parcours non démarré;879.49
313;06/06/2026 15:14:12;;Souscription en cours;Coordonnées personnelles;377.58
314;06/06/2026 15:14:12;;Souscription en cours;Coordonnées personnelles;529.62
315;06/06/2026 15:07:00;;Souscription en cours;Informations complémentaires (CA, Profession, etc.);817.53
316;06/06/2026 15:07:00;;Souscription en cours;Informations complémentaires (CA, Profession, etc.);380.86
317;06/06/2026 15:03:56;;Souscription non démarrée;Parcours non démarré;878.77
318;06/06/2026 15:03:56;;Souscription non démarrée;Parcours non démarré;396.29
319;06/06/2026 15:02:26;;Souscription en cours;Coordonnées personnelles;951.01
320;06/06/2026 15:02:26;;Souscription en cours;Coordonnées personnelles;788.77
321;06/06/2026 15:00:48;;Souscription en cours;Coordonnées personnelles;629.36
322;06/06/2026 15:00:48;;Souscription en cours;Coordonnées personnelles;441.24
323;06/06/2026 14:58:40;;Souscription en cours;Signature Contrat;661.37
324;06/06/2026 14:58:40;;Souscription en cours;Signature Contrat;576.57
325;06/06/2026 14:56:18;;Dossier validé;Parcours terminé;457.22
326;06/06/2026 14:56:18;;Dossier validé;Parcours terminé;728.61
327;06/06/2026 14:30:44;;Souscription en cours;Coordonnées personnelles;190.85
328;06/06/2026 14:30:44;;Souscription en cours;Coordonnées personnelles;231.27
329;06/06/2026 14:30:00;;Souscription non démarrée;Parcours non démarré;717.68
330;06/06/2026 14:30:00;;Souscription non démarrée;Parcours non démarré;437.15
331;06/06/2026 14:21:37;;Souscription en cours;Informations complémentaires (CA, Profession, etc.);950.26
332;06/06/2026 14:21:37;;Souscription en cours;Informations complémentaires (CA, Profession, etc.);501.77
333;06/06/2026 14:20:04;;Souscription en cours;Choix de l'offre et livraison;333.82
334;06/06/2026 14:20:04;;Souscription en cours;Choix de l'offre et livraison;945.97
335;06/06/2026 14:18:51;;Souscription en cours;Synchronisation référentiel personne NOVA;983.97
336;06/06/2026 14:18:51;;Souscription en cours;Synchronisation référentiel personne NOVA;650.09
337;06/06/2026 14:13:56;;Souscription non démarrée;Parcours non démarré;982.44
338;06/06/2026 14:13:56;;Souscription non démarrée;Parcours non démarré;419.57
339;06/06/2026 14:12:00;;Souscription en cours;Coordonnées personnelles;298.99
340;06/06/2026 14:12:00;;Souscription en cours;Coordonnées personnelles;637.83
341;06/06/2026 14:07:44;;En attente d'analyse Agent - Dossier avec erreurs;Signature Contrat;914.27
342;06/06/2026 14:07:44;;En attente d'analyse Agent - Dossier avec erreurs;Signature Contrat;186.10
343;06/06/2026 13:56:58;;Souscription en cours;Choix de l'offre et livraison;665.10
344;06/06/2026 13:56:58;;Souscription en cours;Choix de l'offre et livraison;978.66
345;06/06/2026 13:55:42;;Dossier validé;Parcours terminé;277.67
346;06/06/2026 13:55:42;;Dossier validé;Parcours terminé;598.57
347;06/06/2026 13:42:51;;Dossier refusé;Synchronisation référentiel personne NOVA;446.11
348;06/06/2026 13:42:51;;Dossier refusé;Synchronisation référentiel personne NOVA;801.94
349;06/06/2026 13:37:01;;Souscription en cours;Vérification d'identité;209.92
350;06/06/2026 13:37:01;;Souscription en cours;Vérification d'identité;374.10
351;06/06/2026 13:15:16;Hugo MARTIN;Dossier refusé;Saisie société;897.36
352;06/06/2026 13:15:16;Hugo MARTIN;Dossier refusé;Saisie société;665.68
353;06/06/2026 12:58:30;;Souscription en cours;Vérification d'identité;416.17
354;06/06/2026 12:58:30;;Souscription en cours;Vérification d'identité;213.36
355;06/06/2026 12:48:44;;Souscription en cours;Choix de l'offre et livraison;789.50
356;06/06/2026 12:48:44;;Souscription en cours;Choix de l'offre et livraison;860.16
357;06/06/2026 12:40:57;;En attente d'analyse Agent - Dossier avec erreurs;Signature Contrat;900.06
358;06/06/2026 12:40:57;;En attente d'analyse Agent - Dossier avec erreurs;Signature Contrat;219.69
359;06/06/2026 12:26:05;;Dossier validé;Parcours terminé;703.41
360;06/06/2026 12:26:05;;Dossier validé;Parcours terminé;720.40
361;06/06/2026 12:17:01;;Souscription en cours;Coordonnées personnelles;542.59
362;06/06/2026 12:17:01;;Souscription en cours;Coordonnées personnelles;595.80
363;06/06/2026 12:08:31;;En attente d'analyse Agent - Dossier avec erreurs;Signature Contrat;616.17
364;06/06/2026 12:08:31;;En attente d'analyse Agent - Dossier avec erreurs;Signature Contrat;312.73
365;06/06/2026 12:07:17;;Souscription en cours;Choix de l'offre et livraison;339.22
366;06/06/2026 12:07:17;;Souscription en cours;Choix de l'offre et livraison;679.60
367;06/06/2026 12:04:33;;Souscription en cours;Coordonnées personnelles;673.96
368;06/06/2026 12:04:33;;Souscription en cours;Coordonnées personnelles;687.65
369;06/06/2026 11:46:16;;Dossier validé;Parcours terminé;942.38
370;06/06/2026 11:46:16;;Dossier validé;Parcours terminé;394.83
371;06/06/2026 11:39:21;;Souscription en cours;Coordonnées personnelles;851.66
372;06/06/2026 11:39:21;;Souscription en cours;Coordonnées personnelles;398.39
373;06/06/2026 11:38:27;;Souscription en cours;Coordonnées personnelles;218.92
374;06/06/2026 11:38:27;;Souscription en cours;Coordonnées personnelles;174.74
375;06/06/2026 11:37:21;;Souscription en cours;Choix de l'offre et livraison;830.73
376;06/06/2026 11:37:21;;Souscription en cours;Choix de l'offre et livraison;167.93
377;06/06/2026 11:36:03;;Souscription en cours;Choix de l'offre et livraison;105.59
378;06/06/2026 11:36:03;;Souscription en cours;Choix de l'offre et livraison;671.20
379;06/06/2026 11:26:49;;En attente d'analyse Agent - Dossier sans erreur;Parcours terminé;190.35
380;06/06/2026 11:26:49;;En attente d'analyse Agent - Dossier sans erreur;Parcours terminé;562.43
381;06/06/2026 11:20:41;;Souscription en cours;Choix de l'offre et livraison;649.26
382;06/06/2026 11:20:41;;Souscription en cours;Choix de l'offre et livraison;706.63
383;06/06/2026 11:20:30;;Souscription en cours;Signature Contrat;547.12
384;06/06/2026 11:20:30;;Souscription en cours;Signature Contrat;464.41
385;06/06/2026 11:11:53;;En attente d'analyse Agent - Dossier avec erreurs;Signature Contrat;868.94
386;06/06/2026 11:11:53;;En attente d'analyse Agent - Dossier avec erreurs;Signature Contrat;332.84
387;06/06/2026 11:11:15;;Dossier validé;Parcours terminé;655.99
388;06/06/2026 11:11:15;;Dossier validé;Parcours terminé;574.63
389;06/06/2026 11:09:55;Hugo MARTIN;Dossier refusé;Informations complémentaires (CA, Profession, etc.);767.74
390;06/06/2026 11:09:55;Hugo MARTIN;Dossier refusé;Informations complémentaires (CA, Profession, etc.);652.87
391;06/06/2026 11:09:38;;Souscription en cours;Choix de l'offre et livraison;436.57
392;06/06/2026 11:09:38;;Souscription en cours;Choix de l'offre et livraison;830.70
393;06/06/2026 11:08:30;;Souscription en cours;Coordonnées personnelles;777.37
394;06/06/2026 11:08:30;;Souscription en cours;Coordonnées personnelles;806.57
395;06/06/2026 11:07:27;;Souscription en cours;Coordonnées personnelles;465.45
396;06/06/2026 11:07:27;;Souscription en cours;Coordonnées personnelles;211.86
397;06/06/2026 10:59:20;;Souscription en cours;Informations complémentaires (CA, Profession, etc.);506.25
398;06/06/2026 10:59:20;;Souscription en cours;Informations complémentaires (CA, Profession, etc.);566.11
399;06/06/2026 10:43:28;;En attente d'analyse Agent - Dossier avec erreurs;Signature Contrat;551.68
400;06/06/2026 10:43:28;;En attente d'analyse Agent - Dossier avec erreurs;Signature Contrat;190.97
401;06/06/2026 10:41:17;;Souscription en cours;Vérification d'identité;162.04
402;06/06/2026 10:41:17;;Souscription en cours;Vérification d'identité;402.55
403;06/06/2026 10:39:49;;Souscription en cours;Coordonnées personnelles;583.87
404;06/06/2026 10:39:49;;Souscription en cours;Coordonnées personnelles;565.84
405;06/06/2026 10:32:25;;Dossier validé;Parcours terminé;293.52
406;06/06/2026 10:32:25;;Dossier validé;Parcours terminé;407.61
407;06/06/2026 10:30:07;;En attente d'analyse Agent - Dossier avec erreurs;Signature Contrat;360.74
408;06/06/2026 10:30:07;;En attente d'analyse Agent - Dossier avec erreurs;Signature Contrat;326.17
409;06/06/2026 10:26:59;;Souscription non démarrée;Parcours non démarré;811.82
410;06/06/2026 10:26:59;;Souscription non démarrée;Parcours non démarré;230.15
411;06/06/2026 10:26:36;;Dossier refusé;Signature Contrat;480.81
412;06/06/2026 10:26:36;;Dossier refusé;Signature Contrat;273.32
413;06/06/2026 10:12:24;;Dossier validé;Parcours terminé;236.05
414;06/06/2026 10:12:24;;Dossier validé;Parcours terminé;457.68
415;06/06/2026 10:11:01;;Dossier validé;Parcours terminé;103.79
416;06/06/2026 10:11:01;;Dossier validé;Parcours terminé;184.85
417;06/06/2026 10:10:39;;Dossier refusé;Saisie société;178.75
418;06/06/2026 10:10:39;;Dossier refusé;Saisie société;888.28
419;06/06/2026 10:03:52;;Dossier validé;Parcours terminé;870.28
420;06/06/2026 10:03:52;;Dossier validé;Parcours terminé;185.54
421;06/06/2026 09:59:07;;Dossier refusé;Signature Contrat;694.42
422;06/06/2026 09:59:07;;Dossier refusé;Signature Contrat;465.75
423;06/06/2026 09:50:59;;Souscription en cours;Coordonnées personnelles;463.64
424;06/06/2026 09:50:59;;Souscription en cours;Coordonnées personnelles;226.75
425;06/06/2026 09:50:52;;Souscription en cours;Coordonnées personnelles;467.66
426;06/06/2026 09:50:52;;Souscription en cours;Coordonnées personnelles;430.10
427;06/06/2026 09:40:42;;Souscription en cours;Coordonnées personnelles;454.08
428;06/06/2026 09:40:42;;Souscription en cours;Coordonnées personnelles;454.92
429;06/06/2026 09:28:17;;Souscription en cours;Coordonnées personnelles;497.88
430;06/06/2026 09:28:17;;Souscription en cours;Coordonnées personnelles;136.40
431;06/06/2026 09:20:39;;Souscription en cours;Signature Contrat;301.41
432;06/06/2026 09:20:39;;Souscription en cours;Signature Contrat;775.23
433;06/06/2026 09:19:11;;Souscription en cours;Choix de l'offre et livraison;961.66
434;06/06/2026 09:19:11;;Souscription en cours;Choix de l'offre et livraison;991.19
435;06/06/2026 09:18:00;;Souscription non démarrée;Parcours non démarré;951.55
436;06/06/2026 09:18:00;;Souscription non démarrée;Parcours non démarré;329.72
437;06/06/2026 09:17:29;;Souscription en cours;Coordonnées personnelles;722.62
438;06/06/2026 09:17:29;;Souscription en cours;Coordonnées personnelles;958.58
439;06/06/2026 09:10:49;;Souscription en cours;Choix de l'offre et livraison;801.53
440;06/06/2026 09:10:49;;Souscription en cours;Choix de l'offre et livraison;763.59
441;06/06/2026 09:08:28;;Dossier validé;Parcours terminé;314.50
442;06/06/2026 09:08:28;;Dossier validé;Parcours terminé;454.47
443;06/06/2026 09:07:32;;Dossier validé;Parcours terminé;688.15
444;06/06/2026 09:07:32;;Dossier validé;Parcours terminé;584.35
445;06/06/2026 08:48:11;;En attente d'analyse Agent - Dossier avec erreurs;Signature Contrat;408.64
446;06/06/2026 08:48:11;;En attente d'analyse Agent - Dossier avec erreurs;Signature Contrat;139.52
447;06/06/2026 08:33:46;;Souscription en cours;Choix de l'offre et livraison;592.00
448;06/06/2026 08:33:46;;Souscription en cours;Choix de l'offre et livraison;361.97
449;06/06/2026 08:10:32;;Souscription en cours;Informations complémentaires (Etablissements, etc.);134.58
450;06/06/2026 08:10:32;;Souscription en cours;Informations complémentaires (Etablissements, etc.);842.64
451;06/06/2026 07:50:51;;Souscription en cours;Coordonnées personnelles;997.11
452;06/06/2026 07:50:51;;Souscription en cours;Coordonnées personnelles;274.44
453;06/06/2026 07:05:32;;Souscription en cours;Coordonnées personnelles;909.23
454;06/06/2026 07:05:32;;Souscription en cours;Coordonnées personnelles;212.70
455;06/06/2026 05:46:27;;Souscription en cours;Coordonnées personnelles;449.97
456;06/06/2026 05:46:27;;Souscription en cours;Coordonnées personnelles;928.64
457;06/06/2026 04:34:09;;Souscription non démarrée;Parcours non démarré;536.14
458;06/06/2026 04:34:09;;Souscription non démarrée;Parcours non démarré;142.88
459;06/06/2026 04:21:23;;Souscription en cours;Signature Contrat;926.64
460;06/06/2026 04:21:23;;Souscription en cours;Signature Contrat;335.68
461;06/06/2026 03:38:56;;Souscription en cours;Coordonnées personnelles;785.69
462;06/06/2026 03:38:56;;Souscription en cours;Coordonnées personnelles;812.13
463;06/06/2026 02:22:10;;Souscription en cours;Coordonnées personnelles;590.01
464;06/06/2026 02:22:10;;Souscription en cours;Coordonnées personnelles;851.40
465;06/06/2026 02:03:25;;Dossier validé;Parcours terminé;860.68
466;06/06/2026 02:03:25;;Dossier validé;Parcours terminé;136.11
467;06/06/2026 01:46:14;;Dossier validé;Parcours terminé;426.51
468;06/06/2026 01:46:14;;Dossier validé;Parcours terminé;976.16
469;06/06/2026 01:05:35;;En attente d'analyse Agent - Dossier avec erreurs;Signature Contrat;935.06
470;06/06/2026 01:05:35;;En attente d'analyse Agent - Dossier avec erreurs;Signature Contrat;816.04
471;06/06/2026 00:42:34;;Dossier validé;Parcours terminé;333.48
472;06/06/2026 00:42:34;;Dossier validé;Parcours terminé;177.17
473;06/06/2026 00:28:43;;Souscription en cours;Synchronisation référentiel personne NOVA;630.64
474;06/06/2026 00:28:43;;Souscription en cours;Synchronisation référentiel personne NOVA;709.51
475;06/06/2026 00:14:15;;Souscription non démarrée;Parcours non démarré;809.69
476;06/06/2026 00:14:15;;Souscription non démarrée;Parcours non démarré;222.13
477;05/06/2026 23:55:05;;Souscription en cours;Coordonnées personnelles;401.16
478;05/06/2026 23:55:05;;Souscription en cours;Coordonnées personnelles;382.80
479;05/06/2026 23:51:58;;Dossier validé;Parcours terminé;158.58
480;05/06/2026 23:51:58;;Dossier validé;Parcours terminé;792.72
481;05/06/2026 23:45:21;;Dossier refusé;Signature Contrat;244.17
482;05/06/2026 23:45:21;;Dossier refusé;Signature Contrat;474.86
483;05/06/2026 23:39:15;;Dossier validé;Parcours terminé;522.78
484;05/06/2026 23:39:15;;Dossier validé;Parcours terminé;469.83
485;05/06/2026 22:55:26;;Souscription non démarrée;Parcours non démarré;326.16
486;05/06/2026 22:55:26;;Souscription non démarrée;Parcours non démarré;222.74
487;05/06/2026 22:40:51;;Dossier validé;Parcours terminé;764.43
488;05/06/2026 22:40:51;;Dossier validé;Parcours terminé;526.27
489;05/06/2026 22:29:37;;Souscription en cours;Vérification d'identité;673.76
490;05/06/2026 22:29:37;;Souscription en cours;Vérification d'identité;795.30
491;05/06/2026 22:04:19;;Souscription non démarrée;Parcours non démarré;938.52
492;05/06/2026 22:04:19;;Souscription non démarrée;Parcours non démarré;773.69
493;05/06/2026 21:48:35;;Souscription en cours;Signature Contrat;254.15
494;05/06/2026 21:48:35;;Souscription en cours;Signature Contrat;642.87
495;05/06/2026 21:29:30;;Dossier validé;Parcours terminé;544.89
496;05/06/2026 21:29:30;;Dossier validé;Parcours terminé;548.45
497;05/06/2026 21:17:57;;Souscription non démarrée;Parcours non démarré;737.42
498;05/06/2026 21:17:57;;Souscription non démarrée;Parcours non démarré;870.78
499;05/06/2026 21:14:05;;Souscription en cours;Choix de l'offre et livraison;838.16
500;05/06/2026 21:14:05;;Souscription en cours;Choix de l'offre et livraison;127.19
501;05/06/2026 21:05:00;;Dossier refusé;Signature Contrat;715.62
502;05/06/2026 21:05:00;;Dossier refusé;Signature Contrat;305.72
503;05/06/2026 20:54:58;;Souscription en cours;Choix de l'offre et livraison;107.23
504;05/06/2026 20:54:58;;Souscription en cours;Choix de l'offre et livraison;171.60
505;05/06/2026 20:52:22;;Souscription en cours;Choix de l'offre et livraison;118.72
506;05/06/2026 20:52:22;;Souscription en cours;Choix de l'offre et livraison;404.00
507;05/06/2026 20:48:14;;Souscription en cours;Coordonnées personnelles;575.77
508;05/06/2026 20:48:14;;Souscription en cours;Coordonnées personnelles;755.64
509;05/06/2026 20:44:31;;Souscription en cours;Choix de l'offre et livraison;994.80
510;05/06/2026 20:44:31;;Souscription en cours;Choix de l'offre et livraison;706.88
511;05/06/2026 20:39:45;;Souscription en cours;Choix de l'offre et livraison;905.85
512;05/06/2026 20:39:45;;Souscription en cours;Choix de l'offre et livraison;255.88
513;05/06/2026 20:37:56;;Dossier validé;Parcours terminé;472.04
514;05/06/2026 20:37:56;;Dossier validé;Parcours terminé;276.75
515;05/06/2026 20:27:01;;Souscription en cours;Coordonnées personnelles;858.02
516;05/06/2026 20:27:01;;Souscription en cours;Coordonnées personnelles;499.01
517;05/06/2026 20:22:42;;Dossier validé;Parcours terminé;538.27
518;05/06/2026 20:22:42;;Dossier validé;Parcours terminé;135.21
519;05/06/2026 20:17:07;;Souscription en cours;Informations complémentaires (CA, Profession, etc.);918.00
520;05/06/2026 20:17:07;;Souscription en cours;Informations complémentaires (CA, Profession, etc.);872.19
521;05/06/2026 20:15:32;;Souscription en cours;Vérification d'identité;863.30
522;05/06/2026 20:15:32;;Souscription en cours;Vérification d'identité;963.62
523;05/06/2026 19:57:24;;Souscription en cours;Coordonnées personnelles;361.63
524;05/06/2026 19:57:24;;Souscription en cours;Coordonnées personnelles;555.04
525;05/06/2026 19:56:01;;Souscription en cours;Coordonnées personnelles;298.38
526;05/06/2026 19:56:01;;Souscription en cours;Coordonnées personnelles;897.47
527;05/06/2026 19:42:56;;Souscription en cours;Coordonnées personnelles;157.57
528;05/06/2026 19:42:56;;Souscription en cours;Coordonnées personnelles;878.91
529;05/06/2026 19:35:55;;Souscription en cours;Coordonnées personnelles;795.12
530;05/06/2026 19:35:55;;Souscription en cours;Coordonnées personnelles;611.42
531;05/06/2026 19:29:10;;En attente d'analyse Agent - Dossier avec erreurs;Signature Contrat;773.86
532;05/06/2026 19:29:10;;En attente d'analyse Agent - Dossier avec erreurs;Signature Contrat;889.79
533;05/06/2026 19:26:58;;Souscription en cours;Signature Contrat;733.58
534;05/06/2026 19:26:58;;Souscription en cours;Signature Contrat;764.48
535;05/06/2026 19:12:50;;Souscription en cours;Informations complémentaires (Etablissements, etc.);517.04
536;05/06/2026 19:12:50;;Souscription en cours;Informations complémentaires (Etablissements, etc.);460.68
537;05/06/2026 19:08:04;;Souscription en cours;Coordonnées personnelles;508.81
538;05/06/2026 19:08:04;;Souscription en cours;Coordonnées personnelles;303.33
539;05/06/2026 19:07:35;;Souscription en cours;Coordonnées personnelles;849.56
540;05/06/2026 19:07:35;;Souscription en cours;Coordonnées personnelles;346.90
541;05/06/2026 19:05:59;;Souscription en cours;Coordonnées personnelles;212.19
542;05/06/2026 19:05:59;;Souscription en cours;Coordonnées personnelles;662.67
543;05/06/2026 19:01:41;;Dossier validé;Parcours terminé;355.28
544;05/06/2026 19:01:41;;Dossier validé;Parcours terminé;107.55
545;05/06/2026 18:59:53;;Souscription en cours;Choix de l'offre et livraison;226.67
546;05/06/2026 18:59:53;;Souscription en cours;Choix de l'offre et livraison;767.76
547;05/06/2026 18:58:53;;Dossier validé;Parcours terminé;902.19
548;05/06/2026 18:58:53;;Dossier validé;Parcours terminé;883.01
549;05/06/2026 18:46:19;;Souscription en cours;Coordonnées personnelles;368.90
550;05/06/2026 18:46:19;;Souscription en cours;Coordonnées personnelles;840.83
551;05/06/2026 18:43:18;;Souscription en cours;Choix de l'offre et livraison;769.47
552;05/06/2026 18:43:18;;Souscription en cours;Choix de l'offre et livraison;256.41
553;05/06/2026 18:42:05;;Souscription en cours;Coordonnées personnelles;573.13
554;05/06/2026 18:42:05;;Souscription en cours;Coordonnées personnelles;788.73
555;05/06/2026 18:38:10;;Souscription en cours;Coordonnées personnelles;286.60
556;05/06/2026 18:38:10;;Souscription en cours;Coordonnées personnelles;418.83
557;05/06/2026 18:35:42;;Souscription en cours;Criblages BE(s);226.63
558;05/06/2026 18:35:42;;Souscription en cours;Criblages BE(s);214.93
559;05/06/2026 18:32:28;;Souscription en cours;Signature Contrat;379.46
560;05/06/2026 18:32:28;;Souscription en cours;Signature Contrat;958.42
561;05/06/2026 18:31:03;;En attente d'analyse Agent - Dossier avec erreurs;Signature Contrat;510.31
562;05/06/2026 18:31:03;;En attente d'analyse Agent - Dossier avec erreurs;Signature Contrat;820.71
563;05/06/2026 18:30:39;;Souscription non démarrée;Parcours non démarré;730.37
564;05/06/2026 18:30:39;;Souscription non démarrée;Parcours non démarré;497.21
565;05/06/2026 18:30:07;;Souscription non démarrée;Parcours non démarré;954.44
566;05/06/2026 18:30:07;;Souscription non démarrée;Parcours non démarré;552.70
567;05/06/2026 18:29:41;;Dossier refusé;Signature Contrat;304.38
568;05/06/2026 18:29:41;;Dossier refusé;Signature Contrat;910.79
569;05/06/2026 18:27:51;;Souscription en cours;Coordonnées personnelles;954.48
570;05/06/2026 18:27:51;;Souscription en cours;Coordonnées personnelles;678.87
571;05/06/2026 18:20:40;;Souscription en cours;Coordonnées personnelles;352.35
572;05/06/2026 18:20:40;;Souscription en cours;Coordonnées personnelles;283.00
573;05/06/2026 18:14:47;;En attente d'analyse Agent - Dossier avec erreurs;Signature Contrat;202.25
574;05/06/2026 18:14:47;;En attente d'analyse Agent - Dossier avec erreurs;Signature Contrat;250.86
575;05/06/2026 18:06:20;;Dossier validé;Parcours terminé;211.84
576;05/06/2026 18:06:20;;Dossier validé;Parcours terminé;393.96
577;05/06/2026 17:55:19;;En attente d'analyse Agent - Dossier sans erreur;Parcours terminé;274.32
578;05/06/2026 17:55:19;;En attente d'analyse Agent - Dossier sans erreur;Parcours terminé;252.86
579;05/06/2026 17:54:28;;Souscription en cours;Choix de l'offre et livraison;298.28
580;05/06/2026 17:54:28;;Souscription en cours;Choix de l'offre et livraison;591.48
581;05/06/2026 17:46:00;;Souscription non démarrée;Parcours non démarré;152.21
582;05/06/2026 17:46:00;;Souscription non démarrée;Parcours non démarré;560.08
583;05/06/2026 17:37:44;;Souscription non démarrée;Parcours non démarré;925.09
584;05/06/2026 17:37:44;;Souscription non démarrée;Parcours non démarré;137.34
585;05/06/2026 17:36:26;;Dossier validé;Parcours terminé;754.13
586;05/06/2026 17:36:26;;Dossier validé;Parcours terminé;850.13
587;05/06/2026 17:34:11;;Dossier validé;Parcours terminé;939.34
588;05/06/2026 17:34:11;;Dossier validé;Parcours terminé;779.21
589;05/06/2026 17:33:42;;Souscription en cours;Informations complémentaires (CA, Profession, etc.);517.08
590;05/06/2026 17:33:42;;Souscription en cours;Informations complémentaires (CA, Profession, etc.);924.45
591;05/06/2026 17:30:34;;Souscription en cours;Choix de l'offre et livraison;350.30
592;05/06/2026 17:30:34;;Souscription en cours;Choix de l'offre et livraison;513.54
593;05/06/2026 17:22:58;;Souscription en cours;Bénéficiaire effectifs;684.58
594;05/06/2026 17:22:58;;Souscription en cours;Bénéficiaire effectifs;476.41
595;05/06/2026 17:15:17;;Souscription en cours;Coordonnées personnelles;728.10
596;05/06/2026 17:15:17;;Souscription en cours;Coordonnées personnelles;276.76
597;05/06/2026 17:05:58;;En attente d'analyse Agent - Dossier avec erreurs;Signature Contrat;302.29
598;05/06/2026 17:05:58;;En attente d'analyse Agent - Dossier avec erreurs;Signature Contrat;628.70
599;05/06/2026 16:57:23;;Dossier validé;Parcours terminé;416.87
600;05/06/2026 16:57:23;;Dossier validé;Parcours terminé;854.82
601;05/06/2026 16:51:23;;Souscription en cours;Choix de l'offre et livraison;411.89
602;05/06/2026 16:51:23;;Souscription en cours;Choix de l'offre et livraison;309.27
603;05/06/2026 16:46:10;;Dossier validé;Parcours terminé;326.87
604;05/06/2026 16:46:10;;Dossier validé;Parcours terminé;458.22
605;05/06/2026 16:44:38;;Souscription en cours;Vérification d'identité;520.20
606;05/06/2026 16:44:38;;Souscription en cours;Vérification d'identité;621.86
607;05/06/2026 16:42:55;;Souscription en cours;Choix de l'offre et livraison;810.24
608;05/06/2026 16:42:55;;Souscription en cours;Choix de l'offre et livraison;960.70
609;05/06/2026 16:38:05;;Souscription en cours;Choix de l'offre et livraison;258.83
610;05/06/2026 16:38:05;;Souscription en cours;Choix de l'offre et livraison;548.40
611;05/06/2026 16:33:51;;Souscription non démarrée;Parcours non démarré;379.36
612;05/06/2026 16:33:51;;Souscription non démarrée;Parcours non démarré;919.75
613;05/06/2026 16:32:49;;Souscription en cours;Informations complémentaires (CA, Profession, etc.);444.18
614;05/06/2026 16:32:49;;Souscription en cours;Informations complémentaires (CA, Profession, etc.);855.98
615;05/06/2026 16:23:35;;Souscription en cours;Coordonnées personnelles;241.44
616;05/06/2026 16:23:35;;Souscription en cours;Coordonnées personnelles;173.80
617;05/06/2026 16:21:44;;Dossier validé;Parcours terminé;363.00
618;05/06/2026 16:21:44;;Dossier validé;Parcours terminé;602.79
619;05/06/2026 16:19:35;;Dossier validé;Parcours terminé;205.97
620;05/06/2026 16:19:35;;Dossier validé;Parcours terminé;867.74
621;05/06/2026 16:18:33;;Souscription en cours;Choix de l'offre et livraison;696.51
622;05/06/2026 16:18:33;;Souscription en cours;Choix de l'offre et livraison;683.94
623;05/06/2026 16:16:46;;Souscription non démarrée;Parcours non démarré;619.02
624;05/06/2026 16:16:46;;Souscription non démarrée;Parcours non démarré;999.31
625;05/06/2026 16:09:38;;Dossier validé;Parcours terminé;997.79
626;05/06/2026 16:09:38;;Dossier validé;Parcours terminé;858.93
627;05/06/2026 16:06:48;;Souscription non démarrée;Parcours non démarré;625.43
628;05/06/2026 16:06:48;;Souscription non démarrée;Parcours non démarré;980.73
629;05/06/2026 16:06:01;;Dossier validé;Parcours terminé;920.31
630;05/06/2026 16:06:01;;Dossier validé;Parcours terminé;480.57
631;05/06/2026 15:59:59;;Souscription en cours;Synchronisation référentiel personne NOVA;756.80
632;05/06/2026 15:59:59;;Souscription en cours;Synchronisation référentiel personne NOVA;130.82
633;05/06/2026 15:57:43;;Dossier validé;Parcours terminé;670.37
634;05/06/2026 15:57:43;;Dossier validé;Parcours terminé;185.35
635;05/06/2026 15:55:00;;Souscription non démarrée;Parcours non démarré;472.73
636;05/06/2026 15:55:00;;Souscription non démarrée;Parcours non démarré;636.88
637;05/06/2026 15:39:18;;Souscription en cours;Bénéficiaire effectifs;113.34
638;05/06/2026 15:39:18;;Souscription en cours;Bénéficiaire effectifs;585.97
639;05/06/2026 15:37:37;;Souscription en cours;Choix de l'offre et livraison;646.74
640;05/06/2026 15:37:37;;Souscription en cours;Choix de l'offre et livraison;135.26
641;05/06/2026 15:34:32;;Souscription en cours;Choix de l'offre et livraison;192.18
642;05/06/2026 15:34:32;;Souscription en cours;Choix de l'offre et livraison;703.98
643;05/06/2026 15:33:02;Hugo MARTIN;Dossier refusé;Parcours non démarré;545.09
644;05/06/2026 15:33:02;Hugo MARTIN;Dossier refusé;Parcours non démarré;245.03
645;05/06/2026 15:32:42;;En attente d'analyse Agent - Dossier avec erreurs;Signature Contrat;398.33
646;05/06/2026 15:32:42;;En attente d'analyse Agent - Dossier avec erreurs;Signature Contrat;498.66
647;05/06/2026 15:30:09;;Dossier refusé;Saisie société;543.19
648;05/06/2026 15:30:09;;Dossier refusé;Saisie société;190.18
649;05/06/2026 15:29:24;;En attente d'analyse Agent - Dossier avec erreurs;Signature Contrat;352.29
650;05/06/2026 15:29:24;;En attente d'analyse Agent - Dossier avec erreurs;Signature Contrat;886.27
651;05/06/2026 15:28:49;;En attente d'analyse Agent - Dossier avec erreurs;Signature Contrat;508.20
652;05/06/2026 15:28:49;;En attente d'analyse Agent - Dossier avec erreurs;Signature Contrat;647.59
653;05/06/2026 15:27:32;;Dossier validé;Parcours terminé;447.42
654;05/06/2026 15:27:32;;Dossier validé;Parcours terminé;608.92
655;05/06/2026 15:22:44;;Souscription non démarrée;Parcours non démarré;935.40
656;05/06/2026 15:22:44;;Souscription non démarrée;Parcours non démarré;970.21
657;05/06/2026 15:11:43;;Dossier validé;Parcours terminé;905.53
658;05/06/2026 15:11:43;;Dossier validé;Parcours terminé;348.25
659;05/06/2026 15:11:00;;Souscription en cours;Informations complémentaires (Etablissements, etc.);697.32
660;05/06/2026 15:11:00;;Souscription en cours;Informations complémentaires (Etablissements, etc.);958.62
661;05/06/2026 15:09:30;;Souscription en cours;Informations complémentaires (Etablissements, etc.);816.67
662;05/06/2026 15:09:30;;Souscription en cours;Informations complémentaires (Etablissements, etc.);400.69
663;05/06/2026 15:01:46;;En attente d'analyse Agent - Dossier avec erreurs;Signature Contrat;190.71
664;05/06/2026 15:01:46;;En attente d'analyse Agent - Dossier avec erreurs;Signature Contrat;578.11
665;05/06/2026 15:01:07;;Souscription en cours;Vérification d'identité;945.44
666;05/06/2026 15:01:07;;Souscription en cours;Vérification d'identité;210.92
667;05/06/2026 14:52:24;;Souscription en cours;Informations complémentaires (CA, Profession, etc.);972.39
668;05/06/2026 14:52:24;;Souscription en cours;Informations complémentaires (CA, Profession, etc.);751.60
669;05/06/2026 14:48:56;;Souscription en cours;Vérification d'identité;606.25
670;05/06/2026 14:48:56;;Souscription en cours;Vérification d'identité;824.03
671;05/06/2026 14:43:02;;En attente d'analyse Agent - Dossier avec erreurs;Signature Contrat;471.20
672;05/06/2026 14:43:02;;En attente d'analyse Agent - Dossier avec erreurs;Signature Contrat;162.34
673;05/06/2026 14:38:14;;Souscription en cours;Coordonnées personnelles;459.09
674;05/06/2026 14:38:14;;Souscription en cours;Coordonnées personnelles;889.24
675;05/06/2026 14:37:03;;Dossier validé;Parcours terminé;597.41
676;05/06/2026 14:37:03;;Dossier validé;Parcours terminé;692.30
677;05/06/2026 14:29:31;;Dossier validé;Parcours terminé;335.09
678;05/06/2026 14:29:31;;Dossier validé;Parcours terminé;768.26
679;05/06/2026 14:26:26;;En attente d'analyse Agent - Dossier avec erreurs;Signature Contrat;336.03
680;05/06/2026 14:26:26;;En attente d'analyse Agent - Dossier avec erreurs;Signature Contrat;715.28
681;05/06/2026 14:20:53;;Souscription en cours;Coordonnées personnelles;101.42
682;05/06/2026 14:20:53;;Souscription en cours;Coordonnées personnelles;586.51
683;05/06/2026 14:17:30;;Souscription en cours;Vérification d'identité;448.96
684;05/06/2026 14:17:30;;Souscription en cours;Vérification d'identité;572.72
685;05/06/2026 14:16:56;;Souscription en cours;Signature Contrat;677.73
686;05/06/2026 14:16:56;;Souscription en cours;Signature Contrat;733.93
687;05/06/2026 14:06:10;;Souscription en cours;Coordonnées personnelles;347.33
688;05/06/2026 14:06:10;;Souscription en cours;Coordonnées personnelles;446.72
689;05/06/2026 14:00:23;;Souscription en cours;Coordonnées personnelles;396.82
690;05/06/2026 14:00:23;;Souscription en cours;Coordonnées personnelles;958.19
691;05/06/2026 13:58:14;;Dossier refusé;Signature Contrat;624.15
692;05/06/2026 13:58:14;;Dossier refusé;Signature Contrat;219.13
693;05/06/2026 13:53:35;;En attente d'analyse Agent - Dossier avec erreurs;Signature Contrat;188.84
694;05/06/2026 13:53:35;;En attente d'analyse Agent - Dossier avec erreurs;Signature Contrat;121.78
695;05/06/2026 13:45:55;;Souscription en cours;Synchronisation référentiel personne NOVA;839.41
696;05/06/2026 13:45:55;;Souscription en cours;Synchronisation référentiel personne NOVA;899.34
697;05/06/2026 13:40:28;;Souscription en cours;Coordonnées personnelles;214.94
698;05/06/2026 13:40:28;;Souscription en cours;Coordonnées personnelles;961.25
699;05/06/2026 13:38:30;;Souscription en cours;Coordonnées personnelles;814.70
700;05/06/2026 13:38:30;;Souscription en cours;Coordonnées personnelles;812.78
701;05/06/2026 13:36:08;;Souscription en cours;Informations complémentaires (CA, Profession, etc.);373.35
702;05/06/2026 13:36:08;;Souscription en cours;Informations complémentaires (CA, Profession, etc.);931.08
703;05/06/2026 13:35:55;;Souscription en cours;Coordonnées personnelles;989.92
704;05/06/2026 13:35:55;;Souscription en cours;Coordonnées personnelles;596.60
705;05/06/2026 13:31:20;;Souscription en cours;Coordonnées personnelles;941.90
706;05/06/2026 13:31:20;;Souscription en cours;Coordonnées personnelles;194.67
707;05/06/2026 13:28:56;;Souscription en cours;Coordonnées personnelles;789.65
708;05/06/2026 13:28:56;;Souscription en cours;Coordonnées personnelles;911.56
709;05/06/2026 13:26:52;;Dossier validé;Parcours terminé;604.35
710;05/06/2026 13:26:52;;Dossier validé;Parcours terminé;509.04
711;05/06/2026 13:24:47;;Souscription en cours;Coordonnées personnelles;542.62
712;05/06/2026 13:24:47;;Souscription en cours;Coordonnées personnelles;113.06
713;05/06/2026 13:23:59;;Souscription en cours;Coordonnées personnelles;178.31
714;05/06/2026 13:23:59;;Souscription en cours;Coordonnées personnelles;580.50
715;05/06/2026 13:03:51;;Dossier validé;Parcours terminé;957.86
716;05/06/2026 13:03:51;;Dossier validé;Parcours terminé;832.08
717;05/06/2026 12:56:28;Adam LAURENT;Dossier validé;Parcours terminé;211.85
718;05/06/2026 12:56:28;Adam LAURENT;Dossier validé;Parcours terminé;600.49
719;05/06/2026 12:51:10;;Souscription en cours;Coordonnées personnelles;498.50
720;05/06/2026 12:51:10;;Souscription en cours;Coordonnées personnelles;681.44
721;05/06/2026 12:43:33;;Souscription en cours;Coordonnées personnelles;956.33
722;05/06/2026 12:43:33;;Souscription en cours;Coordonnées personnelles;548.63
723;05/06/2026 12:42:14;;Souscription en cours;Signature Contrat;799.35
724;05/06/2026 12:42:14;;Souscription en cours;Signature Contrat;747.90
725;05/06/2026 12:40:24;;En attente d'analyse Agent - Dossier avec erreurs;Signature Contrat;784.85
726;05/06/2026 12:40:24;;En attente d'analyse Agent - Dossier avec erreurs;Signature Contrat;198.59
727;05/06/2026 12:35:41;;Dossier validé;Parcours terminé;194.27
728;05/06/2026 12:35:41;;Dossier validé;Parcours terminé;895.56
729;05/06/2026 12:31:49;;Souscription en cours;Coordonnées personnelles;583.31
730;05/06/2026 12:31:49;;Souscription en cours;Coordonnées personnelles;115.95
731;05/06/2026 12:29:51;;Souscription en cours;Bénéficiaire effectifs;752.29
732;05/06/2026 12:29:51;;Souscription en cours;Bénéficiaire effectifs;709.13
733;05/06/2026 12:28:47;;Souscription en cours;Coordonnées personnelles;400.24
734;05/06/2026 12:28:47;;Souscription en cours;Coordonnées personnelles;567.12
735;05/06/2026 12:25:46;;Souscription en cours;Vérification d'identité;343.33
736;05/06/2026 12:25:46;;Souscription en cours;Vérification d'identité;125.56
737;05/06/2026 12:21:28;;Souscription en cours;Choix de l'offre et livraison;278.74
738;05/06/2026 12:21:28;;Souscription en cours;Choix de l'offre et livraison;711.98
739;05/06/2026 12:21:12;;Souscription en cours;Coordonnées personnelles;945.71
740;05/06/2026 12:21:12;;Souscription en cours;Coordonnées personnelles;803.71
741;05/06/2026 12:20:58;;Dossier refusé;Saisie société;319.61
742;05/06/2026 12:20:58;;Dossier refusé;Saisie société;831.57
743;05/06/2026 12:19:59;;Souscription non démarrée;Parcours non démarré;676.54
744;05/06/2026 12:19:59;;Souscription non démarrée;Parcours non démarré;541.84
745;05/06/2026 12:18:10;;Souscription en cours;Coordonnées personnelles;114.84
746;05/06/2026 12:18:10;;Souscription en cours;Coordonnées personnelles;397.61
747;05/06/2026 12:12:15;;Souscription en cours;Coordonnées personnelles;218.68
748;05/06/2026 12:12:15;;Souscription en cours;Coordonnées personnelles;541.40
749;05/06/2026 12:10:48;;Souscription en cours;Vérification d'identité;492.07
750;05/06/2026 12:10:48;;Souscription en cours;Vérification d'identité;648.82
751;05/06/2026 12:06:47;;Souscription en cours;Coordonnées personnelles;741.79
752;05/06/2026 12:06:47;;Souscription en cours;Coordonnées personnelles;735.82
753;05/06/2026 12:04:38;Louis MARTIN;Dossier validé;Parcours terminé;390.07
754;05/06/2026 12:04:38;Louis MARTIN;Dossier validé;Parcours terminé;239.96
755;05/06/2026 12:04:23;;Souscription non démarrée;Parcours non démarré;890.57
756;05/06/2026 12:04:23;;Souscription non démarrée;Parcours non démarré;121.24
757;05/06/2026 11:58:27;;Souscription en cours;Coordonnées personnelles;676.76
758;05/06/2026 11:58:27;;Souscription en cours;Coordonnées personnelles;167.82
759;05/06/2026 11:58:01;;Dossier validé;Parcours terminé;903.83
760;05/06/2026 11:58:01;;Dossier validé;Parcours terminé;327.07
761;05/06/2026 11:55:35;;Souscription en cours;Choix de l'offre et livraison;628.35
762;05/06/2026 11:55:35;;Souscription en cours;Choix de l'offre et livraison;544.17
763;05/06/2026 11:44:55;;Dossier validé;Parcours terminé;917.32
764;05/06/2026 11:44:55;;Dossier validé;Parcours terminé;801.19
765;05/06/2026 11:42:19;;Dossier refusé;Signature Contrat;210.78
766;05/06/2026 11:42:19;;Dossier refusé;Signature Contrat;676.50
767;05/06/2026 11:37:03;;Souscription en cours;Choix de l'offre et livraison;282.13
768;05/06/2026 11:37:03;;Souscription en cours;Choix de l'offre et livraison;355.38
769;05/06/2026 11:34:11;;Souscription en cours;Signature Contrat;146.06
770;05/06/2026 11:34:11;;Souscription en cours;Signature Contrat;958.55
771;05/06/2026 11:34:00;;Souscription en cours;Coordonnées personnelles;965.03
772;05/06/2026 11:34:00;;Souscription en cours;Coordonnées personnelles;577.71
773;05/06/2026 11:29:51;;Souscription en cours;Informations complémentaires (CA, Profession, etc.);353.77
774;05/06/2026 11:29:51;;Souscription en cours;Informations complémentaires (CA, Profession, etc.);291.13
775;05/06/2026 11:21:10;Inès MICHEL;Dossier validé;Parcours terminé;337.89
776;05/06/2026 11:21:10;Inès MICHEL;Dossier validé;Parcours terminé;285.46
777;05/06/2026 11:19:27;;Souscription en cours;Signature Contrat;224.45
778;05/06/2026 11:19:27;;Souscription en cours;Signature Contrat;676.77
779;05/06/2026 11:18:45;;Souscription non démarrée;Parcours non démarré;429.37
780;05/06/2026 11:18:45;;Souscription non démarrée;Parcours non démarré;721.86
781;05/06/2026 11:18:22;;Souscription en cours;Coordonnées personnelles;642.27
782;05/06/2026 11:18:22;;Souscription en cours;Coordonnées personnelles;223.85
783;05/06/2026 11:17:49;;Souscription en cours;Coordonnées personnelles;117.33
784;05/06/2026 11:17:49;;Souscription en cours;Coordonnées personnelles;699.17
785;05/06/2026 11:01:37;;Dossier validé;Parcours terminé;650.01
786;05/06/2026 11:01:37;;Dossier validé;Parcours terminé;703.69
787;05/06/2026 10:51:55;;Souscription en cours;Choix de l'offre et livraison;497.48
788;05/06/2026 10:51:55;;Souscription en cours;Choix de l'offre et livraison;510.10
789;05/06/2026 10:46:36;;Souscription en cours;Choix de l'offre et livraison;660.46
790;05/06/2026 10:46:36;;Souscription en cours;Choix de l'offre et livraison;150.35
791;05/06/2026 10:44:44;;En attente d'analyse Agent - Dossier avec erreurs;Signature Contrat;268.18
792;05/06/2026 10:44:44;;En attente d'analyse Agent - Dossier avec erreurs;Signature Contrat;859.82
793;05/06/2026 10:43:44;Hugo DUBOIS;Dossier refusé;Informations complémentaires (CA, Profession, etc.);476.99
794;05/06/2026 10:43:44;Hugo DUBOIS;Dossier refusé;Informations complémentaires (CA, Profession, etc.);617.63
795;05/06/2026 10:35:31;;En attente d'analyse Agent - Dossier avec erreurs;Signature Contrat;964.10
796;05/06/2026 10:35:31;;En attente d'analyse Agent - Dossier avec erreurs;Signature Contrat;304.59
797;05/06/2026 10:30:46;;Souscription en cours;Synchronisation référentiel personne NOVA;366.61
798;05/06/2026 10:30:46;;Souscription en cours;Synchronisation référentiel personne NOVA;782.84
799;05/06/2026 10:30:03;;Dossier validé;Parcours terminé;626.10
800;05/06/2026 10:30:03;;Dossier validé;Parcours terminé;360.98
801;05/06/2026 10:29:58;;Souscription en cours;Informations complémentaires (Etablissements, etc.);659.46
802;05/06/2026 10:29:58;;Souscription en cours;Informations complémentaires (Etablissements, etc.);643.92
803;05/06/2026 10:16:22;;Dossier validé;Parcours terminé;760.62
804;05/06/2026 10:16:22;;Dossier validé;Parcours terminé;619.43
805;05/06/2026 10:15:13;;En attente d'analyse Agent - Dossier avec erreurs;Signature Contrat;978.38
806;05/06/2026 10:15:13;;En attente d'analyse Agent - Dossier avec erreurs;Signature Contrat;877.20
807;05/06/2026 10:12:42;;En attente d'analyse Agent - Dossier avec erreurs;Signature Contrat;153.64
808;05/06/2026 10:12:42;;En attente d'analyse Agent - Dossier avec erreurs;Signature Contrat;814.65
809;05/06/2026 10:08:00;;Dossier refusé;Saisie société;981.53
810;05/06/2026 10:08:00;;Dossier refusé;Saisie société;597.19
811;05/06/2026 10:07:25;;Souscription en cours;Vérification d'identité;441.23
812;05/06/2026 10:07:25;;Souscription en cours;Vérification d'identité;844.34
813;05/06/2026 09:50:14;;Dossier validé;Parcours terminé;905.20
814;05/06/2026 09:50:14;;Dossier validé;Parcours terminé;211.44
815;05/06/2026 09:36:27;Manon LEFEBVRE;Dossier refusé;Saisie société;416.98
816;05/06/2026 09:36:27;Manon LEFEBVRE;Dossier refusé;Saisie société;445.19
817;05/06/2026 09:35:28;;Souscription en cours;Coordonnées personnelles;379.69
818;05/06/2026 09:35:28;;Souscription en cours;Coordonnées personnelles;464.82
819;05/06/2026 09:33:01;;Souscription en cours;Choix de l'offre et livraison;917.90
820;05/06/2026 09:33:01;;Souscription en cours;Choix de l'offre et livraison;237.85
821;05/06/2026 09:30:41;;Souscription en cours;Choix de l'offre et livraison;338.68
822;05/06/2026 09:30:41;;Souscription en cours;Choix de l'offre et livraison;366.85
823;05/06/2026 09:28:13;;Dossier validé;Parcours terminé;187.31
824;05/06/2026 09:28:13;;Dossier validé;Parcours terminé;438.51
825;05/06/2026 09:20:32;;Souscription en cours;Choix de l'offre et livraison;944.85
826;05/06/2026 09:20:32;;Souscription en cours;Choix de l'offre et livraison;121.14
827;05/06/2026 09:18:26;;Dossier validé;Parcours terminé;467.67
828;05/06/2026 09:18:26;;Dossier validé;Parcours terminé;574.57
829;05/06/2026 09:08:29;;En attente d'analyse Agent - Dossier avec erreurs;Signature Contrat;657.95
830;05/06/2026 09:08:29;;En attente d'analyse Agent - Dossier avec erreurs;Signature Contrat;221.62
831;05/06/2026 09:07:01;;Souscription en cours;Choix de l'offre et livraison;435.55
832;05/06/2026 09:07:01;;Souscription en cours;Choix de l'offre et livraison;677.03
833;05/06/2026 09:04:04;;Souscription en cours;Coordonnées personnelles;216.72
834;05/06/2026 09:04:04;;Souscription en cours;Coordonnées personnelles;249.89
835;05/06/2026 09:01:29;;Dossier validé;Parcours terminé;805.58
836;05/06/2026 09:01:29;;Dossier validé;Parcours terminé;748.80
837;05/06/2026 09:00:00;;Dossier refusé;Saisie société;359.87
838;05/06/2026 09:00:00;;Dossier refusé;Saisie société;885.83
839;05/06/2026 08:45:39;;Dossier validé;Parcours terminé;615.50
840;05/06/2026 08:45:39;;Dossier validé;Parcours terminé;762.07
841;05/06/2026 08:41:33;;Dossier validé;Parcours terminé;464.31
842;05/06/2026 08:41:33;;Dossier validé;Parcours terminé;576.39
843;05/06/2026 08:18:27;;Souscription non démarrée;Parcours non démarré;887.77
844;05/06/2026 08:18:27;;Souscription non démarrée;Parcours non démarré;963.92
845;05/06/2026 08:08:15;;Souscription en cours;Signature Contrat;337.98
846;05/06/2026 08:08:15;;Souscription en cours;Signature Contrat;556.09
847;05/06/2026 08:07:50;;En attente d'analyse Agent - Dossier avec erreurs;Signature Contrat;729.45
848;05/06/2026 08:07:50;;En attente d'analyse Agent - Dossier avec erreurs;Signature Contrat;470.35
849;05/06/2026 07:59:22;;En attente d'analyse Agent - Dossier avec erreurs;Signature Contrat;863.84
850;05/06/2026 07:59:22;;En attente d'analyse Agent - Dossier avec erreurs;Signature Contrat;748.23
851;05/06/2026 07:46:53;;Souscription en cours;Signature Contrat;266.91
852;05/06/2026 07:46:53;;Souscription en cours;Signature Contrat;958.48
853;05/06/2026 07:42:47;;Souscription en cours;Choix de l'offre et livraison;295.83
854;05/06/2026 07:42:47;;Souscription en cours;Choix de l'offre et livraison;979.27
855;05/06/2026 07:34:42;;Souscription en cours;Coordonnées personnelles;532.18
856;05/06/2026 07:34:42;;Souscription en cours;Coordonnées personnelles;487.43
857;05/06/2026 07:32:08;;Souscription en cours;Choix de l'offre et livraison;736.57
858;05/06/2026 07:32:08;;Souscription en cours;Choix de l'offre et livraison;518.65
859;05/06/2026 07:25:22;;Souscription non démarrée;Parcours non démarré;387.89
860;05/06/2026 07:25:22;;Souscription non démarrée;Parcours non démarré;658.16
861;05/06/2026 07:18:06;;Souscription en cours;Vérification d'identité;589.43
862;05/06/2026 07:18:06;;Souscription en cours;Vérification d'identité;318.45
863;05/06/2026 07:17:21;;Souscription en cours;Coordonnées personnelles;151.59
864;05/06/2026 07:17:21;;Souscription en cours;Coordonnées personnelles;502.90
865;05/06/2026 06:44:08;;Souscription en cours;Signature Contrat;897.28
866;05/06/2026 06:44:08;;Souscription en cours;Signature Contrat;387.12
867;05/06/2026 06:17:13;;Dossier validé;Parcours terminé;838.93
868;05/06/2026 06:17:13;;Dossier validé;Parcours terminé;841.38
869;05/06/2026 06:03:47;;Souscription en cours;Coordonnées personnelles;269.66
870;05/06/2026 06:03:47;;Souscription en cours;Coordonnées personnelles;358.05
871;05/06/2026 05:04:25;;Souscription en cours;Coordonnées personnelles;451.87
872;05/06/2026 05:04:25;;Souscription en cours;Coordonnées personnelles;281.30
873;05/06/2026 03:40:30;;Souscription en cours;Coordonnées personnelles;926.41
874;05/06/2026 03:40:30;;Souscription en cours;Coordonnées personnelles;674.77
875;05/06/2026 03:36:49;;Souscription en cours;Coordonnées personnelles;734.15
876;05/06/2026 03:36:49;;Souscription en cours;Coordonnées personnelles;838.28
877;05/06/2026 03:31:10;;Souscription en cours;Coordonnées personnelles;307.93
878;05/06/2026 03:31:10;;Souscription en cours;Coordonnées personnelles;280.63
879;05/06/2026 03:22:44;;Souscription en cours;Choix de l'offre et livraison;898.59
880;05/06/2026 03:22:44;;Souscription en cours;Choix de l'offre et livraison;285.12
881;05/06/2026 02:47:26;;Souscription en cours;Signature Contrat;108.42
882;05/06/2026 02:47:26;;Souscription en cours;Signature Contrat;889.30
883;05/06/2026 02:40:26;;Souscription en cours;Coordonnées personnelles;382.29
884;05/06/2026 02:40:26;;Souscription en cours;Coordonnées personnelles;457.03
885;05/06/2026 02:18:22;;Dossier validé;Parcours terminé;289.53
886;05/06/2026 02:18:22;;Dossier validé;Parcours terminé;167.59
887;05/06/2026 02:09:41;;En attente d'analyse Agent - Dossier avec erreurs;Signature Contrat;626.73
888;05/06/2026 02:09:41;;En attente d'analyse Agent - Dossier avec erreurs;Signature Contrat;170.53
889;05/06/2026 01:34:27;;Dossier refusé;Parcours non démarré;590.08
890;05/06/2026 01:34:27;;Dossier refusé;Parcours non démarré;981.81
891;05/06/2026 01:34:00;;Dossier validé;Parcours terminé;471.89
892;05/06/2026 01:34:00;;Dossier validé;Parcours terminé;851.89
893;05/06/2026 01:07:33;;Souscription non démarrée;Parcours non démarré;324.84
894;05/06/2026 01:07:33;;Souscription non démarrée;Parcours non démarré;911.05
895;05/06/2026 00:52:14;;Souscription en cours;Coordonnées personnelles;732.59
896;05/06/2026 00:52:14;;Souscription en cours;Coordonnées personnelles;464.02
897;05/06/2026 00:35:34;;Dossier validé;Parcours terminé;560.85
898;05/06/2026 00:35:34;;Dossier validé;Parcours terminé;376.51
899;05/06/2026 00:14:40;;Dossier validé;Parcours terminé;969.05
900;05/06/2026 00:14:40;;Dossier validé;Parcours terminé;877.59
901;05/06/2026 00:10:24;;Dossier refusé;Saisie société;291.91
902;05/06/2026 00:10:24;;Dossier refusé;Saisie société;945.29
903;05/06/2026 00:08:50;;Souscription en cours;Coordonnées personnelles;297.38
904;05/06/2026 00:08:50;;Souscription en cours;Coordonnées personnelles;397.38
905;04/06/2026 23:51:09;;En attente d'analyse Agent - Dossier avec erreurs;Signature Contrat;358.43
906;04/06/2026 23:51:09;;En attente d'analyse Agent - Dossier avec erreurs;Signature Contrat;892.28
907;04/06/2026 23:50:30;;Souscription en cours;Coordonnées personnelles;917.86
908;04/06/2026 23:50:30;;Souscription en cours;Coordonnées personnelles;974.82
909;04/06/2026 23:43:42;;Souscription en cours;Coordonnées personnelles;287.61
910;04/06/2026 23:43:42;;Souscription en cours;Coordonnées personnelles;776.32
911;04/06/2026 23:16:35;;Souscription en cours;Coordonnées personnelles;148.67
912;04/06/2026 23:16:35;;Souscription en cours;Coordonnées personnelles;492.23
913;04/06/2026 22:57:28;;Souscription non démarrée;Parcours non démarré;247.22
914;04/06/2026 22:57:28;;Souscription non démarrée;Parcours non démarré;235.05
915;04/06/2026 22:50:55;;Dossier refusé;Informations complémentaires (CA, Profession, etc.);583.72
916;04/06/2026 22:50:55;;Dossier refusé;Informations complémentaires (CA, Profession, etc.);115.53
917;04/06/2026 22:50:35;;Dossier refusé;Saisie société;958.80
918;04/06/2026 22:50:35;;Dossier refusé;Saisie société;762.13
919;04/06/2026 22:44:39;;Dossier refusé;Saisie société;407.97
920;04/06/2026 22:44:39;;Dossier refusé;Saisie société;522.12
921;04/06/2026 22:41:00;;Souscription en cours;Coordonnées personnelles;653.31
922;04/06/2026 22:41:00;;Souscription en cours;Coordonnées personnelles;695.71
923;04/06/2026 22:34:59;;Dossier validé;Parcours terminé;593.31
924;04/06/2026 22:34:59;;Dossier validé;Parcours terminé;535.85
925;04/06/2026 22:34:52;;Souscription en cours;Informations complémentaires (CA, Profession, etc.);971.30
926;04/06/2026 22:34:52;;Souscription en cours;Informations complémentaires (CA, Profession, etc.);176.74
927;04/06/2026 22:19:21;;Souscription en cours;Vérification d'identité;356.13
928;04/06/2026 22:19:21;;Souscription en cours;Vérification d'identité;416.36
929;04/06/2026 22:14:41;;Souscription en cours;Coordonnées personnelles;141.69
930;04/06/2026 22:14:41;;Souscription en cours;Coordonnées personnelles;485.61
931;04/06/2026 22:14:00;;Souscription en cours;Coordonnées personnelles;552.07
932;04/06/2026 22:14:00;;Souscription en cours;Coordonnées personnelles;543.47
933;04/06/2026 22:03:20;;Souscription en cours;Coordonnées personnelles;128.98
934;04/06/2026 22:03:20;;Souscription en cours;Coordonnées personnelles;115.79
935;04/06/2026 22:01:30;;En attente d'analyse Agent - Dossier avec erreurs;Signature Contrat;747.57
936;04/06/2026 22:01:30;;En attente d'analyse Agent - Dossier avec erreurs;Signature Contrat;467.67
937;04/06/2026 21:59:59;;Souscription en cours;Informations complémentaires (Etablissements, etc.);744.61
938;04/06/2026 21:59:59;;Souscription en cours;Informations complémentaires (Etablissements, etc.);989.03
939;04/06/2026 21:59:08;;Souscription en cours;Choix de l'offre et livraison;415.72
940;04/06/2026 21:59:08;;Souscription en cours;Choix de l'offre et livraison;948.03
941;04/06/2026 21:55:13;;En attente d'analyse Agent - Dossier avec erreurs;Signature Contrat;934.05
942;04/06/2026 21:55:13;;En attente d'analyse Agent - Dossier avec erreurs;Signature Contrat;423.54
943;04/06/2026 21:51:15;;Souscription en cours;Coordonnées personnelles;251.80
944;04/06/2026 21:51:15;;Souscription en cours;Coordonnées personnelles;512.75
945;04/06/2026 21:48:49;;Souscription en cours;Informations complémentaires (CA, Profession, etc.);379.89
946;04/06/2026 21:48:49;;Souscription en cours;Informations complémentaires (CA, Profession, etc.);229.00
947;04/06/2026 21:45:32;;En attente d'analyse Agent - Dossier avec erreurs;Signature Contrat;571.87
948;04/06/2026 21:45:32;;En attente d'analyse Agent - Dossier avec erreurs;Signature Contrat;115.39
949;04/06/2026 21:37:44;;Souscription en cours;Coordonnées personnelles;200.94
950;04/06/2026 21:37:44;;Souscription en cours;Coordonnées personnelles;789.71
951;04/06/2026 21:24:05;;Dossier validé;Parcours terminé;351.69
952;04/06/2026 21:24:05;;Dossier validé;Parcours terminé;863.78
953;04/06/2026 21:22:05;;Dossier validé;Parcours terminé;555.13
954;04/06/2026 21:22:05;;Dossier validé;Parcours terminé;824.25
955;04/06/2026 21:09:04;;Souscription non démarrée;Parcours non démarré;971.16
956;04/06/2026 21:09:04;;Souscription non démarrée;Parcours non démarré;243.55
957;04/06/2026 20:58:01;Zoé MULLER;Dossier validé;Parcours terminé;159.15
958;04/06/2026 20:58:01;Zoé MULLER;Dossier validé;Parcours terminé;581.65
959;04/06/2026 20:55:30;;Dossier validé;Parcours terminé;162.87
960;04/06/2026 20:55:30;;Dossier validé;Parcours terminé;969.91
961;04/06/2026 20:52:56;;Souscription en cours;Coordonnées personnelles;956.64
962;04/06/2026 20:52:56;;Souscription en cours;Coordonnées personnelles;406.28
963;04/06/2026 20:46:35;;Souscription non démarrée;Parcours non démarré;514.80
964;04/06/2026 20:46:35;;Souscription non démarrée;Parcours non démarré;740.50
965;04/06/2026 20:32:09;;En attente d'analyse Agent - Dossier avec erreurs;Signature Contrat;184.84
966;04/06/2026 20:32:09;;En attente d'analyse Agent - Dossier avec erreurs;Signature Contrat;538.77
967;04/06/2026 20:30:44;;Souscription non démarrée;Parcours non démarré;986.27
968;04/06/2026 20:30:44;;Souscription non démarrée;Parcours non démarré;733.30
969;04/06/2026 20:21:21;;Dossier refusé;Informations complémentaires (CA, Profession, etc.);341.28
970;04/06/2026 20:21:21;;Dossier refusé;Informations complémentaires (CA, Profession, etc.);466.30
971;04/06/2026 20:16:15;;Dossier validé;Parcours terminé;680.62
972;04/06/2026 20:16:15;;Dossier validé;Parcours terminé;419.07
973;04/06/2026 20:12:26;;Souscription non démarrée;Parcours non démarré;765.95
974;04/06/2026 20:12:26;;Souscription non démarrée;Parcours non démarré;980.20
975;04/06/2026 20:05:22;;Souscription en cours;Choix de l'offre et livraison;737.00
976;04/06/2026 20:05:22;;Souscription en cours;Choix de l'offre et livraison;851.76
977;04/06/2026 19:52:58;;Dossier validé;Parcours terminé;789.23
978;04/06/2026 19:52:58;;Dossier validé;Parcours terminé;266.10
979;04/06/2026 19:47:37;Hugo MARTIN;Dossier validé;Parcours terminé;504.86
980;04/06/2026 19:47:37;Hugo MARTIN;Dossier validé;Parcours terminé;210.26
981;04/06/2026 19:47:03;;Dossier validé;Parcours terminé;544.46
982;04/06/2026 19:47:03;;Dossier validé;Parcours terminé;278.69
983;04/06/2026 19:40:39;;Souscription en cours;Choix de l'offre et livraison;134.06
984;04/06/2026 19:40:39;;Souscription en cours;Choix de l'offre et livraison;907.56
985;04/06/2026 19:36:47;;En attente d'analyse Agent - Dossier avec erreurs;Signature Contrat;971.65
986;04/06/2026 19:36:47;;En attente d'analyse Agent - Dossier avec erreurs;Signature Contrat;397.85
987;04/06/2026 19:28:23;;En attente d'analyse Agent - Dossier avec erreurs;Signature Contrat;181.43
988;04/06/2026 19:28:23;;En attente d'analyse Agent - Dossier avec erreurs;Signature Contrat;606.52
989;04/06/2026 19:27:47;;Souscription en cours;Signature Contrat;816.13
990;04/06/2026 19:27:47;;Souscription en cours;Signature Contrat;448.57
991;04/06/2026 19:26:13;Hugo DUBOIS;Dossier refusé;Saisie société;749.71
992;04/06/2026 19:26:13;Hugo DUBOIS;Dossier refusé;Saisie société;720.41
993;04/06/2026 19:24:21;;En attente d'analyse Agent - Dossier avec erreurs;Signature Contrat;912.70
994;04/06/2026 19:24:21;;En attente d'analyse Agent - Dossier avec erreurs;Signature Contrat;414.59
995;04/06/2026 19:14:06;;Souscription en cours;Coordonnées personnelles;956.22
996;04/06/2026 19:14:06;;Souscription en cours;Coordonnées personnelles;932.44
997;04/06/2026 19:10:34;;Souscription en cours;Choix de l'offre et livraison;852.72
998;04/06/2026 19:10:34;;Souscription en cours;Choix de l'offre et livraison;125.96
999;04/06/2026 18:57:04;;Souscription en cours;Bénéficiaire effectifs;262.77
1000;04/06/2026 18:57:04;;Souscription en cours;Bénéficiaire effectifs;979.16
1001;04/06/2026 18:43:22;;Souscription en cours;Informations complémentaires (Etablissements, etc.);580.39
1002;04/06/2026 18:43:22;;Souscription en cours;Informations complémentaires (Etablissements, etc.);911.74
1003;04/06/2026 18:43:18;;Dossier refusé;Signature Contrat;915.52
1004;04/06/2026 18:43:18;;Dossier refusé;Signature Contrat;459.13
1005;04/06/2026 18:42:02;;Souscription en cours;Coordonnées personnelles;433.32
1006;04/06/2026 18:42:02;;Souscription en cours;Coordonnées personnelles;374.41
1007;04/06/2026 18:26:52;;Souscription en cours;Coordonnées personnelles;234.99
1008;04/06/2026 18:26:52;;Souscription en cours;Coordonnées personnelles;649.75
1009;04/06/2026 18:15:49;;Souscription en cours;Informations complémentaires (CA, Profession, etc.);886.61
1010;04/06/2026 18:15:49;;Souscription en cours;Informations complémentaires (CA, Profession, etc.);411.99
1011;04/06/2026 18:14:26;;Dossier refusé;Saisie société;382.82
1012;04/06/2026 18:14:26;;Dossier refusé;Saisie société;217.82
1013;04/06/2026 18:02:22;;Souscription en cours;Coordonnées personnelles;750.94
1014;04/06/2026 18:02:22;;Souscription en cours;Coordonnées personnelles;893.84
1015;04/06/2026 17:59:30;;Souscription en cours;Coordonnées personnelles;481.54
1016;04/06/2026 17:59:30;;Souscription en cours;Coordonnées personnelles;755.24
1017;04/06/2026 17:52:23;;Souscription en cours;Vérification d'identité;814.55
1018;04/06/2026 17:52:23;;Souscription en cours;Vérification d'identité;404.37
1019;04/06/2026 17:43:54;;Souscription non démarrée;Parcours non démarré;875.74
1020;04/06/2026 17:43:54;;Souscription non démarrée;Parcours non démarré;130.37
1021;04/06/2026 17:43:07;;Souscription en cours;Coordonnées personnelles;405.38
1022;04/06/2026 17:43:07;;Souscription en cours;Coordonnées personnelles;616.22
1023;04/06/2026 17:35:02;;Souscription en cours;Coordonnées personnelles;583.02
1024;04/06/2026 17:35:02;;Souscription en cours;Coordonnées personnelles;625.24
1025;04/06/2026 17:34:31;;Souscription non démarrée;Parcours non démarré;292.12
1026;04/06/2026 17:34:31;;Souscription non démarrée;Parcours non démarré;519.87
1027;04/06/2026 17:31:45;;Souscription en cours;Coordonnées personnelles;707.68
1028;04/06/2026 17:31:45;;Souscription en cours;Coordonnées personnelles;101.72
1029;04/06/2026 17:27:36;;En attente d'analyse Agent - Dossier avec erreurs;Signature Contrat;710.55
1030;04/06/2026 17:27:36;;En attente d'analyse Agent - Dossier avec erreurs;Signature Contrat;387.47
1031;04/06/2026 17:11:41;;Souscription non démarrée;Parcours non démarré;553.92
1032;04/06/2026 17:11:41;;Souscription non démarrée;Parcours non démarré;734.34
1033;04/06/2026 17:06:54;;Souscription en cours;Coordonnées personnelles;953.71
1034;04/06/2026 17:06:54;;Souscription en cours;Coordonnées personnelles;851.63
1035;04/06/2026 17:05:07;;Souscription en cours;Coordonnées personnelles;985.29
1036;04/06/2026 17:05:07;;Souscription en cours;Coordonnées personnelles;291.91
1037;04/06/2026 17:04:37;;Souscription en cours;Choix de l'offre et livraison;221.25
1038;04/06/2026 17:04:37;;Souscription en cours;Choix de l'offre et livraison;382.20
1039;04/06/2026 17:04:01;;Souscription en cours;Coordonnées personnelles;235.28
1040;04/06/2026 17:04:01;;Souscription en cours;Coordonnées personnelles;112.75
1041;04/06/2026 17:01:40;;En attente d'analyse Agent - Dossier avec erreurs;Signature Contrat;826.32
1042;04/06/2026 17:01:40;;En attente d'analyse Agent - Dossier avec erreurs;Signature Contrat;246.04
1043;04/06/2026 16:54:36;;Souscription en cours;Signature Contrat;398.74
1044;04/06/2026 16:54:36;;Souscription en cours;Signature Contrat;386.92
1045;04/06/2026 16:54:18;;Souscription en cours;Choix de l'offre et livraison;769.70
1046;04/06/2026 16:54:18;;Souscription en cours;Choix de l'offre et livraison;458.94
1047;04/06/2026 16:51:55;;Souscription en cours;Coordonnées personnelles;324.13
1048;04/06/2026 16:51:55;;Souscription en cours;Coordonnées personnelles;989.85
1049;04/06/2026 16:49:47;;Souscription en cours;Coordonnées personnelles;610.15
1050;04/06/2026 16:49:47;;Souscription en cours;Coordonnées personnelles;823.97
1051;04/06/2026 16:44:10;;Dossier refusé;Saisie société;779.89
1052;04/06/2026 16:44:10;;Dossier refusé;Saisie société;739.41
1053;04/06/2026 16:41:37;;Souscription en cours;Vérification d'identité;222.67
1054;04/06/2026 16:41:37;;Souscription en cours;Vérification d'identité;858.64
1055;04/06/2026 16:39:48;;Dossier validé;Parcours terminé;354.63
1056;04/06/2026 16:39:48;;Dossier validé;Parcours terminé;431.58
1057;04/06/2026 16:38:18;;En attente d'analyse Agent - Dossier avec erreurs;Signature Contrat;743.15
1058;04/06/2026 16:38:18;;En attente d'analyse Agent - Dossier avec erreurs;Signature Contrat;879.01
1059;04/06/2026 16:37:17;;Dossier validé;Parcours terminé;633.69
1060;04/06/2026 16:37:17;;Dossier validé;Parcours terminé;158.09
1061;04/06/2026 16:30:08;;Souscription en cours;Coordonnées personnelles;475.72
1062;04/06/2026 16:30:08;;Souscription en cours;Coordonnées personnelles;379.80
1063;04/06/2026 16:22:57;;Dossier validé;Parcours terminé;349.94
1064;04/06/2026 16:22:57;;Dossier validé;Parcours terminé;329.60
1065;04/06/2026 16:22:08;;Souscription en cours;Coordonnées personnelles;724.11
1066;04/06/2026 16:22:08;;Souscription en cours;Coordonnées personnelles;615.66
1067;04/06/2026 16:21:00;;Souscription en cours;Coordonnées personnelles;950.74
1068;04/06/2026 16:21:00;;Souscription en cours;Coordonnées personnelles;326.66
1069;04/06/2026 16:17:03;;Dossier validé;Parcours terminé;770.04
1070;04/06/2026 16:17:03;;Dossier validé;Parcours terminé;547.66
1071;04/06/2026 16:16:27;;Dossier validé;Parcours terminé;688.40
1072;04/06/2026 16:16:27;;Dossier validé;Parcours terminé;680.34
1073;04/06/2026 16:13:19;;Souscription en cours;Signature Contrat;928.38
1074;04/06/2026 16:13:19;;Souscription en cours;Signature Contrat;196.95
1075;04/06/2026 16:07:05;;Souscription non démarrée;Parcours non démarré;703.46
1076;04/06/2026 16:07:05;;Souscription non démarrée;Parcours non démarré;191.25
1077;04/06/2026 16:06:00;;Souscription non démarrée;Parcours non démarré;354.72
1078;04/06/2026 16:06:00;;Souscription non démarrée;Parcours non démarré;372.18
1079;04/06/2026 16:04:12;;Souscription en cours;Choix de l'offre et livraison;567.42
1080;04/06/2026 16:04:12;;Souscription en cours;Choix de l'offre et livraison;911.08
1081;04/06/2026 16:03:27;;Souscription non démarrée;Parcours non démarré;515.29
1082;04/06/2026 16:03:27;;Souscription non démarrée;Parcours non démarré;512.16
1083;04/06/2026 16:01:18;;Souscription en cours;Coordonnées personnelles;493.78
1084;04/06/2026 16:01:18;;Souscription en cours;Coordonnées personnelles;578.99
1085;04/06/2026 15:58:49;;Dossier validé;Parcours terminé;202.17
1086;04/06/2026 15:58:49;;Dossier validé;Parcours terminé;478.42
1087;04/06/2026 15:57:27;;Souscription en cours;Coordonnées personnelles;145.63
1088;04/06/2026 15:57:27;;Souscription en cours;Coordonnées personnelles;692.57
1089;04/06/2026 15:49:56;;Souscription non démarrée;Parcours non démarré;726.91
1090;04/06/2026 15:49:56;;Souscription non démarrée;Parcours non démarré;139.69
1091;04/06/2026 15:45:46;;Dossier refusé;Saisie société;402.67
1092;04/06/2026 15:45:46;;Dossier refusé;Saisie société;225.15
1093;04/06/2026 15:42:46;;Souscription non démarrée;Parcours non démarré;833.05
1094;04/06/2026 15:42:46;;Souscription non démarrée;Parcours non démarré;134.22
1095;04/06/2026 15:33:58;;Dossier refusé;Saisie société;573.35
1096;04/06/2026 15:33:58;;Dossier refusé;Saisie société;375.35
1097;04/06/2026 15:33:04;;Souscription en cours;Coordonnées personnelles;624.03
1098;04/06/2026 15:33:04;;Souscription en cours;Coordonnées personnelles;658.07
1099;04/06/2026 15:33:00;;Souscription en cours;Coordonnées personnelles;778.09
1100;04/06/2026 15:33:00;;Souscription en cours;Coordonnées personnelles;924.16
1101;04/06/2026 15:25:24;;Dossier refusé;Saisie société;249.23
1102;04/06/2026 15:25:24;;Dossier refusé;Saisie société;604.17
1103;04/06/2026 15:25:15;;Dossier validé;Parcours terminé;316.88
1104;04/06/2026 15:25:15;;Dossier validé;Parcours terminé;812.54
1105;04/06/2026 15:25:12;;En attente d'analyse Agent - Dossier avec erreurs;Signature Contrat;731.03
1106;04/06/2026 15:25:12;;En attente d'analyse Agent - Dossier avec erreurs;Signature Contrat;273.19
1107;04/06/2026 15:25:04;Adam MARTIN;Dossier validé;Parcours terminé;463.28
1108;04/06/2026 15:25:04;Adam MARTIN;Dossier validé;Parcours terminé;754.59
1109;04/06/2026 15:11:39;;Souscription non démarrée;Parcours non démarré;476.41
1110;04/06/2026 15:11:39;;Souscription non démarrée;Parcours non démarré;844.55
1111;04/06/2026 15:08:37;;Souscription en cours;Bénéficiaire effectifs;435.77
1112;04/06/2026 15:08:37;;Souscription en cours;Bénéficiaire effectifs;143.56
1113;04/06/2026 15:07:58;;Souscription en cours;Signature Contrat;213.84
1114;04/06/2026 15:07:58;;Souscription en cours;Signature Contrat;444.43
1115;04/06/2026 15:06:36;;En attente d'analyse Agent - Dossier avec erreurs;Signature Contrat;369.30
1116;04/06/2026 15:06:36;;En attente d'analyse Agent - Dossier avec erreurs;Signature Contrat;918.90
1117;04/06/2026 15:05:26;;Souscription en cours;Vérification d'identité;616.36
1118;04/06/2026 15:05:26;;Souscription en cours;Vérification d'identité;803.50
1119;04/06/2026 15:04:03;;Souscription en cours;Synchronisation référentiel personne NOVA;143.86
1120;04/06/2026 15:04:03;;Souscription en cours;Synchronisation référentiel personne NOVA;134.89
1121;04/06/2026 15:03:44;;Souscription en cours;Coordonnées personnelles;490.31
1122;04/06/2026 15:03:44;;Souscription en cours;Coordonnées personnelles;431.46
1123;04/06/2026 15:02:34;;Dossier validé;Parcours terminé;867.29
1124;04/06/2026 15:02:34;;Dossier validé;Parcours terminé;164.20
1125;04/06/2026 15:01:47;;Dossier validé;Parcours terminé;825.26
1126;04/06/2026 15:01:47;;Dossier validé;Parcours terminé;427.42
1127;04/06/2026 15:00:27;;Souscription non démarrée;Parcours non démarré;376.35
1128;04/06/2026 15:00:27;;Souscription non démarrée;Parcours non démarré;216.44
1129;04/06/2026 14:57:25;;Dossier refusé;Signature Contrat;433.34
1130;04/06/2026 14:57:25;;Dossier refusé;Signature Contrat;428.42
1131;04/06/2026 14:47:53;;Souscription en cours;Choix de l'offre et livraison;730.33
1132;04/06/2026 14:47:53;;Souscription en cours;Choix de l'offre et livraison;433.03
1133;04/06/2026 14:33:33;;Souscription non démarrée;Parcours non démarré;601.49
1134;04/06/2026 14:33:33;;Souscription non démarrée;Parcours non démarré;274.10
1135;04/06/2026 14:32:42;;Souscription non démarrée;Parcours non démarré;466.08
1136;04/06/2026 14:32:42;;Souscription non démarrée;Parcours non démarré;518.63
1137;04/06/2026 14:31:28;;Souscription non démarrée;Parcours non démarré;816.40
1138;04/06/2026 14:31:28;;Souscription non démarrée;Parcours non démarré;312.75
1139;04/06/2026 14:23:59;;Souscription en cours;Coordonnées personnelles;208.63
1140;04/06/2026 14:23:59;;Souscription en cours;Coordonnées personnelles;527.99
1141;04/06/2026 14:17:06;;Dossier validé;Parcours terminé;853.49
1142;04/06/2026 14:17:06;;Dossier validé;Parcours terminé;557.69
1143;04/06/2026 14:15:55;;Souscription en cours;Coordonnées personnelles;847.96
1144;04/06/2026 14:15:55;;Souscription en cours;Coordonnées personnelles;213.67
1145;04/06/2026 14:12:55;;Souscription en cours;Coordonnées personnelles;676.00
1146;04/06/2026 14:12:55;;Souscription en cours;Coordonnées personnelles;108.11
1147;04/06/2026 14:10:38;;Souscription en cours;Coordonnées personnelles;511.39
1148;04/06/2026 14:10:38;;Souscription en cours;Coordonnées personnelles;337.31
1149;04/06/2026 14:08:09;Adam LAURENT;Dossier refusé;Saisie société;726.03
1150;04/06/2026 14:08:09;Adam LAURENT;Dossier refusé;Saisie société;467.62
1151;04/06/2026 13:53:12;;Souscription en cours;Coordonnées personnelles;637.39
1152;04/06/2026 13:53:12;;Souscription en cours;Coordonnées personnelles;468.02
1153;04/06/2026 13:52:41;;Dossier validé;Parcours terminé;356.77
1154;04/06/2026 13:52:41;;Dossier validé;Parcours terminé;644.84
1155;04/06/2026 13:50:55;;Souscription non démarrée;Parcours non démarré;704.76
1156;04/06/2026 13:50:55;;Souscription non démarrée;Parcours non démarré;728.31
1157;04/06/2026 13:47:41;;Dossier refusé;Saisie société;872.82
1158;04/06/2026 13:47:41;;Dossier refusé;Saisie société;303.35
1159;04/06/2026 13:43:58;;Souscription non démarrée;Parcours non démarré;485.57
1160;04/06/2026 13:43:58;;Souscription non démarrée;Parcours non démarré;145.84
1161;04/06/2026 13:35:44;;Dossier validé;Parcours terminé;604.15
1162;04/06/2026 13:35:44;;Dossier validé;Parcours terminé;609.55
1163;04/06/2026 13:33:58;;Souscription non démarrée;Parcours non démarré;199.63
1164;04/06/2026 13:33:58;;Souscription non démarrée;Parcours non démarré;259.27
1165;04/06/2026 13:23:18;;Dossier validé;Parcours terminé;606.68
1166;04/06/2026 13:23:18;;Dossier validé;Parcours terminé;890.73
1167;04/06/2026 13:20:59;;Souscription en cours;Coordonnées personnelles;356.25
1168;04/06/2026 13:20:59;;Souscription en cours;Coordonnées personnelles;153.32
1169;04/06/2026 13:12:44;;Souscription non démarrée;Parcours non démarré;469.20
1170;04/06/2026 13:12:44;;Souscription non démarrée;Parcours non démarré;187.38
1171;04/06/2026 13:10:50;;Souscription en cours;Coordonnées personnelles;879.78
1172;04/06/2026 13:10:50;;Souscription en cours;Coordonnées personnelles;809.39
1173;04/06/2026 13:07:48;;Souscription en cours;Choix de l'offre et livraison;960.56
1174;04/06/2026 13:07:48;;Souscription en cours;Choix de l'offre et livraison;340.22
1175;04/06/2026 13:02:07;;Dossier refusé;Saisie société;686.75
1176;04/06/2026 13:02:07;;Dossier refusé;Saisie société;356.25
1177;04/06/2026 12:58:24;;En attente d'analyse Agent - Dossier avec erreurs;Signature Contrat;980.78
1178;04/06/2026 12:58:24;;En attente d'analyse Agent - Dossier avec erreurs;Signature Contrat;677.05
1179;04/06/2026 12:56:39;;Souscription non démarrée;Parcours non démarré;332.33
1180;04/06/2026 12:56:39;;Souscription non démarrée;Parcours non démarré;859.04
1181;04/06/2026 12:49:28;;Dossier refusé;Bénéficiaire effectifs;878.16
1182;04/06/2026 12:49:28;;Dossier refusé;Bénéficiaire effectifs;761.08
1183;04/06/2026 12:49:11;;Dossier validé;Parcours terminé;255.10
1184;04/06/2026 12:49:11;;Dossier validé;Parcours terminé;718.60
1185;04/06/2026 12:44:02;;Souscription en cours;Bénéficiaire effectifs;899.97
1186;04/06/2026 12:44:02;;Souscription en cours;Bénéficiaire effectifs;124.93
1187;04/06/2026 12:41:30;;Dossier validé;Parcours terminé;772.94
1188;04/06/2026 12:41:30;;Dossier validé;Parcours terminé;626.74
1189;04/06/2026 12:41:08;;Dossier validé;Parcours terminé;880.33
1190;04/06/2026 12:41:08;;Dossier validé;Parcours terminé;985.56
1191;04/06/2026 12:38:06;;Souscription en cours;Signature Contrat;475.23
1192;04/06/2026 12:38:06;;Souscription en cours;Signature Contrat;161.32
1193;04/06/2026 12:28:52;;Souscription en cours;Coordonnées personnelles;987.45
1194;04/06/2026 12:28:52;;Souscription en cours;Coordonnées personnelles;637.06
1195;04/06/2026 12:27:31;;Dossier validé;Parcours terminé;334.24
1196;04/06/2026 12:27:31;;Dossier validé;Parcours terminé;466.51
1197;04/06/2026 12:27:02;;Souscription non démarrée;Parcours non démarré;466.96
1198;04/06/2026 12:27:02;;Souscription non démarrée;Parcours non démarré;661.33
1199;04/06/2026 12:25:15;;Souscription en cours;Coordonnées personnelles;669.25
1200;04/06/2026 12:25:15;;Souscription en cours;Coordonnées personnelles;228.90
1201;04/06/2026 12:23:20;;Souscription non démarrée;Parcours non démarré;869.19
1202;04/06/2026 12:23:20;;Souscription non démarrée;Parcours non démarré;778.91
1203;04/06/2026 12:22:55;;Souscription en cours;Coordonnées personnelles;731.29
1204;04/06/2026 12:22:55;;Souscription en cours;Coordonnées personnelles;104.91
1205;04/06/2026 12:19:04;;Dossier validé;Parcours terminé;938.02
1206;04/06/2026 12:19:04;;Dossier validé;Parcours terminé;842.78
1207;04/06/2026 12:16:56;;Dossier validé;Parcours terminé;945.29
1208;04/06/2026 12:16:56;;Dossier validé;Parcours terminé;568.02
1209;04/06/2026 12:14:22;;Souscription en cours;Choix de l'offre et livraison;756.12
1210;04/06/2026 12:14:22;;Souscription en cours;Choix de l'offre et livraison;638.66
1211;04/06/2026 12:10:29;;Souscription non démarrée;Parcours non démarré;167.64
1212;04/06/2026 12:10:29;;Souscription non démarrée;Parcours non démarré;634.94
1213;04/06/2026 12:06:53;;Dossier validé;Parcours terminé;266.69
1214;04/06/2026 12:06:53;;Dossier validé;Parcours terminé;125.80
1215;04/06/2026 12:06:48;;En attente d'analyse Agent - Dossier avec erreurs;Signature Contrat;132.39
1216;04/06/2026 12:06:48;;En attente d'analyse Agent - Dossier avec erreurs;Signature Contrat;233.46
1217;04/06/2026 12:06:18;;Souscription en cours;Informations complémentaires (CA, Profession, etc.);329.54
1218;04/06/2026 12:06:18;;Souscription en cours;Informations complémentaires (CA, Profession, etc.);914.63
1219;04/06/2026 12:06:07;;Souscription en cours;Vérification d'identité;207.66
1220;04/06/2026 12:06:07;;Souscription en cours;Vérification d'identité;305.13
1221;04/06/2026 12:02:29;;Dossier refusé;Saisie société;204.03
1222;04/06/2026 12:02:29;;Dossier refusé;Saisie société;601.77
1223;04/06/2026 11:59:39;;Souscription en cours;Signature Contrat;734.11
1224;04/06/2026 11:59:39;;Souscription en cours;Signature Contrat;581.96
1225;04/06/2026 11:59:11;;Souscription en cours;Coordonnées personnelles;208.69
1226;04/06/2026 11:59:11;;Souscription en cours;Coordonnées personnelles;624.40
1227;04/06/2026 11:57:28;;Dossier validé;Parcours terminé;305.30
1228;04/06/2026 11:57:28;;Dossier validé;Parcours terminé;630.46
1229;04/06/2026 11:57:09;;En attente d'analyse Agent - Dossier avec erreurs;Signature Contrat;181.34
1230;04/06/2026 11:57:09;;En attente d'analyse Agent - Dossier avec erreurs;Signature Contrat;861.59
1231;04/06/2026 11:54:39;;Dossier validé;Parcours terminé;568.22
1232;04/06/2026 11:54:39;;Dossier validé;Parcours terminé;218.63
1233;04/06/2026 11:53:29;;Dossier validé;Parcours terminé;852.74
1234;04/06/2026 11:53:29;;Dossier validé;Parcours terminé;241.58
1235;04/06/2026 11:52:28;;Dossier refusé;Signature Contrat;900.62
1236;04/06/2026 11:52:28;;Dossier refusé;Signature Contrat;449.43
1237;04/06/2026 11:51:09;;Dossier validé;Parcours terminé;317.00
1238;04/06/2026 11:51:09;;Dossier validé;Parcours terminé;535.31
1239;04/06/2026 11:47:25;;En attente d'analyse Agent - Dossier avec erreurs;Signature Contrat;431.36
1240;04/06/2026 11:47:25;;En attente d'analyse Agent - Dossier avec erreurs;Signature Contrat;419.17
1241;04/06/2026 11:37:51;;Souscription en cours;Bénéficiaire effectifs;184.23
1242;04/06/2026 11:37:51;;Souscription en cours;Bénéficiaire effectifs;619.08
1243;04/06/2026 11:36:59;;Souscription en cours;Coordonnées personnelles;555.63
1244;04/06/2026 11:36:59;;Souscription en cours;Coordonnées personnelles;315.71
1245;04/06/2026 11:32:50;;Souscription en cours;Coordonnées personnelles;273.97
1246;04/06/2026 11:32:50;;Souscription en cours;Coordonnées personnelles;286.39
1247;04/06/2026 11:30:26;;Souscription en cours;Coordonnées personnelles;690.95
1248;04/06/2026 11:30:26;;Souscription en cours;Coordonnées personnelles;174.41
1249;04/06/2026 11:21:56;;Dossier validé;Parcours terminé;949.67
1250;04/06/2026 11:21:56;;Dossier validé;Parcours terminé;398.41
1251;04/06/2026 11:19:52;Hugo DUBOIS;Dossier refusé;Saisie société;562.69
1252;04/06/2026 11:19:52;Hugo DUBOIS;Dossier refusé;Saisie société;596.52
1253;04/06/2026 11:17:06;;Souscription en cours;Coordonnées personnelles;411.07
1254;04/06/2026 11:17:06;;Souscription en cours;Coordonnées personnelles;607.53
1255;04/06/2026 11:15:12;;Souscription non démarrée;Parcours non démarré;977.66
1256;04/06/2026 11:15:12;;Souscription non démarrée;Parcours non démarré;315.84
1257;04/06/2026 11:06:56;;Dossier refusé;Signature Contrat;988.83
1258;04/06/2026 11:06:56;;Dossier refusé;Signature Contrat;943.22
1259;04/06/2026 11:00:44;;Dossier refusé;Saisie société;284.95
1260;04/06/2026 11:00:44;;Dossier refusé;Saisie société;637.84
1261;04/06/2026 10:58:50;;Souscription en cours;Coordonnées personnelles;152.42
1262;04/06/2026 10:58:50;;Souscription en cours;Coordonnées personnelles;803.66
1263;04/06/2026 10:58:31;;Dossier refusé;Vérification d'identité;985.03
1264;04/06/2026 10:58:31;;Dossier refusé;Vérification d'identité;367.31
1265;04/06/2026 10:55:44;;Souscription en cours;Coordonnées personnelles;474.99
1266;04/06/2026 10:55:44;;Souscription en cours;Coordonnées personnelles;185.05
1267;04/06/2026 10:48:05;;Souscription en cours;Informations complémentaires (Etablissements, etc.);713.20
1268;04/06/2026 10:48:05;;Souscription en cours;Informations complémentaires (Etablissements, etc.);510.67
1269;04/06/2026 10:47:40;;Souscription en cours;Coordonnées personnelles;813.18
1270;04/06/2026 10:47:40;;Souscription en cours;Coordonnées personnelles;992.86
1271;04/06/2026 10:43:50;;Souscription en cours;Choix de l'offre et livraison;544.46
1272;04/06/2026 10:43:50;;Souscription en cours;Choix de l'offre et livraison;390.18
1273;04/06/2026 10:39:41;;Souscription en cours;Coordonnées personnelles;237.73
1274;04/06/2026 10:39:41;;Souscription en cours;Coordonnées personnelles;109.32
1275;04/06/2026 10:36:29;;En attente d'analyse Agent - Dossier avec erreurs;Signature Contrat;533.51
1276;04/06/2026 10:36:29;;En attente d'analyse Agent - Dossier avec erreurs;Signature Contrat;645.03
1277;04/06/2026 10:36:10;;Souscription non démarrée;Parcours non démarré;411.79
1278;04/06/2026 10:36:10;;Souscription non démarrée;Parcours non démarré;860.24
1279;04/06/2026 10:34:56;;Souscription non démarrée;Parcours non démarré;657.29
1280;04/06/2026 10:34:56;;Souscription non démarrée;Parcours non démarré;361.16
1281;04/06/2026 10:34:35;;Souscription en cours;Coordonnées personnelles;765.70
1282;04/06/2026 10:34:35;;Souscription en cours;Coordonnées personnelles;435.65
1283;04/06/2026 10:33:31;;Souscription en cours;Signature Contrat;561.06
1284;04/06/2026 10:33:31;;Souscription en cours;Signature Contrat;148.76
1285;04/06/2026 10:27:10;;Souscription non démarrée;Parcours non démarré;630.00
1286;04/06/2026 10:27:10;;Souscription non démarrée;Parcours non démarré;631.12
1287;04/06/2026 10:18:53;;Souscription en cours;Choix de l'offre et livraison;242.61
1288;04/06/2026 10:18:53;;Souscription en cours;Choix de l'offre et livraison;567.82
1289;04/06/2026 10:18:38;;En attente d'analyse Agent - Dossier avec erreurs;Signature Contrat;757.14
1290;04/06/2026 10:18:38;;En attente d'analyse Agent - Dossier avec erreurs;Signature Contrat;161.49
1291;04/06/2026 10:17:11;;Souscription non démarrée;Parcours non démarré;835.46
1292;04/06/2026 10:17:11;;Souscription non démarrée;Parcours non démarré;272.63
1293;04/06/2026 10:15:48;;Souscription en cours;Choix de l'offre et livraison;802.95
1294;04/06/2026 10:15:48;;Souscription en cours;Choix de l'offre et livraison;229.32
1295;04/06/2026 10:05:30;Manon LEFEBVRE;Dossier refusé;Saisie société;982.88
1296;04/06/2026 10:05:30;Manon LEFEBVRE;Dossier refusé;Saisie société;940.64
1297;04/06/2026 10:04:30;;Souscription en cours;Vérification d'identité;392.70
1298;04/06/2026 10:04:30;;Souscription en cours;Vérification d'identité;987.18
1299;04/06/2026 09:55:00;;Dossier refusé;Saisie société;923.91
1300;04/06/2026 09:55:00;;Dossier refusé;Saisie société;145.02
1301;04/06/2026 09:53:25;;Souscription en cours;Coordonnées personnelles;839.63
1302;04/06/2026 09:53:25;;Souscription en cours;Coordonnées personnelles;183.98
1303;04/06/2026 09:49:12;;Dossier validé;Parcours terminé;499.58
1304;04/06/2026 09:49:12;;Dossier validé;Parcours terminé;467.11
1305;04/06/2026 09:46:55;;Souscription en cours;Coordonnées personnelles;335.83
1306;04/06/2026 09:46:55;;Souscription en cours;Coordonnées personnelles;485.93
1307;04/06/2026 09:46:22;;Souscription en cours;Informations complémentaires (CA, Profession, etc.);196.09
1308;04/06/2026 09:46:22;;Souscription en cours;Informations complémentaires (CA, Profession, etc.);551.62
1309;04/06/2026 09:36:11;;Dossier validé;Parcours terminé;459.41
1310;04/06/2026 09:36:11;;Dossier validé;Parcours terminé;207.12
1311;04/06/2026 09:35:03;;Dossier validé;Parcours terminé;511.72
1312;04/06/2026 09:35:03;;Dossier validé;Parcours terminé;653.45
1313;04/06/2026 09:28:01;;Souscription en cours;Vérification d'identité;277.20
1314;04/06/2026 09:28:01;;Souscription en cours;Vérification d'identité;987.00
1315;04/06/2026 09:22:55;;Souscription en cours;Coordonnées personnelles;357.57
1316;04/06/2026 09:22:55;;Souscription en cours;Coordonnées personnelles;265.36
1317;04/06/2026 09:21:57;;Souscription en cours;Coordonnées personnelles;210.79
1318;04/06/2026 09:21:57;;Souscription en cours;Coordonnées personnelles;592.08
1319;04/06/2026 09:21:33;;Dossier refusé;Saisie société;222.07
1320;04/06/2026 09:21:33;;Dossier refusé;Saisie société;824.54
1321;04/06/2026 09:16:45;;Dossier refusé;Saisie société;528.64
1322;04/06/2026 09:16:45;;Dossier refusé;Saisie société;125.15
1323;04/06/2026 09:14:13;;Souscription en cours;Coordonnées personnelles;795.52
1324;04/06/2026 09:14:13;;Souscription en cours;Coordonnées personnelles;957.27
1325;04/06/2026 09:10:36;;Souscription en cours;Signature Contrat;184.66
1326;04/06/2026 09:10:36;;Souscription en cours;Signature Contrat;314.78
1327;04/06/2026 09:10:03;;Souscription non démarrée;Parcours non démarré;460.46
1328;04/06/2026 09:10:03;;Souscription non démarrée;Parcours non démarré;999.16
1329;04/06/2026 09:05:58;;Dossier refusé;Signature Contrat;537.61
1330;04/06/2026 09:05:58;;Dossier refusé;Signature Contrat;368.02
1331;04/06/2026 09:05:03;;Souscription en cours;Signature Contrat;602.82
1332;04/06/2026 09:05:03;;Souscription en cours;Signature Contrat;202.67
1333;04/06/2026 09:03:53;;Souscription en cours;Choix de l'offre et livraison;731.40
1334;04/06/2026 09:03:53;;Souscription en cours;Choix de l'offre et livraison;884.49
1335;04/06/2026 08:44:25;;Souscription en cours;Coordonnées personnelles;557.43
1336;04/06/2026 08:44:25;;Souscription en cours;Coordonnées personnelles;409.15
1337;04/06/2026 08:23:24;;Souscription en cours;Coordonnées personnelles;216.08
1338;04/06/2026 08:23:24;;Souscription en cours;Coordonnées personnelles;559.86
1339;04/06/2026 08:17:10;Hugo MARTIN;Dossier validé;Parcours terminé;283.20
1340;04/06/2026 08:17:10;Hugo MARTIN;Dossier validé;Parcours terminé;646.50
1341;04/06/2026 08:08:21;;Souscription en cours;Signature Contrat;991.86
1342;04/06/2026 08:08:21;;Souscription en cours;Signature Contrat;754.12
1343;04/06/2026 07:49:27;;Souscription en cours;Coordonnées personnelles;948.71
1344;04/06/2026 07:49:27;;Souscription en cours;Coordonnées personnelles;397.07
1345;04/06/2026 07:37:43;;En attente d'analyse Agent - Dossier avec erreurs;Signature Contrat;209.70
1346;04/06/2026 07:37:43;;En attente d'analyse Agent - Dossier avec erreurs;Signature Contrat;185.94
1347;04/06/2026 06:40:23;;Dossier validé;Parcours terminé;775.25
1348;04/06/2026 06:40:23;;Dossier validé;Parcours terminé;670.55
1349;04/06/2026 06:33:55;;Souscription en cours;Coordonnées personnelles;105.94
1350;04/06/2026 06:33:55;;Souscription en cours;Coordonnées personnelles;262.64
1351;04/06/2026 06:30:35;Hugo MARTIN;Dossier validé;Parcours terminé;687.77
1352;04/06/2026 06:30:35;Hugo MARTIN;Dossier validé;Parcours terminé;993.51
1353;04/06/2026 06:17:53;;En attente d'analyse Agent - Dossier avec erreurs;Signature Contrat;172.02
1354;04/06/2026 06:17:53;;En attente d'analyse Agent - Dossier avec erreurs;Signature Contrat;483.47
1355;04/06/2026 06:05:41;;Souscription en cours;Informations complémentaires (Etablissements, etc.);914.28
1356;04/06/2026 06:05:41;;Souscription en cours;Informations complémentaires (Etablissements, etc.);880.35
1357;04/06/2026 06:04:52;;Dossier validé;Parcours terminé;282.14
1358;04/06/2026 06:04:52;;Dossier validé;Parcours terminé;291.87
1359;04/06/2026 06:04:12;;Dossier refusé;Coordonnées personnelles;474.58
1360;04/06/2026 06:04:12;;Dossier refusé;Coordonnées personnelles;585.12
1361;04/06/2026 05:34:16;;Souscription en cours;Signature Contrat;890.30
1362;04/06/2026 05:34:16;;Souscription en cours;Signature Contrat;719.13
1363;04/06/2026 05:27:03;;Dossier validé;Parcours terminé;953.28
1364;04/06/2026 05:27:03;;Dossier validé;Parcours terminé;589.17
1365;04/06/2026 04:38:09;;En attente d'analyse Agent - Dossier avec erreurs;Signature Contrat;382.91
1366;04/06/2026 04:38:09;;En attente d'analyse Agent - Dossier avec erreurs;Signature Contrat;786.85
1367;04/06/2026 04:26:47;;Souscription en cours;Coordonnées personnelles;755.51
1368;04/06/2026 04:26:47;;Souscription en cours;Coordonnées personnelles;614.17
1369;04/06/2026 04:26:27;;Dossier refusé;Bénéficiaire effectifs;562.29
1370;04/06/2026 04:26:27;;Dossier refusé;Bénéficiaire effectifs;635.52
1371;04/06/2026 02:57:28;;Souscription en cours;Signature Contrat;643.79
1372;04/06/2026 02:57:28;;Souscription en cours;Signature Contrat;186.17
1373;04/06/2026 02:31:17;;Dossier refusé;Saisie société;688.12
1374;04/06/2026 02:31:17;;Dossier refusé;Saisie société;250.47
1375;04/06/2026 02:09:23;;Dossier validé;Parcours terminé;400.22
1376;04/06/2026 02:09:23;;Dossier validé;Parcours terminé;311.89
1377;04/06/2026 01:57:22;;Dossier validé;Parcours terminé;184.21
1378;04/06/2026 01:57:22;;Dossier validé;Parcours terminé;853.75
1379;04/06/2026 01:49:58;;Souscription en cours;Vérification d'identité;460.35
1380;04/06/2026 01:49:58;;Souscription en cours;Vérification d'identité;945.79
1381;04/06/2026 01:19:59;;Dossier validé;Parcours terminé;577.70
1382;04/06/2026 01:19:59;;Dossier validé;Parcours terminé;202.07
1383;04/06/2026 01:10:58;;En attente d'analyse Agent - Dossier avec erreurs;Signature Contrat;232.72
1384;04/06/2026 01:10:58;;En attente d'analyse Agent - Dossier avec erreurs;Signature Contrat;635.90
1385;04/06/2026 01:02:33;;Souscription en cours;Coordonnées personnelles;626.86
1386;04/06/2026 01:02:33;;Souscription en cours;Coordonnées personnelles;987.97
1387;04/06/2026 00:30:35;;Dossier validé;Parcours terminé;946.22
1388;04/06/2026 00:30:35;;Dossier validé;Parcours terminé;622.94
1389;04/06/2026 00:22:20;;Dossier validé;Parcours terminé;703.67
1390;04/06/2026 00:22:20;;Dossier validé;Parcours terminé;517.57
1391;04/06/2026 00:11:23;;En attente d'analyse Agent - Dossier avec erreurs;Signature Contrat;598.20
1392;04/06/2026 00:11:23;;En attente d'analyse Agent - Dossier avec erreurs;Signature Contrat;370.83
1393;04/06/2026 00:06:16;;Dossier validé;Parcours terminé;529.87
1394;04/06/2026 00:06:16;;Dossier validé;Parcours terminé;652.20
1395;03/06/2026 23:58:11;;Dossier validé;Parcours terminé;271.47
1396;03/06/2026 23:58:11;;Dossier validé;Parcours terminé;484.86
1397;03/06/2026 23:49:19;;Souscription en cours;Coordonnées personnelles;164.42
1398;03/06/2026 23:49:19;;Souscription en cours;Coordonnées personnelles;523.96
1399;03/06/2026 23:45:29;;Dossier validé;Parcours terminé;155.19
1400;03/06/2026 23:45:29;;Dossier validé;Parcours terminé;735.50
1401;03/06/2026 23:42:57;;Souscription en cours;Coordonnées personnelles;389.34
1402;03/06/2026 23:42:57;;Souscription en cours;Coordonnées personnelles;216.53
1403;03/06/2026 23:42:19;;Dossier validé;Parcours terminé;279.21
1404;03/06/2026 23:42:19;;Dossier validé;Parcours terminé;761.28
1405;03/06/2026 23:41:41;;Dossier validé;Parcours terminé;162.96
1406;03/06/2026 23:41:41;;Dossier validé;Parcours terminé;507.91
1407;03/06/2026 23:23:55;;Souscription en cours;Choix de l'offre et livraison;690.43
1408;03/06/2026 23:23:55;;Souscription en cours;Choix de l'offre et livraison;755.29
1409;03/06/2026 23:20:31;;Dossier validé;Parcours terminé;409.04
1410;03/06/2026 23:20:31;;Dossier validé;Parcours terminé;343.69
1411;03/06/2026 23:16:42;;Souscription en cours;Coordonnées personnelles;326.60
1412;03/06/2026 23:16:42;;Souscription en cours;Coordonnées personnelles;366.23
1413;03/06/2026 23:04:02;;Dossier refusé;Saisie société;889.50
1414;03/06/2026 23:04:02;;Dossier refusé;Saisie société;709.69
1415;03/06/2026 22:49:45;;Souscription en cours;Coordonnées personnelles;609.41
1416;03/06/2026 22:49:45;;Souscription en cours;Coordonnées personnelles;546.23
1417;03/06/2026 22:36:35;;En attente d'analyse Agent - Dossier avec erreurs;Signature Contrat;610.71
1418;03/06/2026 22:36:35;;En attente d'analyse Agent - Dossier avec erreurs;Signature Contrat;137.14
1419;03/06/2026 22:08:06;;Souscription en cours;Coordonnées personnelles;412.00
1420;03/06/2026 22:08:06;;Souscription en cours;Coordonnées personnelles;573.10
1421;03/06/2026 22:00:09;;Dossier validé;Parcours terminé;147.96
1422;03/06/2026 22:00:09;;Dossier validé;Parcours terminé;972.31
1423;03/06/2026 21:47:20;;Souscription en cours;Vérification d'identité;342.45
1424;03/06/2026 21:47:20;;Souscription en cours;Vérification d'identité;549.97
1425;03/06/2026 21:32:44;;Souscription en cours;Coordonnées personnelles;405.83
1426;03/06/2026 21:32:44;;Souscription en cours;Coordonnées personnelles;464.30
1427;03/06/2026 21:10:35;;En attente d'analyse Agent - Dossier avec erreurs;Signature Contrat;756.03
1428;03/06/2026 21:10:35;;En attente d'analyse Agent - Dossier avec erreurs;Signature Contrat;983.29
1429;03/06/2026 20:55:23;;Souscription en cours;Coordonnées personnelles;895.67
1430;03/06/2026 20:55:23;;Souscription en cours;Coordonnées personnelles;868.54
1431;03/06/2026 20:52:24;;Dossier validé;Parcours terminé;516.88
1432;03/06/2026 20:52:24;;Dossier validé;Parcours terminé;831.71
1433;03/06/2026 20:32:29;;En attente d'analyse Agent - Dossier avec erreurs;Signature Contrat;100.15
1434;03/06/2026 20:32:29;;En attente d'analyse Agent - Dossier avec erreurs;Signature Contrat;955.45
1435;03/06/2026 20:31:57;Hugo MARTIN;Dossier refusé;Saisie société;421.40
1436;03/06/2026 20:31:57;Hugo MARTIN;Dossier refusé;Saisie société;964.84
1437;03/06/2026 20:25:48;;Dossier refusé;Saisie société;606.85
1438;03/06/2026 20:25:48;;Dossier refusé;Saisie société;686.20
1439;03/06/2026 20:09:46;;Dossier validé;Parcours terminé;286.24
1440;03/06/2026 20:09:46;;Dossier validé;Parcours terminé;690.94
1441;03/06/2026 19:55:29;;Souscription en cours;Choix de l'offre et livraison;389.40
1442;03/06/2026 19:55:29;;Souscription en cours;Choix de l'offre et livraison;716.83
1443;03/06/2026 19:26:12;;Dossier validé;Parcours terminé;361.72
1444;03/06/2026 19:26:12;;Dossier validé;Parcours terminé;297.20
1445;03/06/2026 19:19:18;;Dossier validé;Parcours terminé;451.55
1446;03/06/2026 19:19:18;;Dossier validé;Parcours terminé;848.32
1447;03/06/2026 19:11:12;;Souscription en cours;Choix de l'offre et livraison;198.46
1448;03/06/2026 19:11:12;;Souscription en cours;Choix de l'offre et livraison;456.98
1449;03/06/2026 18:56:08;;Dossier validé;Parcours terminé;200.92
1450;03/06/2026 18:56:08;;Dossier validé;Parcours terminé;279.92
1451;03/06/2026 18:54:23;;Souscription en cours;Coordonnées personnelles;258.26
1452;03/06/2026 18:54:23;;Souscription en cours;Coordonnées personnelles;113.07
1453;03/06/2026 18:52:49;;En attente d'analyse Agent - Dossier avec erreurs;Signature Contrat;719.63
1454;03/06/2026 18:52:49;;En attente d'analyse Agent - Dossier avec erreurs;Signature Contrat;285.22
1455;03/06/2026 18:46:17;;Dossier validé;Parcours terminé;108.86
1456;03/06/2026 18:46:17;;Dossier validé;Parcours terminé;266.79
1457;03/06/2026 18:39:35;;Souscription non démarrée;Parcours non démarré;409.26
1458;03/06/2026 18:39:35;;Souscription non démarrée;Parcours non démarré;385.00
1459;03/06/2026 18:38:32;;Dossier validé;Parcours terminé;593.94
1460;03/06/2026 18:38:32;;Dossier validé;Parcours terminé;227.54
1461;03/06/2026 18:36:40;;Souscription en cours;Coordonnées personnelles;863.94
1462;03/06/2026 18:36:40;;Souscription en cours;Coordonnées personnelles;313.95
1463;03/06/2026 18:32:42;;Souscription en cours;Coordonnées personnelles;255.54
1464;03/06/2026 18:32:42;;Souscription en cours;Coordonnées personnelles;967.58
1465;03/06/2026 18:20:50;;Souscription en cours;Coordonnées personnelles;969.49
1466;03/06/2026 18:20:50;;Souscription en cours;Coordonnées personnelles;486.20
1467;03/06/2026 18:18:33;;Dossier validé;Parcours terminé;818.74
1468;03/06/2026 18:18:33;;Dossier validé;Parcours terminé;429.39
1469;03/06/2026 18:15:26;;Souscription en cours;Signature Contrat;375.02
1470;03/06/2026 18:15:26;;Souscription en cours;Signature Contrat;135.82
1471;03/06/2026 18:10:56;;Dossier validé;Parcours terminé;504.53
1472;03/06/2026 18:10:56;;Dossier validé;Parcours terminé;151.41
1473;03/06/2026 18:10:04;;Souscription en cours;Coordonnées personnelles;593.99
1474;03/06/2026 18:10:04;;Souscription en cours;Coordonnées personnelles;302.10
1475;03/06/2026 18:01:31;;Souscription en cours;Coordonnées personnelles;554.23
1476;03/06/2026 18:01:31;;Souscription en cours;Coordonnées personnelles;385.59
1477;03/06/2026 17:59:12;;Souscription en cours;Coordonnées personnelles;445.58
1478;03/06/2026 17:59:12;;Souscription en cours;Coordonnées personnelles;755.61
1479;03/06/2026 17:53:57;;Dossier validé;Parcours terminé;669.25
1480;03/06/2026 17:53:57;;Dossier validé;Parcours terminé;496.21
1481;03/06/2026 17:48:42;;Souscription en cours;Informations complémentaires (CA, Profession, etc.);124.48
1482;03/06/2026 17:48:42;;Souscription en cours;Informations complémentaires (CA, Profession, etc.);416.75
1483;03/06/2026 17:47:16;;Souscription en cours;Informations complémentaires (Etablissements, etc.);359.62
1484;03/06/2026 17:47:16;;Souscription en cours;Informations complémentaires (Etablissements, etc.);182.93
1485;03/06/2026 17:43:32;;Souscription en cours;Choix de l'offre et livraison;231.25
1486;03/06/2026 17:43:32;;Souscription en cours;Choix de l'offre et livraison;402.25
1487;03/06/2026 17:41:56;;Dossier validé;Parcours terminé;974.45
1488;03/06/2026 17:41:56;;Dossier validé;Parcours terminé;802.29
1489;03/06/2026 17:27:54;;Souscription non démarrée;Parcours non démarré;772.06
1490;03/06/2026 17:27:54;;Souscription non démarrée;Parcours non démarré;491.47
1491;03/06/2026 17:21:02;;Souscription en cours;Coordonnées personnelles;905.91
1492;03/06/2026 17:21:02;;Souscription en cours;Coordonnées personnelles;579.42
1493;03/06/2026 17:12:19;;Souscription non démarrée;Parcours non démarré;409.01
1494;03/06/2026 17:12:19;;Souscription non démarrée;Parcours non démarré;543.23
1495;03/06/2026 17:10:15;;Souscription non démarrée;Parcours non démarré;891.36
1496;03/06/2026 17:10:15;;Souscription non démarrée;Parcours non démarré;728.63
1497;03/06/2026 17:09:16;;Dossier validé;Parcours terminé;942.77
1498;03/06/2026 17:09:16;;Dossier validé;Parcours terminé;564.34
1499;03/06/2026 17:08:10;;Souscription en cours;Choix de l'offre et livraison;980.24
1500;03/06/2026 17:08:10;;Souscription en cours;Choix de l'offre et livraison;687.62
1501;03/06/2026 17:01:57;;Dossier refusé;Saisie société;835.07
1502;03/06/2026 17:01:57;;Dossier refusé;Saisie société;856.19
1503;03/06/2026 17:00:11;;Dossier validé;Parcours terminé;310.86
1504;03/06/2026 17:00:11;;Dossier validé;Parcours terminé;948.02
1505;03/06/2026 16:56:05;;Dossier validé;Parcours terminé;215.98
1506;03/06/2026 16:56:05;;Dossier validé;Parcours terminé;879.54
1507;03/06/2026 16:54:53;;Dossier refusé;Informations complémentaires (Etablissements, etc.);148.81
1508;03/06/2026 16:54:53;;Dossier refusé;Informations complémentaires (Etablissements, etc.);863.85
1509;03/06/2026 16:54:34;;Dossier validé;Parcours terminé;880.78
1510;03/06/2026 16:54:34;;Dossier validé;Parcours terminé;972.00
1511;03/06/2026 16:51:12;;Souscription en cours;Vérification d'identité;466.30
1512;03/06/2026 16:51:12;;Souscription en cours;Vérification d'identité;567.50
1513;03/06/2026 16:48:04;;Dossier refusé;Vérification d'identité;788.46
1514;03/06/2026 16:48:04;;Dossier refusé;Vérification d'identité;479.13
1515;03/06/2026 16:43:09;;Souscription non démarrée;Parcours non démarré;158.42
1516;03/06/2026 16:43:09;;Souscription non démarrée;Parcours non démarré;368.48
1517;03/06/2026 16:42:17;;Souscription non démarrée;Parcours non démarré;986.84
1518;03/06/2026 16:42:17;;Souscription non démarrée;Parcours non démarré;199.81
1519;03/06/2026 16:33:40;;En attente d'analyse Agent - Dossier avec erreurs;Signature Contrat;833.98
1520;03/06/2026 16:33:40;;En attente d'analyse Agent - Dossier avec erreurs;Signature Contrat;482.69
1521;03/06/2026 16:32:56;;Dossier refusé;Saisie société;193.65
1522;03/06/2026 16:32:56;;Dossier refusé;Saisie société;770.78
1523;03/06/2026 16:25:33;;Souscription non démarrée;Parcours non démarré;196.69
1524;03/06/2026 16:25:33;;Souscription non démarrée;Parcours non démarré;911.55
1525;03/06/2026 16:25:13;Adam LAURENT;Dossier validé;Parcours terminé;229.84
1526;03/06/2026 16:25:13;Adam LAURENT;Dossier validé;Parcours terminé;969.09
1527;03/06/2026 16:18:35;;Souscription en cours;Criblages BE(s);626.70
1528;03/06/2026 16:18:35;;Souscription en cours;Criblages BE(s);547.24
1529;03/06/2026 16:14:41;;Souscription non démarrée;Parcours non démarré;411.20
1530;03/06/2026 16:14:41;;Souscription non démarrée;Parcours non démarré;446.92
1531;03/06/2026 16:11:30;;Souscription en cours;Vérification d'identité;785.52
1532;03/06/2026 16:11:30;;Souscription en cours;Vérification d'identité;248.76
1533;03/06/2026 16:08:37;Manon LEFEBVRE;Dossier validé;Parcours terminé;575.73
1534;03/06/2026 16:08:37;Manon LEFEBVRE;Dossier validé;Parcours terminé;992.24
1535;03/06/2026 16:06:11;;Souscription non démarrée;Parcours non démarré;377.42
1536;03/06/2026 16:06:11;;Souscription non démarrée;Parcours non démarré;823.56
1537;03/06/2026 15:51:44;;En attente d'analyse Agent - Dossier avec erreurs;Signature Contrat;606.58
1538;03/06/2026 15:51:44;;En attente d'analyse Agent - Dossier avec erreurs;Signature Contrat;787.47
1539;03/06/2026 15:50:44;;Dossier validé;Parcours terminé;144.41
1540;03/06/2026 15:50:44;;Dossier validé;Parcours terminé;491.57
1541;03/06/2026 15:45:28;;Souscription en cours;Coordonnées personnelles;763.10
1542;03/06/2026 15:45:28;;Souscription en cours;Coordonnées personnelles;859.19
1543;03/06/2026 15:45:00;;En attente d'analyse Agent - Dossier sans erreur;Parcours terminé;640.28
1544;03/06/2026 15:45:00;;En attente d'analyse Agent - Dossier sans erreur;Parcours terminé;695.04
1545;03/06/2026 15:44:14;;Dossier validé;Parcours terminé;258.49
1546;03/06/2026 15:44:14;;Dossier validé;Parcours terminé;135.99
1547;03/06/2026 15:44:06;;Souscription en cours;Coordonnées personnelles;303.97
1548;03/06/2026 15:44:06;;Souscription en cours;Coordonnées personnelles;894.04
1549;03/06/2026 15:38:27;;Souscription en cours;Bénéficiaire effectifs;859.22
1550;03/06/2026 15:38:27;;Souscription en cours;Bénéficiaire effectifs;554.11
1551;03/06/2026 15:36:35;;Souscription en cours;Coordonnées personnelles;215.97
1552;03/06/2026 15:36:35;;Souscription en cours;Coordonnées personnelles;471.98
1553;03/06/2026 15:33:25;;Souscription en cours;Coordonnées personnelles;990.53
1554;03/06/2026 15:33:25;;Souscription en cours;Coordonnées personnelles;891.42
1555;03/06/2026 15:32:54;;Dossier validé;Parcours terminé;106.00
1556;03/06/2026 15:32:54;;Dossier validé;Parcours terminé;756.45
1557;03/06/2026 15:31:50;;Souscription en cours;Choix de l'offre et livraison;947.34
1558;03/06/2026 15:31:50;;Souscription en cours;Choix de l'offre et livraison;329.23
1559;03/06/2026 15:26:08;;Dossier validé;Parcours terminé;564.01
1560;03/06/2026 15:26:08;;Dossier validé;Parcours terminé;356.77
1561;03/06/2026 15:24:49;;Dossier validé;Parcours terminé;742.62
1562;03/06/2026 15:24:49;;Dossier validé;Parcours terminé;406.64
1563;03/06/2026 15:23:40;;Souscription en cours;Coordonnées personnelles;855.83
1564;03/06/2026 15:23:40;;Souscription en cours;Coordonnées personnelles;632.98
1565;03/06/2026 15:23:27;;Souscription en cours;Coordonnées personnelles;881.30
1566;03/06/2026 15:23:27;;Souscription en cours;Coordonnées personnelles;474.63
1567;03/06/2026 15:22:36;;En attente d'analyse Agent - Dossier avec erreurs;Signature Contrat;738.79
1568;03/06/2026 15:22:36;;En attente d'analyse Agent - Dossier avec erreurs;Signature Contrat;599.89
1569;03/06/2026 15:13:21;;Souscription en cours;Coordonnées personnelles;145.67
1570;03/06/2026 15:13:21;;Souscription en cours;Coordonnées personnelles;848.23
1571;03/06/2026 15:13:09;;Dossier validé;Parcours terminé;931.29
1572;03/06/2026 15:13:09;;Dossier validé;Parcours terminé;912.28
1573;03/06/2026 15:09:53;;Souscription en cours;Informations complémentaires (Etablissements, etc.);312.13
1574;03/06/2026 15:09:53;;Souscription en cours;Informations complémentaires (Etablissements, etc.);891.00
1575;03/06/2026 15:03:05;;Souscription en cours;Informations complémentaires (CA, Profession, etc.);642.77
1576;03/06/2026 15:03:05;;Souscription en cours;Informations complémentaires (CA, Profession, etc.);219.54
1577;03/06/2026 14:51:18;;Souscription non démarrée;Parcours non démarré;634.74
1578;03/06/2026 14:51:18;;Souscription non démarrée;Parcours non démarré;898.72
1579;03/06/2026 14:50:57;;Souscription en cours;Coordonnées personnelles;446.88
1580;03/06/2026 14:50:57;;Souscription en cours;Coordonnées personnelles;878.37
1581;03/06/2026 14:49:24;;Dossier validé;Parcours terminé;363.88
1582;03/06/2026 14:49:24;;Dossier validé;Parcours terminé;518.58
1583;03/06/2026 14:49:21;;Souscription en cours;Signature Contrat;290.87
1584;03/06/2026 14:49:21;;Souscription en cours;Signature Contrat;281.24
1585;03/06/2026 14:47:34;;Souscription en cours;Coordonnées personnelles;235.55
1586;03/06/2026 14:47:34;;Souscription en cours;Coordonnées personnelles;718.73
1587;03/06/2026 14:47:07;;Souscription non démarrée;Parcours non démarré;244.16
1588;03/06/2026 14:47:07;;Souscription non démarrée;Parcours non démarré;1000.00
1589;03/06/2026 14:46:08;;Souscription non démarrée;Parcours non démarré;571.54
1590;03/06/2026 14:46:08;;Souscription non démarrée;Parcours non démarré;958.01
1591;03/06/2026 14:45:40;;Souscription non démarrée;Parcours non démarré;853.90
1592;03/06/2026 14:45:40;;Souscription non démarrée;Parcours non démarré;751.80
1593;03/06/2026 14:44:51;;Dossier refusé;Signature Contrat;619.26
1594;03/06/2026 14:44:51;;Dossier refusé;Signature Contrat;386.37
1595;03/06/2026 14:44:10;;Dossier refusé;Choix de l'offre et livraison;966.98
1596;03/06/2026 14:44:10;;Dossier refusé;Choix de l'offre et livraison;937.83
1597;03/06/2026 14:30:03;;Souscription en cours;Choix de l'offre et livraison;763.49
1598;03/06/2026 14:30:03;;Souscription en cours;Choix de l'offre et livraison;460.89
1599;03/06/2026 14:26:43;;Souscription en cours;Vérification d'identité;682.82
1600;03/06/2026 14:26:43;;Souscription en cours;Vérification d'identité;526.04
1601;03/06/2026 14:22:27;;Dossier validé;Parcours terminé;461.34
1602;03/06/2026 14:22:27;;Dossier validé;Parcours terminé;451.48
1603;03/06/2026 14:16:49;;Souscription en cours;Coordonnées personnelles;859.41
1604;03/06/2026 14:16:49;;Souscription en cours;Coordonnées personnelles;155.74
1605;03/06/2026 14:12:13;;Souscription en cours;Coordonnées personnelles;952.61
1606;03/06/2026 14:12:13;;Souscription en cours;Coordonnées personnelles;310.78
1607;03/06/2026 14:01:02;;Dossier validé;Parcours terminé;300.46
1608;03/06/2026 14:01:02;;Dossier validé;Parcours terminé;205.73
1609;03/06/2026 14:00:58;;Souscription en cours;Informations complémentaires (CA, Profession, etc.);882.26
1610;03/06/2026 14:00:58;;Souscription en cours;Informations complémentaires (CA, Profession, etc.);385.60
1611;03/06/2026 13:59:38;;Souscription en cours;Choix de l'offre et livraison;235.87
1612;03/06/2026 13:59:38;;Souscription en cours;Choix de l'offre et livraison;521.27
1613;03/06/2026 13:50:07;;En attente d'analyse Agent - Dossier avec erreurs;Signature Contrat;563.80
1614;03/06/2026 13:50:07;;En attente d'analyse Agent - Dossier avec erreurs;Signature Contrat;346.40
1615;03/06/2026 13:43:49;;Souscription en cours;Coordonnées personnelles;526.99
1616;03/06/2026 13:43:49;;Souscription en cours;Coordonnées personnelles;880.36
1617;03/06/2026 13:38:50;;Dossier refusé;Signature Contrat;254.40
1618;03/06/2026 13:38:50;;Dossier refusé;Signature Contrat;305.01
1619;03/06/2026 13:30:13;;Souscription non démarrée;Parcours non démarré;909.84
1620;03/06/2026 13:30:13;;Souscription non démarrée;Parcours non démarré;831.67
1621;03/06/2026 13:26:30;;Souscription en cours;Vérification d'identité;667.43
1622;03/06/2026 13:26:30;;Souscription en cours;Vérification d'identité;189.09
1623;03/06/2026 13:18:40;;Souscription en cours;Vérification d'identité;141.23
1624;03/06/2026 13:18:40;;Souscription en cours;Vérification d'identité;388.24
1625;03/06/2026 13:09:14;;Souscription en cours;Coordonnées personnelles;859.55
1626;03/06/2026 13:09:14;;Souscription en cours;Coordonnées personnelles;482.39
1627;03/06/2026 13:07:34;;Dossier refusé;Signature Contrat;799.11
1628;03/06/2026 13:07:34;;Dossier refusé;Signature Contrat;689.81
1629;03/06/2026 13:03:41;;Souscription en cours;Coordonnées personnelles;618.93
1630;03/06/2026 13:03:41;;Souscription en cours;Coordonnées personnelles;255.75
1631;03/06/2026 12:53:59;;Souscription non démarrée;Parcours non démarré;771.07
1632;03/06/2026 12:53:59;;Souscription non démarrée;Parcours non démarré;805.19
1633;03/06/2026 12:50:31;Z5750800;Dossier validé;Parcours terminé;991.00
1634;03/06/2026 12:50:31;Z5750800;Dossier validé;Parcours terminé;418.90
1635;03/06/2026 12:34:07;;Dossier validé;Parcours terminé;675.51
1636;03/06/2026 12:34:07;;Dossier validé;Parcours terminé;817.11
1637;03/06/2026 12:32:33;;Souscription en cours;Informations complémentaires (Etablissements, etc.);430.37
1638;03/06/2026 12:32:33;;Souscription en cours;Informations complémentaires (Etablissements, etc.);974.48
1639;03/06/2026 12:31:03;;Dossier validé;Parcours terminé;187.49
1640;03/06/2026 12:31:03;;Dossier validé;Parcours terminé;540.22
1641;03/06/2026 12:26:17;;Souscription non démarrée;Parcours non démarré;391.24
1642;03/06/2026 12:26:17;;Souscription non démarrée;Parcours non démarré;745.57
1643;03/06/2026 12:11:48;;Dossier refusé;Saisie société;761.33
1644;03/06/2026 12:11:48;;Dossier refusé;Saisie société;438.45
1645;03/06/2026 12:01:26;;Dossier validé;Parcours terminé;696.78
1646;03/06/2026 12:01:26;;Dossier validé;Parcours terminé;348.71
1647;03/06/2026 12:00:22;;En attente d'analyse Agent - Dossier avec erreurs;Signature Contrat;921.39
1648;03/06/2026 12:00:22;;En attente d'analyse Agent - Dossier avec erreurs;Signature Contrat;782.16
1649;03/06/2026 11:56:35;;Souscription en cours;Coordonnées personnelles;352.05
1650;03/06/2026 11:56:35;;Souscription en cours;Coordonnées personnelles;378.59
1651;03/06/2026 11:55:55;;Souscription en cours;Coordonnées personnelles;511.69
1652;03/06/2026 11:55:55;;Souscription en cours;Coordonnées personnelles;859.81
1653;03/06/2026 11:55:18;;Dossier refusé;Signature Contrat;352.45
1654;03/06/2026 11:55:18;;Dossier refusé;Signature Contrat;970.56
1655;03/06/2026 11:53:11;;En attente d'analyse Agent - Dossier avec erreurs;Signature Contrat;177.71
1656;03/06/2026 11:53:11;;En attente d'analyse Agent - Dossier avec erreurs;Signature Contrat;999.78
1657;03/06/2026 11:52:57;;Souscription en cours;Vérification d'identité;538.62
1658;03/06/2026 11:52:57;;Souscription en cours;Vérification d'identité;195.84
1659;03/06/2026 11:44:36;Hugo MARTIN;Dossier refusé;Signature Contrat;681.71
1660;03/06/2026 11:44:36;Hugo MARTIN;Dossier refusé;Signature Contrat;468.82
1661;03/06/2026 11:41:43;;Souscription non démarrée;Parcours non démarré;597.75
1662;03/06/2026 11:41:43;;Souscription non démarrée;Parcours non démarré;151.98
1663;03/06/2026 11:40:18;;Souscription en cours;Signature Contrat;925.65
1664;03/06/2026 11:40:18;;Souscription en cours;Signature Contrat;334.02
1665;03/06/2026 11:31:12;;Dossier validé;Parcours terminé;660.03
1666;03/06/2026 11:31:12;;Dossier validé;Parcours terminé;249.62
1667;03/06/2026 11:29:38;;Souscription non démarrée;Parcours non démarré;822.71
1668;03/06/2026 11:29:38;;Souscription non démarrée;Parcours non démarré;885.83
1669;03/06/2026 11:25:27;;Dossier validé;Parcours terminé;949.40
1670;03/06/2026 11:25:27;;Dossier validé;Parcours terminé;489.50
1671;03/06/2026 11:21:49;;Dossier validé;Parcours terminé;573.77
1672;03/06/2026 11:21:49;;Dossier validé;Parcours terminé;359.95
1673;03/06/2026 11:17:08;Hugo MARTIN;Dossier validé;Parcours terminé;403.18
1674;03/06/2026 11:17:08;Hugo MARTIN;Dossier validé;Parcours terminé;951.85
1675;03/06/2026 11:16:24;;Souscription en cours;Informations complémentaires (Etablissements, etc.);626.00
1676;03/06/2026 11:16:24;;Souscription en cours;Informations complémentaires (Etablissements, etc.);569.87
1677;03/06/2026 11:12:46;;Dossier validé;Parcours terminé;177.27
1678;03/06/2026 11:12:46;;Dossier validé;Parcours terminé;448.66
1679;03/06/2026 11:11:30;;Dossier validé;Parcours terminé;598.51
1680;03/06/2026 11:11:30;;Dossier validé;Parcours terminé;120.66
1681;03/06/2026 11:10:47;;Souscription en cours;Signature Contrat;871.93
1682;03/06/2026 11:10:47;;Souscription en cours;Signature Contrat;104.95
1683;03/06/2026 11:08:52;;Souscription en cours;Coordonnées personnelles;897.92
1684;03/06/2026 11:08:52;;Souscription en cours;Coordonnées personnelles;923.91
1685;03/06/2026 11:06:40;;Dossier refusé;Saisie société;767.10
1686;03/06/2026 11:06:40;;Dossier refusé;Saisie société;731.17
1687;03/06/2026 11:05:33;;Dossier refusé;Signature Contrat;205.42
1688;03/06/2026 11:05:33;;Dossier refusé;Signature Contrat;632.21
1689;03/06/2026 11:01:23;;Souscription en cours;Signature Contrat;165.97
1690;03/06/2026 11:01:23;;Souscription en cours;Signature Contrat;715.40
1691;03/06/2026 11:00:21;;Souscription en cours;Bénéficiaire effectifs;173.59
1692;03/06/2026 11:00:21;;Souscription en cours;Bénéficiaire effectifs;718.02
1693;03/06/2026 10:58:48;;Souscription en cours;Coordonnées personnelles;180.29
1694;03/06/2026 10:58:48;;Souscription en cours;Coordonnées personnelles;134.61
1695;03/06/2026 10:55:48;;En attente d'analyse Agent - Dossier avec erreurs;Signature Contrat;305.66
1696;03/06/2026 10:55:48;;En attente d'analyse Agent - Dossier avec erreurs;Signature Contrat;477.88
1697;03/06/2026 10:49:48;;Dossier validé;Parcours terminé;644.56
1698;03/06/2026 10:49:48;;Dossier validé;Parcours terminé;455.09
1699;03/06/2026 10:28:53;;Souscription en cours;Signature Contrat;837.34
1700;03/06/2026 10:28:53;;Souscription en cours;Signature Contrat;124.02
1701;03/06/2026 10:26:45;;Souscription en cours;Synchronisation référentiel personne NOVA;516.76
1702;03/06/2026 10:26:45;;Souscription en cours;Synchronisation référentiel personne NOVA;442.18
1703;03/06/2026 10:26:26;;Souscription en cours;Informations complémentaires (Etablissements, etc.);716.47
1704;03/06/2026 10:26:26;;Souscription en cours;Informations complémentaires (Etablissements, etc.);754.92
1705;03/06/2026 10:26:06;;En attente d'analyse Agent - Dossier avec erreurs;Signature Contrat;206.51
1706;03/06/2026 10:26:06;;En attente d'analyse Agent - Dossier avec erreurs;Signature Contrat;137.65
1707;03/06/2026 10:19:49;;Souscription en cours;Signature Contrat;693.35
1708;03/06/2026 10:19:49;;Souscription en cours;Signature Contrat;120.45
1709;03/06/2026 10:10:04;;En attente d'analyse Agent - Dossier avec erreurs;Signature Contrat;895.89
1710;03/06/2026 10:10:04;;En attente d'analyse Agent - Dossier avec erreurs;Signature Contrat;113.63
1711;03/06/2026 10:01:48;;En attente d'analyse Agent - Dossier avec erreurs;Signature Contrat;564.68
1712;03/06/2026 10:01:48;;En attente d'analyse Agent - Dossier avec erreurs;Signature Contrat;789.75
1713;03/06/2026 09:54:00;;Souscription en cours;Coordonnées personnelles;584.72
1714;03/06/2026 09:54:00;;Souscription en cours;Coordonnées personnelles;869.06
1715;03/06/2026 09:53:22;Zoé MULLER;Dossier validé;Parcours terminé;223.34
1716;03/06/2026 09:53:22;Zoé MULLER;Dossier validé;Parcours terminé;792.19
1717;03/06/2026 09:52:07;;Souscription en cours;Coordonnées personnelles;905.55
1718;03/06/2026 09:52:07;;Souscription en cours;Coordonnées personnelles;306.07
1719;03/06/2026 09:52:02;;Souscription en cours;Coordonnées personnelles;115.17
1720;03/06/2026 09:52:02;;Souscription en cours;Coordonnées personnelles;559.92
1721;03/06/2026 09:50:12;;Souscription en cours;Choix de l'offre et livraison;422.97
1722;03/06/2026 09:50:12;;Souscription en cours;Choix de l'offre et livraison;652.00
1723;03/06/2026 09:48:43;;En attente d'analyse Agent - Dossier avec erreurs;Signature Contrat;441.68
1724;03/06/2026 09:48:43;;En attente d'analyse Agent - Dossier avec erreurs;Signature Contrat;145.86
1725;03/06/2026 09:43:10;;Dossier validé;Parcours terminé;452.37
1726;03/06/2026 09:43:10;;Dossier validé;Parcours terminé;281.63
1727;03/06/2026 09:38:09;;Souscription en cours;Signature Contrat;237.64
1728;03/06/2026 09:38:09;;Souscription en cours;Signature Contrat;715.24
1729;03/06/2026 09:37:41;;Souscription en cours;Coordonnées personnelles;701.15
1730;03/06/2026 09:37:41;;Souscription en cours;Coordonnées personnelles;997.30
1731;03/06/2026 09:33:24;;En attente d'analyse Agent - Dossier avec erreurs;Signature Contrat;365.27
1732;03/06/2026 09:33:24;;En attente d'analyse Agent - Dossier avec erreurs;Signature Contrat;408.93
1733;03/06/2026 09:30:39;;Souscription en cours;Informations complémentaires (CA, Profession, etc.);800.01
1734;03/06/2026 09:30:39;;Souscription en cours;Informations complémentaires (CA, Profession, etc.);543.42
1735;03/06/2026 09:27:42;;Souscription en cours;Coordonnées personnelles;645.35
1736;03/06/2026 09:27:42;;Souscription en cours;Coordonnées personnelles;198.58
1737;03/06/2026 09:19:39;;Souscription en cours;Informations complémentaires (CA, Profession, etc.);599.97
1738;03/06/2026 09:19:39;;Souscription en cours;Informations complémentaires (CA, Profession, etc.);266.32
1739;03/06/2026 09:09:37;;Dossier validé;Parcours terminé;559.41
1740;03/06/2026 09:09:37;;Dossier validé;Parcours terminé;915.87
1741;03/06/2026 09:08:10;;Souscription en cours;Coordonnées personnelles;983.48
1742;03/06/2026 09:08:10;;Souscription en cours;Coordonnées personnelles;733.64
1743;03/06/2026 09:00:03;;Souscription non démarrée;Parcours non démarré;905.58
1744;03/06/2026 09:00:03;;Souscription non démarrée;Parcours non démarré;554.42
1745;03/06/2026 08:36:21;;Dossier validé;Parcours terminé;969.70
1746;03/06/2026 08:36:21;;Dossier validé;Parcours terminé;802.96
1747;03/06/2026 08:27:53;;Souscription en cours;Choix de l'offre et livraison;336.40
1748;03/06/2026 08:27:53;;Souscription en cours;Choix de l'offre et livraison;907.32
1749;03/06/2026 07:34:34;;Souscription en cours;Coordonnées personnelles;333.78
1750;03/06/2026 07:34:34;;Souscription en cours;Coordonnées personnelles;858.10
1751;03/06/2026 07:00:46;;Souscription non démarrée;Parcours non démarré;887.96
1752;03/06/2026 07:00:46;;Souscription non démarrée;Parcours non démarré;815.86
1753;03/06/2026 06:32:55;;Souscription en cours;Vérification d'identité;968.41
1754;03/06/2026 06:32:55;;Souscription en cours;Vérification d'identité;639.42
1755;03/06/2026 05:27:50;;Souscription en cours;Choix de l'offre et livraison;972.88
1756;03/06/2026 05:27:50;;Souscription en cours;Choix de l'offre et livraison;259.13
1757;03/06/2026 04:14:41;;Souscription en cours;Vérification d'identité;657.20
1758;03/06/2026 04:14:41;;Souscription en cours;Vérification d'identité;733.26
1759;03/06/2026 02:43:37;;Dossier refusé;Saisie société;449.59
1760;03/06/2026 02:43:37;;Dossier refusé;Saisie société;385.24
1761;03/06/2026 02:28:31;;Souscription en cours;Coordonnées personnelles;851.92
1762;03/06/2026 02:28:31;;Souscription en cours;Coordonnées personnelles;275.32
1763;03/06/2026 02:27:52;;Souscription non démarrée;Parcours non démarré;567.51
1764;03/06/2026 02:27:52;;Souscription non démarrée;Parcours non démarré;202.27
1765;03/06/2026 02:03:24;;Souscription non démarrée;Parcours non démarré;696.47
1766;03/06/2026 02:03:24;;Souscription non démarrée;Parcours non démarré;651.64
1767;03/06/2026 01:56:24;;Souscription en cours;Coordonnées personnelles;186.47
1768;03/06/2026 01:56:24;;Souscription en cours;Coordonnées personnelles;717.79
1769;03/06/2026 01:37:47;;Souscription en cours;Signature Contrat;666.84
1770;03/06/2026 01:37:47;;Souscription en cours;Signature Contrat;943.54
1771;03/06/2026 01:05:20;;Dossier refusé;Saisie société;226.14
1772;03/06/2026 01:05:20;;Dossier refusé;Saisie société;137.27
1773;03/06/2026 00:55:19;;Souscription non démarrée;Parcours non démarré;692.96
1774;03/06/2026 00:55:19;;Souscription non démarrée;Parcours non démarré;559.79
1775;03/06/2026 00:39:17;;Dossier validé;Parcours terminé;353.97
1776;03/06/2026 00:39:17;;Dossier validé;Parcours terminé;521.54
1777;03/06/2026 00:33:03;;Souscription en cours;Coordonnées personnelles;175.21
1778;03/06/2026 00:33:03;;Souscription en cours;Coordonnées personnelles;231.95
1779;02/06/2026 23:44:46;;Dossier refusé;Saisie société;146.50
1780;02/06/2026 23:44:46;;Dossier refusé;Saisie société;444.18
1781;02/06/2026 23:43:48;;Souscription en cours;Coordonnées personnelles;474.24
1782;02/06/2026 23:43:48;;Souscription en cours;Coordonnées personnelles;980.95
1783;02/06/2026 23:36:35;;Souscription en cours;Coordonnées personnelles;103.80
1784;02/06/2026 23:36:35;;Souscription en cours;Coordonnées personnelles;198.19
1785;02/06/2026 23:13:00;Zoé MULLER;Dossier refusé;Informations complémentaires (CA, Profession, etc.);298.98
1786;02/06/2026 23:13:00;Zoé MULLER;Dossier refusé;Informations complémentaires (CA, Profession, etc.);611.87
1787;02/06/2026 22:33:51;;Dossier validé;Parcours terminé;472.28
1788;02/06/2026 22:33:51;;Dossier validé;Parcours terminé;881.32
1789;02/06/2026 22:32:38;;Souscription en cours;Signature Contrat;781.07
1790;02/06/2026 22:32:38;;Souscription en cours;Signature Contrat;401.59
1791;02/06/2026 22:23:45;;Souscription en cours;Vérification d'identité;358.99
1792;02/06/2026 22:23:45;;Souscription en cours;Vérification d'identité;241.94
1793;02/06/2026 22:03:09;;En attente d'analyse Agent - Dossier avec erreurs;Signature Contrat;581.52
1794;02/06/2026 22:03:09;;En attente d'analyse Agent - Dossier avec erreurs;Signature Contrat;178.96
1795;02/06/2026 22:00:36;;Dossier validé;Parcours terminé;448.98
1796;02/06/2026 22:00:36;;Dossier validé;Parcours terminé;136.27
1797;02/06/2026 21:42:37;;Dossier validé;Parcours terminé;958.91
1798;02/06/2026 21:42:37;;Dossier validé;Parcours terminé;407.45
1799;02/06/2026 21:39:52;;Souscription non démarrée;Parcours non démarré;647.74
1800;02/06/2026 21:39:52;;Souscription non démarrée;Parcours non démarré;256.24
1801;02/06/2026 21:22:10;;Dossier refusé;Saisie société;176.95
1802;02/06/2026 21:22:10;;Dossier refusé;Saisie société;780.82
1803;02/06/2026 21:00:57;;Dossier refusé;Signature Contrat;392.16
1804;02/06/2026 21:00:57;;Dossier refusé;Signature Contrat;829.61
1805;02/06/2026 20:59:20;;Souscription en cours;Synchronisation référentiel personne NOVA;376.77
1806;02/06/2026 20:59:20;;Souscription en cours;Synchronisation référentiel personne NOVA;674.28
1807;02/06/2026 20:52:21;;Souscription en cours;Coordonnées personnelles;241.12
1808;02/06/2026 20:52:21;;Souscription en cours;Coordonnées personnelles;290.71
1809;02/06/2026 20:43:02;;Dossier validé;Parcours terminé;824.68
1810;02/06/2026 20:43:02;;Dossier validé;Parcours terminé;944.31
1811;02/06/2026 20:42:53;;Dossier refusé;Saisie société;796.75
1812;02/06/2026 20:42:53;;Dossier refusé;Saisie société;931.34
1813;02/06/2026 20:37:52;;Dossier validé;Parcours terminé;288.80
1814;02/06/2026 20:37:52;;Dossier validé;Parcours terminé;857.84
1815;02/06/2026 20:28:48;;Souscription non démarrée;Parcours non démarré;732.99
1816;02/06/2026 20:28:48;;Souscription non démarrée;Parcours non démarré;734.52
1817;02/06/2026 20:11:17;;Dossier refusé;Signature Contrat;934.17
1818;02/06/2026 20:11:17;;Dossier refusé;Signature Contrat;869.73
1819;02/06/2026 20:04:06;;Souscription en cours;Informations complémentaires (CA, Profession, etc.);513.25
1820;02/06/2026 20:04:06;;Souscription en cours;Informations complémentaires (CA, Profession, etc.);981.37
1821;02/06/2026 20:01:29;;Souscription en cours;Synchronisation référentiel personne NOVA;396.87
1822;02/06/2026 20:01:29;;Souscription en cours;Synchronisation référentiel personne NOVA;500.94
1823;02/06/2026 19:59:31;;Souscription en cours;Coordonnées personnelles;641.83
1824;02/06/2026 19:59:31;;Souscription en cours;Coordonnées personnelles;408.94
1825;02/06/2026 19:35:24;;Dossier validé;Parcours terminé;733.34
1826;02/06/2026 19:35:24;;Dossier validé;Parcours terminé;256.54
1827;02/06/2026 19:27:51;;Souscription non démarrée;Parcours non démarré;672.57
1828;02/06/2026 19:27:51;;Souscription non démarrée;Parcours non démarré;534.54
1829;02/06/2026 19:23:13;;Dossier refusé;Signature Contrat;158.07
1830;02/06/2026 19:23:13;;Dossier refusé;Signature Contrat;736.06
1831;02/06/2026 19:19:08;;Dossier refusé;Parcours non démarré;612.25
1832;02/06/2026 19:19:08;;Dossier refusé;Parcours non démarré;387.15
1833;02/06/2026 19:17:50;;En attente d'analyse Agent - Dossier avec erreurs;Signature Contrat;649.23
1834;02/06/2026 19:17:50;;En attente d'analyse Agent - Dossier avec erreurs;Signature Contrat;331.13
1835;02/06/2026 19:17:13;;En attente d'analyse Agent - Dossier avec erreurs;Signature Contrat;791.04
1836;02/06/2026 19:17:13;;En attente d'analyse Agent - Dossier avec erreurs;Signature Contrat;251.45
1837;02/06/2026 19:07:17;;Dossier validé;Parcours terminé;572.95
1838;02/06/2026 19:07:17;;Dossier validé;Parcours terminé;998.68
1839;02/06/2026 18:47:51;;Souscription en cours;Coordonnées personnelles;240.06
1840;02/06/2026 18:47:51;;Souscription en cours;Coordonnées personnelles;731.01
1841;02/06/2026 18:47:01;;Souscription en cours;Criblages BE(s);264.12
1842;02/06/2026 18:47:01;;Souscription en cours;Criblages BE(s);157.93
1843;02/06/2026 18:46:36;;Dossier validé;Parcours terminé;937.81
1844;02/06/2026 18:46:36;;Dossier validé;Parcours terminé;229.49
1845;02/06/2026 18:45:44;;Dossier refusé;Saisie société;966.30
1846;02/06/2026 18:45:44;;Dossier refusé;Saisie société;146.04
1847;02/06/2026 18:45:25;;Souscription en cours;Choix de l'offre et livraison;733.69
1848;02/06/2026 18:45:25;;Souscription en cours;Choix de l'offre et livraison;990.55
1849;02/06/2026 18:24:35;Hugo MARTIN;Dossier validé;Parcours terminé;687.97
1850;02/06/2026 18:24:35;Hugo MARTIN;Dossier validé;Parcours terminé;260.97
1851;02/06/2026 18:19:49;;Dossier validé;Parcours terminé;616.57
1852;02/06/2026 18:19:49;;Dossier validé;Parcours terminé;674.55
1853;02/06/2026 18:09:55;;Souscription en cours;Coordonnées personnelles;260.85
1854;02/06/2026 18:09:55;;Souscription en cours;Coordonnées personnelles;483.10
1855;02/06/2026 18:05:27;;Dossier validé;Parcours terminé;638.11
1856;02/06/2026 18:05:27;;Dossier validé;Parcours terminé;737.70
1857;02/06/2026 18:00:02;;Dossier validé;Parcours terminé;994.76
1858;02/06/2026 18:00:02;;Dossier validé;Parcours terminé;709.54
1859;02/06/2026 17:59:23;;Dossier refusé;Saisie société;572.84
1860;02/06/2026 17:59:23;;Dossier refusé;Saisie société;126.28
1861;02/06/2026 17:55:28;;Dossier validé;Parcours terminé;714.26
1862;02/06/2026 17:55:28;;Dossier validé;Parcours terminé;158.83
1863;02/06/2026 17:55:13;;Souscription non démarrée;Parcours non démarré;340.32
1864;02/06/2026 17:55:13;;Souscription non démarrée;Parcours non démarré;741.94
1865;02/06/2026 17:47:10;;En attente d'analyse Agent - Dossier avec erreurs;Signature Contrat;247.81
1866;02/06/2026 17:47:10;;En attente d'analyse Agent - Dossier avec erreurs;Signature Contrat;720.03
1867;02/06/2026 17:44:22;;Dossier validé;Parcours terminé;875.65
1868;02/06/2026 17:44:22;;Dossier validé;Parcours terminé;207.24
1869;02/06/2026 17:38:31;;Dossier validé;Parcours terminé;285.24
1870;02/06/2026 17:38:31;;Dossier validé;Parcours terminé;399.17
1871;02/06/2026 17:37:41;;Souscription en cours;Coordonnées personnelles;523.16
1872;02/06/2026 17:37:41;;Souscription en cours;Coordonnées personnelles;418.43
1873;02/06/2026 17:37:03;;Dossier validé;Parcours terminé;887.66
1874;02/06/2026 17:37:03;;Dossier validé;Parcours terminé;204.77
1875;02/06/2026 17:34:32;Z5681453;Dossier validé;Parcours terminé;223.81
1876;02/06/2026 17:34:32;Z5681453;Dossier validé;Parcours terminé;408.24
1877;02/06/2026 17:24:39;;Dossier refusé;Signature Contrat;778.73
1878;02/06/2026 17:24:39;;Dossier refusé;Signature Contrat;270.71
1879;02/06/2026 17:10:58;;Souscription en cours;Choix de l'offre et livraison;445.26
1880;02/06/2026 17:10:58;;Souscription en cours;Choix de l'offre et livraison;480.86
1881;02/06/2026 17:08:46;;Souscription en cours;Choix de l'offre et livraison;314.53
1882;02/06/2026 17:08:46;;Souscription en cours;Choix de l'offre et livraison;463.80
1883;02/06/2026 17:07:42;;Souscription non démarrée;Parcours non démarré;908.87
1884;02/06/2026 17:07:42;;Souscription non démarrée;Parcours non démarré;320.63
1885;02/06/2026 17:05:43;;En attente d'analyse Agent - Dossier avec erreurs;Signature Contrat;833.73
1886;02/06/2026 17:05:43;;En attente d'analyse Agent - Dossier avec erreurs;Signature Contrat;477.70
1887;02/06/2026 16:55:36;;Souscription non démarrée;Parcours non démarré;375.17
1888;02/06/2026 16:55:36;;Souscription non démarrée;Parcours non démarré;821.22
1889;02/06/2026 16:55:25;;En attente d'analyse Agent - Dossier avec erreurs;Signature Contrat;650.20
1890;02/06/2026 16:55:25;;En attente d'analyse Agent - Dossier avec erreurs;Signature Contrat;210.38
1891;02/06/2026 16:42:06;;Souscription en cours;Vérification d'identité;530.15
1892;02/06/2026 16:42:06;;Souscription en cours;Vérification d'identité;589.81
1893;02/06/2026 16:41:33;;En attente d'analyse Agent - Dossier avec erreurs;Signature Contrat;307.42
1894;02/06/2026 16:41:33;;En attente d'analyse Agent - Dossier avec erreurs;Signature Contrat;300.59
1895;02/06/2026 16:37:23;;Souscription non démarrée;Parcours non démarré;982.34
1896;02/06/2026 16:37:23;;Souscription non démarrée;Parcours non démarré;285.14
1897;02/06/2026 16:24:09;;Dossier validé;Parcours terminé;720.10
1898;02/06/2026 16:24:09;;Dossier validé;Parcours terminé;562.63
1899;02/06/2026 16:14:17;;Dossier validé;Parcours terminé;962.94
1900;02/06/2026 16:14:17;;Dossier validé;Parcours terminé;983.67
1901;02/06/2026 15:39:07;;Souscription en cours;Signature Contrat;348.81
1902;02/06/2026 15:39:07;;Souscription en cours;Signature Contrat;914.42
1903;02/06/2026 15:38:19;;Dossier validé;Parcours terminé;581.30
1904;02/06/2026 15:38:19;;Dossier validé;Parcours terminé;228.95
1905;02/06/2026 15:31:43;;Dossier validé;Parcours terminé;926.59
1906;02/06/2026 15:31:43;;Dossier validé;Parcours terminé;904.79
1907;02/06/2026 15:25:23;;Dossier validé;Parcours terminé;810.17
1908;02/06/2026 15:25:23;;Dossier validé;Parcours terminé;885.87
1909;02/06/2026 15:24:42;;Dossier refusé;Signature Contrat;620.71
1910;02/06/2026 15:24:42;;Dossier refusé;Signature Contrat;545.82
1911;02/06/2026 15:20:58;;Souscription en cours;Signature Contrat;203.04
1912;02/06/2026 15:20:58;;Souscription en cours;Signature Contrat;518.91
1913;02/06/2026 15:15:22;;Souscription non démarrée;Parcours non démarré;511.13
1914;02/06/2026 15:15:22;;Souscription non démarrée;Parcours non démarré;344.00
1915;02/06/2026 15:10:32;;Souscription en cours;Informations complémentaires (CA, Profession, etc.);259.37
1916;02/06/2026 15:10:32;;Souscription en cours;Informations complémentaires (CA, Profession, etc.);900.96
1917;02/06/2026 15:07:27;;Dossier validé;Parcours terminé;928.01
1918;02/06/2026 15:07:27;;Dossier validé;Parcours terminé;221.62
1919;02/06/2026 15:06:09;;Dossier validé;Parcours terminé;723.70
1920;02/06/2026 15:06:09;;Dossier validé;Parcours terminé;166.09
1921;02/06/2026 15:05:58;Inès MICHEL;Dossier validé;Parcours terminé;678.65
1922;02/06/2026 15:05:58;Inès MICHEL;Dossier validé;Parcours terminé;494.38
1923;02/06/2026 14:53:23;;Souscription en cours;Coordonnées personnelles;455.54
1924;02/06/2026 14:53:23;;Souscription en cours;Coordonnées personnelles;785.26
1925;02/06/2026 14:40:51;;Dossier validé;Parcours terminé;201.16
1926;02/06/2026 14:40:51;;Dossier validé;Parcours terminé;300.80
1927;02/06/2026 14:38:37;;Souscription en cours;Choix de l'offre et livraison;862.52
1928;02/06/2026 14:38:37;;Souscription en cours;Choix de l'offre et livraison;823.81
1929;02/06/2026 14:27:56;;Dossier validé;Parcours terminé;597.60
1930;02/06/2026 14:27:56;;Dossier validé;Parcours terminé;413.95
1931;02/06/2026 14:02:57;;Souscription en cours;Bénéficiaire effectifs;840.37
1932;02/06/2026 14:02:57;;Souscription en cours;Bénéficiaire effectifs;996.75
1933;02/06/2026 13:53:18;;Dossier validé;Parcours terminé;696.68
1934;02/06/2026 13:53:18;;Dossier validé;Parcours terminé;656.03
1935;02/06/2026 13:46:21;;Souscription en cours;Choix de l'offre et livraison;701.64
1936;02/06/2026 13:46:21;;Souscription en cours;Choix de l'offre et livraison;642.83
1937;02/06/2026 13:41:05;;Dossier validé;Parcours terminé;422.78
1938;02/06/2026 13:41:05;;Dossier validé;Parcours terminé;433.43
1939;02/06/2026 13:17:16;;Dossier validé;Parcours terminé;129.86
1940;02/06/2026 13:17:16;;Dossier validé;Parcours terminé;490.44
1941;02/06/2026 13:16:59;;Dossier refusé;Saisie société;657.63
1942;02/06/2026 13:16:59;;Dossier refusé;Saisie société;935.20
1943;02/06/2026 13:15:01;;Souscription en cours;Signature Contrat;129.20
1944;02/06/2026 13:15:01;;Souscription en cours;Signature Contrat;436.59
1945;02/06/2026 13:14:16;Adam LAURENT;Dossier validé;Parcours terminé;315.04
1946;02/06/2026 13:14:16;Adam LAURENT;Dossier validé;Parcours terminé;163.04
1947;02/06/2026 13:12:20;;Souscription non démarrée;Parcours non démarré;721.86
1948;02/06/2026 13:12:20;;Souscription non démarrée;Parcours non démarré;790.57
1949;02/06/2026 13:09:24;;Souscription en cours;Synchronisation référentiel personne NOVA;622.51
1950;02/06/2026 13:09:24;;Souscription en cours;Synchronisation référentiel personne NOVA;617.29
1951;02/06/2026 13:04:48;;Dossier validé;Parcours terminé;366.12
1952;02/06/2026 13:04:48;;Dossier validé;Parcours terminé;373.51
1953;02/06/2026 12:53:10;Hugo MARTIN;Dossier validé;Parcours terminé;836.79
1954;02/06/2026 12:53:10;Hugo MARTIN;Dossier validé;Parcours terminé;639.65
1955;02/06/2026 12:39:03;;Souscription en cours;Signature Contrat;699.62
1956;02/06/2026 12:39:03;;Souscription en cours;Signature Contrat;576.60
1957;02/06/2026 12:33:05;;Dossier validé;Parcours terminé;283.21
1958;02/06/2026 12:33:05;;Dossier validé;Parcours terminé;753.53
1959;02/06/2026 12:24:06;;Souscription en cours;Signature Contrat;326.78
1960;02/06/2026 12:24:06;;Souscription en cours;Signature Contrat;489.29
1961;02/06/2026 12:16:34;;Souscription en cours;Coordonnées personnelles;964.32
1962;02/06/2026 12:16:34;;Souscription en cours;Coordonnées personnelles;842.84
1963;02/06/2026 12:14:30;;Dossier validé;Parcours terminé;528.24
1964;02/06/2026 12:14:30;;Dossier validé;Parcours terminé;113.32
1965;02/06/2026 12:11:58;;Souscription en cours;Coordonnées personnelles;628.05
1966;02/06/2026 12:11:58;;Souscription en cours;Coordonnées personnelles;860.79
1967;02/06/2026 12:10:46;;Dossier validé;Parcours terminé;576.15
1968;02/06/2026 12:10:46;;Dossier validé;Parcours terminé;951.26
1969;02/06/2026 12:05:32;;Souscription en cours;Informations complémentaires (CA, Profession, etc.);601.23
1970;02/06/2026 12:05:32;;Souscription en cours;Informations complémentaires (CA, Profession, etc.);829.17
1971;02/06/2026 11:57:36;;Souscription en cours;Vérification d'identité;493.20
1972;02/06/2026 11:57:36;;Souscription en cours;Vérification d'identité;310.17
1973;02/06/2026 11:54:48;;Souscription non démarrée;Parcours non démarré;150.86
1974;02/06/2026 11:54:48;;Souscription non démarrée;Parcours non démarré;598.70
1975;02/06/2026 11:52:34;;Dossier validé;Parcours terminé;382.74
1976;02/06/2026 11:52:34;;Dossier validé;Parcours terminé;684.39
1977;02/06/2026 11:51:52;;Souscription en cours;Informations complémentaires (CA, Profession, etc.);761.68
1978;02/06/2026 11:51:52;;Souscription en cours;Informations complémentaires (CA, Profession, etc.);723.24
1979;02/06/2026 11:50:19;;Dossier refusé;Saisie société;847.12
1980;02/06/2026 11:50:19;;Dossier refusé;Saisie société;987.91
1981;02/06/2026 11:49:22;;Dossier validé;Parcours terminé;243.02
1982;02/06/2026 11:49:22;;Dossier validé;Parcours terminé;450.17
1983;02/06/2026 11:38:56;;Dossier refusé;Parcours non démarré;498.63
1984;02/06/2026 11:38:56;;Dossier refusé;Parcours non démarré;489.97
1985;02/06/2026 11:38:01;;Dossier validé;Parcours terminé;363.79
1986;02/06/2026 11:38:01;;Dossier validé;Parcours terminé;619.55
1987;02/06/2026 11:37:02;;Souscription en cours;Coordonnées personnelles;718.03
1988;02/06/2026 11:37:02;;Souscription en cours;Coordonnées personnelles;504.25
1989;02/06/2026 11:35:49;;Souscription non démarrée;Parcours non démarré;745.32
1990;02/06/2026 11:35:49;;Souscription non démarrée;Parcours non démarré;160.99
1991;02/06/2026 11:34:27;;Souscription en cours;Signature Contrat;856.00
1992;02/06/2026 11:34:27;;Souscription en cours;Signature Contrat;470.03
1993;02/06/2026 11:27:59;;Souscription en cours;Vérification d'identité;239.70
1994;02/06/2026 11:27:59;;Souscription en cours;Vérification d'identité;605.06
1995;02/06/2026 11:25:15;Hugo MARTIN;Dossier validé;Parcours terminé;653.77
1996;02/06/2026 11:25:15;Hugo MARTIN;Dossier validé;Parcours terminé;255.39
1997;02/06/2026 11:24:11;;Dossier validé;Parcours terminé;391.13
1998;02/06/2026 11:24:11;;Dossier validé;Parcours terminé;487.49
1999;02/06/2026 11:20:24;;Souscription non démarrée;Parcours non démarré;307.48
2000;02/06/2026 11:20:24;;Souscription non démarrée;Parcours non démarré;470.07
2001;02/06/2026 11:18:21;;Dossier validé;Parcours terminé;573.41
2002;02/06/2026 11:18:21;;Dossier validé;Parcours terminé;782.90
2003;02/06/2026 10:59:08;;Dossier validé;Parcours terminé;667.26
2004;02/06/2026 10:59:08;;Dossier validé;Parcours terminé;951.54
2005;02/06/2026 10:46:57;;Souscription en cours;Choix de l'offre et livraison;481.20
2006;02/06/2026 10:46:57;;Souscription en cours;Choix de l'offre et livraison;171.03
2007;02/06/2026 10:21:44;;Dossier refusé;Saisie société;765.60
2008;02/06/2026 10:21:44;;Dossier refusé;Saisie société;260.04
2009;02/06/2026 10:20:08;;Dossier validé;Parcours terminé;829.61
2010;02/06/2026 10:20:08;;Dossier validé;Parcours terminé;140.35
2011;02/06/2026 10:19:22;;Souscription en cours;Coordonnées personnelles;671.75
2012;02/06/2026 10:19:22;;Souscription en cours;Coordonnées personnelles;820.44
2013;02/06/2026 10:08:18;;Dossier validé;Parcours terminé;814.36
2014;02/06/2026 10:08:18;;Dossier validé;Parcours terminé;524.05
2015;02/06/2026 10:06:53;;Dossier validé;Parcours terminé;770.74
2016;02/06/2026 10:06:53;;Dossier validé;Parcours terminé;645.15
2017;02/06/2026 10:05:28;;Dossier refusé;Saisie société;199.90
2018;02/06/2026 10:05:28;;Dossier refusé;Saisie société;968.68
2019;02/06/2026 10:05:09;;Souscription en cours;Coordonnées personnelles;447.71
2020;02/06/2026 10:05:09;;Souscription en cours;Coordonnées personnelles;564.94
2021;02/06/2026 10:04:32;;Souscription en cours;Coordonnées personnelles;726.37
2022;02/06/2026 10:04:32;;Souscription en cours;Coordonnées personnelles;676.83
2023;02/06/2026 10:00:18;Hugo MARTIN;Dossier validé;Parcours terminé;928.59
2024;02/06/2026 10:00:18;Hugo MARTIN;Dossier validé;Parcours terminé;927.33
2025;02/06/2026 09:56:13;;Souscription en cours;Choix de l'offre et livraison;266.32
2026;02/06/2026 09:56:13;;Souscription en cours;Choix de l'offre et livraison;140.48
2027;02/06/2026 09:47:36;;Dossier validé;Parcours terminé;967.71
2028;02/06/2026 09:47:36;;Dossier validé;Parcours terminé;860.25
2029;02/06/2026 09:41:15;;Dossier refusé;Saisie société;104.84
2030;02/06/2026 09:41:15;;Dossier refusé;Saisie société;725.19
2031;02/06/2026 09:36:26;;Souscription en cours;Vérification d'identité;208.48
2032;02/06/2026 09:36:26;;Souscription en cours;Vérification d'identité;161.54
2033;02/06/2026 09:31:14;;Dossier refusé;Bénéficiaire effectifs;643.89
2034;02/06/2026 09:31:14;;Dossier refusé;Bénéficiaire effectifs;404.39
2035;02/06/2026 09:21:39;;Dossier validé;Parcours terminé;710.14
2036;02/06/2026 09:21:39;;Dossier validé;Parcours terminé;769.18
2037;02/06/2026 09:19:07;;Souscription en cours;Choix de l'offre et livraison;474.52
2038;02/06/2026 09:19:07;;Souscription en cours;Choix de l'offre et livraison;760.89
2039;02/06/2026 09:09:16;;Dossier validé;Parcours terminé;812.33
2040;02/06/2026 09:09:16;;Dossier validé;Parcours terminé;409.89
2041;02/06/2026 09:07:00;;Souscription en cours;Choix de l'offre et livraison;892.94
2042;02/06/2026 09:07:00;;Souscription en cours;Choix de l'offre et livraison;496.56
2043;02/06/2026 08:19:43;;Dossier validé;Parcours terminé;684.43
2044;02/06/2026 08:19:43;;Dossier validé;Parcours terminé;281.75
2045;02/06/2026 08:01:54;;Souscription en cours;Coordonnées personnelles;374.16
2046;02/06/2026 08:01:54;;Souscription en cours;Coordonnées personnelles;150.95
2047;02/06/2026 07:47:02;;Souscription en cours;Bénéficiaire effectifs;751.81
2048;02/06/2026 07:47:02;;Souscription en cours;Bénéficiaire effectifs;573.19
2049;02/06/2026 07:21:01;Z5750800;Dossier validé;Parcours terminé;833.50
2050;02/06/2026 07:21:01;Z5750800;Dossier validé;Parcours terminé;600.53
2051;02/06/2026 07:07:38;;Dossier validé;Parcours terminé;448.43
2052;02/06/2026 07:07:38;;Dossier validé;Parcours terminé;388.01
2053;02/06/2026 06:20:34;;Dossier validé;Parcours terminé;775.31
2054;02/06/2026 06:20:34;;Dossier validé;Parcours terminé;818.74
2055;02/06/2026 04:50:06;;Dossier validé;Parcours terminé;236.64
2056;02/06/2026 04:50:06;;Dossier validé;Parcours terminé;314.75
2057;02/06/2026 04:03:15;;Souscription en cours;Informations complémentaires (CA, Profession, etc.);325.52
2058;02/06/2026 04:03:15;;Souscription en cours;Informations complémentaires (CA, Profession, etc.);943.94
2059;02/06/2026 02:54:07;;Dossier refusé;Signature Contrat;523.99
2060;02/06/2026 02:54:07;;Dossier refusé;Signature Contrat;612.13
2061;02/06/2026 02:47:44;;Souscription en cours;Vérification d'identité;737.81
2062;02/06/2026 02:47:44;;Souscription en cours;Vérification d'identité;560.58
2063;02/06/2026 02:26:37;;Souscription en cours;Coordonnées personnelles;553.02
2064;02/06/2026 02:26:37;;Souscription en cours;Coordonnées personnelles;954.37
2065;02/06/2026 01:23:08;;Souscription en cours;Informations complémentaires (Etablissements, etc.);829.05
2066;02/06/2026 01:23:08;;Souscription en cours;Informations complémentaires (Etablissements, etc.);776.68
2067;02/06/2026 00:37:59;;Dossier validé;Parcours terminé;985.42
2068;02/06/2026 00:37:59;;Dossier validé;Parcours terminé;341.34
2069;02/06/2026 00:25:32;;Dossier refusé;Signature Contrat;465.77
2070;02/06/2026 00:25:32;;Dossier refusé;Signature Contrat;371.76
2071;02/06/2026 00:13:11;;Souscription en cours;Informations complémentaires (CA, Profession, etc.);293.34
2072;02/06/2026 00:13:11;;Souscription en cours;Informations complémentaires (CA, Profession, etc.);626.18
2073;02/06/2026 00:11:50;;En attente d'analyse Agent - Dossier sans erreur;Parcours terminé;244.03
2074;02/06/2026 00:11:50;;En attente d'analyse Agent - Dossier sans erreur;Parcours terminé;945.83
2075;01/06/2026 23:41:58;;Dossier validé;Parcours terminé;493.30
2076;01/06/2026 23:41:58;;Dossier validé;Parcours terminé;848.94
2077;01/06/2026 23:25:56;;Dossier refusé;Saisie société;622.21
2078;01/06/2026 23:25:56;;Dossier refusé;Saisie société;849.62
2079;01/06/2026 23:23:17;;Dossier refusé;Informations complémentaires (CA, Profession, etc.);840.26
2080;01/06/2026 23:23:17;;Dossier refusé;Informations complémentaires (CA, Profession, etc.);795.67
2081;01/06/2026 23:16:07;;Dossier validé;Parcours terminé;196.98
2082;01/06/2026 23:16:07;;Dossier validé;Parcours terminé;951.95
2083;01/06/2026 23:14:50;;Souscription en cours;Coordonnées personnelles;190.47
2084;01/06/2026 23:14:50;;Souscription en cours;Coordonnées personnelles;461.18
2085;01/06/2026 23:12:34;;Souscription en cours;Criblages BE(s);772.05
2086;01/06/2026 23:12:34;;Souscription en cours;Criblages BE(s);452.12
2087;01/06/2026 23:10:39;;Dossier validé;Parcours terminé;945.08
2088;01/06/2026 23:10:39;;Dossier validé;Parcours terminé;134.95
2089;01/06/2026 22:57:05;;Souscription en cours;Coordonnées personnelles;599.92
2090;01/06/2026 22:57:05;;Souscription en cours;Coordonnées personnelles;978.92
2091;01/06/2026 22:25:19;;En attente d'analyse Agent - Dossier avec erreurs;Signature Contrat;275.23
2092;01/06/2026 22:25:19;;En attente d'analyse Agent - Dossier avec erreurs;Signature Contrat;619.17
2093;01/06/2026 22:13:19;;Souscription non démarrée;Parcours non démarré;726.80
2094;01/06/2026 22:13:19;;Souscription non démarrée;Parcours non démarré;283.81
2095;01/06/2026 22:11:43;;Souscription non démarrée;Parcours non démarré;330.55
2096;01/06/2026 22:11:43;;Souscription non démarrée;Parcours non démarré;754.14
2097;01/06/2026 22:04:23;;Dossier refusé;Saisie société;321.07
2098;01/06/2026 22:04:23;;Dossier refusé;Saisie société;427.66
2099;01/06/2026 22:03:41;;Souscription en cours;Vérification d'identité;153.81
2100;01/06/2026 22:03:41;;Souscription en cours;Vérification d'identité;162.86
2101;01/06/2026 21:54:34;;Souscription en cours;Coordonnées personnelles;646.59
2102;01/06/2026 21:54:34;;Souscription en cours;Coordonnées personnelles;197.24
2103;01/06/2026 21:53:48;;Souscription en cours;Coordonnées personnelles;560.73
2104;01/06/2026 21:53:48;;Souscription en cours;Coordonnées personnelles;959.15
2105;01/06/2026 21:50:01;;Souscription en cours;Coordonnées personnelles;530.05
2106;01/06/2026 21:50:01;;Souscription en cours;Coordonnées personnelles;134.23
2107;01/06/2026 21:44:50;;Dossier validé;Parcours terminé;592.72
2108;01/06/2026 21:44:50;;Dossier validé;Parcours terminé;586.64
2109;01/06/2026 21:37:01;;Dossier validé;Parcours terminé;187.00
2110;01/06/2026 21:37:01;;Dossier validé;Parcours terminé;265.08
2111;01/06/2026 21:25:49;;Dossier validé;Parcours terminé;939.35
2112;01/06/2026 21:25:49;;Dossier validé;Parcours terminé;322.87
2113;01/06/2026 20:49:11;Louis MARTIN;Dossier validé;Parcours terminé;150.60
2114;01/06/2026 20:49:11;Louis MARTIN;Dossier validé;Parcours terminé;206.90
2115;01/06/2026 20:09:40;;Dossier refusé;Saisie société;659.60
2116;01/06/2026 20:09:40;;Dossier refusé;Saisie société;303.44
2117;01/06/2026 19:40:34;;Souscription en cours;Signature Contrat;204.59
2118;01/06/2026 19:40:34;;Souscription en cours;Signature Contrat;847.72
2119;01/06/2026 19:27:19;;Dossier validé;Parcours terminé;671.18
2120;01/06/2026 19:27:19;;Dossier validé;Parcours terminé;842.14
2121;01/06/2026 19:08:30;;Dossier validé;Parcours terminé;255.41
2122;01/06/2026 19:08:30;;Dossier validé;Parcours terminé;255.50
2123;01/06/2026 18:56:37;;Souscription en cours;Signature Contrat;211.19
2124;01/06/2026 18:56:37;;Souscription en cours;Signature Contrat;624.11
2125;01/06/2026 18:55:25;;Dossier validé;Parcours terminé;877.53
2126;01/06/2026 18:55:25;;Dossier validé;Parcours terminé;327.24
2127;01/06/2026 18:49:47;;Dossier validé;Parcours terminé;349.23
2128;01/06/2026 18:49:47;;Dossier validé;Parcours terminé;637.19
2129;01/06/2026 18:42:10;;Dossier validé;Parcours terminé;561.99
2130;01/06/2026 18:42:10;;Dossier validé;Parcours terminé;429.82
2131;01/06/2026 18:40:06;;Dossier validé;Parcours terminé;440.31
2132;01/06/2026 18:40:06;;Dossier validé;Parcours terminé;568.34
2133;01/06/2026 18:32:23;;Souscription non démarrée;Parcours non démarré;881.12
2134;01/06/2026 18:32:23;;Souscription non démarrée;Parcours non démarré;643.51
2135;01/06/2026 18:15:04;;Dossier validé;Parcours terminé;977.33
2136;01/06/2026 18:15:04;;Dossier validé;Parcours terminé;593.99
2137;01/06/2026 18:14:16;;Souscription en cours;Coordonnées personnelles;547.38
2138;01/06/2026 18:14:16;;Souscription en cours;Coordonnées personnelles;206.53
2139;01/06/2026 18:05:04;;Dossier validé;Parcours terminé;717.69
2140;01/06/2026 18:05:04;;Dossier validé;Parcours terminé;837.23
2141;01/06/2026 18:03:24;;Dossier validé;Parcours terminé;284.13
2142;01/06/2026 18:03:24;;Dossier validé;Parcours terminé;241.89
2143;01/06/2026 18:01:56;;Dossier refusé;Saisie société;289.36
2144;01/06/2026 18:01:56;;Dossier refusé;Saisie société;483.50
2145;01/06/2026 18:01:00;Zoé MULLER;Dossier refusé;Bénéficiaire effectifs;987.68
2146;01/06/2026 18:01:00;Zoé MULLER;Dossier refusé;Bénéficiaire effectifs;496.28
2147;01/06/2026 17:45:37;;Souscription en cours;Coordonnées personnelles;834.96
2148;01/06/2026 17:45:37;;Souscription en cours;Coordonnées personnelles;409.59
2149;01/06/2026 17:37:02;;Souscription en cours;Choix de l'offre et livraison;683.89
2150;01/06/2026 17:37:02;;Souscription en cours;Choix de l'offre et livraison;103.04
2151;01/06/2026 17:34:46;;Dossier validé;Parcours terminé;713.98
2152;01/06/2026 17:34:46;;Dossier validé;Parcours terminé;518.55
2153;01/06/2026 17:24:06;;Dossier validé;Parcours terminé;478.06
2154;01/06/2026 17:24:06;;Dossier validé;Parcours terminé;479.55
2155;01/06/2026 17:14:57;;Souscription en cours;Coordonnées personnelles;340.77
2156;01/06/2026 17:14:57;;Souscription en cours;Coordonnées personnelles;346.36
2157;01/06/2026 17:04:01;;Dossier validé;Parcours terminé;215.19
2158;01/06/2026 17:04:01;;Dossier validé;Parcours terminé;885.50
2159;01/06/2026 16:54:02;Hugo MARTIN;Dossier validé;Parcours terminé;371.89
2160;01/06/2026 16:54:02;Hugo MARTIN;Dossier validé;Parcours terminé;251.75
2161;01/06/2026 16:50:51;;Dossier validé;Parcours terminé;441.06
2162;01/06/2026 16:50:51;;Dossier validé;Parcours terminé;644.71
2163;01/06/2026 16:49:05;;Dossier refusé;Signature Contrat;104.13
2164;01/06/2026 16:49:05;;Dossier refusé;Signature Contrat;455.80
2165;01/06/2026 16:48:52;;Souscription en cours;Vérification d'identité;974.25
2166;01/06/2026 16:48:52;;Souscription en cours;Vérification d'identité;667.34
2167;01/06/2026 16:34:40;;Dossier validé;Parcours terminé;824.44
2168;01/06/2026 16:34:40;;Dossier validé;Parcours terminé;582.87
2169;01/06/2026 16:28:49;;Dossier validé;Parcours terminé;758.48
2170;01/06/2026 16:28:49;;Dossier validé;Parcours terminé;574.91
2171;01/06/2026 16:24:33;;Souscription non démarrée;Parcours non démarré;652.89
2172;01/06/2026 16:24:33;;Souscription non démarrée;Parcours non démarré;365.47
2173;01/06/2026 16:15:40;Hugo MARTIN;Dossier validé;Parcours terminé;651.28
2174;01/06/2026 16:15:40;Hugo MARTIN;Dossier validé;Parcours terminé;777.09
2175;01/06/2026 16:10:58;;Souscription en cours;Coordonnées personnelles;482.76
2176;01/06/2026 16:10:58;;Souscription en cours;Coordonnées personnelles;979.14
2177;01/06/2026 15:48:40;;Souscription en cours;Coordonnées personnelles;914.89
2178;01/06/2026 15:48:40;;Souscription en cours;Coordonnées personnelles;812.95
2179;01/06/2026 15:43:58;;Dossier refusé;Saisie société;896.71
2180;01/06/2026 15:43:58;;Dossier refusé;Saisie société;923.99
2181;01/06/2026 15:41:51;;Souscription en cours;Coordonnées personnelles;932.10
2182;01/06/2026 15:41:51;;Souscription en cours;Coordonnées personnelles;467.37
2183;01/06/2026 15:39:46;;Dossier validé;Parcours terminé;702.82
2184;01/06/2026 15:39:46;;Dossier validé;Parcours terminé;810.06
2185;01/06/2026 15:39:41;;Dossier validé;Parcours terminé;448.47
2186;01/06/2026 15:39:41;;Dossier validé;Parcours terminé;829.13
2187;01/06/2026 15:39:11;;Dossier validé;Parcours terminé;938.56
2188;01/06/2026 15:39:11;;Dossier validé;Parcours terminé;554.02
2189;01/06/2026 15:17:21;;Dossier validé;Parcours terminé;532.38
2190;01/06/2026 15:17:21;;Dossier validé;Parcours terminé;374.06
2191;01/06/2026 15:01:50;;Souscription en cours;Signature Contrat;680.57
2192;01/06/2026 15:01:50;;Souscription en cours;Signature Contrat;526.86
2193;01/06/2026 14:56:03;;Souscription en cours;Coordonnées personnelles;828.45
2194;01/06/2026 14:56:03;;Souscription en cours;Coordonnées personnelles;304.09
2195;01/06/2026 14:54:57;;Dossier refusé;Saisie société;986.78
2196;01/06/2026 14:54:57;;Dossier refusé;Saisie société;595.12
2197;01/06/2026 14:42:44;;En attente d'analyse Agent - Dossier avec erreurs;Signature Contrat;154.65
2198;01/06/2026 14:42:44;;En attente d'analyse Agent - Dossier avec erreurs;Signature Contrat;165.88
2199;01/06/2026 14:38:37;;Souscription en cours;Coordonnées personnelles;811.36
2200;01/06/2026 14:38:37;;Souscription en cours;Coordonnées personnelles;222.33
2201;01/06/2026 14:32:20;;Dossier refusé;Saisie société;619.96
2202;01/06/2026 14:32:20;;Dossier refusé;Saisie société;570.18
2203;01/06/2026 14:08:22;;Dossier validé;Parcours terminé;664.16
2204;01/06/2026 14:08:22;;Dossier validé;Parcours terminé;809.86
2205;01/06/2026 14:00:39;;Souscription en cours;Signature Contrat;347.47
2206;01/06/2026 14:00:39;;Souscription en cours;Signature Contrat;808.93
2207;01/06/2026 13:59:02;;Souscription en cours;Vérification d'identité;473.91
2208;01/06/2026 13:59:02;;Souscription en cours;Vérification d'identité;911.64
2209;01/06/2026 13:47:17;;Dossier validé;Parcours terminé;361.24
2210;01/06/2026 13:47:17;;Dossier validé;Parcours terminé;610.92
2211;01/06/2026 13:41:41;;Dossier validé;Parcours terminé;257.29
2212;01/06/2026 13:41:41;;Dossier validé;Parcours terminé;918.79
2213;01/06/2026 13:41:32;;Souscription en cours;Choix de l'offre et livraison;838.67
2214;01/06/2026 13:41:32;;Souscription en cours;Choix de l'offre et livraison;970.92
2215;01/06/2026 13:35:36;Hugo MARTIN;Dossier validé;Parcours terminé;673.34
2216;01/06/2026 13:35:36;Hugo MARTIN;Dossier validé;Parcours terminé;310.53
2217;01/06/2026 13:12:11;;Dossier validé;Parcours terminé;819.92
2218;01/06/2026 13:12:11;;Dossier validé;Parcours terminé;730.86
2219;01/06/2026 13:09:04;;Souscription en cours;Coordonnées personnelles;170.91
2220;01/06/2026 13:09:04;;Souscription en cours;Coordonnées personnelles;353.42
2221;01/06/2026 13:06:04;;Souscription en cours;Coordonnées personnelles;375.78
2222;01/06/2026 13:06:04;;Souscription en cours;Coordonnées personnelles;183.41
2223;01/06/2026 13:05:03;;Souscription non démarrée;Parcours non démarré;629.84
2224;01/06/2026 13:05:03;;Souscription non démarrée;Parcours non démarré;731.25
2225;01/06/2026 12:57:26;;Souscription non démarrée;Parcours non démarré;683.04
2226;01/06/2026 12:57:26;;Souscription non démarrée;Parcours non démarré;694.18
2227;01/06/2026 12:56:44;;Dossier validé;Parcours terminé;603.37
2228;01/06/2026 12:56:44;;Dossier validé;Parcours terminé;878.87
2229;01/06/2026 12:40:18;;Souscription en cours;Choix de l'offre et livraison;124.09
2230;01/06/2026 12:40:18;;Souscription en cours;Choix de l'offre et livraison;704.67
2231;01/06/2026 12:36:41;;Souscription en cours;Choix de l'offre et livraison;752.37
2232;01/06/2026 12:36:41;;Souscription en cours;Choix de l'offre et livraison;208.57
2233;01/06/2026 12:26:39;;Souscription en cours;Synchronisation référentiel personne NOVA;973.09
2234;01/06/2026 12:26:39;;Souscription en cours;Synchronisation référentiel personne NOVA;973.43
2235;01/06/2026 12:16:29;;Souscription en cours;Coordonnées personnelles;682.58
2236;01/06/2026 12:16:29;;Souscription en cours;Coordonnées personnelles;495.16
2237;01/06/2026 11:52:55;;Dossier validé;Parcours terminé;996.65
2238;01/06/2026 11:52:55;;Dossier validé;Parcours terminé;197.61
2239;01/06/2026 11:43:52;;En attente d'analyse Agent - Dossier avec erreurs;Signature Contrat;638.24
2240;01/06/2026 11:43:52;;En attente d'analyse Agent - Dossier avec erreurs;Signature Contrat;611.10
2241;01/06/2026 11:41:29;;Souscription en cours;Informations complémentaires (Etablissements, etc.);400.22
2242;01/06/2026 11:41:29;;Souscription en cours;Informations complémentaires (Etablissements, etc.);144.64
2243;01/06/2026 11:39:38;;Souscription en cours;Coordonnées personnelles;939.03
2244;01/06/2026 11:39:38;;Souscription en cours;Coordonnées personnelles;873.88
2245;01/06/2026 11:39:21;;Dossier validé;Parcours terminé;878.02
2246;01/06/2026 11:39:21;;Dossier validé;Parcours terminé;202.83
2247;01/06/2026 11:35:03;;Souscription en cours;Coordonnées personnelles;428.92
2248;01/06/2026 11:35:03;;Souscription en cours;Coordonnées personnelles;608.33
2249;01/06/2026 11:33:30;;Dossier validé;Parcours terminé;513.49
2250;01/06/2026 11:33:30;;Dossier validé;Parcours terminé;599.47
2251;01/06/2026 11:24:47;;Souscription en cours;Coordonnées personnelles;716.29
2252;01/06/2026 11:24:47;;Souscription en cours;Coordonnées personnelles;999.02
2253;01/06/2026 11:15:07;Hugo MARTIN;Dossier validé;Parcours terminé;548.28
2254;01/06/2026 11:15:07;Hugo MARTIN;Dossier validé;Parcours terminé;238.76
2255;01/06/2026 11:12:24;;Souscription en cours;Vérification d'identité;401.25
2256;01/06/2026 11:12:24;;Souscription en cours;Vérification d'identité;526.36
2257;01/06/2026 11:07:58;;Dossier refusé;Saisie société;372.83
2258;01/06/2026 11:07:58;;Dossier refusé;Saisie société;665.36
2259;01/06/2026 11:04:30;;Souscription non démarrée;Parcours non démarré;889.55
2260;01/06/2026 11:04:30;;Souscription non démarrée;Parcours non démarré;365.49
2261;01/06/2026 11:01:43;;Souscription en cours;Coordonnées personnelles;999.55
2262;01/06/2026 11:01:43;;Souscription en cours;Coordonnées personnelles;761.52
2263;01/06/2026 10:55:01;;Dossier refusé;Saisie société;132.10
2264;01/06/2026 10:55:01;;Dossier refusé;Saisie société;300.66
2265;01/06/2026 10:49:41;;Souscription en cours;Vérification d'identité;439.77
2266;01/06/2026 10:49:41;;Souscription en cours;Vérification d'identité;251.42
2267;01/06/2026 10:47:41;;Dossier refusé;Saisie société;103.89
2268;01/06/2026 10:47:41;;Dossier refusé;Saisie société;132.95
2269;01/06/2026 10:32:49;;Souscription en cours;Choix de l'offre et livraison;577.73
2270;01/06/2026 10:32:49;;Souscription en cours;Choix de l'offre et livraison;604.68
2271;01/06/2026 10:20:20;;Dossier validé;Parcours terminé;725.93
2272;01/06/2026 10:20:20;;Dossier validé;Parcours terminé;747.42
2273;01/06/2026 10:20:19;;Dossier refusé;Saisie société;642.04
2274;01/06/2026 10:20:19;;Dossier refusé;Saisie société;196.98
2275;01/06/2026 10:17:16;Adam LAURENT;Dossier validé;Parcours terminé;371.82
2276;01/06/2026 10:17:16;Adam LAURENT;Dossier validé;Parcours terminé;524.62
2277;01/06/2026 10:14:02;;Dossier validé;Parcours terminé;621.32
2278;01/06/2026 10:14:02;;Dossier validé;Parcours terminé;657.01
2279;01/06/2026 10:13:48;;Souscription non démarrée;Parcours non démarré;942.43
2280;01/06/2026 10:13:48;;Souscription non démarrée;Parcours non démarré;652.95
2281;01/06/2026 10:13:29;;Dossier validé;Parcours terminé;905.28
2282;01/06/2026 10:13:29;;Dossier validé;Parcours terminé;538.96
2283;01/06/2026 10:09:23;;Dossier validé;Parcours terminé;889.55
2284;01/06/2026 10:09:23;;Dossier validé;Parcours terminé;879.84
2285;01/06/2026 09:55:09;;Souscription en cours;Coordonnées personnelles;624.70
2286;01/06/2026 09:55:09;;Souscription en cours;Coordonnées personnelles;279.52
2287;01/06/2026 09:54:19;;Dossier validé;Parcours terminé;499.80
2288;01/06/2026 09:54:19;;Dossier validé;Parcours terminé;460.19
2289;01/06/2026 09:50:51;;Souscription en cours;Vérification d'identité;982.68
2290;01/06/2026 09:50:51;;Souscription en cours;Vérification d'identité;741.66
2291;01/06/2026 09:29:54;;Dossier validé;Parcours terminé;519.19
2292;01/06/2026 09:29:54;;Dossier validé;Parcours terminé;993.57
2293;01/06/2026 09:27:47;;Souscription en cours;Informations complémentaires (Etablissements, etc.);792.72
2294;01/06/2026 09:27:47;;Souscription en cours;Informations complémentaires (Etablissements, etc.);135.29
2295;01/06/2026 09:27:05;;Souscription non démarrée;Parcours non démarré;556.19
2296;01/06/2026 09:27:05;;Souscription non démarrée;Parcours non démarré;191.70
2297;01/06/2026 09:21:24;;Souscription en cours;Coordonnées personnelles;928.10
2298;01/06/2026 09:21:24;;Souscription en cours;Coordonnées personnelles;380.38
2299;01/06/2026 09:04:44;;Dossier refusé;Saisie société;259.27
2300;01/06/2026 09:04:44;;Dossier refusé;Saisie société;212.44
2301;01/06/2026 08:23:16;;Souscription en cours;Choix de l'offre et livraison;264.91
2302;01/06/2026 08:23:16;;Souscription en cours;Choix de l'offre et livraison;646.55
2303;01/06/2026 07:50:49;Hugo MARTIN;Dossier refusé;Signature Contrat;471.92
2304;01/06/2026 07:50:49;Hugo MARTIN;Dossier refusé;Signature Contrat;886.52
2305;01/06/2026 07:31:19;;En attente d'analyse Agent - Dossier avec erreurs;Signature Contrat;900.74
2306;01/06/2026 07:31:19;;En attente d'analyse Agent - Dossier avec erreurs;Signature Contrat;189.93
2307;01/06/2026 07:06:08;;Dossier refusé;Signature Contrat;982.05
2308;01/06/2026 07:06:08;;Dossier refusé;Signature Contrat;363.87
2309;01/06/2026 05:35:47;;Souscription en cours;Coordonnées personnelles;762.78
2310;01/06/2026 05:35:47;;Souscription en cours;Coordonnées personnelles;112.96
2311;01/06/2026 04:52:09;;Souscription non démarrée;Parcours non démarré;984.86
2312;01/06/2026 04:52:09;;Souscription non démarrée;Parcours non démarré;341.81
2313;01/06/2026 01:16:30;;Souscription en cours;Informations complémentaires (Etablissements, etc.);785.08
2314;01/06/2026 01:16:30;;Souscription en cours;Informations complémentaires (Etablissements, etc.);921.01
2315;01/06/2026 00:52:03;;Dossier validé;Parcours terminé;747.83
2316;01/06/2026 00:52:03;;Dossier validé;Parcours terminé;634.93
2317;01/06/2026 00:09:03;;Souscription non démarrée;Parcours non démarré;202.90
2318;01/06/2026 00:09:03;;Souscription non démarrée;Parcours non démarré;267.69
2319;31/05/2026 23:59:51;;Dossier validé;Parcours terminé;967.47
2320;31/05/2026 23:59:51;;Dossier validé;Parcours terminé;653.51
2321;31/05/2026 23:57:54;;Dossier refusé;Saisie société;843.78
2322;31/05/2026 23:57:54;;Dossier refusé;Saisie société;566.79
2323;31/05/2026 22:19:00;;Souscription en cours;Informations complémentaires (Etablissements, etc.);211.49
2324;31/05/2026 22:19:00;;Souscription en cours;Informations complémentaires (Etablissements, etc.);473.84
2325;31/05/2026 22:18:35;;Dossier refusé;Parcours non démarré;375.26
2326;31/05/2026 22:18:35;;Dossier refusé;Parcours non démarré;641.54
2327;31/05/2026 21:46:05;;Souscription en cours;Coordonnées personnelles;241.22
2328;31/05/2026 21:46:05;;Souscription en cours;Coordonnées personnelles;990.23
2329;31/05/2026 21:37:15;;Souscription en cours;Choix de l'offre et livraison;825.84
2330;31/05/2026 21:37:15;;Souscription en cours;Choix de l'offre et livraison;910.96
2331;31/05/2026 21:05:09;;Dossier validé;Parcours terminé;588.91
2332;31/05/2026 21:05:09;;Dossier validé;Parcours terminé;988.19
2333;31/05/2026 21:05:01;;En attente d'analyse Agent - Dossier avec erreurs;Signature Contrat;695.10
2334;31/05/2026 21:05:01;;En attente d'analyse Agent - Dossier avec erreurs;Signature Contrat;571.63
2335;31/05/2026 21:02:34;;Souscription en cours;Coordonnées personnelles;967.48
2336;31/05/2026 21:02:34;;Souscription en cours;Coordonnées personnelles;218.40
2337;31/05/2026 20:48:25;;En attente d'analyse Agent - Dossier avec erreurs;Signature Contrat;676.04
2338;31/05/2026 20:48:25;;En attente d'analyse Agent - Dossier avec erreurs;Signature Contrat;705.74
2339;31/05/2026 20:10:18;;Dossier validé;Parcours terminé;643.06
2340;31/05/2026 20:10:18;;Dossier validé;Parcours terminé;827.85
2341;31/05/2026 19:54:23;;Souscription en cours;Coordonnées personnelles;777.36
2342;31/05/2026 19:54:23;;Souscription en cours;Coordonnées personnelles;552.86
2343;31/05/2026 19:52:25;;Souscription en cours;Choix de l'offre et livraison;265.70
2344;31/05/2026 19:52:25;;Souscription en cours;Choix de l'offre et livraison;290.15
2345;31/05/2026 19:36:58;;Dossier refusé;Saisie société;449.48
2346;31/05/2026 19:36:58;;Dossier refusé;Saisie société;607.39
2347;31/05/2026 19:25:56;;Dossier refusé;Saisie société;558.42
2348;31/05/2026 19:25:56;;Dossier refusé;Saisie société;384.96
2349;31/05/2026 18:44:25;;Dossier validé;Parcours terminé;995.14
2350;31/05/2026 18:44:25;;Dossier validé;Parcours terminé;888.02
2351;31/05/2026 18:37:12;;Souscription en cours;Choix de l'offre et livraison;358.54
2352;31/05/2026 18:37:12;;Souscription en cours;Choix de l'offre et livraison;282.14
2353;31/05/2026 18:35:06;;Dossier validé;Parcours terminé;688.05
2354;31/05/2026 18:35:06;;Dossier validé;Parcours terminé;610.12
2355;31/05/2026 18:29:28;;Dossier validé;Parcours terminé;241.68
2356;31/05/2026 18:29:28;;Dossier validé;Parcours terminé;251.38
2357;31/05/2026 18:19:23;;Souscription non démarrée;Parcours non démarré;792.24
2358;31/05/2026 18:19:23;;Souscription non démarrée;Parcours non démarré;832.38
2359;31/05/2026 18:11:05;;Dossier refusé;Signature Contrat;793.50
2360;31/05/2026 18:11:05;;Dossier refusé;Signature Contrat;742.60
2361;31/05/2026 18:10:28;;Souscription en cours;Coordonnées personnelles;853.91
2362;31/05/2026 18:10:28;;Souscription en cours;Coordonnées personnelles;616.96
2363;31/05/2026 18:06:12;;Dossier refusé;Signature Contrat;573.65
2364;31/05/2026 18:06:12;;Dossier refusé;Signature Contrat;905.84
2365;31/05/2026 17:49:43;;Souscription en cours;Coordonnées personnelles;233.99
2366;31/05/2026 17:49:43;;Souscription en cours;Coordonnées personnelles;382.49
2367;31/05/2026 17:48:33;;Souscription en cours;Informations complémentaires (Etablissements, etc.);324.63
2368;31/05/2026 17:48:33;;Souscription en cours;Informations complémentaires (Etablissements, etc.);303.39
2369;31/05/2026 17:04:58;;Dossier refusé;Signature Contrat;691.56
2370;31/05/2026 17:04:58;;Dossier refusé;Signature Contrat;817.60
2371;31/05/2026 17:02:55;;Dossier refusé;Saisie société;102.93
2372;31/05/2026 17:02:55;;Dossier refusé;Saisie société;768.58
2373;31/05/2026 17:00:42;;Dossier refusé;Saisie société;354.49
2374;31/05/2026 17:00:42;;Dossier refusé;Saisie société;361.12
2375;31/05/2026 16:30:01;;Dossier validé;Parcours terminé;416.93
2376;31/05/2026 16:30:01;;Dossier validé;Parcours terminé;210.19
2377;31/05/2026 16:28:49;Hugo DUBOIS;Dossier validé;Parcours terminé;626.36
2378;31/05/2026 16:28:49;Hugo DUBOIS;Dossier validé;Parcours terminé;767.18
2379;31/05/2026 16:24:14;;Souscription en cours;Choix de l'offre et livraison;193.67
2380;31/05/2026 16:24:14;;Souscription en cours;Choix de l'offre et livraison;966.54
2381;31/05/2026 16:18:22;;Dossier validé;Parcours terminé;876.43
2382;31/05/2026 16:18:22;;Dossier validé;Parcours terminé;504.61
2383;31/05/2026 15:58:05;;Souscription non démarrée;Parcours non démarré;101.54
2384;31/05/2026 15:58:05;;Souscription non démarrée;Parcours non démarré;378.20
2385;31/05/2026 15:40:02;;Souscription en cours;Choix de l'offre et livraison;153.13
2386;31/05/2026 15:40:02;;Souscription en cours;Choix de l'offre et livraison;370.77
2387;31/05/2026 15:28:53;;Souscription en cours;Informations complémentaires (Etablissements, etc.);684.17
2388;31/05/2026 15:28:53;;Souscription en cours;Informations complémentaires (Etablissements, etc.);276.79
2389;31/05/2026 15:26:36;;Dossier validé;Parcours terminé;346.21
2390;31/05/2026 15:26:36;;Dossier validé;Parcours terminé;916.71
2391;31/05/2026 15:11:18;;Souscription en cours;Signature Contrat;945.53
2392;31/05/2026 15:11:18;;Souscription en cours;Signature Contrat;669.70
2393;31/05/2026 14:57:54;;Dossier refusé;Saisie société;874.42
2394;31/05/2026 14:57:54;;Dossier refusé;Saisie société;414.39
2395;31/05/2026 14:51:50;;En attente d'analyse Agent - Dossier avec erreurs;Signature Contrat;922.99
2396;31/05/2026 14:51:50;;En attente d'analyse Agent - Dossier avec erreurs;Signature Contrat;882.11
2397;31/05/2026 14:50:38;;Souscription non démarrée;Parcours non démarré;165.38
2398;31/05/2026 14:50:38;;Souscription non démarrée;Parcours non démarré;739.85
2399;31/05/2026 14:41:09;;Souscription en cours;Vérification d'identité;430.22
2400;31/05/2026 14:41:09;;Souscription en cours;Vérification d'identité;267.36
2401;31/05/2026 14:29:56;;Souscription en cours;Vérification d'identité;166.06
2402;31/05/2026 14:29:56;;Souscription en cours;Vérification d'identité;646.78
2403;31/05/2026 14:18:35;;Souscription non démarrée;Parcours non démarré;480.12
2404;31/05/2026 14:18:35;;Souscription non démarrée;Parcours non démarré;678.52
2405;31/05/2026 14:12:19;;Dossier refusé;Saisie société;892.78
2406;31/05/2026 14:12:19;;Dossier refusé;Saisie société;235.98
2407;31/05/2026 12:51:36;;Souscription en cours;Coordonnées personnelles;422.64
2408;31/05/2026 12:51:36;;Souscription en cours;Coordonnées personnelles;137.21
2409;31/05/2026 12:51:18;;Souscription en cours;Coordonnées personnelles;367.21
2410;31/05/2026 12:51:18;;Souscription en cours;Coordonnées personnelles;172.63
2411;31/05/2026 12:46:28;;Souscription en cours;Choix de l'offre et livraison;245.05
2412;31/05/2026 12:46:28;;Souscription en cours;Choix de l'offre et livraison;624.05
2413;31/05/2026 12:37:53;;Souscription en cours;Choix de l'offre et livraison;963.91
2414;31/05/2026 12:37:53;;Souscription en cours;Choix de l'offre et livraison;209.24
2415;31/05/2026 12:36:46;;Souscription en cours;Informations complémentaires (CA, Profession, etc.);335.32
2416;31/05/2026 12:36:46;;Souscription en cours;Informations complémentaires (CA, Profession, etc.);594.89
2417;31/05/2026 12:36:06;;Dossier validé;Parcours terminé;567.05
2418;31/05/2026 12:36:06;;Dossier validé;Parcours terminé;325.16
2419;31/05/2026 12:29:20;;Dossier validé;Parcours terminé;873.61
2420;31/05/2026 12:29:20;;Dossier validé;Parcours terminé;677.96
2421;31/05/2026 12:24:56;;Dossier validé;Parcours terminé;808.45
2422;31/05/2026 12:24:56;;Dossier validé;Parcours terminé;297.63
2423;31/05/2026 12:19:18;;Souscription en cours;Choix de l'offre et livraison;707.66
2424;31/05/2026 12:19:18;;Souscription en cours;Choix de l'offre et livraison;414.61
2425;31/05/2026 12:09:45;;Dossier validé;Parcours terminé;875.48
2426;31/05/2026 12:09:45;;Dossier validé;Parcours terminé;519.71
2427;31/05/2026 12:08:56;;Souscription en cours;Informations complémentaires (Etablissements, etc.);328.65
2428;31/05/2026 12:08:56;;Souscription en cours;Informations complémentaires (Etablissements, etc.);435.38
2429;31/05/2026 11:56:35;;Souscription en cours;Signature Contrat;687.67
2430;31/05/2026 11:56:35;;Souscription en cours;Signature Contrat;730.09
2431;31/05/2026 11:52:28;;Dossier validé;Parcours terminé;973.29
2432;31/05/2026 11:52:28;;Dossier validé;Parcours terminé;790.82
2433;31/05/2026 11:51:13;;Souscription non démarrée;Parcours non démarré;908.03
2434;31/05/2026 11:51:13;;Souscription non démarrée;Parcours non démarré;302.27
2435;31/05/2026 11:50:15;;Souscription en cours;Coordonnées personnelles;680.77
2436;31/05/2026 11:50:15;;Souscription en cours;Coordonnées personnelles;881.36
2437;31/05/2026 11:31:46;;Dossier validé;Parcours terminé;362.97
2438;31/05/2026 11:31:46;;Dossier validé;Parcours terminé;716.09
2439;31/05/2026 11:29:43;;Dossier validé;Parcours terminé;948.40
2440;31/05/2026 11:29:43;;Dossier validé;Parcours terminé;397.45
2441;31/05/2026 11:14:58;;Dossier validé;Parcours terminé;402.12
2442;31/05/2026 11:14:58;;Dossier validé;Parcours terminé;809.37
2443;31/05/2026 11:11:47;;En attente d'analyse Agent - Dossier avec erreurs;Signature Contrat;904.24
2444;31/05/2026 11:11:47;;En attente d'analyse Agent - Dossier avec erreurs;Signature Contrat;903.25
2445;31/05/2026 11:08:57;;Souscription non démarrée;Parcours non démarré;350.64
2446;31/05/2026 11:08:57;;Souscription non démarrée;Parcours non démarré;122.76
2447;31/05/2026 11:00:43;;Dossier validé;Parcours terminé;399.80
2448;31/05/2026 11:00:43;;Dossier validé;Parcours terminé;579.04
2449;31/05/2026 10:52:16;;Dossier validé;Parcours terminé;435.35
2450;31/05/2026 10:52:16;;Dossier validé;Parcours terminé;521.03
2451;31/05/2026 10:40:14;;Dossier refusé;Saisie société;384.66
2452;31/05/2026 10:40:14;;Dossier refusé;Saisie société;207.07
2453;31/05/2026 10:39:15;Hugo MARTIN;Dossier refusé;Bénéficiaire effectifs;248.43
2454;31/05/2026 10:39:15;Hugo MARTIN;Dossier refusé;Bénéficiaire effectifs;375.45
2455;31/05/2026 10:26:21;;Dossier validé;Parcours terminé;752.07
2456;31/05/2026 10:26:21;;Dossier validé;Parcours terminé;119.53
2457;31/05/2026 10:25:26;;Souscription en cours;Signature Contrat;701.18
2458;31/05/2026 10:25:26;;Souscription en cours;Signature Contrat;595.85
2459;31/05/2026 10:08:28;;Souscription non démarrée;Parcours non démarré;618.95
2460;31/05/2026 10:08:28;;Souscription non démarrée;Parcours non démarré;935.92
2461;31/05/2026 10:07:44;;Souscription non démarrée;Parcours non démarré;821.06
2462;31/05/2026 10:07:44;;Souscription non démarrée;Parcours non démarré;563.48
2463;31/05/2026 10:04:50;;Dossier validé;Parcours terminé;115.98
2464;31/05/2026 10:04:50;;Dossier validé;Parcours terminé;618.82
2465;31/05/2026 10:02:45;;Dossier validé;Parcours terminé;285.79
2466;31/05/2026 10:02:45;;Dossier validé;Parcours terminé;515.19
2467;31/05/2026 09:58:28;;Dossier validé;Parcours terminé;933.39
2468;31/05/2026 09:58:28;;Dossier validé;Parcours terminé;575.55
2469;31/05/2026 09:38:52;;Souscription non démarrée;Parcours non démarré;715.84
2470;31/05/2026 09:38:52;;Souscription non démarrée;Parcours non démarré;241.91
2471;31/05/2026 09:22:17;;Dossier validé;Parcours terminé;160.29
2472;31/05/2026 09:22:17;;Dossier validé;Parcours terminé;893.30
2473;31/05/2026 09:14:59;;Dossier refusé;Informations complémentaires (CA, Profession, etc.);491.77
2474;31/05/2026 09:14:59;;Dossier refusé;Informations complémentaires (CA, Profession, etc.);241.69
2475;31/05/2026 08:38:34;;Souscription en cours;Choix de l'offre et livraison;386.80
2476;31/05/2026 08:38:34;;Souscription en cours;Choix de l'offre et livraison;646.67
2477;31/05/2026 08:34:13;;Dossier validé;Parcours terminé;370.40
2478;31/05/2026 08:34:13;;Dossier validé;Parcours terminé;331.39
2479;31/05/2026 08:25:09;;Souscription non démarrée;Parcours non démarré;402.41
2480;31/05/2026 08:25:09;;Souscription non démarrée;Parcours non démarré;387.54
2481;31/05/2026 06:59:26;;Souscription en cours;Vérification d'identité;413.61
2482;31/05/2026 06:59:26;;Souscription en cours;Vérification d'identité;200.00
2483;31/05/2026 05:48:39;;Dossier validé;Parcours terminé;417.71
2484;31/05/2026 05:48:39;;Dossier validé;Parcours terminé;753.92
2485;31/05/2026 05:12:10;;Dossier validé;Parcours terminé;333.96
2486;31/05/2026 05:12:10;;Dossier validé;Parcours terminé;228.86
2487;31/05/2026 05:04:09;;Souscription non démarrée;Parcours non démarré;304.78
2488;31/05/2026 05:04:09;;Souscription non démarrée;Parcours non démarré;187.34
2489;31/05/2026 04:05:49;;Souscription en cours;Coordonnées personnelles;869.37
2490;31/05/2026 04:05:49;;Souscription en cours;Coordonnées personnelles;413.88
2491;31/05/2026 01:14:07;;Souscription en cours;Choix de l'offre et livraison;530.61
2492;31/05/2026 01:14:07;;Souscription en cours;Choix de l'offre et livraison;143.30
2493;31/05/2026 01:08:28;;Dossier refusé;Signature Contrat;173.27
2494;31/05/2026 01:08:28;;Dossier refusé;Signature Contrat;553.10
2495;30/05/2026 23:48:23;;Dossier validé;Parcours terminé;407.37
2496;30/05/2026 23:48:23;;Dossier validé;Parcours terminé;375.77
2497;30/05/2026 23:40:30;;Souscription en cours;Coordonnées personnelles;714.70
2498;30/05/2026 23:40:30;;Souscription en cours;Coordonnées personnelles;950.37
2499;30/05/2026 23:40:10;;Dossier refusé;Saisie société;842.51
2500;30/05/2026 23:40:10;;Dossier refusé;Saisie société;318.75
2501;30/05/2026 23:36:20;;Dossier refusé;Parcours non démarré;479.01
2502;30/05/2026 23:36:20;;Dossier refusé;Parcours non démarré;802.21
2503;30/05/2026 23:34:49;;Souscription en cours;Coordonnées personnelles;775.41
2504;30/05/2026 23:34:49;;Souscription en cours;Coordonnées personnelles;595.07
2505;30/05/2026 23:27:11;;Dossier validé;Parcours terminé;855.77
2506;30/05/2026 23:27:11;;Dossier validé;Parcours terminé;771.92
2507;30/05/2026 23:25:04;;Dossier validé;Parcours terminé;566.28
2508;30/05/2026 23:25:04;;Dossier validé;Parcours terminé;281.86
2509;30/05/2026 23:15:39;;Dossier refusé;Saisie société;772.96
2510;30/05/2026 23:15:39;;Dossier refusé;Saisie société;813.90
2511;30/05/2026 22:21:16;;Souscription en cours;Informations complémentaires (Etablissements, etc.);550.20
2512;30/05/2026 22:21:16;;Souscription en cours;Informations complémentaires (Etablissements, etc.);877.07
2513;30/05/2026 22:18:16;;Dossier validé;Parcours terminé;555.96
2514;30/05/2026 22:18:16;;Dossier validé;Parcours terminé;240.75
2515;30/05/2026 22:11:29;;Dossier refusé;Parcours non démarré;859.64
2516;30/05/2026 22:11:29;;Dossier refusé;Parcours non démarré;957.26
2517;30/05/2026 21:49:56;Louis MARTIN;Dossier validé;Parcours terminé;692.04
2518;30/05/2026 21:49:56;Louis MARTIN;Dossier validé;Parcours terminé;642.84
2519;30/05/2026 21:44:18;;Souscription en cours;Choix de l'offre et livraison;770.59
2520;30/05/2026 21:44:18;;Souscription en cours;Choix de l'offre et livraison;990.89
2521;30/05/2026 21:40:17;;Souscription en cours;Coordonnées personnelles;110.43
2522;30/05/2026 21:40:17;;Souscription en cours;Coordonnées personnelles;331.12
2523;30/05/2026 21:23:21;;Souscription non démarrée;Parcours non démarré;244.08
2524;30/05/2026 21:23:21;;Souscription non démarrée;Parcours non démarré;472.39
2525;30/05/2026 21:08:02;;Souscription en cours;Coordonnées personnelles;599.54
2526;30/05/2026 21:08:02;;Souscription en cours;Coordonnées personnelles;557.41
2527;30/05/2026 20:38:47;;Dossier validé;Parcours terminé;119.10
2528;30/05/2026 20:38:47;;Dossier validé;Parcours terminé;655.29
2529;30/05/2026 20:32:35;;Dossier validé;Parcours terminé;420.23
2530;30/05/2026 20:32:35;;Dossier validé;Parcours terminé;217.11
2531;30/05/2026 20:02:16;;Dossier validé;Parcours terminé;845.60
2532;30/05/2026 20:02:16;;Dossier validé;Parcours terminé;863.79
2533;30/05/2026 19:18:51;;Dossier refusé;Saisie société;594.64
2534;30/05/2026 19:18:51;;Dossier refusé;Saisie société;287.91
2535;30/05/2026 19:13:41;;Souscription en cours;Coordonnées personnelles;383.94
2536;30/05/2026 19:13:41;;Souscription en cours;Coordonnées personnelles;781.13
2537;30/05/2026 18:46:19;Adam LAURENT;Dossier refusé;Informations complémentaires (CA, Profession, etc.);739.15
2538;30/05/2026 18:46:19;Adam LAURENT;Dossier refusé;Informations complémentaires (CA, Profession, etc.);632.44
2539;30/05/2026 18:06:31;;Dossier validé;Parcours terminé;167.77
2540;30/05/2026 18:06:31;;Dossier validé;Parcours terminé;716.56
2541;30/05/2026 17:57:18;;Souscription en cours;Vérification d'identité;129.29
2542;30/05/2026 17:57:18;;Souscription en cours;Vérification d'identité;587.54
2543;30/05/2026 17:52:38;;En attente d'analyse Agent - Dossier avec erreurs;Signature Contrat;319.07
2544;30/05/2026 17:52:38;;En attente d'analyse Agent - Dossier avec erreurs;Signature Contrat;926.21
2545;30/05/2026 17:51:21;;Souscription non démarrée;Parcours non démarré;862.45
2546;30/05/2026 17:51:21;;Souscription non démarrée;Parcours non démarré;381.56
2547;30/05/2026 17:47:13;;Dossier validé;Parcours terminé;682.71
2548;30/05/2026 17:47:13;;Dossier validé;Parcours terminé;626.95
2549;30/05/2026 17:43:59;;Dossier validé;Parcours terminé;511.26
2550;30/05/2026 17:43:59;;Dossier validé;Parcours terminé;684.42
2551;30/05/2026 17:23:00;;Dossier validé;Parcours terminé;206.80
2552;30/05/2026 17:23:00;;Dossier validé;Parcours terminé;776.25
2553;30/05/2026 17:14:31;;Souscription en cours;Choix de l'offre et livraison;969.17
2554;30/05/2026 17:14:31;;Souscription en cours;Choix de l'offre et livraison;710.65
2555;30/05/2026 17:00:19;;Souscription en cours;Coordonnées personnelles;523.47
2556;30/05/2026 17:00:19;;Souscription en cours;Coordonnées personnelles;261.50
2557;30/05/2026 16:58:36;;Dossier validé;Parcours terminé;660.32
2558;30/05/2026 16:58:36;;Dossier validé;Parcours terminé;964.01
2559;30/05/2026 16:42:25;;Souscription en cours;Coordonnées personnelles;672.36
2560;30/05/2026 16:42:25;;Souscription en cours;Coordonnées personnelles;941.45
2561;30/05/2026 16:16:25;;Souscription non démarrée;Parcours non démarré;622.12
2562;30/05/2026 16:16:25;;Souscription non démarrée;Parcours non démarré;877.24
2563;30/05/2026 16:13:42;;Souscription en cours;Synchronisation référentiel personne NOVA;627.89
2564;30/05/2026 16:13:42;;Souscription en cours;Synchronisation référentiel personne NOVA;931.50
2565;30/05/2026 16:13:11;;Dossier validé;Parcours terminé;257.92
2566;30/05/2026 16:13:11;;Dossier validé;Parcours terminé;859.21
2567;30/05/2026 16:04:05;;Souscription en cours;Informations complémentaires (CA, Profession, etc.);834.56
2568;30/05/2026 16:04:05;;Souscription en cours;Informations complémentaires (CA, Profession, etc.);131.61
2569;30/05/2026 15:57:48;;Souscription en cours;Coordonnées personnelles;420.47
2570;30/05/2026 15:57:48;;Souscription en cours;Coordonnées personnelles;646.63
2571;30/05/2026 15:40:21;Z5750800;Dossier validé;Parcours terminé;795.67
2572;30/05/2026 15:40:21;Z5750800;Dossier validé;Parcours terminé;429.65
2573;30/05/2026 15:13:30;;Souscription en cours;Informations complémentaires (Etablissements, etc.);168.15
2574;30/05/2026 15:13:30;;Souscription en cours;Informations complémentaires (Etablissements, etc.);726.36
2575;30/05/2026 15:04:30;;Souscription non démarrée;Parcours non démarré;199.47
2576;30/05/2026 15:04:30;;Souscription non démarrée;Parcours non démarré;954.70
2577;30/05/2026 14:59:47;;Souscription en cours;Coordonnées personnelles;850.24
2578;30/05/2026 14:59:47;;Souscription en cours;Coordonnées personnelles;750.06
2579;30/05/2026 14:53:29;;Dossier validé;Parcours terminé;752.51
2580;30/05/2026 14:53:29;;Dossier validé;Parcours terminé;538.25
2581;30/05/2026 14:46:59;;Souscription en cours;Signature Contrat;352.98
2582;30/05/2026 14:46:59;;Souscription en cours;Signature Contrat;818.90
2583;30/05/2026 14:37:33;;Dossier refusé;Saisie société;900.39
2584;30/05/2026 14:37:33;;Dossier refusé;Saisie société;399.35
2585;30/05/2026 14:27:30;;Souscription en cours;Vérification d'identité;579.89
2586;30/05/2026 14:27:30;;Souscription en cours;Vérification d'identité;558.83
2587;30/05/2026 14:26:29;Adam LAURENT;Dossier refusé;Saisie société;633.19
2588;30/05/2026 14:26:29;Adam LAURENT;Dossier refusé;Saisie société;936.31
2589;30/05/2026 14:25:45;;Dossier validé;Parcours terminé;170.44
2590;30/05/2026 14:25:45;;Dossier validé;Parcours terminé;230.23
2591;30/05/2026 14:24:44;;Souscription en cours;Coordonnées personnelles;209.20
2592;30/05/2026 14:24:44;;Souscription en cours;Coordonnées personnelles;294.43
2593;30/05/2026 14:16:04;;Souscription en cours;Coordonnées personnelles;784.09
2594;30/05/2026 14:16:04;;Souscription en cours;Coordonnées personnelles;306.16
2595;30/05/2026 14:13:36;;Dossier validé;Parcours terminé;895.02
2596;30/05/2026 14:13:36;;Dossier validé;Parcours terminé;735.12
2597;30/05/2026 14:08:21;;Dossier refusé;Saisie société;285.26
2598;30/05/2026 14:08:21;;Dossier refusé;Saisie société;867.22
2599;30/05/2026 13:45:52;;Souscription non démarrée;Parcours non démarré;520.85
2600;30/05/2026 13:45:52;;Souscription non démarrée;Parcours non démarré;593.19
2601;30/05/2026 13:43:55;;Souscription en cours;Coordonnées personnelles;987.07
2602;30/05/2026 13:43:55;;Souscription en cours;Coordonnées personnelles;440.19
2603;30/05/2026 13:19:06;;Souscription en cours;Coordonnées personnelles;653.17
2604;30/05/2026 13:19:06;;Souscription en cours;Coordonnées personnelles;359.74
2605;30/05/2026 13:14:19;;Dossier validé;Parcours terminé;136.58
2606;30/05/2026 13:14:19;;Dossier validé;Parcours terminé;948.54
2607;30/05/2026 13:13:05;;Dossier validé;Parcours terminé;334.02
2608;30/05/2026 13:13:05;;Dossier validé;Parcours terminé;119.01
2609;30/05/2026 13:10:35;;Souscription en cours;Choix de l'offre et livraison;732.30
2610;30/05/2026 13:10:35;;Souscription en cours;Choix de l'offre et livraison;394.18
2611;30/05/2026 12:53:41;;Souscription en cours;Coordonnées personnelles;693.85
2612;30/05/2026 12:53:41;;Souscription en cours;Coordonnées personnelles;846.64
2613;30/05/2026 12:47:22;;Souscription en cours;Coordonnées personnelles;596.08
2614;30/05/2026 12:47:22;;Souscription en cours;Coordonnées personnelles;732.41
2615;30/05/2026 12:45:44;;Souscription en cours;Signature Contrat;555.37
2616;30/05/2026 12:45:44;;Souscription en cours;Signature Contrat;845.75
2617;30/05/2026 12:45:07;;Dossier validé;Parcours terminé;601.16
2618;30/05/2026 12:45:07;;Dossier validé;Parcours terminé;102.69
2619;30/05/2026 12:37:05;;Dossier validé;Parcours terminé;279.97
2620;30/05/2026 12:37:05;;Dossier validé;Parcours terminé;867.48
2621;30/05/2026 12:26:11;;Souscription en cours;Coordonnées personnelles;505.03
2622;30/05/2026 12:26:11;;Souscription en cours;Coordonnées personnelles;274.79
2623;30/05/2026 12:14:38;;Souscription en cours;Coordonnées personnelles;385.92
2624;30/05/2026 12:14:38;;Souscription en cours;Coordonnées personnelles;118.23
2625;30/05/2026 12:09:10;;Dossier refusé;Saisie société;528.81
2626;30/05/2026 12:09:10;;Dossier refusé;Saisie société;897.31
2627;30/05/2026 11:45:43;;Souscription en cours;Choix de l'offre et livraison;369.99
2628;30/05/2026 11:45:43;;Souscription en cours;Choix de l'offre et livraison;617.25
2629;30/05/2026 11:35:07;;Dossier validé;Parcours terminé;944.81
2630;30/05/2026 11:35:07;;Dossier validé;Parcours terminé;312.94
2631;30/05/2026 11:33:22;;Dossier validé;Parcours terminé;893.01
2632;30/05/2026 11:33:22;;Dossier validé;Parcours terminé;405.45
2633;30/05/2026 11:22:20;;Dossier validé;Parcours terminé;186.08
2634;30/05/2026 11:22:20;;Dossier validé;Parcours terminé;720.25
2635;30/05/2026 11:07:44;Hugo MARTIN;Dossier validé;Parcours terminé;196.21
2636;30/05/2026 11:07:44;Hugo MARTIN;Dossier validé;Parcours terminé;793.84
2637;30/05/2026 11:06:49;;Souscription en cours;Vérification d'identité;773.31
2638;30/05/2026 11:06:49;;Souscription en cours;Vérification d'identité;891.69
2639;30/05/2026 11:03:39;;Souscription non démarrée;Parcours non démarré;803.17
2640;30/05/2026 11:03:39;;Souscription non démarrée;Parcours non démarré;449.19
2641;30/05/2026 10:42:18;;Dossier validé;Parcours terminé;600.10
2642;30/05/2026 10:42:18;;Dossier validé;Parcours terminé;955.42
2643;30/05/2026 10:36:01;;Souscription en cours;Informations complémentaires (Etablissements, etc.);139.62
2644;30/05/2026 10:36:01;;Souscription en cours;Informations complémentaires (Etablissements, etc.);334.39
2645;30/05/2026 09:51:39;Manon LEFEBVRE;Dossier validé;Parcours terminé;522.71
2646;30/05/2026 09:51:39;Manon LEFEBVRE;Dossier validé;Parcours terminé;245.80
2647;30/05/2026 09:33:58;;Souscription en cours;Coordonnées personnelles;971.30
2648;30/05/2026 09:33:58;;Souscription en cours;Coordonnées personnelles;717.04
2649;30/05/2026 09:33:02;;Souscription en cours;Coordonnées personnelles;154.84
2650;30/05/2026 09:33:02;;Souscription en cours;Coordonnées personnelles;918.15
2651;30/05/2026 09:12:02;;Dossier validé;Parcours terminé;538.42
2652;30/05/2026 09:12:02;;Dossier validé;Parcours terminé;512.88
2653;30/05/2026 09:01:43;;Souscription en cours;Signature Contrat;545.62
2654;30/05/2026 09:01:43;;Souscription en cours;Signature Contrat;888.88
2655;30/05/2026 08:21:39;;Dossier validé;Parcours terminé;374.69
2656;30/05/2026 08:21:39;;Dossier validé;Parcours terminé;673.23
2657;30/05/2026 07:04:04;;Souscription en cours;Bénéficiaire effectifs;131.94
2658;30/05/2026 07:04:04;;Souscription en cours;Bénéficiaire effectifs;557.49
2659;30/05/2026 05:39:37;;Souscription en cours;Choix de l'offre et livraison;575.59
2660;30/05/2026 05:39:37;;Souscription en cours;Choix de l'offre et livraison;277.11
2661;30/05/2026 02:55:51;;Dossier validé;Parcours terminé;478.42
2662;30/05/2026 02:55:51;;Dossier validé;Parcours terminé;595.75
2663;30/05/2026 01:46:20;;En attente d'analyse Agent - Dossier avec erreurs;Signature Contrat;337.21
2664;30/05/2026 01:46:20;;En attente d'analyse Agent - Dossier avec erreurs;Signature Contrat;601.89
2665;30/05/2026 01:19:56;;Dossier validé;Parcours terminé;876.65
2666;30/05/2026 01:19:56;;Dossier validé;Parcours terminé;182.30
2667;30/05/2026 01:19:17;;Souscription en cours;Coordonnées personnelles;721.70
2668;30/05/2026 01:19:17;;Souscription en cours;Coordonnées personnelles;214.56
2669;30/05/2026 01:10:29;;Souscription non démarrée;Parcours non démarré;281.53
2670;30/05/2026 01:10:29;;Souscription non démarrée;Parcours non démarré;283.91
2671;30/05/2026 00:47:47;;Souscription en cours;Informations complémentaires (CA, Profession, etc.);630.32
2672;30/05/2026 00:47:47;;Souscription en cours;Informations complémentaires (CA, Profession, etc.);276.19
2673;30/05/2026 00:46:45;;Souscription en cours;Coordonnées personnelles;577.07
2674;30/05/2026 00:46:45;;Souscription en cours;Coordonnées personnelles;298.18
2675;30/05/2026 00:32:56;;Dossier refusé;Saisie société;210.44
2676;30/05/2026 00:32:56;;Dossier refusé;Saisie société;242.29
2677;30/05/2026 00:28:21;;Souscription en cours;Choix de l'offre et livraison;480.36
2678;30/05/2026 00:28:21;;Souscription en cours;Choix de l'offre et livraison;480.45
2679;30/05/2026 00:16:00;;Souscription en cours;Informations complémentaires (CA, Profession, etc.);432.08
2680;30/05/2026 00:16:00;;Souscription en cours;Informations complémentaires (CA, Profession, etc.);987.68
2681;29/05/2026 23:58:57;Manon LEFEBVRE;Dossier validé;Parcours terminé;789.43
2682;29/05/2026 23:58:57;Manon LEFEBVRE;Dossier validé;Parcours terminé;802.31
2683;29/05/2026 23:51:03;;Souscription en cours;Signature Contrat;375.84
2684;29/05/2026 23:51:03;;Souscription en cours;Signature Contrat;642.49
2685;29/05/2026 23:35:41;;Souscription en cours;Vérification d'identité;342.84
2686;29/05/2026 23:35:41;;Souscription en cours;Vérification d'identité;928.83
2687;29/05/2026 23:27:27;;Dossier validé;Parcours terminé;240.56
2688;29/05/2026 23:27:27;;Dossier validé;Parcours terminé;474.64
2689;29/05/2026 23:15:17;;Souscription en cours;Coordonnées personnelles;315.08
2690;29/05/2026 23:15:17;;Souscription en cours;Coordonnées personnelles;401.74
2691;29/05/2026 22:56:45;Hugo DUBOIS;Dossier validé;Parcours terminé;684.99
2692;29/05/2026 22:56:45;Hugo DUBOIS;Dossier validé;Parcours terminé;660.83
2693;29/05/2026 22:39:41;;Souscription en cours;Coordonnées personnelles;781.92
2694;29/05/2026 22:39:41;;Souscription en cours;Coordonnées personnelles;986.31
2695;29/05/2026 22:30:55;;Souscription en cours;Coordonnées personnelles;333.40
2696;29/05/2026 22:30:55;;Souscription en cours;Coordonnées personnelles;414.78
2697;29/05/2026 22:18:50;;Souscription en cours;Signature Contrat;216.67
2698;29/05/2026 22:18:50;;Souscription en cours;Signature Contrat;128.78
2699;29/05/2026 22:02:38;;Souscription en cours;Signature Contrat;840.96
2700;29/05/2026 22:02:38;;Souscription en cours;Signature Contrat;550.51
2701;29/05/2026 21:57:19;;Dossier validé;Parcours terminé;849.51
2702;29/05/2026 21:57:19;;Dossier validé;Parcours terminé;222.72
2703;29/05/2026 21:47:55;;Souscription en cours;Choix de l'offre et livraison;175.55
2704;29/05/2026 21:47:55;;Souscription en cours;Choix de l'offre et livraison;169.84
2705;29/05/2026 21:43:43;;Souscription non démarrée;Parcours non démarré;665.82
2706;29/05/2026 21:43:43;;Souscription non démarrée;Parcours non démarré;943.62
2707;29/05/2026 21:42:46;;Dossier validé;Parcours terminé;229.86
2708;29/05/2026 21:42:46;;Dossier validé;Parcours terminé;207.60
2709;29/05/2026 21:03:08;;Dossier refusé;Parcours terminé;271.70
2710;29/05/2026 21:03:08;;Dossier refusé;Parcours terminé;239.80
2711;29/05/2026 20:59:09;;Souscription en cours;Coordonnées personnelles;654.59
2712;29/05/2026 20:59:09;;Souscription en cours;Coordonnées personnelles;873.20
2713;29/05/2026 20:48:18;;Dossier refusé;Bénéficiaire effectifs;211.92
2714;29/05/2026 20:48:18;;Dossier refusé;Bénéficiaire effectifs;929.84
2715;29/05/2026 20:47:28;;Dossier refusé;Signature Contrat;826.80
2716;29/05/2026 20:47:28;;Dossier refusé;Signature Contrat;862.35
2717;29/05/2026 20:46:54;;Souscription en cours;Choix de l'offre et livraison;845.83
2718;29/05/2026 20:46:54;;Souscription en cours;Choix de l'offre et livraison;975.59
2719;29/05/2026 20:18:24;;Dossier refusé;Signature Contrat;821.27
2720;29/05/2026 20:18:24;;Dossier refusé;Signature Contrat;940.54
2721;29/05/2026 20:14:41;;Dossier refusé;Informations complémentaires (Etablissements, etc.);706.94
2722;29/05/2026 20:14:41;;Dossier refusé;Informations complémentaires (Etablissements, etc.);449.07
2723;29/05/2026 19:56:02;;Dossier refusé;Signature Contrat;237.38
2724;29/05/2026 19:56:02;;Dossier refusé;Signature Contrat;567.65
2725;29/05/2026 19:49:21;Zoé MULLER;Dossier refusé;Saisie société;333.41
2726;29/05/2026 19:49:21;Zoé MULLER;Dossier refusé;Saisie société;929.46
2727;29/05/2026 19:33:49;;Dossier refusé;Saisie société;980.43
2728;29/05/2026 19:33:49;;Dossier refusé;Saisie société;704.03
2729;29/05/2026 19:09:29;;Dossier validé;Parcours terminé;131.04
2730;29/05/2026 19:09:29;;Dossier validé;Parcours terminé;552.59
2731;29/05/2026 19:02:29;;Dossier validé;Parcours terminé;811.47
2732;29/05/2026 19:02:29;;Dossier validé;Parcours terminé;865.29
2733;29/05/2026 18:58:25;;Souscription non démarrée;Parcours non démarré;592.37
2734;29/05/2026 18:58:25;;Souscription non démarrée;Parcours non démarré;743.51
2735;29/05/2026 18:53:22;;Souscription en cours;Signature Contrat;284.41
2736;29/05/2026 18:53:22;;Souscription en cours;Signature Contrat;298.78
2737;29/05/2026 18:53:17;;Dossier validé;Parcours terminé;276.73
2738;29/05/2026 18:53:17;;Dossier validé;Parcours terminé;413.92
2739;29/05/2026 18:49:54;;Dossier validé;Parcours terminé;668.67
2740;29/05/2026 18:49:54;;Dossier validé;Parcours terminé;146.90
2741;29/05/2026 18:43:58;;Souscription en cours;Signature Contrat;896.07
2742;29/05/2026 18:43:58;;Souscription en cours;Signature Contrat;114.23
2743;29/05/2026 18:43:02;;Dossier validé;Parcours terminé;227.36
2744;29/05/2026 18:43:02;;Dossier validé;Parcours terminé;580.42
2745;29/05/2026 18:37:49;;En attente d'analyse Agent - Dossier avec erreurs;Signature Contrat;351.87
2746;29/05/2026 18:37:49;;En attente d'analyse Agent - Dossier avec erreurs;Signature Contrat;655.58
2747;29/05/2026 18:31:18;;Souscription en cours;Vérification d'identité;925.94
2748;29/05/2026 18:31:18;;Souscription en cours;Vérification d'identité;959.02
2749;29/05/2026 18:25:52;;Dossier validé;Parcours terminé;780.90
2750;29/05/2026 18:25:52;;Dossier validé;Parcours terminé;583.28
2751;29/05/2026 18:23:36;;Dossier refusé;Saisie société;397.29
2752;29/05/2026 18:23:36;;Dossier refusé;Saisie société;672.16
2753;29/05/2026 18:05:32;;Dossier validé;Parcours terminé;471.98
2754;29/05/2026 18:05:32;;Dossier validé;Parcours terminé;488.84
2755;29/05/2026 18:03:42;;Souscription en cours;Choix de l'offre et livraison;905.36
2756;29/05/2026 18:03:42;;Souscription en cours;Choix de l'offre et livraison;333.50
2757;29/05/2026 18:03:31;;Souscription en cours;Coordonnées personnelles;781.67
2758;29/05/2026 18:03:31;;Souscription en cours;Coordonnées personnelles;790.71
2759;29/05/2026 18:02:37;;Souscription en cours;Coordonnées personnelles;518.31
2760;29/05/2026 18:02:37;;Souscription en cours;Coordonnées personnelles;446.91
2761;29/05/2026 17:36:05;;Dossier validé;Parcours terminé;567.53
2762;29/05/2026 17:36:05;;Dossier validé;Parcours terminé;703.01
2763;29/05/2026 17:22:55;;Souscription en cours;Coordonnées personnelles;636.28
2764;29/05/2026 17:22:55;;Souscription en cours;Coordonnées personnelles;279.22
2765;29/05/2026 17:21:38;;Souscription non démarrée;Parcours non démarré;558.98
2766;29/05/2026 17:21:38;;Souscription non démarrée;Parcours non démarré;673.00
2767;29/05/2026 17:16:37;;Souscription non démarrée;Parcours non démarré;707.62
2768;29/05/2026 17:16:37;;Souscription non démarrée;Parcours non démarré;115.62
2769;29/05/2026 17:13:10;Hugo DUBOIS;Dossier refusé;Saisie société;931.35
2770;29/05/2026 17:13:10;Hugo DUBOIS;Dossier refusé;Saisie société;426.29
2771;29/05/2026 17:03:15;;Dossier refusé;Choix de l'offre et livraison;906.54
2772;29/05/2026 17:03:15;;Dossier refusé;Choix de l'offre et livraison;732.44
2773;29/05/2026 16:53:07;;Dossier refusé;Signature Contrat;176.01
2774;29/05/2026 16:53:07;;Dossier refusé;Signature Contrat;865.74
2775;29/05/2026 16:48:29;;Dossier validé;Parcours terminé;592.27
2776;29/05/2026 16:48:29;;Dossier validé;Parcours terminé;267.12
2777;29/05/2026 16:48:16;Hugo MARTIN;Dossier validé;Parcours terminé;892.60
2778;29/05/2026 16:48:16;Hugo MARTIN;Dossier validé;Parcours terminé;883.67
2779;29/05/2026 16:33:29;;Souscription en cours;Choix de l'offre et livraison;875.49
2780;29/05/2026 16:33:29;;Souscription en cours;Choix de l'offre et livraison;762.17
2781;29/05/2026 16:33:04;;Souscription non démarrée;Parcours non démarré;205.36
2782;29/05/2026 16:33:04;;Souscription non démarrée;Parcours non démarré;850.35
2783;29/05/2026 16:28:38;Hugo DUBOIS;Dossier validé;Parcours terminé;162.40
2784;29/05/2026 16:28:38;Hugo DUBOIS;Dossier validé;Parcours terminé;537.56
2785;29/05/2026 16:25:16;;Dossier refusé;Saisie société;546.96
2786;29/05/2026 16:25:16;;Dossier refusé;Saisie société;782.64
2787;29/05/2026 16:20:27;;Dossier validé;Parcours terminé;150.18
2788;29/05/2026 16:20:27;;Dossier validé;Parcours terminé;236.70
2789;29/05/2026 16:19:20;;Souscription en cours;Coordonnées personnelles;968.72
2790;29/05/2026 16:19:20;;Souscription en cours;Coordonnées personnelles;141.71
2791;29/05/2026 16:15:39;;Dossier refusé;Informations complémentaires (Etablissements, etc.);678.97
2792;29/05/2026 16:15:39;;Dossier refusé;Informations complémentaires (Etablissements, etc.);552.98
2793;29/05/2026 16:11:42;;En attente d'analyse Agent - Dossier avec erreurs;Signature Contrat;701.29
2794;29/05/2026 16:11:42;;En attente d'analyse Agent - Dossier avec erreurs;Signature Contrat;957.41
2795;29/05/2026 16:08:52;;Souscription en cours;Signature Contrat;285.22
2796;29/05/2026 16:08:52;;Souscription en cours;Signature Contrat;302.03
2797;29/05/2026 16:05:57;;Dossier validé;Parcours terminé;728.74
2798;29/05/2026 16:05:57;;Dossier validé;Parcours terminé;358.20
2799;29/05/2026 16:01:42;;En attente d'analyse Agent - Dossier avec erreurs;Signature Contrat;655.06
2800;29/05/2026 16:01:42;;En attente d'analyse Agent - Dossier avec erreurs;Signature Contrat;974.79
2801;29/05/2026 16:01:11;Hugo MARTIN;Dossier validé;Parcours terminé;371.11
2802;29/05/2026 16:01:11;Hugo MARTIN;Dossier validé;Parcours terminé;861.71
2803;29/05/2026 15:59:54;;Dossier refusé;Saisie société;339.45
2804;29/05/2026 15:59:54;;Dossier refusé;Saisie société;315.99
2805;29/05/2026 15:57:12;;Dossier validé;Parcours terminé;714.27
2806;29/05/2026 15:57:12;;Dossier validé;Parcours terminé;983.46
2807;29/05/2026 15:55:59;;Souscription en cours;Vérification d'identité;137.92
2808;29/05/2026 15:55:59;;Souscription en cours;Vérification d'identité;764.67
2809;29/05/2026 15:52:59;;Dossier validé;Parcours terminé;197.84
2810;29/05/2026 15:52:59;;Dossier validé;Parcours terminé;494.12
2811;29/05/2026 15:50:24;;Souscription en cours;Coordonnées personnelles;162.98
2812;29/05/2026 15:50:24;;Souscription en cours;Coordonnées personnelles;854.05
2813;29/05/2026 15:46:25;;Souscription en cours;Coordonnées personnelles;306.85
2814;29/05/2026 15:46:25;;Souscription en cours;Coordonnées personnelles;374.69
2815;29/05/2026 15:46:21;;Souscription en cours;Vérification d'identité;949.82
2816;29/05/2026 15:46:21;;Souscription en cours;Vérification d'identité;453.85
2817;29/05/2026 15:39:52;;Dossier validé;Parcours terminé;471.00
2818;29/05/2026 15:39:52;;Dossier validé;Parcours terminé;600.69
2819;29/05/2026 15:37:51;;Souscription en cours;Coordonnées personnelles;725.61
2820;29/05/2026 15:37:51;;Souscription en cours;Coordonnées personnelles;614.61
2821;29/05/2026 15:27:07;;Souscription en cours;Coordonnées personnelles;950.55
2822;29/05/2026 15:27:07;;Souscription en cours;Coordonnées personnelles;837.67
2823;29/05/2026 15:24:02;;Dossier validé;Parcours terminé;237.05
2824;29/05/2026 15:24:02;;Dossier validé;Parcours terminé;258.06
2825;29/05/2026 15:17:31;;Souscription en cours;Coordonnées personnelles;774.73
2826;29/05/2026 15:17:31;;Souscription en cours;Coordonnées personnelles;518.76
2827;29/05/2026 15:02:22;;Souscription non démarrée;Parcours non démarré;304.60
2828;29/05/2026 15:02:22;;Souscription non démarrée;Parcours non démarré;173.69
2829;29/05/2026 14:59:30;;Souscription non démarrée;Parcours non démarré;568.21
2830;29/05/2026 14:59:30;;Souscription non démarrée;Parcours non démarré;739.90
2831;29/05/2026 14:53:57;;Dossier validé;Parcours terminé;756.51
2832;29/05/2026 14:53:57;;Dossier validé;Parcours terminé;765.85
2833;29/05/2026 14:46:38;Hugo MARTIN;Dossier validé;Parcours terminé;628.88
2834;29/05/2026 14:46:38;Hugo MARTIN;Dossier validé;Parcours terminé;215.66
2835;29/05/2026 14:45:57;;Souscription en cours;Coordonnées personnelles;295.31
2836;29/05/2026 14:45:57;;Souscription en cours;Coordonnées personnelles;886.07
2837;29/05/2026 14:44:09;;Souscription en cours;Choix de l'offre et livraison;140.03
2838;29/05/2026 14:44:09;;Souscription en cours;Choix de l'offre et livraison;580.72
2839;29/05/2026 14:41:25;;Dossier refusé;Signature Contrat;897.82
2840;29/05/2026 14:41:25;;Dossier refusé;Signature Contrat;922.76
2841;29/05/2026 14:40:52;;Dossier validé;Parcours terminé;599.85
2842;29/05/2026 14:40:52;;Dossier validé;Parcours terminé;467.08
2843;29/05/2026 14:40:46;;Dossier refusé;Saisie société;386.37
2844;29/05/2026 14:40:46;;Dossier refusé;Saisie société;193.78
2845;29/05/2026 14:34:59;;Souscription non démarrée;Parcours non démarré;265.40
2846;29/05/2026 14:34:59;;Souscription non démarrée;Parcours non démarré;376.23
2847;29/05/2026 14:31:15;;Dossier refusé;Signature Contrat;347.77
2848;29/05/2026 14:31:15;;Dossier refusé;Signature Contrat;264.90
2849;29/05/2026 14:27:47;;Dossier validé;Parcours terminé;826.04
2850;29/05/2026 14:27:47;;Dossier validé;Parcours terminé;575.41
2851;29/05/2026 14:25:54;Rayan MICHEL;Dossier validé;Parcours terminé;232.39
2852;29/05/2026 14:25:54;Rayan MICHEL;Dossier validé;Parcours terminé;968.02
2853;29/05/2026 14:22:57;;Souscription en cours;Coordonnées personnelles;461.82
2854;29/05/2026 14:22:57;;Souscription en cours;Coordonnées personnelles;910.70
2855;29/05/2026 14:21:55;;En attente d'analyse Agent - Dossier avec erreurs;Signature Contrat;428.18
2856;29/05/2026 14:21:55;;En attente d'analyse Agent - Dossier avec erreurs;Signature Contrat;233.24
2857;29/05/2026 14:17:50;;En attente d'analyse Agent - Dossier avec erreurs;Signature Contrat;145.41
2858;29/05/2026 14:17:50;;En attente d'analyse Agent - Dossier avec erreurs;Signature Contrat;241.92
2859;29/05/2026 14:09:18;;Dossier validé;Parcours terminé;523.53
2860;29/05/2026 14:09:18;;Dossier validé;Parcours terminé;213.56
2861;29/05/2026 14:09:17;Zoé MULLER;Dossier validé;Parcours terminé;428.39
2862;29/05/2026 14:09:17;Zoé MULLER;Dossier validé;Parcours terminé;777.47
2863;29/05/2026 14:08:36;;Souscription non démarrée;Parcours non démarré;251.11
2864;29/05/2026 14:08:36;;Souscription non démarrée;Parcours non démarré;881.86
2865;29/05/2026 14:08:33;;Dossier validé;Parcours terminé;436.69
2866;29/05/2026 14:08:33;;Dossier validé;Parcours terminé;794.42
2867;29/05/2026 14:01:46;;Souscription en cours;Coordonnées personnelles;588.17
2868;29/05/2026 14:01:46;;Souscription en cours;Coordonnées personnelles;249.38
2869;29/05/2026 13:52:22;Adam LAURENT;Dossier validé;Parcours terminé;995.71
2870;29/05/2026 13:52:22;Adam LAURENT;Dossier validé;Parcours terminé;425.13
2871;29/05/2026 13:50:32;;Dossier validé;Parcours terminé;799.96
2872;29/05/2026 13:50:32;;Dossier validé;Parcours terminé;285.81
2873;29/05/2026 13:48:47;;Dossier refusé;Saisie société;565.74
2874;29/05/2026 13:48:47;;Dossier refusé;Saisie société;964.17
2875;29/05/2026 13:47:09;;Souscription en cours;Coordonnées personnelles;792.78
2876;29/05/2026 13:47:09;;Souscription en cours;Coordonnées personnelles;487.84
2877;29/05/2026 13:46:03;;Souscription en cours;Signature Contrat;926.79
2878;29/05/2026 13:46:03;;Souscription en cours;Signature Contrat;215.65
2879;29/05/2026 13:43:44;;Dossier refusé;Saisie société;420.67
2880;29/05/2026 13:43:44;;Dossier refusé;Saisie société;309.34
2881;29/05/2026 13:41:00;Louis MARTIN;Dossier validé;Parcours terminé;588.31
2882;29/05/2026 13:41:00;Louis MARTIN;Dossier validé;Parcours terminé;938.70
2883;29/05/2026 13:36:58;;Dossier validé;Parcours terminé;999.42
2884;29/05/2026 13:36:58;;Dossier validé;Parcours terminé;664.12
2885;29/05/2026 13:36:45;;En attente d'analyse Agent - Dossier avec erreurs;Signature Contrat;614.58
2886;29/05/2026 13:36:45;;En attente d'analyse Agent - Dossier avec erreurs;Signature Contrat;454.47
2887;29/05/2026 13:31:28;Manon LEFEBVRE;Dossier validé;Parcours terminé;841.08
2888;29/05/2026 13:31:28;Manon LEFEBVRE;Dossier validé;Parcours terminé;348.54
2889;29/05/2026 13:25:32;Hugo MARTIN;Dossier validé;Parcours terminé;748.11
2890;29/05/2026 13:25:32;Hugo MARTIN;Dossier validé;Parcours terminé;170.54
2891;29/05/2026 13:12:54;;Dossier validé;Parcours terminé;838.95
2892;29/05/2026 13:12:54;;Dossier validé;Parcours terminé;931.92
2893;29/05/2026 13:11:29;;Dossier refusé;Signature Contrat;334.34
2894;29/05/2026 13:11:29;;Dossier refusé;Signature Contrat;672.44
2895;29/05/2026 13:06:17;;Souscription en cours;Signature Contrat;379.36
2896;29/05/2026 13:06:17;;Souscription en cours;Signature Contrat;637.76
2897;29/05/2026 13:05:04;;Dossier validé;Parcours terminé;869.99
2898;29/05/2026 13:05:04;;Dossier validé;Parcours terminé;231.20
2899;29/05/2026 12:59:34;;Dossier refusé;Choix de l'offre et livraison;106.38
2900;29/05/2026 12:59:34;;Dossier refusé;Choix de l'offre et livraison;363.73
2901;29/05/2026 12:58:35;;Dossier refusé;Signature Contrat;308.31
2902;29/05/2026 12:58:35;;Dossier refusé;Signature Contrat;961.87
2903;29/05/2026 12:47:38;;Dossier validé;Parcours terminé;785.37
2904;29/05/2026 12:47:38;;Dossier validé;Parcours terminé;897.72
2905;29/05/2026 12:35:26;;Dossier validé;Parcours terminé;414.20
2906;29/05/2026 12:35:26;;Dossier validé;Parcours terminé;913.99
2907;29/05/2026 12:29:20;Zoé MULLER;Dossier refusé;Saisie société;458.78
2908;29/05/2026 12:29:20;Zoé MULLER;Dossier refusé;Saisie société;160.81
2909;29/05/2026 12:27:20;;Souscription en cours;Choix de l'offre et livraison;420.78
2910;29/05/2026 12:27:20;;Souscription en cours;Choix de l'offre et livraison;420.12
2911;29/05/2026 12:27:19;Louis MARTIN;Dossier refusé;Signature Contrat;241.97
2912;29/05/2026 12:27:19;Louis MARTIN;Dossier refusé;Signature Contrat;378.95
2913;29/05/2026 12:27:17;;Dossier validé;Parcours terminé;204.15
2914;29/05/2026 12:27:17;;Dossier validé;Parcours terminé;803.85
2915;29/05/2026 12:18:09;;Souscription en cours;Choix de l'offre et livraison;184.73
2916;29/05/2026 12:18:09;;Souscription en cours;Choix de l'offre et livraison;709.21
2917;29/05/2026 12:16:58;;En attente d'analyse Agent - Dossier avec erreurs;Signature Contrat;875.22
2918;29/05/2026 12:16:58;;En attente d'analyse Agent - Dossier avec erreurs;Signature Contrat;742.53
2919;29/05/2026 12:16:01;;Souscription en cours;Signature Contrat;702.15
2920;29/05/2026 12:16:01;;Souscription en cours;Signature Contrat;360.67
2921;29/05/2026 12:08:51;;Souscription non démarrée;Parcours non démarré;982.62
2922;29/05/2026 12:08:51;;Souscription non démarrée;Parcours non démarré;954.35
2923;29/05/2026 12:08:41;;Souscription en cours;Choix de l'offre et livraison;884.14
2924;29/05/2026 12:08:41;;Souscription en cours;Choix de l'offre et livraison;411.02
2925;29/05/2026 12:00:15;;Dossier validé;Parcours terminé;256.87
2926;29/05/2026 12:00:15;;Dossier validé;Parcours terminé;767.24
2927;29/05/2026 11:57:10;;Dossier refusé;Saisie société;201.78
2928;29/05/2026 11:57:10;;Dossier refusé;Saisie société;233.47
2929;29/05/2026 11:44:14;;Dossier validé;Parcours terminé;397.86
2930;29/05/2026 11:44:14;;Dossier validé;Parcours terminé;346.46
2931;29/05/2026 11:44:07;;Souscription en cours;Coordonnées personnelles;800.92
2932;29/05/2026 11:44:07;;Souscription en cours;Coordonnées personnelles;183.77
2933;29/05/2026 11:42:52;;Souscription en cours;Informations complémentaires (Etablissements, etc.);962.15
2934;29/05/2026 11:42:52;;Souscription en cours;Informations complémentaires (Etablissements, etc.);308.95
2935;29/05/2026 11:33:47;;Souscription non démarrée;Parcours non démarré;564.58
2936;29/05/2026 11:33:47;;Souscription non démarrée;Parcours non démarré;588.37
2937;29/05/2026 11:31:07;;Dossier validé;Parcours terminé;251.72
2938;29/05/2026 11:31:07;;Dossier validé;Parcours terminé;671.56
2939;29/05/2026 11:26:08;;Dossier validé;Parcours terminé;890.08
2940;29/05/2026 11:26:08;;Dossier validé;Parcours terminé;484.49
2941;29/05/2026 11:24:44;;Dossier validé;Parcours terminé;190.67
2942;29/05/2026 11:24:44;;Dossier validé;Parcours terminé;561.53
2943;29/05/2026 11:24:12;;Dossier validé;Parcours terminé;952.24
2944;29/05/2026 11:24:12;;Dossier validé;Parcours terminé;103.02
2945;29/05/2026 11:21:16;;Souscription en cours;Choix de l'offre et livraison;952.47
2946;29/05/2026 11:21:16;;Souscription en cours;Choix de l'offre et livraison;307.43
2947;29/05/2026 11:13:09;;Souscription en cours;Coordonnées personnelles;396.62
2948;29/05/2026 11:13:09;;Souscription en cours;Coordonnées personnelles;936.84
2949;29/05/2026 11:00:30;;Souscription en cours;Coordonnées personnelles;672.26
2950;29/05/2026 11:00:30;;Souscription en cours;Coordonnées personnelles;245.86
2951;29/05/2026 10:54:23;;Souscription en cours;Coordonnées personnelles;425.81
2952;29/05/2026 10:54:23;;Souscription en cours;Coordonnées personnelles;755.56
2953;29/05/2026 10:45:50;;Dossier validé;Parcours terminé;448.12
2954;29/05/2026 10:45:50;;Dossier validé;Parcours terminé;223.73
2955;29/05/2026 10:40:32;;Dossier validé;Parcours terminé;131.15
2956;29/05/2026 10:40:32;;Dossier validé;Parcours terminé;607.46
2957;29/05/2026 10:39:16;;Souscription en cours;Coordonnées personnelles;462.40
2958;29/05/2026 10:39:16;;Souscription en cours;Coordonnées personnelles;903.91
2959;29/05/2026 10:37:01;;Dossier validé;Parcours terminé;437.80
2960;29/05/2026 10:37:01;;Dossier validé;Parcours terminé;727.59
2961;29/05/2026 10:35:23;;Dossier validé;Parcours terminé;802.54
2962;29/05/2026 10:35:23;;Dossier validé;Parcours terminé;839.81
2963;29/05/2026 10:15:28;;Souscription en cours;Coordonnées personnelles;870.54
2964;29/05/2026 10:15:28;;Souscription en cours;Coordonnées personnelles;466.69
2965;29/05/2026 10:15:10;;En attente d'analyse Agent - Dossier avec erreurs;Signature Contrat;554.18
2966;29/05/2026 10:15:10;;En attente d'analyse Agent - Dossier avec erreurs;Signature Contrat;779.72
2967;29/05/2026 10:12:08;;Souscription en cours;Bénéficiaire effectifs;570.85
2968;29/05/2026 10:12:08;;Souscription en cours;Bénéficiaire effectifs;341.81
2969;29/05/2026 10:11:15;;Dossier refusé;Signature Contrat;755.41
2970;29/05/2026 10:11:15;;Dossier refusé;Signature Contrat;455.62
2971;29/05/2026 10:07:44;;Souscription en cours;Coordonnées personnelles;782.20
2972;29/05/2026 10:07:44;;Souscription en cours;Coordonnées personnelles;525.03
2973;29/05/2026 10:07:05;;Souscription en cours;Bénéficiaire effectifs;573.75
2974;29/05/2026 10:07:05;;Souscription en cours;Bénéficiaire effectifs;834.67
2975;29/05/2026 10:06:11;;Dossier validé;Parcours terminé;537.91
2976;29/05/2026 10:06:11;;Dossier validé;Parcours terminé;461.29
2977;29/05/2026 10:01:37;;Dossier refusé;Informations complémentaires (Etablissements, etc.);267.39
2978;29/05/2026 10:01:37;;Dossier refusé;Informations complémentaires (Etablissements, etc.);614.90
2979;29/05/2026 09:32:54;;Souscription en cours;Choix de l'offre et livraison;306.73
2980;29/05/2026 09:32:54;;Souscription en cours;Choix de l'offre et livraison;105.27
2981;29/05/2026 09:32:33;Hugo DUBOIS;Dossier validé;Parcours terminé;393.20
2982;29/05/2026 09:32:33;Hugo DUBOIS;Dossier validé;Parcours terminé;936.44
2983;29/05/2026 09:28:35;;Dossier refusé;Saisie société;101.39
2984;29/05/2026 09:28:35;;Dossier refusé;Saisie société;987.58
2985;29/05/2026 09:27:11;;Souscription en cours;Choix de l'offre et livraison;813.87
2986;29/05/2026 09:27:11;;Souscription en cours;Choix de l'offre et livraison;915.11
2987;29/05/2026 09:23:44;;Dossier refusé;Saisie société;668.08
2988;29/05/2026 09:23:44;;Dossier refusé;Saisie société;199.29
2989;29/05/2026 09:09:45;;En attente d'analyse Agent - Dossier avec erreurs;Signature Contrat;154.73
2990;29/05/2026 09:09:45;;En attente d'analyse Agent - Dossier avec erreurs;Signature Contrat;180.11
2991;29/05/2026 09:06:14;;Souscription en cours;Coordonnées personnelles;812.05
2992;29/05/2026 09:06:14;;Souscription en cours;Coordonnées personnelles;396.62
2993;29/05/2026 08:48:57;;Dossier validé;Parcours terminé;435.63
2994;29/05/2026 08:48:57;;Dossier validé;Parcours terminé;586.46
2995;29/05/2026 08:31:28;;Souscription en cours;Choix de l'offre et livraison;825.24
2996;29/05/2026 08:31:28;;Souscription en cours;Choix de l'offre et livraison;637.51
2997;29/05/2026 07:43:55;;Dossier validé;Parcours terminé;810.78
2998;29/05/2026 07:43:55;;Dossier validé;Parcours terminé;999.87
2999;29/05/2026 07:15:52;;Dossier refusé;Signature Contrat;636.80
3000;29/05/2026 07:15:52;;Dossier refusé;Signature Contrat;187.77
3001;29/05/2026 06:46:45;;Dossier validé;Parcours terminé;878.71
3002;29/05/2026 06:46:45;;Dossier validé;Parcours terminé;481.19
3003;29/05/2026 05:49:12;;Souscription en cours;Signature Contrat;722.22
3004;29/05/2026 05:49:12;;Souscription en cours;Signature Contrat;339.25
3005;29/05/2026 04:17:35;;Souscription non démarrée;Parcours non démarré;506.94
3006;29/05/2026 04:17:35;;Souscription non démarrée;Parcours non démarré;669.82
3007;29/05/2026 03:36:42;;Souscription non démarrée;Parcours non démarré;599.78
3008;29/05/2026 03:36:42;;Souscription non démarrée;Parcours non démarré;112.45
3009;29/05/2026 02:52:27;Z5735392;Dossier validé;Parcours terminé;397.63
3010;29/05/2026 02:52:27;Z5735392;Dossier validé;Parcours terminé;105.37
3011;29/05/2026 02:31:00;;Dossier validé;Parcours terminé;657.51
3012;29/05/2026 02:31:00;;Dossier validé;Parcours terminé;132.06
3013;29/05/2026 02:10:06;;Dossier validé;Parcours terminé;875.80
3014;29/05/2026 02:10:06;;Dossier validé;Parcours terminé;586.18
3015;29/05/2026 01:32:42;;Souscription en cours;Choix de l'offre et livraison;463.90
3016;29/05/2026 01:32:42;;Souscription en cours;Choix de l'offre et livraison;414.04
3017;29/05/2026 01:30:47;;Souscription en cours;Signature Contrat;862.63
3018;29/05/2026 01:30:47;;Souscription en cours;Signature Contrat;606.07
3019;29/05/2026 01:20:41;;Souscription en cours;Signature Contrat;775.72
3020;29/05/2026 01:20:41;;Souscription en cours;Signature Contrat;538.54
3021;29/05/2026 01:11:31;;Dossier refusé;Saisie société;259.36
3022;29/05/2026 01:11:31;;Dossier refusé;Saisie société;571.82
3023;29/05/2026 00:57:12;;Dossier validé;Parcours terminé;588.09
3024;29/05/2026 00:57:12;;Dossier validé;Parcours terminé;926.84
3025;29/05/2026 00:56:13;;Dossier validé;Parcours terminé;458.32
3026;29/05/2026 00:56:13;;Dossier validé;Parcours terminé;523.36
3027;29/05/2026 00:56:04;;Dossier refusé;Signature Contrat;538.37
3028;29/05/2026 00:56:04;;Dossier refusé;Signature Contrat;801.28
3029;29/05/2026 00:47:48;;Dossier validé;Parcours terminé;966.68
3030;29/05/2026 00:47:48;;Dossier validé;Parcours terminé;511.44
3031;29/05/2026 00:32:32;;Souscription en cours;Coordonnées personnelles;323.20
3032;29/05/2026 00:32:32;;Souscription en cours;Coordonnées personnelles;370.36
3033;29/05/2026 00:27:38;;Souscription en cours;Coordonnées personnelles;594.95
3034;29/05/2026 00:27:38;;Souscription en cours;Coordonnées personnelles;392.63
3035;29/05/2026 00:22:40;;Dossier validé;Parcours terminé;516.43
3036;29/05/2026 00:22:40;;Dossier validé;Parcours terminé;580.93
3037;28/05/2026 23:56:53;;Souscription en cours;Coordonnées personnelles;610.97
3038;28/05/2026 23:56:53;;Souscription en cours;Coordonnées personnelles;195.12
3039;28/05/2026 23:52:23;;Dossier validé;Parcours terminé;750.81
3040;28/05/2026 23:52:23;;Dossier validé;Parcours terminé;382.47
3041;28/05/2026 23:41:17;Louis MARTIN;Dossier validé;Parcours terminé;814.78
3042;28/05/2026 23:41:17;Louis MARTIN;Dossier validé;Parcours terminé;357.55
3043;28/05/2026 23:38:39;;Dossier validé;Parcours terminé;932.92
3044;28/05/2026 23:38:39;;Dossier validé;Parcours terminé;262.55
3045;28/05/2026 23:28:56;;Dossier validé;Parcours terminé;572.69
3046;28/05/2026 23:28:56;;Dossier validé;Parcours terminé;443.40
3047;28/05/2026 23:10:41;;Dossier refusé;Coordonnées personnelles;917.48
3048;28/05/2026 23:10:41;;Dossier refusé;Coordonnées personnelles;368.17
3049;28/05/2026 22:55:46;;Souscription non démarrée;Parcours non démarré;791.38
3050;28/05/2026 22:55:46;;Souscription non démarrée;Parcours non démarré;466.61
3051;28/05/2026 22:53:41;;Souscription en cours;Informations complémentaires (CA, Profession, etc.);103.99
3052;28/05/2026 22:53:41;;Souscription en cours;Informations complémentaires (CA, Profession, etc.);953.38
3053;28/05/2026 22:51:52;;Souscription en cours;Coordonnées personnelles;817.45
3054;28/05/2026 22:51:52;;Souscription en cours;Coordonnées personnelles;331.08
3055;28/05/2026 22:49:22;;Dossier validé;Parcours terminé;454.31
3056;28/05/2026 22:49:22;;Dossier validé;Parcours terminé;604.08
3057;28/05/2026 22:47:15;;Dossier validé;Parcours terminé;546.83
3058;28/05/2026 22:47:15;;Dossier validé;Parcours terminé;895.10
3059;28/05/2026 22:32:49;;Souscription en cours;Coordonnées personnelles;299.31
3060;28/05/2026 22:32:49;;Souscription en cours;Coordonnées personnelles;369.39
3061;28/05/2026 22:32:39;;Dossier validé;Parcours terminé;754.89
3062;28/05/2026 22:32:39;;Dossier validé;Parcours terminé;130.61
3063;28/05/2026 22:22:39;;Dossier validé;Parcours terminé;990.76
3064;28/05/2026 22:22:39;;Dossier validé;Parcours terminé;969.38
3065;28/05/2026 22:10:50;;Souscription en cours;Bénéficiaire effectifs;328.43
3066;28/05/2026 22:10:50;;Souscription en cours;Bénéficiaire effectifs;847.37
3067;28/05/2026 21:56:29;;Dossier validé;Parcours terminé;325.61
3068;28/05/2026 21:56:29;;Dossier validé;Parcours terminé;513.96
3069;28/05/2026 21:52:22;;Dossier validé;Parcours terminé;579.45
3070;28/05/2026 21:52:22;;Dossier validé;Parcours terminé;518.11
3071;28/05/2026 21:44:42;;Dossier validé;Parcours terminé;732.47
3072;28/05/2026 21:44:42;;Dossier validé;Parcours terminé;347.56
3073;28/05/2026 21:33:42;;Souscription non démarrée;Parcours non démarré;232.28
3074;28/05/2026 21:33:42;;Souscription non démarrée;Parcours non démarré;547.75
3075;28/05/2026 21:31:46;;Souscription non démarrée;Parcours non démarré;317.14
3076;28/05/2026 21:31:46;;Souscription non démarrée;Parcours non démarré;487.94
3077;28/05/2026 21:22:07;;Dossier refusé;Saisie société;469.02
3078;28/05/2026 21:22:07;;Dossier refusé;Saisie société;782.50
3079;28/05/2026 21:20:59;;En attente d'analyse Agent - Dossier avec erreurs;Signature Contrat;817.67
3080;28/05/2026 21:20:59;;En attente d'analyse Agent - Dossier avec erreurs;Signature Contrat;731.74
3081;28/05/2026 21:18:47;;Dossier refusé;Saisie société;136.92
3082;28/05/2026 21:18:47;;Dossier refusé;Saisie société;404.16
3083;28/05/2026 21:17:04;;Souscription en cours;Signature Contrat;506.56
3084;28/05/2026 21:17:04;;Souscription en cours;Signature Contrat;305.48
3085;28/05/2026 21:12:43;;Souscription non démarrée;Parcours non démarré;189.32
3086;28/05/2026 21:12:43;;Souscription non démarrée;Parcours non démarré;711.96
3087;28/05/2026 21:12:27;;Dossier validé;Parcours terminé;708.08
3088;28/05/2026 21:12:27;;Dossier validé;Parcours terminé;221.55
3089;28/05/2026 21:11:10;;Souscription en cours;Choix de l'offre et livraison;830.23
3090;28/05/2026 21:11:10;;Souscription en cours;Choix de l'offre et livraison;187.70
3091;28/05/2026 21:07:40;;Dossier validé;Parcours terminé;166.16
3092;28/05/2026 21:07:40;;Dossier validé;Parcours terminé;336.51
3093;28/05/2026 20:45:15;;Dossier validé;Parcours terminé;860.30
3094;28/05/2026 20:45:15;;Dossier validé;Parcours terminé;828.09
3095;28/05/2026 20:40:45;;Souscription en cours;Coordonnées personnelles;576.67
3096;28/05/2026 20:40:45;;Souscription en cours;Coordonnées personnelles;463.08
3097;28/05/2026 20:39:39;;Dossier validé;Parcours terminé;538.84
3098;28/05/2026 20:39:39;;Dossier validé;Parcours terminé;571.92
3099;28/05/2026 20:09:23;;Souscription en cours;Coordonnées personnelles;235.55
3100;28/05/2026 20:09:23;;Souscription en cours;Coordonnées personnelles;226.16
3101;28/05/2026 20:07:10;;Souscription en cours;Choix de l'offre et livraison;152.83
3102;28/05/2026 20:07:10;;Souscription en cours;Choix de l'offre et livraison;992.59
3103;28/05/2026 20:02:33;;Dossier refusé;Saisie société;768.31
3104;28/05/2026 20:02:33;;Dossier refusé;Saisie société;874.96
3105;28/05/2026 19:42:38;;En attente d'analyse Agent - Dossier avec erreurs;Signature Contrat;155.27
3106;28/05/2026 19:42:38;;En attente d'analyse Agent - Dossier avec erreurs;Signature Contrat;212.41
3107;28/05/2026 19:40:54;;Dossier validé;Parcours terminé;814.95
3108;28/05/2026 19:40:54;;Dossier validé;Parcours terminé;999.26
3109;28/05/2026 19:33:16;;En attente d'analyse Agent - Dossier avec erreurs;Signature Contrat;278.79
3110;28/05/2026 19:33:16;;En attente d'analyse Agent - Dossier avec erreurs;Signature Contrat;485.96
3111;28/05/2026 19:32:22;;Dossier validé;Parcours terminé;253.28
3112;28/05/2026 19:32:22;;Dossier validé;Parcours terminé;211.70
3113;28/05/2026 19:27:27;;Dossier validé;Parcours terminé;855.30
3114;28/05/2026 19:27:27;;Dossier validé;Parcours terminé;884.81
3115;28/05/2026 19:27:10;;Souscription en cours;Coordonnées personnelles;493.86
3116;28/05/2026 19:27:10;;Souscription en cours;Coordonnées personnelles;412.42
3117;28/05/2026 19:20:16;;Souscription en cours;Coordonnées personnelles;508.18
3118;28/05/2026 19:20:16;;Souscription en cours;Coordonnées personnelles;143.67
3119;28/05/2026 19:17:20;;Dossier validé;Parcours terminé;919.37
3120;28/05/2026 19:17:20;;Dossier validé;Parcours terminé;766.95
3121;28/05/2026 19:05:17;;Dossier validé;Parcours terminé;171.11
3122;28/05/2026 19:05:17;;Dossier validé;Parcours terminé;998.03
3123;28/05/2026 18:57:15;;Dossier validé;Parcours terminé;743.71
3124;28/05/2026 18:57:15;;Dossier validé;Parcours terminé;688.34
3125;28/05/2026 18:57:06;;Dossier validé;Parcours terminé;736.79
3126;28/05/2026 18:57:06;;Dossier validé;Parcours terminé;683.69
3127;28/05/2026 18:46:50;;Dossier validé;Parcours terminé;629.24
3128;28/05/2026 18:46:50;;Dossier validé;Parcours terminé;291.69
3129;28/05/2026 18:37:09;;En attente d'analyse Agent - Dossier avec erreurs;Signature Contrat;935.13
3130;28/05/2026 18:37:09;;En attente d'analyse Agent - Dossier avec erreurs;Signature Contrat;630.47
3131;28/05/2026 18:27:33;Z5750800;Dossier validé;Parcours terminé;760.61
3132;28/05/2026 18:27:33;Z5750800;Dossier validé;Parcours terminé;932.40
3133;28/05/2026 18:24:26;;Dossier refusé;Saisie société;470.72
3134;28/05/2026 18:24:26;;Dossier refusé;Saisie société;417.43
3135;28/05/2026 18:23:23;;Souscription non démarrée;Parcours non démarré;427.97
3136;28/05/2026 18:23:23;;Souscription non démarrée;Parcours non démarré;528.63
3137;28/05/2026 17:37:30;;Souscription en cours;Coordonnées personnelles;388.37
3138;28/05/2026 17:37:30;;Souscription en cours;Coordonnées personnelles;777.71
3139;28/05/2026 17:28:12;;Souscription non démarrée;Parcours non démarré;665.15
3140;28/05/2026 17:28:12;;Souscription non démarrée;Parcours non démarré;161.83
3141;28/05/2026 17:27:44;;Dossier validé;Parcours terminé;272.25
3142;28/05/2026 17:27:44;;Dossier validé;Parcours terminé;326.22
3143;28/05/2026 17:17:54;;Souscription non démarrée;Parcours non démarré;388.47
3144;28/05/2026 17:17:54;;Souscription non démarrée;Parcours non démarré;538.53
3145;28/05/2026 17:15:20;;Souscription en cours;Vérification d'identité;981.79
3146;28/05/2026 17:15:20;;Souscription en cours;Vérification d'identité;275.53
3147;28/05/2026 17:14:50;;Dossier validé;Parcours terminé;327.21
3148;28/05/2026 17:14:50;;Dossier validé;Parcours terminé;922.19
3149;28/05/2026 17:04:05;;Dossier validé;Parcours terminé;188.22
3150;28/05/2026 17:04:05;;Dossier validé;Parcours terminé;895.32
3151;28/05/2026 16:58:02;;Dossier refusé;Saisie société;891.70
3152;28/05/2026 16:58:02;;Dossier refusé;Saisie société;465.20
3153;28/05/2026 16:56:44;;Souscription en cours;Vérification d'identité;567.97
3154;28/05/2026 16:56:44;;Souscription en cours;Vérification d'identité;451.90
3155;28/05/2026 16:54:52;;Souscription en cours;Signature Contrat;911.18
3156;28/05/2026 16:54:52;;Souscription en cours;Signature Contrat;368.96
3157;28/05/2026 16:48:56;;Dossier refusé;Saisie société;790.80
3158;28/05/2026 16:48:56;;Dossier refusé;Saisie société;156.03
3159;28/05/2026 16:42:05;;Souscription en cours;Coordonnées personnelles;259.60
3160;28/05/2026 16:42:05;;Souscription en cours;Coordonnées personnelles;716.89
3161;28/05/2026 16:39:17;;Dossier validé;Parcours terminé;744.45
3162;28/05/2026 16:39:17;;Dossier validé;Parcours terminé;525.58
3163;28/05/2026 16:34:39;;Dossier validé;Parcours terminé;714.14
3164;28/05/2026 16:34:39;;Dossier validé;Parcours terminé;815.23
3165;28/05/2026 16:29:45;;Souscription non démarrée;Parcours non démarré;703.27
3166;28/05/2026 16:29:45;;Souscription non démarrée;Parcours non démarré;447.23
3167;28/05/2026 16:25:15;;Souscription non démarrée;Parcours non démarré;171.30
3168;28/05/2026 16:25:15;;Souscription non démarrée;Parcours non démarré;541.51
3169;28/05/2026 16:23:06;;Dossier validé;Parcours terminé;415.36
3170;28/05/2026 16:23:06;;Dossier validé;Parcours terminé;371.17
3171;28/05/2026 16:21:21;;Souscription en cours;Signature Contrat;797.87
3172;28/05/2026 16:21:21;;Souscription en cours;Signature Contrat;529.70
3173;28/05/2026 16:19:37;;Dossier validé;Parcours terminé;411.02
3174;28/05/2026 16:19:37;;Dossier validé;Parcours terminé;159.20
3175;28/05/2026 16:11:32;;Souscription en cours;Choix de l'offre et livraison;850.81
3176;28/05/2026 16:11:32;;Souscription en cours;Choix de l'offre et livraison;609.91
3177;28/05/2026 16:08:16;;Dossier validé;Parcours terminé;254.05
3178;28/05/2026 16:08:16;;Dossier validé;Parcours terminé;802.49
3179;28/05/2026 15:58:50;;Dossier validé;Parcours terminé;488.26
3180;28/05/2026 15:58:50;;Dossier validé;Parcours terminé;475.29
3181;28/05/2026 15:57:43;;Souscription non démarrée;Parcours non démarré;445.57
3182;28/05/2026 15:57:43;;Souscription non démarrée;Parcours non démarré;528.27
3183;28/05/2026 15:53:36;;Souscription en cours;Coordonnées personnelles;767.70
3184;28/05/2026 15:53:36;;Souscription en cours;Coordonnées personnelles;636.42
3185;28/05/2026 15:53:08;;Dossier validé;Parcours terminé;384.20
3186;28/05/2026 15:53:08;;Dossier validé;Parcours terminé;299.21
3187;28/05/2026 15:50:36;;Souscription en cours;Signature Contrat;546.79
3188;28/05/2026 15:50:36;;Souscription en cours;Signature Contrat;153.64
3189;28/05/2026 15:49:29;;Dossier validé;Parcours terminé;517.55
3190;28/05/2026 15:49:29;;Dossier validé;Parcours terminé;647.43
3191;28/05/2026 15:47:36;;Souscription en cours;Informations complémentaires (CA, Profession, etc.);492.09
3192;28/05/2026 15:47:36;;Souscription en cours;Informations complémentaires (CA, Profession, etc.);587.77
3193;28/05/2026 15:39:34;;Souscription en cours;Vérification d'identité;448.97
3194;28/05/2026 15:39:34;;Souscription en cours;Vérification d'identité;354.03
3195;28/05/2026 15:36:15;;Souscription en cours;Informations complémentaires (CA, Profession, etc.);745.96
3196;28/05/2026 15:36:15;;Souscription en cours;Informations complémentaires (CA, Profession, etc.);472.27
3197;28/05/2026 15:33:57;Inès MICHEL;Dossier refusé;Saisie société;908.28
3198;28/05/2026 15:33:57;Inès MICHEL;Dossier refusé;Saisie société;708.06
3199;28/05/2026 15:28:42;;Souscription en cours;Coordonnées personnelles;597.44
3200;28/05/2026 15:28:42;;Souscription en cours;Coordonnées personnelles;132.29
3201;28/05/2026 15:27:21;;Souscription en cours;Bénéficiaire effectifs;264.70
3202;28/05/2026 15:27:21;;Souscription en cours;Bénéficiaire effectifs;798.63
3203;28/05/2026 15:16:37;;Souscription non démarrée;Parcours non démarré;694.19
3204;28/05/2026 15:16:37;;Souscription non démarrée;Parcours non démarré;524.51
3205;28/05/2026 15:12:59;Hugo MARTIN;Dossier validé;Parcours terminé;817.76
3206;28/05/2026 15:12:59;Hugo MARTIN;Dossier validé;Parcours terminé;345.83
3207;28/05/2026 15:07:18;;Souscription non démarrée;Parcours non démarré;444.51
3208;28/05/2026 15:07:18;;Souscription non démarrée;Parcours non démarré;824.38
3209;28/05/2026 15:06:23;;Dossier validé;Parcours terminé;514.04
3210;28/05/2026 15:06:23;;Dossier validé;Parcours terminé;298.98
3211;28/05/2026 15:00:06;;Souscription non démarrée;Parcours non démarré;309.99
3212;28/05/2026 15:00:06;;Souscription non démarrée;Parcours non démarré;387.54
3213;28/05/2026 14:56:00;;Souscription en cours;Coordonnées personnelles;992.93
3214;28/05/2026 14:56:00;;Souscription en cours;Coordonnées personnelles;765.59
3215;28/05/2026 14:46:56;Z5750800;Dossier validé;Parcours terminé;693.00
3216;28/05/2026 14:46:56;Z5750800;Dossier validé;Parcours terminé;750.74
3217;28/05/2026 14:36:40;;Dossier refusé;Saisie société;701.37
3218;28/05/2026 14:36:40;;Dossier refusé;Saisie société;437.17
3219;28/05/2026 14:33:25;;Dossier validé;Parcours terminé;133.93
3220;28/05/2026 14:33:25;;Dossier validé;Parcours terminé;254.82
3221;28/05/2026 14:29:59;;Dossier validé;Parcours terminé;734.23
3222;28/05/2026 14:29:59;;Dossier validé;Parcours terminé;218.26
3223;28/05/2026 14:26:19;;Souscription en cours;Synchronisation référentiel personne NOVA;782.30
3224;28/05/2026 14:26:19;;Souscription en cours;Synchronisation référentiel personne NOVA;613.90
3225;28/05/2026 14:17:18;;Dossier refusé;Saisie société;773.39
3226;28/05/2026 14:17:18;;Dossier refusé;Saisie société;251.39
3227;28/05/2026 14:14:29;;Dossier validé;Parcours terminé;114.15
3228;28/05/2026 14:14:29;;Dossier validé;Parcours terminé;441.82
3229;28/05/2026 14:11:38;;Dossier validé;Parcours terminé;235.74
3230;28/05/2026 14:11:38;;Dossier validé;Parcours terminé;338.75
3231;28/05/2026 14:02:45;;Souscription en cours;Signature Contrat;777.07
3232;28/05/2026 14:02:45;;Souscription en cours;Signature Contrat;807.80
3233;28/05/2026 13:55:47;;Souscription non démarrée;Parcours non démarré;486.18
3234;28/05/2026 13:55:47;;Souscription non démarrée;Parcours non démarré;757.97
3235;28/05/2026 13:48:39;;Souscription en cours;Coordonnées personnelles;762.05
3236;28/05/2026 13:48:39;;Souscription en cours;Coordonnées personnelles;464.47
3237;28/05/2026 13:45:43;;Souscription en cours;Coordonnées personnelles;941.53
3238;28/05/2026 13:45:43;;Souscription en cours;Coordonnées personnelles;665.74
3239;28/05/2026 13:44:47;;Souscription en cours;Coordonnées personnelles;853.75
3240;28/05/2026 13:44:47;;Souscription en cours;Coordonnées personnelles;724.69
3241;28/05/2026 13:16:21;;Dossier validé;Parcours terminé;941.99
3242;28/05/2026 13:16:21;;Dossier validé;Parcours terminé;595.25
3243;28/05/2026 13:16:18;;Dossier validé;Parcours terminé;330.40
3244;28/05/2026 13:16:18;;Dossier validé;Parcours terminé;324.79
3245;28/05/2026 13:16:07;;Dossier refusé;Synchronisation référentiel personne NOVA;873.92
3246;28/05/2026 13:16:07;;Dossier refusé;Synchronisation référentiel personne NOVA;921.07
3247;28/05/2026 13:03:50;;Souscription en cours;Choix de l'offre et livraison;932.73
3248;28/05/2026 13:03:50;;Souscription en cours;Choix de l'offre et livraison;559.23
3249;28/05/2026 13:03:19;;Souscription en cours;Criblages BE(s);515.73
3250;28/05/2026 13:03:19;;Souscription en cours;Criblages BE(s);489.21
3251;28/05/2026 13:02:19;;Dossier validé;Parcours terminé;856.75
3252;28/05/2026 13:02:19;;Dossier validé;Parcours terminé;341.61
3253;28/05/2026 12:52:53;;Dossier validé;Parcours terminé;304.97
3254;28/05/2026 12:52:53;;Dossier validé;Parcours terminé;768.97
3255;28/05/2026 12:51:39;;Souscription en cours;Coordonnées personnelles;179.63
3256;28/05/2026 12:51:39;;Souscription en cours;Coordonnées personnelles;661.38
3257;28/05/2026 12:48:40;Hugo MARTIN;Dossier validé;Parcours terminé;520.84
3258;28/05/2026 12:48:40;Hugo MARTIN;Dossier validé;Parcours terminé;144.68
3259;28/05/2026 12:48:39;;Dossier refusé;Saisie société;937.47
3260;28/05/2026 12:48:39;;Dossier refusé;Saisie société;732.38
3261;28/05/2026 12:48:13;;Dossier validé;Parcours terminé;466.72
3262;28/05/2026 12:48:13;;Dossier validé;Parcours terminé;927.68
3263;28/05/2026 12:47:22;;Souscription non démarrée;Parcours non démarré;396.33
3264;28/05/2026 12:47:22;;Souscription non démarrée;Parcours non démarré;162.90
3265;28/05/2026 12:46:58;;Dossier validé;Parcours terminé;558.87
3266;28/05/2026 12:46:58;;Dossier validé;Parcours terminé;670.64
3267;28/05/2026 12:46:25;;Dossier validé;Parcours terminé;645.25
3268;28/05/2026 12:46:25;;Dossier validé;Parcours terminé;164.27
3269;28/05/2026 12:35:04;;Dossier refusé;Signature Contrat;287.78
3270;28/05/2026 12:35:04;;Dossier refusé;Signature Contrat;283.69
3271;28/05/2026 12:33:20;;Dossier validé;Parcours terminé;391.28
3272;28/05/2026 12:33:20;;Dossier validé;Parcours terminé;972.50
3273;28/05/2026 12:31:19;;Dossier refusé;Saisie société;551.40
3274;28/05/2026 12:31:19;;Dossier refusé;Saisie société;298.03
3275;28/05/2026 12:30:56;;Souscription en cours;Vérification d'identité;626.27
3276;28/05/2026 12:30:56;;Souscription en cours;Vérification d'identité;873.99
3277;28/05/2026 12:25:14;;Dossier refusé;Signature Contrat;792.87
3278;28/05/2026 12:25:14;;Dossier refusé;Signature Contrat;568.33
3279;28/05/2026 12:19:04;;Dossier validé;Parcours terminé;138.22
3280;28/05/2026 12:19:04;;Dossier validé;Parcours terminé;714.85
3281;28/05/2026 12:11:33;;Souscription en cours;Choix de l'offre et livraison;182.65
3282;28/05/2026 12:11:33;;Souscription en cours;Choix de l'offre et livraison;982.32
3283;28/05/2026 12:05:22;;Dossier validé;Parcours terminé;311.40
3284;28/05/2026 12:05:22;;Dossier validé;Parcours terminé;496.09
3285;28/05/2026 12:01:24;;Souscription non démarrée;Parcours non démarré;149.68
3286;28/05/2026 12:01:24;;Souscription non démarrée;Parcours non démarré;899.87
3287;28/05/2026 11:57:05;;Souscription en cours;Informations complémentaires (Etablissements, etc.);613.76
3288;28/05/2026 11:57:05;;Souscription en cours;Informations complémentaires (Etablissements, etc.);246.36
3289;28/05/2026 11:55:26;;Souscription en cours;Vérification d'identité;637.27
3290;28/05/2026 11:55:26;;Souscription en cours;Vérification d'identité;383.08
3291;28/05/2026 11:50:25;;Dossier validé;Parcours terminé;271.84
3292;28/05/2026 11:50:25;;Dossier validé;Parcours terminé;699.56
3293;28/05/2026 11:46:38;;Souscription en cours;Synchronisation référentiel personne NOVA;574.29
3294;28/05/2026 11:46:38;;Souscription en cours;Synchronisation référentiel personne NOVA;202.85
3295;28/05/2026 11:40:48;;Souscription en cours;Signature Contrat;418.43
3296;28/05/2026 11:40:48;;Souscription en cours;Signature Contrat;457.21
3297;28/05/2026 11:34:09;;En attente d'analyse Agent - Dossier avec erreurs;Signature Contrat;882.72
3298;28/05/2026 11:34:09;;En attente d'analyse Agent - Dossier avec erreurs;Signature Contrat;864.49
3299;28/05/2026 11:23:46;;Souscription en cours;Coordonnées personnelles;741.34
3300;28/05/2026 11:23:46;;Souscription en cours;Coordonnées personnelles;212.87
3301;28/05/2026 11:23:16;;Dossier refusé;Informations complémentaires (Etablissements, etc.);798.43
3302;28/05/2026 11:23:16;;Dossier refusé;Informations complémentaires (Etablissements, etc.);311.14
3303;28/05/2026 11:09:47;Adam LAURENT;Dossier validé;Parcours terminé;720.24
3304;28/05/2026 11:09:47;Adam LAURENT;Dossier validé;Parcours terminé;106.97
3305;28/05/2026 11:09:45;;Souscription en cours;Coordonnées personnelles;661.76
3306;28/05/2026 11:09:45;;Souscription en cours;Coordonnées personnelles;561.65
3307;28/05/2026 10:59:11;;Souscription en cours;Coordonnées personnelles;381.11
3308;28/05/2026 10:59:11;;Souscription en cours;Coordonnées personnelles;361.37
3309;28/05/2026 10:58:58;;Souscription en cours;Coordonnées personnelles;311.19
3310;28/05/2026 10:58:58;;Souscription en cours;Coordonnées personnelles;924.83
3311;28/05/2026 10:52:57;;Dossier validé;Parcours terminé;726.65
3312;28/05/2026 10:52:57;;Dossier validé;Parcours terminé;971.79
3313;28/05/2026 10:47:12;;Dossier validé;Parcours terminé;801.19
3314;28/05/2026 10:47:12;;Dossier validé;Parcours terminé;775.76
3315;28/05/2026 10:46:22;;Dossier validé;Parcours terminé;699.84
3316;28/05/2026 10:46:22;;Dossier validé;Parcours terminé;112.15
3317;28/05/2026 10:45:31;Manon LEFEBVRE;Dossier validé;Parcours terminé;776.52
3318;28/05/2026 10:45:31;Manon LEFEBVRE;Dossier validé;Parcours terminé;354.79
3319;28/05/2026 10:41:36;;Souscription en cours;Vérification d'identité;407.44
3320;28/05/2026 10:41:36;;Souscription en cours;Vérification d'identité;415.86
3321;28/05/2026 10:40:45;;Souscription en cours;Signature Contrat;470.14
3322;28/05/2026 10:40:45;;Souscription en cours;Signature Contrat;249.11
3323;28/05/2026 10:38:48;;Souscription en cours;Synchronisation référentiel personne NOVA;218.99
3324;28/05/2026 10:38:48;;Souscription en cours;Synchronisation référentiel personne NOVA;660.38
3325;28/05/2026 10:35:24;;Souscription en cours;Informations complémentaires (Etablissements, etc.);730.75
3326;28/05/2026 10:35:24;;Souscription en cours;Informations complémentaires (Etablissements, etc.);388.41
3327;28/05/2026 10:35:00;;Dossier refusé;Parcours terminé;497.43
3328;28/05/2026 10:35:00;;Dossier refusé;Parcours terminé;704.27
3329;28/05/2026 10:34:40;;Dossier validé;Parcours terminé;732.31
3330;28/05/2026 10:34:40;;Dossier validé;Parcours terminé;466.75
3331;28/05/2026 10:34:02;;Souscription en cours;Choix de l'offre et livraison;420.47
3332;28/05/2026 10:34:02;;Souscription en cours;Choix de l'offre et livraison;794.30
3333;28/05/2026 10:32:56;Louis MARTIN;Dossier validé;Parcours terminé;301.69
3334;28/05/2026 10:32:56;Louis MARTIN;Dossier validé;Parcours terminé;924.23
3335;28/05/2026 10:26:59;;Dossier validé;Parcours terminé;815.50
3336;28/05/2026 10:26:59;;Dossier validé;Parcours terminé;402.29
3337;28/05/2026 10:26:50;;Souscription non démarrée;Parcours non démarré;662.25
3338;28/05/2026 10:26:50;;Souscription non démarrée;Parcours non démarré;895.08
3339;28/05/2026 10:12:29;Hugo MARTIN;Dossier validé;Parcours terminé;358.31
3340;28/05/2026 10:12:29;Hugo MARTIN;Dossier validé;Parcours terminé;598.48
3341;28/05/2026 10:10:47;;Dossier validé;Parcours terminé;477.79
3342;28/05/2026 10:10:47;;Dossier validé;Parcours terminé;918.64
3343;28/05/2026 10:06:11;;Souscription en cours;Vérification d'identité;386.85
3344;28/05/2026 10:06:11;;Souscription en cours;Vérification d'identité;500.61
3345;28/05/2026 10:02:36;;Souscription en cours;Choix de l'offre et livraison;956.01
3346;28/05/2026 10:02:36;;Souscription en cours;Choix de l'offre et livraison;732.85
3347;28/05/2026 09:50:50;;Souscription en cours;Coordonnées personnelles;702.69
3348;28/05/2026 09:50:50;;Souscription en cours;Coordonnées personnelles;462.05
3349;28/05/2026 09:48:58;;Souscription en cours;Coordonnées personnelles;990.51
3350;28/05/2026 09:48:58;;Souscription en cours;Coordonnées personnelles;942.12
3351;28/05/2026 09:46:46;;Souscription en cours;Choix de l'offre et livraison;217.85
3352;28/05/2026 09:46:46;;Souscription en cours;Choix de l'offre et livraison;965.14
3353;28/05/2026 09:39:54;Adam LAURENT;Dossier validé;Parcours terminé;486.38
3354;28/05/2026 09:39:54;Adam LAURENT;Dossier validé;Parcours terminé;656.72
3355;28/05/2026 09:39:01;;Dossier validé;Parcours terminé;394.69
3356;28/05/2026 09:39:01;;Dossier validé;Parcours terminé;871.02
3357;28/05/2026 09:33:43;;Souscription en cours;Coordonnées personnelles;191.99
3358;28/05/2026 09:33:43;;Souscription en cours;Coordonnées personnelles;375.57
3359;28/05/2026 09:33:03;;Dossier refusé;Signature Contrat;818.13
3360;28/05/2026 09:33:03;;Dossier refusé;Signature Contrat;593.44
3361;28/05/2026 09:32:13;;Dossier validé;Parcours terminé;463.35
3362;28/05/2026 09:32:13;;Dossier validé;Parcours terminé;181.76
3363;28/05/2026 09:29:03;;Dossier validé;Parcours terminé;986.41
3364;28/05/2026 09:29:03;;Dossier validé;Parcours terminé;621.30
3365;28/05/2026 09:25:33;;Dossier validé;Parcours terminé;277.74
3366;28/05/2026 09:25:33;;Dossier validé;Parcours terminé;258.33
3367;28/05/2026 09:18:39;;Dossier validé;Parcours terminé;780.34
3368;28/05/2026 09:18:39;;Dossier validé;Parcours terminé;671.25
3369;28/05/2026 09:14:24;;Dossier refusé;Informations complémentaires (Etablissements, etc.);553.64
3370;28/05/2026 09:14:24;;Dossier refusé;Informations complémentaires (Etablissements, etc.);306.19
3371;28/05/2026 09:11:11;;En attente d'analyse Agent - Dossier avec erreurs;Signature Contrat;229.21
3372;28/05/2026 09:11:11;;En attente d'analyse Agent - Dossier avec erreurs;Signature Contrat;785.55
3373;28/05/2026 09:08:50;;Dossier refusé;Saisie société;702.91
3374;28/05/2026 09:08:50;;Dossier refusé;Saisie société;110.64
3375;28/05/2026 09:06:53;;Souscription en cours;Signature Contrat;877.53
3376;28/05/2026 09:06:53;;Souscription en cours;Signature Contrat;258.81
3377;28/05/2026 09:01:00;;Dossier refusé;Informations complémentaires (CA, Profession, etc.);259.53
3378;28/05/2026 09:01:00;;Dossier refusé;Informations complémentaires (CA, Profession, etc.);165.04
3379;28/05/2026 08:25:26;;Souscription en cours;Coordonnées personnelles;276.96
3380;28/05/2026 08:25:26;;Souscription en cours;Coordonnées personnelles;812.07
3381;28/05/2026 08:15:31;;Souscription en cours;Vérification d'identité;344.18
3382;28/05/2026 08:15:31;;Souscription en cours;Vérification d'identité;641.71
3383;28/05/2026 08:14:13;;Souscription non démarrée;Parcours non démarré;935.72
3384;28/05/2026 08:14:13;;Souscription non démarrée;Parcours non démarré;319.87
3385;28/05/2026 07:50:19;;Souscription en cours;Choix de l'offre et livraison;540.36
3386;28/05/2026 07:50:19;;Souscription en cours;Choix de l'offre et livraison;698.35
3387;28/05/2026 07:38:16;;Dossier validé;Parcours terminé;409.30
3388;28/05/2026 07:38:16;;Dossier validé;Parcours terminé;134.52
3389;28/05/2026 06:33:57;;Souscription en cours;Criblages BE(s);894.83
3390;28/05/2026 06:33:57;;Souscription en cours;Criblages BE(s);351.90
3391;28/05/2026 04:46:09;;Souscription non démarrée;Parcours non démarré;121.85
3392;28/05/2026 04:46:09;;Souscription non démarrée;Parcours non démarré;887.02
3393;28/05/2026 04:35:08;;Souscription en cours;Signature Contrat;818.26
3394;28/05/2026 04:35:08;;Souscription en cours;Signature Contrat;341.97
3395;28/05/2026 02:41:07;;Souscription en cours;Vérification d'identité;504.97
3396;28/05/2026 02:41:07;;Souscription en cours;Vérification d'identité;334.68
3397;28/05/2026 02:23:10;;Dossier validé;Parcours terminé;844.57
3398;28/05/2026 02:23:10;;Dossier validé;Parcours terminé;386.71
3399;28/05/2026 02:08:07;;Dossier validé;Parcours terminé;958.68
3400;28/05/2026 02:08:07;;Dossier validé;Parcours terminé;954.48
3401;28/05/2026 01:30:42;;Dossier validé;Parcours terminé;765.75
3402;28/05/2026 01:30:42;;Dossier validé;Parcours terminé;743.19
3403;28/05/2026 01:10:45;;Souscription en cours;Vérification d'identité;868.81
3404;28/05/2026 01:10:45;;Souscription en cours;Vérification d'identité;380.64
3405;28/05/2026 01:09:00;Hugo MARTIN;Dossier validé;Parcours terminé;572.17
3406;28/05/2026 01:09:00;Hugo MARTIN;Dossier validé;Parcours terminé;490.63
3407;28/05/2026 00:53:44;;Souscription en cours;Choix de l'offre et livraison;699.17
3408;28/05/2026 00:53:44;;Souscription en cours;Choix de l'offre et livraison;304.60
3409;28/05/2026 00:00:56;;Dossier validé;Parcours terminé;749.32
3410;28/05/2026 00:00:56;;Dossier validé;Parcours terminé;359.25
3411;27/05/2026 23:51:44;;Souscription en cours;Synchronisation référentiel personne NOVA;424.61
3412;27/05/2026 23:51:44;;Souscription en cours;Synchronisation référentiel personne NOVA;532.64
3413;27/05/2026 23:48:42;;Souscription en cours;Vérification d'identité;252.81
3414;27/05/2026 23:48:42;;Souscription en cours;Vérification d'identité;789.85
3415;27/05/2026 23:43:08;;Souscription en cours;Vérification d'identité;837.28
3416;27/05/2026 23:43:08;;Souscription en cours;Vérification d'identité;987.88
3417;27/05/2026 23:16:52;;Dossier validé;Parcours terminé;114.05
3418;27/05/2026 23:16:52;;Dossier validé;Parcours terminé;329.40
3419;27/05/2026 23:08:52;;Souscription en cours;Coordonnées personnelles;703.39
3420;27/05/2026 23:08:52;;Souscription en cours;Coordonnées personnelles;522.73
3421;27/05/2026 22:45:28;;En attente d'analyse Agent - Dossier avec erreurs;Signature Contrat;202.19
3422;27/05/2026 22:45:28;;En attente d'analyse Agent - Dossier avec erreurs;Signature Contrat;711.90
3423;27/05/2026 22:45:18;;Souscription en cours;Coordonnées personnelles;827.03
3424;27/05/2026 22:45:18;;Souscription en cours;Coordonnées personnelles;417.04
3425;27/05/2026 22:38:42;;Dossier refusé;Saisie société;716.46
3426;27/05/2026 22:38:42;;Dossier refusé;Saisie société;243.03
3427;27/05/2026 22:24:21;;Souscription en cours;Informations complémentaires (Etablissements, etc.);130.74
3428;27/05/2026 22:24:21;;Souscription en cours;Informations complémentaires (Etablissements, etc.);774.32
3429;27/05/2026 22:24:09;;Dossier validé;Parcours terminé;793.69
3430;27/05/2026 22:24:09;;Dossier validé;Parcours terminé;730.21
3431;27/05/2026 22:12:46;;Souscription en cours;Coordonnées personnelles;650.80
3432;27/05/2026 22:12:46;;Souscription en cours;Coordonnées personnelles;516.68
3433;27/05/2026 22:08:06;;Souscription en cours;Coordonnées personnelles;514.59
3434;27/05/2026 22:08:06;;Souscription en cours;Coordonnées personnelles;893.89
3435;27/05/2026 22:01:49;;Dossier validé;Parcours terminé;177.20
3436;27/05/2026 22:01:49;;Dossier validé;Parcours terminé;937.73
3437;27/05/2026 21:57:38;Rayan MICHEL;Dossier refusé;Saisie société;849.15
3438;27/05/2026 21:57:38;Rayan MICHEL;Dossier refusé;Saisie société;385.59
3439;27/05/2026 21:54:25;;Souscription en cours;Choix de l'offre et livraison;464.22
3440;27/05/2026 21:54:25;;Souscription en cours;Choix de l'offre et livraison;704.68
3441;27/05/2026 21:41:43;;Dossier validé;Parcours terminé;727.25
3442;27/05/2026 21:41:43;;Dossier validé;Parcours terminé;845.49
3443;27/05/2026 21:39:53;;Dossier validé;Parcours terminé;337.01
3444;27/05/2026 21:39:53;;Dossier validé;Parcours terminé;768.66
3445;27/05/2026 21:27:10;;Souscription en cours;Coordonnées personnelles;961.47
3446;27/05/2026 21:27:10;;Souscription en cours;Coordonnées personnelles;442.83
3447;27/05/2026 21:24:29;;Souscription en cours;Coordonnées personnelles;703.20
3448;27/05/2026 21:24:29;;Souscription en cours;Coordonnées personnelles;864.53
3449;27/05/2026 21:23:07;;Souscription en cours;Vérification d'identité;833.52
3450;27/05/2026 21:23:07;;Souscription en cours;Vérification d'identité;848.95
3451;27/05/2026 21:02:45;;En attente d'analyse Agent - Dossier avec erreurs;Signature Contrat;791.51
3452;27/05/2026 21:02:45;;En attente d'analyse Agent - Dossier avec erreurs;Signature Contrat;360.26
3453;27/05/2026 21:01:44;;Souscription en cours;Signature Contrat;732.32
3454;27/05/2026 21:01:44;;Souscription en cours;Signature Contrat;854.83
3455;27/05/2026 20:59:16;;Dossier validé;Parcours terminé;852.68
3456;27/05/2026 20:59:16;;Dossier validé;Parcours terminé;882.46
3457;27/05/2026 20:56:06;;En attente d'analyse Agent - Dossier avec erreurs;Signature Contrat;751.43
3458;27/05/2026 20:56:06;;En attente d'analyse Agent - Dossier avec erreurs;Signature Contrat;121.47
3459;27/05/2026 20:54:38;;Dossier validé;Parcours terminé;937.97
3460;27/05/2026 20:54:38;;Dossier validé;Parcours terminé;430.14
3461;27/05/2026 20:54:34;;En attente d'analyse Agent - Dossier avec erreurs;Signature Contrat;701.68
3462;27/05/2026 20:54:34;;En attente d'analyse Agent - Dossier avec erreurs;Signature Contrat;258.23
3463;27/05/2026 20:52:50;;Dossier refusé;Signature Contrat;620.12
3464;27/05/2026 20:52:50;;Dossier refusé;Signature Contrat;914.88
3465;27/05/2026 20:45:50;;Souscription en cours;Informations complémentaires (Etablissements, etc.);913.39
3466;27/05/2026 20:45:50;;Souscription en cours;Informations complémentaires (Etablissements, etc.);807.64
3467;27/05/2026 20:38:33;;Souscription en cours;Informations complémentaires (CA, Profession, etc.);483.72
3468;27/05/2026 20:38:33;;Souscription en cours;Informations complémentaires (CA, Profession, etc.);103.30
3469;27/05/2026 20:37:51;;Dossier validé;Parcours terminé;871.23
3470;27/05/2026 20:37:51;;Dossier validé;Parcours terminé;806.44
3471;27/05/2026 20:31:25;;Souscription en cours;Coordonnées personnelles;542.40
3472;27/05/2026 20:31:25;;Souscription en cours;Coordonnées personnelles;930.14
3473;27/05/2026 20:21:20;;Souscription en cours;Coordonnées personnelles;397.96
3474;27/05/2026 20:21:20;;Souscription en cours;Coordonnées personnelles;686.75
3475;27/05/2026 20:15:19;;Dossier validé;Parcours terminé;919.08
3476;27/05/2026 20:15:19;;Dossier validé;Parcours terminé;110.47
3477;27/05/2026 20:03:36;;Dossier validé;Parcours terminé;418.77
3478;27/05/2026 20:03:36;;Dossier validé;Parcours terminé;219.70
3479;27/05/2026 20:00:17;;Souscription en cours;Coordonnées personnelles;314.82
3480;27/05/2026 20:00:17;;Souscription en cours;Coordonnées personnelles;682.17
3481;27/05/2026 19:56:03;Adam LAURENT;Dossier validé;Parcours terminé;816.16
3482;27/05/2026 19:56:03;Adam LAURENT;Dossier validé;Parcours terminé;778.89
3483;27/05/2026 19:54:53;;Dossier validé;Parcours terminé;980.81
3484;27/05/2026 19:54:53;;Dossier validé;Parcours terminé;601.55
3485;27/05/2026 19:51:20;;En attente d'analyse Agent - Dossier avec erreurs;Signature Contrat;635.87
3486;27/05/2026 19:51:20;;En attente d'analyse Agent - Dossier avec erreurs;Signature Contrat;802.15
3487;27/05/2026 19:40:39;;Dossier validé;Parcours terminé;199.99
3488;27/05/2026 19:40:39;;Dossier validé;Parcours terminé;321.39
3489;27/05/2026 19:37:09;;Souscription en cours;Coordonnées personnelles;855.52
3490;27/05/2026 19:37:09;;Souscription en cours;Coordonnées personnelles;117.53
3491;27/05/2026 19:36:25;;Dossier validé;Parcours terminé;508.16
3492;27/05/2026 19:36:25;;Dossier validé;Parcours terminé;915.46
3493;27/05/2026 19:25:59;;Dossier refusé;Saisie société;546.23
3494;27/05/2026 19:25:59;;Dossier refusé;Saisie société;533.94
3495;27/05/2026 19:20:49;;Dossier validé;Parcours terminé;908.18
3496;27/05/2026 19:20:49;;Dossier validé;Parcours terminé;400.82
3497;27/05/2026 19:14:04;;Dossier refusé;Saisie société;573.62
3498;27/05/2026 19:14:04;;Dossier refusé;Saisie société;657.11
3499;27/05/2026 19:13:29;;Dossier validé;Parcours terminé;178.43
3500;27/05/2026 19:13:29;;Dossier validé;Parcours terminé;982.91
3501;27/05/2026 19:11:08;;Dossier validé;Parcours terminé;563.35
3502;27/05/2026 19:11:08;;Dossier validé;Parcours terminé;339.33
3503;27/05/2026 18:55:29;;Dossier validé;Parcours terminé;849.65
3504;27/05/2026 18:55:29;;Dossier validé;Parcours terminé;625.74
3505;27/05/2026 18:47:26;;Dossier validé;Parcours terminé;807.31
3506;27/05/2026 18:47:26;;Dossier validé;Parcours terminé;187.62
3507;27/05/2026 18:29:20;;Dossier validé;Parcours terminé;621.52
3508;27/05/2026 18:29:20;;Dossier validé;Parcours terminé;506.11
3509;27/05/2026 18:27:07;Hugo DUBOIS;Dossier validé;Parcours terminé;447.09
3510;27/05/2026 18:27:07;Hugo DUBOIS;Dossier validé;Parcours terminé;916.85
3511;27/05/2026 18:12:51;;Souscription en cours;Signature Contrat;352.29
3512;27/05/2026 18:12:51;;Souscription en cours;Signature Contrat;933.16
3513;27/05/2026 17:58:16;;Dossier validé;Parcours terminé;825.48
3514;27/05/2026 17:58:16;;Dossier validé;Parcours terminé;902.17
3515;27/05/2026 17:55:00;;Souscription en cours;Choix de l'offre et livraison;752.40
3516;27/05/2026 17:55:00;;Souscription en cours;Choix de l'offre et livraison;546.91
3517;27/05/2026 17:54:47;;Dossier validé;Parcours terminé;652.91
3518;27/05/2026 17:54:47;;Dossier validé;Parcours terminé;124.87
3519;27/05/2026 17:46:11;;Souscription en cours;Choix de l'offre et livraison;508.59
3520;27/05/2026 17:46:11;;Souscription en cours;Choix de l'offre et livraison;684.23
3521;27/05/2026 17:42:37;;Souscription en cours;Choix de l'offre et livraison;535.56
3522;27/05/2026 17:42:37;;Souscription en cours;Choix de l'offre et livraison;224.29
3523;27/05/2026 17:40:50;;Souscription non démarrée;Parcours non démarré;702.60
3524;27/05/2026 17:40:50;;Souscription non démarrée;Parcours non démarré;657.14
3525;27/05/2026 17:39:39;;Souscription en cours;Signature Contrat;404.63
3526;27/05/2026 17:39:39;;Souscription en cours;Signature Contrat;164.94
3527;27/05/2026 17:38:28;;Dossier validé;Parcours terminé;919.35
3528;27/05/2026 17:38:28;;Dossier validé;Parcours terminé;480.69
3529;27/05/2026 17:35:23;;Dossier refusé;Signature Contrat;224.73
3530;27/05/2026 17:35:23;;Dossier refusé;Signature Contrat;270.55
3531;27/05/2026 17:33:30;;Souscription non démarrée;Parcours non démarré;415.97
3532;27/05/2026 17:33:30;;Souscription non démarrée;Parcours non démarré;758.85
3533;27/05/2026 17:31:52;;Dossier refusé;Saisie société;439.63
3534;27/05/2026 17:31:52;;Dossier refusé;Saisie société;846.96
3535;27/05/2026 17:31:51;;Dossier refusé;Signature Contrat;224.12
3536;27/05/2026 17:31:51;;Dossier refusé;Signature Contrat;179.67
3537;27/05/2026 17:26:21;;Dossier validé;Parcours terminé;967.43
3538;27/05/2026 17:26:21;;Dossier validé;Parcours terminé;148.65
3539;27/05/2026 17:25:21;;Souscription non démarrée;Parcours non démarré;848.73
3540;27/05/2026 17:25:21;;Souscription non démarrée;Parcours non démarré;466.09
3541;27/05/2026 17:16:56;;Dossier validé;Parcours terminé;397.88
3542;27/05/2026 17:16:56;;Dossier validé;Parcours terminé;755.01
3543;27/05/2026 17:13:52;;Souscription non démarrée;Parcours non démarré;803.93
3544;27/05/2026 17:13:52;;Souscription non démarrée;Parcours non démarré;289.70
3545;27/05/2026 17:11:16;;Dossier validé;Parcours terminé;924.57
3546;27/05/2026 17:11:16;;Dossier validé;Parcours terminé;163.24
3547;27/05/2026 17:09:42;;Souscription en cours;Coordonnées personnelles;372.74
3548;27/05/2026 17:09:42;;Souscription en cours;Coordonnées personnelles;298.72
3549;27/05/2026 17:06:05;;Souscription en cours;Coordonnées personnelles;511.40
3550;27/05/2026 17:06:05;;Souscription en cours;Coordonnées personnelles;366.08
3551;27/05/2026 17:03:09;;Souscription en cours;Coordonnées personnelles;882.34
3552;27/05/2026 17:03:09;;Souscription en cours;Coordonnées personnelles;526.44
3553;27/05/2026 16:52:48;;Souscription en cours;Vérification d'identité;669.37
3554;27/05/2026 16:52:48;;Souscription en cours;Vérification d'identité;573.05
3555;27/05/2026 16:43:42;;Dossier validé;Parcours terminé;385.51
3556;27/05/2026 16:43:42;;Dossier validé;Parcours terminé;569.67
3557;27/05/2026 16:42:59;;Dossier validé;Parcours terminé;346.06
3558;27/05/2026 16:42:59;;Dossier validé;Parcours terminé;210.97
3559;27/05/2026 16:42:24;;Dossier validé;Parcours terminé;542.52
3560;27/05/2026 16:42:24;;Dossier validé;Parcours terminé;438.66
3561;27/05/2026 16:41:00;Z5750800;Dossier validé;Parcours terminé;496.75
3562;27/05/2026 16:41:00;Z5750800;Dossier validé;Parcours terminé;680.31
3563;27/05/2026 16:36:45;;Dossier validé;Parcours terminé;608.58
3564;27/05/2026 16:36:45;;Dossier validé;Parcours terminé;482.87
3565;27/05/2026 16:30:23;;En attente d'analyse Agent - Dossier avec erreurs;Signature Contrat;594.67
3566;27/05/2026 16:30:23;;En attente d'analyse Agent - Dossier avec erreurs;Signature Contrat;442.01
3567;27/05/2026 16:28:40;;Dossier validé;Parcours terminé;591.92
3568;27/05/2026 16:28:40;;Dossier validé;Parcours terminé;953.33
3569;27/05/2026 16:23:40;;Souscription non démarrée;Parcours non démarré;346.75
3570;27/05/2026 16:23:40;;Souscription non démarrée;Parcours non démarré;923.56
3571;27/05/2026 16:20:20;;Souscription en cours;Vérification d'identité;860.17
3572;27/05/2026 16:20:20;;Souscription en cours;Vérification d'identité;479.66
3573;27/05/2026 16:16:57;;Souscription en cours;Choix de l'offre et livraison;118.00
3574;27/05/2026 16:16:57;;Souscription en cours;Choix de l'offre et livraison;688.75
3575;27/05/2026 16:15:51;;Dossier validé;Parcours terminé;673.52
3576;27/05/2026 16:15:51;;Dossier validé;Parcours terminé;860.48
3577;27/05/2026 16:03:13;Hugo MARTIN;Dossier validé;Parcours terminé;165.49
3578;27/05/2026 16:03:13;Hugo MARTIN;Dossier validé;Parcours terminé;497.62
3579;27/05/2026 15:57:36;;Souscription non démarrée;Parcours non démarré;731.47
3580;27/05/2026 15:57:36;;Souscription non démarrée;Parcours non démarré;418.23
3581;27/05/2026 15:56:45;Inès MICHEL;Dossier validé;Parcours terminé;959.11
3582;27/05/2026 15:56:45;Inès MICHEL;Dossier validé;Parcours terminé;885.40
3583;27/05/2026 15:54:56;;Dossier validé;Parcours terminé;789.06
3584;27/05/2026 15:54:56;;Dossier validé;Parcours terminé;898.64
3585;27/05/2026 15:53:36;;Dossier validé;Parcours terminé;166.75
3586;27/05/2026 15:53:36;;Dossier validé;Parcours terminé;991.56
3587;27/05/2026 15:50:38;;Souscription non démarrée;Parcours non démarré;645.92
3588;27/05/2026 15:50:38;;Souscription non démarrée;Parcours non démarré;797.43
3589;27/05/2026 15:49:54;;Souscription en cours;Coordonnées personnelles;753.91
3590;27/05/2026 15:49:54;;Souscription en cours;Coordonnées personnelles;442.06
3591;27/05/2026 15:48:39;;Dossier refusé;Signature Contrat;184.55
3592;27/05/2026 15:48:39;;Dossier refusé;Signature Contrat;592.42
3593;27/05/2026 15:41:17;;Dossier validé;Parcours terminé;718.13
3594;27/05/2026 15:41:17;;Dossier validé;Parcours terminé;170.32
3595;27/05/2026 15:40:52;;Souscription en cours;Coordonnées personnelles;395.90
3596;27/05/2026 15:40:52;;Souscription en cours;Coordonnées personnelles;952.46
3597;27/05/2026 15:36:24;;Souscription non démarrée;Parcours non démarré;815.43
3598;27/05/2026 15:36:24;;Souscription non démarrée;Parcours non démarré;391.23
3599;27/05/2026 15:35:56;;Souscription en cours;Informations complémentaires (Etablissements, etc.);286.70
3600;27/05/2026 15:35:56;;Souscription en cours;Informations complémentaires (Etablissements, etc.);756.92
3601;27/05/2026 15:17:07;;Dossier validé;Parcours terminé;197.36
3602;27/05/2026 15:17:07;;Dossier validé;Parcours terminé;546.94
3603;27/05/2026 15:16:21;;Souscription en cours;Vérification d'identité;508.39
3604;27/05/2026 15:16:21;;Souscription en cours;Vérification d'identité;569.83
3605;27/05/2026 15:14:23;;Souscription en cours;Coordonnées personnelles;250.15
3606;27/05/2026 15:14:23;;Souscription en cours;Coordonnées personnelles;662.71
3607;27/05/2026 15:14:05;;Souscription non démarrée;Parcours non démarré;128.49
3608;27/05/2026 15:14:05;;Souscription non démarrée;Parcours non démarré;464.48
3609;27/05/2026 15:11:31;;Souscription en cours;Choix de l'offre et livraison;934.76
3610;27/05/2026 15:11:31;;Souscription en cours;Choix de l'offre et livraison;713.25
3611;27/05/2026 15:11:05;;Dossier validé;Parcours terminé;882.01
3612;27/05/2026 15:11:05;;Dossier validé;Parcours terminé;136.29
3613;27/05/2026 15:09:02;Hugo DUBOIS;Dossier refusé;Saisie société;644.66
3614;27/05/2026 15:09:02;Hugo DUBOIS;Dossier refusé;Saisie société;607.97
3615;27/05/2026 15:03:44;;Dossier validé;Parcours terminé;817.11
3616;27/05/2026 15:03:44;;Dossier validé;Parcours terminé;575.92
3617;27/05/2026 15:03:18;;Dossier validé;Parcours terminé;557.61
3618;27/05/2026 15:03:18;;Dossier validé;Parcours terminé;783.69
3619;27/05/2026 14:57:08;;Dossier validé;Parcours terminé;817.02
3620;27/05/2026 14:57:08;;Dossier validé;Parcours terminé;174.22
3621;27/05/2026 14:51:25;Hugo MARTIN;Dossier validé;Parcours terminé;587.27
3622;27/05/2026 14:51:25;Hugo MARTIN;Dossier validé;Parcours terminé;958.51
3623;27/05/2026 14:49:44;;Souscription en cours;Coordonnées personnelles;178.44
3624;27/05/2026 14:49:44;;Souscription en cours;Coordonnées personnelles;495.86
3625;27/05/2026 14:43:51;;Souscription non démarrée;Parcours non démarré;141.15
3626;27/05/2026 14:43:51;;Souscription non démarrée;Parcours non démarré;595.18
3627;27/05/2026 14:36:22;;Dossier refusé;Signature Contrat;111.14
3628;27/05/2026 14:36:22;;Dossier refusé;Signature Contrat;419.26
3629;27/05/2026 14:27:05;;En attente d'analyse Agent - Dossier avec erreurs;Signature Contrat;501.21
3630;27/05/2026 14:27:05;;En attente d'analyse Agent - Dossier avec erreurs;Signature Contrat;358.36
3631;27/05/2026 14:25:56;;Souscription en cours;Synchronisation référentiel personne NOVA;940.23
3632;27/05/2026 14:25:56;;Souscription en cours;Synchronisation référentiel personne NOVA;274.57
3633;27/05/2026 14:24:41;;Dossier refusé;Choix de l'offre et livraison;434.24
3634;27/05/2026 14:24:41;;Dossier refusé;Choix de l'offre et livraison;907.65
3635;27/05/2026 14:18:52;;Dossier validé;Parcours terminé;816.01
3636;27/05/2026 14:18:52;;Dossier validé;Parcours terminé;160.86
3637;27/05/2026 14:17:51;;Souscription non démarrée;Parcours non démarré;681.27
3638;27/05/2026 14:17:51;;Souscription non démarrée;Parcours non démarré;981.84
3639;27/05/2026 14:15:20;;Souscription non démarrée;Parcours non démarré;805.39
3640;27/05/2026 14:15:20;;Souscription non démarrée;Parcours non démarré;252.62
3641;27/05/2026 14:10:17;;Dossier validé;Parcours terminé;604.13
3642;27/05/2026 14:10:17;;Dossier validé;Parcours terminé;583.01
3643;27/05/2026 14:00:07;;Souscription en cours;Coordonnées personnelles;307.29
3644;27/05/2026 14:00:07;;Souscription en cours;Coordonnées personnelles;552.87
3645;27/05/2026 13:57:42;;Dossier validé;Parcours terminé;335.42
3646;27/05/2026 13:57:42;;Dossier validé;Parcours terminé;409.77
3647;27/05/2026 13:56:07;;Dossier validé;Parcours terminé;252.64
3648;27/05/2026 13:56:07;;Dossier validé;Parcours terminé;831.98
3649;27/05/2026 13:28:33;;Souscription en cours;Choix de l'offre et livraison;509.70
3650;27/05/2026 13:28:33;;Souscription en cours;Choix de l'offre et livraison;221.65
3651;27/05/2026 13:25:39;;Souscription non démarrée;Parcours non démarré;342.27
3652;27/05/2026 13:25:39;;Souscription non démarrée;Parcours non démarré;966.87
3653;27/05/2026 13:10:38;;Souscription non démarrée;Parcours non démarré;337.11
3654;27/05/2026 13:10:38;;Souscription non démarrée;Parcours non démarré;495.09
3655;27/05/2026 13:09:21;;Souscription en cours;Choix de l'offre et livraison;691.47
3656;27/05/2026 13:09:21;;Souscription en cours;Choix de l'offre et livraison;888.30
3657;27/05/2026 13:06:27;Hugo MARTIN;Dossier validé;Parcours terminé;402.40
3658;27/05/2026 13:06:27;Hugo MARTIN;Dossier validé;Parcours terminé;870.10
3659;27/05/2026 12:34:26;;Dossier validé;Parcours terminé;254.80
3660;27/05/2026 12:34:26;;Dossier validé;Parcours terminé;872.08
3661;27/05/2026 12:31:21;;Dossier validé;Parcours terminé;188.05
3662;27/05/2026 12:31:21;;Dossier validé;Parcours terminé;793.79
3663;27/05/2026 12:28:14;Adam LAURENT;Dossier refusé;Saisie société;825.57
3664;27/05/2026 12:28:14;Adam LAURENT;Dossier refusé;Saisie société;143.08
3665;27/05/2026 12:26:29;;Souscription non démarrée;Parcours non démarré;859.24
3666;27/05/2026 12:26:29;;Souscription non démarrée;Parcours non démarré;500.12
3667;27/05/2026 12:18:54;;Souscription en cours;Coordonnées personnelles;951.28
3668;27/05/2026 12:18:54;;Souscription en cours;Coordonnées personnelles;538.38
3669;27/05/2026 12:08:22;;Souscription en cours;Coordonnées personnelles;916.00
3670;27/05/2026 12:08:22;;Souscription en cours;Coordonnées personnelles;147.01
3671;27/05/2026 12:07:57;;Dossier validé;Parcours terminé;551.65
3672;27/05/2026 12:07:57;;Dossier validé;Parcours terminé;545.00
3673;27/05/2026 11:59:29;;Dossier refusé;Bénéficiaire effectifs;669.08
3674;27/05/2026 11:59:29;;Dossier refusé;Bénéficiaire effectifs;173.11
3675;27/05/2026 11:54:13;Hugo DUBOIS;Dossier refusé;Informations complémentaires (Etablissements, etc.);815.19
3676;27/05/2026 11:54:13;Hugo DUBOIS;Dossier refusé;Informations complémentaires (Etablissements, etc.);412.99
3677;27/05/2026 11:44:49;;Souscription en cours;Coordonnées personnelles;945.09
3678;27/05/2026 11:44:49;;Souscription en cours;Coordonnées personnelles;978.03
3679;27/05/2026 11:35:24;;Souscription en cours;Choix de l'offre et livraison;802.93
3680;27/05/2026 11:35:24;;Souscription en cours;Choix de l'offre et livraison;282.67
3681;27/05/2026 11:30:36;;Dossier validé;Parcours terminé;368.25
3682;27/05/2026 11:30:36;;Dossier validé;Parcours terminé;429.85
3683;27/05/2026 11:30:00;Z5750800;Dossier validé;Parcours terminé;431.43
3684;27/05/2026 11:30:00;Z5750800;Dossier validé;Parcours terminé;547.95
3685;27/05/2026 11:26:53;;En attente d'analyse Agent - Dossier avec erreurs;Signature Contrat;178.66
3686;27/05/2026 11:26:53;;En attente d'analyse Agent - Dossier avec erreurs;Signature Contrat;589.11
3687;27/05/2026 11:24:04;;Dossier refusé;Signature Contrat;307.88
3688;27/05/2026 11:24:04;;Dossier refusé;Signature Contrat;700.07
3689;27/05/2026 11:23:39;;Souscription en cours;Coordonnées personnelles;640.00
3690;27/05/2026 11:23:39;;Souscription en cours;Coordonnées personnelles;222.81
3691;27/05/2026 11:23:00;;Souscription en cours;Coordonnées personnelles;538.82
3692;27/05/2026 11:23:00;;Souscription en cours;Coordonnées personnelles;791.99
3693;27/05/2026 11:21:17;;Dossier validé;Parcours terminé;827.60
3694;27/05/2026 11:21:17;;Dossier validé;Parcours terminé;624.48
3695;27/05/2026 11:14:59;;Souscription en cours;Criblages BE(s);216.07
3696;27/05/2026 11:14:59;;Souscription en cours;Criblages BE(s);963.16
3697;27/05/2026 11:06:46;;Souscription en cours;Choix de l'offre et livraison;217.62
3698;27/05/2026 11:06:46;;Souscription en cours;Choix de l'offre et livraison;201.65
3699;27/05/2026 11:06:46;;Dossier validé;Parcours terminé;780.34
3700;27/05/2026 11:06:46;;Dossier validé;Parcours terminé;701.11
3701;27/05/2026 11:05:08;;Souscription non démarrée;Parcours non démarré;706.44
3702;27/05/2026 11:05:08;;Souscription non démarrée;Parcours non démarré;677.70
3703;27/05/2026 11:03:13;Hugo MARTIN;Dossier refusé;Signature Contrat;335.70
3704;27/05/2026 11:03:13;Hugo MARTIN;Dossier refusé;Signature Contrat;101.13
3705;27/05/2026 11:01:16;;Souscription en cours;Vérification d'identité;255.72
3706;27/05/2026 11:01:16;;Souscription en cours;Vérification d'identité;565.38
3707;27/05/2026 10:51:27;;Dossier validé;Parcours terminé;833.60
3708;27/05/2026 10:51:27;;Dossier validé;Parcours terminé;285.80
3709;27/05/2026 10:42:56;;Dossier refusé;Saisie société;490.15
3710;27/05/2026 10:42:56;;Dossier refusé;Saisie société;318.96
3711;27/05/2026 10:38:56;;Souscription en cours;Vérification d'identité;522.51
3712;27/05/2026 10:38:56;;Souscription en cours;Vérification d'identité;454.58
3713;27/05/2026 10:38:45;;Souscription en cours;Choix de l'offre et livraison;150.18
3714;27/05/2026 10:38:45;;Souscription en cours;Choix de l'offre et livraison;392.10
3715;27/05/2026 10:34:51;;Souscription non démarrée;Parcours non démarré;187.86
3716;27/05/2026 10:34:51;;Souscription non démarrée;Parcours non démarré;384.58
3717;27/05/2026 10:33:06;;Dossier validé;Parcours terminé;105.05
3718;27/05/2026 10:33:06;;Dossier validé;Parcours terminé;594.56
3719;27/05/2026 10:31:48;;Souscription en cours;Coordonnées personnelles;290.09
3720;27/05/2026 10:31:48;;Souscription en cours;Coordonnées personnelles;815.04
3721;27/05/2026 10:31:28;;Souscription en cours;Coordonnées personnelles;932.23
3722;27/05/2026 10:31:28;;Souscription en cours;Coordonnées personnelles;918.78
3723;27/05/2026 10:26:36;;Souscription en cours;Vérification d'identité;787.95
3724;27/05/2026 10:26:36;;Souscription en cours;Vérification d'identité;540.78
3725;27/05/2026 10:25:42;;Dossier validé;Parcours terminé;397.16
3726;27/05/2026 10:25:42;;Dossier validé;Parcours terminé;615.74
3727;27/05/2026 10:14:17;;Souscription non démarrée;Parcours non démarré;994.37
3728;27/05/2026 10:14:17;;Souscription non démarrée;Parcours non démarré;193.70
3729;27/05/2026 10:04:04;;Dossier validé;Parcours terminé;636.60
3730;27/05/2026 10:04:04;;Dossier validé;Parcours terminé;626.43
3731;27/05/2026 10:03:30;;Souscription en cours;Coordonnées personnelles;498.22
3732;27/05/2026 10:03:30;;Souscription en cours;Coordonnées personnelles;271.02
3733;27/05/2026 10:02:41;;Dossier validé;Parcours terminé;949.28
3734;27/05/2026 10:02:41;;Dossier validé;Parcours terminé;615.49
3735;27/05/2026 09:56:05;;Dossier validé;Parcours terminé;898.30
3736;27/05/2026 09:56:05;;Dossier validé;Parcours terminé;301.42
3737;27/05/2026 09:51:17;;Dossier validé;Parcours terminé;349.86
3738;27/05/2026 09:51:17;;Dossier validé;Parcours terminé;485.52
3739;27/05/2026 09:50:20;;Souscription en cours;Coordonnées personnelles;529.35
3740;27/05/2026 09:50:20;;Souscription en cours;Coordonnées personnelles;751.03
3741;27/05/2026 09:43:25;Hugo MARTIN;Dossier refusé;Saisie société;132.54
3742;27/05/2026 09:43:25;Hugo MARTIN;Dossier refusé;Saisie société;232.76
3743;27/05/2026 09:31:38;;Dossier validé;Parcours terminé;632.72
3744;27/05/2026 09:31:38;;Dossier validé;Parcours terminé;719.96
3745;27/05/2026 09:04:27;;Souscription en cours;Vérification d'identité;199.38
3746;27/05/2026 09:04:27;;Souscription en cours;Vérification d'identité;506.64
3747;27/05/2026 08:51:42;;Dossier validé;Parcours terminé;988.99
3748;27/05/2026 08:51:42;;Dossier validé;Parcours terminé;637.57
3749;27/05/2026 08:40:57;;Dossier refusé;Saisie société;722.11
3750;27/05/2026 08:40:57;;Dossier refusé;Saisie société;158.45
3751;27/05/2026 08:39:55;;Dossier validé;Parcours terminé;743.10
3752;27/05/2026 08:39:55;;Dossier validé;Parcours terminé;178.97
3753;27/05/2026 08:36:38;;En attente d'analyse Agent - Dossier avec erreurs;Signature Contrat;170.48
3754;27/05/2026 08:36:38;;En attente d'analyse Agent - Dossier avec erreurs;Signature Contrat;661.75
3755;27/05/2026 08:16:09;;Dossier validé;Parcours terminé;970.08
3756;27/05/2026 08:16:09;;Dossier validé;Parcours terminé;717.09
3757;27/05/2026 08:07:53;;Souscription en cours;Coordonnées personnelles;193.46
3758;27/05/2026 08:07:53;;Souscription en cours;Coordonnées personnelles;594.17
3759;27/05/2026 08:04:27;;Souscription non démarrée;Parcours non démarré;103.91
3760;27/05/2026 08:04:27;;Souscription non démarrée;Parcours non démarré;504.83
3761;27/05/2026 07:53:33;;Souscription en cours;Synchronisation référentiel personne NOVA;501.43
3762;27/05/2026 07:53:33;;Souscription en cours;Synchronisation référentiel personne NOVA;946.07
3763;27/05/2026 07:48:28;;Dossier refusé;Saisie société;255.45
3764;27/05/2026 07:48:28;;Dossier refusé;Saisie société;555.24
3765;27/05/2026 07:47:41;;Souscription en cours;Choix de l'offre et livraison;959.97
3766;27/05/2026 07:47:41;;Souscription en cours;Choix de l'offre et livraison;398.51
3767;27/05/2026 07:31:07;;Dossier validé;Parcours terminé;738.35
3768;27/05/2026 07:31:07;;Dossier validé;Parcours terminé;115.78
3769;27/05/2026 03:52:13;;Souscription non démarrée;Parcours non démarré;955.38
3770;27/05/2026 03:52:13;;Souscription non démarrée;Parcours non démarré;371.70
3771;27/05/2026 03:23:18;;Souscription en cours;Vérification d'identité;401.62
3772;27/05/2026 03:23:18;;Souscription en cours;Vérification d'identité;155.56
3773;27/05/2026 02:35:34;;Souscription en cours;Informations complémentaires (Etablissements, etc.);209.39
3774;27/05/2026 02:35:34;;Souscription en cours;Informations complémentaires (Etablissements, etc.);381.25
3775;27/05/2026 02:26:37;;Dossier refusé;Saisie société;486.81
3776;27/05/2026 02:26:37;;Dossier refusé;Saisie société;473.61
3777;27/05/2026 01:44:31;;Souscription en cours;Informations complémentaires (Etablissements, etc.);397.32
3778;27/05/2026 01:44:31;;Souscription en cours;Informations complémentaires (Etablissements, etc.);445.72
3779;27/05/2026 01:23:59;;Souscription en cours;Coordonnées personnelles;898.89
3780;27/05/2026 01:23:59;;Souscription en cours;Coordonnées personnelles;226.09
3781;27/05/2026 01:15:15;;Souscription en cours;Coordonnées personnelles;738.36
3782;27/05/2026 01:15:15;;Souscription en cours;Coordonnées personnelles;648.42
3783;27/05/2026 00:50:00;;Souscription en cours;Coordonnées personnelles;809.29
3784;27/05/2026 00:50:00;;Souscription en cours;Coordonnées personnelles;717.75
3785;27/05/2026 00:48:36;;Souscription en cours;Signature Contrat;988.94
3786;27/05/2026 00:48:36;;Souscription en cours;Signature Contrat;945.28
3787;27/05/2026 00:46:37;Hugo MARTIN;Dossier validé;Parcours terminé;777.68
3788;27/05/2026 00:46:37;Hugo MARTIN;Dossier validé;Parcours terminé;570.77
3789;27/05/2026 00:42:05;;En attente d'analyse Agent - Dossier avec erreurs;Signature Contrat;711.19
3790;27/05/2026 00:42:05;;En attente d'analyse Agent - Dossier avec erreurs;Signature Contrat;995.20
3791;27/05/2026 00:29:14;;Dossier validé;Parcours terminé;231.96
3792;27/05/2026 00:29:14;;Dossier validé;Parcours terminé;415.24
3793;27/05/2026 00:23:21;;Souscription en cours;Coordonnées personnelles;644.19
3794;27/05/2026 00:23:21;;Souscription en cours;Coordonnées personnelles;870.82
3795;27/05/2026 00:20:41;;Dossier refusé;Informations complémentaires (CA, Profession, etc.);418.27
3796;27/05/2026 00:20:41;;Dossier refusé;Informations complémentaires (CA, Profession, etc.);856.03
3797;27/05/2026 00:03:45;;Dossier refusé;Parcours non démarré;209.63
3798;27/05/2026 00:03:45;;Dossier refusé;Parcours non démarré;936.35
3799;26/05/2026 23:43:18;;Dossier validé;Parcours terminé;882.28
3800;26/05/2026 23:43:18;;Dossier validé;Parcours terminé;233.21
3801;26/05/2026 23:38:39;;Souscription en cours;Coordonnées personnelles;426.76
3802;26/05/2026 23:38:39;;Souscription en cours;Coordonnées personnelles;295.84
3803;26/05/2026 23:36:11;;Souscription en cours;Informations complémentaires (Etablissements, etc.);302.87
3804;26/05/2026 23:36:11;;Souscription en cours;Informations complémentaires (Etablissements, etc.);947.75
3805;26/05/2026 23:15:06;;Souscription non démarrée;Parcours non démarré;304.18
3806;26/05/2026 23:15:06;;Souscription non démarrée;Parcours non démarré;312.06
3807;26/05/2026 23:12:15;;Souscription en cours;Coordonnées personnelles;927.73
3808;26/05/2026 23:12:15;;Souscription en cours;Coordonnées personnelles;358.82
3809;26/05/2026 23:12:09;;Souscription en cours;Vérification d'identité;369.84
3810;26/05/2026 23:12:09;;Souscription en cours;Vérification d'identité;212.78
3811;26/05/2026 23:06:12;;Dossier validé;Parcours terminé;535.41
3812;26/05/2026 23:06:12;;Dossier validé;Parcours terminé;923.40
3813;26/05/2026 23:01:29;;Souscription en cours;Choix de l'offre et livraison;569.74
3814;26/05/2026 23:01:29;;Souscription en cours;Choix de l'offre et livraison;217.47
3815;26/05/2026 23:00:32;;Souscription en cours;Criblages BE(s);580.43
3816;26/05/2026 23:00:32;;Souscription en cours;Criblages BE(s);956.30
3817;26/05/2026 22:25:20;;Dossier refusé;Choix de l'offre et livraison;950.78
3818;26/05/2026 22:25:20;;Dossier refusé;Choix de l'offre et livraison;204.16
3819;26/05/2026 22:25:16;;Souscription en cours;Coordonnées personnelles;282.00
3820;26/05/2026 22:25:16;;Souscription en cours;Coordonnées personnelles;556.68
3821;26/05/2026 22:25:03;;Dossier refusé;Saisie société;108.30
3822;26/05/2026 22:25:03;;Dossier refusé;Saisie société;164.53
3823;26/05/2026 21:59:33;;Souscription en cours;Vérification d'identité;853.04
3824;26/05/2026 21:59:33;;Souscription en cours;Vérification d'identité;853.13
3825;26/05/2026 21:49:09;;Souscription en cours;Coordonnées personnelles;317.65
3826;26/05/2026 21:49:09;;Souscription en cours;Coordonnées personnelles;606.38
3827;26/05/2026 21:39:09;;Souscription en cours;Bénéficiaire effectifs;647.77
3828;26/05/2026 21:39:09;;Souscription en cours;Bénéficiaire effectifs;646.39
3829;26/05/2026 21:30:49;;Dossier refusé;Signature Contrat;845.97
3830;26/05/2026 21:30:49;;Dossier refusé;Signature Contrat;313.94
3831;26/05/2026 21:06:49;Louis MARTIN;Dossier validé;Parcours terminé;347.14
3832;26/05/2026 21:06:49;Louis MARTIN;Dossier validé;Parcours terminé;987.89
3833;26/05/2026 21:06:15;;Dossier validé;Parcours terminé;538.98
3834;26/05/2026 21:06:15;;Dossier validé;Parcours terminé;500.00
3835;26/05/2026 21:00:55;;Dossier validé;Parcours terminé;404.75
3836;26/05/2026 21:00:55;;Dossier validé;Parcours terminé;217.93
3837;26/05/2026 20:55:38;;Dossier validé;Parcours terminé;258.43
3838;26/05/2026 20:55:38;;Dossier validé;Parcours terminé;320.66
3839;26/05/2026 20:48:43;;Souscription en cours;Informations complémentaires (CA, Profession, etc.);114.47
3840;26/05/2026 20:48:43;;Souscription en cours;Informations complémentaires (CA, Profession, etc.);432.48
3841;26/05/2026 20:42:10;;Souscription en cours;Vérification d'identité;823.53
3842;26/05/2026 20:42:10;;Souscription en cours;Vérification d'identité;359.64
3843;26/05/2026 20:38:04;;Dossier validé;Parcours terminé;875.58
3844;26/05/2026 20:38:04;;Dossier validé;Parcours terminé;573.93
3845;26/05/2026 20:29:30;;En attente d'analyse Agent - Dossier avec erreurs;Signature Contrat;600.79
3846;26/05/2026 20:29:30;;En attente d'analyse Agent - Dossier avec erreurs;Signature Contrat;422.64
3847;26/05/2026 20:25:33;;Dossier validé;Parcours terminé;141.05
3848;26/05/2026 20:25:33;;Dossier validé;Parcours terminé;271.57
3849;26/05/2026 20:16:25;;Souscription en cours;Signature Contrat;759.78
3850;26/05/2026 20:16:25;;Souscription en cours;Signature Contrat;140.30
3851;26/05/2026 19:49:29;;Dossier validé;Parcours terminé;981.19
3852;26/05/2026 19:49:29;;Dossier validé;Parcours terminé;354.25
3853;26/05/2026 19:48:52;Hugo MARTIN;Dossier refusé;Saisie société;323.40
3854;26/05/2026 19:48:52;Hugo MARTIN;Dossier refusé;Saisie société;748.61
3855;26/05/2026 19:31:34;;Souscription non démarrée;Parcours non démarré;917.79
3856;26/05/2026 19:31:34;;Souscription non démarrée;Parcours non démarré;412.25
3857;26/05/2026 19:28:09;;Dossier validé;Parcours terminé;463.41
3858;26/05/2026 19:28:09;;Dossier validé;Parcours terminé;580.44
3859;26/05/2026 19:08:28;Hugo DUBOIS;Dossier refusé;Saisie société;422.63
3860;26/05/2026 19:08:28;Hugo DUBOIS;Dossier refusé;Saisie société;915.05
3861;26/05/2026 19:05:28;;Souscription en cours;Coordonnées personnelles;905.07
3862;26/05/2026 19:05:28;;Souscription en cours;Coordonnées personnelles;376.81
3863;26/05/2026 19:02:57;;Dossier validé;Parcours terminé;210.12
3864;26/05/2026 19:02:57;;Dossier validé;Parcours terminé;941.55
3865;26/05/2026 18:48:06;;Souscription non démarrée;Parcours non démarré;818.91
3866;26/05/2026 18:48:06;;Souscription non démarrée;Parcours non démarré;591.07
3867;26/05/2026 18:41:19;;Souscription en cours;Coordonnées personnelles;270.31
3868;26/05/2026 18:41:19;;Souscription en cours;Coordonnées personnelles;824.30
3869;26/05/2026 18:25:33;;Dossier validé;Parcours terminé;506.61
3870;26/05/2026 18:25:33;;Dossier validé;Parcours terminé;250.80
3871;26/05/2026 18:24:59;;Dossier refusé;Informations complémentaires (Etablissements, etc.);733.33
3872;26/05/2026 18:24:59;;Dossier refusé;Informations complémentaires (Etablissements, etc.);207.55
3873;26/05/2026 18:21:10;;Souscription non démarrée;Parcours non démarré;702.87
3874;26/05/2026 18:21:10;;Souscription non démarrée;Parcours non démarré;875.62
3875;26/05/2026 18:02:35;;Dossier validé;Parcours terminé;682.53
3876;26/05/2026 18:02:35;;Dossier validé;Parcours terminé;223.01
3877;26/05/2026 17:59:53;;Souscription en cours;Signature Contrat;951.73
3878;26/05/2026 17:59:53;;Souscription en cours;Signature Contrat;881.59
3879;26/05/2026 17:57:49;;Souscription en cours;Signature Contrat;850.86
3880;26/05/2026 17:57:49;;Souscription en cours;Signature Contrat;516.77
3881;26/05/2026 17:52:31;;Dossier validé;Parcours terminé;236.92
3882;26/05/2026 17:52:31;;Dossier validé;Parcours terminé;398.25
3883;26/05/2026 17:37:58;;Dossier validé;Parcours terminé;198.14
3884;26/05/2026 17:37:58;;Dossier validé;Parcours terminé;696.91
3885;26/05/2026 17:31:12;;Souscription en cours;Vérification d'identité;962.85
3886;26/05/2026 17:31:12;;Souscription en cours;Vérification d'identité;947.70
3887;26/05/2026 17:28:39;;Dossier refusé;Choix de l'offre et livraison;140.37
3888;26/05/2026 17:28:39;;Dossier refusé;Choix de l'offre et livraison;283.15
3889;26/05/2026 17:27:52;;En attente d'analyse Agent - Dossier avec erreurs;Signature Contrat;231.54
3890;26/05/2026 17:27:52;;En attente d'analyse Agent - Dossier avec erreurs;Signature Contrat;219.29
3891;26/05/2026 17:24:15;;Souscription non démarrée;Parcours non démarré;101.73
3892;26/05/2026 17:24:15;;Souscription non démarrée;Parcours non démarré;452.33
3893;26/05/2026 17:22:25;;Dossier refusé;Saisie société;828.94
3894;26/05/2026 17:22:25;;Dossier refusé;Saisie société;587.27
3895;26/05/2026 17:15:53;;Souscription en cours;Vérification d'identité;872.77
3896;26/05/2026 17:15:53;;Souscription en cours;Vérification d'identité;186.56
3897;26/05/2026 17:15:47;;Dossier validé;Parcours terminé;439.90
3898;26/05/2026 17:15:47;;Dossier validé;Parcours terminé;150.61
3899;26/05/2026 17:15:38;;Souscription en cours;Signature Contrat;912.38
3900;26/05/2026 17:15:38;;Souscription en cours;Signature Contrat;758.65
3901;26/05/2026 17:15:26;;Dossier validé;Parcours terminé;469.09
3902;26/05/2026 17:15:26;;Dossier validé;Parcours terminé;551.09
3903;26/05/2026 17:02:25;;En attente d'analyse Agent - Dossier avec erreurs;Signature Contrat;617.41
3904;26/05/2026 17:02:25;;En attente d'analyse Agent - Dossier avec erreurs;Signature Contrat;362.04
3905;26/05/2026 17:00:14;;Dossier validé;Parcours terminé;936.10
3906;26/05/2026 17:00:14;;Dossier validé;Parcours terminé;413.18
3907;26/05/2026 16:56:12;;Dossier refusé;Saisie société;527.45
3908;26/05/2026 16:56:12;;Dossier refusé;Saisie société;205.72
3909;26/05/2026 16:52:26;;Souscription en cours;Informations complémentaires (Etablissements, etc.);596.43
3910;26/05/2026 16:52:26;;Souscription en cours;Informations complémentaires (Etablissements, etc.);433.24
3911;26/05/2026 16:39:22;;Dossier validé;Parcours terminé;443.81
3912;26/05/2026 16:39:22;;Dossier validé;Parcours terminé;431.86
3913;26/05/2026 16:38:42;;Dossier refusé;Saisie société;919.03
3914;26/05/2026 16:38:42;;Dossier refusé;Saisie société;704.50
3915;26/05/2026 16:36:44;;Dossier validé;Parcours terminé;916.32
3916;26/05/2026 16:36:44;;Dossier validé;Parcours terminé;671.62
3917;26/05/2026 16:33:41;;Dossier validé;Parcours terminé;886.13
3918;26/05/2026 16:33:41;;Dossier validé;Parcours terminé;230.34
3919;26/05/2026 16:32:45;;Souscription en cours;Informations complémentaires (CA, Profession, etc.);676.57
3920;26/05/2026 16:32:45;;Souscription en cours;Informations complémentaires (CA, Profession, etc.);181.39
3921;26/05/2026 16:29:20;;Dossier refusé;Signature Contrat;887.48
3922;26/05/2026 16:29:20;;Dossier refusé;Signature Contrat;420.52
3923;26/05/2026 16:26:23;;Dossier refusé;Choix de l'offre et livraison;786.03
3924;26/05/2026 16:26:23;;Dossier refusé;Choix de l'offre et livraison;884.43
3925;26/05/2026 16:24:40;;Souscription en cours;Coordonnées personnelles;844.15
3926;26/05/2026 16:24:40;;Souscription en cours;Coordonnées personnelles;432.05
3927;26/05/2026 16:13:21;;Souscription en cours;Coordonnées personnelles;943.36
3928;26/05/2026 16:13:21;;Souscription en cours;Coordonnées personnelles;793.76
3929;26/05/2026 16:13:15;;Souscription en cours;Signature Contrat;650.75
3930;26/05/2026 16:13:15;;Souscription en cours;Signature Contrat;463.02
3931;26/05/2026 16:11:29;;Dossier validé;Parcours terminé;335.01
3932;26/05/2026 16:11:29;;Dossier validé;Parcours terminé;859.91
3933;26/05/2026 16:10:45;;Souscription en cours;Coordonnées personnelles;211.52
3934;26/05/2026 16:10:45;;Souscription en cours;Coordonnées personnelles;838.99
3935;26/05/2026 16:06:23;;Souscription en cours;Choix de l'offre et livraison;518.96
3936;26/05/2026 16:06:23;;Souscription en cours;Choix de l'offre et livraison;132.38
3937;26/05/2026 16:04:22;;Souscription en cours;Informations complémentaires (Etablissements, etc.);705.99
3938;26/05/2026 16:04:22;;Souscription en cours;Informations complémentaires (Etablissements, etc.);258.57
3939;26/05/2026 16:03:44;;Souscription en cours;Coordonnées personnelles;304.11
3940;26/05/2026 16:03:44;;Souscription en cours;Coordonnées personnelles;464.93
3941;26/05/2026 16:02:49;;Souscription en cours;Coordonnées personnelles;752.55
3942;26/05/2026 16:02:49;;Souscription en cours;Coordonnées personnelles;961.46
3943;26/05/2026 15:58:11;;Souscription en cours;Synchronisation référentiel personne NOVA;560.78
3944;26/05/2026 15:58:11;;Souscription en cours;Synchronisation référentiel personne NOVA;818.41
3945;26/05/2026 15:47:41;;Dossier validé;Parcours terminé;563.99
3946;26/05/2026 15:47:41;;Dossier validé;Parcours terminé;226.85
3947;26/05/2026 15:41:11;;Dossier refusé;Saisie société;406.85
3948;26/05/2026 15:41:11;;Dossier refusé;Saisie société;171.27
3949;26/05/2026 15:36:53;;Souscription non démarrée;Parcours non démarré;545.60
3950;26/05/2026 15:36:53;;Souscription non démarrée;Parcours non démarré;645.13
3951;26/05/2026 15:36:21;;Dossier validé;Parcours terminé;561.15
3952;26/05/2026 15:36:21;;Dossier validé;Parcours terminé;382.33
3953;26/05/2026 15:20:10;;Souscription en cours;Coordonnées personnelles;337.42
3954;26/05/2026 15:20:10;;Souscription en cours;Coordonnées personnelles;367.34
3955;26/05/2026 15:20:02;Hugo MARTIN;Dossier validé;Parcours terminé;578.39
3956;26/05/2026 15:20:02;Hugo MARTIN;Dossier validé;Parcours terminé;784.06
3957;26/05/2026 15:16:55;;Souscription non démarrée;Parcours non démarré;745.34
3958;26/05/2026 15:16:55;;Souscription non démarrée;Parcours non démarré;630.01
3959;26/05/2026 15:12:00;;Souscription en cours;Coordonnées personnelles;718.25
3960;26/05/2026 15:12:00;;Souscription en cours;Coordonnées personnelles;378.61
3961;26/05/2026 15:04:08;;Souscription en cours;Choix de l'offre et livraison;384.06
3962;26/05/2026 15:04:08;;Souscription en cours;Choix de l'offre et livraison;619.48
3963;26/05/2026 15:03:38;Hugo MARTIN;Dossier validé;Parcours terminé;994.22
3964;26/05/2026 15:03:38;Hugo MARTIN;Dossier validé;Parcours terminé;350.95
3965;26/05/2026 15:01:42;;Souscription en cours;Signature Contrat;520.68
3966;26/05/2026 15:01:42;;Souscription en cours;Signature Contrat;229.56
3967;26/05/2026 15:01:05;;Souscription en cours;Synchronisation référentiel personne NOVA;689.68
3968;26/05/2026 15:01:05;;Souscription en cours;Synchronisation référentiel personne NOVA;137.76
3969;26/05/2026 15:00:35;;Dossier validé;Parcours terminé;920.57
3970;26/05/2026 15:00:35;;Dossier validé;Parcours terminé;707.34
3971;26/05/2026 14:57:12;;Souscription en cours;Bénéficiaire effectifs;919.18
3972;26/05/2026 14:57:12;;Souscription en cours;Bénéficiaire effectifs;278.03
3973;26/05/2026 14:54:40;;Dossier validé;Parcours terminé;353.92
3974;26/05/2026 14:54:40;;Dossier validé;Parcours terminé;587.79
3975;26/05/2026 14:54:25;;Dossier validé;Parcours terminé;547.90
3976;26/05/2026 14:54:25;;Dossier validé;Parcours terminé;731.09
3977;26/05/2026 14:54:00;;Dossier validé;Parcours terminé;504.97
3978;26/05/2026 14:54:00;;Dossier validé;Parcours terminé;262.74
3979;26/05/2026 14:51:53;;Dossier refusé;Saisie société;244.12
3980;26/05/2026 14:51:53;;Dossier refusé;Saisie société;136.08
3981;26/05/2026 14:51:50;;Dossier validé;Parcours terminé;801.36
3982;26/05/2026 14:51:50;;Dossier validé;Parcours terminé;342.99
3983;26/05/2026 14:43:09;;Dossier validé;Parcours terminé;986.12
3984;26/05/2026 14:43:09;;Dossier validé;Parcours terminé;973.31
3985;26/05/2026 14:40:51;;Souscription non démarrée;Parcours non démarré;630.98
3986;26/05/2026 14:40:51;;Souscription non démarrée;Parcours non démarré;938.64
3987;26/05/2026 14:31:09;;Dossier validé;Parcours terminé;927.29
3988;26/05/2026 14:31:09;;Dossier validé;Parcours terminé;578.52
3989;26/05/2026 14:27:38;;Souscription en cours;Synchronisation référentiel personne NOVA;705.08
3990;26/05/2026 14:27:38;;Souscription en cours;Synchronisation référentiel personne NOVA;470.11
3991;26/05/2026 14:22:28;;Dossier validé;Parcours terminé;503.71
3992;26/05/2026 14:22:28;;Dossier validé;Parcours terminé;295.90
3993;26/05/2026 14:19:19;;Souscription en cours;Coordonnées personnelles;699.17
3994;26/05/2026 14:19:19;;Souscription en cours;Coordonnées personnelles;190.38
3995;26/05/2026 14:13:01;;Souscription en cours;Coordonnées personnelles;704.65
3996;26/05/2026 14:13:01;;Souscription en cours;Coordonnées personnelles;936.21
3997;26/05/2026 14:11:14;;Dossier refusé;Informations complémentaires (CA, Profession, etc.);281.03
3998;26/05/2026 14:11:14;;Dossier refusé;Informations complémentaires (CA, Profession, etc.);724.66
3999;26/05/2026 14:08:02;;Souscription en cours;Coordonnées personnelles;215.43
4000;26/05/2026 14:08:02;;Souscription en cours;Coordonnées personnelles;569.71
4001;26/05/2026 14:02:54;;Dossier validé;Parcours terminé;590.36
4002;26/05/2026 14:02:54;;Dossier validé;Parcours terminé;720.65
4003;26/05/2026 13:56:14;;Souscription en cours;Coordonnées personnelles;375.77
4004;26/05/2026 13:56:14;;Souscription en cours;Coordonnées personnelles;536.33
4005;26/05/2026 13:56:01;;Dossier validé;Parcours terminé;893.27
4006;26/05/2026 13:56:01;;Dossier validé;Parcours terminé;471.62
4007;26/05/2026 13:53:58;;Souscription en cours;Coordonnées personnelles;898.44
4008;26/05/2026 13:53:58;;Souscription en cours;Coordonnées personnelles;810.10
4009;26/05/2026 13:53:06;;Souscription en cours;Signature Contrat;658.97
4010;26/05/2026 13:53:06;;Souscription en cours;Signature Contrat;528.06
4011;26/05/2026 13:43:39;;Dossier validé;Parcours terminé;345.25
4012;26/05/2026 13:43:39;;Dossier validé;Parcours terminé;481.73
4013;26/05/2026 13:16:00;;Souscription non démarrée;Parcours non démarré;280.55
4014;26/05/2026 13:16:00;;Souscription non démarrée;Parcours non démarré;326.74
4015;26/05/2026 13:05:58;;Dossier refusé;Signature Contrat;978.48
4016;26/05/2026 13:05:58;;Dossier refusé;Signature Contrat;155.06
4017;26/05/2026 13:02:28;;Dossier validé;Parcours terminé;816.06
4018;26/05/2026 13:02:28;;Dossier validé;Parcours terminé;119.46
4019;26/05/2026 12:55:14;;Souscription en cours;Choix de l'offre et livraison;968.54
4020;26/05/2026 12:55:14;;Souscription en cours;Choix de l'offre et livraison;652.93
4021;26/05/2026 12:43:18;;Souscription en cours;Choix de l'offre et livraison;976.96
4022;26/05/2026 12:43:18;;Souscription en cours;Choix de l'offre et livraison;430.45
4023;26/05/2026 12:40:10;;Dossier validé;Parcours terminé;416.11
4024;26/05/2026 12:40:10;;Dossier validé;Parcours terminé;880.56
4025;26/05/2026 12:29:17;;Souscription en cours;Choix de l'offre et livraison;268.14
4026;26/05/2026 12:29:17;;Souscription en cours;Choix de l'offre et livraison;534.18
4027;26/05/2026 12:24:07;;Souscription en cours;Coordonnées personnelles;439.12
4028;26/05/2026 12:24:07;;Souscription en cours;Coordonnées personnelles;647.99
4029;26/05/2026 12:21:22;;Souscription non démarrée;Parcours non démarré;148.75
4030;26/05/2026 12:21:22;;Souscription non démarrée;Parcours non démarré;596.02
4031;26/05/2026 12:19:55;;Souscription non démarrée;Parcours non démarré;855.89
4032;26/05/2026 12:19:55;;Souscription non démarrée;Parcours non démarré;676.61
4033;26/05/2026 12:18:18;;En attente d'analyse Agent - Dossier avec erreurs;Signature Contrat;402.28
4034;26/05/2026 12:18:18;;En attente d'analyse Agent - Dossier avec erreurs;Signature Contrat;815.84
4035;26/05/2026 12:16:25;;Souscription en cours;Coordonnées personnelles;529.17
4036;26/05/2026 12:16:25;;Souscription en cours;Coordonnées personnelles;674.34
4037;26/05/2026 12:14:36;;Souscription en cours;Coordonnées personnelles;830.41
4038;26/05/2026 12:14:36;;Souscription en cours;Coordonnées personnelles;865.97
4039;26/05/2026 12:11:47;;Souscription en cours;Choix de l'offre et livraison;508.73
4040;26/05/2026 12:11:47;;Souscription en cours;Choix de l'offre et livraison;653.76
4041;26/05/2026 12:05:53;;Souscription non démarrée;Parcours non démarré;484.31
4042;26/05/2026 12:05:53;;Souscription non démarrée;Parcours non démarré;137.88
4043;26/05/2026 11:58:48;;Dossier validé;Parcours terminé;221.66
4044;26/05/2026 11:58:48;;Dossier validé;Parcours terminé;465.79
4045;26/05/2026 11:56:44;;Dossier validé;Parcours terminé;176.35
4046;26/05/2026 11:56:44;;Dossier validé;Parcours terminé;774.52
4047;26/05/2026 11:56:39;Hugo DUBOIS;Dossier validé;Parcours terminé;387.75
4048;26/05/2026 11:56:39;Hugo DUBOIS;Dossier validé;Parcours terminé;407.09
4049;26/05/2026 11:54:59;;Souscription en cours;Coordonnées personnelles;457.09
4050;26/05/2026 11:54:59;;Souscription en cours;Coordonnées personnelles;227.35
4051;26/05/2026 11:41:43;;En attente d'analyse Agent - Dossier avec erreurs;Signature Contrat;185.07
4052;26/05/2026 11:41:43;;En attente d'analyse Agent - Dossier avec erreurs;Signature Contrat;144.36
4053;26/05/2026 11:39:05;;Dossier refusé;Signature Contrat;555.42
4054;26/05/2026 11:39:05;;Dossier refusé;Signature Contrat;369.76
4055;26/05/2026 11:31:45;;Souscription non démarrée;Parcours non démarré;376.41
4056;26/05/2026 11:31:45;;Souscription non démarrée;Parcours non démarré;314.77
4057;26/05/2026 11:29:09;;Souscription en cours;Coordonnées personnelles;283.45
4058;26/05/2026 11:29:09;;Souscription en cours;Coordonnées personnelles;885.12
4059;26/05/2026 11:28:10;;Souscription en cours;Coordonnées personnelles;831.61
4060;26/05/2026 11:28:10;;Souscription en cours;Coordonnées personnelles;454.89
4061;26/05/2026 11:27:41;;Dossier validé;Parcours terminé;522.47
4062;26/05/2026 11:27:41;;Dossier validé;Parcours terminé;650.04
4063;26/05/2026 11:26:18;;Dossier validé;Parcours terminé;374.66
4064;26/05/2026 11:26:18;;Dossier validé;Parcours terminé;359.97
4065;26/05/2026 11:25:03;;Souscription en cours;Choix de l'offre et livraison;613.03
4066;26/05/2026 11:25:03;;Souscription en cours;Choix de l'offre et livraison;880.80
4067;26/05/2026 11:23:51;;Souscription en cours;Choix de l'offre et livraison;444.58
4068;26/05/2026 11:23:51;;Souscription en cours;Choix de l'offre et livraison;714.86
4069;26/05/2026 11:11:41;;Dossier validé;Parcours terminé;429.12
4070;26/05/2026 11:11:41;;Dossier validé;Parcours terminé;933.86
4071;26/05/2026 11:04:55;;Souscription en cours;Coordonnées personnelles;261.06
4072;26/05/2026 11:04:55;;Souscription en cours;Coordonnées personnelles;832.82
4073;26/05/2026 11:00:06;;Dossier validé;Parcours terminé;296.01
4074;26/05/2026 11:00:06;;Dossier validé;Parcours terminé;789.02
4075;26/05/2026 11:00:00;;Dossier refusé;Signature Contrat;855.07
4076;26/05/2026 11:00:00;;Dossier refusé;Signature Contrat;675.97
4077;26/05/2026 10:54:48;;Souscription en cours;Choix de l'offre et livraison;873.85
4078;26/05/2026 10:54:48;;Souscription en cours;Choix de l'offre et livraison;689.52
4079;26/05/2026 10:54:19;;Souscription non démarrée;Parcours non démarré;538.20
4080;26/05/2026 10:54:19;;Souscription non démarrée;Parcours non démarré;331.67
4081;26/05/2026 10:46:48;;Dossier validé;Parcours terminé;974.63
4082;26/05/2026 10:46:48;;Dossier validé;Parcours terminé;543.41
4083;26/05/2026 10:40:44;;Souscription en cours;Coordonnées personnelles;857.70
4084;26/05/2026 10:40:44;;Souscription en cours;Coordonnées personnelles;759.46
4085;26/05/2026 10:40:12;;Dossier validé;Parcours terminé;522.69
4086;26/05/2026 10:40:12;;Dossier validé;Parcours terminé;403.19
4087;26/05/2026 10:39:19;;Dossier validé;Parcours terminé;886.20
4088;26/05/2026 10:39:19;;Dossier validé;Parcours terminé;825.62
4089;26/05/2026 10:39:01;;Dossier validé;Parcours terminé;831.08
4090;26/05/2026 10:39:01;;Dossier validé;Parcours terminé;644.73
4091;26/05/2026 10:38:24;;Dossier validé;Parcours terminé;961.89
4092;26/05/2026 10:38:24;;Dossier validé;Parcours terminé;119.36
4093;26/05/2026 10:36:30;;Souscription en cours;Choix de l'offre et livraison;412.75
4094;26/05/2026 10:36:30;;Souscription en cours;Choix de l'offre et livraison;271.77
4095;26/05/2026 10:35:39;;Souscription non démarrée;Parcours non démarré;428.46
4096;26/05/2026 10:35:39;;Souscription non démarrée;Parcours non démarré;276.31
4097;26/05/2026 10:14:52;;Dossier validé;Parcours terminé;680.77
4098;26/05/2026 10:14:52;;Dossier validé;Parcours terminé;716.08
4099;26/05/2026 10:13:52;;Souscription en cours;Vérification d'identité;633.10
4100;26/05/2026 10:13:52;;Souscription en cours;Vérification d'identité;873.42
4101;26/05/2026 10:06:06;;Souscription en cours;Choix de l'offre et livraison;939.68
4102;26/05/2026 10:06:06;;Souscription en cours;Choix de l'offre et livraison;618.51
4103;26/05/2026 09:52:27;;Souscription en cours;Synchronisation référentiel personne NOVA;384.83
4104;26/05/2026 09:52:27;;Souscription en cours;Synchronisation référentiel personne NOVA;128.97
4105;26/05/2026 09:47:30;;Souscription en cours;Coordonnées personnelles;573.25
4106;26/05/2026 09:47:30;;Souscription en cours;Coordonnées personnelles;461.76
4107;26/05/2026 09:43:03;;Dossier validé;Parcours terminé;349.93
4108;26/05/2026 09:43:03;;Dossier validé;Parcours terminé;539.00
4109;26/05/2026 09:41:11;;Dossier refusé;Saisie société;808.22
4110;26/05/2026 09:41:11;;Dossier refusé;Saisie société;219.40
4111;26/05/2026 09:38:37;;Dossier validé;Parcours terminé;232.23
4112;26/05/2026 09:38:37;;Dossier validé;Parcours terminé;131.63
4113;26/05/2026 09:36:55;;Dossier validé;Parcours terminé;552.53
4114;26/05/2026 09:36:55;;Dossier validé;Parcours terminé;194.82
4115;26/05/2026 09:36:31;;Dossier refusé;Saisie société;385.41
4116;26/05/2026 09:36:31;;Dossier refusé;Saisie société;428.27
4117;26/05/2026 09:35:58;;Souscription en cours;Coordonnées personnelles;195.80
4118;26/05/2026 09:35:58;;Souscription en cours;Coordonnées personnelles;689.38
4119;26/05/2026 09:28:07;;Dossier validé;Parcours terminé;960.69
4120;26/05/2026 09:28:07;;Dossier validé;Parcours terminé;219.46
4121;26/05/2026 09:25:17;;Souscription en cours;Coordonnées personnelles;907.80
4122;26/05/2026 09:25:17;;Souscription en cours;Coordonnées personnelles;600.23
4123;26/05/2026 09:08:58;Z5750800;Dossier validé;Parcours terminé;877.41
4124;26/05/2026 09:08:58;Z5750800;Dossier validé;Parcours terminé;443.13
4125;26/05/2026 09:04:57;;Souscription en cours;Choix de l'offre et livraison;543.82
4126;26/05/2026 09:04:57;;Souscription en cours;Choix de l'offre et livraison;384.59
4127;26/05/2026 08:58:10;;Dossier refusé;Saisie société;925.37
4128;26/05/2026 08:58:10;;Dossier refusé;Saisie société;394.58
4129;26/05/2026 08:40:10;;Souscription en cours;Coordonnées personnelles;355.77
4130;26/05/2026 08:40:10;;Souscription en cours;Coordonnées personnelles;872.54
4131;26/05/2026 08:37:03;;Dossier validé;Parcours terminé;762.26
4132;26/05/2026 08:37:03;;Dossier validé;Parcours terminé;695.25
4133;26/05/2026 08:15:24;;Dossier validé;Parcours terminé;146.90
4134;26/05/2026 08:15:24;;Dossier validé;Parcours terminé;463.26
4135;26/05/2026 08:02:08;;Dossier refusé;Saisie société;246.11
4136;26/05/2026 08:02:08;;Dossier refusé;Saisie société;507.91
4137;26/05/2026 07:57:27;;Dossier validé;Parcours terminé;329.09
4138;26/05/2026 07:57:27;;Dossier validé;Parcours terminé;218.02
4139;26/05/2026 07:52:54;;Dossier validé;Parcours terminé;166.40
4140;26/05/2026 07:52:54;;Dossier validé;Parcours terminé;295.25
4141;26/05/2026 06:17:52;;Souscription en cours;Vérification d'identité;424.40
4142;26/05/2026 06:17:52;;Souscription en cours;Vérification d'identité;732.08
4143;26/05/2026 05:06:07;;Souscription en cours;Coordonnées personnelles;839.47
4144;26/05/2026 05:06:07;;Souscription en cours;Coordonnées personnelles;297.66
4145;26/05/2026 04:54:14;;Dossier validé;Parcours terminé;125.43
4146;26/05/2026 04:54:14;;Dossier validé;Parcours terminé;815.07
4147;26/05/2026 02:56:15;;Souscription en cours;Vérification d'identité;176.35
4148;26/05/2026 02:56:15;;Souscription en cours;Vérification d'identité;906.40
4149;26/05/2026 02:52:09;;Souscription en cours;Coordonnées personnelles;563.61
4150;26/05/2026 02:52:09;;Souscription en cours;Coordonnées personnelles;168.03
4151;26/05/2026 02:47:16;;Dossier validé;Parcours terminé;110.87
4152;26/05/2026 02:47:16;;Dossier validé;Parcours terminé;762.09
4153;26/05/2026 02:14:43;;Dossier refusé;Saisie société;388.28
4154;26/05/2026 02:14:43;;Dossier refusé;Saisie société;637.96
4155;26/05/2026 02:08:38;;Souscription en cours;Informations complémentaires (Etablissements, etc.);571.35
4156;26/05/2026 02:08:38;;Souscription en cours;Informations complémentaires (Etablissements, etc.);695.17
4157;26/05/2026 02:01:23;;Dossier validé;Parcours terminé;589.07
4158;26/05/2026 02:01:23;;Dossier validé;Parcours terminé;269.51
4159;26/05/2026 01:31:26;;Dossier refusé;Saisie société;782.30
4160;26/05/2026 01:31:26;;Dossier refusé;Saisie société;744.52
4161;26/05/2026 00:47:16;;Souscription en cours;Coordonnées personnelles;127.06
4162;26/05/2026 00:47:16;;Souscription en cours;Coordonnées personnelles;949.46
4163;26/05/2026 00:30:17;;Dossier validé;Parcours terminé;608.93
4164;26/05/2026 00:30:17;;Dossier validé;Parcours terminé;475.96
4165;26/05/2026 00:23:57;;Dossier refusé;Saisie société;142.27
4166;26/05/2026 00:23:57;;Dossier refusé;Saisie société;606.99
4167;26/05/2026 00:19:33;;Dossier refusé;Signature Contrat;942.53
4168;26/05/2026 00:19:33;;Dossier refusé;Signature Contrat;454.96
4169;26/05/2026 00:18:12;;Souscription en cours;Signature Contrat;282.37
4170;26/05/2026 00:18:12;;Souscription en cours;Signature Contrat;431.85
4171;26/05/2026 00:15:18;;Dossier refusé;Saisie société;886.15
4172;26/05/2026 00:15:18;;Dossier refusé;Saisie société;382.68
4173;26/05/2026 00:03:32;;Dossier validé;Parcours terminé;455.66
4174;26/05/2026 00:03:32;;Dossier validé;Parcours terminé;279.18
4175;25/05/2026 23:39:41;;Dossier refusé;Saisie société;272.43
4176;25/05/2026 23:39:41;;Dossier refusé;Saisie société;157.50
4177;25/05/2026 23:07:21;;Dossier refusé;Saisie société;492.82
4178;25/05/2026 23:07:21;;Dossier refusé;Saisie société;763.13
4179;25/05/2026 23:06:18;;Souscription en cours;Criblages BE(s);595.36
4180;25/05/2026 23:06:18;;Souscription en cours;Criblages BE(s);702.89
4181;25/05/2026 23:01:39;;Dossier validé;Parcours terminé;252.49
4182;25/05/2026 23:01:39;;Dossier validé;Parcours terminé;458.40
4183;25/05/2026 22:58:19;;Dossier validé;Parcours terminé;564.73
4184;25/05/2026 22:58:19;;Dossier validé;Parcours terminé;788.08
4185;25/05/2026 22:57:23;;Souscription en cours;Bénéficiaire effectifs;248.66
4186;25/05/2026 22:57:23;;Souscription en cours;Bénéficiaire effectifs;489.54
4187;25/05/2026 22:17:42;;Souscription en cours;Coordonnées personnelles;354.36
4188;25/05/2026 22:17:42;;Souscription en cours;Coordonnées personnelles;994.57
4189;25/05/2026 22:07:51;;Dossier validé;Parcours terminé;948.58
4190;25/05/2026 22:07:51;;Dossier validé;Parcours terminé;568.32
4191;25/05/2026 22:01:54;;Souscription en cours;Informations complémentaires (CA, Profession, etc.);269.68
4192;25/05/2026 22:01:54;;Souscription en cours;Informations complémentaires (CA, Profession, etc.);321.15
4193;25/05/2026 21:46:30;;Souscription en cours;Signature Contrat;280.77
4194;25/05/2026 21:46:30;;Souscription en cours;Signature Contrat;959.22
4195;25/05/2026 21:33:54;;Souscription en cours;Choix de l'offre et livraison;136.65
4196;25/05/2026 21:33:54;;Souscription en cours;Choix de l'offre et livraison;534.56
4197;25/05/2026 21:28:58;;Dossier validé;Parcours terminé;755.49
4198;25/05/2026 21:28:58;;Dossier validé;Parcours terminé;814.50
4199;25/05/2026 21:22:56;;Souscription en cours;Coordonnées personnelles;350.70
4200;25/05/2026 21:22:56;;Souscription en cours;Coordonnées personnelles;148.43
4201;25/05/2026 21:13:20;;Dossier validé;Parcours terminé;835.89
4202;25/05/2026 21:13:20;;Dossier validé;Parcours terminé;836.53
4203;25/05/2026 21:09:35;;Souscription en cours;Vérification d'identité;959.32
4204;25/05/2026 21:09:35;;Souscription en cours;Vérification d'identité;726.89
4205;25/05/2026 21:05:18;;Dossier validé;Parcours terminé;521.84
4206;25/05/2026 21:05:18;;Dossier validé;Parcours terminé;297.21
4207;25/05/2026 20:55:03;Manon LEFEBVRE;Dossier refusé;Saisie société;527.84
4208;25/05/2026 20:55:03;Manon LEFEBVRE;Dossier refusé;Saisie société;334.44
4209;25/05/2026 20:40:46;;Dossier refusé;Saisie société;853.23
4210;25/05/2026 20:40:46;;Dossier refusé;Saisie société;918.40
4211;25/05/2026 20:35:28;;Dossier validé;Parcours terminé;802.04
4212;25/05/2026 20:35:28;;Dossier validé;Parcours terminé;750.27
4213;25/05/2026 20:34:10;;Dossier refusé;Saisie société;401.40
4214;25/05/2026 20:34:10;;Dossier refusé;Saisie société;368.58
4215;25/05/2026 20:26:47;;Souscription en cours;Coordonnées personnelles;556.41
4216;25/05/2026 20:26:47;;Souscription en cours;Coordonnées personnelles;669.64
4217;25/05/2026 20:25:22;;Souscription en cours;Vérification d'identité;692.23
4218;25/05/2026 20:25:22;;Souscription en cours;Vérification d'identité;778.83
4219;25/05/2026 19:03:50;;Souscription en cours;Vérification d'identité;569.29
4220;25/05/2026 19:03:50;;Souscription en cours;Vérification d'identité;499.31
4221;25/05/2026 18:59:02;;Dossier validé;Parcours terminé;842.00
4222;25/05/2026 18:59:02;;Dossier validé;Parcours terminé;955.34
4223;25/05/2026 18:55:18;;Dossier validé;Parcours terminé;539.26
4224;25/05/2026 18:55:18;;Dossier validé;Parcours terminé;464.65
4225;25/05/2026 18:46:09;;Souscription en cours;Choix de l'offre et livraison;847.36
4226;25/05/2026 18:46:09;;Souscription en cours;Choix de l'offre et livraison;160.14
4227;25/05/2026 18:42:55;;Souscription en cours;Vérification d'identité;435.40
4228;25/05/2026 18:42:55;;Souscription en cours;Vérification d'identité;480.42
4229;25/05/2026 18:35:46;;Dossier validé;Parcours terminé;139.11
4230;25/05/2026 18:35:46;;Dossier validé;Parcours terminé;145.14
4231;25/05/2026 18:31:53;;Souscription en cours;Choix de l'offre et livraison;347.54
4232;25/05/2026 18:31:53;;Souscription en cours;Choix de l'offre et livraison;502.30
4233;25/05/2026 18:30:28;;Dossier refusé;Bénéficiaire effectifs;594.22
4234;25/05/2026 18:30:28;;Dossier refusé;Bénéficiaire effectifs;391.48
4235;25/05/2026 18:26:14;;Dossier validé;Parcours terminé;335.39
4236;25/05/2026 18:26:14;;Dossier validé;Parcours terminé;109.26
4237;25/05/2026 18:10:37;Hugo MARTIN;Dossier validé;Parcours terminé;403.18
4238;25/05/2026 18:10:37;Hugo MARTIN;Dossier validé;Parcours terminé;646.83
4239;25/05/2026 17:51:28;;Souscription en cours;Choix de l'offre et livraison;944.55
4240;25/05/2026 17:51:28;;Souscription en cours;Choix de l'offre et livraison;988.45
4241;25/05/2026 17:39:50;;Dossier validé;Parcours terminé;730.53
4242;25/05/2026 17:39:50;;Dossier validé;Parcours terminé;240.36
4243;25/05/2026 17:32:04;Adam LAURENT;Dossier validé;Parcours terminé;610.59
4244;25/05/2026 17:32:04;Adam LAURENT;Dossier validé;Parcours terminé;664.52
4245;25/05/2026 17:29:51;;Dossier refusé;Saisie société;164.13
4246;25/05/2026 17:29:51;;Dossier refusé;Saisie société;411.96
4247;25/05/2026 17:26:52;;Dossier validé;Parcours terminé;845.00
4248;25/05/2026 17:26:52;;Dossier validé;Parcours terminé;622.17
4249;25/05/2026 17:24:02;;Souscription non démarrée;Parcours non démarré;774.96
4250;25/05/2026 17:24:02;;Souscription non démarrée;Parcours non démarré;543.67
4251;25/05/2026 17:22:19;;Dossier validé;Parcours terminé;361.04
4252;25/05/2026 17:22:19;;Dossier validé;Parcours terminé;924.33
4253;25/05/2026 17:10:28;;Souscription en cours;Coordonnées personnelles;955.66
4254;25/05/2026 17:10:28;;Souscription en cours;Coordonnées personnelles;187.16
4255;25/05/2026 17:06:47;;Dossier refusé;Signature Contrat;751.50
4256;25/05/2026 17:06:47;;Dossier refusé;Signature Contrat;609.87
4257;25/05/2026 17:00:26;;Souscription en cours;Coordonnées personnelles;642.30
4258;25/05/2026 17:00:26;;Souscription en cours;Coordonnées personnelles;785.08
4259;25/05/2026 16:56:36;;Souscription en cours;Coordonnées personnelles;839.94
4260;25/05/2026 16:56:36;;Souscription en cours;Coordonnées personnelles;749.14
4261;25/05/2026 16:52:49;Hugo MARTIN;Dossier refusé;Saisie société;907.79
4262;25/05/2026 16:52:49;Hugo MARTIN;Dossier refusé;Saisie société;663.63
4263;25/05/2026 16:50:27;;Dossier validé;Parcours terminé;842.80
4264;25/05/2026 16:50:27;;Dossier validé;Parcours terminé;815.43
4265;25/05/2026 16:43:10;;Dossier refusé;Saisie société;650.34
4266;25/05/2026 16:43:10;;Dossier refusé;Saisie société;779.31
4267;25/05/2026 16:42:16;;Souscription en cours;Coordonnées personnelles;301.07
4268;25/05/2026 16:42:16;;Souscription en cours;Coordonnées personnelles;804.08
4269;25/05/2026 16:41:33;;Dossier validé;Parcours terminé;792.75
4270;25/05/2026 16:41:33;;Dossier validé;Parcours terminé;934.79
4271;25/05/2026 16:40:08;;Souscription non démarrée;Parcours non démarré;163.84
4272;25/05/2026 16:40:08;;Souscription non démarrée;Parcours non démarré;961.61
4273;25/05/2026 16:38:36;;Dossier validé;Parcours terminé;814.20
4274;25/05/2026 16:38:36;;Dossier validé;Parcours terminé;790.91
4275;25/05/2026 16:35:38;;Dossier refusé;Signature Contrat;516.65
4276;25/05/2026 16:35:38;;Dossier refusé;Signature Contrat;216.45
4277;25/05/2026 16:33:54;;Dossier validé;Parcours terminé;977.47
4278;25/05/2026 16:33:54;;Dossier validé;Parcours terminé;113.54
4279;25/05/2026 16:32:47;;En attente d'analyse Agent - Dossier avec erreurs;Signature Contrat;629.86
4280;25/05/2026 16:32:47;;En attente d'analyse Agent - Dossier avec erreurs;Signature Contrat;846.79
4281;25/05/2026 16:31:18;;Souscription non démarrée;Parcours non démarré;947.71
4282;25/05/2026 16:31:18;;Souscription non démarrée;Parcours non démarré;540.53
4283;25/05/2026 16:29:33;;Dossier refusé;Saisie société;991.63
4284;25/05/2026 16:29:33;;Dossier refusé;Saisie société;947.56
4285;25/05/2026 16:25:38;;Dossier validé;Parcours terminé;408.53
4286;25/05/2026 16:25:38;;Dossier validé;Parcours terminé;712.43
4287;25/05/2026 16:24:22;;Souscription non démarrée;Parcours non démarré;294.51
4288;25/05/2026 16:24:22;;Souscription non démarrée;Parcours non démarré;245.79
4289;25/05/2026 16:06:17;;Dossier validé;Parcours terminé;406.65
4290;25/05/2026 16:06:17;;Dossier validé;Parcours terminé;473.33
4291;25/05/2026 15:55:45;;Dossier validé;Parcours terminé;175.28
4292;25/05/2026 15:55:45;;Dossier validé;Parcours terminé;675.71
4293;25/05/2026 15:50:20;Hugo MARTIN;Dossier refusé;Saisie société;984.35
4294;25/05/2026 15:50:20;Hugo MARTIN;Dossier refusé;Saisie société;814.82
4295;25/05/2026 15:48:12;;Souscription en cours;Vérification d'identité;577.95
4296;25/05/2026 15:48:12;;Souscription en cours;Vérification d'identité;512.87
4297;25/05/2026 15:43:58;;En attente d'analyse Agent - Dossier avec erreurs;Signature Contrat;123.32
4298;25/05/2026 15:43:58;;En attente d'analyse Agent - Dossier avec erreurs;Signature Contrat;103.70
4299;25/05/2026 15:37:37;;Dossier refusé;Saisie société;663.41
4300;25/05/2026 15:37:37;;Dossier refusé;Saisie société;670.42
4301;25/05/2026 15:32:59;;Dossier validé;Parcours terminé;728.86
4302;25/05/2026 15:32:59;;Dossier validé;Parcours terminé;747.04
4303;25/05/2026 15:31:26;;Dossier validé;Parcours terminé;465.05
4304;25/05/2026 15:31:26;;Dossier validé;Parcours terminé;851.06
4305;25/05/2026 15:30:40;;Souscription en cours;Synchronisation référentiel personne NOVA;476.92
4306;25/05/2026 15:30:40;;Souscription en cours;Synchronisation référentiel personne NOVA;613.29
4307;25/05/2026 15:21:57;;Dossier validé;Parcours terminé;602.52
4308;25/05/2026 15:21:57;;Dossier validé;Parcours terminé;191.91
4309;25/05/2026 15:15:15;;Souscription en cours;Vérification d'identité;497.77
4310;25/05/2026 15:15:15;;Souscription en cours;Vérification d'identité;639.40
4311;25/05/2026 15:02:22;;Souscription en cours;Choix de l'offre et livraison;308.74
4312;25/05/2026 15:02:22;;Souscription en cours;Choix de l'offre et livraison;497.47
4313;25/05/2026 15:00:49;;Dossier refusé;Saisie société;975.57
4314;25/05/2026 15:00:49;;Dossier refusé;Saisie société;466.12
4315;25/05/2026 14:47:48;;Dossier validé;Parcours terminé;725.82
4316;25/05/2026 14:47:48;;Dossier validé;Parcours terminé;722.11
4317;25/05/2026 14:38:27;;Souscription en cours;Coordonnées personnelles;507.04
4318;25/05/2026 14:38:27;;Souscription en cours;Coordonnées personnelles;632.74
4319;25/05/2026 14:23:37;;Dossier validé;Parcours terminé;220.82
4320;25/05/2026 14:23:37;;Dossier validé;Parcours terminé;762.93
4321;25/05/2026 14:04:44;;Dossier refusé;Saisie société;448.48
4322;25/05/2026 14:04:44;;Dossier refusé;Saisie société;571.70
4323;25/05/2026 14:04:17;;Dossier validé;Parcours terminé;910.58
4324;25/05/2026 14:04:17;;Dossier validé;Parcours terminé;191.23
4325;25/05/2026 14:01:26;;Souscription en cours;Bénéficiaire effectifs;505.64
4326;25/05/2026 14:01:26;;Souscription en cours;Bénéficiaire effectifs;256.25
4327;25/05/2026 13:55:32;;Dossier validé;Parcours terminé;123.75
4328;25/05/2026 13:55:32;;Dossier validé;Parcours terminé;415.41
4329;25/05/2026 13:55:05;;Dossier refusé;Saisie société;807.28
4330;25/05/2026 13:55:05;;Dossier refusé;Saisie société;158.48
4331;25/05/2026 13:30:30;;Souscription non démarrée;Parcours non démarré;255.94
4332;25/05/2026 13:30:30;;Souscription non démarrée;Parcours non démarré;488.57
4333;25/05/2026 13:27:20;;Souscription non démarrée;Parcours non démarré;516.21
4334;25/05/2026 13:27:20;;Souscription non démarrée;Parcours non démarré;553.67
4335;25/05/2026 13:10:30;;Souscription non démarrée;Parcours non démarré;246.51
4336;25/05/2026 13:10:30;;Souscription non démarrée;Parcours non démarré;992.40
4337;25/05/2026 13:06:02;;Souscription en cours;Coordonnées personnelles;321.46
4338;25/05/2026 13:06:02;;Souscription en cours;Coordonnées personnelles;154.17
4339;25/05/2026 12:56:36;;Dossier refusé;Signature Contrat;953.39
4340;25/05/2026 12:56:36;;Dossier refusé;Signature Contrat;128.33
4341;25/05/2026 12:42:09;;Souscription en cours;Coordonnées personnelles;899.01
4342;25/05/2026 12:42:09;;Souscription en cours;Coordonnées personnelles;906.60
4343;25/05/2026 12:39:37;;Souscription en cours;Choix de l'offre et livraison;320.63
4344;25/05/2026 12:39:37;;Souscription en cours;Choix de l'offre et livraison;528.35
4345;25/05/2026 12:33:21;;Dossier validé;Parcours terminé;384.62
4346;25/05/2026 12:33:21;;Dossier validé;Parcours terminé;882.15
4347;25/05/2026 12:28:19;;Dossier validé;Parcours terminé;305.84
4348;25/05/2026 12:28:19;;Dossier validé;Parcours terminé;878.73
4349;25/05/2026 12:16:41;;Souscription en cours;Coordonnées personnelles;789.23
4350;25/05/2026 12:16:41;;Souscription en cours;Coordonnées personnelles;216.90
4351;25/05/2026 12:09:50;;Souscription en cours;Coordonnées personnelles;122.61
4352;25/05/2026 12:09:50;;Souscription en cours;Coordonnées personnelles;836.35
4353;25/05/2026 12:06:01;;Souscription en cours;Informations complémentaires (CA, Profession, etc.);419.91
4354;25/05/2026 12:06:01;;Souscription en cours;Informations complémentaires (CA, Profession, etc.);109.10
4355;25/05/2026 12:04:01;;Dossier validé;Parcours terminé;826.92
4356;25/05/2026 12:04:01;;Dossier validé;Parcours terminé;716.34
4357;25/05/2026 11:56:56;;Dossier validé;Parcours terminé;281.79
4358;25/05/2026 11:56:56;;Dossier validé;Parcours terminé;317.65
4359;25/05/2026 11:50:51;;Dossier validé;Parcours terminé;630.58
4360;25/05/2026 11:50:51;;Dossier validé;Parcours terminé;128.97
4361;25/05/2026 11:46:34;;Souscription en cours;Coordonnées personnelles;534.19
4362;25/05/2026 11:46:34;;Souscription en cours;Coordonnées personnelles;284.25
4363;25/05/2026 11:38:33;;Dossier validé;Parcours terminé;925.45
4364;25/05/2026 11:38:33;;Dossier validé;Parcours terminé;737.18
4365;25/05/2026 11:24:07;Zoé MULLER;Dossier validé;Parcours terminé;456.68
4366;25/05/2026 11:24:07;Zoé MULLER;Dossier validé;Parcours terminé;386.05
4367;25/05/2026 11:02:48;;Souscription non démarrée;Parcours non démarré;196.80
4368;25/05/2026 11:02:48;;Souscription non démarrée;Parcours non démarré;296.01
4369;25/05/2026 11:00:55;;Souscription en cours;Coordonnées personnelles;377.80
4370;25/05/2026 11:00:55;;Souscription en cours;Coordonnées personnelles;253.45
4371;25/05/2026 10:58:17;;Souscription en cours;Coordonnées personnelles;817.72
4372;25/05/2026 10:58:17;;Souscription en cours;Coordonnées personnelles;802.56
4373;25/05/2026 10:46:33;Rayan MICHEL;Dossier validé;Parcours terminé;203.49
4374;25/05/2026 10:46:33;Rayan MICHEL;Dossier validé;Parcours terminé;880.59
4375;25/05/2026 10:41:24;;Dossier validé;Parcours terminé;847.20
4376;25/05/2026 10:41:24;;Dossier validé;Parcours terminé;650.12
4377;25/05/2026 10:39:31;;Dossier validé;Parcours terminé;404.67
4378;25/05/2026 10:39:31;;Dossier validé;Parcours terminé;984.11
4379;25/05/2026 10:34:43;;Dossier validé;Parcours terminé;695.69
4380;25/05/2026 10:34:43;;Dossier validé;Parcours terminé;102.71
4381;25/05/2026 10:30:36;;Souscription non démarrée;Parcours non démarré;123.86
4382;25/05/2026 10:30:36;;Souscription non démarrée;Parcours non démarré;818.70
4383;25/05/2026 10:29:22;;Souscription en cours;Coordonnées personnelles;338.76
4384;25/05/2026 10:29:22;;Souscription en cours;Coordonnées personnelles;861.60
4385;25/05/2026 10:28:24;;Souscription en cours;Coordonnées personnelles;499.26
4386;25/05/2026 10:28:24;;Souscription en cours;Coordonnées personnelles;494.97
4387;25/05/2026 10:21:07;;Dossier validé;Parcours terminé;834.96
4388;25/05/2026 10:21:07;;Dossier validé;Parcours terminé;207.52
4389;25/05/2026 10:14:49;;Souscription non démarrée;Parcours non démarré;869.39
4390;25/05/2026 10:14:49;;Souscription non démarrée;Parcours non démarré;965.73
4391;25/05/2026 10:14:03;;Souscription en cours;Coordonnées personnelles;463.35
4392;25/05/2026 10:14:03;;Souscription en cours;Coordonnées personnelles;715.71
4393;25/05/2026 10:12:54;;Souscription en cours;Vérification d'identité;179.51
4394;25/05/2026 10:12:54;;Souscription en cours;Vérification d'identité;266.70
4395;25/05/2026 10:11:25;;Dossier validé;Parcours terminé;153.81
4396;25/05/2026 10:11:25;;Dossier validé;Parcours terminé;693.09
4397;25/05/2026 10:10:43;;Dossier validé;Parcours terminé;219.75
4398;25/05/2026 10:10:43;;Dossier validé;Parcours terminé;412.26
4399;25/05/2026 10:07:56;;Souscription en cours;Vérification d'identité;227.91
4400;25/05/2026 10:07:56;;Souscription en cours;Vérification d'identité;628.99
4401;25/05/2026 10:06:59;;Souscription non démarrée;Parcours non démarré;830.16
4402;25/05/2026 10:06:59;;Souscription non démarrée;Parcours non démarré;649.18
4403;25/05/2026 10:06:35;;Dossier validé;Parcours terminé;988.45
4404;25/05/2026 10:06:35;;Dossier validé;Parcours terminé;526.27
4405;25/05/2026 10:01:49;;Dossier refusé;Saisie société;998.05
4406;25/05/2026 10:01:49;;Dossier refusé;Saisie société;414.58
4407;25/05/2026 09:54:25;;Dossier validé;Parcours terminé;557.91
4408;25/05/2026 09:54:25;;Dossier validé;Parcours terminé;325.87
4409;25/05/2026 09:54:24;;Souscription en cours;Coordonnées personnelles;710.48
4410;25/05/2026 09:54:24;;Souscription en cours;Coordonnées personnelles;914.85
4411;25/05/2026 09:50:00;;Dossier validé;Parcours terminé;165.78
4412;25/05/2026 09:50:00;;Dossier validé;Parcours terminé;284.55
4413;25/05/2026 09:37:56;;Dossier validé;Parcours terminé;208.79
4414;25/05/2026 09:37:56;;Dossier validé;Parcours terminé;718.57
4415;25/05/2026 09:37:53;;Souscription non démarrée;Parcours non démarré;590.17
4416;25/05/2026 09:37:53;;Souscription non démarrée;Parcours non démarré;388.45
4417;25/05/2026 09:35:53;;Souscription en cours;Criblages BE(s);506.89
4418;25/05/2026 09:35:53;;Souscription en cours;Criblages BE(s);329.22
4419;25/05/2026 09:31:40;;Dossier validé;Parcours terminé;462.96
4420;25/05/2026 09:31:40;;Dossier validé;Parcours terminé;229.19
4421;25/05/2026 09:30:45;;Dossier validé;Parcours terminé;966.44
4422;25/05/2026 09:30:45;;Dossier validé;Parcours terminé;972.89
4423;25/05/2026 09:18:41;;Dossier validé;Parcours terminé;289.61
4424;25/05/2026 09:18:41;;Dossier validé;Parcours terminé;566.73
4425;25/05/2026 09:07:54;;Dossier refusé;Saisie société;100.59
4426;25/05/2026 09:07:54;;Dossier refusé;Saisie société;792.19
4427;25/05/2026 09:01:14;;Souscription en cours;Informations complémentaires (CA, Profession, etc.);880.04
4428;25/05/2026 09:01:14;;Souscription en cours;Informations complémentaires (CA, Profession, etc.);457.14
4429;25/05/2026 09:00:33;Adam LAURENT;Dossier refusé;Saisie société;404.44
4430;25/05/2026 09:00:33;Adam LAURENT;Dossier refusé;Saisie société;659.45
4431;25/05/2026 08:53:14;Hugo MARTIN;Dossier validé;Parcours terminé;956.91
4432;25/05/2026 08:53:14;Hugo MARTIN;Dossier validé;Parcours terminé;316.39
4433;25/05/2026 08:38:03;;Dossier validé;Parcours terminé;410.38
4434;25/05/2026 08:38:03;;Dossier validé;Parcours terminé;696.90
4435;25/05/2026 08:00:40;;Dossier validé;Parcours terminé;279.65
4436;25/05/2026 08:00:40;;Dossier validé;Parcours terminé;950.89
4437;25/05/2026 07:52:07;;En attente d'analyse Agent - Dossier avec erreurs;Signature Contrat;646.47
4438;25/05/2026 07:52:07;;En attente d'analyse Agent - Dossier avec erreurs;Signature Contrat;397.98
4439;25/05/2026 07:42:42;;Dossier validé;Parcours terminé;384.51
4440;25/05/2026 07:42:42;;Dossier validé;Parcours terminé;572.67
4441;25/05/2026 06:29:43;;Souscription non démarrée;Parcours non démarré;293.74
4442;25/05/2026 06:29:43;;Souscription non démarrée;Parcours non démarré;467.10
4443;25/05/2026 05:42:05;;Souscription non démarrée;Parcours non démarré;956.99
4444;25/05/2026 05:42:05;;Souscription non démarrée;Parcours non démarré;989.68
4445;25/05/2026 03:42:32;;Dossier validé;Parcours terminé;292.41
4446;25/05/2026 03:42:32;;Dossier validé;Parcours terminé;568.89
4447;25/05/2026 03:35:34;;Souscription en cours;Coordonnées personnelles;539.95
4448;25/05/2026 03:35:34;;Souscription en cours;Coordonnées personnelles;798.76
4449;25/05/2026 03:13:53;;Dossier validé;Parcours terminé;487.55
4450;25/05/2026 03:13:53;;Dossier validé;Parcours terminé;757.28
4451;25/05/2026 02:49:35;;Souscription en cours;Coordonnées personnelles;524.05
4452;25/05/2026 02:49:35;;Souscription en cours;Coordonnées personnelles;176.91
4453;25/05/2026 02:49:05;;Dossier validé;Parcours terminé;354.47
4454;25/05/2026 02:49:05;;Dossier validé;Parcours terminé;940.05
4455;25/05/2026 02:45:40;;Souscription non démarrée;Parcours non démarré;782.38
4456;25/05/2026 02:45:40;;Souscription non démarrée;Parcours non démarré;155.98
4457;25/05/2026 01:30:49;Hugo DUBOIS;Dossier validé;Parcours terminé;699.83
4458;25/05/2026 01:30:49;Hugo DUBOIS;Dossier validé;Parcours terminé;359.66
4459;25/05/2026 01:18:43;;Souscription en cours;Choix de l'offre et livraison;338.36
4460;25/05/2026 01:18:43;;Souscription en cours;Choix de l'offre et livraison;344.06
4461;25/05/2026 01:04:41;;Dossier refusé;Saisie société;154.09
4462;25/05/2026 01:04:41;;Dossier refusé;Saisie société;564.31
4463;25/05/2026 01:03:40;;Dossier refusé;Saisie société;230.10
4464;25/05/2026 01:03:40;;Dossier refusé;Saisie société;249.15
4465;25/05/2026 00:08:38;;Souscription non démarrée;Parcours non démarré;115.68
4466;25/05/2026 00:08:38;;Souscription non démarrée;Parcours non démarré;569.15
4467;24/05/2026 22:58:41;Hugo MARTIN;Dossier validé;Parcours terminé;483.12
4468;24/05/2026 22:58:41;Hugo MARTIN;Dossier validé;Parcours terminé;311.66
4469;24/05/2026 22:20:16;;Souscription non démarrée;Parcours non démarré;405.88
4470;24/05/2026 22:20:16;;Souscription non démarrée;Parcours non démarré;550.70
4471;24/05/2026 22:19:54;;Dossier validé;Parcours terminé;845.97
4472;24/05/2026 22:19:54;;Dossier validé;Parcours terminé;496.87
4473;24/05/2026 22:16:07;;Souscription en cours;Vérification d'identité;943.17
4474;24/05/2026 22:16:07;;Souscription en cours;Vérification d'identité;774.73
4475;24/05/2026 20:36:32;;Souscription en cours;Coordonnées personnelles;103.42
4476;24/05/2026 20:36:32;;Souscription en cours;Coordonnées personnelles;859.66
4477;24/05/2026 20:33:10;;Dossier refusé;Saisie société;298.08
4478;24/05/2026 20:33:10;;Dossier refusé;Saisie société;172.79
4479;24/05/2026 20:24:40;;Dossier validé;Parcours terminé;453.59
4480;24/05/2026 20:24:40;;Dossier validé;Parcours terminé;254.09
4481;24/05/2026 19:46:43;;Souscription en cours;Signature Contrat;358.73
4482;24/05/2026 19:46:43;;Souscription en cours;Signature Contrat;610.08
4483;24/05/2026 19:23:11;;Souscription en cours;Vérification d'identité;284.00
4484;24/05/2026 19:23:11;;Souscription en cours;Vérification d'identité;698.10
4485;24/05/2026 19:07:36;;Dossier validé;Parcours terminé;279.17
4486;24/05/2026 19:07:36;;Dossier validé;Parcours terminé;148.80
4487;24/05/2026 19:03:39;;Dossier validé;Parcours terminé;460.43
4488;24/05/2026 19:03:39;;Dossier validé;Parcours terminé;296.56
4489;24/05/2026 19:02:53;;Dossier validé;Parcours terminé;724.59
4490;24/05/2026 19:02:53;;Dossier validé;Parcours terminé;856.30
4491;24/05/2026 19:02:06;;Dossier validé;Parcours terminé;755.23
4492;24/05/2026 19:02:06;;Dossier validé;Parcours terminé;585.72
4493;24/05/2026 19:01:16;;Dossier validé;Parcours terminé;433.98
4494;24/05/2026 19:01:16;;Dossier validé;Parcours terminé;364.44
4495;24/05/2026 17:44:14;;Souscription en cours;Choix de l'offre et livraison;909.73
4496;24/05/2026 17:44:14;;Souscription en cours;Choix de l'offre et livraison;818.44
4497;24/05/2026 17:29:40;;Souscription en cours;Coordonnées personnelles;638.61
4498;24/05/2026 17:29:40;;Souscription en cours;Coordonnées personnelles;189.55
4499;24/05/2026 17:22:16;;Souscription en cours;Coordonnées personnelles;832.44
4500;24/05/2026 17:22:16;;Souscription en cours;Coordonnées personnelles;348.77
4501;24/05/2026 17:03:24;;Souscription en cours;Coordonnées personnelles;904.71
4502;24/05/2026 17:03:24;;Souscription en cours;Coordonnées personnelles;996.58
4503;24/05/2026 16:44:12;;Dossier validé;Parcours terminé;240.30
4504;24/05/2026 16:44:12;;Dossier validé;Parcours terminé;374.71
4505;24/05/2026 16:39:39;;Dossier validé;Parcours terminé;829.43
4506;24/05/2026 16:39:39;;Dossier validé;Parcours terminé;924.86
4507;24/05/2026 16:36:05;;Souscription en cours;Coordonnées personnelles;208.15
4508;24/05/2026 16:36:05;;Souscription en cours;Coordonnées personnelles;985.00
4509;24/05/2026 16:21:54;;Souscription en cours;Informations complémentaires (CA, Profession, etc.);173.92
4510;24/05/2026 16:21:54;;Souscription en cours;Informations complémentaires (CA, Profession, etc.);969.41
4511;24/05/2026 16:17:11;;Dossier validé;Parcours terminé;173.49
4512;24/05/2026 16:17:11;;Dossier validé;Parcours terminé;382.22
4513;24/05/2026 16:07:01;;Souscription en cours;Coordonnées personnelles;687.32
4514;24/05/2026 16:07:01;;Souscription en cours;Coordonnées personnelles;237.66
4515;24/05/2026 16:03:07;;Dossier validé;Parcours terminé;927.36
4516;24/05/2026 16:03:07;;Dossier validé;Parcours terminé;894.90
4517;24/05/2026 16:01:28;;Souscription en cours;Signature Contrat;651.57
4518;24/05/2026 16:01:28;;Souscription en cours;Signature Contrat;713.82
4519;24/05/2026 15:59:11;;Dossier refusé;Saisie société;891.62
4520;24/05/2026 15:59:11;;Dossier refusé;Saisie société;121.48
4521;24/05/2026 15:49:56;;Dossier validé;Parcours terminé;583.02
4522;24/05/2026 15:49:56;;Dossier validé;Parcours terminé;944.70
4523;24/05/2026 15:34:05;;Dossier refusé;Signature Contrat;675.68
4524;24/05/2026 15:34:05;;Dossier refusé;Signature Contrat;655.79
4525;24/05/2026 15:20:34;;Dossier validé;Parcours terminé;258.54
4526;24/05/2026 15:20:34;;Dossier validé;Parcours terminé;153.27
4527;24/05/2026 15:10:32;Hugo MARTIN;Dossier refusé;Parcours terminé;122.16
4528;24/05/2026 15:10:32;Hugo MARTIN;Dossier refusé;Parcours terminé;612.84
4529;24/05/2026 15:08:44;;Dossier validé;Parcours terminé;139.34
4530;24/05/2026 15:08:44;;Dossier validé;Parcours terminé;867.62
4531;24/05/2026 15:08:03;;Dossier refusé;Parcours terminé;106.43
4532;24/05/2026 15:08:03;;Dossier refusé;Parcours terminé;961.46
4533;24/05/2026 15:01:51;;Dossier refusé;Saisie société;129.02
4534;24/05/2026 15:01:51;;Dossier refusé;Saisie société;260.19
4535;24/05/2026 14:36:20;;Souscription en cours;Coordonnées personnelles;150.91
4536;24/05/2026 14:36:20;;Souscription en cours;Coordonnées personnelles;524.30
4537;24/05/2026 14:35:10;;Dossier validé;Parcours terminé;836.53
4538;24/05/2026 14:35:10;;Dossier validé;Parcours terminé;257.83
4539;24/05/2026 14:33:16;;Dossier validé;Parcours terminé;369.23
4540;24/05/2026 14:33:16;;Dossier validé;Parcours terminé;234.53
4541;24/05/2026 14:25:59;;Souscription en cours;Synchronisation référentiel personne NOVA;940.11
4542;24/05/2026 14:25:59;;Souscription en cours;Synchronisation référentiel personne NOVA;762.24
4543;24/05/2026 14:23:25;;Dossier refusé;Saisie société;540.98
4544;24/05/2026 14:23:25;;Dossier refusé;Saisie société;229.05
4545;24/05/2026 13:06:05;;Souscription en cours;Choix de l'offre et livraison;949.46
4546;24/05/2026 13:06:05;;Souscription en cours;Choix de l'offre et livraison;769.21
4547;24/05/2026 12:57:23;;Dossier validé;Parcours terminé;634.37
4548;24/05/2026 12:57:23;;Dossier validé;Parcours terminé;876.56
4549;24/05/2026 12:53:13;;Dossier validé;Parcours terminé;939.50
4550;24/05/2026 12:53:13;;Dossier validé;Parcours terminé;193.13
4551;24/05/2026 12:47:05;;Dossier validé;Parcours terminé;994.95
4552;24/05/2026 12:47:05;;Dossier validé;Parcours terminé;821.99
4553;24/05/2026 12:35:31;;Souscription non démarrée;Parcours non démarré;488.20
4554;24/05/2026 12:35:31;;Souscription non démarrée;Parcours non démarré;525.92
4555;24/05/2026 12:27:52;;Dossier validé;Parcours terminé;755.38
4556;24/05/2026 12:27:52;;Dossier validé;Parcours terminé;531.00
4557;24/05/2026 12:20:47;;Dossier refusé;Informations complémentaires (Etablissements, etc.);712.29
4558;24/05/2026 12:20:47;;Dossier refusé;Informations complémentaires (Etablissements, etc.);829.78
4559;24/05/2026 12:04:56;;Dossier refusé;Informations complémentaires (CA, Profession, etc.);750.31
4560;24/05/2026 12:04:56;;Dossier refusé;Informations complémentaires (CA, Profession, etc.);365.13
4561;24/05/2026 11:38:26;;Souscription non démarrée;Parcours non démarré;779.28
4562;24/05/2026 11:38:26;;Souscription non démarrée;Parcours non démarré;318.78
4563;24/05/2026 11:29:03;Hugo MARTIN;Dossier validé;Parcours terminé;756.25
4564;24/05/2026 11:29:03;Hugo MARTIN;Dossier validé;Parcours terminé;417.00
4565;24/05/2026 11:23:23;;Souscription non démarrée;Parcours non démarré;282.01
4566;24/05/2026 11:23:23;;Souscription non démarrée;Parcours non démarré;656.30
4567;24/05/2026 11:01:09;;Dossier validé;Parcours terminé;694.20
4568;24/05/2026 11:01:09;;Dossier validé;Parcours terminé;736.94
4569;24/05/2026 11:00:52;;Souscription non démarrée;Parcours non démarré;505.38
4570;24/05/2026 11:00:52;;Souscription non démarrée;Parcours non démarré;482.29
4571;24/05/2026 11:00:45;;Dossier refusé;Choix de l'offre et livraison;294.47
4572;24/05/2026 11:00:45;;Dossier refusé;Choix de l'offre et livraison;143.63
4573;24/05/2026 10:46:42;;Dossier validé;Parcours terminé;592.72
4574;24/05/2026 10:46:42;;Dossier validé;Parcours terminé;476.81
4575;24/05/2026 10:39:31;;Dossier refusé;Signature Contrat;190.41
4576;24/05/2026 10:39:31;;Dossier refusé;Signature Contrat;201.98
4577;24/05/2026 10:34:18;;Dossier validé;Parcours terminé;867.44
4578;24/05/2026 10:34:18;;Dossier validé;Parcours terminé;555.42
4579;24/05/2026 10:31:50;;Souscription en cours;Signature Contrat;527.72
4580;24/05/2026 10:31:50;;Souscription en cours;Signature Contrat;557.86
4581;24/05/2026 10:31:37;;Souscription en cours;Informations complémentaires (CA, Profession, etc.);395.44
4582;24/05/2026 10:31:37;;Souscription en cours;Informations complémentaires (CA, Profession, etc.);332.17
4583;24/05/2026 10:31:35;;En attente d'analyse Agent - Dossier avec erreurs;Signature Contrat;329.56
4584;24/05/2026 10:31:35;;En attente d'analyse Agent - Dossier avec erreurs;Signature Contrat;171.48
4585;24/05/2026 10:18:12;;Souscription en cours;Criblages BE(s);930.85
4586;24/05/2026 10:18:12;;Souscription en cours;Criblages BE(s);648.89
4587;24/05/2026 10:08:12;;Dossier validé;Parcours terminé;740.87
4588;24/05/2026 10:08:12;;Dossier validé;Parcours terminé;873.81
4589;24/05/2026 10:07:13;;Dossier refusé;Saisie société;671.46
4590;24/05/2026 10:07:13;;Dossier refusé;Saisie société;296.14
4591;24/05/2026 10:06:47;Hugo MARTIN;Dossier validé;Parcours terminé;488.85
4592;24/05/2026 10:06:47;Hugo MARTIN;Dossier validé;Parcours terminé;896.92
4593;24/05/2026 09:47:56;;En attente d'analyse Agent - Dossier avec erreurs;Signature Contrat;480.72
4594;24/05/2026 09:47:56;;En attente d'analyse Agent - Dossier avec erreurs;Signature Contrat;736.95
4595;24/05/2026 09:40:17;Zoé MULLER;Dossier validé;Parcours terminé;722.31
4596;24/05/2026 09:40:17;Zoé MULLER;Dossier validé;Parcours terminé;252.52
4597;24/05/2026 08:47:15;;Souscription non démarrée;Parcours non démarré;607.75
4598;24/05/2026 08:47:15;;Souscription non démarrée;Parcours non démarré;715.70
4599;24/05/2026 08:04:55;;Dossier validé;Parcours terminé;946.73
4600;24/05/2026 08:04:55;;Dossier validé;Parcours terminé;902.67
4601;24/05/2026 08:00:06;;Souscription en cours;Coordonnées personnelles;504.27
4602;24/05/2026 08:00:06;;Souscription en cours;Coordonnées personnelles;367.13
4603;24/05/2026 07:50:03;;Souscription en cours;Coordonnées personnelles;606.80
4604;24/05/2026 07:50:03;;Souscription en cours;Coordonnées personnelles;795.35
4605;24/05/2026 03:43:27;;Souscription en cours;Choix de l'offre et livraison;106.15
4606;24/05/2026 03:43:27;;Souscription en cours;Choix de l'offre et livraison;718.97
4607;24/05/2026 02:35:37;;Souscription en cours;Coordonnées personnelles;733.63
4608;24/05/2026 02:35:37;;Souscription en cours;Coordonnées personnelles;812.11
4609;24/05/2026 01:45:47;;Dossier refusé;Signature Contrat;436.92
4610;24/05/2026 01:45:47;;Dossier refusé;Signature Contrat;378.03
4611;24/05/2026 00:30:25;;Souscription en cours;Informations complémentaires (CA, Profession, etc.);381.23
4612;24/05/2026 00:30:25;;Souscription en cours;Informations complémentaires (CA, Profession, etc.);993.25
4613;24/05/2026 00:09:12;;Dossier validé;Parcours terminé;246.70
4614;24/05/2026 00:09:12;;Dossier validé;Parcours terminé;786.39
4615;24/05/2026 00:06:26;;Dossier refusé;Saisie société;364.83
4616;24/05/2026 00:06:26;;Dossier refusé;Saisie société;920.05
4617;23/05/2026 23:54:40;Manon LEFEBVRE;Dossier refusé;Saisie société;139.69
4618;23/05/2026 23:54:40;Manon LEFEBVRE;Dossier refusé;Saisie société;390.48
4619;23/05/2026 23:42:22;;Dossier validé;Parcours terminé;455.57
4620;23/05/2026 23:42:22;;Dossier validé;Parcours terminé;923.46
4621;23/05/2026 22:38:15;;Souscription en cours;Vérification d'identité;942.99
4622;23/05/2026 22:38:15;;Souscription en cours;Vérification d'identité;204.38
4623;23/05/2026 22:36:04;;Souscription en cours;Bénéficiaire effectifs;700.24
4624;23/05/2026 22:36:04;;Souscription en cours;Bénéficiaire effectifs;606.22
4625;23/05/2026 22:29:47;;Souscription en cours;Signature Contrat;100.84
4626;23/05/2026 22:29:47;;Souscription en cours;Signature Contrat;790.61
4627;23/05/2026 22:26:08;;Dossier validé;Parcours terminé;762.04
4628;23/05/2026 22:26:08;;Dossier validé;Parcours terminé;232.73
4629;23/05/2026 22:25:02;;Souscription non démarrée;Parcours non démarré;908.04
4630;23/05/2026 22:25:02;;Souscription non démarrée;Parcours non démarré;788.47
4631;23/05/2026 21:21:24;;Dossier refusé;Signature Contrat;447.82
4632;23/05/2026 21:21:24;;Dossier refusé;Signature Contrat;863.20
4633;23/05/2026 21:07:16;;Souscription en cours;Informations complémentaires (CA, Profession, etc.);930.44
4634;23/05/2026 21:07:16;;Souscription en cours;Informations complémentaires (CA, Profession, etc.);643.70
4635;23/05/2026 20:55:07;;Dossier validé;Parcours terminé;984.12
4636;23/05/2026 20:55:07;;Dossier validé;Parcours terminé;156.96
4637;23/05/2026 20:29:28;;Dossier validé;Parcours terminé;729.63
4638;23/05/2026 20:29:28;;Dossier validé;Parcours terminé;958.80
4639;23/05/2026 20:28:25;;Souscription en cours;Choix de l'offre et livraison;160.23
4640;23/05/2026 20:28:25;;Souscription en cours;Choix de l'offre et livraison;494.94
4641;23/05/2026 20:27:48;;Souscription en cours;Vérification d'identité;316.61
4642;23/05/2026 20:27:48;;Souscription en cours;Vérification d'identité;575.97
4643;23/05/2026 20:24:35;;Dossier validé;Parcours terminé;773.70
4644;23/05/2026 20:24:35;;Dossier validé;Parcours terminé;569.26
4645;23/05/2026 20:22:12;;Dossier validé;Parcours terminé;120.21
4646;23/05/2026 20:22:12;;Dossier validé;Parcours terminé;171.66
4647;23/05/2026 20:08:28;;Dossier validé;Parcours terminé;142.28
4648;23/05/2026 20:08:28;;Dossier validé;Parcours terminé;841.58
4649;23/05/2026 19:55:53;;Souscription en cours;Coordonnées personnelles;921.25
4650;23/05/2026 19:55:53;;Souscription en cours;Coordonnées personnelles;488.59
4651;23/05/2026 19:26:08;;Dossier refusé;Saisie société;866.50
4652;23/05/2026 19:26:08;;Dossier refusé;Saisie société;191.06
4653;23/05/2026 19:14:07;;Dossier refusé;Saisie société;515.41
4654;23/05/2026 19:14:07;;Dossier refusé;Saisie société;939.00
4655;23/05/2026 19:12:23;;Souscription en cours;Vérification d'identité;992.50
4656;23/05/2026 19:12:23;;Souscription en cours;Vérification d'identité;391.56
4657;23/05/2026 19:05:14;;Dossier refusé;Saisie société;562.45
4658;23/05/2026 19:05:14;;Dossier refusé;Saisie société;973.29
4659;23/05/2026 18:50:11;;Dossier refusé;Informations complémentaires (CA, Profession, etc.);280.21
4660;23/05/2026 18:50:11;;Dossier refusé;Informations complémentaires (CA, Profession, etc.);126.97
4661;23/05/2026 18:46:52;Hugo MARTIN;Dossier refusé;Saisie société;345.18
4662;23/05/2026 18:46:52;Hugo MARTIN;Dossier refusé;Saisie société;144.70
4663;23/05/2026 17:57:35;;Souscription non démarrée;Parcours non démarré;336.51
4664;23/05/2026 17:57:35;;Souscription non démarrée;Parcours non démarré;781.78
4665;23/05/2026 17:46:09;;Dossier validé;Parcours terminé;767.72
4666;23/05/2026 17:46:09;;Dossier validé;Parcours terminé;903.19
4667;23/05/2026 17:46:06;;Souscription en cours;Signature Contrat;835.48
4668;23/05/2026 17:46:06;;Souscription en cours;Signature Contrat;963.60
4669;23/05/2026 17:36:50;;Dossier validé;Parcours terminé;568.28
4670;23/05/2026 17:36:50;;Dossier validé;Parcours terminé;698.54
4671;23/05/2026 17:36:17;;Souscription non démarrée;Parcours non démarré;428.59
4672;23/05/2026 17:36:17;;Souscription non démarrée;Parcours non démarré;826.10
4673;23/05/2026 17:24:52;;Dossier validé;Parcours terminé;318.57
4674;23/05/2026 17:24:52;;Dossier validé;Parcours terminé;751.31
4675;23/05/2026 17:17:44;;Souscription en cours;Signature Contrat;873.37
4676;23/05/2026 17:17:44;;Souscription en cours;Signature Contrat;732.47
4677;23/05/2026 17:17:25;;Dossier validé;Parcours terminé;741.77
4678;23/05/2026 17:17:25;;Dossier validé;Parcours terminé;907.27
4679;23/05/2026 16:45:38;;Dossier refusé;Saisie société;613.82
4680;23/05/2026 16:45:38;;Dossier refusé;Saisie société;163.79
4681;23/05/2026 16:40:41;;Dossier validé;Parcours terminé;475.65
4682;23/05/2026 16:40:41;;Dossier validé;Parcours terminé;639.92
4683;23/05/2026 16:40:34;;Dossier validé;Parcours terminé;423.16
4684;23/05/2026 16:40:34;;Dossier validé;Parcours terminé;496.37
4685;23/05/2026 16:26:37;;Dossier refusé;Choix de l'offre et livraison;230.59
4686;23/05/2026 16:26:37;;Dossier refusé;Choix de l'offre et livraison;223.95
4687;23/05/2026 16:24:27;;Dossier validé;Parcours terminé;250.27
4688;23/05/2026 16:24:27;;Dossier validé;Parcours terminé;785.10
4689;23/05/2026 16:19:27;;Souscription en cours;Choix de l'offre et livraison;852.48
4690;23/05/2026 16:19:27;;Souscription en cours;Choix de l'offre et livraison;550.80
4691;23/05/2026 16:11:09;;Souscription en cours;Choix de l'offre et livraison;813.01
4692;23/05/2026 16:11:09;;Souscription en cours;Choix de l'offre et livraison;422.83
4693;23/05/2026 15:59:48;;Dossier refusé;Bénéficiaire effectifs;397.51
4694;23/05/2026 15:59:48;;Dossier refusé;Bénéficiaire effectifs;805.20
4695;23/05/2026 15:52:09;;Souscription en cours;Coordonnées personnelles;167.22
4696;23/05/2026 15:52:09;;Souscription en cours;Coordonnées personnelles;780.88
4697;23/05/2026 15:18:37;;Souscription en cours;Vérification d'identité;598.63
4698;23/05/2026 15:18:37;;Souscription en cours;Vérification d'identité;468.63
4699;23/05/2026 15:04:31;;Souscription en cours;Coordonnées personnelles;613.04
4700;23/05/2026 15:04:31;;Souscription en cours;Coordonnées personnelles;394.31
4701;23/05/2026 15:00:21;;Dossier validé;Parcours terminé;461.67
4702;23/05/2026 15:00:21;;Dossier validé;Parcours terminé;684.59
4703;23/05/2026 14:59:41;;Dossier validé;Parcours terminé;424.57
4704;23/05/2026 14:59:41;;Dossier validé;Parcours terminé;289.77
4705;23/05/2026 14:25:55;;Souscription en cours;Signature Contrat;314.60
4706;23/05/2026 14:25:55;;Souscription en cours;Signature Contrat;553.70
4707;23/05/2026 14:22:11;;Souscription en cours;Coordonnées personnelles;145.09
4708;23/05/2026 14:22:11;;Souscription en cours;Coordonnées personnelles;452.81
4709;23/05/2026 14:20:57;;Souscription en cours;Coordonnées personnelles;502.21
4710;23/05/2026 14:20:57;;Souscription en cours;Coordonnées personnelles;886.21
4711;23/05/2026 13:54:43;;Dossier validé;Parcours terminé;971.85
4712;23/05/2026 13:54:43;;Dossier validé;Parcours terminé;903.32
4713;23/05/2026 13:43:47;;Dossier validé;Parcours terminé;464.28
4714;23/05/2026 13:43:47;;Dossier validé;Parcours terminé;645.22
4715;23/05/2026 13:38:01;;Dossier validé;Parcours terminé;527.09
4716;23/05/2026 13:38:01;;Dossier validé;Parcours terminé;258.41
4717;23/05/2026 13:13:37;;Souscription en cours;Coordonnées personnelles;400.71
4718;23/05/2026 13:13:37;;Souscription en cours;Coordonnées personnelles;264.11
4719;23/05/2026 12:57:28;;Souscription en cours;Choix de l'offre et livraison;283.39
4720;23/05/2026 12:57:28;;Souscription en cours;Choix de l'offre et livraison;220.02
4721;23/05/2026 12:53:45;Manon LEFEBVRE;Dossier validé;Parcours terminé;768.26
4722;23/05/2026 12:53:45;Manon LEFEBVRE;Dossier validé;Parcours terminé;656.45
4723;23/05/2026 12:47:32;;Dossier refusé;Saisie société;333.72
4724;23/05/2026 12:47:32;;Dossier refusé;Saisie société;362.63
4725;23/05/2026 12:38:57;;Souscription en cours;Choix de l'offre et livraison;300.15
4726;23/05/2026 12:38:57;;Souscription en cours;Choix de l'offre et livraison;743.41
4727;23/05/2026 12:38:01;;Souscription en cours;Informations complémentaires (Etablissements, etc.);662.97
4728;23/05/2026 12:38:01;;Souscription en cours;Informations complémentaires (Etablissements, etc.);882.22
4729;23/05/2026 12:36:08;;Souscription en cours;Vérification d'identité;338.95
4730;23/05/2026 12:36:08;;Souscription en cours;Vérification d'identité;303.99
4731;23/05/2026 12:34:22;;Dossier refusé;Choix de l'offre et livraison;928.70
4732;23/05/2026 12:34:22;;Dossier refusé;Choix de l'offre et livraison;109.52
4733;23/05/2026 12:19:31;;Dossier validé;Parcours terminé;196.23
4734;23/05/2026 12:19:31;;Dossier validé;Parcours terminé;976.66
4735;23/05/2026 12:17:23;;Souscription en cours;Choix de l'offre et livraison;161.55
4736;23/05/2026 12:17:23;;Souscription en cours;Choix de l'offre et livraison;533.15
4737;23/05/2026 12:15:17;;Souscription non démarrée;Parcours non démarré;711.93
4738;23/05/2026 12:15:17;;Souscription non démarrée;Parcours non démarré;107.23
4739;23/05/2026 12:13:01;;Dossier refusé;Saisie société;352.45
4740;23/05/2026 12:13:01;;Dossier refusé;Saisie société;296.63
4741;23/05/2026 11:59:57;;Souscription en cours;Vérification d'identité;258.44
4742;23/05/2026 11:59:57;;Souscription en cours;Vérification d'identité;428.62
4743;23/05/2026 11:57:04;;Dossier validé;Parcours terminé;193.89
4744;23/05/2026 11:57:04;;Dossier validé;Parcours terminé;504.14
4745;23/05/2026 11:55:43;;Souscription en cours;Coordonnées personnelles;995.68
4746;23/05/2026 11:55:43;;Souscription en cours;Coordonnées personnelles;896.67
4747;23/05/2026 11:54:57;;Souscription en cours;Signature Contrat;439.96
4748;23/05/2026 11:54:57;;Souscription en cours;Signature Contrat;326.77
4749;23/05/2026 11:53:44;;Dossier refusé;Saisie société;361.77
4750;23/05/2026 11:53:44;;Dossier refusé;Saisie société;463.41
4751;23/05/2026 11:51:59;;Souscription non démarrée;Parcours non démarré;911.47
4752;23/05/2026 11:51:59;;Souscription non démarrée;Parcours non démarré;632.61
4753;23/05/2026 11:47:43;;Dossier refusé;Saisie société;731.90
4754;23/05/2026 11:47:43;;Dossier refusé;Saisie société;640.15
4755;23/05/2026 11:41:03;;Dossier validé;Parcours terminé;111.31
4756;23/05/2026 11:41:03;;Dossier validé;Parcours terminé;903.11
4757;23/05/2026 11:38:25;;Souscription non démarrée;Parcours non démarré;398.92
4758;23/05/2026 11:38:25;;Souscription non démarrée;Parcours non démarré;713.93
4759;23/05/2026 11:28:10;;Dossier refusé;Saisie société;326.30
4760;23/05/2026 11:28:10;;Dossier refusé;Saisie société;219.25
4761;23/05/2026 11:22:10;;Souscription en cours;Coordonnées personnelles;847.73
4762;23/05/2026 11:22:10;;Souscription en cours;Coordonnées personnelles;145.92
4763;23/05/2026 11:02:21;;Souscription en cours;Coordonnées personnelles;577.98
4764;23/05/2026 11:02:21;;Souscription en cours;Coordonnées personnelles;837.76
4765;23/05/2026 11:01:59;;Dossier refusé;Signature Contrat;749.23
4766;23/05/2026 11:01:59;;Dossier refusé;Signature Contrat;839.74
4767;23/05/2026 11:00:45;;Souscription en cours;Coordonnées personnelles;685.86
4768;23/05/2026 11:00:45;;Souscription en cours;Coordonnées personnelles;869.85
4769;23/05/2026 10:53:53;;Souscription en cours;Choix de l'offre et livraison;806.91
4770;23/05/2026 10:53:53;;Souscription en cours;Choix de l'offre et livraison;798.50
4771;23/05/2026 10:52:46;;Dossier refusé;Bénéficiaire effectifs;721.93
4772;23/05/2026 10:52:46;;Dossier refusé;Bénéficiaire effectifs;407.08
4773;23/05/2026 10:26:49;;Dossier refusé;Saisie société;402.38
4774;23/05/2026 10:26:49;;Dossier refusé;Saisie société;396.47
4775;23/05/2026 10:26:31;;Souscription en cours;Choix de l'offre et livraison;948.38
4776;23/05/2026 10:26:31;;Souscription en cours;Choix de l'offre et livraison;809.29
4777;23/05/2026 10:12:29;;Souscription en cours;Signature Contrat;994.11
4778;23/05/2026 10:12:29;;Souscription en cours;Signature Contrat;330.00
4779;23/05/2026 10:10:15;;Dossier refusé;Saisie société;247.75
4780;23/05/2026 10:10:15;;Dossier refusé;Saisie société;521.27
4781;23/05/2026 10:06:40;;Souscription en cours;Coordonnées personnelles;841.47
4782;23/05/2026 10:06:40;;Souscription en cours;Coordonnées personnelles;601.97
4783;23/05/2026 09:58:02;;Souscription en cours;Coordonnées personnelles;692.17
4784;23/05/2026 09:58:02;;Souscription en cours;Coordonnées personnelles;538.74
4785;23/05/2026 09:34:55;;Souscription en cours;Choix de l'offre et livraison;857.48
4786;23/05/2026 09:34:55;;Souscription en cours;Choix de l'offre et livraison;971.65
4787;23/05/2026 09:26:01;;Souscription en cours;Informations complémentaires (Etablissements, etc.);574.94
4788;23/05/2026 09:26:01;;Souscription en cours;Informations complémentaires (Etablissements, etc.);271.26
4789;23/05/2026 09:19:23;;Dossier validé;Parcours terminé;193.42
4790;23/05/2026 09:19:23;;Dossier validé;Parcours terminé;777.85
4791;23/05/2026 08:36:30;;Dossier refusé;Saisie société;313.43
4792;23/05/2026 08:36:30;;Dossier refusé;Saisie société;503.83
4793;23/05/2026 07:50:20;;Dossier validé;Parcours terminé;150.32
4794;23/05/2026 07:50:20;;Dossier validé;Parcours terminé;654.31
4795;23/05/2026 07:30:57;;Souscription en cours;Signature Contrat;146.98
4796;23/05/2026 07:30:57;;Souscription en cours;Signature Contrat;950.29
4797;23/05/2026 07:21:54;;Souscription en cours;Choix de l'offre et livraison;723.61
4798;23/05/2026 07:21:54;;Souscription en cours;Choix de l'offre et livraison;376.02
4799;23/05/2026 06:46:58;;Dossier refusé;Saisie société;760.15
4800;23/05/2026 06:46:58;;Dossier refusé;Saisie société;809.46
4801;23/05/2026 06:43:59;Hugo DUBOIS;Dossier validé;Parcours terminé;584.80
4802;23/05/2026 06:43:59;Hugo DUBOIS;Dossier validé;Parcours terminé;308.76
4803;23/05/2026 06:21:06;;Souscription en cours;Coordonnées personnelles;935.79
4804;23/05/2026 06:21:06;;Souscription en cours;Coordonnées personnelles;200.10
4805;23/05/2026 05:01:50;;Dossier validé;Parcours terminé;384.46
4806;23/05/2026 05:01:50;;Dossier validé;Parcours terminé;932.43
4807;23/05/2026 04:33:39;;Souscription en cours;Coordonnées personnelles;696.46
4808;23/05/2026 04:33:39;;Souscription en cours;Coordonnées personnelles;103.64
4809;23/05/2026 04:13:47;Z5750800;Dossier validé;Parcours terminé;224.20
4810;23/05/2026 04:13:47;Z5750800;Dossier validé;Parcours terminé;721.99
4811;23/05/2026 03:42:32;;Dossier validé;Parcours terminé;507.38
4812;23/05/2026 03:42:32;;Dossier validé;Parcours terminé;163.83
4813;23/05/2026 02:37:21;;Dossier validé;Parcours terminé;391.47
4814;23/05/2026 02:37:21;;Dossier validé;Parcours terminé;548.82
4815;23/05/2026 01:03:41;;En attente d'analyse Agent - Dossier avec erreurs;Signature Contrat;483.17
4816;23/05/2026 01:03:41;;En attente d'analyse Agent - Dossier avec erreurs;Signature Contrat;146.76
4817;23/05/2026 00:03:43;;Souscription en cours;Vérification d'identité;297.97
4818;23/05/2026 00:03:43;;Souscription en cours;Vérification d'identité;202.36
4819;22/05/2026 23:58:30;;Dossier validé;Parcours terminé;313.46
4820;22/05/2026 23:58:30;;Dossier validé;Parcours terminé;968.43
4821;22/05/2026 23:40:12;;Souscription en cours;Informations complémentaires (Etablissements, etc.);587.08
4822;22/05/2026 23:40:12;;Souscription en cours;Informations complémentaires (Etablissements, etc.);569.64
4823;22/05/2026 23:35:56;;Souscription en cours;Coordonnées personnelles;297.52
4824;22/05/2026 23:35:56;;Souscription en cours;Coordonnées personnelles;404.68
4825;22/05/2026 23:13:31;Z5681453;Dossier validé;Parcours terminé;828.99
4826;22/05/2026 23:13:31;Z5681453;Dossier validé;Parcours terminé;387.85
4827;22/05/2026 22:18:07;;Dossier validé;Parcours terminé;925.22
4828;22/05/2026 22:18:07;;Dossier validé;Parcours terminé;266.12
4829;22/05/2026 22:15:59;;Dossier refusé;Parcours terminé;233.92
4830;22/05/2026 22:15:59;;Dossier refusé;Parcours terminé;650.59
4831;22/05/2026 21:37:14;;Dossier validé;Parcours terminé;340.73
4832;22/05/2026 21:37:14;;Dossier validé;Parcours terminé;555.49
4833;22/05/2026 21:37:12;;Dossier refusé;Saisie société;172.38
4834;22/05/2026 21:37:12;;Dossier refusé;Saisie société;288.64
4835;22/05/2026 21:31:20;;Souscription en cours;Synchronisation référentiel personne NOVA;826.26
4836;22/05/2026 21:31:20;;Souscription en cours;Synchronisation référentiel personne NOVA;701.24
4837;22/05/2026 21:07:31;;Souscription non démarrée;Parcours non démarré;953.17
4838;22/05/2026 21:07:31;;Souscription non démarrée;Parcours non démarré;797.88
4839;22/05/2026 21:01:26;;Dossier validé;Parcours terminé;876.61
4840;22/05/2026 21:01:26;;Dossier validé;Parcours terminé;473.33
4841;22/05/2026 20:55:26;;Souscription non démarrée;Parcours non démarré;982.05
4842;22/05/2026 20:55:26;;Souscription non démarrée;Parcours non démarré;798.46
4843;22/05/2026 20:45:43;;Souscription en cours;Coordonnées personnelles;255.92
4844;22/05/2026 20:45:43;;Souscription en cours;Coordonnées personnelles;488.05
4845;22/05/2026 20:40:39;;Dossier refusé;Saisie société;955.94
4846;22/05/2026 20:40:39;;Dossier refusé;Saisie société;971.08
4847;22/05/2026 20:16:39;;Souscription en cours;Coordonnées personnelles;322.89
4848;22/05/2026 20:16:39;;Souscription en cours;Coordonnées personnelles;366.66
4849;22/05/2026 19:59:07;;Souscription en cours;Coordonnées personnelles;885.63
4850;22/05/2026 19:59:07;;Souscription en cours;Coordonnées personnelles;460.52
4851;22/05/2026 19:54:20;;Dossier validé;Parcours terminé;475.20
4852;22/05/2026 19:54:20;;Dossier validé;Parcours terminé;711.51
4853;22/05/2026 19:50:59;;Souscription en cours;Informations complémentaires (CA, Profession, etc.);194.82
4854;22/05/2026 19:50:59;;Souscription en cours;Informations complémentaires (CA, Profession, etc.);429.18
4855;22/05/2026 19:46:36;;Souscription non démarrée;Parcours non démarré;280.62
4856;22/05/2026 19:46:36;;Souscription non démarrée;Parcours non démarré;368.85
4857;22/05/2026 19:40:41;;Dossier validé;Parcours terminé;891.71
4858;22/05/2026 19:40:41;;Dossier validé;Parcours terminé;147.88
4859;22/05/2026 19:37:51;;Dossier validé;Parcours terminé;769.17
4860;22/05/2026 19:37:51;;Dossier validé;Parcours terminé;320.60
4861;22/05/2026 19:15:27;;Souscription en cours;Vérification d'identité;424.94
4862;22/05/2026 19:15:27;;Souscription en cours;Vérification d'identité;752.92
4863;22/05/2026 18:58:50;;Souscription en cours;Vérification d'identité;631.13
4864;22/05/2026 18:58:50;;Souscription en cours;Vérification d'identité;677.00
4865;22/05/2026 18:55:08;;Dossier validé;Parcours terminé;725.60
4866;22/05/2026 18:55:08;;Dossier validé;Parcours terminé;250.88
4867;22/05/2026 18:40:09;;Dossier validé;Parcours terminé;756.82
4868;22/05/2026 18:40:09;;Dossier validé;Parcours terminé;105.05
4869;22/05/2026 18:25:00;;Souscription en cours;Vérification d'identité;993.71
4870;22/05/2026 18:25:00;;Souscription en cours;Vérification d'identité;371.74
4871;22/05/2026 18:24:50;;Souscription en cours;Vérification d'identité;848.60
4872;22/05/2026 18:24:50;;Souscription en cours;Vérification d'identité;214.01
4873;22/05/2026 18:15:47;;Souscription en cours;Coordonnées personnelles;476.10
4874;22/05/2026 18:15:47;;Souscription en cours;Coordonnées personnelles;787.00
4875;22/05/2026 18:15:19;;Souscription en cours;Choix de l'offre et livraison;852.36
4876;22/05/2026 18:15:19;;Souscription en cours;Choix de l'offre et livraison;709.92
4877;22/05/2026 18:06:59;;Souscription non démarrée;Parcours non démarré;833.47
4878;22/05/2026 18:06:59;;Souscription non démarrée;Parcours non démarré;341.25
4879;22/05/2026 18:02:22;;Dossier validé;Parcours terminé;897.45
4880;22/05/2026 18:02:22;;Dossier validé;Parcours terminé;130.97
4881;22/05/2026 17:56:58;;En attente d'analyse Agent - Dossier avec erreurs;Signature Contrat;854.67
4882;22/05/2026 17:56:58;;En attente d'analyse Agent - Dossier avec erreurs;Signature Contrat;221.83
4883;22/05/2026 17:55:58;;Dossier validé;Parcours terminé;765.76
4884;22/05/2026 17:55:58;;Dossier validé;Parcours terminé;254.31
4885;22/05/2026 17:53:26;;Dossier refusé;Signature Contrat;933.86
4886;22/05/2026 17:53:26;;Dossier refusé;Signature Contrat;371.51
4887;22/05/2026 17:51:38;;Dossier refusé;Saisie société;772.60
4888;22/05/2026 17:51:38;;Dossier refusé;Saisie société;329.67
4889;22/05/2026 17:30:36;;Souscription en cours;Coordonnées personnelles;848.92
4890;22/05/2026 17:30:36;;Souscription en cours;Coordonnées personnelles;214.39
4891;22/05/2026 17:24:27;;Dossier refusé;Signature Contrat;748.45
4892;22/05/2026 17:24:27;;Dossier refusé;Signature Contrat;392.90
4893;22/05/2026 17:16:49;;Dossier validé;Parcours terminé;423.69
4894;22/05/2026 17:16:49;;Dossier validé;Parcours terminé;374.33
4895;22/05/2026 17:05:08;;Souscription en cours;Coordonnées personnelles;896.77
4896;22/05/2026 17:05:08;;Souscription en cours;Coordonnées personnelles;610.26
4897;22/05/2026 17:04:20;;En attente d'analyse Agent - Dossier avec erreurs;Signature Contrat;991.32
4898;22/05/2026 17:04:20;;En attente d'analyse Agent - Dossier avec erreurs;Signature Contrat;507.39
4899;22/05/2026 16:48:30;;Dossier validé;Parcours terminé;635.70
4900;22/05/2026 16:48:30;;Dossier validé;Parcours terminé;491.09
4901;22/05/2026 16:45:35;;Dossier validé;Parcours terminé;133.35
4902;22/05/2026 16:45:35;;Dossier validé;Parcours terminé;154.73
4903;22/05/2026 16:39:40;Hugo DUBOIS;Dossier validé;Parcours terminé;860.04
4904;22/05/2026 16:39:40;Hugo DUBOIS;Dossier validé;Parcours terminé;445.77
4905;22/05/2026 16:36:24;;Dossier refusé;Saisie société;770.01
4906;22/05/2026 16:36:24;;Dossier refusé;Saisie société;571.33
4907;22/05/2026 16:35:49;;Dossier validé;Parcours terminé;101.69
4908;22/05/2026 16:35:49;;Dossier validé;Parcours terminé;811.74
4909;22/05/2026 16:34:59;;Dossier refusé;Parcours non démarré;601.07
4910;22/05/2026 16:34:59;;Dossier refusé;Parcours non démarré;278.82
4911;22/05/2026 16:33:37;;Souscription en cours;Coordonnées personnelles;466.52
4912;22/05/2026 16:33:37;;Souscription en cours;Coordonnées personnelles;946.97
4913;22/05/2026 16:31:42;;En attente d'analyse Agent - Dossier avec erreurs;Signature Contrat;980.20
4914;22/05/2026 16:31:42;;En attente d'analyse Agent - Dossier avec erreurs;Signature Contrat;858.96
4915;22/05/2026 16:25:38;;Dossier validé;Parcours terminé;866.19
4916;22/05/2026 16:25:38;;Dossier validé;Parcours terminé;638.32
4917;22/05/2026 16:10:30;;Souscription non démarrée;Parcours non démarré;951.18
4918;22/05/2026 16:10:30;;Souscription non démarrée;Parcours non démarré;786.13
4919;22/05/2026 16:04:18;;Souscription en cours;Vérification d'identité;153.33
4920;22/05/2026 16:04:18;;Souscription en cours;Vérification d'identité;423.92
4921;22/05/2026 16:03:30;;Souscription en cours;Choix de l'offre et livraison;860.21
4922;22/05/2026 16:03:30;;Souscription en cours;Choix de l'offre et livraison;913.35
4923;22/05/2026 16:01:47;;Souscription en cours;Coordonnées personnelles;185.88
4924;22/05/2026 16:01:47;;Souscription en cours;Coordonnées personnelles;973.74
4925;22/05/2026 15:56:08;;Souscription non démarrée;Parcours non démarré;292.26
4926;22/05/2026 15:56:08;;Souscription non démarrée;Parcours non démarré;426.17
4927;22/05/2026 15:55:58;Hugo MARTIN;Dossier refusé;Saisie société;963.64
4928;22/05/2026 15:55:58;Hugo MARTIN;Dossier refusé;Saisie société;657.84
4929;22/05/2026 15:49:02;;En attente d'analyse Agent - Dossier avec erreurs;Signature Contrat;320.80
4930;22/05/2026 15:49:02;;En attente d'analyse Agent - Dossier avec erreurs;Signature Contrat;650.80
4931;22/05/2026 15:48:31;;Souscription en cours;Choix de l'offre et livraison;727.02
4932;22/05/2026 15:48:31;;Souscription en cours;Choix de l'offre et livraison;615.41
4933;22/05/2026 15:46:03;;Souscription en cours;Coordonnées personnelles;784.54
4934;22/05/2026 15:46:03;;Souscription en cours;Coordonnées personnelles;181.07
4935;22/05/2026 15:42:45;;Souscription en cours;Vérification d'identité;382.75
4936;22/05/2026 15:42:45;;Souscription en cours;Vérification d'identité;240.37
4937;22/05/2026 15:40:52;;Souscription en cours;Coordonnées personnelles;472.12
4938;22/05/2026 15:40:52;;Souscription en cours;Coordonnées personnelles;208.73
4939;22/05/2026 15:40:13;;Dossier validé;Parcours terminé;561.89
4940;22/05/2026 15:40:13;;Dossier validé;Parcours terminé;338.55
4941;22/05/2026 15:39:53;Hugo MARTIN;Dossier validé;Parcours terminé;439.52
4942;22/05/2026 15:39:53;Hugo MARTIN;Dossier validé;Parcours terminé;391.65
4943;22/05/2026 15:39:47;;Souscription en cours;Coordonnées personnelles;985.31
4944;22/05/2026 15:39:47;;Souscription en cours;Coordonnées personnelles;151.74
4945;22/05/2026 15:39:35;;Dossier refusé;Bénéficiaire effectifs;445.78
4946;22/05/2026 15:39:35;;Dossier refusé;Bénéficiaire effectifs;878.74
4947;22/05/2026 15:38:31;;Souscription en cours;Coordonnées personnelles;739.11
4948;22/05/2026 15:38:31;;Souscription en cours;Coordonnées personnelles;955.96
4949;22/05/2026 15:32:29;;Dossier validé;Parcours terminé;992.00
4950;22/05/2026 15:32:29;;Dossier validé;Parcours terminé;514.41
4951;22/05/2026 15:27:02;;Souscription non démarrée;Parcours non démarré;362.42
4952;22/05/2026 15:27:02;;Souscription non démarrée;Parcours non démarré;499.04
4953;22/05/2026 15:24:20;;Dossier refusé;Parcours terminé;204.64
4954;22/05/2026 15:24:20;;Dossier refusé;Parcours terminé;720.67
4955;22/05/2026 15:13:47;;Souscription non démarrée;Parcours non démarré;439.12
4956;22/05/2026 15:13:47;;Souscription non démarrée;Parcours non démarré;955.49
4957;22/05/2026 15:10:45;;Souscription non démarrée;Parcours non démarré;692.51
4958;22/05/2026 15:10:45;;Souscription non démarrée;Parcours non démarré;671.80
4959;22/05/2026 15:09:57;;Dossier refusé;Saisie société;776.05
4960;22/05/2026 15:09:57;;Dossier refusé;Saisie société;181.32
4961;22/05/2026 14:56:42;;Dossier validé;Parcours terminé;188.56
4962;22/05/2026 14:56:42;;Dossier validé;Parcours terminé;308.83
4963;22/05/2026 14:44:10;;En attente d'analyse Agent - Dossier avec erreurs;Signature Contrat;766.92
4964;22/05/2026 14:44:10;;En attente d'analyse Agent - Dossier avec erreurs;Signature Contrat;770.69
4965;22/05/2026 14:43:57;;Souscription en cours;Coordonnées personnelles;395.04
4966;22/05/2026 14:43:57;;Souscription en cours;Coordonnées personnelles;874.00
4967;22/05/2026 14:40:40;;Dossier validé;Parcours terminé;692.94
4968;22/05/2026 14:40:40;;Dossier validé;Parcours terminé;344.74
4969;22/05/2026 14:38:19;;Dossier validé;Parcours terminé;247.88
4970;22/05/2026 14:38:19;;Dossier validé;Parcours terminé;136.35
4971;22/05/2026 14:34:53;;Dossier refusé;Signature Contrat;612.76
4972;22/05/2026 14:34:53;;Dossier refusé;Signature Contrat;994.10
4973;22/05/2026 14:32:12;;Dossier validé;Parcours terminé;705.62
4974;22/05/2026 14:32:12;;Dossier validé;Parcours terminé;464.35
4975;22/05/2026 14:31:06;;Dossier validé;Parcours terminé;433.72
4976;22/05/2026 14:31:06;;Dossier validé;Parcours terminé;931.03
4977;22/05/2026 14:29:20;;Dossier validé;Parcours terminé;869.44
4978;22/05/2026 14:29:20;;Dossier validé;Parcours terminé;848.45
4979;22/05/2026 14:28:13;;Dossier validé;Parcours terminé;160.88
4980;22/05/2026 14:28:13;;Dossier validé;Parcours terminé;644.86
4981;22/05/2026 14:23:58;;Souscription en cours;Criblages BE(s);600.97
4982;22/05/2026 14:23:58;;Souscription en cours;Criblages BE(s);715.50
4983;22/05/2026 14:10:35;;Souscription en cours;Choix de l'offre et livraison;543.62
4984;22/05/2026 14:10:35;;Souscription en cours;Choix de l'offre et livraison;468.43
4985;22/05/2026 14:09:15;;En attente d'analyse Agent - Dossier avec erreurs;Signature Contrat;416.89
4986;22/05/2026 14:09:15;;En attente d'analyse Agent - Dossier avec erreurs;Signature Contrat;830.05
4987;22/05/2026 14:05:51;;Dossier validé;Parcours terminé;420.68
4988;22/05/2026 14:05:51;;Dossier validé;Parcours terminé;379.07
4989;22/05/2026 13:53:16;;Souscription en cours;Vérification d'identité;572.29
4990;22/05/2026 13:53:16;;Souscription en cours;Vérification d'identité;427.49
4991;22/05/2026 13:51:55;;Dossier refusé;Signature Contrat;927.85
4992;22/05/2026 13:51:55;;Dossier refusé;Signature Contrat;231.79
4993;22/05/2026 13:50:27;;Dossier validé;Parcours terminé;826.27
4994;22/05/2026 13:50:27;;Dossier validé;Parcours terminé;525.73
4995;22/05/2026 13:41:15;;Souscription en cours;Signature Contrat;643.99
4996;22/05/2026 13:41:15;;Souscription en cours;Signature Contrat;697.62
4997;22/05/2026 13:39:08;;Dossier validé;Parcours terminé;979.36
4998;22/05/2026 13:39:08;;Dossier validé;Parcours terminé;112.47
4999;22/05/2026 13:17:01;;Dossier validé;Parcours terminé;305.18
5000;22/05/2026 13:17:01;;Dossier validé;Parcours terminé;597.02
5001;22/05/2026 13:02:12;;Souscription en cours;Synchronisation référentiel personne NOVA;569.33
5002;22/05/2026 13:02:12;;Souscription en cours;Synchronisation référentiel personne NOVA;192.13
5003;22/05/2026 12:47:16;Z5750800;Dossier refusé;Saisie société;128.78
5004;22/05/2026 12:47:16;Z5750800;Dossier refusé;Saisie société;196.78
5005;22/05/2026 12:28:30;;Souscription en cours;Coordonnées personnelles;871.14
5006;22/05/2026 12:28:30;;Souscription en cours;Coordonnées personnelles;935.96
5007;22/05/2026 12:05:09;Rayan MICHEL;Dossier validé;Parcours terminé;927.50
5008;22/05/2026 12:05:09;Rayan MICHEL;Dossier validé;Parcours terminé;999.50
5009;22/05/2026 11:51:00;;Souscription en cours;Coordonnées personnelles;606.55
5010;22/05/2026 11:51:00;;Souscription en cours;Coordonnées personnelles;857.73
5011;22/05/2026 11:36:23;;Souscription en cours;Vérification d'identité;764.92
5012;22/05/2026 11:36:23;;Souscription en cours;Vérification d'identité;583.55
5013;22/05/2026 11:24:31;Adam LAURENT;Dossier validé;Parcours terminé;459.81
5014;22/05/2026 11:24:31;Adam LAURENT;Dossier validé;Parcours terminé;971.91
5015;22/05/2026 11:18:15;;Souscription en cours;Choix de l'offre et livraison;777.61
5016;22/05/2026 11:18:15;;Souscription en cours;Choix de l'offre et livraison;169.32
5017;22/05/2026 11:16:47;Manon LEFEBVRE;Dossier refusé;Saisie société;262.95
5018;22/05/2026 11:16:47;Manon LEFEBVRE;Dossier refusé;Saisie société;612.58
5019;22/05/2026 11:13:32;;Dossier refusé;Saisie société;427.07
5020;22/05/2026 11:13:32;;Dossier refusé;Saisie société;901.28
5021;22/05/2026 11:08:07;;Souscription en cours;Coordonnées personnelles;145.64
5022;22/05/2026 11:08:07;;Souscription en cours;Coordonnées personnelles;656.12
5023;22/05/2026 10:57:56;;Souscription en cours;Coordonnées personnelles;126.46
5024;22/05/2026 10:57:56;;Souscription en cours;Coordonnées personnelles;836.21
5025;22/05/2026 10:57:25;;Dossier refusé;Choix de l'offre et livraison;848.59
5026;22/05/2026 10:57:25;;Dossier refusé;Choix de l'offre et livraison;563.73
5027;22/05/2026 10:36:12;Z5750800;Dossier validé;Parcours terminé;177.68
5028;22/05/2026 10:36:12;Z5750800;Dossier validé;Parcours terminé;556.85
5029;22/05/2026 10:34:55;Manon LEFEBVRE;Dossier validé;Parcours terminé;742.84
5030;22/05/2026 10:34:55;Manon LEFEBVRE;Dossier validé;Parcours terminé;791.17
5031;22/05/2026 10:31:46;;Dossier validé;Parcours terminé;531.98
5032;22/05/2026 10:31:46;;Dossier validé;Parcours terminé;946.43
5033;22/05/2026 10:27:51;;Souscription en cours;Coordonnées personnelles;590.60
5034;22/05/2026 10:27:51;;Souscription en cours;Coordonnées personnelles;879.29
5035;22/05/2026 10:24:23;;Dossier refusé;Saisie société;397.55
5036;22/05/2026 10:24:23;;Dossier refusé;Saisie société;888.03
5037;22/05/2026 10:11:14;;Souscription non démarrée;Parcours non démarré;622.49
5038;22/05/2026 10:11:14;;Souscription non démarrée;Parcours non démarré;898.80
5039;22/05/2026 10:06:40;;Dossier validé;Parcours terminé;534.91
5040;22/05/2026 10:06:40;;Dossier validé;Parcours terminé;111.18
5041;22/05/2026 09:42:35;;Dossier refusé;Saisie société;792.66
5042;22/05/2026 09:42:35;;Dossier refusé;Saisie société;169.10
5043;22/05/2026 09:42:06;;Dossier validé;Parcours terminé;205.58
5044;22/05/2026 09:42:06;;Dossier validé;Parcours terminé;926.45
5045;22/05/2026 09:41:36;;Dossier refusé;Bénéficiaire effectifs;709.44
5046;22/05/2026 09:41:36;;Dossier refusé;Bénéficiaire effectifs;266.46
5047;22/05/2026 09:38:50;Z5750800;Dossier refusé;Saisie société;869.39
5048;22/05/2026 09:38:50;Z5750800;Dossier refusé;Saisie société;664.87
5049;22/05/2026 09:30:41;;Dossier validé;Parcours terminé;186.41
5050;22/05/2026 09:30:41;;Dossier validé;Parcours terminé;350.62
5051;22/05/2026 09:14:08;;Souscription en cours;Signature Contrat;692.83
5052;22/05/2026 09:14:08;;Souscription en cours;Signature Contrat;726.94
5053;22/05/2026 09:13:26;;Dossier validé;Parcours terminé;161.87
5054;22/05/2026 09:13:26;;Dossier validé;Parcours terminé;882.75
5055;22/05/2026 09:08:26;;Dossier validé;Parcours terminé;659.03
5056;22/05/2026 09:08:26;;Dossier validé;Parcours terminé;578.25
5057;22/05/2026 09:03:55;;Dossier validé;Parcours terminé;629.87
5058;22/05/2026 09:03:55;;Dossier validé;Parcours terminé;304.66
5059;22/05/2026 09:01:30;;En attente d'analyse Agent - Dossier avec erreurs;Signature Contrat;645.89
5060;22/05/2026 09:01:30;;En attente d'analyse Agent - Dossier avec erreurs;Signature Contrat;133.94
5061;22/05/2026 08:34:57;;Souscription en cours;Informations complémentaires (CA, Profession, etc.);308.15
5062;22/05/2026 08:34:57;;Souscription en cours;Informations complémentaires (CA, Profession, etc.);642.83
5063;22/05/2026 08:20:45;;Souscription en cours;Coordonnées personnelles;155.82
5064;22/05/2026 08:20:45;;Souscription en cours;Coordonnées personnelles;790.25
5065;22/05/2026 08:19:38;;Dossier validé;Parcours terminé;580.78
5066;22/05/2026 08:19:38;;Dossier validé;Parcours terminé;415.70
5067;22/05/2026 08:13:40;;Dossier refusé;Saisie société;971.80
5068;22/05/2026 08:13:40;;Dossier refusé;Saisie société;756.15
5069;22/05/2026 06:35:05;;Dossier refusé;Saisie société;621.32
5070;22/05/2026 06:35:05;;Dossier refusé;Saisie société;989.63
5071;22/05/2026 06:01:53;;Dossier refusé;Signature Contrat;269.43
5072;22/05/2026 06:01:53;;Dossier refusé;Signature Contrat;105.14
5073;22/05/2026 05:54:25;;Dossier validé;Parcours terminé;487.36
5074;22/05/2026 05:54:25;;Dossier validé;Parcours terminé;909.86
5075;22/05/2026 05:03:45;;Souscription non démarrée;Parcours non démarré;547.96
5076;22/05/2026 05:03:45;;Souscription non démarrée;Parcours non démarré;800.26
5077;22/05/2026 04:25:21;;Souscription en cours;Choix de l'offre et livraison;913.48
5078;22/05/2026 04:25:21;;Souscription en cours;Choix de l'offre et livraison;453.48
5079;22/05/2026 02:45:31;;Souscription en cours;Choix de l'offre et livraison;880.70
5080;22/05/2026 02:45:31;;Souscription en cours;Choix de l'offre et livraison;653.46
5081;22/05/2026 01:19:01;;Souscription en cours;Coordonnées personnelles;171.16
5082;22/05/2026 01:19:01;;Souscription en cours;Coordonnées personnelles;440.78
5083;22/05/2026 00:48:10;;Dossier validé;Parcours terminé;112.08
5084;22/05/2026 00:48:10;;Dossier validé;Parcours terminé;982.58
5085;22/05/2026 00:23:08;;Souscription en cours;Coordonnées personnelles;291.97
5086;22/05/2026 00:23:08;;Souscription en cours;Coordonnées personnelles;682.30
5087;22/05/2026 00:15:42;;Dossier refusé;Saisie société;111.32
5088;22/05/2026 00:15:42;;Dossier refusé;Saisie société;810.05
5089;22/05/2026 00:15:38;;Dossier validé;Parcours terminé;670.64
5090;22/05/2026 00:15:38;;Dossier validé;Parcours terminé;456.92
5091;22/05/2026 00:04:11;;Souscription en cours;Coordonnées personnelles;767.94
5092;22/05/2026 00:04:11;;Souscription en cours;Coordonnées personnelles;530.08
5093;21/05/2026 23:44:00;;Souscription en cours;Coordonnées personnelles;153.56
5094;21/05/2026 23:44:00;;Souscription en cours;Coordonnées personnelles;313.37
5095;21/05/2026 23:38:03;;Dossier refusé;Saisie société;422.23
5096;21/05/2026 23:38:03;;Dossier refusé;Saisie société;534.79
5097;21/05/2026 23:20:50;;Dossier validé;Parcours terminé;536.59
5098;21/05/2026 23:20:50;;Dossier validé;Parcours terminé;541.05
5099;21/05/2026 23:15:53;;Souscription non démarrée;Parcours non démarré;387.61
5100;21/05/2026 23:15:53;;Souscription non démarrée;Parcours non démarré;391.44
5101;21/05/2026 23:12:43;;Dossier refusé;Saisie société;715.31
5102;21/05/2026 23:12:43;;Dossier refusé;Saisie société;770.56
5103;21/05/2026 23:08:51;;Souscription en cours;Coordonnées personnelles;741.52
5104;21/05/2026 23:08:51;;Souscription en cours;Coordonnées personnelles;239.67
5105;21/05/2026 23:08:45;;Souscription en cours;Coordonnées personnelles;498.05
5106;21/05/2026 23:08:45;;Souscription en cours;Coordonnées personnelles;821.07
5107;21/05/2026 23:05:06;;Souscription non démarrée;Parcours non démarré;714.40
5108;21/05/2026 23:05:06;;Souscription non démarrée;Parcours non démarré;200.48
5109;21/05/2026 22:50:39;;Dossier validé;Parcours terminé;355.26
5110;21/05/2026 22:50:39;;Dossier validé;Parcours terminé;869.19
5111;21/05/2026 22:49:10;;Souscription en cours;Informations complémentaires (CA, Profession, etc.);713.38
5112;21/05/2026 22:49:10;;Souscription en cours;Informations complémentaires (CA, Profession, etc.);327.23
5113;21/05/2026 22:47:42;;Souscription en cours;Vérification d'identité;204.78
5114;21/05/2026 22:47:42;;Souscription en cours;Vérification d'identité;342.81
5115;21/05/2026 22:40:09;;Dossier validé;Parcours terminé;677.44
5116;21/05/2026 22:40:09;;Dossier validé;Parcours terminé;463.57
5117;21/05/2026 22:39:53;;Souscription en cours;Choix de l'offre et livraison;317.73
5118;21/05/2026 22:39:53;;Souscription en cours;Choix de l'offre et livraison;983.22
5119;21/05/2026 22:31:45;;Souscription en cours;Coordonnées personnelles;522.69
5120;21/05/2026 22:31:45;;Souscription en cours;Coordonnées personnelles;339.84
5121;21/05/2026 22:16:57;;Souscription non démarrée;Parcours non démarré;385.92
5122;21/05/2026 22:16:57;;Souscription non démarrée;Parcours non démarré;615.44
5123;21/05/2026 22:10:05;;Dossier validé;Parcours terminé;980.39
5124;21/05/2026 22:10:05;;Dossier validé;Parcours terminé;847.32
5125;21/05/2026 21:43:42;;Souscription non démarrée;Parcours non démarré;903.46
5126;21/05/2026 21:43:42;;Souscription non démarrée;Parcours non démarré;651.65
5127;21/05/2026 21:33:14;;Souscription en cours;Coordonnées personnelles;521.80
5128;21/05/2026 21:33:14;;Souscription en cours;Coordonnées personnelles;328.80
5129;21/05/2026 21:27:59;;Dossier validé;Parcours terminé;809.04
5130;21/05/2026 21:27:59;;Dossier validé;Parcours terminé;865.06
5131;21/05/2026 21:25:41;;Souscription en cours;Coordonnées personnelles;213.27
5132;21/05/2026 21:25:41;;Souscription en cours;Coordonnées personnelles;273.84
5133;21/05/2026 21:22:50;;Souscription en cours;Coordonnées personnelles;564.45
5134;21/05/2026 21:22:50;;Souscription en cours;Coordonnées personnelles;798.72
5135;21/05/2026 21:16:21;;Dossier validé;Parcours terminé;451.45
5136;21/05/2026 21:16:21;;Dossier validé;Parcours terminé;361.85
5137;21/05/2026 21:10:31;;Dossier refusé;Saisie société;293.79
5138;21/05/2026 21:10:31;;Dossier refusé;Saisie société;839.60
5139;21/05/2026 21:03:24;;Souscription en cours;Coordonnées personnelles;354.84
5140;21/05/2026 21:03:24;;Souscription en cours;Coordonnées personnelles;545.26
5141;21/05/2026 21:02:00;;Souscription en cours;Choix de l'offre et livraison;152.43
5142;21/05/2026 21:02:00;;Souscription en cours;Choix de l'offre et livraison;533.76
5143;21/05/2026 20:58:07;;Dossier validé;Parcours terminé;551.21
5144;21/05/2026 20:58:07;;Dossier validé;Parcours terminé;806.47
5145;21/05/2026 20:51:27;;Souscription non démarrée;Parcours non démarré;600.38
5146;21/05/2026 20:51:27;;Souscription non démarrée;Parcours non démarré;684.22
5147;21/05/2026 20:48:54;;Dossier validé;Parcours terminé;466.26
5148;21/05/2026 20:48:54;;Dossier validé;Parcours terminé;612.85
5149;21/05/2026 20:43:19;;En attente d'analyse Agent - Dossier avec erreurs;Signature Contrat;404.26
5150;21/05/2026 20:43:19;;En attente d'analyse Agent - Dossier avec erreurs;Signature Contrat;433.17
5151;21/05/2026 20:39:22;;Souscription en cours;Bénéficiaire effectifs;895.04
5152;21/05/2026 20:39:22;;Souscription en cours;Bénéficiaire effectifs;106.90
5153;21/05/2026 20:32:20;;Dossier refusé;Saisie société;967.92
5154;21/05/2026 20:32:20;;Dossier refusé;Saisie société;477.02
5155;21/05/2026 20:23:24;;Souscription en cours;Informations complémentaires (Etablissements, etc.);407.14
5156;21/05/2026 20:23:24;;Souscription en cours;Informations complémentaires (Etablissements, etc.);802.46
5157;21/05/2026 20:04:43;;Dossier validé;Parcours terminé;833.27
5158;21/05/2026 20:04:43;;Dossier validé;Parcours terminé;194.84
5159;21/05/2026 19:59:15;;Dossier refusé;Saisie société;764.70
5160;21/05/2026 19:59:15;;Dossier refusé;Saisie société;373.73
5161;21/05/2026 19:39:13;;Souscription en cours;Choix de l'offre et livraison;341.19
5162;21/05/2026 19:39:13;;Souscription en cours;Choix de l'offre et livraison;592.40
5163;21/05/2026 19:17:03;;Dossier refusé;Saisie société;125.72
5164;21/05/2026 19:17:03;;Dossier refusé;Saisie société;415.77
5165;21/05/2026 19:06:28;;Dossier refusé;Saisie société;497.85
5166;21/05/2026 19:06:28;;Dossier refusé;Saisie société;684.13
5167;21/05/2026 19:04:35;Z5750800;Dossier validé;Parcours terminé;492.25
5168;21/05/2026 19:04:35;Z5750800;Dossier validé;Parcours terminé;129.00
5169;21/05/2026 19:03:53;;Souscription non démarrée;Parcours non démarré;182.40
5170;21/05/2026 19:03:53;;Souscription non démarrée;Parcours non démarré;316.18
5171;21/05/2026 18:57:24;Manon LEFEBVRE;Dossier validé;Parcours terminé;773.63
5172;21/05/2026 18:57:24;Manon LEFEBVRE;Dossier validé;Parcours terminé;375.07
5173;21/05/2026 18:55:37;;Souscription en cours;Coordonnées personnelles;671.40
5174;21/05/2026 18:55:37;;Souscription en cours;Coordonnées personnelles;159.42
5175;21/05/2026 18:52:52;;Dossier validé;Parcours terminé;584.99
5176;21/05/2026 18:52:52;;Dossier validé;Parcours terminé;531.15
5177;21/05/2026 18:51:56;;Souscription en cours;Choix de l'offre et livraison;401.84
5178;21/05/2026 18:51:56;;Souscription en cours;Choix de l'offre et livraison;562.34
5179;21/05/2026 18:35:36;;Souscription en cours;Coordonnées personnelles;762.16
5180;21/05/2026 18:35:36;;Souscription en cours;Coordonnées personnelles;660.27
5181;21/05/2026 18:32:29;;Souscription en cours;Choix de l'offre et livraison;794.91
5182;21/05/2026 18:32:29;;Souscription en cours;Choix de l'offre et livraison;662.83
5183;21/05/2026 18:08:48;;Souscription en cours;Coordonnées personnelles;333.17
5184;21/05/2026 18:08:48;;Souscription en cours;Coordonnées personnelles;796.30
5185;21/05/2026 18:08:42;;Souscription en cours;Choix de l'offre et livraison;989.55
5186;21/05/2026 18:08:42;;Souscription en cours;Choix de l'offre et livraison;775.25
5187;21/05/2026 17:57:52;;Souscription en cours;Coordonnées personnelles;963.09
5188;21/05/2026 17:57:52;;Souscription en cours;Coordonnées personnelles;554.66
5189;21/05/2026 17:55:14;;Souscription en cours;Informations complémentaires (CA, Profession, etc.);758.26
5190;21/05/2026 17:55:14;;Souscription en cours;Informations complémentaires (CA, Profession, etc.);332.64
5191;21/05/2026 17:54:09;;Souscription non démarrée;Parcours non démarré;248.36
5192;21/05/2026 17:54:09;;Souscription non démarrée;Parcours non démarré;717.06
5193;21/05/2026 17:53:36;;Dossier validé;Parcours terminé;925.18
5194;21/05/2026 17:53:36;;Dossier validé;Parcours terminé;975.42
5195;21/05/2026 17:52:10;;Souscription en cours;Coordonnées personnelles;345.83
5196;21/05/2026 17:52:10;;Souscription en cours;Coordonnées personnelles;274.28
5197;21/05/2026 17:51:47;;Souscription en cours;Informations complémentaires (CA, Profession, etc.);133.82
5198;21/05/2026 17:51:47;;Souscription en cours;Informations complémentaires (CA, Profession, etc.);550.47
5199;21/05/2026 17:47:12;;En attente d'analyse Agent - Dossier avec erreurs;Signature Contrat;749.67
5200;21/05/2026 17:47:12;;En attente d'analyse Agent - Dossier avec erreurs;Signature Contrat;852.86
5201;21/05/2026 17:43:29;;Dossier validé;Parcours terminé;336.00
5202;21/05/2026 17:43:29;;Dossier validé;Parcours terminé;986.78
5203;21/05/2026 17:41:46;;Souscription non démarrée;Parcours non démarré;751.34
5204;21/05/2026 17:41:46;;Souscription non démarrée;Parcours non démarré;125.89
5205;21/05/2026 17:39:37;;Souscription en cours;Informations complémentaires (Etablissements, etc.);481.05
5206;21/05/2026 17:39:37;;Souscription en cours;Informations complémentaires (Etablissements, etc.);432.60
5207;21/05/2026 17:31:19;;Dossier refusé;Informations complémentaires (CA, Profession, etc.);262.87
5208;21/05/2026 17:31:19;;Dossier refusé;Informations complémentaires (CA, Profession, etc.);825.42
5209;21/05/2026 17:29:50;;Souscription en cours;Signature Contrat;966.63
5210;21/05/2026 17:29:50;;Souscription en cours;Signature Contrat;421.01
5211;21/05/2026 17:22:46;;Souscription en cours;Vérification d'identité;102.43
5212;21/05/2026 17:22:46;;Souscription en cours;Vérification d'identité;493.85
5213;21/05/2026 17:21:08;;Souscription en cours;Coordonnées personnelles;444.13
5214;21/05/2026 17:21:08;;Souscription en cours;Coordonnées personnelles;405.71
5215;21/05/2026 17:16:26;;Souscription en cours;Informations complémentaires (CA, Profession, etc.);898.10
5216;21/05/2026 17:16:26;;Souscription en cours;Informations complémentaires (CA, Profession, etc.);510.45
5217;21/05/2026 17:06:34;;Dossier validé;Parcours terminé;397.75
5218;21/05/2026 17:06:34;;Dossier validé;Parcours terminé;823.66
5219;21/05/2026 17:01:28;;Souscription en cours;Choix de l'offre et livraison;648.43
5220;21/05/2026 17:01:28;;Souscription en cours;Choix de l'offre et livraison;317.55
5221;21/05/2026 16:56:20;;Dossier validé;Parcours terminé;983.38
5222;21/05/2026 16:56:20;;Dossier validé;Parcours terminé;967.62
5223;21/05/2026 16:54:38;;Souscription en cours;Signature Contrat;999.04
5224;21/05/2026 16:54:38;;Souscription en cours;Signature Contrat;397.76
5225;21/05/2026 16:50:12;;Dossier validé;Parcours terminé;216.72
5226;21/05/2026 16:50:12;;Dossier validé;Parcours terminé;488.04
5227;21/05/2026 16:44:18;;Dossier validé;Parcours terminé;974.57
5228;21/05/2026 16:44:18;;Dossier validé;Parcours terminé;789.39
5229;21/05/2026 16:38:03;;Souscription non démarrée;Parcours non démarré;392.68
5230;21/05/2026 16:38:03;;Souscription non démarrée;Parcours non démarré;882.68
5231;21/05/2026 16:33:27;;Souscription en cours;Coordonnées personnelles;442.76
5232;21/05/2026 16:33:27;;Souscription en cours;Coordonnées personnelles;305.77
5233;21/05/2026 16:31:17;;Dossier validé;Parcours terminé;818.29
5234;21/05/2026 16:31:17;;Dossier validé;Parcours terminé;136.76
5235;21/05/2026 16:27:04;;Souscription en cours;Signature Contrat;887.26
5236;21/05/2026 16:27:04;;Souscription en cours;Signature Contrat;240.25
5237;21/05/2026 16:19:55;;Dossier validé;Parcours terminé;450.27
5238;21/05/2026 16:19:55;;Dossier validé;Parcours terminé;241.41
5239;21/05/2026 16:13:28;;Souscription en cours;Vérification d'identité;242.63
5240;21/05/2026 16:13:28;;Souscription en cours;Vérification d'identité;156.05
5241;21/05/2026 16:05:51;;Dossier validé;Parcours terminé;117.13
5242;21/05/2026 16:05:51;;Dossier validé;Parcours terminé;989.74
5243;21/05/2026 16:04:29;;Dossier refusé;Saisie société;939.39
5244;21/05/2026 16:04:29;;Dossier refusé;Saisie société;189.81
5245;21/05/2026 16:02:26;;Souscription en cours;Coordonnées personnelles;616.26
5246;21/05/2026 16:02:26;;Souscription en cours;Coordonnées personnelles;571.45
5247;21/05/2026 15:58:52;;Dossier validé;Parcours terminé;556.66
5248;21/05/2026 15:58:52;;Dossier validé;Parcours terminé;885.56
5249;21/05/2026 15:58:50;;Souscription en cours;Coordonnées personnelles;231.52
5250;21/05/2026 15:58:50;;Souscription en cours;Coordonnées personnelles;648.45
5251;21/05/2026 15:51:55;;Dossier refusé;Vérification d'identité;563.65
5252;21/05/2026 15:51:55;;Dossier refusé;Vérification d'identité;658.32
5253;21/05/2026 15:49:00;;Dossier validé;Parcours terminé;290.81
5254;21/05/2026 15:49:00;;Dossier validé;Parcours terminé;639.79
5255;21/05/2026 15:48:54;;Dossier validé;Parcours terminé;525.78
5256;21/05/2026 15:48:54;;Dossier validé;Parcours terminé;270.48
5257;21/05/2026 15:43:20;;Souscription en cours;Coordonnées personnelles;237.69
5258;21/05/2026 15:43:20;;Souscription en cours;Coordonnées personnelles;425.77
5259;21/05/2026 15:42:12;;Souscription non démarrée;Parcours non démarré;487.68
5260;21/05/2026 15:42:12;;Souscription non démarrée;Parcours non démarré;863.70
5261;21/05/2026 15:41:46;;Souscription en cours;Signature Contrat;167.64
5262;21/05/2026 15:41:46;;Souscription en cours;Signature Contrat;193.83
5263;21/05/2026 15:40:50;;Dossier validé;Parcours terminé;698.69
5264;21/05/2026 15:40:50;;Dossier validé;Parcours terminé;432.47
5265;21/05/2026 15:35:26;;Dossier validé;Parcours terminé;763.73
5266;21/05/2026 15:35:26;;Dossier validé;Parcours terminé;252.58
5267;21/05/2026 15:32:07;;Souscription en cours;Coordonnées personnelles;929.31
5268;21/05/2026 15:32:07;;Souscription en cours;Coordonnées personnelles;161.04
5269;21/05/2026 15:30:08;;Dossier validé;Parcours terminé;458.95
5270;21/05/2026 15:30:08;;Dossier validé;Parcours terminé;886.14
5271;21/05/2026 15:28:12;;Souscription en cours;Choix de l'offre et livraison;809.14
5272;21/05/2026 15:28:12;;Souscription en cours;Choix de l'offre et livraison;260.35
5273;21/05/2026 15:22:08;;Souscription en cours;Coordonnées personnelles;936.55
5274;21/05/2026 15:22:08;;Souscription en cours;Coordonnées personnelles;131.12
5275;21/05/2026 15:21:16;;Dossier refusé;Saisie société;646.48
5276;21/05/2026 15:21:16;;Dossier refusé;Saisie société;705.20
5277;21/05/2026 15:16:02;;Dossier refusé;Saisie société;810.70
5278;21/05/2026 15:16:02;;Dossier refusé;Saisie société;474.23
5279;21/05/2026 15:12:11;;Dossier validé;Parcours terminé;303.45
5280;21/05/2026 15:12:11;;Dossier validé;Parcours terminé;651.37
5281;21/05/2026 15:07:10;;Dossier validé;Parcours terminé;931.74
5282;21/05/2026 15:07:10;;Dossier validé;Parcours terminé;521.47
5283;21/05/2026 15:01:55;;Dossier validé;Parcours terminé;568.06
5284;21/05/2026 15:01:55;;Dossier validé;Parcours terminé;467.60
5285;21/05/2026 15:01:30;;Dossier validé;Parcours terminé;853.51
5286;21/05/2026 15:01:30;;Dossier validé;Parcours terminé;804.77
5287;21/05/2026 14:57:20;;Dossier validé;Parcours terminé;660.14
5288;21/05/2026 14:57:20;;Dossier validé;Parcours terminé;872.83
5289;21/05/2026 14:55:16;;Souscription en cours;Choix de l'offre et livraison;450.02
5290;21/05/2026 14:55:16;;Souscription en cours;Choix de l'offre et livraison;742.97
5291;21/05/2026 14:54:53;;Souscription en cours;Choix de l'offre et livraison;116.70
5292;21/05/2026 14:54:53;;Souscription en cours;Choix de l'offre et livraison;360.89
5293;21/05/2026 14:53:31;;Dossier validé;Parcours terminé;112.61
5294;21/05/2026 14:53:31;;Dossier validé;Parcours terminé;811.84
5295;21/05/2026 14:44:13;;Souscription non démarrée;Parcours non démarré;998.07
5296;21/05/2026 14:44:13;;Souscription non démarrée;Parcours non démarré;517.76
5297;21/05/2026 14:42:22;;Dossier validé;Parcours terminé;574.64
5298;21/05/2026 14:42:22;;Dossier validé;Parcours terminé;927.55
5299;21/05/2026 14:32:04;;Dossier validé;Parcours terminé;524.46
5300;21/05/2026 14:32:04;;Dossier validé;Parcours terminé;191.99
5301;21/05/2026 14:29:10;;Souscription en cours;Choix de l'offre et livraison;999.78
5302;21/05/2026 14:29:10;;Souscription en cours;Choix de l'offre et livraison;858.40
5303;21/05/2026 14:22:33;;Souscription en cours;Vérification d'identité;454.05
5304;21/05/2026 14:22:33;;Souscription en cours;Vérification d'identité;409.03
5305;21/05/2026 14:10:28;;Dossier refusé;Saisie société;504.59
5306;21/05/2026 14:10:28;;Dossier refusé;Saisie société;694.42
5307;21/05/2026 14:10:06;;Souscription non démarrée;Parcours non démarré;366.99
5308;21/05/2026 14:10:06;;Souscription non démarrée;Parcours non démarré;195.51
5309;21/05/2026 14:08:37;;Souscription en cours;Choix de l'offre et livraison;244.23
5310;21/05/2026 14:08:37;;Souscription en cours;Choix de l'offre et livraison;593.55
5311;21/05/2026 13:55:32;;Souscription non démarrée;Parcours non démarré;532.79
5312;21/05/2026 13:55:32;;Souscription non démarrée;Parcours non démarré;205.89
5313;21/05/2026 13:53:38;;Souscription en cours;Coordonnées personnelles;952.95
5314;21/05/2026 13:53:38;;Souscription en cours;Coordonnées personnelles;767.80
5315;21/05/2026 13:50:56;;Souscription en cours;Informations complémentaires (CA, Profession, etc.);633.80
5316;21/05/2026 13:50:56;;Souscription en cours;Informations complémentaires (CA, Profession, etc.);936.33
5317;21/05/2026 13:50:37;;Dossier validé;Parcours terminé;462.68
5318;21/05/2026 13:50:37;;Dossier validé;Parcours terminé;109.16
5319;21/05/2026 13:50:24;;Souscription non démarrée;Parcours non démarré;277.58
5320;21/05/2026 13:50:24;;Souscription non démarrée;Parcours non démarré;477.55
5321;21/05/2026 13:49:02;;Dossier validé;Parcours terminé;801.08
5322;21/05/2026 13:49:02;;Dossier validé;Parcours terminé;909.55
5323;21/05/2026 13:48:44;;Souscription en cours;Coordonnées personnelles;407.26
5324;21/05/2026 13:48:44;;Souscription en cours;Coordonnées personnelles;299.13
5325;21/05/2026 13:35:54;;Dossier validé;Parcours terminé;464.40
5326;21/05/2026 13:35:54;;Dossier validé;Parcours terminé;841.80
5327;21/05/2026 12:53:12;;Souscription en cours;Signature Contrat;165.93
5328;21/05/2026 12:53:12;;Souscription en cours;Signature Contrat;232.63
5329;21/05/2026 12:47:50;;Souscription en cours;Coordonnées personnelles;662.08
5330;21/05/2026 12:47:50;;Souscription en cours;Coordonnées personnelles;401.65
5331;21/05/2026 12:46:46;;Dossier refusé;Signature Contrat;457.31
5332;21/05/2026 12:46:46;;Dossier refusé;Signature Contrat;338.68
5333;21/05/2026 12:44:27;;Dossier validé;Parcours terminé;701.37
5334;21/05/2026 12:44:27;;Dossier validé;Parcours terminé;300.73
5335;21/05/2026 12:40:52;;Souscription en cours;Coordonnées personnelles;830.96
5336;21/05/2026 12:40:52;;Souscription en cours;Coordonnées personnelles;402.98
5337;21/05/2026 12:31:47;;Souscription non démarrée;Parcours non démarré;180.11
5338;21/05/2026 12:31:47;;Souscription non démarrée;Parcours non démarré;376.77
5339;21/05/2026 12:21:32;;Dossier validé;Parcours terminé;113.95
5340;21/05/2026 12:21:32;;Dossier validé;Parcours terminé;725.99
5341;21/05/2026 12:19:51;;Dossier validé;Parcours terminé;623.58
5342;21/05/2026 12:19:51;;Dossier validé;Parcours terminé;236.50
5343;21/05/2026 12:18:11;;Souscription en cours;Informations complémentaires (Etablissements, etc.);893.19
5344;21/05/2026 12:18:11;;Souscription en cours;Informations complémentaires (Etablissements, etc.);491.61
5345;21/05/2026 12:13:12;Manon LEFEBVRE;Dossier refusé;Signature Contrat;447.98
5346;21/05/2026 12:13:12;Manon LEFEBVRE;Dossier refusé;Signature Contrat;297.35
5347;21/05/2026 12:10:17;;Souscription non démarrée;Parcours non démarré;562.91
5348;21/05/2026 12:10:17;;Souscription non démarrée;Parcours non démarré;130.94
5349;21/05/2026 12:02:44;;Souscription non démarrée;Parcours non démarré;527.17
5350;21/05/2026 12:02:44;;Souscription non démarrée;Parcours non démarré;630.41
5351;21/05/2026 12:02:23;;Dossier validé;Parcours terminé;415.32
5352;21/05/2026 12:02:23;;Dossier validé;Parcours terminé;475.04
5353;21/05/2026 12:01:26;;Dossier validé;Parcours terminé;902.31
5354;21/05/2026 12:01:26;;Dossier validé;Parcours terminé;281.58
5355;21/05/2026 11:54:55;;Dossier refusé;Informations complémentaires (Etablissements, etc.);315.28
5356;21/05/2026 11:54:55;;Dossier refusé;Informations complémentaires (Etablissements, etc.);168.84
5357;21/05/2026 11:52:23;;Dossier validé;Parcours terminé;333.30
5358;21/05/2026 11:52:23;;Dossier validé;Parcours terminé;844.47
5359;21/05/2026 11:39:37;;Dossier validé;Parcours terminé;728.74
5360;21/05/2026 11:39:37;;Dossier validé;Parcours terminé;914.75
5361;21/05/2026 11:37:13;;Souscription en cours;Synchronisation référentiel personne NOVA;220.30
5362;21/05/2026 11:37:13;;Souscription en cours;Synchronisation référentiel personne NOVA;561.38
5363;21/05/2026 11:35:35;;Dossier validé;Parcours terminé;218.11
5364;21/05/2026 11:35:35;;Dossier validé;Parcours terminé;776.26
5365;21/05/2026 11:32:15;;Dossier refusé;Saisie société;101.24
5366;21/05/2026 11:32:15;;Dossier refusé;Saisie société;823.82
5367;21/05/2026 11:24:13;;Souscription en cours;Coordonnées personnelles;117.61
5368;21/05/2026 11:24:13;;Souscription en cours;Coordonnées personnelles;675.38
5369;21/05/2026 11:13:58;;Souscription en cours;Informations complémentaires (Etablissements, etc.);699.87
5370;21/05/2026 11:13:58;;Souscription en cours;Informations complémentaires (Etablissements, etc.);755.03
5371;21/05/2026 11:11:16;;Souscription en cours;Choix de l'offre et livraison;325.84
5372;21/05/2026 11:11:16;;Souscription en cours;Choix de l'offre et livraison;971.09
5373;21/05/2026 11:09:11;;Souscription en cours;Choix de l'offre et livraison;937.24
5374;21/05/2026 11:09:11;;Souscription en cours;Choix de l'offre et livraison;683.03
5375;21/05/2026 11:05:24;;Souscription en cours;Vérification d'identité;228.68
5376;21/05/2026 11:05:24;;Souscription en cours;Vérification d'identité;377.31
5377;21/05/2026 11:03:23;;Dossier validé;Parcours terminé;489.95
5378;21/05/2026 11:03:23;;Dossier validé;Parcours terminé;310.47
5379;21/05/2026 11:01:41;;Dossier refusé;Saisie société;206.92
5380;21/05/2026 11:01:41;;Dossier refusé;Saisie société;408.37
5381;21/05/2026 10:59:33;;Souscription non démarrée;Parcours non démarré;703.59
5382;21/05/2026 10:59:33;;Souscription non démarrée;Parcours non démarré;410.76
5383;21/05/2026 10:58:19;;Souscription en cours;Choix de l'offre et livraison;176.12
5384;21/05/2026 10:58:19;;Souscription en cours;Choix de l'offre et livraison;373.29
5385;21/05/2026 10:53:31;;Dossier validé;Parcours terminé;420.20
5386;21/05/2026 10:53:31;;Dossier validé;Parcours terminé;781.77
5387;21/05/2026 10:53:00;;Souscription en cours;Vérification d'identité;386.92
5388;21/05/2026 10:53:00;;Souscription en cours;Vérification d'identité;558.77
5389;21/05/2026 10:37:11;;Dossier validé;Parcours terminé;959.61
5390;21/05/2026 10:37:11;;Dossier validé;Parcours terminé;180.28
5391;21/05/2026 10:35:33;Hugo MARTIN;Dossier refusé;Bénéficiaire effectifs;877.04
5392;21/05/2026 10:35:33;Hugo MARTIN;Dossier refusé;Bénéficiaire effectifs;997.63
5393;21/05/2026 10:30:18;;Dossier validé;Parcours terminé;670.96
5394;21/05/2026 10:30:18;;Dossier validé;Parcours terminé;280.98
5395;21/05/2026 10:28:32;;Souscription en cours;Bénéficiaire effectifs;872.01
5396;21/05/2026 10:28:32;;Souscription en cours;Bénéficiaire effectifs;910.68
5397;21/05/2026 10:13:08;;Dossier validé;Parcours terminé;515.63
5398;21/05/2026 10:13:08;;Dossier validé;Parcours terminé;630.53
5399;21/05/2026 10:11:18;;Souscription en cours;Choix de l'offre et livraison;517.14
5400;21/05/2026 10:11:18;;Souscription en cours;Choix de l'offre et livraison;483.39
5401;21/05/2026 10:07:49;;Souscription en cours;Choix de l'offre et livraison;479.37
5402;21/05/2026 10:07:49;;Souscription en cours;Choix de l'offre et livraison;339.48
5403;21/05/2026 10:07:16;;Souscription en cours;Vérification d'identité;226.71
5404;21/05/2026 10:07:16;;Souscription en cours;Vérification d'identité;209.57
5405;21/05/2026 09:57:01;;Souscription en cours;Signature Contrat;761.44
5406;21/05/2026 09:57:01;;Souscription en cours;Signature Contrat;966.41
5407;21/05/2026 09:47:22;;Souscription en cours;Vérification d'identité;195.05
5408;21/05/2026 09:47:22;;Souscription en cours;Vérification d'identité;842.53
5409;21/05/2026 09:42:57;Inès MICHEL;Dossier validé;Parcours terminé;925.33
5410;21/05/2026 09:42:57;Inès MICHEL;Dossier validé;Parcours terminé;160.38
5411;21/05/2026 09:42:17;;En attente d'analyse Agent - Dossier avec erreurs;Signature Contrat;867.45
5412;21/05/2026 09:42:17;;En attente d'analyse Agent - Dossier avec erreurs;Signature Contrat;269.25
5413;21/05/2026 09:37:29;;Dossier validé;Parcours terminé;957.24
5414;21/05/2026 09:37:29;;Dossier validé;Parcours terminé;371.83
5415;21/05/2026 09:23:48;;Souscription en cours;Vérification d'identité;318.22
5416;21/05/2026 09:23:48;;Souscription en cours;Vérification d'identité;174.28
5417;21/05/2026 09:21:40;;Dossier validé;Parcours terminé;381.59
5418;21/05/2026 09:21:40;;Dossier validé;Parcours terminé;141.91
5419;21/05/2026 09:14:40;;Dossier validé;Parcours terminé;762.55
5420;21/05/2026 09:14:40;;Dossier validé;Parcours terminé;412.45
5421;21/05/2026 09:13:23;;Souscription en cours;Vérification d'identité;738.35
5422;21/05/2026 09:13:23;;Souscription en cours;Vérification d'identité;476.16
5423;21/05/2026 09:11:28;;Souscription en cours;Coordonnées personnelles;172.42
5424;21/05/2026 09:11:28;;Souscription en cours;Coordonnées personnelles;218.52
5425;21/05/2026 09:03:42;;Dossier validé;Parcours terminé;459.75
5426;21/05/2026 09:03:42;;Dossier validé;Parcours terminé;259.18
5427;21/05/2026 09:02:34;Louis MARTIN;Dossier validé;Parcours terminé;522.99
5428;21/05/2026 09:02:34;Louis MARTIN;Dossier validé;Parcours terminé;461.99
5429;21/05/2026 09:01:29;;Dossier validé;Parcours terminé;127.54
5430;21/05/2026 09:01:29;;Dossier validé;Parcours terminé;886.35
5431;21/05/2026 08:39:17;;Souscription en cours;Informations complémentaires (Etablissements, etc.);794.46
5432;21/05/2026 08:39:17;;Souscription en cours;Informations complémentaires (Etablissements, etc.);107.99
5433;21/05/2026 08:22:11;;Dossier validé;Parcours terminé;626.05
5434;21/05/2026 08:22:11;;Dossier validé;Parcours terminé;977.17
5435;21/05/2026 06:31:29;;Souscription en cours;Synchronisation référentiel personne NOVA;277.98
5436;21/05/2026 06:31:29;;Souscription en cours;Synchronisation référentiel personne NOVA;219.17
5437;21/05/2026 06:08:35;Hugo MARTIN;Dossier validé;Parcours terminé;450.10
5438;21/05/2026 06:08:35;Hugo MARTIN;Dossier validé;Parcours terminé;746.49
5439;21/05/2026 06:06:13;;Souscription en cours;Choix de l'offre et livraison;170.24
5440;21/05/2026 06:06:13;;Souscription en cours;Choix de l'offre et livraison;259.91
5441;21/05/2026 06:05:04;;Dossier validé;Parcours terminé;681.30
5442;21/05/2026 06:05:04;;Dossier validé;Parcours terminé;187.16
5443;21/05/2026 05:54:28;;Souscription en cours;Coordonnées personnelles;308.20
5444;21/05/2026 05:54:28;;Souscription en cours;Coordonnées personnelles;248.87
5445;21/05/2026 05:13:41;;Souscription en cours;Coordonnées personnelles;676.66
5446;21/05/2026 05:13:41;;Souscription en cours;Coordonnées personnelles;231.45
5447;21/05/2026 05:08:30;;Dossier validé;Parcours terminé;202.58
5448;21/05/2026 05:08:30;;Dossier validé;Parcours terminé;486.15
5449;21/05/2026 05:06:53;;Dossier validé;Parcours terminé;411.20
5450;21/05/2026 05:06:53;;Dossier validé;Parcours terminé;337.39
5451;21/05/2026 04:21:02;;Souscription en cours;Coordonnées personnelles;682.08
5452;21/05/2026 04:21:02;;Souscription en cours;Coordonnées personnelles;484.67
5453;21/05/2026 03:51:53;;Dossier refusé;Signature Contrat;444.66
5454;21/05/2026 03:51:53;;Dossier refusé;Signature Contrat;532.47
5455;21/05/2026 03:28:34;;Dossier validé;Parcours terminé;814.41
5456;21/05/2026 03:28:34;;Dossier validé;Parcours terminé;115.77
5457;21/05/2026 03:22:38;;Dossier validé;Parcours terminé;530.53
5458;21/05/2026 03:22:38;;Dossier validé;Parcours terminé;298.29
5459;21/05/2026 02:12:53;;Souscription en cours;Signature Contrat;457.92
5460;21/05/2026 02:12:53;;Souscription en cours;Signature Contrat;573.51
5461;21/05/2026 01:46:43;;Dossier validé;Parcours terminé;647.96
5462;21/05/2026 01:46:43;;Dossier validé;Parcours terminé;642.81
5463;21/05/2026 01:36:39;;Dossier validé;Parcours terminé;362.47
5464;21/05/2026 01:36:39;;Dossier validé;Parcours terminé;382.02
5465;21/05/2026 01:28:32;;Dossier validé;Parcours terminé;651.45
5466;21/05/2026 01:28:32;;Dossier validé;Parcours terminé;431.41
5467;21/05/2026 00:35:51;Hugo MARTIN;Dossier validé;Parcours terminé;712.55
5468;21/05/2026 00:35:51;Hugo MARTIN;Dossier validé;Parcours terminé;329.86
5469;21/05/2026 00:10:19;;Dossier validé;Parcours terminé;369.76
5470;21/05/2026 00:10:19;;Dossier validé;Parcours terminé;231.51
5471;21/05/2026 00:02:35;;Dossier validé;Parcours terminé;121.67
5472;21/05/2026 00:02:35;;Dossier validé;Parcours terminé;729.08
5473;20/05/2026 23:58:58;;Souscription en cours;Signature Contrat;692.33
5474;20/05/2026 23:58:58;;Souscription en cours;Signature Contrat;432.26
5475;20/05/2026 23:53:40;;Souscription non démarrée;Parcours non démarré;430.00
5476;20/05/2026 23:53:40;;Souscription non démarrée;Parcours non démarré;878.28
5477;20/05/2026 23:28:13;;Souscription non démarrée;Parcours non démarré;623.03
5478;20/05/2026 23:28:13;;Souscription non démarrée;Parcours non démarré;810.21
5479;20/05/2026 22:50:15;;Souscription non démarrée;Parcours non démarré;144.18
5480;20/05/2026 22:50:15;;Souscription non démarrée;Parcours non démarré;439.33
5481;20/05/2026 22:39:43;;Souscription non démarrée;Parcours non démarré;242.34
5482;20/05/2026 22:39:43;;Souscription non démarrée;Parcours non démarré;747.44
5483;20/05/2026 22:29:13;;Dossier validé;Parcours terminé;895.74
5484;20/05/2026 22:29:13;;Dossier validé;Parcours terminé;686.56
5485;20/05/2026 22:22:21;;Dossier validé;Parcours terminé;899.81
5486;20/05/2026 22:22:21;;Dossier validé;Parcours terminé;971.38
5487;20/05/2026 22:22:21;;Dossier validé;Parcours terminé;473.94
5488;20/05/2026 22:22:21;;Dossier validé;Parcours terminé;559.36
5489;20/05/2026 22:16:09;;Souscription en cours;Vérification d'identité;661.60
5490;20/05/2026 22:16:09;;Souscription en cours;Vérification d'identité;215.82
5491;20/05/2026 22:08:38;;Souscription non démarrée;Parcours non démarré;772.22
5492;20/05/2026 22:08:38;;Souscription non démarrée;Parcours non démarré;763.50
5493;20/05/2026 21:58:21;;Souscription en cours;Coordonnées personnelles;852.53
5494;20/05/2026 21:58:21;;Souscription en cours;Coordonnées personnelles;507.00
5495;20/05/2026 21:52:32;;Souscription non démarrée;Parcours non démarré;513.84
5496;20/05/2026 21:52:32;;Souscription non démarrée;Parcours non démarré;645.07
5497;20/05/2026 21:33:59;;Souscription en cours;Informations complémentaires (Etablissements, etc.);515.74
5498;20/05/2026 21:33:59;;Souscription en cours;Informations complémentaires (Etablissements, etc.);488.64
5499;20/05/2026 21:08:42;;Dossier validé;Parcours terminé;196.10
5500;20/05/2026 21:08:42;;Dossier validé;Parcours terminé;429.18
5501;20/05/2026 21:02:08;;Dossier refusé;Saisie société;410.22
5502;20/05/2026 21:02:08;;Dossier refusé;Saisie société;159.19
5503;20/05/2026 20:58:59;;Souscription en cours;Vérification d'identité;518.27
5504;20/05/2026 20:58:59;;Souscription en cours;Vérification d'identité;596.84
5505;20/05/2026 20:55:01;;Dossier validé;Parcours terminé;844.13
5506;20/05/2026 20:55:01;;Dossier validé;Parcours terminé;481.05
5507;20/05/2026 20:54:03;;Dossier validé;Parcours terminé;850.81
5508;20/05/2026 20:54:03;;Dossier validé;Parcours terminé;233.59
5509;20/05/2026 20:51:24;;En attente d'analyse Agent - Dossier avec erreurs;Signature Contrat;938.60
5510;20/05/2026 20:51:24;;En attente d'analyse Agent - Dossier avec erreurs;Signature Contrat;218.31
5511;20/05/2026 20:47:45;;Souscription non démarrée;Parcours non démarré;713.33
5512;20/05/2026 20:47:45;;Souscription non démarrée;Parcours non démarré;847.95
5513;20/05/2026 20:34:40;;Dossier validé;Parcours terminé;932.12
5514;20/05/2026 20:34:40;;Dossier validé;Parcours terminé;930.27
5515;20/05/2026 20:28:35;;Souscription en cours;Coordonnées personnelles;206.39
5516;20/05/2026 20:28:35;;Souscription en cours;Coordonnées personnelles;325.46
5517;20/05/2026 20:27:46;;Souscription en cours;Vérification d'identité;236.96
5518;20/05/2026 20:27:46;;Souscription en cours;Vérification d'identité;699.69
5519;20/05/2026 20:02:51;;Souscription en cours;Choix de l'offre et livraison;934.57
5520;20/05/2026 20:02:51;;Souscription en cours;Choix de l'offre et livraison;823.98
5521;20/05/2026 19:56:08;;Dossier validé;Parcours terminé;407.30
5522;20/05/2026 19:56:08;;Dossier validé;Parcours terminé;302.00
5523;20/05/2026 19:54:55;;Souscription en cours;Coordonnées personnelles;135.10
5524;20/05/2026 19:54:55;;Souscription en cours;Coordonnées personnelles;755.54
5525;20/05/2026 19:47:21;;Souscription en cours;Vérification d'identité;886.85
5526;20/05/2026 19:47:21;;Souscription en cours;Vérification d'identité;895.06
5527;20/05/2026 19:43:12;;Souscription en cours;Coordonnées personnelles;953.65
5528;20/05/2026 19:43:12;;Souscription en cours;Coordonnées personnelles;429.65
5529;20/05/2026 19:40:52;;Dossier refusé;Parcours terminé;273.58
5530;20/05/2026 19:40:52;;Dossier refusé;Parcours terminé;782.37
5531;20/05/2026 19:11:19;;Souscription en cours;Vérification d'identité;618.12
5532;20/05/2026 19:11:19;;Souscription en cours;Vérification d'identité;616.22
5533;20/05/2026 19:08:02;;Souscription en cours;Coordonnées personnelles;297.05
5534;20/05/2026 19:08:02;;Souscription en cours;Coordonnées personnelles;924.88
5535;20/05/2026 18:58:15;;Dossier refusé;Signature Contrat;532.46
5536;20/05/2026 18:58:15;;Dossier refusé;Signature Contrat;999.54
5537;20/05/2026 18:55:38;;Dossier validé;Parcours terminé;872.32
5538;20/05/2026 18:55:38;;Dossier validé;Parcours terminé;998.52
5539;20/05/2026 18:51:11;;Souscription en cours;Signature Contrat;607.69
5540;20/05/2026 18:51:11;;Souscription en cours;Signature Contrat;743.13
5541;20/05/2026 18:48:31;;Souscription en cours;Vérification d'identité;116.74
5542;20/05/2026 18:48:31;;Souscription en cours;Vérification d'identité;109.44
5543;20/05/2026 18:44:25;;Dossier validé;Parcours terminé;788.83
5544;20/05/2026 18:44:25;;Dossier validé;Parcours terminé;228.33
5545;20/05/2026 18:43:57;;Dossier validé;Parcours terminé;688.11
5546;20/05/2026 18:43:57;;Dossier validé;Parcours terminé;178.64
5547;20/05/2026 18:42:06;;Souscription en cours;Informations complémentaires (CA, Profession, etc.);450.49
5548;20/05/2026 18:42:06;;Souscription en cours;Informations complémentaires (CA, Profession, etc.);427.76
5549;20/05/2026 18:31:42;;Souscription en cours;Coordonnées personnelles;554.34
5550;20/05/2026 18:31:42;;Souscription en cours;Coordonnées personnelles;228.96
5551;20/05/2026 18:29:13;;Souscription non démarrée;Parcours non démarré;682.79
5552;20/05/2026 18:29:13;;Souscription non démarrée;Parcours non démarré;507.78
5553;20/05/2026 18:11:20;;Dossier validé;Parcours terminé;273.99
5554;20/05/2026 18:11:20;;Dossier validé;Parcours terminé;318.18
5555;20/05/2026 18:02:25;;Dossier validé;Parcours terminé;197.68
5556;20/05/2026 18:02:25;;Dossier validé;Parcours terminé;218.56
5557;20/05/2026 17:59:46;;Souscription en cours;Coordonnées personnelles;461.81
5558;20/05/2026 17:59:46;;Souscription en cours;Coordonnées personnelles;416.46
5559;20/05/2026 17:56:20;;Dossier refusé;Signature Contrat;503.74
5560;20/05/2026 17:56:20;;Dossier refusé;Signature Contrat;492.59
5561;20/05/2026 17:53:19;;Souscription en cours;Coordonnées personnelles;386.89
5562;20/05/2026 17:53:19;;Souscription en cours;Coordonnées personnelles;419.15
5563;20/05/2026 17:51:52;Hugo MARTIN;Dossier validé;Parcours terminé;224.41
5564;20/05/2026 17:51:52;Hugo MARTIN;Dossier validé;Parcours terminé;554.80
5565;20/05/2026 17:48:47;;Dossier validé;Parcours terminé;225.57
5566;20/05/2026 17:48:47;;Dossier validé;Parcours terminé;160.81
5567;20/05/2026 17:45:00;;Souscription en cours;Coordonnées personnelles;667.48
5568;20/05/2026 17:45:00;;Souscription en cours;Coordonnées personnelles;919.04
5569;20/05/2026 17:42:09;;Dossier validé;Parcours terminé;393.33
5570;20/05/2026 17:42:09;;Dossier validé;Parcours terminé;210.62
5571;20/05/2026 17:38:38;;Dossier refusé;Saisie société;988.90
5572;20/05/2026 17:38:38;;Dossier refusé;Saisie société;705.72
5573;20/05/2026 17:37:51;;Souscription en cours;Coordonnées personnelles;956.96
5574;20/05/2026 17:37:51;;Souscription en cours;Coordonnées personnelles;977.47
5575;20/05/2026 17:27:22;Hugo DUBOIS;Dossier validé;Parcours terminé;776.25
5576;20/05/2026 17:27:22;Hugo DUBOIS;Dossier validé;Parcours terminé;994.97
5577;20/05/2026 17:27:00;;Souscription en cours;Signature Contrat;188.54
5578;20/05/2026 17:27:00;;Souscription en cours;Signature Contrat;118.35
5579;20/05/2026 17:26:55;;Souscription en cours;Coordonnées personnelles;349.47
5580;20/05/2026 17:26:55;;Souscription en cours;Coordonnées personnelles;338.85
5581;20/05/2026 17:26:12;;Souscription en cours;Coordonnées personnelles;995.41
5582;20/05/2026 17:26:12;;Souscription en cours;Coordonnées personnelles;983.41
5583;20/05/2026 17:24:39;;Souscription en cours;Coordonnées personnelles;851.54
5584;20/05/2026 17:24:39;;Souscription en cours;Coordonnées personnelles;873.80
5585;20/05/2026 17:24:29;;Souscription en cours;Coordonnées personnelles;392.49
5586;20/05/2026 17:24:29;;Souscription en cours;Coordonnées personnelles;809.08
5587;20/05/2026 17:24:24;;Souscription non démarrée;Parcours non démarré;574.46
5588;20/05/2026 17:24:24;;Souscription non démarrée;Parcours non démarré;897.99
5589;20/05/2026 17:21:38;Z5750800;Dossier validé;Parcours terminé;782.40
5590;20/05/2026 17:21:38;Z5750800;Dossier validé;Parcours terminé;130.31
5591;20/05/2026 17:17:09;;Souscription non démarrée;Parcours non démarré;622.37
5592;20/05/2026 17:17:09;;Souscription non démarrée;Parcours non démarré;516.56
5593;20/05/2026 17:16:33;;Dossier validé;Parcours terminé;993.68
5594;20/05/2026 17:16:33;;Dossier validé;Parcours terminé;393.04
5595;20/05/2026 17:13:44;;Dossier validé;Parcours terminé;823.42
5596;20/05/2026 17:13:44;;Dossier validé;Parcours terminé;717.81
5597;20/05/2026 17:12:07;Manon LEFEBVRE;Dossier validé;Parcours terminé;116.69
5598;20/05/2026 17:12:07;Manon LEFEBVRE;Dossier validé;Parcours terminé;538.03
5599;20/05/2026 17:12:05;;Souscription en cours;Coordonnées personnelles;350.88
5600;20/05/2026 17:12:05;;Souscription en cours;Coordonnées personnelles;744.84
5601;20/05/2026 17:11:12;;Dossier validé;Parcours terminé;640.50
5602;20/05/2026 17:11:12;;Dossier validé;Parcours terminé;389.33
5603;20/05/2026 17:07:37;Zoé MULLER;Dossier validé;Parcours terminé;287.92
5604;20/05/2026 17:07:37;Zoé MULLER;Dossier validé;Parcours terminé;865.91
5605;20/05/2026 17:05:11;;Dossier refusé;Signature Contrat;173.73
5606;20/05/2026 17:05:11;;Dossier refusé;Signature Contrat;908.29
5607;20/05/2026 17:03:24;;Souscription en cours;Bénéficiaire effectifs;393.88
5608;20/05/2026 17:03:24;;Souscription en cours;Bénéficiaire effectifs;447.10
5609;20/05/2026 16:50:47;;Dossier validé;Parcours terminé;875.29
5610;20/05/2026 16:50:47;;Dossier validé;Parcours terminé;551.26
5611;20/05/2026 16:48:52;;Dossier refusé;Signature Contrat;229.76
5612;20/05/2026 16:48:52;;Dossier refusé;Signature Contrat;679.97
5613;20/05/2026 16:41:29;;Souscription en cours;Coordonnées personnelles;547.90
5614;20/05/2026 16:41:29;;Souscription en cours;Coordonnées personnelles;215.68
5615;20/05/2026 16:33:16;;Souscription en cours;Coordonnées personnelles;988.56
5616;20/05/2026 16:33:16;;Souscription en cours;Coordonnées personnelles;786.73
5617;20/05/2026 16:31:02;;Souscription en cours;Vérification d'identité;497.69
5618;20/05/2026 16:31:02;;Souscription en cours;Vérification d'identité;109.92
5619;20/05/2026 16:30:28;;Souscription non démarrée;Parcours non démarré;228.14
5620;20/05/2026 16:30:28;;Souscription non démarrée;Parcours non démarré;200.05
5621;20/05/2026 16:28:14;;Souscription en cours;Choix de l'offre et livraison;107.47
5622;20/05/2026 16:28:14;;Souscription en cours;Choix de l'offre et livraison;688.30
5623;20/05/2026 16:27:29;;Souscription en cours;Coordonnées personnelles;500.63
5624;20/05/2026 16:27:29;;Souscription en cours;Coordonnées personnelles;790.16
5625;20/05/2026 16:26:42;;Souscription en cours;Vérification d'identité;843.20
5626;20/05/2026 16:26:42;;Souscription en cours;Vérification d'identité;451.87
5627;20/05/2026 16:26:30;;Dossier validé;Parcours terminé;373.41
5628;20/05/2026 16:26:30;;Dossier validé;Parcours terminé;286.53
5629;20/05/2026 16:21:11;;Dossier refusé;Saisie société;940.64
5630;20/05/2026 16:21:11;;Dossier refusé;Saisie société;656.51
5631;20/05/2026 16:08:52;;Dossier validé;Parcours terminé;163.06
5632;20/05/2026 16:08:52;;Dossier validé;Parcours terminé;605.80
5633;20/05/2026 15:55:21;;Souscription en cours;Signature Contrat;679.83
5634;20/05/2026 15:55:21;;Souscription en cours;Signature Contrat;524.49
5635;20/05/2026 15:55:00;;Dossier refusé;Saisie société;534.51
5636;20/05/2026 15:55:00;;Dossier refusé;Saisie société;777.90
5637;20/05/2026 15:52:31;;Souscription en cours;Signature Contrat;281.65
5638;20/05/2026 15:52:31;;Souscription en cours;Signature Contrat;416.82
5639;20/05/2026 15:51:36;;Souscription en cours;Coordonnées personnelles;599.20
5640;20/05/2026 15:51:36;;Souscription en cours;Coordonnées personnelles;218.08
5641;20/05/2026 15:47:33;;Dossier validé;Parcours terminé;568.36
5642;20/05/2026 15:47:33;;Dossier validé;Parcours terminé;494.89
5643;20/05/2026 15:46:54;;Dossier refusé;Saisie société;719.62
5644;20/05/2026 15:46:54;;Dossier refusé;Saisie société;129.25
5645;20/05/2026 15:42:05;;Dossier refusé;Signature Contrat;733.52
5646;20/05/2026 15:42:05;;Dossier refusé;Signature Contrat;137.96
5647;20/05/2026 15:41:27;;Dossier refusé;Saisie société;224.49
5648;20/05/2026 15:41:27;;Dossier refusé;Saisie société;769.14
5649;20/05/2026 15:39:06;;Souscription en cours;Coordonnées personnelles;960.39
5650;20/05/2026 15:39:06;;Souscription en cours;Coordonnées personnelles;123.50
5651;20/05/2026 15:36:28;;Souscription non démarrée;Parcours non démarré;801.49
5652;20/05/2026 15:36:28;;Souscription non démarrée;Parcours non démarré;458.53
5653;20/05/2026 15:30:52;;Dossier validé;Parcours terminé;223.23
5654;20/05/2026 15:30:52;;Dossier validé;Parcours terminé;691.39
5655;20/05/2026 15:27:11;;Dossier validé;Parcours terminé;528.41
5656;20/05/2026 15:27:11;;Dossier validé;Parcours terminé;255.11
5657;20/05/2026 15:24:01;;Dossier validé;Parcours terminé;181.48
5658;20/05/2026 15:24:01;;Dossier validé;Parcours terminé;147.72
5659;20/05/2026 15:23:38;;Dossier validé;Parcours terminé;621.68
5660;20/05/2026 15:23:38;;Dossier validé;Parcours terminé;713.35
5661;20/05/2026 15:22:51;;Dossier validé;Parcours terminé;982.05
5662;20/05/2026 15:22:51;;Dossier validé;Parcours terminé;846.01
5663;20/05/2026 15:22:46;;Souscription en cours;Vérification d'identité;536.59
5664;20/05/2026 15:22:46;;Souscription en cours;Vérification d'identité;923.91
5665;20/05/2026 15:21:37;;Dossier validé;Parcours terminé;352.12
5666;20/05/2026 15:21:37;;Dossier validé;Parcours terminé;181.67
5667;20/05/2026 15:19:46;;Souscription en cours;Coordonnées personnelles;453.42
5668;20/05/2026 15:19:46;;Souscription en cours;Coordonnées personnelles;443.14
5669;20/05/2026 15:18:56;;Dossier validé;Parcours terminé;582.06
5670;20/05/2026 15:18:56;;Dossier validé;Parcours terminé;523.57
5671;20/05/2026 15:12:10;;Souscription en cours;Signature Contrat;951.13
5672;20/05/2026 15:12:10;;Souscription en cours;Signature Contrat;955.47
5673;20/05/2026 15:09:06;;Dossier validé;Parcours terminé;535.85
5674;20/05/2026 15:09:06;;Dossier validé;Parcours terminé;139.30
5675;20/05/2026 15:08:57;;Dossier validé;Parcours terminé;794.39
5676;20/05/2026 15:08:57;;Dossier validé;Parcours terminé;605.20
5677;20/05/2026 15:08:49;;Souscription en cours;Signature Contrat;339.07
5678;20/05/2026 15:08:49;;Souscription en cours;Signature Contrat;393.80
5679;20/05/2026 15:02:34;;Dossier validé;Parcours terminé;685.68
5680;20/05/2026 15:02:34;;Dossier validé;Parcours terminé;253.33
5681;20/05/2026 14:58:26;;En attente d'analyse Agent - Dossier avec erreurs;Signature Contrat;521.39
5682;20/05/2026 14:58:26;;En attente d'analyse Agent - Dossier avec erreurs;Signature Contrat;951.95
5683;20/05/2026 14:54:41;;Dossier validé;Parcours terminé;181.34
5684;20/05/2026 14:54:41;;Dossier validé;Parcours terminé;264.01
5685;20/05/2026 14:54:26;;Souscription en cours;Informations complémentaires (Etablissements, etc.);859.19
5686;20/05/2026 14:54:26;;Souscription en cours;Informations complémentaires (Etablissements, etc.);272.79
5687;20/05/2026 14:47:39;;Dossier refusé;Saisie société;166.57
5688;20/05/2026 14:47:39;;Dossier refusé;Saisie société;592.90
5689;20/05/2026 14:46:50;;Dossier validé;Parcours terminé;879.86
5690;20/05/2026 14:46:50;;Dossier validé;Parcours terminé;404.02
5691;20/05/2026 14:46:25;;Souscription en cours;Coordonnées personnelles;123.11
5692;20/05/2026 14:46:25;;Souscription en cours;Coordonnées personnelles;114.73
5693;20/05/2026 14:44:00;;Souscription en cours;Bénéficiaire effectifs;832.87
5694;20/05/2026 14:44:00;;Souscription en cours;Bénéficiaire effectifs;624.18
5695;20/05/2026 14:41:47;;Dossier validé;Parcours terminé;209.58
5696;20/05/2026 14:41:47;;Dossier validé;Parcours terminé;879.86
5697;20/05/2026 14:40:25;;En attente d'analyse Agent - Dossier avec erreurs;Signature Contrat;168.16
5698;20/05/2026 14:40:25;;En attente d'analyse Agent - Dossier avec erreurs;Signature Contrat;403.50
5699;20/05/2026 14:39:12;;Dossier validé;Parcours terminé;395.90
5700;20/05/2026 14:39:12;;Dossier validé;Parcours terminé;346.06
5701;20/05/2026 14:36:01;;Souscription en cours;Vérification d'identité;467.14
5702;20/05/2026 14:36:01;;Souscription en cours;Vérification d'identité;983.96
5703;20/05/2026 14:35:48;;Dossier validé;Parcours terminé;942.05
5704;20/05/2026 14:35:48;;Dossier validé;Parcours terminé;214.79
5705;20/05/2026 14:33:38;;Souscription en cours;Vérification d'identité;461.83
5706;20/05/2026 14:33:38;;Souscription en cours;Vérification d'identité;750.83
5707;20/05/2026 14:30:35;;Souscription en cours;Choix de l'offre et livraison;556.28
5708;20/05/2026 14:30:35;;Souscription en cours;Choix de l'offre et livraison;862.63
5709;20/05/2026 14:27:37;;Dossier validé;Parcours terminé;742.22
5710;20/05/2026 14:27:37;;Dossier validé;Parcours terminé;830.23
5711;20/05/2026 14:18:07;;Dossier validé;Parcours terminé;754.52
5712;20/05/2026 14:18:07;;Dossier validé;Parcours terminé;344.71
5713;20/05/2026 14:07:50;;Souscription en cours;Informations complémentaires (CA, Profession, etc.);492.37
5714;20/05/2026 14:07:50;;Souscription en cours;Informations complémentaires (CA, Profession, etc.);372.40
5715;20/05/2026 14:04:47;;Souscription en cours;Vérification d'identité;766.12
5716;20/05/2026 14:04:47;;Souscription en cours;Vérification d'identité;923.80
5717;20/05/2026 13:48:07;;Dossier validé;Parcours terminé;605.49
5718;20/05/2026 13:48:07;;Dossier validé;Parcours terminé;630.99
5719;20/05/2026 13:40:16;;Souscription non démarrée;Parcours non démarré;350.25
5720;20/05/2026 13:40:16;;Souscription non démarrée;Parcours non démarré;802.44
5721;20/05/2026 13:37:22;;Dossier validé;Parcours terminé;741.17
5722;20/05/2026 13:37:22;;Dossier validé;Parcours terminé;280.88
5723;20/05/2026 13:33:22;;Souscription en cours;Coordonnées personnelles;889.85
5724;20/05/2026 13:33:22;;Souscription en cours;Coordonnées personnelles;466.14
5725;20/05/2026 13:27:41;;Souscription en cours;Informations complémentaires (CA, Profession, etc.);604.28
5726;20/05/2026 13:27:41;;Souscription en cours;Informations complémentaires (CA, Profession, etc.);563.91
5727;20/05/2026 13:24:47;;Souscription non démarrée;Parcours non démarré;487.76
5728;20/05/2026 13:24:47;;Souscription non démarrée;Parcours non démarré;634.12
5729;20/05/2026 13:24:17;;Souscription en cours;Vérification d'identité;615.82
5730;20/05/2026 13:24:17;;Souscription en cours;Vérification d'identité;879.49
5731;20/05/2026 13:14:48;;Souscription en cours;Coordonnées personnelles;359.92
5732;20/05/2026 13:14:48;;Souscription en cours;Coordonnées personnelles;516.20
5733;20/05/2026 13:14:38;;Dossier refusé;Saisie société;850.05
5734;20/05/2026 13:14:38;;Dossier refusé;Saisie société;907.41
5735;20/05/2026 13:12:13;;Dossier validé;Parcours terminé;159.01
5736;20/05/2026 13:12:13;;Dossier validé;Parcours terminé;664.32
5737;20/05/2026 13:04:37;Hugo MARTIN;Dossier validé;Parcours terminé;311.76
5738;20/05/2026 13:04:37;Hugo MARTIN;Dossier validé;Parcours terminé;177.72
5739;20/05/2026 12:57:40;;Dossier validé;Parcours terminé;886.37
5740;20/05/2026 12:57:40;;Dossier validé;Parcours terminé;650.09
5741;20/05/2026 12:56:53;;Dossier refusé;Saisie société;319.59
5742;20/05/2026 12:56:53;;Dossier refusé;Saisie société;156.75
5743;20/05/2026 12:50:01;;Dossier validé;Parcours terminé;700.87
5744;20/05/2026 12:50:01;;Dossier validé;Parcours terminé;187.39
5745;20/05/2026 12:36:24;;Dossier refusé;Saisie société;603.89
5746;20/05/2026 12:36:24;;Dossier refusé;Saisie société;445.28
5747;20/05/2026 12:34:05;;Souscription en cours;Choix de l'offre et livraison;651.35
5748;20/05/2026 12:34:05;;Souscription en cours;Choix de l'offre et livraison;484.62
5749;20/05/2026 12:32:32;;Souscription non démarrée;Parcours non démarré;935.83
5750;20/05/2026 12:32:32;;Souscription non démarrée;Parcours non démarré;731.47
5751;20/05/2026 12:09:38;;Souscription en cours;Coordonnées personnelles;595.01
5752;20/05/2026 12:09:38;;Souscription en cours;Coordonnées personnelles;634.56
5753;20/05/2026 12:05:00;;Souscription en cours;Coordonnées personnelles;956.10
5754;20/05/2026 12:05:00;;Souscription en cours;Coordonnées personnelles;808.85
5755;20/05/2026 12:04:27;;Souscription en cours;Signature Contrat;602.17
5756;20/05/2026 12:04:27;;Souscription en cours;Signature Contrat;964.44
5757;20/05/2026 12:04:17;;Souscription en cours;Coordonnées personnelles;750.84
5758;20/05/2026 12:04:17;;Souscription en cours;Coordonnées personnelles;390.00
5759;20/05/2026 12:01:05;Adam MARTIN;Dossier validé;Parcours terminé;535.46
5760;20/05/2026 12:01:05;Adam MARTIN;Dossier validé;Parcours terminé;896.30
5761;20/05/2026 11:54:52;;Dossier validé;Parcours terminé;671.49
5762;20/05/2026 11:54:52;;Dossier validé;Parcours terminé;724.73
5763;20/05/2026 11:54:47;;Dossier validé;Parcours terminé;218.75
5764;20/05/2026 11:54:47;;Dossier validé;Parcours terminé;554.17
5765;20/05/2026 11:36:01;;Dossier validé;Parcours terminé;287.75
5766;20/05/2026 11:36:01;;Dossier validé;Parcours terminé;901.82
5767;20/05/2026 11:32:55;;En attente d'analyse Agent - Dossier avec erreurs;Signature Contrat;828.98
5768;20/05/2026 11:32:55;;En attente d'analyse Agent - Dossier avec erreurs;Signature Contrat;792.73
5769;20/05/2026 11:32:22;;Souscription en cours;Choix de l'offre et livraison;646.39
5770;20/05/2026 11:32:22;;Souscription en cours;Choix de l'offre et livraison;366.44
5771;20/05/2026 11:26:48;;En attente d'analyse Agent - Dossier avec erreurs;Signature Contrat;214.17
5772;20/05/2026 11:26:48;;En attente d'analyse Agent - Dossier avec erreurs;Signature Contrat;993.87
5773;20/05/2026 11:26:08;;Souscription en cours;Bénéficiaire effectifs;679.50
5774;20/05/2026 11:26:08;;Souscription en cours;Bénéficiaire effectifs;861.69
5775;20/05/2026 11:19:35;;Souscription non démarrée;Parcours non démarré;461.52
5776;20/05/2026 11:19:35;;Souscription non démarrée;Parcours non démarré;208.57
5777;20/05/2026 11:18:32;Adam LAURENT;Dossier refusé;Bénéficiaire effectifs;627.88
5778;20/05/2026 11:18:32;Adam LAURENT;Dossier refusé;Bénéficiaire effectifs;678.25
5779;20/05/2026 11:17:47;;Dossier validé;Parcours terminé;760.86
5780;20/05/2026 11:17:47;;Dossier validé;Parcours terminé;676.90
5781;20/05/2026 11:16:32;;En attente d'analyse Agent - Dossier avec erreurs;Signature Contrat;361.74
5782;20/05/2026 11:16:32;;En attente d'analyse Agent - Dossier avec erreurs;Signature Contrat;352.13
5783;20/05/2026 11:09:20;;Dossier validé;Parcours terminé;178.67
5784;20/05/2026 11:09:20;;Dossier validé;Parcours terminé;374.07
5785;20/05/2026 11:08:16;;Dossier validé;Parcours terminé;406.19
5786;20/05/2026 11:08:16;;Dossier validé;Parcours terminé;331.35
5787;20/05/2026 11:05:27;;Dossier validé;Parcours terminé;371.43
5788;20/05/2026 11:05:27;;Dossier validé;Parcours terminé;850.92
5789;20/05/2026 11:04:07;;Souscription en cours;Synchronisation référentiel personne NOVA;264.90
5790;20/05/2026 11:04:07;;Souscription en cours;Synchronisation référentiel personne NOVA;920.64
5791;20/05/2026 11:01:17;;Dossier validé;Parcours terminé;525.61
5792;20/05/2026 11:01:17;;Dossier validé;Parcours terminé;194.55
5793;20/05/2026 10:55:07;;Souscription en cours;Choix de l'offre et livraison;765.63
5794;20/05/2026 10:55:07;;Souscription en cours;Choix de l'offre et livraison;476.07
5795;20/05/2026 10:49:55;Z5735392;Dossier validé;Parcours terminé;339.16
5796;20/05/2026 10:49:55;Z5735392;Dossier validé;Parcours terminé;110.63
5797;20/05/2026 10:46:27;;Souscription en cours;Coordonnées personnelles;405.21
5798;20/05/2026 10:46:27;;Souscription en cours;Coordonnées personnelles;541.29
5799;20/05/2026 10:43:54;;Dossier validé;Parcours terminé;214.91
5800;20/05/2026 10:43:54;;Dossier validé;Parcours terminé;805.98
5801;20/05/2026 10:41:37;;En attente d'analyse Agent - Dossier avec erreurs;Signature Contrat;354.78
5802;20/05/2026 10:41:37;;En attente d'analyse Agent - Dossier avec erreurs;Signature Contrat;964.21
5803;20/05/2026 10:39:45;;Dossier validé;Parcours terminé;149.49
5804;20/05/2026 10:39:45;;Dossier validé;Parcours terminé;401.14
5805;20/05/2026 10:39:22;;Souscription en cours;Coordonnées personnelles;779.70
5806;20/05/2026 10:39:22;;Souscription en cours;Coordonnées personnelles;402.25
5807;20/05/2026 10:36:41;;Dossier validé;Parcours terminé;452.61
5808;20/05/2026 10:36:41;;Dossier validé;Parcours terminé;138.74
5809;20/05/2026 10:34:20;;Dossier validé;Parcours terminé;380.98
5810;20/05/2026 10:34:20;;Dossier validé;Parcours terminé;411.86
5811;20/05/2026 10:27:18;;Dossier refusé;Saisie société;187.66
5812;20/05/2026 10:27:18;;Dossier refusé;Saisie société;757.88
5813;20/05/2026 10:20:33;;Dossier validé;Parcours terminé;413.99
5814;20/05/2026 10:20:33;;Dossier validé;Parcours terminé;486.46
5815;20/05/2026 10:17:02;;En attente d'analyse Agent - Dossier avec erreurs;Signature Contrat;701.41
5816;20/05/2026 10:17:02;;En attente d'analyse Agent - Dossier avec erreurs;Signature Contrat;585.33
5817;20/05/2026 10:08:07;;Dossier validé;Parcours terminé;641.06
5818;20/05/2026 10:08:07;;Dossier validé;Parcours terminé;206.19
5819;20/05/2026 10:05:32;;Dossier validé;Parcours terminé;785.51
5820;20/05/2026 10:05:32;;Dossier validé;Parcours terminé;511.04
5821;20/05/2026 10:00:33;;Dossier validé;Parcours terminé;202.72
5822;20/05/2026 10:00:33;;Dossier validé;Parcours terminé;275.09
5823;20/05/2026 09:40:31;;Souscription non démarrée;Parcours non démarré;663.55
5824;20/05/2026 09:40:31;;Souscription non démarrée;Parcours non démarré;205.70
5825;20/05/2026 09:36:50;;Souscription en cours;Coordonnées personnelles;403.42
5826;20/05/2026 09:36:50;;Souscription en cours;Coordonnées personnelles;146.18
5827;20/05/2026 09:23:24;Z5681453;Dossier refusé;Signature Contrat;786.29
5828;20/05/2026 09:23:24;Z5681453;Dossier refusé;Signature Contrat;870.72
5829;20/05/2026 09:20:06;;Dossier validé;Parcours terminé;194.95
5830;20/05/2026 09:20:06;;Dossier validé;Parcours terminé;646.07
5831;20/05/2026 09:10:35;;Souscription en cours;Choix de l'offre et livraison;153.99
5832;20/05/2026 09:10:35;;Souscription en cours;Choix de l'offre et livraison;616.89
5833;20/05/2026 09:07:55;;Souscription non démarrée;Parcours non démarré;196.13
5834;20/05/2026 09:07:55;;Souscription non démarrée;Parcours non démarré;937.64
5835;20/05/2026 08:53:10;;Souscription en cours;Coordonnées personnelles;781.56
5836;20/05/2026 08:53:10;;Souscription en cours;Coordonnées personnelles;424.55
5837;20/05/2026 08:37:05;;Souscription en cours;Coordonnées personnelles;641.19
5838;20/05/2026 08:37:05;;Souscription en cours;Coordonnées personnelles;568.86
5839;20/05/2026 08:34:32;;Dossier validé;Parcours terminé;698.76
5840;20/05/2026 08:34:32;;Dossier validé;Parcours terminé;326.30
5841;20/05/2026 08:27:00;;Souscription en cours;Choix de l'offre et livraison;605.95
5842;20/05/2026 08:27:00;;Souscription en cours;Choix de l'offre et livraison;554.15
5843;20/05/2026 08:23:59;;Dossier refusé;Coordonnées personnelles;529.66
5844;20/05/2026 08:23:59;;Dossier refusé;Coordonnées personnelles;314.27
5845;20/05/2026 08:17:07;;Dossier validé;Parcours terminé;998.91
5846;20/05/2026 08:17:07;;Dossier validé;Parcours terminé;142.71
5847;20/05/2026 07:55:04;;Dossier validé;Parcours terminé;373.52
5848;20/05/2026 07:55:04;;Dossier validé;Parcours terminé;353.19
5849;20/05/2026 07:54:26;;Dossier validé;Parcours terminé;491.61
5850;20/05/2026 07:54:26;;Dossier validé;Parcours terminé;374.07
5851;20/05/2026 07:50:43;;Dossier refusé;Saisie société;207.30
5852;20/05/2026 07:50:43;;Dossier refusé;Saisie société;625.91
5853;20/05/2026 07:50:21;;Dossier validé;Parcours terminé;646.57
5854;20/05/2026 07:50:21;;Dossier validé;Parcours terminé;833.29
5855;20/05/2026 07:50:13;;Souscription en cours;Coordonnées personnelles;402.42
5856;20/05/2026 07:50:13;;Souscription en cours;Coordonnées personnelles;791.76
5857;20/05/2026 07:37:53;;Souscription en cours;Coordonnées personnelles;585.17
5858;20/05/2026 07:37:53;;Souscription en cours;Coordonnées personnelles;300.99
5859;20/05/2026 07:01:49;;Souscription en cours;Coordonnées personnelles;357.33
5860;20/05/2026 07:01:49;;Souscription en cours;Coordonnées personnelles;759.44
5861;20/05/2026 06:30:31;Manon LEFEBVRE;Dossier validé;Parcours terminé;438.45
5862;20/05/2026 06:30:31;Manon LEFEBVRE;Dossier validé;Parcours terminé;701.29
5863;20/05/2026 06:22:50;;Dossier validé;Parcours terminé;356.45
5864;20/05/2026 06:22:50;;Dossier validé;Parcours terminé;937.97
5865;20/05/2026 05:38:11;;Dossier validé;Parcours terminé;118.86
5866;20/05/2026 05:38:11;;Dossier validé;Parcours terminé;951.43
5867;20/05/2026 05:27:15;;Dossier refusé;Saisie société;850.18
5868;20/05/2026 05:27:15;;Dossier refusé;Saisie société;839.12
5869;20/05/2026 05:24:42;;Dossier validé;Parcours terminé;224.00
5870;20/05/2026 05:24:42;;Dossier validé;Parcours terminé;781.24
5871;20/05/2026 02:57:25;;Souscription en cours;Choix de l'offre et livraison;633.47
5872;20/05/2026 02:57:25;;Souscription en cours;Choix de l'offre et livraison;166.20
5873;20/05/2026 02:10:00;;Souscription non démarrée;Parcours non démarré;537.71
5874;20/05/2026 02:10:00;;Souscription non démarrée;Parcours non démarré;726.11
5875;20/05/2026 01:51:18;;Dossier validé;Parcours terminé;968.58
5876;20/05/2026 01:51:18;;Dossier validé;Parcours terminé;957.34
5877;20/05/2026 01:28:33;;Dossier validé;Parcours terminé;772.81
5878;20/05/2026 01:28:33;;Dossier validé;Parcours terminé;534.27
5879;20/05/2026 00:44:56;;Souscription en cours;Synchronisation référentiel personne NOVA;640.12
5880;20/05/2026 00:44:56;;Souscription en cours;Synchronisation référentiel personne NOVA;743.16
5881;20/05/2026 00:22:16;;Souscription non démarrée;Parcours non démarré;102.74
5882;20/05/2026 00:22:16;;Souscription non démarrée;Parcours non démarré;658.70
5883;20/05/2026 00:12:50;Hugo MARTIN;Dossier validé;Parcours terminé;167.21
5884;20/05/2026 00:12:50;Hugo MARTIN;Dossier validé;Parcours terminé;501.67
5885;20/05/2026 00:11:07;;Dossier validé;Parcours terminé;672.42
5886;20/05/2026 00:11:07;;Dossier validé;Parcours terminé;454.02
5887;19/05/2026 23:54:27;;Souscription en cours;Coordonnées personnelles;471.30
5888;19/05/2026 23:54:27;;Souscription en cours;Coordonnées personnelles;389.81
5889;19/05/2026 23:44:11;;Souscription en cours;Coordonnées personnelles;248.78
5890;19/05/2026 23:44:11;;Souscription en cours;Coordonnées personnelles;245.59
5891;19/05/2026 23:31:31;;Souscription en cours;Coordonnées personnelles;801.48
5892;19/05/2026 23:31:31;;Souscription en cours;Coordonnées personnelles;813.09
5893;19/05/2026 22:48:25;;Dossier validé;Parcours terminé;338.77
5894;19/05/2026 22:48:25;;Dossier validé;Parcours terminé;938.66
5895;19/05/2026 22:29:48;;Souscription en cours;Coordonnées personnelles;299.97
5896;19/05/2026 22:29:48;;Souscription en cours;Coordonnées personnelles;957.05
5897;19/05/2026 22:26:01;;Souscription en cours;Choix de l'offre et livraison;824.84
5898;19/05/2026 22:26:01;;Souscription en cours;Choix de l'offre et livraison;871.45
5899;19/05/2026 22:15:31;;Dossier refusé;Choix de l'offre et livraison;175.43
5900;19/05/2026 22:15:31;;Dossier refusé;Choix de l'offre et livraison;532.92
5901;19/05/2026 22:05:28;;Dossier validé;Parcours terminé;333.96
5902;19/05/2026 22:05:28;;Dossier validé;Parcours terminé;403.36
5903;19/05/2026 21:58:21;;Souscription en cours;Vérification d'identité;837.06
5904;19/05/2026 21:58:21;;Souscription en cours;Vérification d'identité;219.40
5905;19/05/2026 21:42:16;;Dossier refusé;Signature Contrat;653.33
5906;19/05/2026 21:42:16;;Dossier refusé;Signature Contrat;138.57
5907;19/05/2026 21:35:57;;Dossier validé;Parcours terminé;264.41
5908;19/05/2026 21:35:57;;Dossier validé;Parcours terminé;148.47
5909;19/05/2026 21:30:43;;Dossier validé;Parcours terminé;962.17
5910;19/05/2026 21:30:43;;Dossier validé;Parcours terminé;388.72
5911;19/05/2026 21:20:59;;Dossier validé;Parcours terminé;653.48
5912;19/05/2026 21:20:59;;Dossier validé;Parcours terminé;765.43
5913;19/05/2026 21:18:07;;Dossier validé;Parcours terminé;325.32
5914;19/05/2026 21:18:07;;Dossier validé;Parcours terminé;111.58
5915;19/05/2026 21:11:31;;Dossier validé;Parcours terminé;727.06
5916;19/05/2026 21:11:31;;Dossier validé;Parcours terminé;846.74
5917;19/05/2026 21:09:14;;Souscription en cours;Coordonnées personnelles;684.51
5918;19/05/2026 21:09:14;;Souscription en cours;Coordonnées personnelles;496.49
5919;19/05/2026 21:08:59;;Souscription en cours;Vérification d'identité;156.88
5920;19/05/2026 21:08:59;;Souscription en cours;Vérification d'identité;425.56
5921;19/05/2026 21:02:59;;Souscription en cours;Signature Contrat;798.59
5922;19/05/2026 21:02:59;;Souscription en cours;Signature Contrat;718.68
5923;19/05/2026 21:01:24;;Dossier validé;Parcours terminé;596.89
5924;19/05/2026 21:01:24;;Dossier validé;Parcours terminé;513.52
5925;19/05/2026 20:47:24;;Souscription en cours;Vérification d'identité;108.76
5926;19/05/2026 20:47:24;;Souscription en cours;Vérification d'identité;189.52
5927;19/05/2026 20:39:09;;Souscription non démarrée;Parcours non démarré;695.47
5928;19/05/2026 20:39:09;;Souscription non démarrée;Parcours non démarré;833.74
5929;19/05/2026 20:37:17;;Dossier refusé;Saisie société;608.93
5930;19/05/2026 20:37:17;;Dossier refusé;Saisie société;936.04
5931;19/05/2026 20:22:42;;Souscription non démarrée;Parcours non démarré;977.87
5932;19/05/2026 20:22:42;;Souscription non démarrée;Parcours non démarré;760.54
5933;19/05/2026 20:19:59;;Dossier validé;Parcours terminé;381.91
5934;19/05/2026 20:19:59;;Dossier validé;Parcours terminé;728.17
5935;19/05/2026 20:09:10;;Souscription en cours;Coordonnées personnelles;589.87
5936;19/05/2026 20:09:10;;Souscription en cours;Coordonnées personnelles;224.81
5937;19/05/2026 20:06:49;;Souscription en cours;Choix de l'offre et livraison;725.17
5938;19/05/2026 20:06:49;;Souscription en cours;Choix de l'offre et livraison;798.65
5939;19/05/2026 19:56:38;;Dossier validé;Parcours terminé;642.50
5940;19/05/2026 19:56:38;;Dossier validé;Parcours terminé;688.15
5941;19/05/2026 19:54:56;;Dossier validé;Parcours terminé;225.40
5942;19/05/2026 19:54:56;;Dossier validé;Parcours terminé;918.47
5943;19/05/2026 19:52:40;;En attente d'analyse Agent - Dossier avec erreurs;Signature Contrat;991.40
5944;19/05/2026 19:52:40;;En attente d'analyse Agent - Dossier avec erreurs;Signature Contrat;455.13
5945;19/05/2026 19:48:12;;Dossier refusé;Saisie société;627.68
5946;19/05/2026 19:48:12;;Dossier refusé;Saisie société;892.79
5947;19/05/2026 19:08:44;;Souscription non démarrée;Parcours non démarré;761.65
5948;19/05/2026 19:08:44;;Souscription non démarrée;Parcours non démarré;968.66
5949;19/05/2026 19:03:12;;Souscription en cours;Synchronisation référentiel personne NOVA;909.94
5950;19/05/2026 19:03:12;;Souscription en cours;Synchronisation référentiel personne NOVA;578.24
5951;19/05/2026 19:00:54;;Dossier validé;Parcours terminé;471.03
5952;19/05/2026 19:00:54;;Dossier validé;Parcours terminé;659.19
5953;19/05/2026 18:46:52;;Souscription en cours;Coordonnées personnelles;204.21
5954;19/05/2026 18:46:52;;Souscription en cours;Coordonnées personnelles;379.71
5955;19/05/2026 18:29:27;;Souscription en cours;Coordonnées personnelles;688.12
5956;19/05/2026 18:29:27;;Souscription en cours;Coordonnées personnelles;779.32
5957;19/05/2026 18:27:35;;Souscription en cours;Coordonnées personnelles;693.64
5958;19/05/2026 18:27:35;;Souscription en cours;Coordonnées personnelles;603.26
5959;19/05/2026 18:27:16;;Dossier validé;Parcours terminé;913.33
5960;19/05/2026 18:27:16;;Dossier validé;Parcours terminé;842.74
5961;19/05/2026 18:14:23;;Dossier validé;Parcours terminé;623.76
5962;19/05/2026 18:14:23;;Dossier validé;Parcours terminé;274.80
5963;19/05/2026 17:58:47;;Souscription en cours;Coordonnées personnelles;135.68
5964;19/05/2026 17:58:47;;Souscription en cours;Coordonnées personnelles;591.02
5965;19/05/2026 17:55:17;;Souscription en cours;Coordonnées personnelles;287.57
5966;19/05/2026 17:55:17;;Souscription en cours;Coordonnées personnelles;761.85
5967;19/05/2026 17:53:15;;Dossier validé;Parcours terminé;461.25
5968;19/05/2026 17:53:15;;Dossier validé;Parcours terminé;190.56
5969;19/05/2026 17:51:19;;Dossier validé;Parcours terminé;897.32
5970;19/05/2026 17:51:19;;Dossier validé;Parcours terminé;293.36
5971;19/05/2026 17:48:46;;Souscription non démarrée;Parcours non démarré;408.16
5972;19/05/2026 17:48:46;;Souscription non démarrée;Parcours non démarré;722.37
5973;19/05/2026 17:48:20;;Souscription en cours;Coordonnées personnelles;628.42
5974;19/05/2026 17:48:20;;Souscription en cours;Coordonnées personnelles;443.23
5975;19/05/2026 17:37:15;;Souscription non démarrée;Parcours non démarré;120.58
5976;19/05/2026 17:37:15;;Souscription non démarrée;Parcours non démarré;429.43
5977;19/05/2026 17:30:51;;Dossier validé;Parcours terminé;409.95
5978;19/05/2026 17:30:51;;Dossier validé;Parcours terminé;615.26
5979;19/05/2026 17:15:26;;Dossier validé;Parcours terminé;639.89
5980;19/05/2026 17:15:26;;Dossier validé;Parcours terminé;377.25
5981;19/05/2026 17:03:44;;Souscription en cours;Informations complémentaires (Etablissements, etc.);448.72
5982;19/05/2026 17:03:44;;Souscription en cours;Informations complémentaires (Etablissements, etc.);370.02
5983;19/05/2026 16:58:23;;Dossier refusé;Saisie société;167.13
5984;19/05/2026 16:58:23;;Dossier refusé;Saisie société;271.55
5985;19/05/2026 16:58:18;;Dossier refusé;Signature Contrat;920.30
5986;19/05/2026 16:58:18;;Dossier refusé;Signature Contrat;255.07
5987;19/05/2026 16:56:11;;Dossier validé;Parcours terminé;103.63
5988;19/05/2026 16:56:11;;Dossier validé;Parcours terminé;347.91
5989;19/05/2026 16:55:48;;Souscription en cours;Coordonnées personnelles;681.29
5990;19/05/2026 16:55:48;;Souscription en cours;Coordonnées personnelles;730.31
5991;19/05/2026 16:45:07;;Dossier validé;Parcours terminé;241.14
5992;19/05/2026 16:45:07;;Dossier validé;Parcours terminé;908.04
5993;19/05/2026 16:42:00;;Souscription non démarrée;Parcours non démarré;978.64
5994;19/05/2026 16:42:00;;Souscription non démarrée;Parcours non démarré;666.90
5995;19/05/2026 16:41:15;;Souscription en cours;Coordonnées personnelles;568.80
5996;19/05/2026 16:41:15;;Souscription en cours;Coordonnées personnelles;857.59
5997;19/05/2026 16:39:35;;Dossier validé;Parcours terminé;690.77
5998;19/05/2026 16:39:35;;Dossier validé;Parcours terminé;509.17
5999;19/05/2026 16:21:29;Z5735392;Dossier refusé;Saisie société;126.41
6000;19/05/2026 16:21:29;Z5735392;Dossier refusé;Saisie société;954.09
6001;19/05/2026 16:14:06;;Dossier validé;Parcours terminé;278.43
6002;19/05/2026 16:14:06;;Dossier validé;Parcours terminé;680.08
6003;19/05/2026 16:10:45;;Dossier validé;Parcours terminé;669.74
6004;19/05/2026 16:10:45;;Dossier validé;Parcours terminé;609.95
6005;19/05/2026 16:09:22;;Souscription en cours;Choix de l'offre et livraison;584.09
6006;19/05/2026 16:09:22;;Souscription en cours;Choix de l'offre et livraison;787.17
6007;19/05/2026 15:58:29;;Souscription en cours;Signature Contrat;861.36
6008;19/05/2026 15:58:29;;Souscription en cours;Signature Contrat;542.77
6009;19/05/2026 15:53:12;;Souscription en cours;Coordonnées personnelles;579.97
6010;19/05/2026 15:53:12;;Souscription en cours;Coordonnées personnelles;287.04
6011;19/05/2026 15:50:46;;Souscription en cours;Coordonnées personnelles;186.54
6012;19/05/2026 15:50:46;;Souscription en cours;Coordonnées personnelles;958.60
6013;19/05/2026 15:49:05;;Dossier validé;Parcours terminé;397.35
6014;19/05/2026 15:49:05;;Dossier validé;Parcours terminé;326.41
6015;19/05/2026 15:48:07;;Souscription en cours;Choix de l'offre et livraison;400.00
6016;19/05/2026 15:48:07;;Souscription en cours;Choix de l'offre et livraison;412.48
6017;19/05/2026 15:44:10;;Dossier refusé;Signature Contrat;504.48
6018;19/05/2026 15:44:10;;Dossier refusé;Signature Contrat;491.12
6019;19/05/2026 15:42:24;;Dossier refusé;Saisie société;402.96
6020;19/05/2026 15:42:24;;Dossier refusé;Saisie société;568.45
6021;19/05/2026 15:41:10;;Dossier validé;Parcours terminé;440.42
6022;19/05/2026 15:41:10;;Dossier validé;Parcours terminé;676.00
6023;19/05/2026 15:40:29;;Souscription non démarrée;Parcours non démarré;675.23
6024;19/05/2026 15:40:29;;Souscription non démarrée;Parcours non démarré;306.58
6025;19/05/2026 15:38:02;;Dossier refusé;Saisie société;582.83
6026;19/05/2026 15:38:02;;Dossier refusé;Saisie société;760.54
6027;19/05/2026 15:25:13;;Souscription en cours;Coordonnées personnelles;820.71
6028;19/05/2026 15:25:13;;Souscription en cours;Coordonnées personnelles;809.33
6029;19/05/2026 15:22:56;;Dossier validé;Parcours terminé;650.41
6030;19/05/2026 15:22:56;;Dossier validé;Parcours terminé;881.27
6031;19/05/2026 15:16:38;;Souscription en cours;Informations complémentaires (Etablissements, etc.);472.52
6032;19/05/2026 15:16:38;;Souscription en cours;Informations complémentaires (Etablissements, etc.);483.68
6033;19/05/2026 15:16:21;;Dossier validé;Parcours terminé;785.12
6034;19/05/2026 15:16:21;;Dossier validé;Parcours terminé;740.40
6035;19/05/2026 15:01:46;;Dossier validé;Parcours terminé;529.82
6036;19/05/2026 15:01:46;;Dossier validé;Parcours terminé;120.87
6037;19/05/2026 15:00:22;;Souscription en cours;Informations complémentaires (CA, Profession, etc.);137.12
6038;19/05/2026 15:00:22;;Souscription en cours;Informations complémentaires (CA, Profession, etc.);467.49
6039;19/05/2026 14:59:57;;Dossier validé;Parcours terminé;289.45
6040;19/05/2026 14:59:57;;Dossier validé;Parcours terminé;525.48
6041;19/05/2026 14:51:44;;Souscription en cours;Choix de l'offre et livraison;690.44
6042;19/05/2026 14:51:44;;Souscription en cours;Choix de l'offre et livraison;916.69
6043;19/05/2026 14:47:30;;Dossier validé;Parcours terminé;891.31
6044;19/05/2026 14:47:30;;Dossier validé;Parcours terminé;846.47
6045;19/05/2026 14:44:13;;Dossier validé;Parcours terminé;881.81
6046;19/05/2026 14:44:13;;Dossier validé;Parcours terminé;144.22
6047;19/05/2026 14:42:36;;Souscription en cours;Informations complémentaires (CA, Profession, etc.);967.29
6048;19/05/2026 14:42:36;;Souscription en cours;Informations complémentaires (CA, Profession, etc.);642.51
6049;19/05/2026 14:31:45;;En attente d'analyse Agent - Dossier avec erreurs;Signature Contrat;256.45
6050;19/05/2026 14:31:45;;En attente d'analyse Agent - Dossier avec erreurs;Signature Contrat;697.44
6051;19/05/2026 14:30:21;Hugo MARTIN;Dossier validé;Parcours terminé;348.53
6052;19/05/2026 14:30:21;Hugo MARTIN;Dossier validé;Parcours terminé;247.30
6053;19/05/2026 14:24:57;;Dossier validé;Parcours terminé;405.92
6054;19/05/2026 14:24:57;;Dossier validé;Parcours terminé;224.83
6055;19/05/2026 14:24:37;;Dossier validé;Parcours terminé;910.19
6056;19/05/2026 14:24:37;;Dossier validé;Parcours terminé;389.65
6057;19/05/2026 14:18:39;;Souscription en cours;Coordonnées personnelles;458.22
6058;19/05/2026 14:18:39;;Souscription en cours;Coordonnées personnelles;959.41
6059;19/05/2026 14:16:57;;Dossier refusé;Saisie société;418.14
6060;19/05/2026 14:16:57;;Dossier refusé;Saisie société;228.31
6061;19/05/2026 14:15:24;;Dossier refusé;Parcours terminé;106.39
6062;19/05/2026 14:15:24;;Dossier refusé;Parcours terminé;933.42
6063;19/05/2026 14:14:46;;Dossier refusé;Signature Contrat;424.38
6064;19/05/2026 14:14:46;;Dossier refusé;Signature Contrat;337.44
6065;19/05/2026 14:10:25;;Souscription en cours;Vérification d'identité;273.33
6066;19/05/2026 14:10:25;;Souscription en cours;Vérification d'identité;535.91
6067;19/05/2026 14:07:26;;Dossier validé;Parcours terminé;478.73
6068;19/05/2026 14:07:26;;Dossier validé;Parcours terminé;838.45
6069;19/05/2026 14:01:07;;Dossier validé;Parcours terminé;944.57
6070;19/05/2026 14:01:07;;Dossier validé;Parcours terminé;614.95
6071;19/05/2026 14:00:54;;Souscription en cours;Coordonnées personnelles;880.66
6072;19/05/2026 14:00:54;;Souscription en cours;Coordonnées personnelles;276.58
6073;19/05/2026 14:00:54;;Souscription en cours;Informations complémentaires (CA, Profession, etc.);773.22
6074;19/05/2026 14:00:54;;Souscription en cours;Informations complémentaires (CA, Profession, etc.);864.49
6075;19/05/2026 13:56:56;;Dossier refusé;Saisie société;170.24
6076;19/05/2026 13:56:56;;Dossier refusé;Saisie société;512.49
6077;19/05/2026 13:49:16;;Souscription en cours;Coordonnées personnelles;383.50
6078;19/05/2026 13:49:16;;Souscription en cours;Coordonnées personnelles;425.26
6079;19/05/2026 13:45:22;;Dossier validé;Parcours terminé;350.03
6080;19/05/2026 13:45:22;;Dossier validé;Parcours terminé;503.02
6081;19/05/2026 13:44:25;;Dossier validé;Parcours terminé;531.02
6082;19/05/2026 13:44:25;;Dossier validé;Parcours terminé;883.67
6083;19/05/2026 13:37:19;Hugo MARTIN;Dossier validé;Parcours terminé;851.43
6084;19/05/2026 13:37:19;Hugo MARTIN;Dossier validé;Parcours terminé;524.27
6085;19/05/2026 12:55:38;;Dossier refusé;Signature Contrat;330.30
6086;19/05/2026 12:55:38;;Dossier refusé;Signature Contrat;109.62
6087;19/05/2026 12:51:23;;Dossier refusé;Saisie société;759.70
6088;19/05/2026 12:51:23;;Dossier refusé;Saisie société;550.96
6089;19/05/2026 12:42:25;;Dossier refusé;Saisie société;160.87
6090;19/05/2026 12:42:25;;Dossier refusé;Saisie société;469.28
6091;19/05/2026 12:29:15;;Dossier validé;Parcours terminé;434.47
6092;19/05/2026 12:29:15;;Dossier validé;Parcours terminé;999.92
6093;19/05/2026 12:26:16;;Dossier validé;Parcours terminé;277.00
6094;19/05/2026 12:26:16;;Dossier validé;Parcours terminé;293.10
6095;19/05/2026 12:07:56;;Souscription en cours;Vérification d'identité;495.78
6096;19/05/2026 12:07:56;;Souscription en cours;Vérification d'identité;591.07
6097;19/05/2026 11:48:56;;Dossier validé;Parcours terminé;391.39
6098;19/05/2026 11:48:56;;Dossier validé;Parcours terminé;684.33
6099;19/05/2026 11:48:24;;Dossier validé;Parcours terminé;200.60
6100;19/05/2026 11:48:24;;Dossier validé;Parcours terminé;566.09
6101;19/05/2026 11:44:24;;Souscription en cours;Coordonnées personnelles;503.89
6102;19/05/2026 11:44:24;;Souscription en cours;Coordonnées personnelles;524.77
6103;19/05/2026 11:39:57;;Souscription en cours;Coordonnées personnelles;663.92
6104;19/05/2026 11:39:57;;Souscription en cours;Coordonnées personnelles;979.79
6105;19/05/2026 11:27:44;;Dossier validé;Parcours terminé;353.99
6106;19/05/2026 11:27:44;;Dossier validé;Parcours terminé;997.98
6107;19/05/2026 11:27:18;;Dossier validé;Parcours terminé;727.76
6108;19/05/2026 11:27:18;;Dossier validé;Parcours terminé;556.17
6109;19/05/2026 11:25:31;;Souscription en cours;Choix de l'offre et livraison;903.76
6110;19/05/2026 11:25:31;;Souscription en cours;Choix de l'offre et livraison;190.87
6111;19/05/2026 11:15:46;;Souscription non démarrée;Parcours non démarré;320.87
6112;19/05/2026 11:15:46;;Souscription non démarrée;Parcours non démarré;261.55
6113;19/05/2026 11:11:21;;Souscription en cours;Signature Contrat;433.89
6114;19/05/2026 11:11:21;;Souscription en cours;Signature Contrat;289.49
6115;19/05/2026 11:03:16;;Souscription en cours;Signature Contrat;503.61
6116;19/05/2026 11:03:16;;Souscription en cours;Signature Contrat;604.81
6117;19/05/2026 11:02:54;;En attente d'analyse Agent - Dossier avec erreurs;Signature Contrat;918.84
6118;19/05/2026 11:02:54;;En attente d'analyse Agent - Dossier avec erreurs;Signature Contrat;435.49
6119;19/05/2026 10:59:55;;Souscription en cours;Choix de l'offre et livraison;595.85
6120;19/05/2026 10:59:55;;Souscription en cours;Choix de l'offre et livraison;254.95
6121;19/05/2026 10:50:48;Hugo DUBOIS;Dossier validé;Parcours terminé;120.72
6122;19/05/2026 10:50:48;Hugo DUBOIS;Dossier validé;Parcours terminé;353.26
6123;19/05/2026 10:45:08;Manon LEFEBVRE;Dossier validé;Parcours terminé;279.51
6124;19/05/2026 10:45:08;Manon LEFEBVRE;Dossier validé;Parcours terminé;340.21
6125;19/05/2026 10:33:35;;Dossier validé;Parcours terminé;543.06
6126;19/05/2026 10:33:35;;Dossier validé;Parcours terminé;282.41
6127;19/05/2026 10:33:30;;Souscription non démarrée;Parcours non démarré;687.03
6128;19/05/2026 10:33:30;;Souscription non démarrée;Parcours non démarré;533.56
6129;19/05/2026 10:30:58;;Dossier validé;Parcours terminé;270.55
6130;19/05/2026 10:30:58;;Dossier validé;Parcours terminé;445.40
6131;19/05/2026 10:27:23;;Dossier refusé;Saisie société;683.71
6132;19/05/2026 10:27:23;;Dossier refusé;Saisie société;109.59
6133;19/05/2026 10:27:04;;Dossier refusé;Synchronisation référentiel personne NOVA;339.53
6134;19/05/2026 10:27:04;;Dossier refusé;Synchronisation référentiel personne NOVA;382.99
6135;19/05/2026 10:21:11;;Dossier validé;Parcours terminé;777.17
6136;19/05/2026 10:21:11;;Dossier validé;Parcours terminé;452.07
6137;19/05/2026 10:18:25;;Souscription en cours;Coordonnées personnelles;113.05
6138;19/05/2026 10:18:25;;Souscription en cours;Coordonnées personnelles;634.62
6139;19/05/2026 10:14:47;;Souscription en cours;Choix de l'offre et livraison;436.89
6140;19/05/2026 10:14:47;;Souscription en cours;Choix de l'offre et livraison;275.91
6141;19/05/2026 10:13:44;Hugo MARTIN;Dossier refusé;Saisie société;836.08
6142;19/05/2026 10:13:44;Hugo MARTIN;Dossier refusé;Saisie société;823.29
6143;19/05/2026 10:11:34;;Dossier refusé;Signature Contrat;538.26
6144;19/05/2026 10:11:34;;Dossier refusé;Signature Contrat;931.55
6145;19/05/2026 10:06:43;;Souscription en cours;Coordonnées personnelles;783.39
6146;19/05/2026 10:06:43;;Souscription en cours;Coordonnées personnelles;492.64
6147;19/05/2026 10:04:15;;Dossier validé;Parcours terminé;325.01
6148;19/05/2026 10:04:15;;Dossier validé;Parcours terminé;847.89
6149;19/05/2026 10:03:57;;Dossier validé;Parcours terminé;418.59
6150;19/05/2026 10:03:57;;Dossier validé;Parcours terminé;316.38
6151;19/05/2026 09:50:27;;Souscription en cours;Coordonnées personnelles;804.51
6152;19/05/2026 09:50:27;;Souscription en cours;Coordonnées personnelles;690.32
6153;19/05/2026 09:43:33;;Dossier validé;Parcours terminé;519.98
6154;19/05/2026 09:43:33;;Dossier validé;Parcours terminé;187.52
6155;19/05/2026 09:40:28;;Dossier validé;Parcours terminé;912.88
6156;19/05/2026 09:40:28;;Dossier validé;Parcours terminé;467.54
6157;19/05/2026 09:28:31;;Souscription en cours;Signature Contrat;554.66
6158;19/05/2026 09:28:31;;Souscription en cours;Signature Contrat;190.14
6159;19/05/2026 09:27:56;;Souscription non démarrée;Parcours non démarré;510.32
6160;19/05/2026 09:27:56;;Souscription non démarrée;Parcours non démarré;592.12
6161;19/05/2026 09:27:05;;Dossier validé;Parcours terminé;696.28
6162;19/05/2026 09:27:05;;Dossier validé;Parcours terminé;899.95
6163;19/05/2026 09:24:54;;Dossier validé;Parcours terminé;345.06
6164;19/05/2026 09:24:54;;Dossier validé;Parcours terminé;202.27
6165;19/05/2026 09:14:38;;Souscription en cours;Choix de l'offre et livraison;371.85
6166;19/05/2026 09:14:38;;Souscription en cours;Choix de l'offre et livraison;636.93
6167;19/05/2026 09:13:13;;Dossier validé;Parcours terminé;847.13
6168;19/05/2026 09:13:13;;Dossier validé;Parcours terminé;690.22
6169;19/05/2026 09:08:30;;Dossier validé;Parcours terminé;569.61
6170;19/05/2026 09:08:30;;Dossier validé;Parcours terminé;928.24
6171;19/05/2026 09:07:15;;Souscription en cours;Signature Contrat;627.83
6172;19/05/2026 09:07:15;;Souscription en cours;Signature Contrat;955.19
6173;19/05/2026 08:58:07;;Dossier validé;Parcours terminé;346.56
6174;19/05/2026 08:58:07;;Dossier validé;Parcours terminé;582.56
6175;19/05/2026 08:55:10;;Souscription en cours;Coordonnées personnelles;402.68
6176;19/05/2026 08:55:10;;Souscription en cours;Coordonnées personnelles;607.96
6177;19/05/2026 08:54:54;;Dossier validé;Parcours terminé;301.71
6178;19/05/2026 08:54:54;;Dossier validé;Parcours terminé;763.13
6179;19/05/2026 08:53:19;;Souscription en cours;Coordonnées personnelles;704.75
6180;19/05/2026 08:53:19;;Souscription en cours;Coordonnées personnelles;876.96
6181;19/05/2026 08:49:33;;Souscription en cours;Coordonnées personnelles;310.01
6182;19/05/2026 08:49:33;;Souscription en cours;Coordonnées personnelles;352.90
6183;19/05/2026 08:49:04;;Dossier validé;Parcours terminé;774.33
6184;19/05/2026 08:49:04;;Dossier validé;Parcours terminé;927.96
6185;19/05/2026 08:49:01;;Dossier validé;Parcours terminé;679.50
6186;19/05/2026 08:49:01;;Dossier validé;Parcours terminé;202.14
6187;19/05/2026 08:48:28;;Souscription non démarrée;Parcours non démarré;226.55
6188;19/05/2026 08:48:28;;Souscription non démarrée;Parcours non démarré;871.73
6189;19/05/2026 08:35:14;;Souscription en cours;Coordonnées personnelles;608.80
6190;19/05/2026 08:35:14;;Souscription en cours;Coordonnées personnelles;648.72
6191;19/05/2026 08:30:58;;Souscription en cours;Signature Contrat;264.98
6192;19/05/2026 08:30:58;;Souscription en cours;Signature Contrat;596.88
6193;19/05/2026 08:20:19;Inès MICHEL;Dossier validé;Parcours terminé;825.19
6194;19/05/2026 08:20:19;Inès MICHEL;Dossier validé;Parcours terminé;302.92
6195;19/05/2026 07:44:21;;Souscription non démarrée;Parcours non démarré;170.62
6196;19/05/2026 07:44:21;;Souscription non démarrée;Parcours non démarré;312.87
6197;19/05/2026 06:12:08;;Dossier refusé;Saisie société;240.44
6198;19/05/2026 06:12:08;;Dossier refusé;Saisie société;101.04
6199;19/05/2026 06:10:05;;Souscription en cours;Coordonnées personnelles;526.36
6200;19/05/2026 06:10:05;;Souscription en cours;Coordonnées personnelles;112.46
6201;19/05/2026 03:43:43;;Dossier validé;Parcours terminé;469.45
6202;19/05/2026 03:43:43;;Dossier validé;Parcours terminé;792.32
6203;19/05/2026 03:29:02;;Souscription en cours;Coordonnées personnelles;953.36
6204;19/05/2026 03:29:02;;Souscription en cours;Coordonnées personnelles;454.12
6205;19/05/2026 02:54:36;;Dossier validé;Parcours terminé;410.64
6206;19/05/2026 02:54:36;;Dossier validé;Parcours terminé;395.10
6207;19/05/2026 02:52:57;;Dossier refusé;Signature Contrat;434.20
6208;19/05/2026 02:52:57;;Dossier refusé;Signature Contrat;129.86
6209;19/05/2026 02:02:05;;Dossier validé;Parcours terminé;138.13
6210;19/05/2026 02:02:05;;Dossier validé;Parcours terminé;641.36
6211;19/05/2026 00:58:19;;Dossier refusé;Signature Contrat;377.68
6212;19/05/2026 00:58:19;;Dossier refusé;Signature Contrat;636.11
6213;19/05/2026 00:35:43;;Souscription en cours;Coordonnées personnelles;515.99
6214;19/05/2026 00:35:43;;Souscription en cours;Coordonnées personnelles;678.07
6215;19/05/2026 00:25:24;;Dossier validé;Parcours terminé;260.03
6216;19/05/2026 00:25:24;;Dossier validé;Parcours terminé;531.67
6217;19/05/2026 00:23:20;;Dossier validé;Parcours terminé;691.48
6218;19/05/2026 00:23:20;;Dossier validé;Parcours terminé;169.65
6219;19/05/2026 00:10:26;;Souscription non démarrée;Parcours non démarré;905.45
6220;19/05/2026 00:10:26;;Souscription non démarrée;Parcours non démarré;757.51
6221;18/05/2026 23:51:50;;Souscription en cours;Choix de l'offre et livraison;515.10
6222;18/05/2026 23:51:50;;Souscription en cours;Choix de l'offre et livraison;357.38
6223;18/05/2026 23:04:33;;Dossier validé;Parcours terminé;304.74
6224;18/05/2026 23:04:33;;Dossier validé;Parcours terminé;500.58
6225;18/05/2026 22:57:29;;Souscription en cours;Signature Contrat;996.67
6226;18/05/2026 22:57:29;;Souscription en cours;Signature Contrat;108.79
6227;18/05/2026 22:56:17;Hugo MARTIN;Dossier validé;Parcours terminé;280.16
6228;18/05/2026 22:56:17;Hugo MARTIN;Dossier validé;Parcours terminé;408.63
6229;18/05/2026 22:45:13;Hugo DUBOIS;Dossier refusé;Choix de l'offre et livraison;531.05
6230;18/05/2026 22:45:13;Hugo DUBOIS;Dossier refusé;Choix de l'offre et livraison;840.89
6231;18/05/2026 22:42:38;;Souscription en cours;Choix de l'offre et livraison;256.76
6232;18/05/2026 22:42:38;;Souscription en cours;Choix de l'offre et livraison;325.76
6233;18/05/2026 22:36:30;;Dossier validé;Parcours terminé;633.79
6234;18/05/2026 22:36:30;;Dossier validé;Parcours terminé;887.41
6235;18/05/2026 22:36:19;;Dossier validé;Parcours terminé;289.27
6236;18/05/2026 22:36:19;;Dossier validé;Parcours terminé;126.51
6237;18/05/2026 22:34:57;;Souscription en cours;Choix de l'offre et livraison;609.92
6238;18/05/2026 22:34:57;;Souscription en cours;Choix de l'offre et livraison;916.71
6239;18/05/2026 22:24:29;;Souscription en cours;Coordonnées personnelles;861.38
6240;18/05/2026 22:24:29;;Souscription en cours;Coordonnées personnelles;562.38
6241;18/05/2026 22:13:22;;Souscription en cours;Signature Contrat;678.48
6242;18/05/2026 22:13:22;;Souscription en cours;Signature Contrat;217.99
6243;18/05/2026 22:07:21;;Souscription en cours;Synchronisation référentiel personne NOVA;213.72
6244;18/05/2026 22:07:21;;Souscription en cours;Synchronisation référentiel personne NOVA;598.52
6245;18/05/2026 22:06:43;;Dossier validé;Parcours terminé;383.97
6246;18/05/2026 22:06:43;;Dossier validé;Parcours terminé;601.32
6247;18/05/2026 22:02:17;;Souscription en cours;Signature Contrat;200.23
6248;18/05/2026 22:02:17;;Souscription en cours;Signature Contrat;564.83
6249;18/05/2026 21:47:42;;Dossier refusé;Informations complémentaires (Etablissements, etc.);587.94
6250;18/05/2026 21:47:42;;Dossier refusé;Informations complémentaires (Etablissements, etc.);650.77
6251;18/05/2026 21:08:02;;Dossier validé;Parcours terminé;606.38
6252;18/05/2026 21:08:02;;Dossier validé;Parcours terminé;761.83
6253;18/05/2026 20:56:10;;Souscription en cours;Informations complémentaires (CA, Profession, etc.);778.19
6254;18/05/2026 20:56:10;;Souscription en cours;Informations complémentaires (CA, Profession, etc.);533.36
6255;18/05/2026 20:35:29;;Souscription en cours;Coordonnées personnelles;314.91
6256;18/05/2026 20:35:29;;Souscription en cours;Coordonnées personnelles;160.63
6257;18/05/2026 20:25:34;;Dossier validé;Parcours terminé;674.50
6258;18/05/2026 20:25:34;;Dossier validé;Parcours terminé;259.65
6259;18/05/2026 20:00:19;;Dossier refusé;Saisie société;928.88
6260;18/05/2026 20:00:19;;Dossier refusé;Saisie société;544.56
6261;18/05/2026 19:52:23;;Souscription en cours;Choix de l'offre et livraison;778.20
6262;18/05/2026 19:52:23;;Souscription en cours;Choix de l'offre et livraison;247.17
6263;18/05/2026 19:49:58;Hugo MARTIN;Dossier validé;Parcours terminé;496.99
6264;18/05/2026 19:49:58;Hugo MARTIN;Dossier validé;Parcours terminé;854.45
6265;18/05/2026 19:20:38;;Souscription en cours;Coordonnées personnelles;306.88
6266;18/05/2026 19:20:38;;Souscription en cours;Coordonnées personnelles;984.53
6267;18/05/2026 19:08:03;;Souscription en cours;Coordonnées personnelles;712.17
6268;18/05/2026 19:08:03;;Souscription en cours;Coordonnées personnelles;657.02
6269;18/05/2026 18:56:21;;Souscription en cours;Coordonnées personnelles;480.16
6270;18/05/2026 18:56:21;;Souscription en cours;Coordonnées personnelles;137.07
6271;18/05/2026 18:52:29;Hugo MARTIN;Dossier validé;Parcours terminé;807.73
6272;18/05/2026 18:52:29;Hugo MARTIN;Dossier validé;Parcours terminé;637.58
6273;18/05/2026 18:44:22;;Dossier validé;Parcours terminé;233.94
6274;18/05/2026 18:44:22;;Dossier validé;Parcours terminé;763.33
6275;18/05/2026 18:16:37;;Souscription en cours;Coordonnées personnelles;410.20
6276;18/05/2026 18:16:37;;Souscription en cours;Coordonnées personnelles;331.62
6277;18/05/2026 17:47:39;;Dossier validé;Parcours terminé;482.13
6278;18/05/2026 17:47:39;;Dossier validé;Parcours terminé;461.28
6279;18/05/2026 17:40:12;;Dossier validé;Parcours terminé;743.85
6280;18/05/2026 17:40:12;;Dossier validé;Parcours terminé;393.13
6281;18/05/2026 17:33:25;;Dossier refusé;Informations complémentaires (CA, Profession, etc.);663.37
6282;18/05/2026 17:33:25;;Dossier refusé;Informations complémentaires (CA, Profession, etc.);899.67
6283;18/05/2026 17:31:42;;Souscription en cours;Coordonnées personnelles;129.45
6284;18/05/2026 17:31:42;;Souscription en cours;Coordonnées personnelles;660.09
6285;18/05/2026 17:22:52;;Dossier validé;Parcours terminé;881.60
6286;18/05/2026 17:22:52;;Dossier validé;Parcours terminé;921.40
6287;18/05/2026 17:08:21;;Souscription en cours;Coordonnées personnelles;126.40
6288;18/05/2026 17:08:21;;Souscription en cours;Coordonnées personnelles;349.89
6289;18/05/2026 17:04:58;;Dossier refusé;Signature Contrat;913.99
6290;18/05/2026 17:04:58;;Dossier refusé;Signature Contrat;218.04
6291;18/05/2026 17:04:11;;Dossier validé;Parcours terminé;677.33
6292;18/05/2026 17:04:11;;Dossier validé;Parcours terminé;850.25
6293;18/05/2026 16:57:02;;Dossier refusé;Saisie société;673.26
6294;18/05/2026 16:57:02;;Dossier refusé;Saisie société;898.45
6295;18/05/2026 16:53:27;;Dossier refusé;Saisie société;484.27
6296;18/05/2026 16:53:27;;Dossier refusé;Saisie société;989.54
6297;18/05/2026 16:49:22;;Souscription en cours;Informations complémentaires (CA, Profession, etc.);953.30
6298;18/05/2026 16:49:22;;Souscription en cours;Informations complémentaires (CA, Profession, etc.);321.75
6299;18/05/2026 16:38:09;;Souscription non démarrée;Parcours non démarré;895.62
6300;18/05/2026 16:38:09;;Souscription non démarrée;Parcours non démarré;983.38
6301;18/05/2026 16:37:39;;Dossier validé;Parcours terminé;725.85
6302;18/05/2026 16:37:39;;Dossier validé;Parcours terminé;412.55
6303;18/05/2026 16:37:02;;Dossier refusé;Saisie société;393.29
6304;18/05/2026 16:37:02;;Dossier refusé;Saisie société;868.06
6305;18/05/2026 16:34:56;;Dossier validé;Parcours terminé;380.73
6306;18/05/2026 16:34:56;;Dossier validé;Parcours terminé;829.77
6307;18/05/2026 16:25:48;;Souscription en cours;Vérification d'identité;882.75
6308;18/05/2026 16:25:48;;Souscription en cours;Vérification d'identité;445.44
6309;18/05/2026 16:21:58;;Dossier validé;Parcours terminé;966.19
6310;18/05/2026 16:21:58;;Dossier validé;Parcours terminé;393.84
6311;18/05/2026 16:07:57;;Souscription non démarrée;Parcours non démarré;819.33
6312;18/05/2026 16:07:57;;Souscription non démarrée;Parcours non démarré;665.09
6313;18/05/2026 16:04:09;;Souscription en cours;Vérification d'identité;792.70
6314;18/05/2026 16:04:09;;Souscription en cours;Vérification d'identité;190.53
6315;18/05/2026 16:03:57;;Dossier validé;Parcours terminé;702.69
6316;18/05/2026 16:03:57;;Dossier validé;Parcours terminé;439.40
6317;18/05/2026 15:57:46;;Dossier refusé;Saisie société;233.73
6318;18/05/2026 15:57:46;;Dossier refusé;Saisie société;796.67
6319;18/05/2026 15:57:05;;Dossier validé;Parcours terminé;458.53
6320;18/05/2026 15:57:05;;Dossier validé;Parcours terminé;958.39
6321;18/05/2026 15:47:26;;Dossier validé;Parcours terminé;492.53
6322;18/05/2026 15:47:26;;Dossier validé;Parcours terminé;693.35
6323;18/05/2026 15:46:04;;Dossier validé;Parcours terminé;746.71
6324;18/05/2026 15:46:04;;Dossier validé;Parcours terminé;913.24
6325;18/05/2026 15:45:09;;Dossier validé;Parcours terminé;641.35
6326;18/05/2026 15:45:09;;Dossier validé;Parcours terminé;481.09
6327;18/05/2026 15:24:14;Louis MARTIN;Dossier refusé;Saisie société;288.07
6328;18/05/2026 15:24:14;Louis MARTIN;Dossier refusé;Saisie société;482.03
6329;18/05/2026 15:15:12;;Souscription en cours;Coordonnées personnelles;853.74
6330;18/05/2026 15:15:12;;Souscription en cours;Coordonnées personnelles;640.31
6331;18/05/2026 15:03:40;;Dossier validé;Parcours terminé;949.14
6332;18/05/2026 15:03:40;;Dossier validé;Parcours terminé;233.71
6333;18/05/2026 15:03:36;;Souscription en cours;Coordonnées personnelles;378.04
6334;18/05/2026 15:03:36;;Souscription en cours;Coordonnées personnelles;343.29
6335;18/05/2026 14:58:56;;Dossier refusé;Saisie société;360.20
6336;18/05/2026 14:58:56;;Dossier refusé;Saisie société;174.06
6337;18/05/2026 14:57:17;;Souscription en cours;Choix de l'offre et livraison;844.91
6338;18/05/2026 14:57:17;;Souscription en cours;Choix de l'offre et livraison;836.04
6339;18/05/2026 14:53:59;;Dossier refusé;Saisie société;376.95
6340;18/05/2026 14:53:59;;Dossier refusé;Saisie société;211.66
6341;18/05/2026 14:49:46;;Souscription en cours;Coordonnées personnelles;287.43
6342;18/05/2026 14:49:46;;Souscription en cours;Coordonnées personnelles;378.69
6343;18/05/2026 14:49:21;;Dossier validé;Parcours terminé;550.69
6344;18/05/2026 14:49:21;;Dossier validé;Parcours terminé;956.64
6345;18/05/2026 14:38:19;;Souscription en cours;Coordonnées personnelles;590.46
6346;18/05/2026 14:38:19;;Souscription en cours;Coordonnées personnelles;766.68
6347;18/05/2026 14:37:58;;Dossier validé;Parcours terminé;878.91
6348;18/05/2026 14:37:58;;Dossier validé;Parcours terminé;473.54
6349;18/05/2026 14:29:38;;Souscription en cours;Bénéficiaire effectifs;864.86
6350;18/05/2026 14:29:38;;Souscription en cours;Bénéficiaire effectifs;644.51
6351;18/05/2026 14:25:15;;Dossier validé;Parcours terminé;970.52
6352;18/05/2026 14:25:15;;Dossier validé;Parcours terminé;150.56
6353;18/05/2026 14:22:26;Z5735392;Dossier refusé;Synchronisation référentiel personne NOVA;832.84
6354;18/05/2026 14:22:26;Z5735392;Dossier refusé;Synchronisation référentiel personne NOVA;708.95
6355;18/05/2026 14:15:01;;Souscription en cours;Coordonnées personnelles;191.25
6356;18/05/2026 14:15:01;;Souscription en cours;Coordonnées personnelles;590.49
6357;18/05/2026 14:09:00;;Souscription en cours;Coordonnées personnelles;684.67
6358;18/05/2026 14:09:00;;Souscription en cours;Coordonnées personnelles;648.18
6359;18/05/2026 14:07:54;;Dossier validé;Parcours terminé;497.09
6360;18/05/2026 14:07:54;;Dossier validé;Parcours terminé;776.23
6361;18/05/2026 13:54:33;;Dossier validé;Parcours terminé;935.05
6362;18/05/2026 13:54:33;;Dossier validé;Parcours terminé;896.79
6363;18/05/2026 13:51:54;;Souscription en cours;Choix de l'offre et livraison;651.02
6364;18/05/2026 13:51:54;;Souscription en cours;Choix de l'offre et livraison;422.98
6365;18/05/2026 13:51:12;;Souscription en cours;Coordonnées personnelles;715.79
6366;18/05/2026 13:51:12;;Souscription en cours;Coordonnées personnelles;347.19
6367;18/05/2026 13:47:07;;Souscription en cours;Coordonnées personnelles;809.97
6368;18/05/2026 13:47:07;;Souscription en cours;Coordonnées personnelles;841.96
6369;18/05/2026 13:25:34;;Souscription en cours;Signature Contrat;302.16
6370;18/05/2026 13:25:34;;Souscription en cours;Signature Contrat;959.10
6371;18/05/2026 13:09:46;;Dossier validé;Parcours terminé;230.19
6372;18/05/2026 13:09:46;;Dossier validé;Parcours terminé;810.64
6373;18/05/2026 13:09:01;;Souscription en cours;Coordonnées personnelles;449.77
6374;18/05/2026 13:09:01;;Souscription en cours;Coordonnées personnelles;688.50
6375;18/05/2026 12:53:01;;Souscription en cours;Signature Contrat;937.31
6376;18/05/2026 12:53:01;;Souscription en cours;Signature Contrat;922.17
6377;18/05/2026 12:50:03;;Dossier refusé;Choix de l'offre et livraison;856.11
6378;18/05/2026 12:50:03;;Dossier refusé;Choix de l'offre et livraison;134.33
6379;18/05/2026 12:45:59;;Souscription en cours;Coordonnées personnelles;478.67
6380;18/05/2026 12:45:59;;Souscription en cours;Coordonnées personnelles;477.79
6381;18/05/2026 12:30:27;;Dossier validé;Parcours terminé;518.98
6382;18/05/2026 12:30:27;;Dossier validé;Parcours terminé;436.55
6383;18/05/2026 12:24:15;;Dossier refusé;Choix de l'offre et livraison;771.88
6384;18/05/2026 12:24:15;;Dossier refusé;Choix de l'offre et livraison;446.76
6385;18/05/2026 12:24:10;;Dossier validé;Parcours terminé;430.65
6386;18/05/2026 12:24:10;;Dossier validé;Parcours terminé;590.82
6387;18/05/2026 12:14:01;;Dossier refusé;Saisie société;531.95
6388;18/05/2026 12:14:01;;Dossier refusé;Saisie société;666.83
6389;18/05/2026 12:11:33;;Souscription en cours;Coordonnées personnelles;812.67
6390;18/05/2026 12:11:33;;Souscription en cours;Coordonnées personnelles;436.67
6391;18/05/2026 12:09:11;;Souscription non démarrée;Parcours non démarré;453.25
6392;18/05/2026 12:09:11;;Souscription non démarrée;Parcours non démarré;446.80
6393;18/05/2026 12:07:49;;Dossier validé;Parcours terminé;611.79
6394;18/05/2026 12:07:49;;Dossier validé;Parcours terminé;845.62
6395;18/05/2026 11:57:00;;Souscription en cours;Choix de l'offre et livraison;976.00
6396;18/05/2026 11:57:00;;Souscription en cours;Choix de l'offre et livraison;452.67
6397;18/05/2026 11:45:49;;Dossier validé;Parcours terminé;568.91
6398;18/05/2026 11:45:49;;Dossier validé;Parcours terminé;660.33
6399;18/05/2026 11:35:07;;Souscription en cours;Vérification d'identité;250.96
6400;18/05/2026 11:35:07;;Souscription en cours;Vérification d'identité;627.82
6401;18/05/2026 11:30:08;;En attente d'analyse Agent - Dossier avec erreurs;Signature Contrat;171.97
6402;18/05/2026 11:30:08;;En attente d'analyse Agent - Dossier avec erreurs;Signature Contrat;480.86
6403;18/05/2026 11:27:01;;Souscription non démarrée;Parcours non démarré;738.77
6404;18/05/2026 11:27:01;;Souscription non démarrée;Parcours non démarré;856.81
6405;18/05/2026 11:18:33;;Dossier validé;Parcours terminé;188.61
6406;18/05/2026 11:18:33;;Dossier validé;Parcours terminé;985.95
6407;18/05/2026 11:11:23;;Souscription en cours;Vérification d'identité;796.94
6408;18/05/2026 11:11:23;;Souscription en cours;Vérification d'identité;403.45
6409;18/05/2026 11:09:15;;Souscription en cours;Informations complémentaires (Etablissements, etc.);233.94
6410;18/05/2026 11:09:15;;Souscription en cours;Informations complémentaires (Etablissements, etc.);231.81
6411;18/05/2026 11:09:01;;Dossier validé;Parcours terminé;749.30
6412;18/05/2026 11:09:01;;Dossier validé;Parcours terminé;605.81
6413;18/05/2026 11:05:13;Adam LAURENT;Dossier validé;Parcours terminé;815.67
6414;18/05/2026 11:05:13;Adam LAURENT;Dossier validé;Parcours terminé;721.54
6415;18/05/2026 11:03:11;;Souscription non démarrée;Parcours non démarré;732.95
6416;18/05/2026 11:03:11;;Souscription non démarrée;Parcours non démarré;797.13
6417;18/05/2026 10:54:19;;Dossier validé;Parcours terminé;300.40
6418;18/05/2026 10:54:19;;Dossier validé;Parcours terminé;304.96
6419;18/05/2026 10:52:19;;Dossier validé;Parcours terminé;181.30
6420;18/05/2026 10:52:19;;Dossier validé;Parcours terminé;766.83
6421;18/05/2026 10:47:27;;Dossier refusé;Saisie société;104.95
6422;18/05/2026 10:47:27;;Dossier refusé;Saisie société;113.25
6423;18/05/2026 10:46:56;;Dossier validé;Parcours terminé;506.21
6424;18/05/2026 10:46:56;;Dossier validé;Parcours terminé;500.89
6425;18/05/2026 10:39:26;;Souscription en cours;Coordonnées personnelles;418.48
6426;18/05/2026 10:39:26;;Souscription en cours;Coordonnées personnelles;226.15
6427;18/05/2026 10:19:08;;Dossier validé;Parcours terminé;501.59
6428;18/05/2026 10:19:08;;Dossier validé;Parcours terminé;505.68
6429;18/05/2026 10:17:40;;En attente d'analyse Agent - Dossier avec erreurs;Signature Contrat;250.72
6430;18/05/2026 10:17:40;;En attente d'analyse Agent - Dossier avec erreurs;Signature Contrat;262.43
6431;18/05/2026 10:12:58;;Dossier validé;Parcours terminé;261.36
6432;18/05/2026 10:12:58;;Dossier validé;Parcours terminé;846.33
6433;18/05/2026 10:08:11;;Dossier validé;Parcours terminé;731.24
6434;18/05/2026 10:08:11;;Dossier validé;Parcours terminé;299.41
6435;18/05/2026 10:04:16;;Souscription en cours;Synchronisation référentiel personne NOVA;441.03
6436;18/05/2026 10:04:16;;Souscription en cours;Synchronisation référentiel personne NOVA;509.36
6437;18/05/2026 09:50:22;;Souscription en cours;Signature Contrat;548.91
6438;18/05/2026 09:50:22;;Souscription en cours;Signature Contrat;850.72
6439;18/05/2026 09:46:13;;Souscription en cours;Coordonnées personnelles;430.98
6440;18/05/2026 09:46:13;;Souscription en cours;Coordonnées personnelles;712.83
6441;18/05/2026 09:43:31;;Dossier refusé;Saisie société;958.79
6442;18/05/2026 09:43:31;;Dossier refusé;Saisie société;732.67
6443;18/05/2026 09:22:15;;Souscription en cours;Signature Contrat;780.03
6444;18/05/2026 09:22:15;;Souscription en cours;Signature Contrat;941.43
6445;18/05/2026 09:19:19;;Dossier validé;Parcours terminé;138.08
6446;18/05/2026 09:19:19;;Dossier validé;Parcours terminé;421.15
6447;18/05/2026 09:04:13;;Dossier refusé;Choix de l'offre et livraison;127.15
6448;18/05/2026 09:04:13;;Dossier refusé;Choix de l'offre et livraison;394.80
6449;18/05/2026 08:46:31;;Dossier validé;Parcours terminé;824.96
6450;18/05/2026 08:46:31;;Dossier validé;Parcours terminé;896.36
6451;18/05/2026 08:29:06;Inès MICHEL;Dossier validé;Parcours terminé;649.60
6452;18/05/2026 08:29:06;Inès MICHEL;Dossier validé;Parcours terminé;619.05
6453;18/05/2026 08:21:18;;Souscription en cours;Coordonnées personnelles;573.56
6454;18/05/2026 08:21:18;;Souscription en cours;Coordonnées personnelles;629.54
6455;18/05/2026 08:00:42;;Dossier validé;Parcours terminé;627.13
6456;18/05/2026 08:00:42;;Dossier validé;Parcours terminé;881.38
6457;18/05/2026 07:50:07;;Souscription en cours;Coordonnées personnelles;412.48
6458;18/05/2026 07:50:07;;Souscription en cours;Coordonnées personnelles;299.86
6459;18/05/2026 07:16:17;;Dossier validé;Parcours terminé;987.48
6460;18/05/2026 07:16:17;;Dossier validé;Parcours terminé;506.47
6461;18/05/2026 02:01:48;;Dossier validé;Parcours terminé;672.29
6462;18/05/2026 02:01:48;;Dossier validé;Parcours terminé;964.07
6463;18/05/2026 01:37:45;;Dossier refusé;Choix de l'offre et livraison;652.97
6464;18/05/2026 01:37:45;;Dossier refusé;Choix de l'offre et livraison;440.42
6465;18/05/2026 01:11:23;;Dossier validé;Parcours terminé;865.63
6466;18/05/2026 01:11:23;;Dossier validé;Parcours terminé;678.46
6467;18/05/2026 00:53:21;;Souscription en cours;Coordonnées personnelles;609.13
6468;18/05/2026 00:53:21;;Souscription en cours;Coordonnées personnelles;983.43
6469;17/05/2026 23:55:09;;Dossier validé;Parcours terminé;351.97
6470;17/05/2026 23:55:09;;Dossier validé;Parcours terminé;488.24
6471;17/05/2026 23:55:05;;Souscription en cours;Coordonnées personnelles;448.20
6472;17/05/2026 23:55:05;;Souscription en cours;Coordonnées personnelles;559.28
6473;17/05/2026 23:21:04;;Dossier refusé;Signature Contrat;924.87
6474;17/05/2026 23:21:04;;Dossier refusé;Signature Contrat;731.18
6475;17/05/2026 23:02:16;;Dossier refusé;Saisie société;542.66
6476;17/05/2026 23:02:16;;Dossier refusé;Saisie société;973.44
6477;17/05/2026 22:04:13;;Souscription en cours;Vérification d'identité;266.90
6478;17/05/2026 22:04:13;;Souscription en cours;Vérification d'identité;824.24
6479;17/05/2026 21:56:41;;Dossier validé;Parcours terminé;418.17
6480;17/05/2026 21:56:41;;Dossier validé;Parcours terminé;299.27
6481;17/05/2026 21:16:39;;Dossier refusé;Saisie société;734.73
6482;17/05/2026 21:16:39;;Dossier refusé;Saisie société;953.18
6483;17/05/2026 21:06:51;;Souscription en cours;Vérification d'identité;711.59
6484;17/05/2026 21:06:51;;Souscription en cours;Vérification d'identité;578.66
6485;17/05/2026 20:26:39;;Souscription en cours;Vérification d'identité;176.33
6486;17/05/2026 20:26:39;;Souscription en cours;Vérification d'identité;911.54
6487;17/05/2026 18:52:00;;Dossier refusé;Saisie société;120.68
6488;17/05/2026 18:52:00;;Dossier refusé;Saisie société;873.34
6489;17/05/2026 18:02:20;;Dossier validé;Parcours terminé;242.75
6490;17/05/2026 18:02:20;;Dossier validé;Parcours terminé;471.31
6491;17/05/2026 17:40:38;;Dossier validé;Parcours terminé;301.92
6492;17/05/2026 17:40:38;;Dossier validé;Parcours terminé;490.45
6493;17/05/2026 17:34:24;;Dossier validé;Parcours terminé;896.63
6494;17/05/2026 17:34:24;;Dossier validé;Parcours terminé;228.33
6495;17/05/2026 17:30:23;;En attente d'analyse Agent - Dossier avec erreurs;Signature Contrat;552.24
6496;17/05/2026 17:30:23;;En attente d'analyse Agent - Dossier avec erreurs;Signature Contrat;825.76
6497;17/05/2026 17:24:27;;Souscription en cours;Choix de l'offre et livraison;986.10
6498;17/05/2026 17:24:27;;Souscription en cours;Choix de l'offre et livraison;316.84
6499;17/05/2026 17:20:24;;Dossier validé;Parcours terminé;532.69
6500;17/05/2026 17:20:24;;Dossier validé;Parcours terminé;465.20
6501;17/05/2026 17:18:53;;Dossier refusé;Saisie société;132.56
6502;17/05/2026 17:18:53;;Dossier refusé;Saisie société;649.86
6503;17/05/2026 16:57:05;;Dossier validé;Parcours terminé;461.00
6504;17/05/2026 16:57:05;;Dossier validé;Parcours terminé;671.00
6505;17/05/2026 16:52:11;;Souscription en cours;Signature Contrat;640.32
6506;17/05/2026 16:52:11;;Souscription en cours;Signature Contrat;501.22
6507;17/05/2026 16:50:04;;Souscription en cours;Choix de l'offre et livraison;306.09
6508;17/05/2026 16:50:04;;Souscription en cours;Choix de l'offre et livraison;504.40
6509;17/05/2026 16:21:38;;Souscription en cours;Coordonnées personnelles;230.41
6510;17/05/2026 16:21:38;;Souscription en cours;Coordonnées personnelles;911.05
6511;17/05/2026 16:20:39;;Dossier validé;Parcours terminé;794.47
6512;17/05/2026 16:20:39;;Dossier validé;Parcours terminé;665.74
6513;17/05/2026 15:47:32;;Dossier validé;Parcours terminé;148.37
6514;17/05/2026 15:47:32;;Dossier validé;Parcours terminé;149.82
6515;17/05/2026 15:20:32;;Dossier validé;Parcours terminé;478.88
6516;17/05/2026 15:20:32;;Dossier validé;Parcours terminé;813.69
6517;17/05/2026 15:18:35;;Dossier validé;Parcours terminé;419.97
6518;17/05/2026 15:18:35;;Dossier validé;Parcours terminé;244.60
6519;17/05/2026 15:15:21;;Souscription non démarrée;Parcours non démarré;356.74
6520;17/05/2026 15:15:21;;Souscription non démarrée;Parcours non démarré;327.75
6521;17/05/2026 15:06:58;;Souscription en cours;Coordonnées personnelles;827.22
6522;17/05/2026 15:06:58;;Souscription en cours;Coordonnées personnelles;880.48
6523;17/05/2026 15:04:04;;Souscription en cours;Coordonnées personnelles;347.95
6524;17/05/2026 15:04:04;;Souscription en cours;Coordonnées personnelles;906.06
6525;17/05/2026 14:51:59;;Souscription en cours;Signature Contrat;591.97
6526;17/05/2026 14:51:59;;Souscription en cours;Signature Contrat;287.92
6527;17/05/2026 14:48:41;;Dossier validé;Parcours terminé;493.74
6528;17/05/2026 14:48:41;;Dossier validé;Parcours terminé;992.54
6529;17/05/2026 14:48:08;;Dossier refusé;Saisie société;594.94
6530;17/05/2026 14:48:08;;Dossier refusé;Saisie société;554.83
6531;17/05/2026 14:17:37;;Dossier validé;Parcours terminé;738.95
6532;17/05/2026 14:17:37;;Dossier validé;Parcours terminé;292.24
6533;17/05/2026 14:14:53;;Dossier validé;Parcours terminé;280.18
6534;17/05/2026 14:14:53;;Dossier validé;Parcours terminé;597.19
6535;17/05/2026 14:08:10;;Souscription en cours;Coordonnées personnelles;984.68
6536;17/05/2026 14:08:10;;Souscription en cours;Coordonnées personnelles;198.34
6537;17/05/2026 13:48:07;;Dossier validé;Parcours terminé;789.73
6538;17/05/2026 13:48:07;;Dossier validé;Parcours terminé;775.77
6539;17/05/2026 13:47:53;;Dossier validé;Parcours terminé;962.77
6540;17/05/2026 13:47:53;;Dossier validé;Parcours terminé;713.45
6541;17/05/2026 13:45:48;;Dossier validé;Parcours terminé;806.62
6542;17/05/2026 13:45:48;;Dossier validé;Parcours terminé;281.25
6543;17/05/2026 13:25:53;;Dossier validé;Parcours terminé;916.94
6544;17/05/2026 13:25:53;;Dossier validé;Parcours terminé;681.42
6545;17/05/2026 13:20:21;;Souscription en cours;Signature Contrat;367.78
6546;17/05/2026 13:20:21;;Souscription en cours;Signature Contrat;276.62
6547;17/05/2026 12:58:35;;Souscription non démarrée;Parcours non démarré;470.46
6548;17/05/2026 12:58:35;;Souscription non démarrée;Parcours non démarré;739.57
6549;17/05/2026 12:57:00;;Dossier refusé;Saisie société;222.66
6550;17/05/2026 12:57:00;;Dossier refusé;Saisie société;237.86
6551;17/05/2026 12:42:24;;Dossier refusé;Choix de l'offre et livraison;369.17
6552;17/05/2026 12:42:24;;Dossier refusé;Choix de l'offre et livraison;121.20
6553;17/05/2026 12:22:27;;Souscription en cours;Coordonnées personnelles;294.13
6554;17/05/2026 12:22:27;;Souscription en cours;Coordonnées personnelles;775.93
6555;17/05/2026 12:19:18;;Dossier validé;Parcours terminé;323.85
6556;17/05/2026 12:19:18;;Dossier validé;Parcours terminé;806.00
6557;17/05/2026 11:31:27;;Souscription en cours;Vérification d'identité;821.60
6558;17/05/2026 11:31:27;;Souscription en cours;Vérification d'identité;534.56
6559;17/05/2026 11:23:39;;Dossier refusé;Saisie société;615.86
6560;17/05/2026 11:23:39;;Dossier refusé;Saisie société;359.91
6561;17/05/2026 11:08:42;;Souscription en cours;Coordonnées personnelles;957.38
6562;17/05/2026 11:08:42;;Souscription en cours;Coordonnées personnelles;764.35
6563;17/05/2026 11:00:45;;Souscription non démarrée;Parcours non démarré;389.18
6564;17/05/2026 11:00:45;;Souscription non démarrée;Parcours non démarré;105.36
6565;17/05/2026 11:00:09;;Dossier validé;Parcours terminé;964.53
6566;17/05/2026 11:00:09;;Dossier validé;Parcours terminé;737.54
6567;17/05/2026 10:41:45;;Dossier validé;Parcours terminé;392.71
6568;17/05/2026 10:41:45;;Dossier validé;Parcours terminé;801.63
6569;17/05/2026 10:39:00;;Dossier validé;Parcours terminé;767.30
6570;17/05/2026 10:39:00;;Dossier validé;Parcours terminé;644.21
6571;17/05/2026 10:34:29;;Dossier validé;Parcours terminé;116.55
6572;17/05/2026 10:34:29;;Dossier validé;Parcours terminé;157.22
6573;17/05/2026 10:22:59;;Souscription en cours;Coordonnées personnelles;324.62
6574;17/05/2026 10:22:59;;Souscription en cours;Coordonnées personnelles;587.77
6575;17/05/2026 10:15:43;;Souscription en cours;Coordonnées personnelles;315.78
6576;17/05/2026 10:15:43;;Souscription en cours;Coordonnées personnelles;451.95
6577;17/05/2026 09:30:25;Adam LAURENT;Dossier validé;Parcours terminé;916.38
6578;17/05/2026 09:30:25;Adam LAURENT;Dossier validé;Parcours terminé;639.49
6579;17/05/2026 09:21:24;;Souscription en cours;Informations complémentaires (CA, Profession, etc.);359.35
6580;17/05/2026 09:21:24;;Souscription en cours;Informations complémentaires (CA, Profession, etc.);327.72
6581;17/05/2026 09:21:03;;Souscription non démarrée;Parcours non démarré;710.27
6582;17/05/2026 09:21:03;;Souscription non démarrée;Parcours non démarré;671.77
6583;17/05/2026 09:14:51;;Souscription en cours;Informations complémentaires (CA, Profession, etc.);696.19
6584;17/05/2026 09:14:51;;Souscription en cours;Informations complémentaires (CA, Profession, etc.);680.46
6585;17/05/2026 09:13:33;;Souscription en cours;Coordonnées personnelles;838.64
6586;17/05/2026 09:13:33;;Souscription en cours;Coordonnées personnelles;900.89
6587;17/05/2026 08:57:59;;Dossier validé;Parcours terminé;542.08
6588;17/05/2026 08:57:59;;Dossier validé;Parcours terminé;616.79
6589;17/05/2026 08:57:11;;Souscription en cours;Coordonnées personnelles;872.40
6590;17/05/2026 08:57:11;;Souscription en cours;Coordonnées personnelles;704.14
6591;17/05/2026 08:49:57;;Dossier validé;Parcours terminé;370.80
6592;17/05/2026 08:49:57;;Dossier validé;Parcours terminé;449.39
6593;17/05/2026 08:39:39;;Souscription en cours;Vérification d'identité;514.48
6594;17/05/2026 08:39:39;;Souscription en cours;Vérification d'identité;879.65
6595;17/05/2026 08:37:39;;Dossier refusé;Saisie société;512.90
6596;17/05/2026 08:37:39;;Dossier refusé;Saisie société;541.28
6597;17/05/2026 08:28:56;;Dossier validé;Parcours terminé;891.00
6598;17/05/2026 08:28:56;;Dossier validé;Parcours terminé;188.96
6599;17/05/2026 07:55:23;;Dossier validé;Parcours terminé;789.78
6600;17/05/2026 07:55:23;;Dossier validé;Parcours terminé;289.96
6601;17/05/2026 05:09:39;;Dossier validé;Parcours terminé;395.19
6602;17/05/2026 05:09:39;;Dossier validé;Parcours terminé;791.88
6603;17/05/2026 04:41:03;;Souscription en cours;Coordonnées personnelles;668.81
6604;17/05/2026 04:41:03;;Souscription en cours;Coordonnées personnelles;595.90
6605;17/05/2026 04:35:21;;Dossier validé;Parcours terminé;853.85
6606;17/05/2026 04:35:21;;Dossier validé;Parcours terminé;218.18
6607;17/05/2026 03:36:33;Hugo MARTIN;Dossier validé;Parcours terminé;859.03
6608;17/05/2026 03:36:33;Hugo MARTIN;Dossier validé;Parcours terminé;242.62
6609;17/05/2026 03:30:53;;Souscription en cours;Coordonnées personnelles;685.44
6610;17/05/2026 03:30:53;;Souscription en cours;Coordonnées personnelles;871.96
6611;17/05/2026 02:24:21;;Dossier validé;Parcours terminé;138.23
6612;17/05/2026 02:24:21;;Dossier validé;Parcours terminé;868.69
6613;16/05/2026 23:58:05;;Dossier validé;Parcours terminé;461.02
6614;16/05/2026 23:58:05;;Dossier validé;Parcours terminé;837.61
6615;16/05/2026 23:54:15;;Souscription non démarrée;Parcours non démarré;532.76
6616;16/05/2026 23:54:15;;Souscription non démarrée;Parcours non démarré;789.49
6617;16/05/2026 23:46:41;;Dossier validé;Parcours terminé;850.32
6618;16/05/2026 23:46:41;;Dossier validé;Parcours terminé;557.58
6619;16/05/2026 23:09:43;;Souscription en cours;Bénéficiaire effectifs;113.85
6620;16/05/2026 23:09:43;;Souscription en cours;Bénéficiaire effectifs;447.14
6621;16/05/2026 22:33:46;Hugo MARTIN;Dossier refusé;Saisie société;727.89
6622;16/05/2026 22:33:46;Hugo MARTIN;Dossier refusé;Saisie société;892.39
6623;16/05/2026 22:33:41;;Souscription non démarrée;Parcours non démarré;678.15
6624;16/05/2026 22:33:41;;Souscription non démarrée;Parcours non démarré;244.35
6625;16/05/2026 22:01:48;;Souscription en cours;Coordonnées personnelles;260.27
6626;16/05/2026 22:01:48;;Souscription en cours;Coordonnées personnelles;560.18
6627;16/05/2026 21:37:03;;Dossier validé;Parcours terminé;107.14
6628;16/05/2026 21:37:03;;Dossier validé;Parcours terminé;944.64
6629;16/05/2026 21:30:42;;Souscription en cours;Coordonnées personnelles;552.53
6630;16/05/2026 21:30:42;;Souscription en cours;Coordonnées personnelles;780.75
6631;16/05/2026 21:22:36;;Souscription non démarrée;Parcours non démarré;359.86
6632;16/05/2026 21:22:36;;Souscription non démarrée;Parcours non démarré;893.45
6633;16/05/2026 21:13:21;;Dossier validé;Parcours terminé;878.33
6634;16/05/2026 21:13:21;;Dossier validé;Parcours terminé;480.46
6635;16/05/2026 20:51:31;;Dossier refusé;Saisie société;515.90
6636;16/05/2026 20:51:31;;Dossier refusé;Saisie société;463.87
6637;16/05/2026 20:47:25;;Souscription en cours;Coordonnées personnelles;689.09
6638;16/05/2026 20:47:25;;Souscription en cours;Coordonnées personnelles;281.59
6639;16/05/2026 20:41:12;;Souscription en cours;Coordonnées personnelles;847.95
6640;16/05/2026 20:41:12;;Souscription en cours;Coordonnées personnelles;654.87
6641;16/05/2026 20:28:06;;Souscription en cours;Vérification d'identité;504.70
6642;16/05/2026 20:28:06;;Souscription en cours;Vérification d'identité;969.65
6643;16/05/2026 20:22:35;;Souscription en cours;Choix de l'offre et livraison;577.38
6644;16/05/2026 20:22:35;;Souscription en cours;Choix de l'offre et livraison;986.63
6645;16/05/2026 20:21:18;;Souscription en cours;Coordonnées personnelles;596.58
6646;16/05/2026 20:21:18;;Souscription en cours;Coordonnées personnelles;926.24
6647;16/05/2026 20:07:19;;Dossier refusé;Synchronisation référentiel personne NOVA;695.04
6648;16/05/2026 20:07:19;;Dossier refusé;Synchronisation référentiel personne NOVA;586.18
6649;16/05/2026 19:38:52;;Dossier validé;Parcours terminé;344.67
6650;16/05/2026 19:38:52;;Dossier validé;Parcours terminé;207.37
6651;16/05/2026 19:30:50;;Dossier refusé;Saisie société;313.69
6652;16/05/2026 19:30:50;;Dossier refusé;Saisie société;964.51
6653;16/05/2026 19:23:15;;Dossier validé;Parcours terminé;570.64
6654;16/05/2026 19:23:15;;Dossier validé;Parcours terminé;940.26
6655;16/05/2026 19:15:04;;Souscription en cours;Coordonnées personnelles;842.26
6656;16/05/2026 19:15:04;;Souscription en cours;Coordonnées personnelles;171.67
6657;16/05/2026 19:02:00;;Souscription en cours;Choix de l'offre et livraison;945.85
6658;16/05/2026 19:02:00;;Souscription en cours;Choix de l'offre et livraison;674.10
6659;16/05/2026 18:21:24;;Souscription en cours;Coordonnées personnelles;269.87
6660;16/05/2026 18:21:24;;Souscription en cours;Coordonnées personnelles;970.64
6661;16/05/2026 18:07:04;;Souscription non démarrée;Parcours non démarré;651.21
6662;16/05/2026 18:07:04;;Souscription non démarrée;Parcours non démarré;467.08
6663;16/05/2026 17:53:15;;Souscription en cours;Choix de l'offre et livraison;583.38
6664;16/05/2026 17:53:15;;Souscription en cours;Choix de l'offre et livraison;699.31
6665;16/05/2026 17:51:36;Inès MICHEL;Dossier refusé;Saisie société;252.85
6666;16/05/2026 17:51:36;Inès MICHEL;Dossier refusé;Saisie société;832.09
6667;16/05/2026 17:46:04;;Dossier validé;Parcours terminé;605.65
6668;16/05/2026 17:46:04;;Dossier validé;Parcours terminé;316.33
6669;16/05/2026 17:42:15;Z5681453;Dossier refusé;Signature Contrat;993.39
6670;16/05/2026 17:42:15;Z5681453;Dossier refusé;Signature Contrat;987.96
6671;16/05/2026 17:32:45;;Dossier validé;Parcours terminé;950.07
6672;16/05/2026 17:32:45;;Dossier validé;Parcours terminé;889.03
6673;16/05/2026 17:14:52;;Souscription en cours;Coordonnées personnelles;599.46
6674;16/05/2026 17:14:52;;Souscription en cours;Coordonnées personnelles;855.20
6675;16/05/2026 17:09:12;;Souscription en cours;Vérification d'identité;954.21
6676;16/05/2026 17:09:12;;Souscription en cours;Vérification d'identité;434.99
6677;16/05/2026 17:01:55;;Souscription en cours;Vérification d'identité;638.17
6678;16/05/2026 17:01:55;;Souscription en cours;Vérification d'identité;617.57
6679;16/05/2026 16:40:08;;En attente d'analyse Agent - Dossier avec erreurs;Signature Contrat;157.51
6680;16/05/2026 16:40:08;;En attente d'analyse Agent - Dossier avec erreurs;Signature Contrat;180.86
6681;16/05/2026 16:31:46;;Souscription en cours;Choix de l'offre et livraison;863.50
6682;16/05/2026 16:31:46;;Souscription en cours;Choix de l'offre et livraison;349.04
6683;16/05/2026 16:25:22;;Souscription en cours;Coordonnées personnelles;886.67
6684;16/05/2026 16:25:22;;Souscription en cours;Coordonnées personnelles;439.75
6685;16/05/2026 16:24:52;;Dossier validé;Parcours terminé;156.81
6686;16/05/2026 16:24:52;;Dossier validé;Parcours terminé;160.44
6687;16/05/2026 16:14:58;Z5681453;Dossier refusé;Signature Contrat;287.11
6688;16/05/2026 16:14:58;Z5681453;Dossier refusé;Signature Contrat;971.22
6689;16/05/2026 16:06:15;;Dossier validé;Parcours terminé;945.87
6690;16/05/2026 16:06:15;;Dossier validé;Parcours terminé;326.77
6691;16/05/2026 15:56:06;;Dossier validé;Parcours terminé;264.84
6692;16/05/2026 15:56:06;;Dossier validé;Parcours terminé;125.91
6693;16/05/2026 15:51:39;;Souscription en cours;Coordonnées personnelles;576.56
6694;16/05/2026 15:51:39;;Souscription en cours;Coordonnées personnelles;470.58
6695;16/05/2026 15:40:02;;Dossier refusé;Saisie société;373.34
6696;16/05/2026 15:40:02;;Dossier refusé;Saisie société;940.26
6697;16/05/2026 15:38:14;;Dossier validé;Parcours terminé;102.67
6698;16/05/2026 15:38:14;;Dossier validé;Parcours terminé;237.85
6699;16/05/2026 15:35:51;;Souscription en cours;Signature Contrat;284.16
6700;16/05/2026 15:35:51;;Souscription en cours;Signature Contrat;776.45
6701;16/05/2026 15:28:46;;Dossier validé;Parcours terminé;948.41
6702;16/05/2026 15:28:46;;Dossier validé;Parcours terminé;850.98
6703;16/05/2026 15:25:52;;Dossier validé;Parcours terminé;455.62
6704;16/05/2026 15:25:52;;Dossier validé;Parcours terminé;238.44
6705;16/05/2026 15:16:02;;Dossier validé;Parcours terminé;903.49
6706;16/05/2026 15:16:02;;Dossier validé;Parcours terminé;382.81
6707;16/05/2026 15:11:02;Manon LEFEBVRE;Dossier validé;Parcours terminé;182.66
6708;16/05/2026 15:11:02;Manon LEFEBVRE;Dossier validé;Parcours terminé;933.37
6709;16/05/2026 15:06:43;Manon LEFEBVRE;Dossier validé;Parcours terminé;248.85
6710;16/05/2026 15:06:43;Manon LEFEBVRE;Dossier validé;Parcours terminé;502.70
6711;16/05/2026 15:04:03;;Souscription en cours;Choix de l'offre et livraison;613.98
6712;16/05/2026 15:04:03;;Souscription en cours;Choix de l'offre et livraison;177.01
6713;16/05/2026 14:51:05;;Dossier validé;Parcours terminé;739.25
6714;16/05/2026 14:51:05;;Dossier validé;Parcours terminé;127.49
6715;16/05/2026 14:42:12;;Dossier validé;Parcours terminé;380.15
6716;16/05/2026 14:42:12;;Dossier validé;Parcours terminé;235.35
6717;16/05/2026 14:35:31;;Dossier refusé;Choix de l'offre et livraison;978.18
6718;16/05/2026 14:35:31;;Dossier refusé;Choix de l'offre et livraison;459.65
6719;16/05/2026 14:34:54;;Dossier validé;Parcours terminé;609.95
6720;16/05/2026 14:34:54;;Dossier validé;Parcours terminé;457.14
6721;16/05/2026 14:29:09;;En attente d'analyse Agent - Dossier avec erreurs;Signature Contrat;621.57
6722;16/05/2026 14:29:09;;En attente d'analyse Agent - Dossier avec erreurs;Signature Contrat;256.93
6723;16/05/2026 14:24:27;;Souscription non démarrée;Parcours non démarré;595.07
6724;16/05/2026 14:24:27;;Souscription non démarrée;Parcours non démarré;221.65
6725;16/05/2026 14:21:36;;En attente d'analyse Agent - Dossier avec erreurs;Signature Contrat;835.08
6726;16/05/2026 14:21:36;;En attente d'analyse Agent - Dossier avec erreurs;Signature Contrat;671.69
6727;16/05/2026 14:12:38;;Dossier refusé;Saisie société;128.54
6728;16/05/2026 14:12:38;;Dossier refusé;Saisie société;353.32
6729;16/05/2026 13:25:36;;Souscription en cours;Coordonnées personnelles;824.28
6730;16/05/2026 13:25:36;;Souscription en cours;Coordonnées personnelles;591.15
6731;16/05/2026 12:59:22;;Souscription en cours;Coordonnées personnelles;288.43
6732;16/05/2026 12:59:22;;Souscription en cours;Coordonnées personnelles;735.30
6733;16/05/2026 12:43:00;;Dossier validé;Parcours terminé;988.10
6734;16/05/2026 12:43:00;;Dossier validé;Parcours terminé;663.63
6735;16/05/2026 12:22:49;;Dossier validé;Parcours terminé;137.45
6736;16/05/2026 12:22:49;;Dossier validé;Parcours terminé;575.55
6737;16/05/2026 12:14:58;;Souscription en cours;Coordonnées personnelles;621.53
6738;16/05/2026 12:14:58;;Souscription en cours;Coordonnées personnelles;926.19
6739;16/05/2026 12:14:03;;Souscription non démarrée;Parcours non démarré;801.68
6740;16/05/2026 12:14:03;;Souscription non démarrée;Parcours non démarré;351.52
6741;16/05/2026 12:10:23;;Souscription en cours;Coordonnées personnelles;993.20
6742;16/05/2026 12:10:23;;Souscription en cours;Coordonnées personnelles;394.11
6743;16/05/2026 12:08:05;;Dossier validé;Parcours terminé;180.55
6744;16/05/2026 12:08:05;;Dossier validé;Parcours terminé;778.49
6745;16/05/2026 12:06:17;;Dossier refusé;Saisie société;547.22
6746;16/05/2026 12:06:17;;Dossier refusé;Saisie société;432.69
6747;16/05/2026 12:06:11;;Dossier validé;Parcours terminé;213.97
6748;16/05/2026 12:06:11;;Dossier validé;Parcours terminé;284.18
6749;16/05/2026 11:53:57;Inès MICHEL;Dossier validé;Parcours terminé;862.98
6750;16/05/2026 11:53:57;Inès MICHEL;Dossier validé;Parcours terminé;296.03
6751;16/05/2026 11:38:58;;Dossier validé;Parcours terminé;620.31
6752;16/05/2026 11:38:58;;Dossier validé;Parcours terminé;339.29
6753;16/05/2026 11:34:52;;Dossier validé;Parcours terminé;222.73
6754;16/05/2026 11:34:52;;Dossier validé;Parcours terminé;762.75
6755;16/05/2026 11:33:23;;Dossier refusé;Saisie société;600.67
6756;16/05/2026 11:33:23;;Dossier refusé;Saisie société;505.31
6757;16/05/2026 11:31:00;Rayan MICHEL;Dossier refusé;Saisie société;428.90
6758;16/05/2026 11:31:00;Rayan MICHEL;Dossier refusé;Saisie société;510.07
6759;16/05/2026 11:21:03;Adam LAURENT;Dossier validé;Parcours terminé;618.25
6760;16/05/2026 11:21:03;Adam LAURENT;Dossier validé;Parcours terminé;820.58
6761;16/05/2026 11:11:38;;Souscription non démarrée;Parcours non démarré;560.00
6762;16/05/2026 11:11:38;;Souscription non démarrée;Parcours non démarré;292.20
6763;16/05/2026 11:05:19;;Souscription en cours;Signature Contrat;356.58
6764;16/05/2026 11:05:19;;Souscription en cours;Signature Contrat;651.42
6765;16/05/2026 11:04:53;;Souscription en cours;Informations complémentaires (Etablissements, etc.);820.20
6766;16/05/2026 11:04:53;;Souscription en cours;Informations complémentaires (Etablissements, etc.);167.36
6767;16/05/2026 11:04:13;;Dossier validé;Parcours terminé;840.57
6768;16/05/2026 11:04:13;;Dossier validé;Parcours terminé;935.58
6769;16/05/2026 10:50:13;;Dossier validé;Parcours terminé;109.90
6770;16/05/2026 10:50:13;;Dossier validé;Parcours terminé;907.00
6771;16/05/2026 10:34:09;;Souscription non démarrée;Parcours non démarré;268.44
6772;16/05/2026 10:34:09;;Souscription non démarrée;Parcours non démarré;633.49
6773;16/05/2026 10:26:14;;Dossier refusé;Saisie société;512.50
6774;16/05/2026 10:26:14;;Dossier refusé;Saisie société;859.26
6775;16/05/2026 10:14:55;;Souscription en cours;Choix de l'offre et livraison;893.25
6776;16/05/2026 10:14:55;;Souscription en cours;Choix de l'offre et livraison;586.02
6777;16/05/2026 10:09:19;;Dossier validé;Parcours terminé;849.60
6778;16/05/2026 10:09:19;;Dossier validé;Parcours terminé;798.05
6779;16/05/2026 10:03:29;Manon LEFEBVRE;Dossier validé;Parcours terminé;401.04
6780;16/05/2026 10:03:29;Manon LEFEBVRE;Dossier validé;Parcours terminé;575.84
6781;16/05/2026 10:00:45;;Souscription en cours;Coordonnées personnelles;593.74
6782;16/05/2026 10:00:45;;Souscription en cours;Coordonnées personnelles;219.23
6783;16/05/2026 09:33:30;;Souscription en cours;Signature Contrat;935.60
6784;16/05/2026 09:33:30;;Souscription en cours;Signature Contrat;947.77
6785;16/05/2026 09:32:07;;Souscription en cours;Coordonnées personnelles;316.14
6786;16/05/2026 09:32:07;;Souscription en cours;Coordonnées personnelles;975.94
6787;16/05/2026 09:08:43;;Dossier validé;Parcours terminé;857.86
6788;16/05/2026 09:08:43;;Dossier validé;Parcours terminé;688.10
6789;16/05/2026 08:59:13;;Dossier validé;Parcours terminé;812.38
6790;16/05/2026 08:59:13;;Dossier validé;Parcours terminé;265.01
6791;16/05/2026 08:43:49;;Souscription en cours;Coordonnées personnelles;707.74
6792;16/05/2026 08:43:49;;Souscription en cours;Coordonnées personnelles;589.83
6793;16/05/2026 08:07:09;;Dossier validé;Parcours terminé;515.51
6794;16/05/2026 08:07:09;;Dossier validé;Parcours terminé;494.38
6795;16/05/2026 07:31:25;;Souscription en cours;Coordonnées personnelles;926.16
6796;16/05/2026 07:31:25;;Souscription en cours;Coordonnées personnelles;567.14
6797;16/05/2026 07:08:24;;Souscription en cours;Synchronisation référentiel personne NOVA;870.24
6798;16/05/2026 07:08:24;;Souscription en cours;Synchronisation référentiel personne NOVA;987.35
6799;16/05/2026 04:32:10;;Souscription non démarrée;Parcours non démarré;170.98
6800;16/05/2026 04:32:10;;Souscription non démarrée;Parcours non démarré;821.97
6801;16/05/2026 03:06:48;;Souscription en cours;Coordonnées personnelles;796.46
6802;16/05/2026 03:06:48;;Souscription en cours;Coordonnées personnelles;866.00
6803;16/05/2026 02:51:57;;Dossier validé;Parcours terminé;310.77
6804;16/05/2026 02:51:57;;Dossier validé;Parcours terminé;710.67
6805;16/05/2026 02:40:14;;Souscription en cours;Coordonnées personnelles;983.81
6806;16/05/2026 02:40:14;;Souscription en cours;Coordonnées personnelles;270.29
6807;16/05/2026 01:23:43;;Dossier validé;Parcours terminé;630.09
6808;16/05/2026 01:23:43;;Dossier validé;Parcours terminé;735.51
6809;16/05/2026 01:19:19;;Souscription en cours;Choix de l'offre et livraison;380.27
6810;16/05/2026 01:19:19;;Souscription en cours;Choix de l'offre et livraison;712.96
6811;16/05/2026 00:24:37;;Dossier refusé;Bénéficiaire effectifs;763.35
6812;16/05/2026 00:24:37;;Dossier refusé;Bénéficiaire effectifs;523.03
6813;15/05/2026 23:58:24;;Dossier refusé;Saisie société;977.79
6814;15/05/2026 23:58:24;;Dossier refusé;Saisie société;655.97
6815;15/05/2026 23:43:30;;Dossier validé;Parcours terminé;921.43
6816;15/05/2026 23:43:30;;Dossier validé;Parcours terminé;393.66
6817;15/05/2026 23:30:48;;Dossier validé;Parcours terminé;526.26
6818;15/05/2026 23:30:48;;Dossier validé;Parcours terminé;204.67
6819;15/05/2026 23:10:13;;Dossier validé;Parcours terminé;933.77
6820;15/05/2026 23:10:13;;Dossier validé;Parcours terminé;289.99
6821;15/05/2026 23:02:03;;Dossier validé;Parcours terminé;179.99
6822;15/05/2026 23:02:03;;Dossier validé;Parcours terminé;551.70
6823;15/05/2026 22:59:31;;Souscription non démarrée;Parcours non démarré;858.83
6824;15/05/2026 22:59:31;;Souscription non démarrée;Parcours non démarré;353.56
6825;15/05/2026 22:55:35;;Souscription non démarrée;Parcours non démarré;380.87
6826;15/05/2026 22:55:35;;Souscription non démarrée;Parcours non démarré;226.57
6827;15/05/2026 22:39:47;;Dossier refusé;Signature Contrat;804.06
6828;15/05/2026 22:39:47;;Dossier refusé;Signature Contrat;421.03
6829;15/05/2026 22:34:03;;Souscription en cours;Signature Contrat;240.48
6830;15/05/2026 22:34:03;;Souscription en cours;Signature Contrat;647.83
6831;15/05/2026 22:33:35;;Souscription en cours;Coordonnées personnelles;940.59
6832;15/05/2026 22:33:35;;Souscription en cours;Coordonnées personnelles;570.23
6833;15/05/2026 22:24:51;;Dossier validé;Parcours terminé;870.36
6834;15/05/2026 22:24:51;;Dossier validé;Parcours terminé;867.05
6835;15/05/2026 22:18:09;;Dossier validé;Parcours terminé;817.05
6836;15/05/2026 22:18:09;;Dossier validé;Parcours terminé;812.87
6837;15/05/2026 21:34:17;;Dossier refusé;Signature Contrat;272.49
6838;15/05/2026 21:34:17;;Dossier refusé;Signature Contrat;800.88
6839;15/05/2026 21:22:40;;Souscription en cours;Coordonnées personnelles;698.52
6840;15/05/2026 21:22:40;;Souscription en cours;Coordonnées personnelles;826.58
6841;15/05/2026 21:13:46;;Dossier refusé;Signature Contrat;550.32
6842;15/05/2026 21:13:46;;Dossier refusé;Signature Contrat;139.16
6843;15/05/2026 21:12:43;;Dossier validé;Parcours terminé;882.48
6844;15/05/2026 21:12:43;;Dossier validé;Parcours terminé;582.23
6845;15/05/2026 20:40:48;;Dossier validé;Parcours terminé;545.78
6846;15/05/2026 20:40:48;;Dossier validé;Parcours terminé;184.03
6847;15/05/2026 20:26:53;;Dossier validé;Parcours terminé;133.45
6848;15/05/2026 20:26:53;;Dossier validé;Parcours terminé;609.47
6849;15/05/2026 20:25:03;;Souscription en cours;Signature Contrat;814.84
6850;15/05/2026 20:25:03;;Souscription en cours;Signature Contrat;975.25
6851;15/05/2026 20:20:30;;Dossier validé;Parcours terminé;837.57
6852;15/05/2026 20:20:30;;Dossier validé;Parcours terminé;175.30
6853;15/05/2026 20:00:45;;Souscription en cours;Informations complémentaires (Etablissements, etc.);121.08
6854;15/05/2026 20:00:45;;Souscription en cours;Informations complémentaires (Etablissements, etc.);495.51
6855;15/05/2026 20:00:18;;Souscription en cours;Coordonnées personnelles;787.49
6856;15/05/2026 20:00:18;;Souscription en cours;Coordonnées personnelles;218.79
6857;15/05/2026 19:54:40;;Dossier validé;Parcours terminé;686.48
6858;15/05/2026 19:54:40;;Dossier validé;Parcours terminé;610.01
6859;15/05/2026 19:24:52;Manon LEFEBVRE;Dossier validé;Parcours terminé;944.92
6860;15/05/2026 19:24:52;Manon LEFEBVRE;Dossier validé;Parcours terminé;914.55
6861;15/05/2026 19:12:56;;Souscription non démarrée;Parcours non démarré;576.78
6862;15/05/2026 19:12:56;;Souscription non démarrée;Parcours non démarré;800.78
6863;15/05/2026 19:02:02;;Souscription non démarrée;Parcours non démarré;143.93
6864;15/05/2026 19:02:02;;Souscription non démarrée;Parcours non démarré;819.21
6865;15/05/2026 18:57:30;;Souscription en cours;Criblages BE(s);222.39
6866;15/05/2026 18:57:30;;Souscription en cours;Criblages BE(s);102.69
6867;15/05/2026 18:46:11;;Souscription en cours;Vérification d'identité;832.34
6868;15/05/2026 18:46:11;;Souscription en cours;Vérification d'identité;243.52
6869;15/05/2026 18:43:17;;Dossier refusé;Saisie société;242.11
6870;15/05/2026 18:43:17;;Dossier refusé;Saisie société;909.46
6871;15/05/2026 18:42:39;;Souscription en cours;Choix de l'offre et livraison;907.12
6872;15/05/2026 18:42:39;;Souscription en cours;Choix de l'offre et livraison;602.15
6873;15/05/2026 18:41:58;;Souscription en cours;Informations complémentaires (Etablissements, etc.);103.60
6874;15/05/2026 18:41:58;;Souscription en cours;Informations complémentaires (Etablissements, etc.);578.03
6875;15/05/2026 18:38:01;;Souscription en cours;Choix de l'offre et livraison;821.86
6876;15/05/2026 18:38:01;;Souscription en cours;Choix de l'offre et livraison;854.18
6877;15/05/2026 18:36:37;;Souscription en cours;Informations complémentaires (CA, Profession, etc.);987.35
6878;15/05/2026 18:36:37;;Souscription en cours;Informations complémentaires (CA, Profession, etc.);993.42
6879;15/05/2026 18:22:31;;Souscription non démarrée;Parcours non démarré;872.61
6880;15/05/2026 18:22:31;;Souscription non démarrée;Parcours non démarré;891.59
6881;15/05/2026 18:10:28;;Dossier refusé;Saisie société;920.97
6882;15/05/2026 18:10:28;;Dossier refusé;Saisie société;183.33
6883;15/05/2026 18:07:22;;Souscription en cours;Informations complémentaires (CA, Profession, etc.);355.34
6884;15/05/2026 18:07:22;;Souscription en cours;Informations complémentaires (CA, Profession, etc.);321.34
6885;15/05/2026 18:02:09;;Souscription en cours;Coordonnées personnelles;680.48
6886;15/05/2026 18:02:09;;Souscription en cours;Coordonnées personnelles;581.25
6887;15/05/2026 17:58:53;Hugo MARTIN;Dossier validé;Parcours terminé;663.79
6888;15/05/2026 17:58:53;Hugo MARTIN;Dossier validé;Parcours terminé;442.69
6889;15/05/2026 17:53:54;;Dossier validé;Parcours terminé;571.01
6890;15/05/2026 17:53:54;;Dossier validé;Parcours terminé;935.56
6891;15/05/2026 17:48:05;;Souscription en cours;Coordonnées personnelles;154.37
6892;15/05/2026 17:48:05;;Souscription en cours;Coordonnées personnelles;416.95
6893;15/05/2026 17:41:58;;Dossier validé;Parcours terminé;915.51
6894;15/05/2026 17:41:58;;Dossier validé;Parcours terminé;161.99
6895;15/05/2026 17:38:52;Zoé MULLER;Dossier validé;Parcours terminé;814.93
6896;15/05/2026 17:38:52;Zoé MULLER;Dossier validé;Parcours terminé;355.88
6897;15/05/2026 17:38:51;;Dossier validé;Parcours terminé;689.08
6898;15/05/2026 17:38:51;;Dossier validé;Parcours terminé;190.97
6899;15/05/2026 17:35:09;;Dossier validé;Parcours terminé;831.79
6900;15/05/2026 17:35:09;;Dossier validé;Parcours terminé;914.48
6901;15/05/2026 17:29:26;;Souscription en cours;Coordonnées personnelles;645.81
6902;15/05/2026 17:29:26;;Souscription en cours;Coordonnées personnelles;730.55
6903;15/05/2026 17:20:19;;Dossier refusé;Saisie société;167.05
6904;15/05/2026 17:20:19;;Dossier refusé;Saisie société;359.89
6905;15/05/2026 17:15:41;;Dossier validé;Parcours terminé;332.31
6906;15/05/2026 17:15:41;;Dossier validé;Parcours terminé;694.07
6907;15/05/2026 17:12:54;;Souscription en cours;Coordonnées personnelles;593.58
6908;15/05/2026 17:12:54;;Souscription en cours;Coordonnées personnelles;836.42
6909;15/05/2026 17:07:29;;Dossier validé;Parcours terminé;709.42
6910;15/05/2026 17:07:29;;Dossier validé;Parcours terminé;927.27
6911;15/05/2026 16:56:07;;Dossier refusé;Choix de l'offre et livraison;436.54
6912;15/05/2026 16:56:07;;Dossier refusé;Choix de l'offre et livraison;137.61
6913;15/05/2026 16:50:51;;Dossier refusé;Parcours terminé;400.22
6914;15/05/2026 16:50:51;;Dossier refusé;Parcours terminé;760.82
6915;15/05/2026 16:41:42;;Dossier validé;Parcours terminé;905.84
6916;15/05/2026 16:41:42;;Dossier validé;Parcours terminé;833.25
6917;15/05/2026 16:34:17;;Souscription non démarrée;Parcours non démarré;267.75
6918;15/05/2026 16:34:17;;Souscription non démarrée;Parcours non démarré;732.01
6919;15/05/2026 16:32:34;Z5750800;Dossier validé;Parcours terminé;457.74
6920;15/05/2026 16:32:34;Z5750800;Dossier validé;Parcours terminé;448.74
6921;15/05/2026 16:21:40;;Dossier validé;Parcours terminé;733.96
6922;15/05/2026 16:21:40;;Dossier validé;Parcours terminé;211.28
6923;15/05/2026 16:21:20;;Dossier refusé;Saisie société;470.11
6924;15/05/2026 16:21:20;;Dossier refusé;Saisie société;894.62
6925;15/05/2026 16:19:08;Rayan MICHEL;Dossier validé;Parcours terminé;739.00
6926;15/05/2026 16:19:08;Rayan MICHEL;Dossier validé;Parcours terminé;760.03
6927;15/05/2026 16:15:25;;Souscription en cours;Choix de l'offre et livraison;427.08
6928;15/05/2026 16:15:25;;Souscription en cours;Choix de l'offre et livraison;801.51
6929;15/05/2026 16:10:20;;Dossier validé;Parcours terminé;871.35
6930;15/05/2026 16:10:20;;Dossier validé;Parcours terminé;945.21
6931;15/05/2026 16:01:38;;Dossier validé;Parcours terminé;792.95
6932;15/05/2026 16:01:38;;Dossier validé;Parcours terminé;419.88
6933;15/05/2026 15:55:26;;Dossier validé;Parcours terminé;253.50
6934;15/05/2026 15:55:26;;Dossier validé;Parcours terminé;286.24
6935;15/05/2026 15:48:43;;Dossier validé;Parcours terminé;169.55
6936;15/05/2026 15:48:43;;Dossier validé;Parcours terminé;153.53
6937;15/05/2026 15:42:36;;Dossier validé;Parcours terminé;616.94
6938;15/05/2026 15:42:36;;Dossier validé;Parcours terminé;814.10
6939;15/05/2026 15:37:47;;Souscription en cours;Vérification d'identité;132.19
6940;15/05/2026 15:37:47;;Souscription en cours;Vérification d'identité;734.13
6941;15/05/2026 15:35:13;;Dossier refusé;Saisie société;594.70
6942;15/05/2026 15:35:13;;Dossier refusé;Saisie société;286.37
6943;15/05/2026 15:33:29;;Souscription en cours;Signature Contrat;163.49
6944;15/05/2026 15:33:29;;Souscription en cours;Signature Contrat;105.37
6945;15/05/2026 15:29:59;;Souscription en cours;Choix de l'offre et livraison;624.07
6946;15/05/2026 15:29:59;;Souscription en cours;Choix de l'offre et livraison;520.38
6947;15/05/2026 15:24:38;;Dossier validé;Parcours terminé;198.03
6948;15/05/2026 15:24:38;;Dossier validé;Parcours terminé;846.19
6949;15/05/2026 15:23:39;;En attente d'analyse Agent - Dossier avec erreurs;Signature Contrat;679.49
6950;15/05/2026 15:23:39;;En attente d'analyse Agent - Dossier avec erreurs;Signature Contrat;717.15
6951;15/05/2026 15:13:08;Zoé MULLER;Dossier validé;Parcours terminé;302.09
6952;15/05/2026 15:13:08;Zoé MULLER;Dossier validé;Parcours terminé;913.26
6953;15/05/2026 15:12:03;;Souscription non démarrée;Parcours non démarré;398.15
6954;15/05/2026 15:12:03;;Souscription non démarrée;Parcours non démarré;318.22
6955;15/05/2026 15:11:20;;Souscription en cours;Coordonnées personnelles;530.38
6956;15/05/2026 15:11:20;;Souscription en cours;Coordonnées personnelles;873.67
6957;15/05/2026 15:10:38;;Souscription en cours;Informations complémentaires (CA, Profession, etc.);296.87
6958;15/05/2026 15:10:38;;Souscription en cours;Informations complémentaires (CA, Profession, etc.);816.74
6959;15/05/2026 15:06:32;;Dossier validé;Parcours terminé;262.33
6960;15/05/2026 15:06:32;;Dossier validé;Parcours terminé;522.54
6961;15/05/2026 15:04:22;;Souscription en cours;Coordonnées personnelles;147.14
6962;15/05/2026 15:04:22;;Souscription en cours;Coordonnées personnelles;455.35
6963;15/05/2026 15:04:00;;Dossier validé;Parcours terminé;212.90
6964;15/05/2026 15:04:00;;Dossier validé;Parcours terminé;138.16
6965;15/05/2026 15:02:56;;Souscription en cours;Choix de l'offre et livraison;232.44
6966;15/05/2026 15:02:56;;Souscription en cours;Choix de l'offre et livraison;630.13
6967;15/05/2026 15:02:05;;Dossier validé;Parcours terminé;245.02
6968;15/05/2026 15:02:05;;Dossier validé;Parcours terminé;180.21
6969;15/05/2026 15:00:11;;Dossier validé;Parcours terminé;902.22
6970;15/05/2026 15:00:11;;Dossier validé;Parcours terminé;662.15
6971;15/05/2026 14:59:38;;Souscription non démarrée;Parcours non démarré;989.87
6972;15/05/2026 14:59:38;;Souscription non démarrée;Parcours non démarré;312.50
6973;15/05/2026 14:46:52;;Souscription en cours;Choix de l'offre et livraison;148.01
6974;15/05/2026 14:46:52;;Souscription en cours;Choix de l'offre et livraison;848.21
6975;15/05/2026 14:43:11;;Dossier validé;Parcours terminé;925.45
6976;15/05/2026 14:43:11;;Dossier validé;Parcours terminé;859.22
6977;15/05/2026 14:42:37;;Souscription non démarrée;Parcours non démarré;217.51
6978;15/05/2026 14:42:37;;Souscription non démarrée;Parcours non démarré;592.98
6979;15/05/2026 14:39:53;;Souscription en cours;Synchronisation référentiel personne NOVA;233.99
6980;15/05/2026 14:39:53;;Souscription en cours;Synchronisation référentiel personne NOVA;633.93
6981;15/05/2026 14:39:11;;Dossier validé;Parcours terminé;201.22
6982;15/05/2026 14:39:11;;Dossier validé;Parcours terminé;400.42
6983;15/05/2026 14:32:46;;Souscription non démarrée;Parcours non démarré;168.79
6984;15/05/2026 14:32:46;;Souscription non démarrée;Parcours non démarré;694.78
6985;15/05/2026 14:32:23;;Dossier refusé;Saisie société;878.86
6986;15/05/2026 14:32:23;;Dossier refusé;Saisie société;755.77
6987;15/05/2026 14:30:51;;Souscription en cours;Choix de l'offre et livraison;404.68
6988;15/05/2026 14:30:51;;Souscription en cours;Choix de l'offre et livraison;295.06
6989;15/05/2026 14:27:52;;Dossier refusé;Saisie société;633.36
6990;15/05/2026 14:27:52;;Dossier refusé;Saisie société;396.21
6991;15/05/2026 14:26:55;;Dossier refusé;Saisie société;551.67
6992;15/05/2026 14:26:55;;Dossier refusé;Saisie société;290.31
6993;15/05/2026 14:26:10;;Souscription en cours;Signature Contrat;944.76
6994;15/05/2026 14:26:10;;Souscription en cours;Signature Contrat;598.03
6995;15/05/2026 14:18:00;;Dossier validé;Parcours terminé;503.25
6996;15/05/2026 14:18:00;;Dossier validé;Parcours terminé;300.78
6997;15/05/2026 14:17:21;;Dossier refusé;Saisie société;719.14
6998;15/05/2026 14:17:21;;Dossier refusé;Saisie société;881.63
6999;15/05/2026 14:16:24;;Dossier validé;Parcours terminé;861.22
7000;15/05/2026 14:16:24;;Dossier validé;Parcours terminé;672.60
7001;15/05/2026 14:02:08;;Souscription en cours;Informations complémentaires (CA, Profession, etc.);742.03
7002;15/05/2026 14:02:08;;Souscription en cours;Informations complémentaires (CA, Profession, etc.);571.11
7003;15/05/2026 13:52:35;;Dossier validé;Parcours terminé;251.49
7004;15/05/2026 13:52:35;;Dossier validé;Parcours terminé;327.74
7005;15/05/2026 13:47:38;;Souscription en cours;Choix de l'offre et livraison;819.92
7006;15/05/2026 13:47:38;;Souscription en cours;Choix de l'offre et livraison;928.33
7007;15/05/2026 13:41:37;;Dossier validé;Parcours terminé;623.52
7008;15/05/2026 13:41:37;;Dossier validé;Parcours terminé;459.70
7009;15/05/2026 13:25:49;;En attente d'analyse Agent - Dossier avec erreurs;Signature Contrat;845.96
7010;15/05/2026 13:25:49;;En attente d'analyse Agent - Dossier avec erreurs;Signature Contrat;183.40
7011;15/05/2026 13:22:58;;Dossier refusé;Parcours non démarré;688.14
7012;15/05/2026 13:22:58;;Dossier refusé;Parcours non démarré;262.41
7013;15/05/2026 13:09:24;;Dossier refusé;Saisie société;159.79
7014;15/05/2026 13:09:24;;Dossier refusé;Saisie société;822.50
7015;15/05/2026 12:59:26;;Souscription non démarrée;Parcours non démarré;257.75
7016;15/05/2026 12:59:26;;Souscription non démarrée;Parcours non démarré;162.04
7017;15/05/2026 12:54:18;;Dossier validé;Parcours terminé;958.17
7018;15/05/2026 12:54:18;;Dossier validé;Parcours terminé;928.63
7019;15/05/2026 12:52:26;Hugo MARTIN;Dossier validé;Parcours terminé;221.03
7020;15/05/2026 12:52:26;Hugo MARTIN;Dossier validé;Parcours terminé;617.06
7021;15/05/2026 12:41:17;;Souscription en cours;Vérification d'identité;533.11
7022;15/05/2026 12:41:17;;Souscription en cours;Vérification d'identité;511.70
7023;15/05/2026 12:37:08;;Souscription non démarrée;Parcours non démarré;264.98
7024;15/05/2026 12:37:08;;Souscription non démarrée;Parcours non démarré;185.91
7025;15/05/2026 12:35:40;;Souscription en cours;Coordonnées personnelles;370.17
7026;15/05/2026 12:35:40;;Souscription en cours;Coordonnées personnelles;256.04
7027;15/05/2026 12:35:02;;Dossier validé;Parcours terminé;582.96
7028;15/05/2026 12:35:02;;Dossier validé;Parcours terminé;204.22
7029;15/05/2026 12:29:33;;Dossier validé;Parcours terminé;193.53
7030;15/05/2026 12:29:33;;Dossier validé;Parcours terminé;967.06
7031;15/05/2026 12:27:41;;Dossier validé;Parcours terminé;415.28
7032;15/05/2026 12:27:41;;Dossier validé;Parcours terminé;321.34
7033;15/05/2026 12:22:40;;Souscription en cours;Coordonnées personnelles;125.11
7034;15/05/2026 12:22:40;;Souscription en cours;Coordonnées personnelles;616.60
7035;15/05/2026 12:22:27;;Dossier refusé;Parcours non démarré;306.95
7036;15/05/2026 12:22:27;;Dossier refusé;Parcours non démarré;348.78
7037;15/05/2026 12:21:43;;Souscription en cours;Bénéficiaire effectifs;838.92
7038;15/05/2026 12:21:43;;Souscription en cours;Bénéficiaire effectifs;279.58
7039;15/05/2026 12:14:48;;Souscription en cours;Vérification d'identité;940.43
7040;15/05/2026 12:14:48;;Souscription en cours;Vérification d'identité;847.32
7041;15/05/2026 12:10:40;;Souscription en cours;Choix de l'offre et livraison;543.70
7042;15/05/2026 12:10:40;;Souscription en cours;Choix de l'offre et livraison;425.13
7043;15/05/2026 11:56:31;;Souscription en cours;Signature Contrat;734.75
7044;15/05/2026 11:56:31;;Souscription en cours;Signature Contrat;176.57
7045;15/05/2026 11:55:27;;Dossier refusé;Signature Contrat;940.50
7046;15/05/2026 11:55:27;;Dossier refusé;Signature Contrat;339.81
7047;15/05/2026 11:46:38;;Souscription en cours;Choix de l'offre et livraison;560.36
7048;15/05/2026 11:46:38;;Souscription en cours;Choix de l'offre et livraison;171.95
7049;15/05/2026 11:43:49;;Dossier validé;Parcours terminé;919.94
7050;15/05/2026 11:43:49;;Dossier validé;Parcours terminé;536.18
7051;15/05/2026 11:39:48;;Dossier validé;Parcours terminé;801.64
7052;15/05/2026 11:39:48;;Dossier validé;Parcours terminé;603.88
7053;15/05/2026 11:32:05;Hugo MARTIN;Dossier validé;Parcours terminé;831.57
7054;15/05/2026 11:32:05;Hugo MARTIN;Dossier validé;Parcours terminé;870.92
7055;15/05/2026 11:31:53;;Souscription non démarrée;Parcours non démarré;307.25
7056;15/05/2026 11:31:53;;Souscription non démarrée;Parcours non démarré;214.73
7057;15/05/2026 11:24:54;;Souscription en cours;Vérification d'identité;492.56
7058;15/05/2026 11:24:54;;Souscription en cours;Vérification d'identité;849.17
7059;15/05/2026 11:24:45;;Dossier validé;Parcours terminé;644.62
7060;15/05/2026 11:24:45;;Dossier validé;Parcours terminé;202.66
7061;15/05/2026 11:21:13;;Souscription en cours;Coordonnées personnelles;376.08
7062;15/05/2026 11:21:13;;Souscription en cours;Coordonnées personnelles;421.62
7063;15/05/2026 11:19:32;;Souscription non démarrée;Parcours non démarré;788.97
7064;15/05/2026 11:19:32;;Souscription non démarrée;Parcours non démarré;399.79
7065;15/05/2026 11:16:21;;Souscription en cours;Choix de l'offre et livraison;329.24
7066;15/05/2026 11:16:21;;Souscription en cours;Choix de l'offre et livraison;718.52
7067;15/05/2026 11:11:08;;Souscription en cours;Choix de l'offre et livraison;684.16
7068;15/05/2026 11:11:08;;Souscription en cours;Choix de l'offre et livraison;883.53
7069;15/05/2026 11:01:40;;Souscription en cours;Coordonnées personnelles;855.95
7070;15/05/2026 11:01:40;;Souscription en cours;Coordonnées personnelles;405.50
7071;15/05/2026 10:59:45;;Dossier validé;Parcours terminé;477.57
7072;15/05/2026 10:59:45;;Dossier validé;Parcours terminé;906.08
7073;15/05/2026 10:48:58;;Dossier validé;Parcours terminé;286.88
7074;15/05/2026 10:48:58;;Dossier validé;Parcours terminé;556.04
7075;15/05/2026 10:48:02;;Souscription non démarrée;Parcours non démarré;483.17
7076;15/05/2026 10:48:02;;Souscription non démarrée;Parcours non démarré;307.89
7077;15/05/2026 10:44:09;;Souscription en cours;Coordonnées personnelles;537.59
7078;15/05/2026 10:44:09;;Souscription en cours;Coordonnées personnelles;868.40
7079;15/05/2026 10:38:49;;Souscription en cours;Choix de l'offre et livraison;900.00
7080;15/05/2026 10:38:49;;Souscription en cours;Choix de l'offre et livraison;217.83
7081;15/05/2026 10:36:56;;Dossier refusé;Choix de l'offre et livraison;199.02
7082;15/05/2026 10:36:56;;Dossier refusé;Choix de l'offre et livraison;930.85
7083;15/05/2026 10:34:26;;Souscription en cours;Vérification d'identité;615.57
7084;15/05/2026 10:34:26;;Souscription en cours;Vérification d'identité;601.84
7085;15/05/2026 10:33:55;;Dossier validé;Parcours terminé;838.32
7086;15/05/2026 10:33:55;;Dossier validé;Parcours terminé;292.16
7087;15/05/2026 10:28:37;;Dossier validé;Parcours terminé;854.66
7088;15/05/2026 10:28:37;;Dossier validé;Parcours terminé;141.70
7089;15/05/2026 10:18:56;;Dossier validé;Parcours terminé;228.48
7090;15/05/2026 10:18:56;;Dossier validé;Parcours terminé;475.73
7091;15/05/2026 10:07:13;;Souscription en cours;Signature Contrat;410.78
7092;15/05/2026 10:07:13;;Souscription en cours;Signature Contrat;244.25
7093;15/05/2026 10:04:50;;Dossier refusé;Saisie société;318.81
7094;15/05/2026 10:04:50;;Dossier refusé;Saisie société;190.42
7095;15/05/2026 10:01:25;;Dossier validé;Parcours terminé;533.66
7096;15/05/2026 10:01:25;;Dossier validé;Parcours terminé;174.98
7097;15/05/2026 10:01:07;;Dossier validé;Parcours terminé;932.06
7098;15/05/2026 10:01:07;;Dossier validé;Parcours terminé;487.72
7099;15/05/2026 09:59:40;;Dossier validé;Parcours terminé;574.67
7100;15/05/2026 09:59:40;;Dossier validé;Parcours terminé;422.90
7101;15/05/2026 09:57:32;;Dossier refusé;Saisie société;482.54
7102;15/05/2026 09:57:32;;Dossier refusé;Saisie société;232.53
7103;15/05/2026 09:56:49;;Souscription en cours;Choix de l'offre et livraison;330.70
7104;15/05/2026 09:56:49;;Souscription en cours;Choix de l'offre et livraison;276.69
7105;15/05/2026 09:54:04;;Dossier refusé;Signature Contrat;758.26
7106;15/05/2026 09:54:04;;Dossier refusé;Signature Contrat;397.23
7107;15/05/2026 09:50:48;Manon LEFEBVRE;Dossier validé;Parcours terminé;767.21
7108;15/05/2026 09:50:48;Manon LEFEBVRE;Dossier validé;Parcours terminé;752.26
7109;15/05/2026 09:39:34;;Souscription en cours;Choix de l'offre et livraison;176.94
7110;15/05/2026 09:39:34;;Souscription en cours;Choix de l'offre et livraison;722.41
7111;15/05/2026 09:10:59;;Dossier refusé;Signature Contrat;389.90
7112;15/05/2026 09:10:59;;Dossier refusé;Signature Contrat;596.45
7113;15/05/2026 08:33:38;;Souscription en cours;Vérification d'identité;761.68
7114;15/05/2026 08:33:38;;Souscription en cours;Vérification d'identité;907.67
7115;15/05/2026 07:31:28;;Dossier refusé;Choix de l'offre et livraison;897.15
7116;15/05/2026 07:31:28;;Dossier refusé;Choix de l'offre et livraison;195.08
7117;15/05/2026 07:22:27;Manon LEFEBVRE;Dossier validé;Parcours terminé;779.87
7118;15/05/2026 07:22:27;Manon LEFEBVRE;Dossier validé;Parcours terminé;759.35
7119;15/05/2026 07:12:38;;Dossier validé;Parcours terminé;209.43
7120;15/05/2026 07:12:38;;Dossier validé;Parcours terminé;782.25
7121;15/05/2026 06:27:36;;Dossier validé;Parcours terminé;677.91
7122;15/05/2026 06:27:36;;Dossier validé;Parcours terminé;980.94
7123;15/05/2026 06:14:16;;Dossier validé;Parcours terminé;863.07
7124;15/05/2026 06:14:16;;Dossier validé;Parcours terminé;462.19
7125;15/05/2026 06:05:48;;Souscription en cours;Coordonnées personnelles;182.43
7126;15/05/2026 06:05:48;;Souscription en cours;Coordonnées personnelles;670.40
7127;15/05/2026 05:52:49;;En attente d'analyse Agent - Dossier avec erreurs;Signature Contrat;399.88
7128;15/05/2026 05:52:49;;En attente d'analyse Agent - Dossier avec erreurs;Signature Contrat;673.95
7129;15/05/2026 04:57:10;;Dossier validé;Parcours terminé;983.10
7130;15/05/2026 04:57:10;;Dossier validé;Parcours terminé;370.05
7131;15/05/2026 01:49:47;;Dossier validé;Parcours terminé;985.12
7132;15/05/2026 01:49:47;;Dossier validé;Parcours terminé;166.41
7133;15/05/2026 01:23:52;;Dossier validé;Parcours terminé;238.37
7134;15/05/2026 01:23:52;;Dossier validé;Parcours terminé;191.92
7135;15/05/2026 01:02:20;;Dossier validé;Parcours terminé;771.37
7136;15/05/2026 01:02:20;;Dossier validé;Parcours terminé;214.35
7137;15/05/2026 00:56:10;;Dossier validé;Parcours terminé;588.06
7138;15/05/2026 00:56:10;;Dossier validé;Parcours terminé;959.74
7139;15/05/2026 00:47:51;;Dossier validé;Parcours terminé;705.57
7140;15/05/2026 00:47:51;;Dossier validé;Parcours terminé;778.67
7141;15/05/2026 00:42:12;;Dossier refusé;Saisie société;235.63
7142;15/05/2026 00:42:12;;Dossier refusé;Saisie société;807.09
7143;15/05/2026 00:38:05;;Dossier validé;Parcours terminé;537.87
7144;15/05/2026 00:38:05;;Dossier validé;Parcours terminé;790.34
7145;14/05/2026 23:57:25;;Dossier validé;Parcours terminé;225.66
7146;14/05/2026 23:57:25;;Dossier validé;Parcours terminé;640.74
7147;14/05/2026 23:53:05;;Souscription non démarrée;Parcours non démarré;289.03
7148;14/05/2026 23:53:05;;Souscription non démarrée;Parcours non démarré;420.34
7149;14/05/2026 23:43:08;;Dossier validé;Parcours terminé;189.45
7150;14/05/2026 23:43:08;;Dossier validé;Parcours terminé;293.23
7151;14/05/2026 23:42:55;;Souscription en cours;Signature Contrat;184.07
7152;14/05/2026 23:42:55;;Souscription en cours;Signature Contrat;214.49
7153;14/05/2026 23:19:58;;Souscription non démarrée;Parcours non démarré;722.14
7154;14/05/2026 23:19:58;;Souscription non démarrée;Parcours non démarré;498.83
7155;14/05/2026 23:10:07;;Souscription en cours;Choix de l'offre et livraison;138.85
7156;14/05/2026 23:10:07;;Souscription en cours;Choix de l'offre et livraison;277.33
7157;14/05/2026 23:01:52;;Dossier validé;Parcours terminé;509.56
7158;14/05/2026 23:01:52;;Dossier validé;Parcours terminé;259.17
7159;14/05/2026 22:54:28;;Dossier refusé;Saisie société;152.25
7160;14/05/2026 22:54:28;;Dossier refusé;Saisie société;183.19
7161;14/05/2026 22:47:06;;Souscription en cours;Informations complémentaires (CA, Profession, etc.);538.47
7162;14/05/2026 22:47:06;;Souscription en cours;Informations complémentaires (CA, Profession, etc.);932.71
7163;14/05/2026 22:46:26;;Souscription en cours;Coordonnées personnelles;174.35
7164;14/05/2026 22:46:26;;Souscription en cours;Coordonnées personnelles;795.28
7165;14/05/2026 22:39:47;;Souscription non démarrée;Parcours non démarré;953.06
7166;14/05/2026 22:39:47;;Souscription non démarrée;Parcours non démarré;548.61
7167;14/05/2026 22:25:34;;Souscription en cours;Coordonnées personnelles;956.58
7168;14/05/2026 22:25:34;;Souscription en cours;Coordonnées personnelles;560.62
7169;14/05/2026 22:14:11;;Souscription en cours;Choix de l'offre et livraison;189.64
7170;14/05/2026 22:14:11;;Souscription en cours;Choix de l'offre et livraison;129.36
7171;14/05/2026 22:10:03;;En attente d'analyse Agent - Dossier avec erreurs;Signature Contrat;271.90
7172;14/05/2026 22:10:03;;En attente d'analyse Agent - Dossier avec erreurs;Signature Contrat;205.42
7173;14/05/2026 22:07:40;;Souscription en cours;Informations complémentaires (CA, Profession, etc.);925.84
7174;14/05/2026 22:07:40;;Souscription en cours;Informations complémentaires (CA, Profession, etc.);231.06
7175;14/05/2026 22:05:10;;Souscription en cours;Choix de l'offre et livraison;713.02
7176;14/05/2026 22:05:10;;Souscription en cours;Choix de l'offre et livraison;472.49
7177;14/05/2026 22:00:34;;Souscription en cours;Coordonnées personnelles;944.82
7178;14/05/2026 22:00:34;;Souscription en cours;Coordonnées personnelles;316.05
7179;14/05/2026 21:46:58;;Souscription non démarrée;Parcours non démarré;969.77
7180;14/05/2026 21:46:58;;Souscription non démarrée;Parcours non démarré;309.72
7181;14/05/2026 21:38:35;;Souscription en cours;Vérification d'identité;703.25
7182;14/05/2026 21:38:35;;Souscription en cours;Vérification d'identité;407.30
7183;14/05/2026 21:33:17;;Souscription en cours;Signature Contrat;652.05
7184;14/05/2026 21:33:17;;Souscription en cours;Signature Contrat;235.57
7185;14/05/2026 21:21:59;;Souscription en cours;Coordonnées personnelles;109.87
7186;14/05/2026 21:21:59;;Souscription en cours;Coordonnées personnelles;731.32
7187;14/05/2026 21:14:15;;Dossier validé;Parcours terminé;679.95
7188;14/05/2026 21:14:15;;Dossier validé;Parcours terminé;784.55
7189;14/05/2026 20:53:50;;Dossier validé;Parcours terminé;232.03
7190;14/05/2026 20:53:50;;Dossier validé;Parcours terminé;290.08
7191;14/05/2026 20:26:06;;Dossier refusé;Signature Contrat;366.56
7192;14/05/2026 20:26:06;;Dossier refusé;Signature Contrat;356.60
7193;14/05/2026 20:25:00;;Dossier validé;Parcours terminé;767.59
7194;14/05/2026 20:25:00;;Dossier validé;Parcours terminé;671.67
7195;14/05/2026 19:55:14;;Souscription en cours;Coordonnées personnelles;349.24
7196;14/05/2026 19:55:14;;Souscription en cours;Coordonnées personnelles;158.05
7197;14/05/2026 19:49:17;;Dossier refusé;Signature Contrat;813.25
7198;14/05/2026 19:49:17;;Dossier refusé;Signature Contrat;556.68
7199;14/05/2026 19:37:18;;Dossier validé;Parcours terminé;489.17
7200;14/05/2026 19:37:18;;Dossier validé;Parcours terminé;214.13
7201;14/05/2026 19:17:27;;Dossier validé;Parcours terminé;898.92
7202;14/05/2026 19:17:27;;Dossier validé;Parcours terminé;536.54
7203;14/05/2026 19:15:00;;Souscription en cours;Vérification d'identité;219.90
7204;14/05/2026 19:15:00;;Souscription en cours;Vérification d'identité;177.28
7205;14/05/2026 19:07:44;Rayan MICHEL;Dossier refusé;Signature Contrat;796.41
7206;14/05/2026 19:07:44;Rayan MICHEL;Dossier refusé;Signature Contrat;697.39
7207;14/05/2026 18:57:11;;Dossier refusé;Saisie société;446.79
7208;14/05/2026 18:57:11;;Dossier refusé;Saisie société;804.63
7209;14/05/2026 18:49:40;;Souscription en cours;Signature Contrat;421.66
7210;14/05/2026 18:49:40;;Souscription en cours;Signature Contrat;436.65
7211;14/05/2026 18:49:09;;Dossier validé;Parcours terminé;903.53
7212;14/05/2026 18:49:09;;Dossier validé;Parcours terminé;621.16
7213;14/05/2026 18:45:11;;Dossier validé;Parcours terminé;605.43
7214;14/05/2026 18:45:11;;Dossier validé;Parcours terminé;499.42
7215;14/05/2026 18:43:52;;Dossier validé;Parcours terminé;155.96
7216;14/05/2026 18:43:52;;Dossier validé;Parcours terminé;321.52
7217;14/05/2026 18:43:04;;Dossier validé;Parcours terminé;536.21
7218;14/05/2026 18:43:04;;Dossier validé;Parcours terminé;158.46
7219;14/05/2026 18:28:04;;Souscription en cours;Vérification d'identité;273.12
7220;14/05/2026 18:28:04;;Souscription en cours;Vérification d'identité;254.11
7221;14/05/2026 18:25:11;;Dossier validé;Parcours terminé;486.17
7222;14/05/2026 18:25:11;;Dossier validé;Parcours terminé;349.68
7223;14/05/2026 18:11:26;;Souscription en cours;Signature Contrat;793.64
7224;14/05/2026 18:11:26;;Souscription en cours;Signature Contrat;820.72
7225;14/05/2026 18:05:31;;Souscription en cours;Choix de l'offre et livraison;480.38
7226;14/05/2026 18:05:31;;Souscription en cours;Choix de l'offre et livraison;813.74
7227;14/05/2026 17:27:49;;Dossier validé;Parcours terminé;643.84
7228;14/05/2026 17:27:49;;Dossier validé;Parcours terminé;657.42
7229;14/05/2026 17:24:40;;Souscription en cours;Informations complémentaires (CA, Profession, etc.);829.11
7230;14/05/2026 17:24:40;;Souscription en cours;Informations complémentaires (CA, Profession, etc.);737.65
7231;14/05/2026 17:23:07;Hugo MARTIN;Dossier validé;Parcours terminé;456.86
7232;14/05/2026 17:23:07;Hugo MARTIN;Dossier validé;Parcours terminé;555.17
7233;14/05/2026 17:20:48;;Souscription non démarrée;Parcours non démarré;633.93
7234;14/05/2026 17:20:48;;Souscription non démarrée;Parcours non démarré;423.53
7235;14/05/2026 17:00:22;;Souscription en cours;Bénéficiaire effectifs;460.55
7236;14/05/2026 17:00:22;;Souscription en cours;Bénéficiaire effectifs;159.58
7237;14/05/2026 16:54:50;;Souscription non démarrée;Parcours non démarré;626.19
7238;14/05/2026 16:54:50;;Souscription non démarrée;Parcours non démarré;313.30
7239;14/05/2026 16:48:28;;Souscription en cours;Signature Contrat;394.67
7240;14/05/2026 16:48:28;;Souscription en cours;Signature Contrat;450.16
7241;14/05/2026 16:44:05;;Dossier refusé;Signature Contrat;325.86
7242;14/05/2026 16:44:05;;Dossier refusé;Signature Contrat;429.70
7243;14/05/2026 16:37:26;;Souscription en cours;Choix de l'offre et livraison;455.13
7244;14/05/2026 16:37:26;;Souscription en cours;Choix de l'offre et livraison;526.83
7245;14/05/2026 16:27:39;;Souscription en cours;Synchronisation référentiel personne NOVA;953.82
7246;14/05/2026 16:27:39;;Souscription en cours;Synchronisation référentiel personne NOVA;520.40
7247;14/05/2026 16:21:00;;Souscription en cours;Signature Contrat;850.96
7248;14/05/2026 16:21:00;;Souscription en cours;Signature Contrat;224.71
7249;14/05/2026 16:14:38;;Dossier validé;Parcours terminé;611.35
7250;14/05/2026 16:14:38;;Dossier validé;Parcours terminé;385.19
7251;14/05/2026 16:08:17;;Dossier validé;Parcours terminé;332.99
7252;14/05/2026 16:08:17;;Dossier validé;Parcours terminé;526.46
7253;14/05/2026 16:03:06;;Dossier refusé;Signature Contrat;232.67
7254;14/05/2026 16:03:06;;Dossier refusé;Signature Contrat;215.80
7255;14/05/2026 15:59:06;;Souscription en cours;Coordonnées personnelles;646.03
7256;14/05/2026 15:59:06;;Souscription en cours;Coordonnées personnelles;375.32
7257;14/05/2026 15:57:26;;Souscription en cours;Informations complémentaires (CA, Profession, etc.);570.48
7258;14/05/2026 15:57:26;;Souscription en cours;Informations complémentaires (CA, Profession, etc.);345.81
7259;14/05/2026 15:56:25;;Souscription non démarrée;Parcours non démarré;721.27
7260;14/05/2026 15:56:25;;Souscription non démarrée;Parcours non démarré;307.73
7261;14/05/2026 15:56:12;;En attente d'analyse Agent - Dossier sans erreur;Parcours terminé;776.97
7262;14/05/2026 15:56:12;;En attente d'analyse Agent - Dossier sans erreur;Parcours terminé;971.82
7263;14/05/2026 15:45:21;;Dossier validé;Parcours terminé;408.39
7264;14/05/2026 15:45:21;;Dossier validé;Parcours terminé;969.18
7265;14/05/2026 15:42:11;;Souscription non démarrée;Parcours non démarré;430.19
7266;14/05/2026 15:42:11;;Souscription non démarrée;Parcours non démarré;766.96
7267;14/05/2026 15:37:07;;Souscription en cours;Coordonnées personnelles;366.93
7268;14/05/2026 15:37:07;;Souscription en cours;Coordonnées personnelles;450.63
7269;14/05/2026 15:36:03;;Dossier validé;Parcours terminé;229.34
7270;14/05/2026 15:36:03;;Dossier validé;Parcours terminé;796.37
7271;14/05/2026 15:35:33;;Souscription en cours;Coordonnées personnelles;889.38
7272;14/05/2026 15:35:33;;Souscription en cours;Coordonnées personnelles;673.12
7273;14/05/2026 15:34:18;;Souscription en cours;Coordonnées personnelles;309.31
7274;14/05/2026 15:34:18;;Souscription en cours;Coordonnées personnelles;189.09
7275;14/05/2026 15:33:06;;Dossier validé;Parcours terminé;300.98
7276;14/05/2026 15:33:06;;Dossier validé;Parcours terminé;299.67
7277;14/05/2026 15:32:20;;Dossier refusé;Saisie société;865.08
7278;14/05/2026 15:32:20;;Dossier refusé;Saisie société;301.45
7279;14/05/2026 15:31:23;;Souscription en cours;Signature Contrat;983.91
7280;14/05/2026 15:31:23;;Souscription en cours;Signature Contrat;412.02
7281;14/05/2026 15:30:08;;Dossier validé;Parcours terminé;104.41
7282;14/05/2026 15:30:08;;Dossier validé;Parcours terminé;386.02
7283;14/05/2026 15:23:30;;Souscription non démarrée;Parcours non démarré;981.69
7284;14/05/2026 15:23:30;;Souscription non démarrée;Parcours non démarré;255.91
7285;14/05/2026 15:16:16;;Dossier validé;Parcours terminé;199.85
7286;14/05/2026 15:16:16;;Dossier validé;Parcours terminé;914.20
7287;14/05/2026 15:14:54;;Souscription en cours;Informations complémentaires (Etablissements, etc.);832.74
7288;14/05/2026 15:14:54;;Souscription en cours;Informations complémentaires (Etablissements, etc.);939.43
7289;14/05/2026 15:13:01;;Souscription en cours;Coordonnées personnelles;941.67
7290;14/05/2026 15:13:01;;Souscription en cours;Coordonnées personnelles;596.30
7291;14/05/2026 15:08:12;;Souscription en cours;Choix de l'offre et livraison;166.19
7292;14/05/2026 15:08:12;;Souscription en cours;Choix de l'offre et livraison;617.44
7293;14/05/2026 15:06:15;;Dossier refusé;Saisie société;388.47
7294;14/05/2026 15:06:15;;Dossier refusé;Saisie société;314.34
7295;14/05/2026 15:04:30;;Dossier refusé;Saisie société;882.34
7296;14/05/2026 15:04:30;;Dossier refusé;Saisie société;203.23
7297;14/05/2026 15:03:52;;Dossier refusé;Saisie société;704.52
7298;14/05/2026 15:03:52;;Dossier refusé;Saisie société;681.57
7299;14/05/2026 15:02:03;;Dossier validé;Parcours terminé;658.13
7300;14/05/2026 15:02:03;;Dossier validé;Parcours terminé;555.30
7301;14/05/2026 15:00:32;;Dossier validé;Parcours terminé;967.45
7302;14/05/2026 15:00:32;;Dossier validé;Parcours terminé;132.05
7303;14/05/2026 14:53:47;;Dossier refusé;Saisie société;417.14
7304;14/05/2026 14:53:47;;Dossier refusé;Saisie société;594.76
7305;14/05/2026 14:52:34;;Souscription en cours;Coordonnées personnelles;789.64
7306;14/05/2026 14:52:34;;Souscription en cours;Coordonnées personnelles;161.31
7307;14/05/2026 14:41:40;;Dossier refusé;Signature Contrat;192.88
7308;14/05/2026 14:41:40;;Dossier refusé;Signature Contrat;263.50
7309;14/05/2026 14:39:54;;Souscription en cours;Vérification d'identité;395.98
7310;14/05/2026 14:39:54;;Souscription en cours;Vérification d'identité;734.92
7311;14/05/2026 14:39:19;;Dossier validé;Parcours terminé;919.34
7312;14/05/2026 14:39:19;;Dossier validé;Parcours terminé;953.10
7313;14/05/2026 14:39:03;Hugo MARTIN;Dossier validé;Parcours terminé;482.26
7314;14/05/2026 14:39:03;Hugo MARTIN;Dossier validé;Parcours terminé;650.45
7315;14/05/2026 14:37:14;;Souscription en cours;Informations complémentaires (CA, Profession, etc.);557.39
7316;14/05/2026 14:37:14;;Souscription en cours;Informations complémentaires (CA, Profession, etc.);598.47
7317;14/05/2026 14:36:41;;Dossier validé;Parcours terminé;850.36
7318;14/05/2026 14:36:41;;Dossier validé;Parcours terminé;228.83
7319;14/05/2026 14:34:06;;En attente d'analyse Agent - Dossier avec erreurs;Signature Contrat;600.18
7320;14/05/2026 14:34:06;;En attente d'analyse Agent - Dossier avec erreurs;Signature Contrat;751.49
7321;14/05/2026 14:33:57;;Dossier validé;Parcours terminé;941.36
7322;14/05/2026 14:33:57;;Dossier validé;Parcours terminé;389.58
7323;14/05/2026 14:32:34;;Souscription en cours;Coordonnées personnelles;461.13
7324;14/05/2026 14:32:34;;Souscription en cours;Coordonnées personnelles;510.32
7325;14/05/2026 14:31:21;;Souscription en cours;Informations complémentaires (CA, Profession, etc.);139.66
7326;14/05/2026 14:31:21;;Souscription en cours;Informations complémentaires (CA, Profession, etc.);962.12
7327;14/05/2026 14:26:08;;Dossier validé;Parcours terminé;988.96
7328;14/05/2026 14:26:08;;Dossier validé;Parcours terminé;386.34
7329;14/05/2026 14:23:00;;Dossier refusé;Coordonnées personnelles;340.42
7330;14/05/2026 14:23:00;;Dossier refusé;Coordonnées personnelles;301.78
7331;14/05/2026 14:22:46;;Souscription en cours;Coordonnées personnelles;603.87
7332;14/05/2026 14:22:46;;Souscription en cours;Coordonnées personnelles;381.34
7333;14/05/2026 14:02:20;Z5681453;Dossier validé;Parcours terminé;768.78
7334;14/05/2026 14:02:20;Z5681453;Dossier validé;Parcours terminé;772.76
7335;14/05/2026 13:54:54;;Dossier validé;Parcours terminé;455.42
7336;14/05/2026 13:54:54;;Dossier validé;Parcours terminé;625.22
7337;14/05/2026 13:35:27;;Dossier validé;Parcours terminé;225.76
7338;14/05/2026 13:35:27;;Dossier validé;Parcours terminé;696.80
7339;14/05/2026 13:33:09;;Dossier refusé;Saisie société;948.96
7340;14/05/2026 13:33:09;;Dossier refusé;Saisie société;828.86
7341;14/05/2026 13:32:54;;Souscription en cours;Vérification d'identité;822.56
7342;14/05/2026 13:32:54;;Souscription en cours;Vérification d'identité;760.25
7343;14/05/2026 13:30:16;;Souscription en cours;Choix de l'offre et livraison;556.73
7344;14/05/2026 13:30:16;;Souscription en cours;Choix de l'offre et livraison;915.54
7345;14/05/2026 13:28:27;;Souscription non démarrée;Parcours non démarré;527.86
7346;14/05/2026 13:28:27;;Souscription non démarrée;Parcours non démarré;590.63
7347;14/05/2026 13:21:30;;Dossier validé;Parcours terminé;820.38
7348;14/05/2026 13:21:30;;Dossier validé;Parcours terminé;668.55
7349;14/05/2026 13:19:58;;Souscription non démarrée;Parcours non démarré;835.51
7350;14/05/2026 13:19:58;;Souscription non démarrée;Parcours non démarré;523.43
7351;14/05/2026 13:17:44;Z5681453;Dossier refusé;Saisie société;757.42
7352;14/05/2026 13:17:44;Z5681453;Dossier refusé;Saisie société;581.49
7353;14/05/2026 13:11:19;;Souscription en cours;Choix de l'offre et livraison;370.13
7354;14/05/2026 13:11:19;;Souscription en cours;Choix de l'offre et livraison;269.06
7355;14/05/2026 13:10:11;;Souscription en cours;Coordonnées personnelles;255.07
7356;14/05/2026 13:10:11;;Souscription en cours;Coordonnées personnelles;216.31
7357;14/05/2026 13:02:25;;Dossier refusé;Signature Contrat;729.60
7358;14/05/2026 13:02:25;;Dossier refusé;Signature Contrat;337.84
7359;14/05/2026 12:55:24;;Souscription en cours;Coordonnées personnelles;692.01
7360;14/05/2026 12:55:24;;Souscription en cours;Coordonnées personnelles;817.50
7361;14/05/2026 12:52:10;;Dossier refusé;Choix de l'offre et livraison;202.58
7362;14/05/2026 12:52:10;;Dossier refusé;Choix de l'offre et livraison;834.00
7363;14/05/2026 12:49:16;;Souscription en cours;Synchronisation référentiel personne NOVA;736.90
7364;14/05/2026 12:49:16;;Souscription en cours;Synchronisation référentiel personne NOVA;853.90
7365;14/05/2026 12:39:58;;Dossier validé;Parcours terminé;810.13
7366;14/05/2026 12:39:58;;Dossier validé;Parcours terminé;169.35
7367;14/05/2026 12:36:15;;Dossier validé;Parcours terminé;130.22
7368;14/05/2026 12:36:15;;Dossier validé;Parcours terminé;719.42
7369;14/05/2026 12:34:23;;Dossier validé;Parcours terminé;557.99
7370;14/05/2026 12:34:23;;Dossier validé;Parcours terminé;671.52
7371;14/05/2026 12:02:21;;Dossier validé;Parcours terminé;705.36
7372;14/05/2026 12:02:21;;Dossier validé;Parcours terminé;891.26
7373;14/05/2026 11:54:36;;Dossier validé;Parcours terminé;418.63
7374;14/05/2026 11:54:36;;Dossier validé;Parcours terminé;484.24
7375;14/05/2026 11:53:26;;Souscription en cours;Vérification d'identité;883.22
7376;14/05/2026 11:53:26;;Souscription en cours;Vérification d'identité;503.36
7377;14/05/2026 11:52:37;;Dossier validé;Parcours terminé;880.07
7378;14/05/2026 11:52:37;;Dossier validé;Parcours terminé;506.75
7379;14/05/2026 11:48:31;;Dossier validé;Parcours terminé;532.73
7380;14/05/2026 11:48:31;;Dossier validé;Parcours terminé;723.32
7381;14/05/2026 11:44:59;;Dossier refusé;Saisie société;497.83
7382;14/05/2026 11:44:59;;Dossier refusé;Saisie société;953.29
7383;14/05/2026 11:44:37;;Souscription en cours;Coordonnées personnelles;151.67
7384;14/05/2026 11:44:37;;Souscription en cours;Coordonnées personnelles;283.89
7385;14/05/2026 11:44:25;;Dossier validé;Parcours terminé;494.99
7386;14/05/2026 11:44:25;;Dossier validé;Parcours terminé;840.63
7387;14/05/2026 11:38:29;;Dossier validé;Parcours terminé;414.72
7388;14/05/2026 11:38:29;;Dossier validé;Parcours terminé;352.22
7389;14/05/2026 11:35:23;;Souscription en cours;Informations complémentaires (Etablissements, etc.);412.57
7390;14/05/2026 11:35:23;;Souscription en cours;Informations complémentaires (Etablissements, etc.);996.07
7391;14/05/2026 11:32:49;;Dossier refusé;Signature Contrat;573.69
7392;14/05/2026 11:32:49;;Dossier refusé;Signature Contrat;693.13
7393;14/05/2026 11:17:47;;Dossier validé;Parcours terminé;918.07
7394;14/05/2026 11:17:47;;Dossier validé;Parcours terminé;888.27
7395;14/05/2026 11:16:06;;Souscription en cours;Informations complémentaires (Etablissements, etc.);944.03
7396;14/05/2026 11:16:06;;Souscription en cours;Informations complémentaires (Etablissements, etc.);989.88
7397;14/05/2026 11:15:20;;Souscription en cours;Coordonnées personnelles;830.84
7398;14/05/2026 11:15:20;;Souscription en cours;Coordonnées personnelles;155.81
7399;14/05/2026 11:13:39;;Dossier validé;Parcours terminé;315.60
7400;14/05/2026 11:13:39;;Dossier validé;Parcours terminé;762.89
7401;14/05/2026 11:12:18;;Dossier validé;Parcours terminé;959.90
7402;14/05/2026 11:12:18;;Dossier validé;Parcours terminé;203.52
7403;14/05/2026 11:06:03;;Dossier refusé;Saisie société;667.45
7404;14/05/2026 11:06:03;;Dossier refusé;Saisie société;696.21
7405;14/05/2026 11:02:42;;Dossier validé;Parcours terminé;800.59
7406;14/05/2026 11:02:42;;Dossier validé;Parcours terminé;390.03
7407;14/05/2026 10:59:10;;Dossier refusé;Choix de l'offre et livraison;371.78
7408;14/05/2026 10:59:10;;Dossier refusé;Choix de l'offre et livraison;633.83
7409;14/05/2026 10:56:28;;Dossier validé;Parcours terminé;550.82
7410;14/05/2026 10:56:28;;Dossier validé;Parcours terminé;919.03
7411;14/05/2026 10:56:27;;Souscription en cours;Synchronisation référentiel personne NOVA;240.11
7412;14/05/2026 10:56:27;;Souscription en cours;Synchronisation référentiel personne NOVA;776.46
7413;14/05/2026 10:55:07;Hugo MARTIN;Dossier validé;Parcours terminé;216.42
7414;14/05/2026 10:55:07;Hugo MARTIN;Dossier validé;Parcours terminé;830.42
7415;14/05/2026 10:49:53;;Souscription en cours;Coordonnées personnelles;615.19
7416;14/05/2026 10:49:53;;Souscription en cours;Coordonnées personnelles;247.64
7417;14/05/2026 10:42:00;;Dossier validé;Parcours terminé;114.79
7418;14/05/2026 10:42:00;;Dossier validé;Parcours terminé;226.66
7419;14/05/2026 10:36:50;;Dossier refusé;Saisie société;706.96
7420;14/05/2026 10:36:50;;Dossier refusé;Saisie société;907.18
7421;14/05/2026 10:36:02;;Souscription en cours;Signature Contrat;288.52
7422;14/05/2026 10:36:02;;Souscription en cours;Signature Contrat;893.66
7423;14/05/2026 10:35:24;;Souscription en cours;Coordonnées personnelles;925.66
7424;14/05/2026 10:35:24;;Souscription en cours;Coordonnées personnelles;761.79
7425;14/05/2026 10:25:57;;Souscription en cours;Signature Contrat;416.54
7426;14/05/2026 10:25:57;;Souscription en cours;Signature Contrat;710.73
7427;14/05/2026 10:12:52;;Dossier refusé;Saisie société;514.91
7428;14/05/2026 10:12:52;;Dossier refusé;Saisie société;255.10
7429;14/05/2026 10:10:22;;Dossier validé;Parcours terminé;922.65
7430;14/05/2026 10:10:22;;Dossier validé;Parcours terminé;425.58
7431;14/05/2026 10:08:33;;Souscription en cours;Signature Contrat;941.45
7432;14/05/2026 10:08:33;;Souscription en cours;Signature Contrat;267.69
7433;14/05/2026 10:05:25;;Souscription non démarrée;Parcours non démarré;964.52
7434;14/05/2026 10:05:25;;Souscription non démarrée;Parcours non démarré;366.92
7435;14/05/2026 09:53:04;;Souscription en cours;Coordonnées personnelles;755.62
7436;14/05/2026 09:53:04;;Souscription en cours;Coordonnées personnelles;582.86
7437;14/05/2026 09:41:00;;En attente d'analyse Agent - Dossier avec erreurs;Signature Contrat;849.07
7438;14/05/2026 09:41:00;;En attente d'analyse Agent - Dossier avec erreurs;Signature Contrat;586.04
7439;14/05/2026 09:40:58;;Dossier validé;Parcours terminé;687.25
7440;14/05/2026 09:40:58;;Dossier validé;Parcours terminé;919.79
7441;14/05/2026 09:39:57;;Dossier validé;Parcours terminé;507.65
7442;14/05/2026 09:39:57;;Dossier validé;Parcours terminé;575.95
7443;14/05/2026 09:35:24;;Dossier validé;Parcours terminé;218.44
7444;14/05/2026 09:35:24;;Dossier validé;Parcours terminé;797.39
7445;14/05/2026 09:32:04;;Dossier validé;Parcours terminé;565.04
7446;14/05/2026 09:32:04;;Dossier validé;Parcours terminé;538.53
7447;14/05/2026 09:11:17;;Dossier refusé;Saisie société;514.30
7448;14/05/2026 09:11:17;;Dossier refusé;Saisie société;891.51
7449;14/05/2026 09:11:16;;Souscription non démarrée;Parcours non démarré;784.61
7450;14/05/2026 09:11:16;;Souscription non démarrée;Parcours non démarré;284.96
7451;14/05/2026 08:51:21;;Dossier validé;Parcours terminé;815.10
7452;14/05/2026 08:51:21;;Dossier validé;Parcours terminé;223.25
7453;14/05/2026 08:27:46;;Dossier refusé;Saisie société;301.50
7454;14/05/2026 08:27:46;;Dossier refusé;Saisie société;503.49
7455;14/05/2026 07:55:38;;Souscription en cours;Signature Contrat;903.65
7456;14/05/2026 07:55:38;;Souscription en cours;Signature Contrat;120.80
7457;14/05/2026 07:36:00;;Souscription en cours;Coordonnées personnelles;378.94
7458;14/05/2026 07:36:00;;Souscription en cours;Coordonnées personnelles;624.09
7459;14/05/2026 07:03:00;;Dossier validé;Parcours terminé;764.03
7460;14/05/2026 07:03:00;;Dossier validé;Parcours terminé;552.04
7461;14/05/2026 07:00:34;Z5750800;Dossier validé;Parcours terminé;819.19
7462;14/05/2026 07:00:34;Z5750800;Dossier validé;Parcours terminé;470.45
7463;14/05/2026 06:43:57;;Souscription en cours;Bénéficiaire effectifs;600.17
7464;14/05/2026 06:43:57;;Souscription en cours;Bénéficiaire effectifs;944.57
7465;14/05/2026 04:55:53;;Souscription en cours;Choix de l'offre et livraison;921.26
7466;14/05/2026 04:55:53;;Souscription en cours;Choix de l'offre et livraison;805.94
7467;14/05/2026 03:46:19;;Dossier refusé;Signature Contrat;729.58
7468;14/05/2026 03:46:19;;Dossier refusé;Signature Contrat;238.10
7469;14/05/2026 02:01:00;;Dossier validé;Parcours terminé;752.42
7470;14/05/2026 02:01:00;;Dossier validé;Parcours terminé;303.14
7471;14/05/2026 01:34:08;;Souscription en cours;Vérification d'identité;541.38
7472;14/05/2026 01:34:08;;Souscription en cours;Vérification d'identité;848.64
7473;14/05/2026 01:32:10;;Dossier validé;Parcours terminé;117.59
7474;14/05/2026 01:32:10;;Dossier validé;Parcours terminé;403.07
7475;14/05/2026 01:21:14;;Dossier validé;Parcours terminé;176.15
7476;14/05/2026 01:21:14;;Dossier validé;Parcours terminé;404.06
7477;14/05/2026 00:25:38;;Souscription non démarrée;Parcours non démarré;984.56
7478;14/05/2026 00:25:38;;Souscription non démarrée;Parcours non démarré;481.66
7479;13/05/2026 23:59:23;;Dossier validé;Parcours terminé;406.00
7480;13/05/2026 23:59:23;;Dossier validé;Parcours terminé;963.72
7481;13/05/2026 23:48:43;;Souscription en cours;Choix de l'offre et livraison;430.57
7482;13/05/2026 23:48:43;;Souscription en cours;Choix de l'offre et livraison;500.33
7483;13/05/2026 23:46:49;;Souscription non démarrée;Parcours non démarré;540.48
7484;13/05/2026 23:46:49;;Souscription non démarrée;Parcours non démarré;167.92
7485;13/05/2026 23:45:39;Hugo MARTIN;Dossier validé;Parcours terminé;562.76
7486;13/05/2026 23:45:39;Hugo MARTIN;Dossier validé;Parcours terminé;510.46
7487;13/05/2026 23:42:35;;Dossier validé;Parcours terminé;342.16
7488;13/05/2026 23:42:35;;Dossier validé;Parcours terminé;136.16
7489;13/05/2026 23:35:50;;Souscription en cours;Vérification d'identité;546.67
7490;13/05/2026 23:35:50;;Souscription en cours;Vérification d'identité;611.15
7491;13/05/2026 23:23:36;;Dossier validé;Parcours terminé;435.92
7492;13/05/2026 23:23:36;;Dossier validé;Parcours terminé;288.56
7493;13/05/2026 23:23:22;;Dossier validé;Parcours terminé;248.19
7494;13/05/2026 23:23:22;;Dossier validé;Parcours terminé;923.91
7495;13/05/2026 23:10:40;;Dossier validé;Parcours terminé;216.79
7496;13/05/2026 23:10:40;;Dossier validé;Parcours terminé;389.37
7497;13/05/2026 23:06:48;;Souscription en cours;Choix de l'offre et livraison;877.89
7498;13/05/2026 23:06:48;;Souscription en cours;Choix de l'offre et livraison;437.45
7499;13/05/2026 22:29:02;;Dossier refusé;Saisie société;153.20
7500;13/05/2026 22:29:02;;Dossier refusé;Saisie société;294.13
7501;13/05/2026 22:27:49;;Dossier refusé;Signature Contrat;136.12
7502;13/05/2026 22:27:49;;Dossier refusé;Signature Contrat;578.63
7503;13/05/2026 22:15:12;;Dossier validé;Parcours terminé;202.75
7504;13/05/2026 22:15:12;;Dossier validé;Parcours terminé;142.92
7505;13/05/2026 22:10:55;;Dossier refusé;Signature Contrat;992.94
7506;13/05/2026 22:10:55;;Dossier refusé;Signature Contrat;688.40
7507;13/05/2026 21:59:35;;Dossier validé;Parcours terminé;220.92
7508;13/05/2026 21:59:35;;Dossier validé;Parcours terminé;811.85
7509;13/05/2026 21:46:07;;Souscription non démarrée;Parcours non démarré;899.51
7510;13/05/2026 21:46:07;;Souscription non démarrée;Parcours non démarré;989.71
7511;13/05/2026 21:45:23;Z5681453;Dossier refusé;Saisie société;276.60
7512;13/05/2026 21:45:23;Z5681453;Dossier refusé;Saisie société;155.65
7513;13/05/2026 21:27:22;;Souscription non démarrée;Parcours non démarré;852.23
7514;13/05/2026 21:27:22;;Souscription non démarrée;Parcours non démarré;175.04
7515;13/05/2026 21:20:40;;Dossier validé;Parcours terminé;693.61
7516;13/05/2026 21:20:40;;Dossier validé;Parcours terminé;309.03
7517;13/05/2026 21:11:59;;Souscription en cours;Signature Contrat;630.48
7518;13/05/2026 21:11:59;;Souscription en cours;Signature Contrat;840.62
7519;13/05/2026 21:03:58;;Souscription en cours;Vérification d'identité;310.05
7520;13/05/2026 21:03:58;;Souscription en cours;Vérification d'identité;731.46
7521;13/05/2026 20:38:43;;Dossier validé;Parcours terminé;942.27
7522;13/05/2026 20:38:43;;Dossier validé;Parcours terminé;874.20
7523;13/05/2026 20:26:23;;Souscription en cours;Coordonnées personnelles;474.17
7524;13/05/2026 20:26:23;;Souscription en cours;Coordonnées personnelles;514.04
7525;13/05/2026 20:16:17;;Souscription non démarrée;Parcours non démarré;694.12
7526;13/05/2026 20:16:17;;Souscription non démarrée;Parcours non démarré;565.63
7527;13/05/2026 19:58:22;;Souscription en cours;Signature Contrat;923.76
7528;13/05/2026 19:58:22;;Souscription en cours;Signature Contrat;295.49
7529;13/05/2026 19:56:36;;Dossier validé;Parcours terminé;413.07
7530;13/05/2026 19:56:36;;Dossier validé;Parcours terminé;368.50
7531;13/05/2026 19:53:11;;Souscription en cours;Vérification d'identité;816.55
7532;13/05/2026 19:53:11;;Souscription en cours;Vérification d'identité;289.86
7533;13/05/2026 19:34:50;;Souscription en cours;Signature Contrat;487.37
7534;13/05/2026 19:34:50;;Souscription en cours;Signature Contrat;894.34
7535;13/05/2026 19:30:21;;Dossier refusé;Saisie société;747.45
7536;13/05/2026 19:30:21;;Dossier refusé;Saisie société;258.19
7537;13/05/2026 19:24:11;;Dossier validé;Parcours terminé;818.11
7538;13/05/2026 19:24:11;;Dossier validé;Parcours terminé;268.66
7539;13/05/2026 19:23:49;;Souscription en cours;Choix de l'offre et livraison;472.92
7540;13/05/2026 19:23:49;;Souscription en cours;Choix de l'offre et livraison;827.92
7541;13/05/2026 19:10:07;;Souscription en cours;Signature Contrat;827.51
7542;13/05/2026 19:10:07;;Souscription en cours;Signature Contrat;417.51
7543;13/05/2026 18:56:22;;Dossier refusé;Saisie société;697.01
7544;13/05/2026 18:56:22;;Dossier refusé;Saisie société;593.88
7545;13/05/2026 18:49:29;;Dossier validé;Parcours terminé;787.55
7546;13/05/2026 18:49:29;;Dossier validé;Parcours terminé;545.09
7547;13/05/2026 18:42:18;;Souscription en cours;Choix de l'offre et livraison;939.01
7548;13/05/2026 18:42:18;;Souscription en cours;Choix de l'offre et livraison;347.23
7549;13/05/2026 18:38:05;;Souscription en cours;Vérification d'identité;850.46
7550;13/05/2026 18:38:05;;Souscription en cours;Vérification d'identité;574.49
7551;13/05/2026 18:36:42;;Souscription en cours;Informations complémentaires (CA, Profession, etc.);899.14
7552;13/05/2026 18:36:42;;Souscription en cours;Informations complémentaires (CA, Profession, etc.);391.74
7553;13/05/2026 18:35:09;;Dossier validé;Parcours terminé;644.96
7554;13/05/2026 18:35:09;;Dossier validé;Parcours terminé;506.97
7555;13/05/2026 18:12:24;;Souscription en cours;Choix de l'offre et livraison;878.14
7556;13/05/2026 18:12:24;;Souscription en cours;Choix de l'offre et livraison;422.62
7557;13/05/2026 18:12:11;;Dossier validé;Parcours terminé;921.78
7558;13/05/2026 18:12:11;;Dossier validé;Parcours terminé;729.50
7559;13/05/2026 17:52:15;;Dossier validé;Parcours terminé;429.93
7560;13/05/2026 17:52:15;;Dossier validé;Parcours terminé;585.87
7561;13/05/2026 17:50:48;;Souscription en cours;Choix de l'offre et livraison;135.07
7562;13/05/2026 17:50:48;;Souscription en cours;Choix de l'offre et livraison;398.31
7563;13/05/2026 17:45:44;;Dossier validé;Parcours terminé;846.89
7564;13/05/2026 17:45:44;;Dossier validé;Parcours terminé;497.60
7565;13/05/2026 17:36:59;;Souscription en cours;Vérification d'identité;332.39
7566;13/05/2026 17:36:59;;Souscription en cours;Vérification d'identité;286.68
7567;13/05/2026 17:34:39;;Souscription en cours;Coordonnées personnelles;945.96
7568;13/05/2026 17:34:39;;Souscription en cours;Coordonnées personnelles;778.01
7569;13/05/2026 17:25:59;;Dossier validé;Parcours terminé;896.96
7570;13/05/2026 17:25:59;;Dossier validé;Parcours terminé;763.15
7571;13/05/2026 17:25:14;;Souscription en cours;Coordonnées personnelles;900.47
7572;13/05/2026 17:25:14;;Souscription en cours;Coordonnées personnelles;560.31
7573;13/05/2026 17:19:31;;Dossier validé;Parcours terminé;665.61
7574;13/05/2026 17:19:31;;Dossier validé;Parcours terminé;125.96
7575;13/05/2026 17:13:17;;Souscription en cours;Choix de l'offre et livraison;692.56
7576;13/05/2026 17:13:17;;Souscription en cours;Choix de l'offre et livraison;784.68
7577;13/05/2026 17:03:29;;Dossier validé;Parcours terminé;729.52
7578;13/05/2026 17:03:29;;Dossier validé;Parcours terminé;547.11
7579;13/05/2026 17:00:45;;Dossier validé;Parcours terminé;525.90
7580;13/05/2026 17:00:45;;Dossier validé;Parcours terminé;962.59
7581;13/05/2026 16:55:48;;Souscription non démarrée;Parcours non démarré;819.23
7582;13/05/2026 16:55:48;;Souscription non démarrée;Parcours non démarré;971.34
7583;13/05/2026 16:50:43;;Dossier refusé;Saisie société;534.12
7584;13/05/2026 16:50:43;;Dossier refusé;Saisie société;509.29
7585;13/05/2026 16:46:17;;Dossier validé;Parcours terminé;216.95
7586;13/05/2026 16:46:17;;Dossier validé;Parcours terminé;703.28
7587;13/05/2026 16:38:22;;Dossier validé;Parcours terminé;544.93
7588;13/05/2026 16:38:22;;Dossier validé;Parcours terminé;832.31
7589;13/05/2026 16:37:16;;Dossier validé;Parcours terminé;365.79
7590;13/05/2026 16:37:16;;Dossier validé;Parcours terminé;385.56
7591;13/05/2026 16:32:24;;Souscription en cours;Synchronisation référentiel personne NOVA;262.04
7592;13/05/2026 16:32:24;;Souscription en cours;Synchronisation référentiel personne NOVA;722.57
7593;13/05/2026 16:18:26;;Souscription en cours;Informations complémentaires (Etablissements, etc.);532.70
7594;13/05/2026 16:18:26;;Souscription en cours;Informations complémentaires (Etablissements, etc.);497.12
7595;13/05/2026 15:53:57;;Souscription en cours;Synchronisation référentiel personne NOVA;167.03
7596;13/05/2026 15:53:57;;Souscription en cours;Synchronisation référentiel personne NOVA;215.54
7597;13/05/2026 15:53:04;;Dossier validé;Parcours terminé;486.56
7598;13/05/2026 15:53:04;;Dossier validé;Parcours terminé;218.24
7599;13/05/2026 15:48:34;;Dossier validé;Parcours terminé;489.61
7600;13/05/2026 15:48:34;;Dossier validé;Parcours terminé;400.09
7601;13/05/2026 15:48:20;;Souscription en cours;Signature Contrat;332.18
7602;13/05/2026 15:48:20;;Souscription en cours;Signature Contrat;115.37
7603;13/05/2026 15:48:01;;Dossier refusé;Signature Contrat;792.52
7604;13/05/2026 15:48:01;;Dossier refusé;Signature Contrat;604.99
7605;13/05/2026 15:47:44;;Souscription en cours;Signature Contrat;558.02
7606;13/05/2026 15:47:44;;Souscription en cours;Signature Contrat;289.86
7607;13/05/2026 15:40:34;;Dossier validé;Parcours terminé;368.50
7608;13/05/2026 15:40:34;;Dossier validé;Parcours terminé;160.47
7609;13/05/2026 15:34:18;;Souscription en cours;Coordonnées personnelles;198.68
7610;13/05/2026 15:34:18;;Souscription en cours;Coordonnées personnelles;430.02
7611;13/05/2026 15:33:02;;Souscription en cours;Coordonnées personnelles;952.08
7612;13/05/2026 15:33:02;;Souscription en cours;Coordonnées personnelles;228.33
7613;13/05/2026 15:19:49;;Souscription en cours;Coordonnées personnelles;109.71
7614;13/05/2026 15:19:49;;Souscription en cours;Coordonnées personnelles;306.07
7615;13/05/2026 15:16:15;;Dossier validé;Parcours terminé;301.37
7616;13/05/2026 15:16:15;;Dossier validé;Parcours terminé;738.81
7617;13/05/2026 15:16:02;;Souscription en cours;Informations complémentaires (Etablissements, etc.);655.59
7618;13/05/2026 15:16:02;;Souscription en cours;Informations complémentaires (Etablissements, etc.);400.11
7619;13/05/2026 15:11:56;;Dossier validé;Parcours terminé;286.75
7620;13/05/2026 15:11:56;;Dossier validé;Parcours terminé;903.83
7621;13/05/2026 15:10:06;;Souscription en cours;Coordonnées personnelles;704.31
7622;13/05/2026 15:10:06;;Souscription en cours;Coordonnées personnelles;745.07
7623;13/05/2026 15:09:36;Manon LEFEBVRE;Dossier validé;Parcours terminé;910.85
7624;13/05/2026 15:09:36;Manon LEFEBVRE;Dossier validé;Parcours terminé;646.24
7625;13/05/2026 15:08:36;;Dossier refusé;Saisie société;282.82
7626;13/05/2026 15:08:36;;Dossier refusé;Saisie société;840.36
7627;13/05/2026 15:03:55;;Souscription en cours;Signature Contrat;636.99
7628;13/05/2026 15:03:55;;Souscription en cours;Signature Contrat;486.39
7629;13/05/2026 14:44:48;;Dossier validé;Parcours terminé;214.25
7630;13/05/2026 14:44:48;;Dossier validé;Parcours terminé;134.86
7631;13/05/2026 14:41:10;;Souscription en cours;Coordonnées personnelles;476.74
7632;13/05/2026 14:41:10;;Souscription en cours;Coordonnées personnelles;162.64
7633;13/05/2026 14:39:28;;Dossier validé;Parcours terminé;978.66
7634;13/05/2026 14:39:28;;Dossier validé;Parcours terminé;856.73
7635;13/05/2026 14:38:11;;Dossier validé;Parcours terminé;812.86
7636;13/05/2026 14:38:11;;Dossier validé;Parcours terminé;282.40
7637;13/05/2026 14:29:27;;Dossier validé;Parcours terminé;280.27
7638;13/05/2026 14:29:27;;Dossier validé;Parcours terminé;556.41
7639;13/05/2026 14:25:19;;Souscription en cours;Coordonnées personnelles;966.11
7640;13/05/2026 14:25:19;;Souscription en cours;Coordonnées personnelles;325.87
7641;13/05/2026 14:16:55;;Dossier refusé;Saisie société;950.81
7642;13/05/2026 14:16:55;;Dossier refusé;Saisie société;302.13
7643;13/05/2026 14:06:50;;Dossier validé;Parcours terminé;295.55
7644;13/05/2026 14:06:50;;Dossier validé;Parcours terminé;811.23
7645;13/05/2026 14:05:07;;Souscription en cours;Vérification d'identité;224.22
7646;13/05/2026 14:05:07;;Souscription en cours;Vérification d'identité;204.68
7647;13/05/2026 13:53:09;Z5750800;Dossier validé;Parcours terminé;351.29
7648;13/05/2026 13:53:09;Z5750800;Dossier validé;Parcours terminé;548.60
7649;13/05/2026 13:50:34;;Dossier refusé;Saisie société;582.97
7650;13/05/2026 13:50:34;;Dossier refusé;Saisie société;882.29
7651;13/05/2026 13:39:18;;Dossier refusé;Saisie société;151.26
7652;13/05/2026 13:39:18;;Dossier refusé;Saisie société;976.36
7653;13/05/2026 13:15:50;;Souscription en cours;Coordonnées personnelles;602.76
7654;13/05/2026 13:15:50;;Souscription en cours;Coordonnées personnelles;204.11
7655;13/05/2026 13:06:13;;Dossier validé;Parcours terminé;512.11
7656;13/05/2026 13:06:13;;Dossier validé;Parcours terminé;296.50
7657;13/05/2026 12:31:50;;Souscription en cours;Vérification d'identité;608.83
7658;13/05/2026 12:31:50;;Souscription en cours;Vérification d'identité;143.89
7659;13/05/2026 12:19:32;;Dossier validé;Parcours terminé;784.78
7660;13/05/2026 12:19:32;;Dossier validé;Parcours terminé;191.03
7661;13/05/2026 12:14:36;;Souscription en cours;Informations complémentaires (CA, Profession, etc.);650.48
7662;13/05/2026 12:14:36;;Souscription en cours;Informations complémentaires (CA, Profession, etc.);196.10
7663;13/05/2026 12:12:23;;Souscription non démarrée;Parcours non démarré;350.27
7664;13/05/2026 12:12:23;;Souscription non démarrée;Parcours non démarré;197.41
7665;13/05/2026 12:11:11;;Souscription en cours;Signature Contrat;954.77
7666;13/05/2026 12:11:11;;Souscription en cours;Signature Contrat;508.52
7667;13/05/2026 12:02:28;;Dossier validé;Parcours terminé;233.46
7668;13/05/2026 12:02:28;;Dossier validé;Parcours terminé;961.58
7669;13/05/2026 11:42:38;;Souscription en cours;Choix de l'offre et livraison;640.08
7670;13/05/2026 11:42:38;;Souscription en cours;Choix de l'offre et livraison;138.59
7671;13/05/2026 11:41:10;;Souscription non démarrée;Parcours non démarré;149.88
7672;13/05/2026 11:41:10;;Souscription non démarrée;Parcours non démarré;359.99
7673;13/05/2026 11:37:25;;Dossier validé;Parcours terminé;363.21
7674;13/05/2026 11:37:25;;Dossier validé;Parcours terminé;722.00
7675;13/05/2026 11:28:16;;Dossier refusé;Saisie société;169.64
7676;13/05/2026 11:28:16;;Dossier refusé;Saisie société;384.01
7677;13/05/2026 11:21:09;;Dossier validé;Parcours terminé;295.63
7678;13/05/2026 11:21:09;;Dossier validé;Parcours terminé;255.48
7679;13/05/2026 11:15:08;;Dossier validé;Parcours terminé;650.39
7680;13/05/2026 11:15:08;;Dossier validé;Parcours terminé;356.27
7681;13/05/2026 11:11:38;;Dossier validé;Parcours terminé;369.48
7682;13/05/2026 11:11:38;;Dossier validé;Parcours terminé;558.66
7683;13/05/2026 11:11:17;;Dossier validé;Parcours terminé;416.81
7684;13/05/2026 11:11:17;;Dossier validé;Parcours terminé;731.23
7685;13/05/2026 11:10:09;;Souscription en cours;Vérification d'identité;616.94
7686;13/05/2026 11:10:09;;Souscription en cours;Vérification d'identité;449.86
7687;13/05/2026 11:06:43;;Dossier refusé;Saisie société;970.29
7688;13/05/2026 11:06:43;;Dossier refusé;Saisie société;945.67
7689;13/05/2026 10:57:36;;Dossier validé;Parcours terminé;177.10
7690;13/05/2026 10:57:36;;Dossier validé;Parcours terminé;382.10
7691;13/05/2026 10:51:34;Manon LEFEBVRE;Dossier validé;Parcours terminé;123.33
7692;13/05/2026 10:51:34;Manon LEFEBVRE;Dossier validé;Parcours terminé;591.22
7693;13/05/2026 10:51:08;;Dossier validé;Parcours terminé;145.94
7694;13/05/2026 10:51:08;;Dossier validé;Parcours terminé;850.79
7695;13/05/2026 10:50:57;;Dossier validé;Parcours terminé;692.52
7696;13/05/2026 10:50:57;;Dossier validé;Parcours terminé;334.70
7697;13/05/2026 10:49:33;;Dossier validé;Parcours terminé;243.35
7698;13/05/2026 10:49:33;;Dossier validé;Parcours terminé;187.72
7699;13/05/2026 10:45:14;;Souscription en cours;Vérification d'identité;989.49
7700;13/05/2026 10:45:14;;Souscription en cours;Vérification d'identité;618.07
7701;13/05/2026 10:39:39;;Dossier validé;Parcours terminé;849.75
7702;13/05/2026 10:39:39;;Dossier validé;Parcours terminé;972.44
7703;13/05/2026 10:38:02;;Dossier refusé;Saisie société;299.98
7704;13/05/2026 10:38:02;;Dossier refusé;Saisie société;866.80
7705;13/05/2026 10:35:51;Adam LAURENT;Dossier validé;Parcours terminé;668.91
7706;13/05/2026 10:35:51;Adam LAURENT;Dossier validé;Parcours terminé;768.61
7707;13/05/2026 10:35:14;;Souscription en cours;Coordonnées personnelles;134.37
7708;13/05/2026 10:35:14;;Souscription en cours;Coordonnées personnelles;537.93
7709;13/05/2026 10:28:08;;Dossier validé;Parcours terminé;334.39
7710;13/05/2026 10:28:08;;Dossier validé;Parcours terminé;965.78
7711;13/05/2026 10:27:13;;Souscription en cours;Choix de l'offre et livraison;767.48
7712;13/05/2026 10:27:13;;Souscription en cours;Choix de l'offre et livraison;103.18
7713;13/05/2026 10:19:20;;Dossier refusé;Signature Contrat;301.18
7714;13/05/2026 10:19:20;;Dossier refusé;Signature Contrat;690.60
7715;13/05/2026 10:17:03;;Dossier validé;Parcours terminé;192.09
7716;13/05/2026 10:17:03;;Dossier validé;Parcours terminé;480.95
7717;13/05/2026 10:14:50;;Dossier validé;Parcours terminé;939.15
7718;13/05/2026 10:14:50;;Dossier validé;Parcours terminé;530.24
7719;13/05/2026 10:06:34;;Souscription en cours;Coordonnées personnelles;722.55
7720;13/05/2026 10:06:34;;Souscription en cours;Coordonnées personnelles;360.63
7721;13/05/2026 10:06:08;;Dossier validé;Parcours terminé;732.14
7722;13/05/2026 10:06:08;;Dossier validé;Parcours terminé;826.39
7723;13/05/2026 10:04:03;;Dossier validé;Parcours terminé;311.22
7724;13/05/2026 10:04:03;;Dossier validé;Parcours terminé;741.77
7725;13/05/2026 10:03:05;;Dossier validé;Parcours terminé;754.93
7726;13/05/2026 10:03:05;;Dossier validé;Parcours terminé;908.59
7727;13/05/2026 10:02:15;Zoé MULLER;Dossier validé;Parcours terminé;191.98
7728;13/05/2026 10:02:15;Zoé MULLER;Dossier validé;Parcours terminé;625.84
7729;13/05/2026 09:53:01;Manon LEFEBVRE;Dossier validé;Parcours terminé;226.08
7730;13/05/2026 09:53:01;Manon LEFEBVRE;Dossier validé;Parcours terminé;496.33
7731;13/05/2026 09:50:15;;Dossier validé;Parcours terminé;147.00
7732;13/05/2026 09:50:15;;Dossier validé;Parcours terminé;799.61
7733;13/05/2026 09:44:04;;Dossier refusé;Signature Contrat;853.80
7734;13/05/2026 09:44:04;;Dossier refusé;Signature Contrat;269.65
7735;13/05/2026 09:43:00;;Dossier validé;Parcours terminé;465.89
7736;13/05/2026 09:43:00;;Dossier validé;Parcours terminé;117.61
7737;13/05/2026 09:30:41;;Souscription en cours;Coordonnées personnelles;816.83
7738;13/05/2026 09:30:41;;Souscription en cours;Coordonnées personnelles;134.91
7739;13/05/2026 09:28:03;;Souscription en cours;Signature Contrat;390.81
7740;13/05/2026 09:28:03;;Souscription en cours;Signature Contrat;764.86
7741;13/05/2026 09:25:58;;Dossier validé;Parcours terminé;881.03
7742;13/05/2026 09:25:58;;Dossier validé;Parcours terminé;401.58
7743;13/05/2026 09:23:16;;Souscription en cours;Coordonnées personnelles;739.77
7744;13/05/2026 09:23:16;;Souscription en cours;Coordonnées personnelles;739.06
7745;13/05/2026 09:21:54;;Dossier validé;Parcours terminé;513.75
7746;13/05/2026 09:21:54;;Dossier validé;Parcours terminé;862.16
7747;13/05/2026 09:19:37;;Souscription en cours;Synchronisation référentiel personne NOVA;623.82
7748;13/05/2026 09:19:37;;Souscription en cours;Synchronisation référentiel personne NOVA;927.21
7749;13/05/2026 09:06:17;;Souscription en cours;Choix de l'offre et livraison;578.97
7750;13/05/2026 09:06:17;;Souscription en cours;Choix de l'offre et livraison;733.70
7751;13/05/2026 09:05:18;;Souscription non démarrée;Parcours non démarré;797.95
7752;13/05/2026 09:05:18;;Souscription non démarrée;Parcours non démarré;743.67
7753;13/05/2026 08:53:41;;Dossier validé;Parcours terminé;915.55
7754;13/05/2026 08:53:41;;Dossier validé;Parcours terminé;337.57
7755;13/05/2026 08:41:05;;Souscription en cours;Coordonnées personnelles;350.69
7756;13/05/2026 08:41:05;;Souscription en cours;Coordonnées personnelles;176.39
7757;13/05/2026 08:39:25;;Dossier refusé;Signature Contrat;953.02
7758;13/05/2026 08:39:25;;Dossier refusé;Signature Contrat;416.47
7759;13/05/2026 08:33:11;Z5681453;Dossier validé;Parcours terminé;205.28
7760;13/05/2026 08:33:11;Z5681453;Dossier validé;Parcours terminé;999.62
7761;13/05/2026 08:26:16;;Dossier validé;Parcours terminé;248.42
7762;13/05/2026 08:26:16;;Dossier validé;Parcours terminé;760.38
7763;13/05/2026 08:22:45;;Dossier validé;Parcours terminé;310.28
7764;13/05/2026 08:22:45;;Dossier validé;Parcours terminé;380.70
7765;13/05/2026 08:14:18;;Dossier validé;Parcours terminé;716.91
7766;13/05/2026 08:14:18;;Dossier validé;Parcours terminé;320.83
7767;13/05/2026 08:09:29;Adam LAURENT;Dossier validé;Parcours terminé;522.26
7768;13/05/2026 08:09:29;Adam LAURENT;Dossier validé;Parcours terminé;219.74
7769;13/05/2026 07:48:16;;Dossier refusé;Informations complémentaires (Etablissements, etc.);503.35
7770;13/05/2026 07:48:16;;Dossier refusé;Informations complémentaires (Etablissements, etc.);424.48
7771;13/05/2026 05:28:59;;Souscription en cours;Coordonnées personnelles;820.98
7772;13/05/2026 05:28:59;;Souscription en cours;Coordonnées personnelles;514.26
7773;13/05/2026 05:06:38;;Souscription non démarrée;Parcours non démarré;129.41
7774;13/05/2026 05:06:38;;Souscription non démarrée;Parcours non démarré;559.66
7775;13/05/2026 04:37:47;;Souscription non démarrée;Parcours non démarré;617.50
7776;13/05/2026 04:37:47;;Souscription non démarrée;Parcours non démarré;681.39
7777;13/05/2026 02:57:19;;Souscription non démarrée;Parcours non démarré;599.87
7778;13/05/2026 02:57:19;;Souscription non démarrée;Parcours non démarré;477.95
7779;13/05/2026 02:49:01;Manon LEFEBVRE;Dossier validé;Parcours terminé;242.19
7780;13/05/2026 02:49:01;Manon LEFEBVRE;Dossier validé;Parcours terminé;782.53
7781;13/05/2026 01:34:51;Manon LEFEBVRE;Dossier refusé;Saisie société;258.28
7782;13/05/2026 01:34:51;Manon LEFEBVRE;Dossier refusé;Saisie société;327.83
7783;13/05/2026 00:38:09;;Dossier refusé;Saisie société;702.30
7784;13/05/2026 00:38:09;;Dossier refusé;Saisie société;230.36
7785;12/05/2026 23:28:32;;Dossier validé;Parcours terminé;110.90
7786;12/05/2026 23:28:32;;Dossier validé;Parcours terminé;646.23
7787;12/05/2026 23:28:16;;Souscription en cours;Coordonnées personnelles;959.84
7788;12/05/2026 23:28:16;;Souscription en cours;Coordonnées personnelles;680.42
7789;12/05/2026 23:10:08;;Souscription en cours;Vérification d'identité;319.49
7790;12/05/2026 23:10:08;;Souscription en cours;Vérification d'identité;572.17
7791;12/05/2026 23:07:25;;Souscription en cours;Coordonnées personnelles;970.22
7792;12/05/2026 23:07:25;;Souscription en cours;Coordonnées personnelles;343.46
7793;12/05/2026 22:53:48;;Dossier validé;Parcours terminé;423.85
7794;12/05/2026 22:53:48;;Dossier validé;Parcours terminé;324.20
7795;12/05/2026 22:20:10;;Souscription en cours;Coordonnées personnelles;919.50
7796;12/05/2026 22:20:10;;Souscription en cours;Coordonnées personnelles;951.69
7797;12/05/2026 22:14:41;;Dossier validé;Parcours terminé;965.20
7798;12/05/2026 22:14:41;;Dossier validé;Parcours terminé;850.70
7799;12/05/2026 22:01:53;;Souscription non démarrée;Parcours non démarré;468.08
7800;12/05/2026 22:01:53;;Souscription non démarrée;Parcours non démarré;965.72
7801;12/05/2026 21:53:11;;Souscription en cours;Signature Contrat;562.09
7802;12/05/2026 21:53:11;;Souscription en cours;Signature Contrat;147.93
7803;12/05/2026 21:51:27;;Dossier refusé;Saisie société;720.31
7804;12/05/2026 21:51:27;;Dossier refusé;Saisie société;914.18
7805;12/05/2026 21:47:20;;Dossier validé;Parcours terminé;504.53
7806;12/05/2026 21:47:20;;Dossier validé;Parcours terminé;725.75
7807;12/05/2026 21:43:13;;Dossier validé;Parcours terminé;599.64
7808;12/05/2026 21:43:13;;Dossier validé;Parcours terminé;176.76
7809;12/05/2026 21:40:42;;Souscription non démarrée;Parcours non démarré;397.88
7810;12/05/2026 21:40:42;;Souscription non démarrée;Parcours non démarré;932.84
7811;12/05/2026 21:32:02;;Dossier validé;Parcours terminé;181.19
7812;12/05/2026 21:32:02;;Dossier validé;Parcours terminé;165.27
7813;12/05/2026 21:24:19;;Dossier refusé;Saisie société;592.50
7814;12/05/2026 21:24:19;;Dossier refusé;Saisie société;545.92
7815;12/05/2026 21:16:21;;Dossier refusé;Saisie société;210.38
7816;12/05/2026 21:16:21;;Dossier refusé;Saisie société;703.31
7817;12/05/2026 21:07:03;;Dossier refusé;Signature Contrat;581.50
7818;12/05/2026 21:07:03;;Dossier refusé;Signature Contrat;206.02
7819;12/05/2026 20:56:56;;Dossier validé;Parcours terminé;487.66
7820;12/05/2026 20:56:56;;Dossier validé;Parcours terminé;543.91
7821;12/05/2026 20:50:23;;Dossier validé;Parcours terminé;577.46
7822;12/05/2026 20:50:23;;Dossier validé;Parcours terminé;768.35
7823;12/05/2026 20:39:58;;Dossier validé;Parcours terminé;643.42
7824;12/05/2026 20:39:58;;Dossier validé;Parcours terminé;294.02
7825;12/05/2026 20:31:45;;Souscription en cours;Coordonnées personnelles;995.05
7826;12/05/2026 20:31:45;;Souscription en cours;Coordonnées personnelles;848.63
7827;12/05/2026 20:26:03;;Souscription en cours;Coordonnées personnelles;299.03
7828;12/05/2026 20:26:03;;Souscription en cours;Coordonnées personnelles;674.54
7829;12/05/2026 20:24:25;;Dossier validé;Parcours terminé;823.97
7830;12/05/2026 20:24:25;;Dossier validé;Parcours terminé;372.38
7831;12/05/2026 20:23:20;;Souscription non démarrée;Parcours non démarré;509.16
7832;12/05/2026 20:23:20;;Souscription non démarrée;Parcours non démarré;669.91
7833;12/05/2026 20:12:16;;Dossier refusé;Signature Contrat;337.62
7834;12/05/2026 20:12:16;;Dossier refusé;Signature Contrat;478.42
7835;12/05/2026 20:10:07;;Souscription en cours;Criblages BE(s);692.22
7836;12/05/2026 20:10:07;;Souscription en cours;Criblages BE(s);946.75
7837;12/05/2026 20:08:12;;Souscription en cours;Coordonnées personnelles;773.04
7838;12/05/2026 20:08:12;;Souscription en cours;Coordonnées personnelles;624.02
7839;12/05/2026 19:54:44;;Souscription non démarrée;Parcours non démarré;662.51
7840;12/05/2026 19:54:44;;Souscription non démarrée;Parcours non démarré;527.23
7841;12/05/2026 19:53:08;;Dossier validé;Parcours terminé;938.81
7842;12/05/2026 19:53:08;;Dossier validé;Parcours terminé;282.28
7843;12/05/2026 19:50:00;;Dossier validé;Parcours terminé;156.95
7844;12/05/2026 19:50:00;;Dossier validé;Parcours terminé;206.89
7845;12/05/2026 19:47:21;;Souscription en cours;Choix de l'offre et livraison;802.45
7846;12/05/2026 19:47:21;;Souscription en cours;Choix de l'offre et livraison;907.28
7847;12/05/2026 19:47:13;;Dossier validé;Parcours terminé;542.77
7848;12/05/2026 19:47:13;;Dossier validé;Parcours terminé;354.05
7849;12/05/2026 19:37:48;;Dossier validé;Parcours terminé;793.14
7850;12/05/2026 19:37:48;;Dossier validé;Parcours terminé;113.91
7851;12/05/2026 19:26:12;Manon LEFEBVRE;Dossier validé;Parcours terminé;181.48
7852;12/05/2026 19:26:12;Manon LEFEBVRE;Dossier validé;Parcours terminé;342.71
7853;12/05/2026 19:24:00;Hugo MARTIN;Dossier validé;Parcours terminé;834.95
7854;12/05/2026 19:24:00;Hugo MARTIN;Dossier validé;Parcours terminé;305.92
7855;12/05/2026 18:56:14;;Souscription en cours;Signature Contrat;362.51
7856;12/05/2026 18:56:14;;Souscription en cours;Signature Contrat;169.82
7857;12/05/2026 18:54:23;;Souscription non démarrée;Parcours non démarré;971.45
7858;12/05/2026 18:54:23;;Souscription non démarrée;Parcours non démarré;687.26
7859;12/05/2026 18:49:00;;Dossier refusé;Saisie société;975.10
7860;12/05/2026 18:49:00;;Dossier refusé;Saisie société;210.77
7861;12/05/2026 18:48:52;;Dossier validé;Parcours terminé;374.62
7862;12/05/2026 18:48:52;;Dossier validé;Parcours terminé;396.07
7863;12/05/2026 18:46:26;;Souscription en cours;Informations complémentaires (Etablissements, etc.);410.71
7864;12/05/2026 18:46:26;;Souscription en cours;Informations complémentaires (Etablissements, etc.);202.31
7865;12/05/2026 18:42:42;;Souscription en cours;Choix de l'offre et livraison;401.20
7866;12/05/2026 18:42:42;;Souscription en cours;Choix de l'offre et livraison;442.14
7867;12/05/2026 18:40:02;;Souscription en cours;Coordonnées personnelles;501.32
7868;12/05/2026 18:40:02;;Souscription en cours;Coordonnées personnelles;587.66
7869;12/05/2026 18:33:53;Adam LAURENT;Dossier validé;Parcours terminé;404.50
7870;12/05/2026 18:33:53;Adam LAURENT;Dossier validé;Parcours terminé;293.22
7871;12/05/2026 18:26:38;;Souscription en cours;Coordonnées personnelles;166.82
7872;12/05/2026 18:26:38;;Souscription en cours;Coordonnées personnelles;135.12
7873;12/05/2026 18:15:40;;Souscription non démarrée;Parcours non démarré;696.42
7874;12/05/2026 18:15:40;;Souscription non démarrée;Parcours non démarré;647.66
7875;12/05/2026 18:04:03;;Dossier validé;Parcours terminé;344.91
7876;12/05/2026 18:04:03;;Dossier validé;Parcours terminé;995.97
7877;12/05/2026 18:01:36;;Dossier refusé;Saisie société;986.54
7878;12/05/2026 18:01:36;;Dossier refusé;Saisie société;205.75
7879;12/05/2026 17:55:47;;Dossier refusé;Saisie société;312.17
7880;12/05/2026 17:55:47;;Dossier refusé;Saisie société;639.64
7881;12/05/2026 17:41:56;;Souscription en cours;Choix de l'offre et livraison;276.79
7882;12/05/2026 17:41:56;;Souscription en cours;Choix de l'offre et livraison;839.21
7883;12/05/2026 17:28:25;Hugo MARTIN;Dossier validé;Parcours terminé;745.58
7884;12/05/2026 17:28:25;Hugo MARTIN;Dossier validé;Parcours terminé;628.50
7885;12/05/2026 17:23:35;;Souscription en cours;Vérification d'identité;946.76
7886;12/05/2026 17:23:35;;Souscription en cours;Vérification d'identité;845.36
7887;12/05/2026 17:15:47;Hugo MARTIN;Dossier validé;Parcours terminé;154.96
7888;12/05/2026 17:15:47;Hugo MARTIN;Dossier validé;Parcours terminé;132.35
7889;12/05/2026 17:12:27;;Dossier validé;Parcours terminé;754.86
7890;12/05/2026 17:12:27;;Dossier validé;Parcours terminé;936.59
7891;12/05/2026 17:10:38;;Souscription en cours;Coordonnées personnelles;172.25
7892;12/05/2026 17:10:38;;Souscription en cours;Coordonnées personnelles;328.22
7893;12/05/2026 17:10:05;;Dossier refusé;Signature Contrat;955.91
7894;12/05/2026 17:10:05;;Dossier refusé;Signature Contrat;142.68
7895;12/05/2026 17:08:44;;Souscription en cours;Signature Contrat;550.27
7896;12/05/2026 17:08:44;;Souscription en cours;Signature Contrat;857.36
7897;12/05/2026 17:08:25;;Souscription non démarrée;Parcours non démarré;820.86
7898;12/05/2026 17:08:25;;Souscription non démarrée;Parcours non démarré;986.48
7899;12/05/2026 17:06:20;;Souscription en cours;Choix de l'offre et livraison;622.78
7900;12/05/2026 17:06:20;;Souscription en cours;Choix de l'offre et livraison;917.66
7901;12/05/2026 16:50:40;;Souscription en cours;Coordonnées personnelles;448.86
7902;12/05/2026 16:50:40;;Souscription en cours;Coordonnées personnelles;889.93
7903;12/05/2026 16:32:47;;Souscription en cours;Vérification d'identité;121.84
7904;12/05/2026 16:32:47;;Souscription en cours;Vérification d'identité;574.32
7905;12/05/2026 16:19:17;;Dossier refusé;Saisie société;157.69
7906;12/05/2026 16:19:17;;Dossier refusé;Saisie société;277.14
7907;12/05/2026 16:13:44;;Souscription en cours;Vérification d'identité;747.58
7908;12/05/2026 16:13:44;;Souscription en cours;Vérification d'identité;374.68
7909;12/05/2026 16:10:08;;Dossier refusé;Saisie société;600.82
7910;12/05/2026 16:10:08;;Dossier refusé;Saisie société;502.70
7911;12/05/2026 16:08:29;;Souscription en cours;Coordonnées personnelles;876.52
7912;12/05/2026 16:08:29;;Souscription en cours;Coordonnées personnelles;195.75
7913;12/05/2026 16:06:18;;Dossier validé;Parcours terminé;531.66
7914;12/05/2026 16:06:18;;Dossier validé;Parcours terminé;532.68
7915;12/05/2026 16:01:41;;Dossier refusé;Choix de l'offre et livraison;864.84
7916;12/05/2026 16:01:41;;Dossier refusé;Choix de l'offre et livraison;850.07
7917;12/05/2026 15:53:38;;Souscription en cours;Vérification d'identité;144.64
7918;12/05/2026 15:53:38;;Souscription en cours;Vérification d'identité;535.39
7919;12/05/2026 15:47:02;;Souscription en cours;Coordonnées personnelles;825.20
7920;12/05/2026 15:47:02;;Souscription en cours;Coordonnées personnelles;502.25
7921;12/05/2026 15:39:50;;Dossier validé;Parcours terminé;957.20
7922;12/05/2026 15:39:50;;Dossier validé;Parcours terminé;346.81
7923;12/05/2026 15:36:07;;Dossier validé;Parcours terminé;164.22
7924;12/05/2026 15:36:07;;Dossier validé;Parcours terminé;692.23
7925;12/05/2026 15:35:03;Louis MARTIN;Dossier validé;Parcours terminé;527.29
7926;12/05/2026 15:35:03;Louis MARTIN;Dossier validé;Parcours terminé;296.43
7927;12/05/2026 15:33:08;;Souscription non démarrée;Parcours non démarré;664.80
7928;12/05/2026 15:33:08;;Souscription non démarrée;Parcours non démarré;495.43
7929;12/05/2026 15:29:48;;Souscription en cours;Coordonnées personnelles;422.70
7930;12/05/2026 15:29:48;;Souscription en cours;Coordonnées personnelles;184.96
7931;12/05/2026 15:20:47;Manon LEFEBVRE;Dossier validé;Parcours terminé;828.39
7932;12/05/2026 15:20:47;Manon LEFEBVRE;Dossier validé;Parcours terminé;449.68
7933;12/05/2026 15:18:25;;Dossier validé;Parcours terminé;143.04
7934;12/05/2026 15:18:25;;Dossier validé;Parcours terminé;124.98
7935;12/05/2026 15:11:39;;Souscription en cours;Vérification d'identité;817.79
7936;12/05/2026 15:11:39;;Souscription en cours;Vérification d'identité;241.94
7937;12/05/2026 15:11:15;Hugo MARTIN;Dossier validé;Parcours terminé;238.27
7938;12/05/2026 15:11:15;Hugo MARTIN;Dossier validé;Parcours terminé;248.51
7939;12/05/2026 15:01:02;;Souscription en cours;Choix de l'offre et livraison;717.27
7940;12/05/2026 15:01:02;;Souscription en cours;Choix de l'offre et livraison;496.41
7941;12/05/2026 14:59:15;;Dossier refusé;Saisie société;502.39
7942;12/05/2026 14:59:15;;Dossier refusé;Saisie société;612.47
7943;12/05/2026 14:58:49;;Souscription en cours;Informations complémentaires (CA, Profession, etc.);739.95
7944;12/05/2026 14:58:49;;Souscription en cours;Informations complémentaires (CA, Profession, etc.);484.15
7945;12/05/2026 14:57:59;;Souscription en cours;Coordonnées personnelles;697.15
7946;12/05/2026 14:57:59;;Souscription en cours;Coordonnées personnelles;384.92
7947;12/05/2026 14:57:06;;Dossier validé;Parcours terminé;257.44
7948;12/05/2026 14:57:06;;Dossier validé;Parcours terminé;835.91
7949;12/05/2026 14:54:49;;Dossier validé;Parcours terminé;427.68
7950;12/05/2026 14:54:49;;Dossier validé;Parcours terminé;440.77
7951;12/05/2026 14:36:17;;Dossier validé;Parcours terminé;781.27
7952;12/05/2026 14:36:17;;Dossier validé;Parcours terminé;300.27
7953;12/05/2026 14:31:40;;Dossier validé;Parcours terminé;134.63
7954;12/05/2026 14:31:40;;Dossier validé;Parcours terminé;284.52
7955;12/05/2026 14:31:14;;Dossier refusé;Saisie société;831.60
7956;12/05/2026 14:31:14;;Dossier refusé;Saisie société;518.57
7957;12/05/2026 14:20:24;;En attente d'analyse Agent - Dossier avec erreurs;Signature Contrat;306.18
7958;12/05/2026 14:20:24;;En attente d'analyse Agent - Dossier avec erreurs;Signature Contrat;349.82
7959;12/05/2026 14:07:44;;Souscription en cours;Signature Contrat;378.62
7960;12/05/2026 14:07:44;;Souscription en cours;Signature Contrat;587.27
7961;12/05/2026 13:53:38;;Dossier refusé;Informations complémentaires (CA, Profession, etc.);456.23
7962;12/05/2026 13:53:38;;Dossier refusé;Informations complémentaires (CA, Profession, etc.);767.85
7963;12/05/2026 13:50:49;;Dossier validé;Parcours terminé;183.72
7964;12/05/2026 13:50:49;;Dossier validé;Parcours terminé;856.15
7965;12/05/2026 13:38:12;;Dossier validé;Parcours terminé;212.57
7966;12/05/2026 13:38:12;;Dossier validé;Parcours terminé;538.62
7967;12/05/2026 13:34:23;Zoé MULLER;Dossier validé;Parcours terminé;381.49
7968;12/05/2026 13:34:23;Zoé MULLER;Dossier validé;Parcours terminé;125.31
7969;12/05/2026 13:22:08;;Souscription en cours;Coordonnées personnelles;328.31
7970;12/05/2026 13:22:08;;Souscription en cours;Coordonnées personnelles;163.92
7971;12/05/2026 13:18:59;;Souscription en cours;Coordonnées personnelles;923.24
7972;12/05/2026 13:18:59;;Souscription en cours;Coordonnées personnelles;422.41
7973;12/05/2026 13:10:01;;Souscription en cours;Coordonnées personnelles;964.61
7974;12/05/2026 13:10:01;;Souscription en cours;Coordonnées personnelles;784.22
7975;12/05/2026 12:47:40;;Souscription non démarrée;Parcours non démarré;668.53
7976;12/05/2026 12:47:40;;Souscription non démarrée;Parcours non démarré;371.58
7977;12/05/2026 12:46:07;;Dossier validé;Parcours terminé;345.25
7978;12/05/2026 12:46:07;;Dossier validé;Parcours terminé;238.45
7979;12/05/2026 12:44:16;;Dossier refusé;Saisie société;710.66
7980;12/05/2026 12:44:16;;Dossier refusé;Saisie société;246.75
7981;12/05/2026 12:33:00;;Dossier validé;Parcours terminé;486.84
7982;12/05/2026 12:33:00;;Dossier validé;Parcours terminé;779.27
7983;12/05/2026 12:27:35;;Souscription en cours;Choix de l'offre et livraison;629.73
7984;12/05/2026 12:27:35;;Souscription en cours;Choix de l'offre et livraison;903.91
7985;12/05/2026 12:10:52;;Souscription en cours;Informations complémentaires (CA, Profession, etc.);355.18
7986;12/05/2026 12:10:52;;Souscription en cours;Informations complémentaires (CA, Profession, etc.);312.97
7987;12/05/2026 12:04:05;;Dossier validé;Parcours terminé;280.82
7988;12/05/2026 12:04:05;;Dossier validé;Parcours terminé;223.37
7989;12/05/2026 11:56:17;;Souscription en cours;Coordonnées personnelles;790.12
7990;12/05/2026 11:56:17;;Souscription en cours;Coordonnées personnelles;828.62
7991;12/05/2026 11:55:23;;Souscription en cours;Coordonnées personnelles;750.39
7992;12/05/2026 11:55:23;;Souscription en cours;Coordonnées personnelles;799.55
7993;12/05/2026 11:42:15;;Dossier refusé;Saisie société;296.01
7994;12/05/2026 11:42:15;;Dossier refusé;Saisie société;340.18
7995;12/05/2026 11:37:17;;Souscription en cours;Coordonnées personnelles;287.64
7996;12/05/2026 11:37:17;;Souscription en cours;Coordonnées personnelles;935.15
7997;12/05/2026 11:36:00;;Dossier validé;Parcours terminé;173.93
7998;12/05/2026 11:36:00;;Dossier validé;Parcours terminé;802.11
7999;12/05/2026 11:29:24;;Souscription en cours;Coordonnées personnelles;965.60
8000;12/05/2026 11:29:24;;Souscription en cours;Coordonnées personnelles;645.97
8001;12/05/2026 11:27:25;;Souscription en cours;Coordonnées personnelles;304.14
8002;12/05/2026 11:27:25;;Souscription en cours;Coordonnées personnelles;621.15
8003;12/05/2026 11:26:19;;Dossier validé;Parcours terminé;630.32
8004;12/05/2026 11:26:19;;Dossier validé;Parcours terminé;302.06
8005;12/05/2026 11:09:49;;Dossier validé;Parcours terminé;185.28
8006;12/05/2026 11:09:49;;Dossier validé;Parcours terminé;411.57
8007;12/05/2026 11:07:47;;Dossier validé;Parcours terminé;277.14
8008;12/05/2026 11:07:47;;Dossier validé;Parcours terminé;926.27
8009;12/05/2026 10:52:49;Adam LAURENT;Dossier validé;Parcours terminé;572.17
8010;12/05/2026 10:52:49;Adam LAURENT;Dossier validé;Parcours terminé;124.41
8011;12/05/2026 10:41:31;;Dossier validé;Parcours terminé;852.53
8012;12/05/2026 10:41:31;;Dossier validé;Parcours terminé;504.04
8013;12/05/2026 10:29:59;;Dossier validé;Parcours terminé;953.72
8014;12/05/2026 10:29:59;;Dossier validé;Parcours terminé;331.35
8015;12/05/2026 10:29:10;;Souscription en cours;Vérification d'identité;874.70
8016;12/05/2026 10:29:10;;Souscription en cours;Vérification d'identité;288.22
8017;12/05/2026 10:18:53;;Dossier refusé;Saisie société;583.27
8018;12/05/2026 10:18:53;;Dossier refusé;Saisie société;390.25
8019;12/05/2026 10:16:10;;Souscription en cours;Criblages BE(s);214.25
8020;12/05/2026 10:16:10;;Souscription en cours;Criblages BE(s);930.18
8021;12/05/2026 09:57:22;;Souscription non démarrée;Parcours non démarré;572.34
8022;12/05/2026 09:57:22;;Souscription non démarrée;Parcours non démarré;841.43
8023;12/05/2026 09:42:40;;Dossier validé;Parcours terminé;749.50
8024;12/05/2026 09:42:40;;Dossier validé;Parcours terminé;956.40
8025;12/05/2026 09:25:30;;Dossier refusé;Parcours terminé;383.20
8026;12/05/2026 09:25:30;;Dossier refusé;Parcours terminé;523.01
8027;12/05/2026 09:12:08;;Dossier validé;Parcours terminé;861.94
8028;12/05/2026 09:12:08;;Dossier validé;Parcours terminé;181.20
8029;12/05/2026 09:11:34;;Souscription en cours;Signature Contrat;381.31
8030;12/05/2026 09:11:34;;Souscription en cours;Signature Contrat;475.79
8031;12/05/2026 09:06:46;;Dossier refusé;Parcours non démarré;659.76
8032;12/05/2026 09:06:46;;Dossier refusé;Parcours non démarré;813.05
8033;12/05/2026 08:52:36;;Dossier validé;Parcours terminé;670.76
8034;12/05/2026 08:52:36;;Dossier validé;Parcours terminé;694.10
8035;12/05/2026 08:44:35;;Souscription en cours;Vérification d'identité;797.54
8036;12/05/2026 08:44:35;;Souscription en cours;Vérification d'identité;435.59
8037;12/05/2026 08:43:06;;Dossier validé;Parcours terminé;320.28
8038;12/05/2026 08:43:06;;Dossier validé;Parcours terminé;358.80
8039;12/05/2026 08:36:59;;Dossier validé;Parcours terminé;628.65
8040;12/05/2026 08:36:59;;Dossier validé;Parcours terminé;355.74
8041;12/05/2026 08:34:18;Rayan MICHEL;Dossier validé;Parcours terminé;897.90
8042;12/05/2026 08:34:18;Rayan MICHEL;Dossier validé;Parcours terminé;583.91
8043;12/05/2026 08:33:15;;Dossier refusé;Saisie société;813.15
8044;12/05/2026 08:33:15;;Dossier refusé;Saisie société;644.38
8045;12/05/2026 07:59:03;;Souscription non démarrée;Parcours non démarré;444.46
8046;12/05/2026 07:59:03;;Souscription non démarrée;Parcours non démarré;841.78
8047;12/05/2026 07:44:41;;Dossier refusé;Saisie société;814.95
8048;12/05/2026 07:44:41;;Dossier refusé;Saisie société;390.97
8049;12/05/2026 07:05:01;;Souscription en cours;Choix de l'offre et livraison;225.46
8050;12/05/2026 07:05:01;;Souscription en cours;Choix de l'offre et livraison;615.66
8051;12/05/2026 05:57:50;Inès MICHEL;Dossier validé;Parcours terminé;330.29
8052;12/05/2026 05:57:50;Inès MICHEL;Dossier validé;Parcours terminé;403.72
8053;12/05/2026 04:14:55;;Souscription en cours;Coordonnées personnelles;991.94
8054;12/05/2026 04:14:55;;Souscription en cours;Coordonnées personnelles;353.28
8055;12/05/2026 03:24:10;;Dossier validé;Parcours terminé;489.84
8056;12/05/2026 03:24:10;;Dossier validé;Parcours terminé;121.78
8057;12/05/2026 02:59:06;;Souscription en cours;Choix de l'offre et livraison;851.13
8058;12/05/2026 02:59:06;;Souscription en cours;Choix de l'offre et livraison;482.50
8059;12/05/2026 02:50:26;;Souscription en cours;Coordonnées personnelles;185.83
8060;12/05/2026 02:50:26;;Souscription en cours;Coordonnées personnelles;838.45
8061;12/05/2026 01:06:15;;Souscription en cours;Choix de l'offre et livraison;632.04
8062;12/05/2026 01:06:15;;Souscription en cours;Choix de l'offre et livraison;823.67
8063;12/05/2026 00:12:12;;Dossier refusé;Bénéficiaire effectifs;315.66
8064;12/05/2026 00:12:12;;Dossier refusé;Bénéficiaire effectifs;999.43
8065;12/05/2026 00:05:15;;Dossier validé;Parcours terminé;956.13
8066;12/05/2026 00:05:15;;Dossier validé;Parcours terminé;921.10
8067;11/05/2026 23:32:57;;Dossier validé;Parcours terminé;242.26
8068;11/05/2026 23:32:57;;Dossier validé;Parcours terminé;873.46
8069;11/05/2026 23:08:37;;Souscription en cours;Bénéficiaire effectifs;969.19
8070;11/05/2026 23:08:37;;Souscription en cours;Bénéficiaire effectifs;876.82
8071;11/05/2026 22:46:37;;Dossier refusé;Bénéficiaire effectifs;226.54
8072;11/05/2026 22:46:37;;Dossier refusé;Bénéficiaire effectifs;829.48
8073;11/05/2026 22:28:12;;Dossier validé;Parcours terminé;109.77
8074;11/05/2026 22:28:12;;Dossier validé;Parcours terminé;549.40
8075;11/05/2026 22:03:37;;Souscription en cours;Informations complémentaires (Etablissements, etc.);989.54
8076;11/05/2026 22:03:37;;Souscription en cours;Informations complémentaires (Etablissements, etc.);477.72
8077;11/05/2026 22:00:52;;Souscription non démarrée;Parcours non démarré;254.33
8078;11/05/2026 22:00:52;;Souscription non démarrée;Parcours non démarré;990.62
8079;11/05/2026 21:44:35;;Dossier validé;Parcours terminé;628.90
8080;11/05/2026 21:44:35;;Dossier validé;Parcours terminé;330.27
8081;11/05/2026 21:16:28;;Souscription non démarrée;Parcours non démarré;869.64
8082;11/05/2026 21:16:28;;Souscription non démarrée;Parcours non démarré;721.58
8083;11/05/2026 20:42:39;;Dossier validé;Parcours terminé;321.02
8084;11/05/2026 20:42:39;;Dossier validé;Parcours terminé;288.18
8085;11/05/2026 20:07:06;;Souscription non démarrée;Parcours non démarré;128.92
8086;11/05/2026 20:07:06;;Souscription non démarrée;Parcours non démarré;315.10
8087;11/05/2026 19:53:04;;Dossier validé;Parcours terminé;615.81
8088;11/05/2026 19:53:04;;Dossier validé;Parcours terminé;986.25
8089;11/05/2026 19:42:57;;Dossier validé;Parcours terminé;885.10
8090;11/05/2026 19:42:57;;Dossier validé;Parcours terminé;867.26
8091;11/05/2026 19:32:38;Manon LEFEBVRE;Dossier refusé;Signature Contrat;375.60
8092;11/05/2026 19:32:38;Manon LEFEBVRE;Dossier refusé;Signature Contrat;280.22
8093;11/05/2026 19:31:35;;En attente d'analyse Agent - Dossier avec erreurs;Signature Contrat;959.09
8094;11/05/2026 19:31:35;;En attente d'analyse Agent - Dossier avec erreurs;Signature Contrat;230.34
8095;11/05/2026 19:08:54;;Dossier refusé;Saisie société;619.08
8096;11/05/2026 19:08:54;;Dossier refusé;Saisie société;267.94
8097;11/05/2026 18:12:27;;Souscription en cours;Choix de l'offre et livraison;694.34
8098;11/05/2026 18:12:27;;Souscription en cours;Choix de l'offre et livraison;262.00
8099;11/05/2026 18:06:00;;Dossier validé;Parcours terminé;151.78
8100;11/05/2026 18:06:00;;Dossier validé;Parcours terminé;389.44
8101;11/05/2026 18:01:27;;Dossier refusé;Saisie société;930.29
8102;11/05/2026 18:01:27;;Dossier refusé;Saisie société;170.19
8103;11/05/2026 17:57:09;;Souscription non démarrée;Parcours non démarré;533.35
8104;11/05/2026 17:57:09;;Souscription non démarrée;Parcours non démarré;763.67
8105;11/05/2026 17:49:49;;Souscription en cours;Informations complémentaires (Etablissements, etc.);284.19
8106;11/05/2026 17:49:49;;Souscription en cours;Informations complémentaires (Etablissements, etc.);794.65
8107;11/05/2026 17:41:43;;Souscription en cours;Synchronisation référentiel personne NOVA;262.85
8108;11/05/2026 17:41:43;;Souscription en cours;Synchronisation référentiel personne NOVA;678.12
8109;11/05/2026 17:38:56;;Dossier refusé;Saisie société;744.97
8110;11/05/2026 17:38:56;;Dossier refusé;Saisie société;734.13
8111;11/05/2026 17:35:44;;Dossier refusé;Saisie société;641.95
8112;11/05/2026 17:35:44;;Dossier refusé;Saisie société;133.18
8113;11/05/2026 17:27:42;;Souscription en cours;Informations complémentaires (CA, Profession, etc.);974.73
8114;11/05/2026 17:27:42;;Souscription en cours;Informations complémentaires (CA, Profession, etc.);280.01
8115;11/05/2026 17:14:17;;Dossier validé;Parcours terminé;642.74
8116;11/05/2026 17:14:17;;Dossier validé;Parcours terminé;555.34
8117;11/05/2026 17:14:02;;Dossier validé;Parcours terminé;191.65
8118;11/05/2026 17:14:02;;Dossier validé;Parcours terminé;889.11
8119;11/05/2026 17:07:54;;Dossier validé;Parcours terminé;493.68
8120;11/05/2026 17:07:54;;Dossier validé;Parcours terminé;820.51
8121;11/05/2026 16:51:29;;Souscription en cours;Coordonnées personnelles;211.07
8122;11/05/2026 16:51:29;;Souscription en cours;Coordonnées personnelles;510.07
8123;11/05/2026 16:45:04;;Souscription en cours;Vérification d'identité;353.59
8124;11/05/2026 16:45:04;;Souscription en cours;Vérification d'identité;204.98
8125;11/05/2026 16:41:45;;Souscription en cours;Bénéficiaire effectifs;326.41
8126;11/05/2026 16:41:45;;Souscription en cours;Bénéficiaire effectifs;129.09
8127;11/05/2026 16:37:14;;Dossier refusé;Parcours non démarré;136.62
8128;11/05/2026 16:37:14;;Dossier refusé;Parcours non démarré;867.21
8129;11/05/2026 16:33:52;;Souscription en cours;Informations complémentaires (Etablissements, etc.);805.39
8130;11/05/2026 16:33:52;;Souscription en cours;Informations complémentaires (Etablissements, etc.);734.07
8131;11/05/2026 16:31:56;;En attente d'analyse Agent - Dossier avec erreurs;Signature Contrat;456.15
8132;11/05/2026 16:31:56;;En attente d'analyse Agent - Dossier avec erreurs;Signature Contrat;454.62
8133;11/05/2026 16:31:19;;Souscription en cours;Signature Contrat;346.15
8134;11/05/2026 16:31:19;;Souscription en cours;Signature Contrat;601.73
8135;11/05/2026 16:27:05;;Souscription en cours;Vérification d'identité;891.18
8136;11/05/2026 16:27:05;;Souscription en cours;Vérification d'identité;585.25
8137;11/05/2026 16:26:44;;Souscription en cours;Coordonnées personnelles;567.81
8138;11/05/2026 16:26:44;;Souscription en cours;Coordonnées personnelles;389.60
8139;11/05/2026 15:59:02;;Dossier validé;Parcours terminé;529.44
8140;11/05/2026 15:59:02;;Dossier validé;Parcours terminé;398.09
8141;11/05/2026 15:29:41;;Souscription en cours;Vérification d'identité;287.26
8142;11/05/2026 15:29:41;;Souscription en cours;Vérification d'identité;886.72
8143;11/05/2026 15:22:04;;Dossier validé;Parcours terminé;360.68
8144;11/05/2026 15:22:04;;Dossier validé;Parcours terminé;988.37
8145;11/05/2026 15:16:33;;Souscription non démarrée;Parcours non démarré;458.91
8146;11/05/2026 15:16:33;;Souscription non démarrée;Parcours non démarré;789.63
8147;11/05/2026 14:55:40;;Dossier validé;Parcours terminé;981.29
8148;11/05/2026 14:55:40;;Dossier validé;Parcours terminé;465.91
8149;11/05/2026 14:51:25;Z5735392;Dossier validé;Parcours terminé;457.99
8150;11/05/2026 14:51:25;Z5735392;Dossier validé;Parcours terminé;857.19
8151;11/05/2026 14:42:49;;Dossier refusé;Saisie société;771.05
8152;11/05/2026 14:42:49;;Dossier refusé;Saisie société;214.34
8153;11/05/2026 14:40:04;;Dossier validé;Parcours terminé;607.15
8154;11/05/2026 14:40:04;;Dossier validé;Parcours terminé;620.71
8155;11/05/2026 14:36:00;;Dossier validé;Parcours terminé;238.20
8156;11/05/2026 14:36:00;;Dossier validé;Parcours terminé;535.51
8157;11/05/2026 14:34:05;;Dossier validé;Parcours terminé;905.88
8158;11/05/2026 14:34:05;;Dossier validé;Parcours terminé;533.59
8159;11/05/2026 14:26:07;;Souscription non démarrée;Parcours non démarré;407.29
8160;11/05/2026 14:26:07;;Souscription non démarrée;Parcours non démarré;585.12
8161;11/05/2026 14:25:13;;Dossier validé;Parcours terminé;756.13
8162;11/05/2026 14:25:13;;Dossier validé;Parcours terminé;283.08
8163;11/05/2026 14:24:20;;Dossier validé;Parcours terminé;324.41
8164;11/05/2026 14:24:20;;Dossier validé;Parcours terminé;478.54
8165;11/05/2026 14:20:24;;Souscription en cours;Signature Contrat;273.42
8166;11/05/2026 14:20:24;;Souscription en cours;Signature Contrat;796.61
8167;11/05/2026 14:17:13;;Souscription en cours;Coordonnées personnelles;515.95
8168;11/05/2026 14:17:13;;Souscription en cours;Coordonnées personnelles;708.49
8169;11/05/2026 14:06:31;;Dossier validé;Parcours terminé;261.26
8170;11/05/2026 14:06:31;;Dossier validé;Parcours terminé;378.78
8171;11/05/2026 14:06:27;;Souscription en cours;Vérification d'identité;857.28
8172;11/05/2026 14:06:27;;Souscription en cours;Vérification d'identité;758.76
8173;11/05/2026 13:54:05;;Dossier validé;Parcours terminé;979.17
8174;11/05/2026 13:54:05;;Dossier validé;Parcours terminé;410.53
8175;11/05/2026 13:30:40;;Souscription en cours;Coordonnées personnelles;747.87
8176;11/05/2026 13:30:40;;Souscription en cours;Coordonnées personnelles;491.28
8177;11/05/2026 13:13:14;;Souscription en cours;Coordonnées personnelles;511.80
8178;11/05/2026 13:13:14;;Souscription en cours;Coordonnées personnelles;688.48
8179;11/05/2026 13:03:01;;Dossier refusé;Saisie société;415.17
8180;11/05/2026 13:03:01;;Dossier refusé;Saisie société;939.09
8181;11/05/2026 13:02:42;;Dossier validé;Parcours terminé;191.69
8182;11/05/2026 13:02:42;;Dossier validé;Parcours terminé;435.64
8183;11/05/2026 13:00:07;;Dossier validé;Parcours terminé;338.02
8184;11/05/2026 13:00:07;;Dossier validé;Parcours terminé;877.53
8185;11/05/2026 12:50:55;;Souscription non démarrée;Parcours non démarré;914.02
8186;11/05/2026 12:50:55;;Souscription non démarrée;Parcours non démarré;589.13
8187;11/05/2026 12:42:16;;Dossier refusé;Informations complémentaires (Etablissements, etc.);191.74
8188;11/05/2026 12:42:16;;Dossier refusé;Informations complémentaires (Etablissements, etc.);778.79
8189;11/05/2026 12:36:56;;Souscription en cours;Coordonnées personnelles;385.59
8190;11/05/2026 12:36:56;;Souscription en cours;Coordonnées personnelles;460.14
8191;11/05/2026 12:31:23;;Dossier validé;Parcours terminé;721.54
8192;11/05/2026 12:31:23;;Dossier validé;Parcours terminé;618.02
8193;11/05/2026 12:18:31;;Souscription en cours;Signature Contrat;383.88
8194;11/05/2026 12:18:31;;Souscription en cours;Signature Contrat;741.82
8195;11/05/2026 12:08:04;;Dossier refusé;Saisie société;705.84
8196;11/05/2026 12:08:04;;Dossier refusé;Saisie société;943.50
8197;11/05/2026 12:03:16;;Souscription en cours;Coordonnées personnelles;446.67
8198;11/05/2026 12:03:16;;Souscription en cours;Coordonnées personnelles;440.95
8199;11/05/2026 11:58:07;;Dossier validé;Parcours terminé;436.68
8200;11/05/2026 11:58:07;;Dossier validé;Parcours terminé;859.96
8201;11/05/2026 11:54:47;;Souscription en cours;Coordonnées personnelles;718.12
8202;11/05/2026 11:54:47;;Souscription en cours;Coordonnées personnelles;242.54
8203;11/05/2026 11:50:04;;Dossier validé;Parcours terminé;265.03
8204;11/05/2026 11:50:04;;Dossier validé;Parcours terminé;660.23
8205;11/05/2026 11:37:33;;Dossier validé;Parcours terminé;767.79
8206;11/05/2026 11:37:33;;Dossier validé;Parcours terminé;250.22
8207;11/05/2026 11:30:04;;Souscription en cours;Signature Contrat;563.70
8208;11/05/2026 11:30:04;;Souscription en cours;Signature Contrat;875.61
8209;11/05/2026 11:29:25;;Souscription en cours;Coordonnées personnelles;513.43
8210;11/05/2026 11:29:25;;Souscription en cours;Coordonnées personnelles;768.83
8211;11/05/2026 11:04:49;;Dossier validé;Parcours terminé;946.38
8212;11/05/2026 11:04:49;;Dossier validé;Parcours terminé;574.48
8213;11/05/2026 10:52:24;;Dossier validé;Parcours terminé;260.52
8214;11/05/2026 10:52:24;;Dossier validé;Parcours terminé;472.15
8215;11/05/2026 10:48:34;;Souscription non démarrée;Parcours non démarré;718.96
8216;11/05/2026 10:48:34;;Souscription non démarrée;Parcours non démarré;279.17
8217;11/05/2026 10:04:24;;Dossier validé;Parcours terminé;849.97
8218;11/05/2026 10:04:24;;Dossier validé;Parcours terminé;985.63
8219;11/05/2026 09:54:01;;Souscription en cours;Bénéficiaire effectifs;668.36
8220;11/05/2026 09:54:01;;Souscription en cours;Bénéficiaire effectifs;449.32
8221;11/05/2026 09:49:25;;Dossier validé;Parcours terminé;124.25
8222;11/05/2026 09:49:25;;Dossier validé;Parcours terminé;353.35
8223;11/05/2026 09:44:37;;Souscription en cours;Coordonnées personnelles;971.84
8224;11/05/2026 09:44:37;;Souscription en cours;Coordonnées personnelles;217.92
8225;11/05/2026 09:43:43;;Souscription non démarrée;Parcours non démarré;990.92
8226;11/05/2026 09:43:43;;Souscription non démarrée;Parcours non démarré;981.74
8227;11/05/2026 09:27:35;;Souscription non démarrée;Parcours non démarré;466.06
8228;11/05/2026 09:27:35;;Souscription non démarrée;Parcours non démarré;767.51
8229;11/05/2026 09:03:19;;Souscription en cours;Coordonnées personnelles;504.17
8230;11/05/2026 09:03:19;;Souscription en cours;Coordonnées personnelles;556.12
8231;11/05/2026 09:02:41;;Dossier validé;Parcours terminé;486.25
8232;11/05/2026 09:02:41;;Dossier validé;Parcours terminé;727.81
8233;11/05/2026 08:57:28;;Dossier validé;Parcours terminé;691.73
8234;11/05/2026 08:57:28;;Dossier validé;Parcours terminé;792.56
8235;11/05/2026 08:55:27;;Dossier validé;Parcours terminé;515.27
8236;11/05/2026 08:55:27;;Dossier validé;Parcours terminé;623.18
8237;11/05/2026 08:47:21;;Souscription en cours;Choix de l'offre et livraison;542.53
8238;11/05/2026 08:47:21;;Souscription en cours;Choix de l'offre et livraison;214.96
8239;11/05/2026 08:24:24;;Dossier validé;Parcours terminé;721.80
8240;11/05/2026 08:24:24;;Dossier validé;Parcours terminé;207.21
8241;11/05/2026 07:47:39;;Dossier validé;Parcours terminé;672.81
8242;11/05/2026 07:47:39;;Dossier validé;Parcours terminé;629.52
8243;11/05/2026 07:29:59;;Souscription non démarrée;Parcours non démarré;559.97
8244;11/05/2026 07:29:59;;Souscription non démarrée;Parcours non démarré;795.81
8245;11/05/2026 06:51:58;;Dossier validé;Parcours terminé;383.97
8246;11/05/2026 06:51:58;;Dossier validé;Parcours terminé;671.82
8247;11/05/2026 04:42:04;;Souscription en cours;Signature Contrat;659.16
8248;11/05/2026 04:42:04;;Souscription en cours;Signature Contrat;836.21
8249;11/05/2026 02:23:35;;Dossier validé;Parcours terminé;318.58
8250;11/05/2026 02:23:35;;Dossier validé;Parcours terminé;512.05
8251;11/05/2026 01:51:51;;Dossier validé;Parcours terminé;390.78
8252;11/05/2026 01:51:51;;Dossier validé;Parcours terminé;705.70
8253;11/05/2026 01:48:36;;Souscription en cours;Synchronisation référentiel personne NOVA;862.16
8254;11/05/2026 01:48:36;;Souscription en cours;Synchronisation référentiel personne NOVA;691.87
8255;11/05/2026 00:21:05;;Dossier refusé;Saisie société;374.31
8256;11/05/2026 00:21:05;;Dossier refusé;Saisie société;722.41
8257;10/05/2026 23:52:26;Zoé MULLER;Dossier validé;Parcours terminé;787.66
8258;10/05/2026 23:52:26;Zoé MULLER;Dossier validé;Parcours terminé;278.07
8259;10/05/2026 23:13:24;;Souscription en cours;Informations complémentaires (Etablissements, etc.);657.67
8260;10/05/2026 23:13:24;;Souscription en cours;Informations complémentaires (Etablissements, etc.);747.90
8261;10/05/2026 22:08:12;;Souscription non démarrée;Parcours non démarré;812.69
8262;10/05/2026 22:08:12;;Souscription non démarrée;Parcours non démarré;907.34
8263;10/05/2026 22:06:04;;Souscription non démarrée;Parcours non démarré;230.89
8264;10/05/2026 22:06:04;;Souscription non démarrée;Parcours non démarré;466.94
8265;10/05/2026 22:03:58;;Souscription non démarrée;Parcours non démarré;889.51
8266;10/05/2026 22:03:58;;Souscription non démarrée;Parcours non démarré;702.07
8267;10/05/2026 21:39:58;;Dossier validé;Parcours terminé;945.91
8268;10/05/2026 21:39:58;;Dossier validé;Parcours terminé;811.95
8269;10/05/2026 21:34:20;;Dossier validé;Parcours terminé;653.37
8270;10/05/2026 21:34:20;;Dossier validé;Parcours terminé;279.14
8271;10/05/2026 21:25:30;;Dossier validé;Parcours terminé;975.06
8272;10/05/2026 21:25:30;;Dossier validé;Parcours terminé;582.74
8273;10/05/2026 21:16:01;;Souscription en cours;Coordonnées personnelles;126.20
8274;10/05/2026 21:16:01;;Souscription en cours;Coordonnées personnelles;323.49
8275;10/05/2026 21:01:00;;Souscription non démarrée;Parcours non démarré;745.07
8276;10/05/2026 21:01:00;;Souscription non démarrée;Parcours non démarré;928.40
8277;10/05/2026 20:19:43;;Dossier validé;Parcours terminé;952.34
8278;10/05/2026 20:19:43;;Dossier validé;Parcours terminé;267.46
8279;10/05/2026 19:20:24;;Souscription non démarrée;Parcours non démarré;309.36
8280;10/05/2026 19:20:24;;Souscription non démarrée;Parcours non démarré;852.72
8281;10/05/2026 19:08:20;;Souscription non démarrée;Parcours non démarré;198.42
8282;10/05/2026 19:08:20;;Souscription non démarrée;Parcours non démarré;477.21
8283;10/05/2026 17:10:23;;Souscription en cours;Vérification d'identité;333.62
8284;10/05/2026 17:10:23;;Souscription en cours;Vérification d'identité;658.14
8285;10/05/2026 16:53:49;;Souscription en cours;Choix de l'offre et livraison;705.70
8286;10/05/2026 16:53:49;;Souscription en cours;Choix de l'offre et livraison;288.06
8287;10/05/2026 16:51:57;;Souscription en cours;Signature Contrat;331.61
8288;10/05/2026 16:51:57;;Souscription en cours;Signature Contrat;296.15
8289;10/05/2026 16:28:27;;Dossier validé;Parcours terminé;558.13
8290;10/05/2026 16:28:27;;Dossier validé;Parcours terminé;901.26
8291;10/05/2026 16:15:55;;Souscription en cours;Coordonnées personnelles;340.51
8292;10/05/2026 16:15:55;;Souscription en cours;Coordonnées personnelles;390.78
8293;10/05/2026 15:59:50;;Souscription en cours;Coordonnées personnelles;167.09
8294;10/05/2026 15:59:50;;Souscription en cours;Coordonnées personnelles;863.63
8295;10/05/2026 15:58:47;;Dossier validé;Parcours terminé;955.51
8296;10/05/2026 15:58:47;;Dossier validé;Parcours terminé;104.82
8297;10/05/2026 15:57:41;;Dossier validé;Parcours terminé;288.96
8298;10/05/2026 15:57:41;;Dossier validé;Parcours terminé;145.72
8299;10/05/2026 15:44:43;;Dossier validé;Parcours terminé;293.29
8300;10/05/2026 15:44:43;;Dossier validé;Parcours terminé;774.61
8301;10/05/2026 15:40:33;;Dossier validé;Parcours terminé;271.29
8302;10/05/2026 15:40:33;;Dossier validé;Parcours terminé;666.13
8303;10/05/2026 15:24:05;;Dossier refusé;Signature Contrat;823.78
8304;10/05/2026 15:24:05;;Dossier refusé;Signature Contrat;147.19
8305;10/05/2026 15:10:49;;Dossier validé;Parcours terminé;804.37
8306;10/05/2026 15:10:49;;Dossier validé;Parcours terminé;128.10
8307;10/05/2026 15:10:23;;Souscription en cours;Choix de l'offre et livraison;888.13
8308;10/05/2026 15:10:23;;Souscription en cours;Choix de l'offre et livraison;225.12
8309;10/05/2026 14:52:51;;Souscription en cours;Coordonnées personnelles;708.34
8310;10/05/2026 14:52:51;;Souscription en cours;Coordonnées personnelles;386.51
8311;10/05/2026 14:06:24;;Souscription en cours;Signature Contrat;216.47
8312;10/05/2026 14:06:24;;Souscription en cours;Signature Contrat;337.21
8313;10/05/2026 13:54:14;;Souscription en cours;Coordonnées personnelles;834.66
8314;10/05/2026 13:54:14;;Souscription en cours;Coordonnées personnelles;308.71
8315;10/05/2026 13:20:03;;Dossier validé;Parcours terminé;968.33
8316;10/05/2026 13:20:03;;Dossier validé;Parcours terminé;846.16
8317;10/05/2026 13:15:49;;Dossier validé;Parcours terminé;383.19
8318;10/05/2026 13:15:49;;Dossier validé;Parcours terminé;874.46
8319;10/05/2026 12:53:24;;Souscription en cours;Coordonnées personnelles;729.92
8320;10/05/2026 12:53:24;;Souscription en cours;Coordonnées personnelles;348.58
8321;10/05/2026 12:44:17;;Souscription en cours;Informations complémentaires (Etablissements, etc.);399.06
8322;10/05/2026 12:44:17;;Souscription en cours;Informations complémentaires (Etablissements, etc.);342.01
8323;10/05/2026 12:39:23;;Souscription en cours;Coordonnées personnelles;464.88
8324;10/05/2026 12:39:23;;Souscription en cours;Coordonnées personnelles;746.26
8325;10/05/2026 12:32:49;;Souscription non démarrée;Parcours non démarré;104.10
8326;10/05/2026 12:32:49;;Souscription non démarrée;Parcours non démarré;722.69
8327;10/05/2026 12:32:40;;Dossier validé;Parcours terminé;362.97
8328;10/05/2026 12:32:40;;Dossier validé;Parcours terminé;796.68
8329;10/05/2026 12:21:40;;Dossier validé;Parcours terminé;522.93
8330;10/05/2026 12:21:40;;Dossier validé;Parcours terminé;737.92
8331;10/05/2026 12:16:56;;Souscription non démarrée;Parcours non démarré;783.90
8332;10/05/2026 12:16:56;;Souscription non démarrée;Parcours non démarré;348.26
8333;10/05/2026 12:13:25;;Dossier refusé;Saisie société;452.19
8334;10/05/2026 12:13:25;;Dossier refusé;Saisie société;141.51
8335;10/05/2026 11:51:42;;Souscription non démarrée;Parcours non démarré;260.39
8336;10/05/2026 11:51:42;;Souscription non démarrée;Parcours non démarré;202.30
8337;10/05/2026 11:09:38;;Dossier validé;Parcours terminé;356.21
8338;10/05/2026 11:09:38;;Dossier validé;Parcours terminé;576.67
8339;10/05/2026 11:04:36;;Dossier validé;Parcours terminé;858.05
8340;10/05/2026 11:04:36;;Dossier validé;Parcours terminé;540.23
8341;10/05/2026 11:02:58;;Dossier validé;Parcours terminé;540.42
8342;10/05/2026 11:02:58;;Dossier validé;Parcours terminé;570.34
8343;10/05/2026 10:50:49;;Dossier validé;Parcours terminé;108.89
8344;10/05/2026 10:50:49;;Dossier validé;Parcours terminé;567.49
8345;10/05/2026 10:36:34;;Dossier validé;Parcours terminé;558.77
8346;10/05/2026 10:36:34;;Dossier validé;Parcours terminé;696.67
8347;10/05/2026 10:27:44;;Souscription en cours;Choix de l'offre et livraison;441.49
8348;10/05/2026 10:27:44;;Souscription en cours;Choix de l'offre et livraison;782.59
8349;10/05/2026 10:24:44;;Dossier refusé;Saisie société;108.74
8350;10/05/2026 10:24:44;;Dossier refusé;Saisie société;159.34
8351;10/05/2026 10:05:43;;Souscription en cours;Signature Contrat;847.95
8352;10/05/2026 10:05:43;;Souscription en cours;Signature Contrat;178.47
8353;10/05/2026 09:36:12;;Souscription en cours;Signature Contrat;953.85
8354;10/05/2026 09:36:12;;Souscription en cours;Signature Contrat;508.02
8355;10/05/2026 09:12:08;;Dossier refusé;Saisie société;604.83
8356;10/05/2026 09:12:08;;Dossier refusé;Saisie société;550.94
8357;10/05/2026 08:42:52;;Souscription non démarrée;Parcours non démarré;897.59
8358;10/05/2026 08:42:52;;Souscription non démarrée;Parcours non démarré;179.73
8359;10/05/2026 08:36:36;;Souscription en cours;Coordonnées personnelles;988.16
8360;10/05/2026 08:36:36;;Souscription en cours;Coordonnées personnelles;847.80
8361;10/05/2026 08:20:50;;Souscription en cours;Choix de l'offre et livraison;927.99
8362;10/05/2026 08:20:50;;Souscription en cours;Choix de l'offre et livraison;511.36
8363;10/05/2026 08:09:28;;Souscription en cours;Coordonnées personnelles;674.90
8364;10/05/2026 08:09:28;;Souscription en cours;Coordonnées personnelles;799.69
8365;10/05/2026 06:06:22;;Souscription en cours;Choix de l'offre et livraison;642.00
8366;10/05/2026 06:06:22;;Souscription en cours;Choix de l'offre et livraison;692.21
8367;10/05/2026 04:44:14;;Souscription non démarrée;Parcours non démarré;377.85
8368;10/05/2026 04:44:14;;Souscription non démarrée;Parcours non démarré;987.09
8369;09/05/2026 23:38:54;;Dossier validé;Parcours terminé;585.11
8370;09/05/2026 23:38:54;;Dossier validé;Parcours terminé;353.60
8371;09/05/2026 23:31:46;;Dossier validé;Parcours terminé;698.88
8372;09/05/2026 23:31:46;;Dossier validé;Parcours terminé;244.58
8373;09/05/2026 22:51:25;;Souscription en cours;Signature Contrat;361.33
8374;09/05/2026 22:51:25;;Souscription en cours;Signature Contrat;561.56
8375;09/05/2026 22:36:29;;Dossier refusé;Informations complémentaires (CA, Profession, etc.);651.50
8376;09/05/2026 22:36:29;;Dossier refusé;Informations complémentaires (CA, Profession, etc.);260.37
8377;09/05/2026 22:32:23;;Dossier validé;Parcours terminé;906.48
8378;09/05/2026 22:32:23;;Dossier validé;Parcours terminé;790.51
8379;09/05/2026 22:25:18;;Dossier validé;Parcours terminé;942.15
8380;09/05/2026 22:25:18;;Dossier validé;Parcours terminé;738.48
8381;09/05/2026 22:01:39;;Souscription en cours;Coordonnées personnelles;486.58
8382;09/05/2026 22:01:39;;Souscription en cours;Coordonnées personnelles;446.01
8383;09/05/2026 21:55:28;;Dossier validé;Parcours terminé;483.41
8384;09/05/2026 21:55:28;;Dossier validé;Parcours terminé;389.35
8385;09/05/2026 21:48:15;;Dossier validé;Parcours terminé;368.03
8386;09/05/2026 21:48:15;;Dossier validé;Parcours terminé;786.18
8387;09/05/2026 21:10:13;;Souscription en cours;Choix de l'offre et livraison;703.46
8388;09/05/2026 21:10:13;;Souscription en cours;Choix de l'offre et livraison;510.09
8389;09/05/2026 21:06:54;;Dossier refusé;Saisie société;865.94
8390;09/05/2026 21:06:54;;Dossier refusé;Saisie société;867.81
8391;09/05/2026 21:04:33;;Dossier refusé;Saisie société;306.02
8392;09/05/2026 21:04:33;;Dossier refusé;Saisie société;651.96
8393;09/05/2026 21:04:07;;Souscription non démarrée;Parcours non démarré;844.13
8394;09/05/2026 21:04:07;;Souscription non démarrée;Parcours non démarré;967.17
8395;09/05/2026 20:38:18;;Souscription en cours;Choix de l'offre et livraison;108.02
8396;09/05/2026 20:38:18;;Souscription en cours;Choix de l'offre et livraison;635.99
8397;09/05/2026 20:37:13;;Souscription en cours;Signature Contrat;104.57
8398;09/05/2026 20:37:13;;Souscription en cours;Signature Contrat;769.34
8399;09/05/2026 19:43:10;;Souscription en cours;Choix de l'offre et livraison;367.63
8400;09/05/2026 19:43:10;;Souscription en cours;Choix de l'offre et livraison;811.20
8401;09/05/2026 19:30:21;;Dossier validé;Parcours terminé;194.55
8402;09/05/2026 19:30:21;;Dossier validé;Parcours terminé;964.77
8403;09/05/2026 19:28:55;;Souscription non démarrée;Parcours non démarré;755.85
8404;09/05/2026 19:28:55;;Souscription non démarrée;Parcours non démarré;254.63
8405;09/05/2026 18:59:41;;Souscription en cours;Coordonnées personnelles;436.74
8406;09/05/2026 18:59:41;;Souscription en cours;Coordonnées personnelles;908.51
8407;09/05/2026 18:41:51;;Dossier validé;Parcours terminé;417.29
8408;09/05/2026 18:41:51;;Dossier validé;Parcours terminé;333.08
8409;09/05/2026 18:27:42;;Dossier validé;Parcours terminé;205.18
8410;09/05/2026 18:27:42;;Dossier validé;Parcours terminé;408.35
8411;09/05/2026 18:16:19;;Souscription en cours;Coordonnées personnelles;977.41
8412;09/05/2026 18:16:19;;Souscription en cours;Coordonnées personnelles;870.97
8413;09/05/2026 18:13:29;;Dossier validé;Parcours terminé;701.50
8414;09/05/2026 18:13:29;;Dossier validé;Parcours terminé;282.54
8415;09/05/2026 17:34:15;;Dossier validé;Parcours terminé;977.85
8416;09/05/2026 17:34:15;;Dossier validé;Parcours terminé;546.63
8417;09/05/2026 17:27:18;;Souscription en cours;Choix de l'offre et livraison;574.37
8418;09/05/2026 17:27:18;;Souscription en cours;Choix de l'offre et livraison;321.35
8419;09/05/2026 17:21:43;Hugo MARTIN;Dossier validé;Parcours terminé;170.58
8420;09/05/2026 17:21:43;Hugo MARTIN;Dossier validé;Parcours terminé;493.76
8421;09/05/2026 16:51:52;;Souscription en cours;Coordonnées personnelles;907.04
8422;09/05/2026 16:51:52;;Souscription en cours;Coordonnées personnelles;481.10
8423;09/05/2026 16:44:04;;Dossier refusé;Choix de l'offre et livraison;465.53
8424;09/05/2026 16:44:04;;Dossier refusé;Choix de l'offre et livraison;513.31
8425;09/05/2026 16:41:01;;Souscription non démarrée;Parcours non démarré;885.03
8426;09/05/2026 16:41:01;;Souscription non démarrée;Parcours non démarré;747.31
8427;09/05/2026 16:38:44;;Souscription non démarrée;Parcours non démarré;943.01
8428;09/05/2026 16:38:44;;Souscription non démarrée;Parcours non démarré;822.22
8429;09/05/2026 16:33:49;;Souscription en cours;Coordonnées personnelles;205.60
8430;09/05/2026 16:33:49;;Souscription en cours;Coordonnées personnelles;689.50
8431;09/05/2026 16:20:22;;Souscription en cours;Synchronisation référentiel personne NOVA;457.49
8432;09/05/2026 16:20:22;;Souscription en cours;Synchronisation référentiel personne NOVA;833.48
8433;09/05/2026 16:19:21;;Souscription en cours;Vérification d'identité;686.63
8434;09/05/2026 16:19:21;;Souscription en cours;Vérification d'identité;658.92
8435;09/05/2026 16:16:32;;Dossier validé;Parcours terminé;411.01
8436;09/05/2026 16:16:32;;Dossier validé;Parcours terminé;924.73
8437;09/05/2026 16:12:49;;Dossier validé;Parcours terminé;645.94
8438;09/05/2026 16:12:49;;Dossier validé;Parcours terminé;380.38
8439;09/05/2026 15:53:42;;Souscription en cours;Coordonnées personnelles;721.76
8440;09/05/2026 15:53:42;;Souscription en cours;Coordonnées personnelles;422.38
8441;09/05/2026 15:52:07;;Dossier validé;Parcours terminé;883.21
8442;09/05/2026 15:52:07;;Dossier validé;Parcours terminé;614.42
8443;09/05/2026 15:46:47;;Souscription en cours;Choix de l'offre et livraison;780.49
8444;09/05/2026 15:46:47;;Souscription en cours;Choix de l'offre et livraison;716.19
8445;09/05/2026 15:41:51;;Dossier validé;Parcours terminé;139.35
8446;09/05/2026 15:41:51;;Dossier validé;Parcours terminé;536.56
8447;09/05/2026 15:33:12;;Dossier validé;Parcours terminé;124.68
8448;09/05/2026 15:33:12;;Dossier validé;Parcours terminé;191.39
8449;09/05/2026 15:16:54;;Dossier validé;Parcours terminé;657.35
8450;09/05/2026 15:16:54;;Dossier validé;Parcours terminé;702.97
8451;09/05/2026 15:16:54;;Souscription en cours;Coordonnées personnelles;328.76
8452;09/05/2026 15:16:54;;Souscription en cours;Coordonnées personnelles;409.52
8453;09/05/2026 15:16:09;;Souscription en cours;Coordonnées personnelles;617.80
8454;09/05/2026 15:16:09;;Souscription en cours;Coordonnées personnelles;524.21
8455;09/05/2026 15:07:58;;Dossier validé;Parcours terminé;586.73
8456;09/05/2026 15:07:58;;Dossier validé;Parcours terminé;460.75
8457;09/05/2026 15:05:55;;Souscription non démarrée;Parcours non démarré;866.35
8458;09/05/2026 15:05:55;;Souscription non démarrée;Parcours non démarré;775.04
8459;09/05/2026 15:03:40;;Dossier validé;Parcours terminé;166.80
8460;09/05/2026 15:03:40;;Dossier validé;Parcours terminé;222.68
8461;09/05/2026 15:03:20;;Dossier refusé;Signature Contrat;624.70
8462;09/05/2026 15:03:20;;Dossier refusé;Signature Contrat;906.36
8463;09/05/2026 14:42:22;;Souscription en cours;Coordonnées personnelles;778.59
8464;09/05/2026 14:42:22;;Souscription en cours;Coordonnées personnelles;687.10
8465;09/05/2026 14:22:06;;Dossier refusé;Signature Contrat;781.71
8466;09/05/2026 14:22:06;;Dossier refusé;Signature Contrat;110.17
8467;09/05/2026 14:12:54;;Souscription non démarrée;Parcours non démarré;749.34
8468;09/05/2026 14:12:54;;Souscription non démarrée;Parcours non démarré;277.81
8469;09/05/2026 14:11:40;;Souscription en cours;Signature Contrat;512.68
8470;09/05/2026 14:11:40;;Souscription en cours;Signature Contrat;256.44
8471;09/05/2026 13:28:15;;Dossier validé;Parcours terminé;369.21
8472;09/05/2026 13:28:15;;Dossier validé;Parcours terminé;914.55
8473;09/05/2026 13:07:47;;Dossier validé;Parcours terminé;766.46
8474;09/05/2026 13:07:47;;Dossier validé;Parcours terminé;506.49
8475;09/05/2026 13:05:40;;Dossier refusé;Saisie société;988.65
8476;09/05/2026 13:05:40;;Dossier refusé;Saisie société;618.10
8477;09/05/2026 13:05:20;;En attente d'analyse Agent - Dossier avec erreurs;Signature Contrat;530.33
8478;09/05/2026 13:05:20;;En attente d'analyse Agent - Dossier avec erreurs;Signature Contrat;887.29
8479;09/05/2026 13:03:06;;Dossier validé;Parcours terminé;696.51
8480;09/05/2026 13:03:06;;Dossier validé;Parcours terminé;328.56
8481;09/05/2026 12:58:53;Rayan MICHEL;Dossier validé;Parcours terminé;290.41
8482;09/05/2026 12:58:53;Rayan MICHEL;Dossier validé;Parcours terminé;599.97
8483;09/05/2026 12:56:06;;Dossier validé;Parcours terminé;395.57
8484;09/05/2026 12:56:06;;Dossier validé;Parcours terminé;974.31
8485;09/05/2026 12:48:29;;Souscription non démarrée;Parcours non démarré;276.46
8486;09/05/2026 12:48:29;;Souscription non démarrée;Parcours non démarré;755.68
8487;09/05/2026 12:47:51;;Souscription en cours;Coordonnées personnelles;261.35
8488;09/05/2026 12:47:51;;Souscription en cours;Coordonnées personnelles;353.56
8489;09/05/2026 12:31:37;Hugo MARTIN;Dossier refusé;Signature Contrat;651.39
8490;09/05/2026 12:31:37;Hugo MARTIN;Dossier refusé;Signature Contrat;539.87
8491;09/05/2026 12:28:54;;Dossier validé;Parcours terminé;936.89
8492;09/05/2026 12:28:54;;Dossier validé;Parcours terminé;596.02
8493;09/05/2026 12:27:37;;Dossier validé;Parcours terminé;915.56
8494;09/05/2026 12:27:37;;Dossier validé;Parcours terminé;256.61
8495;09/05/2026 12:24:56;;Dossier refusé;Signature Contrat;960.74
8496;09/05/2026 12:24:56;;Dossier refusé;Signature Contrat;497.77
8497;09/05/2026 11:53:27;;Souscription en cours;Coordonnées personnelles;244.57
8498;09/05/2026 11:53:27;;Souscription en cours;Coordonnées personnelles;536.41
8499;09/05/2026 11:53:06;;Dossier refusé;Saisie société;552.47
8500;09/05/2026 11:53:06;;Dossier refusé;Saisie société;481.98
8501;09/05/2026 11:40:31;;Dossier refusé;Saisie société;919.46
8502;09/05/2026 11:40:31;;Dossier refusé;Saisie société;241.02
8503;09/05/2026 11:38:21;;Dossier refusé;Saisie société;289.62
8504;09/05/2026 11:38:21;;Dossier refusé;Saisie société;582.56
8505;09/05/2026 11:32:35;;Souscription en cours;Signature Contrat;786.50
8506;09/05/2026 11:32:35;;Souscription en cours;Signature Contrat;421.60
8507;09/05/2026 11:31:27;;Souscription en cours;Informations complémentaires (Etablissements, etc.);839.70
8508;09/05/2026 11:31:27;;Souscription en cours;Informations complémentaires (Etablissements, etc.);324.94
8509;09/05/2026 11:23:42;;Dossier validé;Parcours terminé;866.51
8510;09/05/2026 11:23:42;;Dossier validé;Parcours terminé;257.67
8511;09/05/2026 11:20:19;;Dossier refusé;Signature Contrat;694.97
8512;09/05/2026 11:20:19;;Dossier refusé;Signature Contrat;118.55
8513;09/05/2026 11:18:56;;Souscription en cours;Choix de l'offre et livraison;525.44
8514;09/05/2026 11:18:56;;Souscription en cours;Choix de l'offre et livraison;904.69
8515;09/05/2026 11:14:04;;Souscription en cours;Coordonnées personnelles;450.35
8516;09/05/2026 11:14:04;;Souscription en cours;Coordonnées personnelles;948.71
8517;09/05/2026 11:11:17;Hugo MARTIN;Dossier refusé;Signature Contrat;740.99
8518;09/05/2026 11:11:17;Hugo MARTIN;Dossier refusé;Signature Contrat;913.54
8519;09/05/2026 11:09:00;;Dossier validé;Parcours terminé;443.80
8520;09/05/2026 11:09:00;;Dossier validé;Parcours terminé;289.64
8521;09/05/2026 11:04:21;Hugo MARTIN;Dossier validé;Parcours terminé;237.98
8522;09/05/2026 11:04:21;Hugo MARTIN;Dossier validé;Parcours terminé;642.63
8523;09/05/2026 11:01:20;;Souscription en cours;Coordonnées personnelles;728.11
8524;09/05/2026 11:01:20;;Souscription en cours;Coordonnées personnelles;609.08
8525;09/05/2026 10:54:54;;Dossier validé;Parcours terminé;775.06
8526;09/05/2026 10:54:54;;Dossier validé;Parcours terminé;218.41
8527;09/05/2026 10:51:22;;Dossier refusé;Saisie société;349.69
8528;09/05/2026 10:51:22;;Dossier refusé;Saisie société;117.58
8529;09/05/2026 10:48:18;;Souscription en cours;Choix de l'offre et livraison;205.75
8530;09/05/2026 10:48:18;;Souscription en cours;Choix de l'offre et livraison;514.10
8531;09/05/2026 10:46:55;;Dossier refusé;Saisie société;334.98
8532;09/05/2026 10:46:55;;Dossier refusé;Saisie société;145.66
8533;09/05/2026 10:45:23;;Dossier refusé;Choix de l'offre et livraison;546.75
8534;09/05/2026 10:45:23;;Dossier refusé;Choix de l'offre et livraison;115.95
8535;09/05/2026 10:43:43;;Dossier validé;Parcours terminé;729.12
8536;09/05/2026 10:43:43;;Dossier validé;Parcours terminé;679.56
8537;09/05/2026 10:42:58;;Dossier validé;Parcours terminé;614.34
8538;09/05/2026 10:42:58;;Dossier validé;Parcours terminé;305.90
8539;09/05/2026 10:38:30;;Dossier validé;Parcours terminé;498.07
8540;09/05/2026 10:38:30;;Dossier validé;Parcours terminé;785.61
8541;09/05/2026 10:33:38;;Souscription en cours;Coordonnées personnelles;519.82
8542;09/05/2026 10:33:38;;Souscription en cours;Coordonnées personnelles;140.39
8543;09/05/2026 10:21:36;;Souscription en cours;Choix de l'offre et livraison;990.86
8544;09/05/2026 10:21:36;;Souscription en cours;Choix de l'offre et livraison;690.21
8545;09/05/2026 10:20:32;;Dossier refusé;Saisie société;299.33
8546;09/05/2026 10:20:32;;Dossier refusé;Saisie société;294.49
8547;09/05/2026 10:19:27;;Dossier validé;Parcours terminé;897.23
8548;09/05/2026 10:19:27;;Dossier validé;Parcours terminé;896.61
8549;09/05/2026 10:16:26;;Dossier validé;Parcours terminé;311.59
8550;09/05/2026 10:16:26;;Dossier validé;Parcours terminé;573.48
8551;09/05/2026 10:13:11;;Dossier validé;Parcours terminé;109.09
8552;09/05/2026 10:13:11;;Dossier validé;Parcours terminé;158.38
8553;09/05/2026 10:11:00;;Dossier validé;Parcours terminé;611.21
8554;09/05/2026 10:11:00;;Dossier validé;Parcours terminé;494.00
8555;09/05/2026 10:08:09;;Dossier refusé;Saisie société;158.14
8556;09/05/2026 10:08:09;;Dossier refusé;Saisie société;821.99
8557;09/05/2026 09:48:52;;Souscription en cours;Coordonnées personnelles;144.14
8558;09/05/2026 09:48:52;;Souscription en cours;Coordonnées personnelles;470.07
8559;09/05/2026 09:42:18;;Dossier validé;Parcours terminé;924.81
8560;09/05/2026 09:42:18;;Dossier validé;Parcours terminé;699.81
8561;09/05/2026 09:37:46;;Dossier validé;Parcours terminé;800.80
8562;09/05/2026 09:37:46;;Dossier validé;Parcours terminé;341.17
8563;09/05/2026 09:36:23;;Souscription en cours;Coordonnées personnelles;979.50
8564;09/05/2026 09:36:23;;Souscription en cours;Coordonnées personnelles;370.50
8565;09/05/2026 09:33:25;;Dossier refusé;Parcours terminé;158.03
8566;09/05/2026 09:33:25;;Dossier refusé;Parcours terminé;722.69
8567;09/05/2026 09:28:07;;Souscription en cours;Coordonnées personnelles;258.14
8568;09/05/2026 09:28:07;;Souscription en cours;Coordonnées personnelles;184.52
8569;09/05/2026 09:26:09;;Souscription en cours;Coordonnées personnelles;205.06
8570;09/05/2026 09:26:09;;Souscription en cours;Coordonnées personnelles;286.19
8571;09/05/2026 09:11:18;;Dossier validé;Parcours terminé;285.37
8572;09/05/2026 09:11:18;;Dossier validé;Parcours terminé;177.42
8573;09/05/2026 08:44:41;;Souscription en cours;Coordonnées personnelles;500.38
8574;09/05/2026 08:44:41;;Souscription en cours;Coordonnées personnelles;660.59
8575;09/05/2026 08:24:37;;Souscription en cours;Coordonnées personnelles;570.95
8576;09/05/2026 08:24:37;;Souscription en cours;Coordonnées personnelles;982.53
8577;09/05/2026 08:16:08;;Dossier validé;Parcours terminé;996.27
8578;09/05/2026 08:16:08;;Dossier validé;Parcours terminé;597.55
8579;09/05/2026 08:12:47;;Souscription en cours;Signature Contrat;893.59
8580;09/05/2026 08:12:47;;Souscription en cours;Signature Contrat;358.23
8581;09/05/2026 07:57:57;;Dossier validé;Parcours terminé;483.34
8582;09/05/2026 07:57:57;;Dossier validé;Parcours terminé;548.89
8583;09/05/2026 07:41:14;;Dossier validé;Parcours terminé;141.56
8584;09/05/2026 07:41:14;;Dossier validé;Parcours terminé;277.98
8585;09/05/2026 03:17:48;;Souscription en cours;Vérification d'identité;618.62
8586;09/05/2026 03:17:48;;Souscription en cours;Vérification d'identité;975.86
8587;09/05/2026 02:36:18;;Dossier validé;Parcours terminé;572.13
8588;09/05/2026 02:36:18;;Dossier validé;Parcours terminé;264.45
8589;09/05/2026 02:27:22;;Souscription en cours;Vérification d'identité;837.97
8590;09/05/2026 02:27:22;;Souscription en cours;Vérification d'identité;477.38
8591;09/05/2026 02:05:59;;Souscription en cours;Choix de l'offre et livraison;409.70
8592;09/05/2026 02:05:59;;Souscription en cours;Choix de l'offre et livraison;187.32
8593;09/05/2026 01:08:20;;Souscription en cours;Choix de l'offre et livraison;742.51
8594;09/05/2026 01:08:20;;Souscription en cours;Choix de l'offre et livraison;580.46
8595;09/05/2026 00:52:01;;Souscription en cours;Informations complémentaires (Etablissements, etc.);793.53
8596;09/05/2026 00:52:01;;Souscription en cours;Informations complémentaires (Etablissements, etc.);575.63
8597;09/05/2026 00:47:16;;Souscription en cours;Coordonnées personnelles;895.90
8598;09/05/2026 00:47:16;;Souscription en cours;Coordonnées personnelles;272.70
8599;09/05/2026 00:19:44;;Dossier validé;Parcours terminé;976.74
8600;09/05/2026 00:19:44;;Dossier validé;Parcours terminé;647.56
8601;08/05/2026 22:46:10;;Dossier validé;Parcours terminé;478.58
8602;08/05/2026 22:46:10;;Dossier validé;Parcours terminé;457.48
8603;08/05/2026 22:41:57;;Souscription en cours;Informations complémentaires (CA, Profession, etc.);187.40
8604;08/05/2026 22:41:57;;Souscription en cours;Informations complémentaires (CA, Profession, etc.);850.66
8605;08/05/2026 22:19:04;;Dossier validé;Parcours terminé;651.18
8606;08/05/2026 22:19:04;;Dossier validé;Parcours terminé;247.50
8607;08/05/2026 21:53:41;;Dossier refusé;Saisie société;824.54
8608;08/05/2026 21:53:41;;Dossier refusé;Saisie société;699.50
8609;08/05/2026 21:36:36;;Dossier validé;Parcours terminé;149.02
8610;08/05/2026 21:36:36;;Dossier validé;Parcours terminé;590.36
8611;08/05/2026 21:32:58;;Souscription en cours;Vérification d'identité;995.39
8612;08/05/2026 21:32:58;;Souscription en cours;Vérification d'identité;646.90
8613;08/05/2026 21:27:56;;Dossier validé;Parcours terminé;348.01
8614;08/05/2026 21:27:56;;Dossier validé;Parcours terminé;561.57
8615;08/05/2026 21:17:54;;Souscription en cours;Synchronisation référentiel personne NOVA;455.31
8616;08/05/2026 21:17:54;;Souscription en cours;Synchronisation référentiel personne NOVA;280.06
8617;08/05/2026 21:06:17;;Dossier validé;Parcours terminé;123.64
8618;08/05/2026 21:06:17;;Dossier validé;Parcours terminé;386.26
8619;08/05/2026 21:04:32;;Souscription en cours;Coordonnées personnelles;799.93
8620;08/05/2026 21:04:32;;Souscription en cours;Coordonnées personnelles;737.10
8621;08/05/2026 20:38:01;;Dossier refusé;Saisie société;765.62
8622;08/05/2026 20:38:01;;Dossier refusé;Saisie société;839.53
8623;08/05/2026 20:36:50;;Dossier validé;Parcours terminé;116.18
8624;08/05/2026 20:36:50;;Dossier validé;Parcours terminé;640.32
8625;08/05/2026 20:13:51;;Dossier validé;Parcours terminé;217.49
8626;08/05/2026 20:13:51;;Dossier validé;Parcours terminé;536.85
8627;08/05/2026 20:00:17;;Souscription en cours;Signature Contrat;101.46
8628;08/05/2026 20:00:17;;Souscription en cours;Signature Contrat;853.36
8629;08/05/2026 20:00:09;;Souscription en cours;Signature Contrat;116.41
8630;08/05/2026 20:00:09;;Souscription en cours;Signature Contrat;691.89
8631;08/05/2026 19:55:20;;Dossier validé;Parcours terminé;890.89
8632;08/05/2026 19:55:20;;Dossier validé;Parcours terminé;679.60
8633;08/05/2026 19:43:29;;Dossier validé;Parcours terminé;157.07
8634;08/05/2026 19:43:29;;Dossier validé;Parcours terminé;115.67
8635;08/05/2026 19:00:42;;Dossier refusé;Saisie société;524.53
8636;08/05/2026 19:00:42;;Dossier refusé;Saisie société;588.81
8637;08/05/2026 18:54:01;;Dossier validé;Parcours terminé;918.53
8638;08/05/2026 18:54:01;;Dossier validé;Parcours terminé;403.06
8639;08/05/2026 18:52:46;;Dossier validé;Parcours terminé;650.51
8640;08/05/2026 18:52:46;;Dossier validé;Parcours terminé;323.40
8641;08/05/2026 18:47:35;;Souscription en cours;Coordonnées personnelles;644.77
8642;08/05/2026 18:47:35;;Souscription en cours;Coordonnées personnelles;312.92
8643;08/05/2026 18:47:30;;Dossier validé;Parcours terminé;186.96
8644;08/05/2026 18:47:30;;Dossier validé;Parcours terminé;645.44
8645;08/05/2026 18:46:31;Manon LEFEBVRE;Dossier refusé;Saisie société;846.26
8646;08/05/2026 18:46:31;Manon LEFEBVRE;Dossier refusé;Saisie société;708.72
8647;08/05/2026 18:45:47;;Souscription en cours;Synchronisation référentiel personne NOVA;718.42
8648;08/05/2026 18:45:47;;Souscription en cours;Synchronisation référentiel personne NOVA;671.76
8649;08/05/2026 18:38:55;;Dossier validé;Parcours terminé;334.87
8650;08/05/2026 18:38:55;;Dossier validé;Parcours terminé;533.33
8651;08/05/2026 18:38:54;;Dossier validé;Parcours terminé;456.84
8652;08/05/2026 18:38:54;;Dossier validé;Parcours terminé;149.22
8653;08/05/2026 18:30:18;;Dossier validé;Parcours terminé;833.62
8654;08/05/2026 18:30:18;;Dossier validé;Parcours terminé;943.53
8655;08/05/2026 18:23:23;;Dossier validé;Parcours terminé;866.82
8656;08/05/2026 18:23:23;;Dossier validé;Parcours terminé;528.33
8657;08/05/2026 18:14:03;;Souscription en cours;Coordonnées personnelles;296.62
8658;08/05/2026 18:14:03;;Souscription en cours;Coordonnées personnelles;530.44
8659;08/05/2026 18:05:12;;Souscription en cours;Coordonnées personnelles;994.80
8660;08/05/2026 18:05:12;;Souscription en cours;Coordonnées personnelles;820.11
8661;08/05/2026 18:01:48;;Souscription en cours;Coordonnées personnelles;870.39
8662;08/05/2026 18:01:48;;Souscription en cours;Coordonnées personnelles;482.00
8663;08/05/2026 17:57:29;;Dossier validé;Parcours terminé;379.34
8664;08/05/2026 17:57:29;;Dossier validé;Parcours terminé;129.03
8665;08/05/2026 17:50:17;;Dossier validé;Parcours terminé;278.04
8666;08/05/2026 17:50:17;;Dossier validé;Parcours terminé;528.56
8667;08/05/2026 17:46:14;;Dossier validé;Parcours terminé;417.96
8668;08/05/2026 17:46:14;;Dossier validé;Parcours terminé;825.06
8669;08/05/2026 17:42:07;;Souscription non démarrée;Parcours non démarré;359.97
8670;08/05/2026 17:42:07;;Souscription non démarrée;Parcours non démarré;362.95
8671;08/05/2026 17:31:31;;Souscription en cours;Vérification d'identité;785.25
8672;08/05/2026 17:31:31;;Souscription en cours;Vérification d'identité;740.11
8673;08/05/2026 17:20:22;;Souscription en cours;Informations complémentaires (Etablissements, etc.);968.69
8674;08/05/2026 17:20:22;;Souscription en cours;Informations complémentaires (Etablissements, etc.);914.43
8675;08/05/2026 16:58:03;;Dossier validé;Parcours terminé;507.72
8676;08/05/2026 16:58:03;;Dossier validé;Parcours terminé;367.95
8677;08/05/2026 16:43:46;;Souscription non démarrée;Parcours non démarré;438.97
8678;08/05/2026 16:43:46;;Souscription non démarrée;Parcours non démarré;278.69
8679;08/05/2026 16:34:48;;Dossier validé;Parcours terminé;999.27
8680;08/05/2026 16:34:48;;Dossier validé;Parcours terminé;466.39
8681;08/05/2026 16:34:27;;Dossier refusé;Signature Contrat;873.00
8682;08/05/2026 16:34:27;;Dossier refusé;Signature Contrat;483.56
8683;08/05/2026 16:21:57;;Dossier refusé;Saisie société;755.27
8684;08/05/2026 16:21:57;;Dossier refusé;Saisie société;302.20
8685;08/05/2026 16:20:48;;Dossier validé;Parcours terminé;797.29
8686;08/05/2026 16:20:48;;Dossier validé;Parcours terminé;882.63
8687;08/05/2026 16:14:40;;Souscription en cours;Choix de l'offre et livraison;361.55
8688;08/05/2026 16:14:40;;Souscription en cours;Choix de l'offre et livraison;630.56
8689;08/05/2026 16:12:53;;Souscription en cours;Vérification d'identité;274.67
8690;08/05/2026 16:12:53;;Souscription en cours;Vérification d'identité;946.99
8691;08/05/2026 16:04:11;;Souscription en cours;Informations complémentaires (Etablissements, etc.);344.52
8692;08/05/2026 16:04:11;;Souscription en cours;Informations complémentaires (Etablissements, etc.);618.45
8693;08/05/2026 15:56:29;;Dossier refusé;Saisie société;813.24
8694;08/05/2026 15:56:29;;Dossier refusé;Saisie société;148.56
8695;08/05/2026 15:56:26;;Dossier validé;Parcours terminé;621.82
8696;08/05/2026 15:56:26;;Dossier validé;Parcours terminé;177.09
8697;08/05/2026 15:53:27;;Dossier validé;Parcours terminé;423.40
8698;08/05/2026 15:53:27;;Dossier validé;Parcours terminé;131.51
8699;08/05/2026 15:38:52;;Souscription en cours;Coordonnées personnelles;538.79
8700;08/05/2026 15:38:52;;Souscription en cours;Coordonnées personnelles;924.46
8701;08/05/2026 15:37:51;;Dossier validé;Parcours terminé;569.33
8702;08/05/2026 15:37:51;;Dossier validé;Parcours terminé;168.55
8703;08/05/2026 15:26:29;;Dossier validé;Parcours terminé;589.46
8704;08/05/2026 15:26:29;;Dossier validé;Parcours terminé;492.24
8705;08/05/2026 15:25:42;Adam MARTIN;Dossier validé;Parcours terminé;785.32
8706;08/05/2026 15:25:42;Adam MARTIN;Dossier validé;Parcours terminé;863.11
8707;08/05/2026 15:22:04;;Souscription en cours;Vérification d'identité;976.03
8708;08/05/2026 15:22:04;;Souscription en cours;Vérification d'identité;441.48
8709;08/05/2026 15:17:06;;Dossier validé;Parcours terminé;568.85
8710;08/05/2026 15:17:06;;Dossier validé;Parcours terminé;334.15
8711;08/05/2026 15:11:52;;Dossier validé;Parcours terminé;824.05
8712;08/05/2026 15:11:52;;Dossier validé;Parcours terminé;617.68
8713;08/05/2026 15:08:21;;Dossier validé;Parcours terminé;694.23
8714;08/05/2026 15:08:21;;Dossier validé;Parcours terminé;941.90
8715;08/05/2026 14:55:45;;Dossier validé;Parcours terminé;805.42
8716;08/05/2026 14:55:45;;Dossier validé;Parcours terminé;256.93
8717;08/05/2026 14:55:32;;Dossier validé;Parcours terminé;590.15
8718;08/05/2026 14:55:32;;Dossier validé;Parcours terminé;935.37
8719;08/05/2026 14:43:18;Hugo MARTIN;Dossier validé;Parcours terminé;466.33
8720;08/05/2026 14:43:18;Hugo MARTIN;Dossier validé;Parcours terminé;331.70
8721;08/05/2026 14:42:57;;Dossier validé;Parcours terminé;682.98
8722;08/05/2026 14:42:57;;Dossier validé;Parcours terminé;498.92
8723;08/05/2026 14:37:17;;Souscription non démarrée;Parcours non démarré;932.97
8724;08/05/2026 14:37:17;;Souscription non démarrée;Parcours non démarré;763.86
8725;08/05/2026 14:23:54;;Dossier validé;Parcours terminé;916.31
8726;08/05/2026 14:23:54;;Dossier validé;Parcours terminé;328.16
8727;08/05/2026 14:22:30;;Souscription en cours;Coordonnées personnelles;720.11
8728;08/05/2026 14:22:30;;Souscription en cours;Coordonnées personnelles;652.85
8729;08/05/2026 14:22:15;;Souscription en cours;Coordonnées personnelles;324.85
8730;08/05/2026 14:22:15;;Souscription en cours;Coordonnées personnelles;472.60
8731;08/05/2026 14:21:41;;Dossier validé;Parcours terminé;901.74
8732;08/05/2026 14:21:41;;Dossier validé;Parcours terminé;865.43
8733;08/05/2026 14:17:26;Hugo MARTIN;Dossier validé;Parcours terminé;411.75
8734;08/05/2026 14:17:26;Hugo MARTIN;Dossier validé;Parcours terminé;237.43
8735;08/05/2026 14:08:47;;Dossier refusé;Saisie société;551.78
8736;08/05/2026 14:08:47;;Dossier refusé;Saisie société;276.22
8737;08/05/2026 13:59:30;;Souscription en cours;Signature Contrat;877.31
8738;08/05/2026 13:59:30;;Souscription en cours;Signature Contrat;208.29
8739;08/05/2026 13:57:07;;Souscription en cours;Informations complémentaires (Etablissements, etc.);640.60
8740;08/05/2026 13:57:07;;Souscription en cours;Informations complémentaires (Etablissements, etc.);776.02
8741;08/05/2026 13:44:27;;Dossier validé;Parcours terminé;611.63
8742;08/05/2026 13:44:27;;Dossier validé;Parcours terminé;882.98
8743;08/05/2026 13:30:53;;Souscription en cours;Choix de l'offre et livraison;723.31
8744;08/05/2026 13:30:53;;Souscription en cours;Choix de l'offre et livraison;697.16
8745;08/05/2026 13:24:50;;Souscription en cours;Choix de l'offre et livraison;907.04
8746;08/05/2026 13:24:50;;Souscription en cours;Choix de l'offre et livraison;147.75
8747;08/05/2026 13:18:53;;Dossier validé;Parcours terminé;991.01
8748;08/05/2026 13:18:53;;Dossier validé;Parcours terminé;513.19
8749;08/05/2026 13:10:38;Inès MICHEL;Dossier validé;Parcours terminé;771.69
8750;08/05/2026 13:10:38;Inès MICHEL;Dossier validé;Parcours terminé;530.41
8751;08/05/2026 13:08:38;;Dossier validé;Parcours terminé;425.72
8752;08/05/2026 13:08:38;;Dossier validé;Parcours terminé;139.96
8753;08/05/2026 13:01:47;;Souscription en cours;Coordonnées personnelles;639.16
8754;08/05/2026 13:01:47;;Souscription en cours;Coordonnées personnelles;983.24
8755;08/05/2026 12:58:07;;Souscription en cours;Signature Contrat;866.04
8756;08/05/2026 12:58:07;;Souscription en cours;Signature Contrat;215.64
8757;08/05/2026 12:50:41;;Souscription en cours;Choix de l'offre et livraison;963.18
8758;08/05/2026 12:50:41;;Souscription en cours;Choix de l'offre et livraison;225.94
8759;08/05/2026 12:46:59;;Dossier refusé;Saisie société;770.54
8760;08/05/2026 12:46:59;;Dossier refusé;Saisie société;495.53
8761;08/05/2026 12:40:40;;Dossier validé;Parcours terminé;539.51
8762;08/05/2026 12:40:40;;Dossier validé;Parcours terminé;130.34
8763;08/05/2026 12:40:38;;Souscription en cours;Vérification d'identité;618.01
8764;08/05/2026 12:40:38;;Souscription en cours;Vérification d'identité;586.95
8765;08/05/2026 12:00:03;;Dossier validé;Parcours terminé;143.07
8766;08/05/2026 12:00:03;;Dossier validé;Parcours terminé;411.57
8767;08/05/2026 11:56:51;;Souscription en cours;Informations complémentaires (CA, Profession, etc.);984.98
8768;08/05/2026 11:56:51;;Souscription en cours;Informations complémentaires (CA, Profession, etc.);656.68
8769;08/05/2026 11:51:50;Z5735392;Dossier validé;Parcours terminé;586.00
8770;08/05/2026 11:51:50;Z5735392;Dossier validé;Parcours terminé;726.51
8771;08/05/2026 11:47:45;;Dossier validé;Parcours terminé;649.71
8772;08/05/2026 11:47:45;;Dossier validé;Parcours terminé;526.39
8773;08/05/2026 11:41:18;;Dossier refusé;Saisie société;482.28
8774;08/05/2026 11:41:18;;Dossier refusé;Saisie société;986.32
8775;08/05/2026 11:33:33;;Dossier validé;Parcours terminé;323.65
8776;08/05/2026 11:33:33;;Dossier validé;Parcours terminé;656.10
8777;08/05/2026 11:29:43;;Dossier validé;Parcours terminé;531.33
8778;08/05/2026 11:29:43;;Dossier validé;Parcours terminé;428.46
8779;08/05/2026 11:24:52;;Dossier validé;Parcours terminé;566.92
8780;08/05/2026 11:24:52;;Dossier validé;Parcours terminé;835.00
8781;08/05/2026 11:21:26;;Souscription en cours;Coordonnées personnelles;550.14
8782;08/05/2026 11:21:26;;Souscription en cours;Coordonnées personnelles;638.28
8783;08/05/2026 11:20:51;;Souscription en cours;Choix de l'offre et livraison;735.70
8784;08/05/2026 11:20:51;;Souscription en cours;Choix de l'offre et livraison;645.74
8785;08/05/2026 11:04:45;;Souscription en cours;Signature Contrat;876.11
8786;08/05/2026 11:04:45;;Souscription en cours;Signature Contrat;978.22
8787;08/05/2026 11:04:31;Hugo MARTIN;Dossier validé;Parcours terminé;781.93
8788;08/05/2026 11:04:31;Hugo MARTIN;Dossier validé;Parcours terminé;392.11
8789;08/05/2026 11:03:51;;Dossier validé;Parcours terminé;261.78
8790;08/05/2026 11:03:51;;Dossier validé;Parcours terminé;807.22
8791;08/05/2026 11:00:23;;Souscription en cours;Choix de l'offre et livraison;399.55
8792;08/05/2026 11:00:23;;Souscription en cours;Choix de l'offre et livraison;745.12
8793;08/05/2026 10:31:38;;Dossier refusé;Saisie société;230.91
8794;08/05/2026 10:31:38;;Dossier refusé;Saisie société;661.14
8795;08/05/2026 10:23:13;;Dossier validé;Parcours terminé;985.66
8796;08/05/2026 10:23:13;;Dossier validé;Parcours terminé;161.59
8797;08/05/2026 10:19:35;;Souscription en cours;Informations complémentaires (CA, Profession, etc.);384.66
8798;08/05/2026 10:19:35;;Souscription en cours;Informations complémentaires (CA, Profession, etc.);539.98
8799;08/05/2026 10:05:49;;Souscription en cours;Coordonnées personnelles;382.27
8800;08/05/2026 10:05:49;;Souscription en cours;Coordonnées personnelles;886.12
8801;08/05/2026 10:02:15;;Souscription en cours;Coordonnées personnelles;737.64
8802;08/05/2026 10:02:15;;Souscription en cours;Coordonnées personnelles;459.81
8803;08/05/2026 10:00:27;;Dossier validé;Parcours terminé;201.90
8804;08/05/2026 10:00:27;;Dossier validé;Parcours terminé;538.40
8805;08/05/2026 09:58:53;;Dossier validé;Parcours terminé;313.97
8806;08/05/2026 09:58:53;;Dossier validé;Parcours terminé;403.72
8807;08/05/2026 09:51:04;;Dossier refusé;Choix de l'offre et livraison;605.22
8808;08/05/2026 09:51:04;;Dossier refusé;Choix de l'offre et livraison;713.88
8809;08/05/2026 09:42:05;;Dossier validé;Parcours terminé;932.67
8810;08/05/2026 09:42:05;;Dossier validé;Parcours terminé;268.92
8811;08/05/2026 08:25:37;;Dossier refusé;Signature Contrat;747.42
8812;08/05/2026 08:25:37;;Dossier refusé;Signature Contrat;732.72
8813;08/05/2026 08:22:08;;Dossier validé;Parcours terminé;473.78
8814;08/05/2026 08:22:08;;Dossier validé;Parcours terminé;668.16
8815;08/05/2026 08:20:44;;Dossier refusé;Saisie société;920.53
8816;08/05/2026 08:20:44;;Dossier refusé;Saisie société;674.20
8817;08/05/2026 08:18:58;Adam LAURENT;Dossier validé;Parcours terminé;966.79
8818;08/05/2026 08:18:58;Adam LAURENT;Dossier validé;Parcours terminé;618.22
8819;08/05/2026 08:02:00;;Dossier validé;Parcours terminé;999.69
8820;08/05/2026 08:02:00;;Dossier validé;Parcours terminé;725.43
8821;08/05/2026 07:54:06;;En attente d'analyse Agent - Dossier avec erreurs;Signature Contrat;399.24
8822;08/05/2026 07:54:06;;En attente d'analyse Agent - Dossier avec erreurs;Signature Contrat;938.25
8823;08/05/2026 07:14:58;;Dossier validé;Parcours terminé;675.66
8824;08/05/2026 07:14:58;;Dossier validé;Parcours terminé;535.67
8825;08/05/2026 07:03:39;;Dossier validé;Parcours terminé;424.29
8826;08/05/2026 07:03:39;;Dossier validé;Parcours terminé;845.19
8827;08/05/2026 06:56:35;;Dossier refusé;Saisie société;222.13
8828;08/05/2026 06:56:35;;Dossier refusé;Saisie société;418.63
8829;08/05/2026 06:27:08;;Souscription non démarrée;Parcours non démarré;653.79
8830;08/05/2026 06:27:08;;Souscription non démarrée;Parcours non démarré;402.22
8831;08/05/2026 04:58:15;;Dossier validé;Parcours terminé;578.10
8832;08/05/2026 04:58:15;;Dossier validé;Parcours terminé;890.77
8833;08/05/2026 02:36:32;;En attente d'analyse Agent - Dossier avec erreurs;Signature Contrat;246.63
8834;08/05/2026 02:36:32;;En attente d'analyse Agent - Dossier avec erreurs;Signature Contrat;315.88
8835;08/05/2026 01:16:16;;Dossier validé;Parcours terminé;697.56
8836;08/05/2026 01:16:16;;Dossier validé;Parcours terminé;424.00
8837;08/05/2026 00:52:04;;Dossier validé;Parcours terminé;906.33
8838;08/05/2026 00:52:04;;Dossier validé;Parcours terminé;650.40
8839;08/05/2026 00:20:15;;Souscription en cours;Coordonnées personnelles;416.22
8840;08/05/2026 00:20:15;;Souscription en cours;Coordonnées personnelles;358.13
8841;08/05/2026 00:03:47;;Souscription en cours;Coordonnées personnelles;389.45
8842;08/05/2026 00:03:47;;Souscription en cours;Coordonnées personnelles;638.27
8843;07/05/2026 23:59:58;;Dossier refusé;Saisie société;375.03
8844;07/05/2026 23:59:58;;Dossier refusé;Saisie société;264.63
8845;07/05/2026 23:27:51;;Dossier validé;Parcours terminé;996.41
8846;07/05/2026 23:27:51;;Dossier validé;Parcours terminé;908.45
8847;07/05/2026 22:59:45;;Dossier validé;Parcours terminé;875.65
8848;07/05/2026 22:59:45;;Dossier validé;Parcours terminé;192.90
8849;07/05/2026 22:54:24;;Dossier validé;Parcours terminé;429.79
8850;07/05/2026 22:54:24;;Dossier validé;Parcours terminé;841.61
8851;07/05/2026 22:53:21;Manon LEFEBVRE;Dossier refusé;Saisie société;895.86
8852;07/05/2026 22:53:21;Manon LEFEBVRE;Dossier refusé;Saisie société;599.29
8853;07/05/2026 22:28:10;;Souscription en cours;Coordonnées personnelles;925.74
8854;07/05/2026 22:28:10;;Souscription en cours;Coordonnées personnelles;125.90
8855;07/05/2026 22:20:27;;Souscription en cours;Choix de l'offre et livraison;128.97
8856;07/05/2026 22:20:27;;Souscription en cours;Choix de l'offre et livraison;299.06
8857;07/05/2026 22:08:36;;Souscription en cours;Coordonnées personnelles;738.22
8858;07/05/2026 22:08:36;;Souscription en cours;Coordonnées personnelles;949.12
8859;07/05/2026 22:04:21;;Dossier refusé;Saisie société;195.21
8860;07/05/2026 22:04:21;;Dossier refusé;Saisie société;701.15
8861;07/05/2026 21:46:29;;Dossier validé;Parcours terminé;126.13
8862;07/05/2026 21:46:29;;Dossier validé;Parcours terminé;637.98
8863;07/05/2026 21:44:21;;Souscription en cours;Coordonnées personnelles;498.42
8864;07/05/2026 21:44:21;;Souscription en cours;Coordonnées personnelles;198.77
8865;07/05/2026 21:40:32;;Dossier validé;Parcours terminé;851.78
8866;07/05/2026 21:40:32;;Dossier validé;Parcours terminé;634.21
8867;07/05/2026 21:33:50;;Dossier validé;Parcours terminé;139.23
8868;07/05/2026 21:33:50;;Dossier validé;Parcours terminé;903.34
8869;07/05/2026 21:28:37;;Dossier validé;Parcours terminé;676.22
8870;07/05/2026 21:28:37;;Dossier validé;Parcours terminé;405.80
8871;07/05/2026 21:24:12;;Dossier refusé;Choix de l'offre et livraison;140.86
8872;07/05/2026 21:24:12;;Dossier refusé;Choix de l'offre et livraison;163.98
8873;07/05/2026 21:09:40;;Souscription en cours;Signature Contrat;460.51
8874;07/05/2026 21:09:40;;Souscription en cours;Signature Contrat;555.14
8875;07/05/2026 20:54:26;;Dossier validé;Parcours terminé;541.99
8876;07/05/2026 20:54:26;;Dossier validé;Parcours terminé;610.86
8877;07/05/2026 20:48:41;;Souscription non démarrée;Parcours non démarré;979.29
8878;07/05/2026 20:48:41;;Souscription non démarrée;Parcours non démarré;865.81
8879;07/05/2026 20:37:27;;Dossier refusé;Saisie société;307.87
8880;07/05/2026 20:37:27;;Dossier refusé;Saisie société;298.90
8881;07/05/2026 20:33:37;;Dossier validé;Parcours terminé;644.56
8882;07/05/2026 20:33:37;;Dossier validé;Parcours terminé;498.70
8883;07/05/2026 20:23:02;;Dossier refusé;Synchronisation référentiel personne NOVA;487.65
8884;07/05/2026 20:23:02;;Dossier refusé;Synchronisation référentiel personne NOVA;760.14
8885;07/05/2026 20:03:20;;Dossier refusé;Saisie société;363.50
8886;07/05/2026 20:03:20;;Dossier refusé;Saisie société;414.64
8887;07/05/2026 19:42:00;;Dossier validé;Parcours terminé;347.70
8888;07/05/2026 19:42:00;;Dossier validé;Parcours terminé;177.34
8889;07/05/2026 19:35:17;;Souscription en cours;Coordonnées personnelles;316.08
8890;07/05/2026 19:35:17;;Souscription en cours;Coordonnées personnelles;703.06
8891;07/05/2026 19:12:00;;Dossier validé;Parcours terminé;963.67
8892;07/05/2026 19:12:00;;Dossier validé;Parcours terminé;176.12
8893;07/05/2026 18:46:59;;Souscription en cours;Signature Contrat;523.47
8894;07/05/2026 18:46:59;;Souscription en cours;Signature Contrat;290.98
8895;07/05/2026 18:43:01;;Souscription non démarrée;Parcours non démarré;458.07
8896;07/05/2026 18:43:01;;Souscription non démarrée;Parcours non démarré;810.33
8897;07/05/2026 18:24:05;;Souscription en cours;Coordonnées personnelles;590.34
8898;07/05/2026 18:24:05;;Souscription en cours;Coordonnées personnelles;203.41
8899;07/05/2026 18:18:42;;Dossier refusé;Signature Contrat;846.35
8900;07/05/2026 18:18:42;;Dossier refusé;Signature Contrat;927.47
8901;07/05/2026 18:14:04;;Souscription en cours;Coordonnées personnelles;120.99
8902;07/05/2026 18:14:04;;Souscription en cours;Coordonnées personnelles;932.44
8903;07/05/2026 17:42:20;;Dossier validé;Parcours terminé;847.91
8904;07/05/2026 17:42:20;;Dossier validé;Parcours terminé;334.07
8905;07/05/2026 17:37:45;;Souscription non démarrée;Parcours non démarré;705.62
8906;07/05/2026 17:37:45;;Souscription non démarrée;Parcours non démarré;927.55
8907;07/05/2026 17:14:31;;Souscription en cours;Choix de l'offre et livraison;286.98
8908;07/05/2026 17:14:31;;Souscription en cours;Choix de l'offre et livraison;280.42
8909;07/05/2026 17:12:01;;Dossier validé;Parcours terminé;967.04
8910;07/05/2026 17:12:01;;Dossier validé;Parcours terminé;594.20
8911;07/05/2026 17:11:52;;Souscription en cours;Coordonnées personnelles;587.31
8912;07/05/2026 17:11:52;;Souscription en cours;Coordonnées personnelles;198.74
8913;07/05/2026 17:08:25;;Dossier refusé;Signature Contrat;422.70
8914;07/05/2026 17:08:25;;Dossier refusé;Signature Contrat;563.74
8915;07/05/2026 17:08:17;;Souscription en cours;Informations complémentaires (Etablissements, etc.);356.44
8916;07/05/2026 17:08:17;;Souscription en cours;Informations complémentaires (Etablissements, etc.);316.74
8917;07/05/2026 17:01:14;;Souscription en cours;Choix de l'offre et livraison;197.51
8918;07/05/2026 17:01:14;;Souscription en cours;Choix de l'offre et livraison;704.10
8919;07/05/2026 16:59:58;;Dossier validé;Parcours terminé;821.51
8920;07/05/2026 16:59:58;;Dossier validé;Parcours terminé;166.56
8921;07/05/2026 16:45:56;Inès MICHEL;Dossier refusé;Coordonnées personnelles;303.85
8922;07/05/2026 16:45:56;Inès MICHEL;Dossier refusé;Coordonnées personnelles;258.01
8923;07/05/2026 16:40:48;;Souscription en cours;Synchronisation référentiel personne NOVA;516.75
8924;07/05/2026 16:40:48;;Souscription en cours;Synchronisation référentiel personne NOVA;869.32
8925;07/05/2026 16:37:34;;Dossier validé;Parcours terminé;861.41
8926;07/05/2026 16:37:34;;Dossier validé;Parcours terminé;328.70
8927;07/05/2026 16:30:03;;Dossier refusé;Choix de l'offre et livraison;375.09
8928;07/05/2026 16:30:03;;Dossier refusé;Choix de l'offre et livraison;750.60
8929;07/05/2026 16:18:12;;Dossier validé;Parcours terminé;529.22
8930;07/05/2026 16:18:12;;Dossier validé;Parcours terminé;603.40
8931;07/05/2026 16:16:51;;Souscription en cours;Coordonnées personnelles;898.36
8932;07/05/2026 16:16:51;;Souscription en cours;Coordonnées personnelles;592.75
8933;07/05/2026 16:11:53;;Souscription en cours;Signature Contrat;256.28
8934;07/05/2026 16:11:53;;Souscription en cours;Signature Contrat;779.62
8935;07/05/2026 16:06:29;;Souscription en cours;Coordonnées personnelles;836.22
8936;07/05/2026 16:06:29;;Souscription en cours;Coordonnées personnelles;255.26
8937;07/05/2026 16:02:08;;Souscription en cours;Signature Contrat;366.25
8938;07/05/2026 16:02:08;;Souscription en cours;Signature Contrat;268.97
8939;07/05/2026 16:01:45;;Dossier validé;Parcours terminé;459.37
8940;07/05/2026 16:01:45;;Dossier validé;Parcours terminé;171.86
8941;07/05/2026 15:53:46;;Souscription en cours;Choix de l'offre et livraison;898.05
8942;07/05/2026 15:53:46;;Souscription en cours;Choix de l'offre et livraison;433.34
8943;07/05/2026 15:49:00;;Souscription en cours;Signature Contrat;922.45
8944;07/05/2026 15:49:00;;Souscription en cours;Signature Contrat;623.62
8945;07/05/2026 15:48:35;;Dossier validé;Parcours terminé;128.33
8946;07/05/2026 15:48:35;;Dossier validé;Parcours terminé;259.48
8947;07/05/2026 15:46:59;;Souscription en cours;Choix de l'offre et livraison;396.83
8948;07/05/2026 15:46:59;;Souscription en cours;Choix de l'offre et livraison;713.24
8949;07/05/2026 15:40:37;;Souscription non démarrée;Parcours non démarré;342.98
8950;07/05/2026 15:40:37;;Souscription non démarrée;Parcours non démarré;127.27
8951;07/05/2026 15:36:10;;Dossier validé;Parcours terminé;775.46
8952;07/05/2026 15:36:10;;Dossier validé;Parcours terminé;955.35
8953;07/05/2026 15:32:39;;Souscription en cours;Coordonnées personnelles;626.08
8954;07/05/2026 15:32:39;;Souscription en cours;Coordonnées personnelles;520.10
8955;07/05/2026 15:30:45;;Souscription en cours;Coordonnées personnelles;334.57
8956;07/05/2026 15:30:45;;Souscription en cours;Coordonnées personnelles;890.35
8957;07/05/2026 15:29:11;;Dossier refusé;Saisie société;508.93
8958;07/05/2026 15:29:11;;Dossier refusé;Saisie société;837.24
8959;07/05/2026 15:27:26;;Dossier validé;Parcours terminé;732.24
8960;07/05/2026 15:27:26;;Dossier validé;Parcours terminé;120.79
8961;07/05/2026 15:23:07;;Dossier validé;Parcours terminé;691.33
8962;07/05/2026 15:23:07;;Dossier validé;Parcours terminé;107.09
8963;07/05/2026 15:17:12;;Souscription non démarrée;Parcours non démarré;586.26
8964;07/05/2026 15:17:12;;Souscription non démarrée;Parcours non démarré;537.90
8965;07/05/2026 15:16:43;;Dossier refusé;Signature Contrat;471.32
8966;07/05/2026 15:16:43;;Dossier refusé;Signature Contrat;797.51
8967;07/05/2026 15:15:25;;Dossier validé;Parcours terminé;422.54
8968;07/05/2026 15:15:25;;Dossier validé;Parcours terminé;473.25
8969;07/05/2026 15:14:24;;Souscription non démarrée;Parcours non démarré;509.79
8970;07/05/2026 15:14:24;;Souscription non démarrée;Parcours non démarré;848.55
8971;07/05/2026 15:12:25;;Dossier validé;Parcours terminé;832.05
8972;07/05/2026 15:12:25;;Dossier validé;Parcours terminé;990.82
8973;07/05/2026 15:09:40;;Souscription en cours;Choix de l'offre et livraison;133.76
8974;07/05/2026 15:09:40;;Souscription en cours;Choix de l'offre et livraison;911.09
8975;07/05/2026 15:07:30;;Souscription en cours;Choix de l'offre et livraison;768.78
8976;07/05/2026 15:07:30;;Souscription en cours;Choix de l'offre et livraison;847.31
8977;07/05/2026 15:03:22;;Souscription en cours;Signature Contrat;172.40
8978;07/05/2026 15:03:22;;Souscription en cours;Signature Contrat;362.15
8979;07/05/2026 14:57:02;;Souscription non démarrée;Parcours non démarré;792.49
8980;07/05/2026 14:57:02;;Souscription non démarrée;Parcours non démarré;172.26
8981;07/05/2026 14:50:56;;Souscription en cours;Signature Contrat;131.13
8982;07/05/2026 14:50:56;;Souscription en cours;Signature Contrat;487.05
8983;07/05/2026 14:46:48;;Souscription en cours;Vérification d'identité;652.46
8984;07/05/2026 14:46:48;;Souscription en cours;Vérification d'identité;823.56
8985;07/05/2026 14:44:48;;Souscription en cours;Coordonnées personnelles;746.13
8986;07/05/2026 14:44:48;;Souscription en cours;Coordonnées personnelles;133.99
8987;07/05/2026 14:44:47;;Dossier validé;Parcours terminé;622.92
8988;07/05/2026 14:44:47;;Dossier validé;Parcours terminé;750.37
8989;07/05/2026 14:42:45;;Souscription en cours;Coordonnées personnelles;967.65
8990;07/05/2026 14:42:45;;Souscription en cours;Coordonnées personnelles;936.99
8991;07/05/2026 14:37:12;;Dossier validé;Parcours terminé;512.59
8992;07/05/2026 14:37:12;;Dossier validé;Parcours terminé;494.65
8993;07/05/2026 14:29:08;;Souscription non démarrée;Parcours non démarré;937.77
8994;07/05/2026 14:29:08;;Souscription non démarrée;Parcours non démarré;591.40
8995;07/05/2026 14:19:33;;Dossier validé;Parcours terminé;485.06
8996;07/05/2026 14:19:33;;Dossier validé;Parcours terminé;845.19
8997;07/05/2026 14:17:06;;Souscription non démarrée;Parcours non démarré;998.72
8998;07/05/2026 14:17:06;;Souscription non démarrée;Parcours non démarré;775.48
8999;07/05/2026 14:10:40;;Dossier validé;Parcours terminé;350.27
9000;07/05/2026 14:10:40;;Dossier validé;Parcours terminé;749.22
9001;07/05/2026 14:01:17;;Souscription en cours;Coordonnées personnelles;979.97
9002;07/05/2026 14:01:17;;Souscription en cours;Coordonnées personnelles;802.26
9003;07/05/2026 13:51:54;;Souscription en cours;Choix de l'offre et livraison;883.62
9004;07/05/2026 13:51:54;;Souscription en cours;Choix de l'offre et livraison;656.54
9005;07/05/2026 13:29:46;;Souscription en cours;Signature Contrat;667.41
9006;07/05/2026 13:29:46;;Souscription en cours;Signature Contrat;935.92
9007;07/05/2026 13:24:25;;Souscription en cours;Signature Contrat;297.02
9008;07/05/2026 13:24:25;;Souscription en cours;Signature Contrat;326.58
9009;07/05/2026 13:18:35;;Dossier validé;Parcours terminé;963.50
9010;07/05/2026 13:18:35;;Dossier validé;Parcours terminé;112.55
9011;07/05/2026 13:09:35;;Souscription en cours;Coordonnées personnelles;733.48
9012;07/05/2026 13:09:35;;Souscription en cours;Coordonnées personnelles;474.54
9013;07/05/2026 13:06:32;;Souscription en cours;Signature Contrat;961.16
9014;07/05/2026 13:06:32;;Souscription en cours;Signature Contrat;673.40
9015;07/05/2026 12:58:29;;Dossier validé;Parcours terminé;248.55
9016;07/05/2026 12:58:29;;Dossier validé;Parcours terminé;295.87
9017;07/05/2026 12:55:40;;Dossier validé;Parcours terminé;174.84
9018;07/05/2026 12:55:40;;Dossier validé;Parcours terminé;907.12
9019;07/05/2026 12:49:12;;Souscription en cours;Coordonnées personnelles;307.50
9020;07/05/2026 12:49:12;;Souscription en cours;Coordonnées personnelles;961.35
9021;07/05/2026 12:41:22;;Dossier refusé;Synchronisation référentiel personne NOVA;198.61
9022;07/05/2026 12:41:22;;Dossier refusé;Synchronisation référentiel personne NOVA;877.68
9023;07/05/2026 12:39:26;;Dossier validé;Parcours terminé;546.15
9024;07/05/2026 12:39:26;;Dossier validé;Parcours terminé;937.57
9025;07/05/2026 12:39:13;;Souscription non démarrée;Parcours non démarré;177.92
9026;07/05/2026 12:39:13;;Souscription non démarrée;Parcours non démarré;452.34
9027;07/05/2026 12:35:54;;Dossier refusé;Saisie société;936.74
9028;07/05/2026 12:35:54;;Dossier refusé;Saisie société;823.61
9029;07/05/2026 12:24:33;;Dossier validé;Parcours terminé;119.69
9030;07/05/2026 12:24:33;;Dossier validé;Parcours terminé;330.76
9031;07/05/2026 12:05:12;;Souscription non démarrée;Parcours non démarré;871.87
9032;07/05/2026 12:05:12;;Souscription non démarrée;Parcours non démarré;170.73
9033;07/05/2026 12:04:46;;Dossier validé;Parcours terminé;737.26
9034;07/05/2026 12:04:46;;Dossier validé;Parcours terminé;171.02
9035;07/05/2026 12:02:15;;Dossier validé;Parcours terminé;951.79
9036;07/05/2026 12:02:15;;Dossier validé;Parcours terminé;856.56
9037;07/05/2026 11:59:28;;Souscription en cours;Coordonnées personnelles;522.49
9038;07/05/2026 11:59:28;;Souscription en cours;Coordonnées personnelles;398.22
9039;07/05/2026 11:50:59;;Souscription en cours;Criblages BE(s);793.51
9040;07/05/2026 11:50:59;;Souscription en cours;Criblages BE(s);203.46
9041;07/05/2026 11:45:09;;Souscription en cours;Coordonnées personnelles;869.76
9042;07/05/2026 11:45:09;;Souscription en cours;Coordonnées personnelles;310.41
9043;07/05/2026 11:43:56;;Souscription en cours;Coordonnées personnelles;970.20
9044;07/05/2026 11:43:56;;Souscription en cours;Coordonnées personnelles;874.88
9045;07/05/2026 11:34:44;;Dossier validé;Parcours terminé;734.17
9046;07/05/2026 11:34:44;;Dossier validé;Parcours terminé;884.39
9047;07/05/2026 11:25:22;;Dossier validé;Parcours terminé;513.34
9048;07/05/2026 11:25:22;;Dossier validé;Parcours terminé;606.40
9049;07/05/2026 11:24:26;;Souscription en cours;Coordonnées personnelles;984.18
9050;07/05/2026 11:24:26;;Souscription en cours;Coordonnées personnelles;934.28
9051;07/05/2026 11:17:54;;Souscription en cours;Coordonnées personnelles;425.26
9052;07/05/2026 11:17:54;;Souscription en cours;Coordonnées personnelles;258.33
9053;07/05/2026 11:16:19;;Souscription en cours;Choix de l'offre et livraison;638.33
9054;07/05/2026 11:16:19;;Souscription en cours;Choix de l'offre et livraison;803.16
9055;07/05/2026 11:08:11;;Dossier validé;Parcours terminé;682.67
9056;07/05/2026 11:08:11;;Dossier validé;Parcours terminé;848.17
9057;07/05/2026 11:02:15;;Souscription en cours;Informations complémentaires (CA, Profession, etc.);462.16
9058;07/05/2026 11:02:15;;Souscription en cours;Informations complémentaires (CA, Profession, etc.);211.98
9059;07/05/2026 10:57:28;;Souscription en cours;Coordonnées personnelles;138.32
9060;07/05/2026 10:57:28;;Souscription en cours;Coordonnées personnelles;273.49
9061;07/05/2026 10:55:16;;Souscription en cours;Informations complémentaires (Etablissements, etc.);217.10
9062;07/05/2026 10:55:16;;Souscription en cours;Informations complémentaires (Etablissements, etc.);650.63
9063;07/05/2026 10:52:21;;Souscription en cours;Coordonnées personnelles;440.33
9064;07/05/2026 10:52:21;;Souscription en cours;Coordonnées personnelles;663.09
9065;07/05/2026 10:50:51;;Dossier refusé;Parcours terminé;255.88
9066;07/05/2026 10:50:51;;Dossier refusé;Parcours terminé;952.42
9067;07/05/2026 10:44:34;;Dossier validé;Parcours terminé;357.34
9068;07/05/2026 10:44:34;;Dossier validé;Parcours terminé;474.27
9069;07/05/2026 10:40:45;;Souscription en cours;Coordonnées personnelles;225.05
9070;07/05/2026 10:40:45;;Souscription en cours;Coordonnées personnelles;154.64
9071;07/05/2026 10:39:56;;Dossier refusé;Signature Contrat;462.21
9072;07/05/2026 10:39:56;;Dossier refusé;Signature Contrat;820.88
9073;07/05/2026 10:35:54;Hugo MARTIN;Dossier validé;Parcours terminé;146.27
9074;07/05/2026 10:35:54;Hugo MARTIN;Dossier validé;Parcours terminé;408.20
9075;07/05/2026 10:33:26;;Souscription en cours;Coordonnées personnelles;664.95
9076;07/05/2026 10:33:26;;Souscription en cours;Coordonnées personnelles;430.48
9077;07/05/2026 10:18:52;Hugo DUBOIS;Dossier validé;Parcours terminé;230.23
9078;07/05/2026 10:18:52;Hugo DUBOIS;Dossier validé;Parcours terminé;669.27
9079;07/05/2026 10:06:46;;Souscription en cours;Coordonnées personnelles;314.24
9080;07/05/2026 10:06:46;;Souscription en cours;Coordonnées personnelles;413.95
9081;07/05/2026 10:01:40;;Dossier validé;Parcours terminé;935.99
9082;07/05/2026 10:01:40;;Dossier validé;Parcours terminé;661.57
9083;07/05/2026 10:00:15;;Souscription en cours;Vérification d'identité;984.22
9084;07/05/2026 10:00:15;;Souscription en cours;Vérification d'identité;490.40
9085;07/05/2026 09:48:32;;Dossier validé;Parcours terminé;965.75
9086;07/05/2026 09:48:32;;Dossier validé;Parcours terminé;358.01
9087;07/05/2026 09:46:47;;Dossier validé;Parcours terminé;405.84
9088;07/05/2026 09:46:47;;Dossier validé;Parcours terminé;541.84
9089;07/05/2026 09:38:06;Hugo MARTIN;Dossier validé;Parcours terminé;696.31
9090;07/05/2026 09:38:06;Hugo MARTIN;Dossier validé;Parcours terminé;170.57
9091;07/05/2026 09:36:32;;Dossier refusé;Saisie société;151.13
9092;07/05/2026 09:36:32;;Dossier refusé;Saisie société;746.10
9093;07/05/2026 09:24:27;;Souscription en cours;Signature Contrat;770.34
9094;07/05/2026 09:24:27;;Souscription en cours;Signature Contrat;434.33
9095;07/05/2026 09:19:27;;Souscription en cours;Choix de l'offre et livraison;415.10
9096;07/05/2026 09:19:27;;Souscription en cours;Choix de l'offre et livraison;344.44
9097;07/05/2026 09:18:50;;Dossier validé;Parcours terminé;514.11
9098;07/05/2026 09:18:50;;Dossier validé;Parcours terminé;943.31
9099;07/05/2026 09:16:44;;Dossier validé;Parcours terminé;471.44
9100;07/05/2026 09:16:44;;Dossier validé;Parcours terminé;954.03
9101;07/05/2026 09:12:36;;Dossier refusé;Saisie société;472.17
9102;07/05/2026 09:12:36;;Dossier refusé;Saisie société;210.31
9103;07/05/2026 09:01:35;Zoé MULLER;Dossier validé;Parcours terminé;257.74
9104;07/05/2026 09:01:35;Zoé MULLER;Dossier validé;Parcours terminé;604.26
9105;07/05/2026 09:01:21;Hugo MARTIN;Dossier refusé;Saisie société;582.45
9106;07/05/2026 09:01:21;Hugo MARTIN;Dossier refusé;Saisie société;668.81
9107;07/05/2026 09:00:07;;Souscription en cours;Informations complémentaires (CA, Profession, etc.);999.99
9108;07/05/2026 09:00:07;;Souscription en cours;Informations complémentaires (CA, Profession, etc.);219.67
9109;07/05/2026 08:48:54;;Souscription en cours;Vérification d'identité;317.64
9110;07/05/2026 08:48:54;;Souscription en cours;Vérification d'identité;187.55
9111;07/05/2026 08:46:24;;Dossier validé;Parcours terminé;428.53
9112;07/05/2026 08:46:24;;Dossier validé;Parcours terminé;466.72
9113;07/05/2026 08:12:05;Z5681453;Dossier validé;Parcours terminé;211.04
9114;07/05/2026 08:12:05;Z5681453;Dossier validé;Parcours terminé;796.55
9115;07/05/2026 08:06:27;Adam LAURENT;Dossier validé;Parcours terminé;590.92
9116;07/05/2026 08:06:27;Adam LAURENT;Dossier validé;Parcours terminé;762.53
9117;07/05/2026 07:57:24;;Souscription en cours;Choix de l'offre et livraison;162.07
9118;07/05/2026 07:57:24;;Souscription en cours;Choix de l'offre et livraison;355.49
9119;07/05/2026 07:34:28;;Dossier validé;Parcours terminé;194.81
9120;07/05/2026 07:34:28;;Dossier validé;Parcours terminé;773.73
9121;07/05/2026 07:22:12;;Dossier validé;Parcours terminé;164.08
9122;07/05/2026 07:22:12;;Dossier validé;Parcours terminé;126.80
9123;07/05/2026 07:09:57;;Souscription en cours;Informations complémentaires (Etablissements, etc.);770.89
9124;07/05/2026 07:09:57;;Souscription en cours;Informations complémentaires (Etablissements, etc.);410.62
9125;07/05/2026 07:04:34;;Souscription en cours;Coordonnées personnelles;782.88
9126;07/05/2026 07:04:34;;Souscription en cours;Coordonnées personnelles;790.64
9127;07/05/2026 06:25:44;;Dossier validé;Parcours terminé;223.55
9128;07/05/2026 06:25:44;;Dossier validé;Parcours terminé;935.64
9129;07/05/2026 05:42:34;;Souscription en cours;Vérification d'identité;958.83
9130;07/05/2026 05:42:34;;Souscription en cours;Vérification d'identité;188.46
9131;07/05/2026 04:28:36;;Souscription en cours;Signature Contrat;610.44
9132;07/05/2026 04:28:36;;Souscription en cours;Signature Contrat;898.84
9133;07/05/2026 02:42:42;;Dossier validé;Parcours terminé;726.89
9134;07/05/2026 02:42:42;;Dossier validé;Parcours terminé;821.31
9135;07/05/2026 02:28:04;;Souscription en cours;Choix de l'offre et livraison;594.45
9136;07/05/2026 02:28:04;;Souscription en cours;Choix de l'offre et livraison;432.22
9137;07/05/2026 02:27:24;;Dossier validé;Parcours terminé;555.00
9138;07/05/2026 02:27:24;;Dossier validé;Parcours terminé;407.07
9139;07/05/2026 01:50:01;Z5681453;Dossier validé;Parcours terminé;431.41
9140;07/05/2026 01:50:01;Z5681453;Dossier validé;Parcours terminé;590.66
9141;06/05/2026 23:05:03;;Souscription non démarrée;Parcours non démarré;362.92
9142;06/05/2026 23:05:03;;Souscription non démarrée;Parcours non démarré;485.04
9143;06/05/2026 22:46:31;;Souscription en cours;Informations complémentaires (CA, Profession, etc.);776.00
9144;06/05/2026 22:46:31;;Souscription en cours;Informations complémentaires (CA, Profession, etc.);925.24
9145;06/05/2026 22:41:12;;Souscription en cours;Bénéficiaire effectifs;136.35
9146;06/05/2026 22:41:12;;Souscription en cours;Bénéficiaire effectifs;295.22
9147;06/05/2026 22:06:02;;Souscription en cours;Signature Contrat;507.13
9148;06/05/2026 22:06:02;;Souscription en cours;Signature Contrat;332.99
9149;06/05/2026 22:01:46;;En attente d'analyse Agent - Dossier avec erreurs;Signature Contrat;827.16
9150;06/05/2026 22:01:46;;En attente d'analyse Agent - Dossier avec erreurs;Signature Contrat;586.91
9151;06/05/2026 21:51:30;;Dossier validé;Parcours terminé;853.06
9152;06/05/2026 21:51:30;;Dossier validé;Parcours terminé;615.99
9153;06/05/2026 21:48:33;;Souscription en cours;Choix de l'offre et livraison;140.73
9154;06/05/2026 21:48:33;;Souscription en cours;Choix de l'offre et livraison;186.52
9155;06/05/2026 21:39:57;Hugo MARTIN;Dossier validé;Parcours terminé;807.12
9156;06/05/2026 21:39:57;Hugo MARTIN;Dossier validé;Parcours terminé;423.74
9157;06/05/2026 21:32:04;;Souscription en cours;Choix de l'offre et livraison;546.42
9158;06/05/2026 21:32:04;;Souscription en cours;Choix de l'offre et livraison;646.04
9159;06/05/2026 21:27:51;;Dossier validé;Parcours terminé;749.77
9160;06/05/2026 21:27:51;;Dossier validé;Parcours terminé;374.66
9161;06/05/2026 21:13:19;;Dossier refusé;Saisie société;974.05
9162;06/05/2026 21:13:19;;Dossier refusé;Saisie société;568.09
9163;06/05/2026 20:59:57;;Souscription non démarrée;Parcours non démarré;305.16
9164;06/05/2026 20:59:57;;Souscription non démarrée;Parcours non démarré;755.96
9165;06/05/2026 20:57:59;Zoé MULLER;Dossier refusé;Signature Contrat;879.59
9166;06/05/2026 20:57:59;Zoé MULLER;Dossier refusé;Signature Contrat;430.77
9167;06/05/2026 20:55:15;;Souscription en cours;Informations complémentaires (CA, Profession, etc.);175.24
9168;06/05/2026 20:55:15;;Souscription en cours;Informations complémentaires (CA, Profession, etc.);384.02
9169;06/05/2026 20:32:46;;Souscription en cours;Choix de l'offre et livraison;296.55
9170;06/05/2026 20:32:46;;Souscription en cours;Choix de l'offre et livraison;463.03
9171;06/05/2026 20:30:47;;Souscription non démarrée;Parcours non démarré;233.75
9172;06/05/2026 20:30:47;;Souscription non démarrée;Parcours non démarré;191.75
9173;06/05/2026 20:23:29;;Souscription en cours;Choix de l'offre et livraison;570.57
9174;06/05/2026 20:23:29;;Souscription en cours;Choix de l'offre et livraison;198.91
9175;06/05/2026 20:22:26;;Dossier refusé;Signature Contrat;422.87
9176;06/05/2026 20:22:26;;Dossier refusé;Signature Contrat;472.31
9177;06/05/2026 20:14:06;;Dossier validé;Parcours terminé;531.74
9178;06/05/2026 20:14:06;;Dossier validé;Parcours terminé;573.92
9179;06/05/2026 20:09:43;;Souscription en cours;Coordonnées personnelles;667.31
9180;06/05/2026 20:09:43;;Souscription en cours;Coordonnées personnelles;455.93
9181;06/05/2026 20:06:25;;Souscription en cours;Vérification d'identité;641.21
9182;06/05/2026 20:06:25;;Souscription en cours;Vérification d'identité;141.97
9183;06/05/2026 20:02:08;;Dossier refusé;Saisie société;433.22
9184;06/05/2026 20:02:08;;Dossier refusé;Saisie société;594.48
9185;06/05/2026 19:28:23;;Souscription en cours;Coordonnées personnelles;871.91
9186;06/05/2026 19:28:23;;Souscription en cours;Coordonnées personnelles;546.01
9187;06/05/2026 19:25:39;Zoé MULLER;Dossier refusé;Saisie société;206.07
9188;06/05/2026 19:25:39;Zoé MULLER;Dossier refusé;Saisie société;142.04
9189;06/05/2026 18:56:10;;Souscription non démarrée;Parcours non démarré;855.83
9190;06/05/2026 18:56:10;;Souscription non démarrée;Parcours non démarré;209.90
9191;06/05/2026 18:45:02;;Souscription en cours;Choix de l'offre et livraison;897.72
9192;06/05/2026 18:45:02;;Souscription en cours;Choix de l'offre et livraison;195.85
9193;06/05/2026 18:35:00;;Souscription en cours;Signature Contrat;602.48
9194;06/05/2026 18:35:00;;Souscription en cours;Signature Contrat;542.55
9195;06/05/2026 18:24:18;;Dossier refusé;Parcours non démarré;734.51
9196;06/05/2026 18:24:18;;Dossier refusé;Parcours non démarré;973.41
9197;06/05/2026 18:17:34;Hugo DUBOIS;Dossier validé;Parcours terminé;821.98
9198;06/05/2026 18:17:34;Hugo DUBOIS;Dossier validé;Parcours terminé;991.36
9199;06/05/2026 18:02:24;;Souscription en cours;Vérification d'identité;703.97
9200;06/05/2026 18:02:24;;Souscription en cours;Vérification d'identité;215.29
9201;06/05/2026 17:56:05;;Dossier validé;Parcours terminé;841.90
9202;06/05/2026 17:56:05;;Dossier validé;Parcours terminé;157.60
9203;06/05/2026 17:49:29;Hugo MARTIN;Dossier validé;Parcours terminé;734.00
9204;06/05/2026 17:49:29;Hugo MARTIN;Dossier validé;Parcours terminé;173.10
9205;06/05/2026 17:45:49;;Souscription en cours;Coordonnées personnelles;514.94
9206;06/05/2026 17:45:49;;Souscription en cours;Coordonnées personnelles;657.15
9207;06/05/2026 17:27:44;;Souscription en cours;Vérification d'identité;233.48
9208;06/05/2026 17:27:44;;Souscription en cours;Vérification d'identité;450.37
9209;06/05/2026 17:11:53;;Souscription en cours;Coordonnées personnelles;441.98
9210;06/05/2026 17:11:53;;Souscription en cours;Coordonnées personnelles;681.58
9211;06/05/2026 17:09:12;;Dossier validé;Parcours terminé;674.10
9212;06/05/2026 17:09:12;;Dossier validé;Parcours terminé;787.18
9213;06/05/2026 17:07:33;;Souscription non démarrée;Parcours non démarré;639.26
9214;06/05/2026 17:07:33;;Souscription non démarrée;Parcours non démarré;160.31
9215;06/05/2026 17:06:16;;Souscription en cours;Coordonnées personnelles;373.45
9216;06/05/2026 17:06:16;;Souscription en cours;Coordonnées personnelles;826.15
9217;06/05/2026 17:04:23;;Dossier validé;Parcours terminé;435.78
9218;06/05/2026 17:04:23;;Dossier validé;Parcours terminé;350.83
9219;06/05/2026 17:04:02;;Souscription en cours;Signature Contrat;543.11
9220;06/05/2026 17:04:02;;Souscription en cours;Signature Contrat;596.69
9221;06/05/2026 16:47:48;;Souscription non démarrée;Parcours non démarré;398.48
9222;06/05/2026 16:47:48;;Souscription non démarrée;Parcours non démarré;524.36
9223;06/05/2026 16:45:19;;Dossier validé;Parcours terminé;850.05
9224;06/05/2026 16:45:19;;Dossier validé;Parcours terminé;144.10
9225;06/05/2026 16:43:41;;Dossier refusé;Saisie société;278.68
9226;06/05/2026 16:43:41;;Dossier refusé;Saisie société;227.26
9227;06/05/2026 16:34:01;;Dossier validé;Parcours terminé;707.36
9228;06/05/2026 16:34:01;;Dossier validé;Parcours terminé;362.87
9229;06/05/2026 16:32:35;;Dossier validé;Parcours terminé;778.92
9230;06/05/2026 16:32:35;;Dossier validé;Parcours terminé;745.02
9231;06/05/2026 16:21:50;;Souscription en cours;Choix de l'offre et livraison;122.34
9232;06/05/2026 16:21:50;;Souscription en cours;Choix de l'offre et livraison;465.00
9233;06/05/2026 16:17:12;;Dossier validé;Parcours terminé;253.85
9234;06/05/2026 16:17:12;;Dossier validé;Parcours terminé;555.31
9235;06/05/2026 16:07:23;;Souscription en cours;Informations complémentaires (CA, Profession, etc.);659.86
9236;06/05/2026 16:07:23;;Souscription en cours;Informations complémentaires (CA, Profession, etc.);829.21
9237;06/05/2026 15:58:22;;Dossier validé;Parcours terminé;605.25
9238;06/05/2026 15:58:22;;Dossier validé;Parcours terminé;686.25
9239;06/05/2026 15:51:18;;Dossier validé;Parcours terminé;893.19
9240;06/05/2026 15:51:18;;Dossier validé;Parcours terminé;197.87
9241;06/05/2026 15:46:46;;Souscription en cours;Choix de l'offre et livraison;809.66
9242;06/05/2026 15:46:46;;Souscription en cours;Choix de l'offre et livraison;899.59
9243;06/05/2026 15:44:07;;Souscription en cours;Choix de l'offre et livraison;689.49
9244;06/05/2026 15:44:07;;Souscription en cours;Choix de l'offre et livraison;637.29
9245;06/05/2026 15:43:41;;Souscription en cours;Choix de l'offre et livraison;493.37
9246;06/05/2026 15:43:41;;Souscription en cours;Choix de l'offre et livraison;783.88
9247;06/05/2026 15:43:22;;Souscription en cours;Signature Contrat;763.16
9248;06/05/2026 15:43:22;;Souscription en cours;Signature Contrat;690.73
9249;06/05/2026 15:20:33;;Souscription en cours;Informations complémentaires (CA, Profession, etc.);210.35
9250;06/05/2026 15:20:33;;Souscription en cours;Informations complémentaires (CA, Profession, etc.);674.97
9251;06/05/2026 15:18:55;;Souscription en cours;Signature Contrat;335.05
9252;06/05/2026 15:18:55;;Souscription en cours;Signature Contrat;122.03
9253;06/05/2026 15:15:12;;Dossier validé;Parcours terminé;454.07
9254;06/05/2026 15:15:12;;Dossier validé;Parcours terminé;580.06
9255;06/05/2026 15:15:11;;Souscription en cours;Choix de l'offre et livraison;209.89
9256;06/05/2026 15:15:11;;Souscription en cours;Choix de l'offre et livraison;725.76
9257;06/05/2026 14:46:39;;Dossier validé;Parcours terminé;310.53
9258;06/05/2026 14:46:39;;Dossier validé;Parcours terminé;248.61
9259;06/05/2026 14:46:39;;Souscription non démarrée;Parcours non démarré;353.27
9260;06/05/2026 14:46:39;;Souscription non démarrée;Parcours non démarré;698.23
9261;06/05/2026 14:40:29;;Souscription en cours;Vérification d'identité;730.18
9262;06/05/2026 14:40:29;;Souscription en cours;Vérification d'identité;441.22
9263;06/05/2026 14:26:59;Manon LEFEBVRE;Dossier refusé;Informations complémentaires (Etablissements, etc.);880.92
9264;06/05/2026 14:26:59;Manon LEFEBVRE;Dossier refusé;Informations complémentaires (Etablissements, etc.);467.72
9265;06/05/2026 14:26:59;;Souscription en cours;Informations complémentaires (CA, Profession, etc.);956.75
9266;06/05/2026 14:26:59;;Souscription en cours;Informations complémentaires (CA, Profession, etc.);207.87
9267;06/05/2026 14:12:31;;Dossier validé;Parcours terminé;771.47
9268;06/05/2026 14:12:31;;Dossier validé;Parcours terminé;729.46
9269;06/05/2026 14:09:41;;Dossier validé;Parcours terminé;604.52
9270;06/05/2026 14:09:41;;Dossier validé;Parcours terminé;786.54
9271;06/05/2026 13:56:01;;Souscription en cours;Choix de l'offre et livraison;211.79
9272;06/05/2026 13:56:01;;Souscription en cours;Choix de l'offre et livraison;919.57
9273;06/05/2026 13:40:20;;Souscription en cours;Coordonnées personnelles;272.82
9274;06/05/2026 13:40:20;;Souscription en cours;Coordonnées personnelles;238.19
9275;06/05/2026 13:37:21;Inès MICHEL;Dossier validé;Parcours terminé;403.67
9276;06/05/2026 13:37:21;Inès MICHEL;Dossier validé;Parcours terminé;390.37
9277;06/05/2026 13:35:54;;Dossier validé;Parcours terminé;169.93
9278;06/05/2026 13:35:54;;Dossier validé;Parcours terminé;473.92
9279;06/05/2026 13:31:34;;Dossier validé;Parcours terminé;262.55
9280;06/05/2026 13:31:34;;Dossier validé;Parcours terminé;397.88
9281;06/05/2026 13:30:24;;Dossier validé;Parcours terminé;447.43
9282;06/05/2026 13:30:24;;Dossier validé;Parcours terminé;413.27
9283;06/05/2026 13:29:29;;Souscription en cours;Coordonnées personnelles;229.23
9284;06/05/2026 13:29:29;;Souscription en cours;Coordonnées personnelles;461.29
9285;06/05/2026 13:20:35;;Dossier validé;Parcours terminé;637.18
9286;06/05/2026 13:20:35;;Dossier validé;Parcours terminé;331.14
9287;06/05/2026 13:16:49;;Dossier refusé;Saisie société;711.59
9288;06/05/2026 13:16:49;;Dossier refusé;Saisie société;669.23
9289;06/05/2026 12:57:41;;Souscription en cours;Informations complémentaires (CA, Profession, etc.);177.52
9290;06/05/2026 12:57:41;;Souscription en cours;Informations complémentaires (CA, Profession, etc.);345.08
9291;06/05/2026 12:56:48;Adam LAURENT;Dossier refusé;Saisie société;908.16
9292;06/05/2026 12:56:48;Adam LAURENT;Dossier refusé;Saisie société;402.30
9293;06/05/2026 12:50:45;;Dossier validé;Parcours terminé;616.27
9294;06/05/2026 12:50:45;;Dossier validé;Parcours terminé;973.88
9295;06/05/2026 12:27:36;;Dossier refusé;Signature Contrat;847.88
9296;06/05/2026 12:27:36;;Dossier refusé;Signature Contrat;980.15
9297;06/05/2026 12:26:55;;Dossier refusé;Saisie société;232.05
9298;06/05/2026 12:26:55;;Dossier refusé;Saisie société;771.29
9299;06/05/2026 12:24:49;;Dossier validé;Parcours terminé;633.43
9300;06/05/2026 12:24:49;;Dossier validé;Parcours terminé;256.83
9301;06/05/2026 12:24:06;;Dossier refusé;Saisie société;495.00
9302;06/05/2026 12:24:06;;Dossier refusé;Saisie société;574.52
9303;06/05/2026 12:13:37;;En attente d'analyse Agent - Dossier avec erreurs;Signature Contrat;325.84
9304;06/05/2026 12:13:37;;En attente d'analyse Agent - Dossier avec erreurs;Signature Contrat;954.83
9305;06/05/2026 12:05:25;;Dossier validé;Parcours terminé;130.71
9306;06/05/2026 12:05:25;;Dossier validé;Parcours terminé;733.86
9307;06/05/2026 11:50:55;;Souscription en cours;Signature Contrat;472.60
9308;06/05/2026 11:50:55;;Souscription en cours;Signature Contrat;201.75
9309;06/05/2026 11:46:31;;Dossier validé;Parcours terminé;671.39
9310;06/05/2026 11:46:31;;Dossier validé;Parcours terminé;899.80
9311;06/05/2026 11:36:50;;Souscription en cours;Coordonnées personnelles;990.23
9312;06/05/2026 11:36:50;;Souscription en cours;Coordonnées personnelles;175.35
9313;06/05/2026 11:34:08;Hugo MARTIN;Dossier validé;Parcours terminé;125.67
9314;06/05/2026 11:34:08;Hugo MARTIN;Dossier validé;Parcours terminé;745.09
9315;06/05/2026 11:33:54;Inès MICHEL;Dossier refusé;Signature Contrat;426.07
9316;06/05/2026 11:33:54;Inès MICHEL;Dossier refusé;Signature Contrat;258.87
9317;06/05/2026 11:33:19;;Souscription en cours;Synchronisation référentiel personne NOVA;785.64
9318;06/05/2026 11:33:19;;Souscription en cours;Synchronisation référentiel personne NOVA;372.01
9319;06/05/2026 11:33:07;;Dossier validé;Parcours terminé;368.46
9320;06/05/2026 11:33:07;;Dossier validé;Parcours terminé;282.95
9321;06/05/2026 11:28:47;;Souscription non démarrée;Parcours non démarré;676.92
9322;06/05/2026 11:28:47;;Souscription non démarrée;Parcours non démarré;175.29
9323;06/05/2026 11:25:03;;Souscription en cours;Signature Contrat;212.65
9324;06/05/2026 11:25:03;;Souscription en cours;Signature Contrat;209.73
9325;06/05/2026 11:23:44;;Souscription en cours;Criblages BE(s);904.32
9326;06/05/2026 11:23:44;;Souscription en cours;Criblages BE(s);374.21
9327;06/05/2026 11:23:06;;Dossier refusé;Saisie société;327.11
9328;06/05/2026 11:23:06;;Dossier refusé;Saisie société;599.03
9329;06/05/2026 11:20:37;;Souscription en cours;Coordonnées personnelles;369.42
9330;06/05/2026 11:20:37;;Souscription en cours;Coordonnées personnelles;333.41
9331;06/05/2026 11:10:39;Rayan MICHEL;Dossier validé;Parcours terminé;537.97
9332;06/05/2026 11:10:39;Rayan MICHEL;Dossier validé;Parcours terminé;308.86
9333;06/05/2026 11:06:28;;Dossier refusé;Signature Contrat;151.50
9334;06/05/2026 11:06:28;;Dossier refusé;Signature Contrat;883.35
9335;06/05/2026 10:54:49;;Souscription en cours;Coordonnées personnelles;192.78
9336;06/05/2026 10:54:49;;Souscription en cours;Coordonnées personnelles;793.11
9337;06/05/2026 10:53:35;;Dossier validé;Parcours terminé;741.34
9338;06/05/2026 10:53:35;;Dossier validé;Parcours terminé;738.54
9339;06/05/2026 10:51:00;;Souscription en cours;Coordonnées personnelles;923.74
9340;06/05/2026 10:51:00;;Souscription en cours;Coordonnées personnelles;803.92
9341;06/05/2026 10:47:20;;Dossier refusé;Saisie société;387.74
9342;06/05/2026 10:47:20;;Dossier refusé;Saisie société;264.68
9343;06/05/2026 10:45:48;;Souscription en cours;Informations complémentaires (Etablissements, etc.);644.61
9344;06/05/2026 10:45:48;;Souscription en cours;Informations complémentaires (Etablissements, etc.);316.41
9345;06/05/2026 10:43:19;;Souscription non démarrée;Parcours non démarré;479.37
9346;06/05/2026 10:43:19;;Souscription non démarrée;Parcours non démarré;151.01
9347;06/05/2026 10:29:59;;Dossier validé;Parcours terminé;752.35
9348;06/05/2026 10:29:59;;Dossier validé;Parcours terminé;897.49
9349;06/05/2026 10:22:16;;Souscription en cours;Signature Contrat;801.88
9350;06/05/2026 10:22:16;;Souscription en cours;Signature Contrat;898.14
9351;06/05/2026 10:18:47;;Dossier refusé;Saisie société;200.86
9352;06/05/2026 10:18:47;;Dossier refusé;Saisie société;453.90
9353;06/05/2026 10:13:03;;Dossier validé;Parcours terminé;366.35
9354;06/05/2026 10:13:03;;Dossier validé;Parcours terminé;284.58
9355;06/05/2026 10:12:05;;Dossier refusé;Informations complémentaires (CA, Profession, etc.);619.12
9356;06/05/2026 10:12:05;;Dossier refusé;Informations complémentaires (CA, Profession, etc.);625.30
9357;06/05/2026 09:49:51;;Souscription en cours;Signature Contrat;515.51
9358;06/05/2026 09:49:51;;Souscription en cours;Signature Contrat;966.74
9359;06/05/2026 09:48:19;;Souscription en cours;Signature Contrat;873.73
9360;06/05/2026 09:48:19;;Souscription en cours;Signature Contrat;988.22
9361;06/05/2026 09:48:08;;Souscription en cours;Coordonnées personnelles;353.78
9362;06/05/2026 09:48:08;;Souscription en cours;Coordonnées personnelles;279.22
9363;06/05/2026 09:42:51;;Souscription non démarrée;Parcours non démarré;499.76
9364;06/05/2026 09:42:51;;Souscription non démarrée;Parcours non démarré;482.32
9365;06/05/2026 09:28:29;;Dossier validé;Parcours terminé;355.43
9366;06/05/2026 09:28:29;;Dossier validé;Parcours terminé;939.05
9367;06/05/2026 09:26:20;;Souscription en cours;Coordonnées personnelles;631.26
9368;06/05/2026 09:26:20;;Souscription en cours;Coordonnées personnelles;655.99
9369;06/05/2026 09:12:54;;Dossier validé;Parcours terminé;797.14
9370;06/05/2026 09:12:54;;Dossier validé;Parcours terminé;690.54
9371;06/05/2026 09:03:23;;Souscription en cours;Signature Contrat;299.08
9372;06/05/2026 09:03:23;;Souscription en cours;Signature Contrat;480.04
9373;06/05/2026 08:52:50;Adam LAURENT;Dossier validé;Parcours terminé;156.06
9374;06/05/2026 08:52:50;Adam LAURENT;Dossier validé;Parcours terminé;818.41
9375;06/05/2026 08:38:42;;Souscription non démarrée;Parcours non démarré;480.05
9376;06/05/2026 08:38:42;;Souscription non démarrée;Parcours non démarré;551.44
9377;06/05/2026 08:29:05;;Dossier validé;Parcours terminé;279.31
9378;06/05/2026 08:29:05;;Dossier validé;Parcours terminé;742.26
9379;06/05/2026 08:26:11;;Dossier refusé;Parcours terminé;415.77
9380;06/05/2026 08:26:11;;Dossier refusé;Parcours terminé;764.40
9381;06/05/2026 08:25:53;;Souscription en cours;Choix de l'offre et livraison;271.85
9382;06/05/2026 08:25:53;;Souscription en cours;Choix de l'offre et livraison;355.31
9383;06/05/2026 08:21:33;;Dossier validé;Parcours terminé;792.54
9384;06/05/2026 08:21:33;;Dossier validé;Parcours terminé;341.17
9385;06/05/2026 08:10:31;;Dossier refusé;Saisie société;798.31
9386;06/05/2026 08:10:31;;Dossier refusé;Saisie société;450.30
9387;06/05/2026 08:05:15;;Dossier refusé;Saisie société;480.31
9388;06/05/2026 08:05:15;;Dossier refusé;Saisie société;696.31
9389;06/05/2026 07:57:43;;Souscription en cours;Signature Contrat;516.11
9390;06/05/2026 07:57:43;;Souscription en cours;Signature Contrat;807.07
9391;06/05/2026 07:13:37;;Souscription en cours;Vérification d'identité;672.34
9392;06/05/2026 07:13:37;;Souscription en cours;Vérification d'identité;696.71
9393;06/05/2026 06:09:53;;Dossier refusé;Signature Contrat;112.02
9394;06/05/2026 06:09:53;;Dossier refusé;Signature Contrat;947.63
9395;06/05/2026 04:58:36;;Souscription en cours;Signature Contrat;194.11
9396;06/05/2026 04:58:36;;Souscription en cours;Signature Contrat;145.66
9397;06/05/2026 03:16:55;;Souscription en cours;Signature Contrat;292.01
9398;06/05/2026 03:16:55;;Souscription en cours;Signature Contrat;753.80
9399;06/05/2026 03:07:29;Hugo MARTIN;Dossier validé;Parcours terminé;421.39
9400;06/05/2026 03:07:29;Hugo MARTIN;Dossier validé;Parcours terminé;925.04
9401;06/05/2026 03:07:25;;Dossier validé;Parcours terminé;990.71
9402;06/05/2026 03:07:25;;Dossier validé;Parcours terminé;954.14
9403;06/05/2026 01:35:54;;Souscription non démarrée;Parcours non démarré;528.42
9404;06/05/2026 01:35:54;;Souscription non démarrée;Parcours non démarré;953.59
9405;06/05/2026 01:16:11;;Dossier refusé;Informations complémentaires (CA, Profession, etc.);796.90
9406;06/05/2026 01:16:11;;Dossier refusé;Informations complémentaires (CA, Profession, etc.);600.28
9407;06/05/2026 01:02:27;;Souscription en cours;Coordonnées personnelles;288.37
9408;06/05/2026 01:02:27;;Souscription en cours;Coordonnées personnelles;679.25
9409;06/05/2026 00:35:02;;Souscription en cours;Coordonnées personnelles;924.30
9410;06/05/2026 00:35:02;;Souscription en cours;Coordonnées personnelles;599.30
9411;06/05/2026 00:00:07;;Dossier validé;Parcours terminé;149.73
9412;06/05/2026 00:00:07;;Dossier validé;Parcours terminé;205.56
9413;05/05/2026 23:58:08;;Souscription en cours;Signature Contrat;193.94
9414;05/05/2026 23:58:08;;Souscription en cours;Signature Contrat;760.54
9415;05/05/2026 23:54:42;;Souscription non démarrée;Parcours non démarré;752.56
9416;05/05/2026 23:54:42;;Souscription non démarrée;Parcours non démarré;364.22
9417;05/05/2026 23:48:16;;Dossier validé;Parcours terminé;944.57
9418;05/05/2026 23:48:16;;Dossier validé;Parcours terminé;320.30
9419;05/05/2026 23:24:28;;Souscription en cours;Informations complémentaires (CA, Profession, etc.);419.88
9420;05/05/2026 23:24:28;;Souscription en cours;Informations complémentaires (CA, Profession, etc.);502.08
9421;05/05/2026 22:45:28;;Souscription en cours;Coordonnées personnelles;472.90
9422;05/05/2026 22:45:28;;Souscription en cours;Coordonnées personnelles;372.98
9423;05/05/2026 22:39:17;;Dossier refusé;Signature Contrat;687.47
9424;05/05/2026 22:39:17;;Dossier refusé;Signature Contrat;381.99
9425;05/05/2026 22:30:23;;Souscription en cours;Informations complémentaires (Etablissements, etc.);384.59
9426;05/05/2026 22:30:23;;Souscription en cours;Informations complémentaires (Etablissements, etc.);266.53
9427;05/05/2026 22:24:33;;Souscription en cours;Choix de l'offre et livraison;471.25
9428;05/05/2026 22:24:33;;Souscription en cours;Choix de l'offre et livraison;228.90
9429;05/05/2026 22:22:41;;Dossier validé;Parcours terminé;207.53
9430;05/05/2026 22:22:41;;Dossier validé;Parcours terminé;161.46
9431;05/05/2026 21:19:23;;Dossier refusé;Signature Contrat;505.23
9432;05/05/2026 21:19:23;;Dossier refusé;Signature Contrat;709.54
9433;05/05/2026 21:12:20;;Dossier refusé;Signature Contrat;405.40
9434;05/05/2026 21:12:20;;Dossier refusé;Signature Contrat;906.11
9435;05/05/2026 20:55:14;;Dossier validé;Parcours terminé;656.68
9436;05/05/2026 20:55:14;;Dossier validé;Parcours terminé;440.11
9437;05/05/2026 20:54:38;;Dossier refusé;Parcours non démarré;574.28
9438;05/05/2026 20:54:38;;Dossier refusé;Parcours non démarré;288.08
9439;05/05/2026 20:39:12;;Dossier validé;Parcours terminé;437.08
9440;05/05/2026 20:39:12;;Dossier validé;Parcours terminé;542.18
9441;05/05/2026 20:39:09;;Dossier validé;Parcours terminé;943.20
9442;05/05/2026 20:39:09;;Dossier validé;Parcours terminé;278.68
9443;05/05/2026 20:31:47;;Souscription en cours;Coordonnées personnelles;131.76
9444;05/05/2026 20:31:47;;Souscription en cours;Coordonnées personnelles;874.36
9445;05/05/2026 20:27:05;;Souscription non démarrée;Parcours non démarré;628.02
9446;05/05/2026 20:27:05;;Souscription non démarrée;Parcours non démarré;536.89
9447;05/05/2026 20:16:34;;Souscription en cours;Coordonnées personnelles;873.67
9448;05/05/2026 20:16:34;;Souscription en cours;Coordonnées personnelles;898.52
9449;05/05/2026 20:06:31;;Dossier validé;Parcours terminé;175.04
9450;05/05/2026 20:06:31;;Dossier validé;Parcours terminé;170.44
9451;05/05/2026 20:01:48;;Souscription non démarrée;Parcours non démarré;400.75
9452;05/05/2026 20:01:48;;Souscription non démarrée;Parcours non démarré;451.17
9453;05/05/2026 19:54:01;;Dossier validé;Parcours terminé;555.04
9454;05/05/2026 19:54:01;;Dossier validé;Parcours terminé;978.59
9455;05/05/2026 19:48:10;;Dossier refusé;Saisie société;790.83
9456;05/05/2026 19:48:10;;Dossier refusé;Saisie société;363.29
9457;05/05/2026 19:36:49;;Souscription non démarrée;Parcours non démarré;429.15
9458;05/05/2026 19:36:49;;Souscription non démarrée;Parcours non démarré;548.13
9459;05/05/2026 19:21:05;;Dossier refusé;Saisie société;286.95
9460;05/05/2026 19:21:05;;Dossier refusé;Saisie société;274.41
9461;05/05/2026 19:19:46;;Souscription en cours;Coordonnées personnelles;885.87
9462;05/05/2026 19:19:46;;Souscription en cours;Coordonnées personnelles;895.54
9463;05/05/2026 19:16:23;;Souscription en cours;Choix de l'offre et livraison;318.83
9464;05/05/2026 19:16:23;;Souscription en cours;Choix de l'offre et livraison;667.91
9465;05/05/2026 19:12:21;;Dossier validé;Parcours terminé;777.99
9466;05/05/2026 19:12:21;;Dossier validé;Parcours terminé;179.07
9467;05/05/2026 19:10:11;;Souscription en cours;Synchronisation référentiel personne NOVA;172.30
9468;05/05/2026 19:10:11;;Souscription en cours;Synchronisation référentiel personne NOVA;271.98
9469;05/05/2026 19:09:11;;Souscription en cours;Vérification d'identité;475.65
9470;05/05/2026 19:09:11;;Souscription en cours;Vérification d'identité;169.04
9471;05/05/2026 18:51:20;;Dossier validé;Parcours terminé;587.59
9472;05/05/2026 18:51:20;;Dossier validé;Parcours terminé;410.20
9473;05/05/2026 18:47:57;;Souscription en cours;Informations complémentaires (CA, Profession, etc.);757.53
9474;05/05/2026 18:47:57;;Souscription en cours;Informations complémentaires (CA, Profession, etc.);184.64
9475;05/05/2026 18:43:00;;Souscription en cours;Coordonnées personnelles;146.75
9476;05/05/2026 18:43:00;;Souscription en cours;Coordonnées personnelles;289.72
9477;05/05/2026 18:36:41;;Souscription en cours;Coordonnées personnelles;164.61
9478;05/05/2026 18:36:41;;Souscription en cours;Coordonnées personnelles;165.55
9479;05/05/2026 18:36:08;;Dossier validé;Parcours terminé;579.71
9480;05/05/2026 18:36:08;;Dossier validé;Parcours terminé;408.27
9481;05/05/2026 18:20:01;;Souscription en cours;Coordonnées personnelles;966.16
9482;05/05/2026 18:20:01;;Souscription en cours;Coordonnées personnelles;913.83
9483;05/05/2026 18:15:53;;Souscription en cours;Choix de l'offre et livraison;550.61
9484;05/05/2026 18:15:53;;Souscription en cours;Choix de l'offre et livraison;806.86
9485;05/05/2026 18:11:59;;Souscription non démarrée;Parcours non démarré;904.99
9486;05/05/2026 18:11:59;;Souscription non démarrée;Parcours non démarré;952.79
9487;05/05/2026 18:02:36;;Souscription en cours;Coordonnées personnelles;600.78
9488;05/05/2026 18:02:36;;Souscription en cours;Coordonnées personnelles;580.49
9489;05/05/2026 17:51:35;;Souscription en cours;Coordonnées personnelles;114.48
9490;05/05/2026 17:51:35;;Souscription en cours;Coordonnées personnelles;749.29
9491;05/05/2026 17:40:09;;Dossier validé;Parcours terminé;998.64
9492;05/05/2026 17:40:09;;Dossier validé;Parcours terminé;531.72
9493;05/05/2026 17:40:09;;Souscription en cours;Bénéficiaire effectifs;392.06
9494;05/05/2026 17:40:09;;Souscription en cours;Bénéficiaire effectifs;269.49
9495;05/05/2026 17:29:03;;Dossier validé;Parcours terminé;696.51
9496;05/05/2026 17:29:03;;Dossier validé;Parcours terminé;650.82
9497;05/05/2026 17:28:28;;Souscription non démarrée;Parcours non démarré;559.52
9498;05/05/2026 17:28:28;;Souscription non démarrée;Parcours non démarré;823.17
9499;05/05/2026 17:22:42;;Souscription en cours;Coordonnées personnelles;382.21
9500;05/05/2026 17:22:42;;Souscription en cours;Coordonnées personnelles;483.32
9501;05/05/2026 17:14:02;;Souscription en cours;Coordonnées personnelles;459.26
9502;05/05/2026 17:14:02;;Souscription en cours;Coordonnées personnelles;186.30
9503;05/05/2026 17:08:36;;Souscription en cours;Coordonnées personnelles;826.48
9504;05/05/2026 17:08:36;;Souscription en cours;Coordonnées personnelles;952.68
9505;05/05/2026 17:04:12;;Dossier validé;Parcours terminé;825.14
9506;05/05/2026 17:04:12;;Dossier validé;Parcours terminé;851.88
9507;05/05/2026 17:03:18;Hugo DUBOIS;Dossier validé;Parcours terminé;602.20
9508;05/05/2026 17:03:18;Hugo DUBOIS;Dossier validé;Parcours terminé;220.32
9509;05/05/2026 16:56:24;;Dossier refusé;Vérification d'identité;983.59
9510;05/05/2026 16:56:24;;Dossier refusé;Vérification d'identité;291.08
9511;05/05/2026 16:50:30;;Souscription en cours;Informations complémentaires (CA, Profession, etc.);845.97
9512;05/05/2026 16:50:30;;Souscription en cours;Informations complémentaires (CA, Profession, etc.);432.99
9513;05/05/2026 16:47:59;;Dossier refusé;Saisie société;590.65
9514;05/05/2026 16:47:59;;Dossier refusé;Saisie société;838.63
9515;05/05/2026 16:45:44;;Souscription en cours;Synchronisation référentiel personne NOVA;774.83
9516;05/05/2026 16:45:44;;Souscription en cours;Synchronisation référentiel personne NOVA;698.17
9517;05/05/2026 16:43:46;Hugo DUBOIS;Dossier validé;Parcours terminé;688.39
9518;05/05/2026 16:43:46;Hugo DUBOIS;Dossier validé;Parcours terminé;791.18
9519;05/05/2026 16:41:18;;Souscription en cours;Coordonnées personnelles;523.44
9520;05/05/2026 16:41:18;;Souscription en cours;Coordonnées personnelles;831.64
9521;05/05/2026 16:34:26;;Souscription non démarrée;Parcours non démarré;369.73
9522;05/05/2026 16:34:26;;Souscription non démarrée;Parcours non démarré;874.81
9523;05/05/2026 16:18:29;;Souscription en cours;Vérification d'identité;163.20
9524;05/05/2026 16:18:29;;Souscription en cours;Vérification d'identité;846.43
9525;05/05/2026 16:16:37;;Dossier validé;Parcours terminé;413.08
9526;05/05/2026 16:16:37;;Dossier validé;Parcours terminé;806.83
9527;05/05/2026 16:15:03;;Souscription en cours;Informations complémentaires (CA, Profession, etc.);723.34
9528;05/05/2026 16:15:03;;Souscription en cours;Informations complémentaires (CA, Profession, etc.);266.99
9529;05/05/2026 16:05:06;;Dossier validé;Parcours terminé;618.66
9530;05/05/2026 16:05:06;;Dossier validé;Parcours terminé;158.71
9531;05/05/2026 15:44:10;;Dossier validé;Parcours terminé;154.07
9532;05/05/2026 15:44:10;;Dossier validé;Parcours terminé;755.76
9533;05/05/2026 15:39:17;;Souscription en cours;Coordonnées personnelles;475.80
9534;05/05/2026 15:39:17;;Souscription en cours;Coordonnées personnelles;355.76
9535;05/05/2026 15:37:55;;Dossier validé;Parcours terminé;168.00
9536;05/05/2026 15:37:55;;Dossier validé;Parcours terminé;955.02
9537;05/05/2026 15:25:35;;Dossier validé;Parcours terminé;839.32
9538;05/05/2026 15:25:35;;Dossier validé;Parcours terminé;777.32
9539;05/05/2026 15:24:12;;Dossier validé;Parcours terminé;145.65
9540;05/05/2026 15:24:12;;Dossier validé;Parcours terminé;663.04
9541;05/05/2026 15:22:29;Adam LAURENT;Dossier validé;Parcours terminé;919.11
9542;05/05/2026 15:22:29;Adam LAURENT;Dossier validé;Parcours terminé;517.32
9543;05/05/2026 15:20:28;Hugo MARTIN;Dossier validé;Parcours terminé;283.63
9544;05/05/2026 15:20:28;Hugo MARTIN;Dossier validé;Parcours terminé;172.81
9545;05/05/2026 15:09:50;;Souscription en cours;Coordonnées personnelles;506.28
9546;05/05/2026 15:09:50;;Souscription en cours;Coordonnées personnelles;617.54
9547;05/05/2026 15:08:06;;Dossier validé;Parcours terminé;178.56
9548;05/05/2026 15:08:06;;Dossier validé;Parcours terminé;356.40
9549;05/05/2026 15:03:42;;Dossier validé;Parcours terminé;863.50
9550;05/05/2026 15:03:42;;Dossier validé;Parcours terminé;862.50
9551;05/05/2026 14:45:06;;Souscription en cours;Coordonnées personnelles;879.96
9552;05/05/2026 14:45:06;;Souscription en cours;Coordonnées personnelles;802.18
9553;05/05/2026 14:42:16;;Dossier validé;Parcours terminé;243.11
9554;05/05/2026 14:42:16;;Dossier validé;Parcours terminé;845.83
9555;05/05/2026 14:40:59;;Dossier validé;Parcours terminé;584.09
9556;05/05/2026 14:40:59;;Dossier validé;Parcours terminé;934.04
9557;05/05/2026 14:31:52;;Souscription en cours;Coordonnées personnelles;390.50
9558;05/05/2026 14:31:52;;Souscription en cours;Coordonnées personnelles;468.28
9559;05/05/2026 14:23:29;;Souscription en cours;Signature Contrat;499.50
9560;05/05/2026 14:23:29;;Souscription en cours;Signature Contrat;814.39
9561;05/05/2026 14:15:04;;Dossier validé;Parcours terminé;877.28
9562;05/05/2026 14:15:04;;Dossier validé;Parcours terminé;161.12
9563;05/05/2026 14:13:41;;Souscription en cours;Vérification d'identité;809.97
9564;05/05/2026 14:13:41;;Souscription en cours;Vérification d'identité;565.69
9565;05/05/2026 14:13:41;;Dossier validé;Parcours terminé;990.09
9566;05/05/2026 14:13:41;;Dossier validé;Parcours terminé;571.61
9567;05/05/2026 14:10:04;Hugo MARTIN;Dossier validé;Parcours terminé;831.77
9568;05/05/2026 14:10:04;Hugo MARTIN;Dossier validé;Parcours terminé;556.02
9569;05/05/2026 14:05:03;;Dossier validé;Parcours terminé;494.82
9570;05/05/2026 14:05:03;;Dossier validé;Parcours terminé;985.57
9571;05/05/2026 13:53:31;;Dossier validé;Parcours terminé;476.24
9572;05/05/2026 13:53:31;;Dossier validé;Parcours terminé;621.86
9573;05/05/2026 13:50:00;;Dossier refusé;Signature Contrat;206.99
9574;05/05/2026 13:50:00;;Dossier refusé;Signature Contrat;691.88
9575;05/05/2026 13:47:06;;Souscription en cours;Coordonnées personnelles;109.20
9576;05/05/2026 13:47:06;;Souscription en cours;Coordonnées personnelles;659.02
9577;05/05/2026 13:46:07;;Dossier validé;Parcours terminé;803.51
9578;05/05/2026 13:46:07;;Dossier validé;Parcours terminé;516.73
9579;05/05/2026 13:37:36;;Souscription non démarrée;Parcours non démarré;161.53
9580;05/05/2026 13:37:36;;Souscription non démarrée;Parcours non démarré;485.30
9581;05/05/2026 13:30:16;;Souscription non démarrée;Parcours non démarré;765.60
9582;05/05/2026 13:30:16;;Souscription non démarrée;Parcours non démarré;529.95
9583;05/05/2026 13:20:23;;Souscription en cours;Coordonnées personnelles;377.59
9584;05/05/2026 13:20:23;;Souscription en cours;Coordonnées personnelles;301.42
9585;05/05/2026 13:14:47;;Souscription en cours;Coordonnées personnelles;444.33
9586;05/05/2026 13:14:47;;Souscription en cours;Coordonnées personnelles;806.56
9587;05/05/2026 13:06:50;;Dossier validé;Parcours terminé;670.89
9588;05/05/2026 13:06:50;;Dossier validé;Parcours terminé;482.29
9589;05/05/2026 12:58:51;;Souscription non démarrée;Parcours non démarré;977.73
9590;05/05/2026 12:58:51;;Souscription non démarrée;Parcours non démarré;753.10
9591;05/05/2026 12:52:07;;Souscription en cours;Vérification d'identité;574.97
9592;05/05/2026 12:52:07;;Souscription en cours;Vérification d'identité;320.38
9593;05/05/2026 12:46:24;;Souscription non démarrée;Parcours non démarré;725.24
9594;05/05/2026 12:46:24;;Souscription non démarrée;Parcours non démarré;146.64
9595;05/05/2026 12:45:28;;Dossier validé;Parcours terminé;845.66
9596;05/05/2026 12:45:28;;Dossier validé;Parcours terminé;815.05
9597;05/05/2026 12:43:14;;Dossier validé;Parcours terminé;454.00
9598;05/05/2026 12:43:14;;Dossier validé;Parcours terminé;246.79
9599;05/05/2026 12:34:38;;Dossier refusé;Saisie société;672.31
9600;05/05/2026 12:34:38;;Dossier refusé;Saisie société;980.66
9601;05/05/2026 12:30:45;Hugo MARTIN;Dossier validé;Parcours terminé;345.32
9602;05/05/2026 12:30:45;Hugo MARTIN;Dossier validé;Parcours terminé;975.10
9603;05/05/2026 12:19:26;;Souscription en cours;Choix de l'offre et livraison;605.53
9604;05/05/2026 12:19:26;;Souscription en cours;Choix de l'offre et livraison;656.90
9605;05/05/2026 12:18:48;;Souscription non démarrée;Parcours non démarré;190.70
9606;05/05/2026 12:18:48;;Souscription non démarrée;Parcours non démarré;301.61
9607;05/05/2026 12:10:05;;En attente d'analyse Agent - Dossier avec erreurs;Signature Contrat;745.94
9608;05/05/2026 12:10:05;;En attente d'analyse Agent - Dossier avec erreurs;Signature Contrat;906.01
9609;05/05/2026 12:09:23;;Dossier validé;Parcours terminé;196.14
9610;05/05/2026 12:09:23;;Dossier validé;Parcours terminé;354.21
9611;05/05/2026 12:04:47;;Souscription en cours;Coordonnées personnelles;331.36
9612;05/05/2026 12:04:47;;Souscription en cours;Coordonnées personnelles;325.29
9613;05/05/2026 12:03:19;;Dossier refusé;Saisie société;432.81
9614;05/05/2026 12:03:19;;Dossier refusé;Saisie société;108.93
9615;05/05/2026 11:52:21;;Dossier validé;Parcours terminé;284.32
9616;05/05/2026 11:52:21;;Dossier validé;Parcours terminé;809.02
9617;05/05/2026 11:49:47;;Souscription en cours;Informations complémentaires (Etablissements, etc.);410.86
9618;05/05/2026 11:49:47;;Souscription en cours;Informations complémentaires (Etablissements, etc.);802.71
9619;05/05/2026 11:46:50;;Souscription non démarrée;Parcours non démarré;950.13
9620;05/05/2026 11:46:50;;Souscription non démarrée;Parcours non démarré;851.52
9621;05/05/2026 11:36:54;Hugo DUBOIS;Dossier validé;Parcours terminé;862.53
9622;05/05/2026 11:36:54;Hugo DUBOIS;Dossier validé;Parcours terminé;206.35
9623;05/05/2026 11:36:52;;Dossier validé;Parcours terminé;295.88
9624;05/05/2026 11:36:52;;Dossier validé;Parcours terminé;412.36
9625;05/05/2026 11:31:12;;Dossier validé;Parcours terminé;479.44
9626;05/05/2026 11:31:12;;Dossier validé;Parcours terminé;179.92
9627;05/05/2026 11:23:48;;Souscription en cours;Choix de l'offre et livraison;907.84
9628;05/05/2026 11:23:48;;Souscription en cours;Choix de l'offre et livraison;258.94
9629;05/05/2026 11:23:23;;Souscription en cours;Choix de l'offre et livraison;672.69
9630;05/05/2026 11:23:23;;Souscription en cours;Choix de l'offre et livraison;250.35
9631;05/05/2026 11:17:18;;Souscription en cours;Choix de l'offre et livraison;992.05
9632;05/05/2026 11:17:18;;Souscription en cours;Choix de l'offre et livraison;160.33
9633;05/05/2026 11:11:39;;Dossier validé;Parcours terminé;351.14
9634;05/05/2026 11:11:39;;Dossier validé;Parcours terminé;976.11
9635;05/05/2026 11:07:24;Manon LEFEBVRE;Dossier validé;Parcours terminé;327.24
9636;05/05/2026 11:07:24;Manon LEFEBVRE;Dossier validé;Parcours terminé;499.39
9637;05/05/2026 10:54:33;;Souscription en cours;Vérification d'identité;134.28
9638;05/05/2026 10:54:33;;Souscription en cours;Vérification d'identité;785.09
9639;05/05/2026 10:46:20;;Dossier validé;Parcours terminé;358.07
9640;05/05/2026 10:46:20;;Dossier validé;Parcours terminé;934.40
9641;05/05/2026 10:43:20;;Souscription non démarrée;Parcours non démarré;491.90
9642;05/05/2026 10:43:20;;Souscription non démarrée;Parcours non démarré;986.32
9643;05/05/2026 10:41:56;;Souscription en cours;Coordonnées personnelles;144.76
9644;05/05/2026 10:41:56;;Souscription en cours;Coordonnées personnelles;345.95
9645;05/05/2026 10:39:09;;Dossier refusé;Saisie société;488.04
9646;05/05/2026 10:39:09;;Dossier refusé;Saisie société;902.17
9647;05/05/2026 10:38:25;;Souscription en cours;Coordonnées personnelles;274.58
9648;05/05/2026 10:38:25;;Souscription en cours;Coordonnées personnelles;877.23
9649;05/05/2026 10:37:07;;Dossier validé;Parcours terminé;406.72
9650;05/05/2026 10:37:07;;Dossier validé;Parcours terminé;112.21
9651;05/05/2026 10:35:22;;Dossier validé;Parcours terminé;765.53
9652;05/05/2026 10:35:22;;Dossier validé;Parcours terminé;726.58
9653;05/05/2026 10:30:33;;Dossier validé;Parcours terminé;520.64
9654;05/05/2026 10:30:33;;Dossier validé;Parcours terminé;330.95
9655;05/05/2026 10:19:28;;Dossier refusé;Signature Contrat;221.71
9656;05/05/2026 10:19:28;;Dossier refusé;Signature Contrat;347.20
9657;05/05/2026 10:14:08;;Dossier validé;Parcours terminé;675.98
9658;05/05/2026 10:14:08;;Dossier validé;Parcours terminé;381.09
9659;05/05/2026 10:11:01;;Souscription non démarrée;Parcours non démarré;385.99
9660;05/05/2026 10:11:01;;Souscription non démarrée;Parcours non démarré;813.84
9661;05/05/2026 10:07:02;;Souscription non démarrée;Parcours non démarré;976.48
9662;05/05/2026 10:07:02;;Souscription non démarrée;Parcours non démarré;205.83
9663;05/05/2026 09:59:17;;Dossier refusé;Saisie société;623.77
9664;05/05/2026 09:59:17;;Dossier refusé;Saisie société;942.57
9665;05/05/2026 09:58:37;;Dossier validé;Parcours terminé;713.20
9666;05/05/2026 09:58:37;;Dossier validé;Parcours terminé;390.65
9667;05/05/2026 09:55:10;;Dossier validé;Parcours terminé;638.65
9668;05/05/2026 09:55:10;;Dossier validé;Parcours terminé;807.83
9669;05/05/2026 09:36:06;;Dossier refusé;Choix de l'offre et livraison;302.86
9670;05/05/2026 09:36:06;;Dossier refusé;Choix de l'offre et livraison;304.77
9671;05/05/2026 09:30:19;;Dossier validé;Parcours terminé;176.18
9672;05/05/2026 09:30:19;;Dossier validé;Parcours terminé;239.36
9673;05/05/2026 09:10:04;;Dossier refusé;Saisie société;529.35
9674;05/05/2026 09:10:04;;Dossier refusé;Saisie société;739.51
9675;05/05/2026 08:54:32;;Souscription en cours;Coordonnées personnelles;112.54
9676;05/05/2026 08:54:32;;Souscription en cours;Coordonnées personnelles;581.97
9677;05/05/2026 08:53:36;;Souscription en cours;Signature Contrat;610.85
9678;05/05/2026 08:53:36;;Souscription en cours;Signature Contrat;539.43
9679;05/05/2026 08:34:52;;Dossier validé;Parcours terminé;239.88
9680;05/05/2026 08:34:52;;Dossier validé;Parcours terminé;524.70
9681;05/05/2026 08:26:24;Zoé MULLER;Dossier refusé;Saisie société;540.84
9682;05/05/2026 08:26:24;Zoé MULLER;Dossier refusé;Saisie société;993.69
9683;05/05/2026 08:17:17;;Dossier refusé;Saisie société;996.49
9684;05/05/2026 08:17:17;;Dossier refusé;Saisie société;652.12
9685;05/05/2026 08:16:52;;Dossier validé;Parcours terminé;601.69
9686;05/05/2026 08:16:52;;Dossier validé;Parcours terminé;617.97
9687;05/05/2026 08:05:52;;Souscription en cours;Informations complémentaires (CA, Profession, etc.);826.45
9688;05/05/2026 08:05:52;;Souscription en cours;Informations complémentaires (CA, Profession, etc.);224.43
9689;05/05/2026 07:44:33;;Souscription en cours;Coordonnées personnelles;580.27
9690;05/05/2026 07:44:33;;Souscription en cours;Coordonnées personnelles;630.39
9691;05/05/2026 07:41:31;;Souscription non démarrée;Parcours non démarré;414.01
9692;05/05/2026 07:41:31;;Souscription non démarrée;Parcours non démarré;169.74
9693;05/05/2026 07:21:22;;Souscription en cours;Bénéficiaire effectifs;504.23
9694;05/05/2026 07:21:22;;Souscription en cours;Bénéficiaire effectifs;796.21
9695;05/05/2026 07:19:21;;Dossier refusé;Saisie société;769.91
9696;05/05/2026 07:19:21;;Dossier refusé;Saisie société;647.28
9697;05/05/2026 06:54:11;Zoé MULLER;Dossier validé;Parcours terminé;886.61
9698;05/05/2026 06:54:11;Zoé MULLER;Dossier validé;Parcours terminé;195.39
9699;05/05/2026 04:58:51;;Dossier validé;Parcours terminé;509.48
9700;05/05/2026 04:58:51;;Dossier validé;Parcours terminé;674.55
9701;05/05/2026 04:17:14;;Dossier validé;Parcours terminé;341.97
9702;05/05/2026 04:17:14;;Dossier validé;Parcours terminé;410.74
9703;05/05/2026 03:40:20;;Souscription en cours;Coordonnées personnelles;321.62
9704;05/05/2026 03:40:20;;Souscription en cours;Coordonnées personnelles;481.61
9705;05/05/2026 02:42:06;;Souscription en cours;Coordonnées personnelles;413.98
9706;05/05/2026 02:42:06;;Souscription en cours;Coordonnées personnelles;425.81
9707;05/05/2026 02:34:50;;Dossier validé;Parcours terminé;227.52
9708;05/05/2026 02:34:50;;Dossier validé;Parcours terminé;182.02
9709;05/05/2026 01:59:20;;Dossier validé;Parcours terminé;696.53
9710;05/05/2026 01:59:20;;Dossier validé;Parcours terminé;573.20
9711;05/05/2026 01:56:34;;Souscription en cours;Coordonnées personnelles;594.25
9712;05/05/2026 01:56:34;;Souscription en cours;Coordonnées personnelles;322.80
9713;05/05/2026 01:50:40;;Souscription non démarrée;Parcours non démarré;149.17
9714;05/05/2026 01:50:40;;Souscription non démarrée;Parcours non démarré;979.46
9715;05/05/2026 01:39:33;;Dossier refusé;Choix de l'offre et livraison;534.05
9716;05/05/2026 01:39:33;;Dossier refusé;Choix de l'offre et livraison;382.96
9717;05/05/2026 01:08:31;;Dossier validé;Parcours terminé;357.49
9718;05/05/2026 01:08:31;;Dossier validé;Parcours terminé;364.84
9719;05/05/2026 01:06:13;Manon LEFEBVRE;Dossier refusé;Saisie société;535.21
9720;05/05/2026 01:06:13;Manon LEFEBVRE;Dossier refusé;Saisie société;721.04
9721;05/05/2026 00:52:24;;Dossier validé;Parcours terminé;465.21
9722;05/05/2026 00:52:24;;Dossier validé;Parcours terminé;970.81
9723;05/05/2026 00:40:53;;Dossier validé;Parcours terminé;853.56
9724;05/05/2026 00:40:53;;Dossier validé;Parcours terminé;730.27
9725;05/05/2026 00:40:01;;Souscription en cours;Coordonnées personnelles;609.23
9726;05/05/2026 00:40:01;;Souscription en cours;Coordonnées personnelles;703.45
9727;04/05/2026 23:04:00;;Dossier validé;Parcours terminé;646.07
9728;04/05/2026 23:04:00;;Dossier validé;Parcours terminé;840.02
9729;04/05/2026 22:42:47;;Souscription en cours;Signature Contrat;399.31
9730;04/05/2026 22:42:47;;Souscription en cours;Signature Contrat;380.85
9731;04/05/2026 22:41:43;;Souscription en cours;Vérification d'identité;542.76
9732;04/05/2026 22:41:43;;Souscription en cours;Vérification d'identité;461.56
9733;04/05/2026 22:23:24;;Souscription non démarrée;Parcours non démarré;811.11
9734;04/05/2026 22:23:24;;Souscription non démarrée;Parcours non démarré;654.44
9735;04/05/2026 22:14:34;;Dossier validé;Parcours terminé;926.95
9736;04/05/2026 22:14:34;;Dossier validé;Parcours terminé;560.77
9737;04/05/2026 21:49:41;;Dossier validé;Parcours terminé;138.92
9738;04/05/2026 21:49:41;;Dossier validé;Parcours terminé;551.51
9739;04/05/2026 21:43:54;;Souscription non démarrée;Parcours non démarré;202.23
9740;04/05/2026 21:43:54;;Souscription non démarrée;Parcours non démarré;952.13
9741;04/05/2026 21:41:49;;Souscription en cours;Coordonnées personnelles;402.37
9742;04/05/2026 21:41:49;;Souscription en cours;Coordonnées personnelles;578.06
9743;04/05/2026 21:41:10;;Souscription en cours;Choix de l'offre et livraison;732.76
9744;04/05/2026 21:41:10;;Souscription en cours;Choix de l'offre et livraison;326.24
9745;04/05/2026 21:38:02;;Dossier refusé;Informations complémentaires (Etablissements, etc.);726.18
9746;04/05/2026 21:38:02;;Dossier refusé;Informations complémentaires (Etablissements, etc.);257.16
9747;04/05/2026 21:35:57;Hugo MARTIN;Dossier refusé;Saisie société;230.60
9748;04/05/2026 21:35:57;Hugo MARTIN;Dossier refusé;Saisie société;409.86
9749;04/05/2026 20:55:34;;Dossier validé;Parcours terminé;499.22
9750;04/05/2026 20:55:34;;Dossier validé;Parcours terminé;998.51
9751;04/05/2026 20:54:31;;Souscription en cours;Coordonnées personnelles;832.33
9752;04/05/2026 20:54:31;;Souscription en cours;Coordonnées personnelles;937.40
9753;04/05/2026 20:51:15;;Dossier validé;Parcours terminé;695.06
9754;04/05/2026 20:51:15;;Dossier validé;Parcours terminé;640.33
9755;04/05/2026 20:19:00;;Souscription non démarrée;Parcours non démarré;432.18
9756;04/05/2026 20:19:00;;Souscription non démarrée;Parcours non démarré;285.63
9757;04/05/2026 19:52:45;;Souscription en cours;Vérification d'identité;822.66
9758;04/05/2026 19:52:45;;Souscription en cours;Vérification d'identité;431.00
9759;04/05/2026 19:45:50;;Souscription en cours;Vérification d'identité;460.75
9760;04/05/2026 19:45:50;;Souscription en cours;Vérification d'identité;111.87
9761;04/05/2026 19:44:13;Hugo MARTIN;Dossier refusé;Saisie société;154.64
9762;04/05/2026 19:44:13;Hugo MARTIN;Dossier refusé;Saisie société;148.75
9763;04/05/2026 19:40:46;;Souscription en cours;Choix de l'offre et livraison;193.88
9764;04/05/2026 19:40:46;;Souscription en cours;Choix de l'offre et livraison;996.18
9765;04/05/2026 19:24:27;;Dossier validé;Parcours terminé;955.86
9766;04/05/2026 19:24:27;;Dossier validé;Parcours terminé;879.75
9767;04/05/2026 19:23:32;;Dossier validé;Parcours terminé;551.44
9768;04/05/2026 19:23:32;;Dossier validé;Parcours terminé;153.25
9769;04/05/2026 19:20:38;;Souscription non démarrée;Parcours non démarré;416.34
9770;04/05/2026 19:20:38;;Souscription non démarrée;Parcours non démarré;561.60
9771;04/05/2026 18:28:56;;Dossier validé;Parcours terminé;496.54
9772;04/05/2026 18:28:56;;Dossier validé;Parcours terminé;745.03
9773;04/05/2026 18:28:35;;Dossier refusé;Saisie société;677.53
9774;04/05/2026 18:28:35;;Dossier refusé;Saisie société;135.73
9775;04/05/2026 18:27:06;;Souscription en cours;Choix de l'offre et livraison;803.20
9776;04/05/2026 18:27:06;;Souscription en cours;Choix de l'offre et livraison;136.54
9777;04/05/2026 18:14:03;;Dossier validé;Parcours terminé;797.47
9778;04/05/2026 18:14:03;;Dossier validé;Parcours terminé;679.26
9779;04/05/2026 18:12:47;;Dossier validé;Parcours terminé;459.66
9780;04/05/2026 18:12:47;;Dossier validé;Parcours terminé;999.25
9781;04/05/2026 17:59:37;;Souscription en cours;Choix de l'offre et livraison;634.12
9782;04/05/2026 17:59:37;;Souscription en cours;Choix de l'offre et livraison;128.75
9783;04/05/2026 17:52:31;;Souscription non démarrée;Parcours non démarré;665.28
9784;04/05/2026 17:52:31;;Souscription non démarrée;Parcours non démarré;348.00
9785;04/05/2026 17:47:50;;Dossier refusé;Saisie société;673.48
9786;04/05/2026 17:47:50;;Dossier refusé;Saisie société;573.52
9787;04/05/2026 17:41:08;;Souscription en cours;Choix de l'offre et livraison;960.44
9788;04/05/2026 17:41:08;;Souscription en cours;Choix de l'offre et livraison;286.68
9789;04/05/2026 17:39:33;;Dossier validé;Parcours terminé;418.95
9790;04/05/2026 17:39:33;;Dossier validé;Parcours terminé;384.78
9791;04/05/2026 17:24:17;;Souscription en cours;Choix de l'offre et livraison;498.52
9792;04/05/2026 17:24:17;;Souscription en cours;Choix de l'offre et livraison;499.83
9793;04/05/2026 17:23:08;;Souscription en cours;Coordonnées personnelles;919.50
9794;04/05/2026 17:23:08;;Souscription en cours;Coordonnées personnelles;711.85
9795;04/05/2026 17:18:45;;Dossier validé;Parcours terminé;683.72
9796;04/05/2026 17:18:45;;Dossier validé;Parcours terminé;331.53
9797;04/05/2026 17:03:58;;Souscription en cours;Choix de l'offre et livraison;730.61
9798;04/05/2026 17:03:58;;Souscription en cours;Choix de l'offre et livraison;850.44
9799;04/05/2026 16:49:55;;Souscription en cours;Coordonnées personnelles;421.30
9800;04/05/2026 16:49:55;;Souscription en cours;Coordonnées personnelles;278.85
9801;04/05/2026 16:31:49;;Souscription en cours;Coordonnées personnelles;351.33
9802;04/05/2026 16:31:49;;Souscription en cours;Coordonnées personnelles;538.11
9803;04/05/2026 16:27:29;Hugo DUBOIS;Dossier validé;Parcours terminé;856.87
9804;04/05/2026 16:27:29;Hugo DUBOIS;Dossier validé;Parcours terminé;926.53
9805;04/05/2026 16:21:32;;Souscription en cours;Coordonnées personnelles;790.26
9806;04/05/2026 16:21:32;;Souscription en cours;Coordonnées personnelles;412.82
9807;04/05/2026 16:18:45;;Dossier validé;Parcours terminé;662.34
9808;04/05/2026 16:18:45;;Dossier validé;Parcours terminé;858.84
9809;04/05/2026 16:11:48;;Dossier refusé;Saisie société;504.35
9810;04/05/2026 16:11:48;;Dossier refusé;Saisie société;307.84
9811;04/05/2026 15:51:19;;Souscription en cours;Coordonnées personnelles;612.09
9812;04/05/2026 15:51:19;;Souscription en cours;Coordonnées personnelles;896.64
9813;04/05/2026 15:50:39;;Dossier refusé;Saisie société;676.41
9814;04/05/2026 15:50:39;;Dossier refusé;Saisie société;150.60
9815;04/05/2026 15:49:20;;Dossier validé;Parcours terminé;765.93
9816;04/05/2026 15:49:20;;Dossier validé;Parcours terminé;296.91
9817;04/05/2026 15:46:34;;Dossier refusé;Saisie société;596.68
9818;04/05/2026 15:46:34;;Dossier refusé;Saisie société;510.24
9819;04/05/2026 15:45:13;;Dossier refusé;Signature Contrat;549.18
9820;04/05/2026 15:45:13;;Dossier refusé;Signature Contrat;937.78
9821;04/05/2026 15:36:35;;Dossier validé;Parcours terminé;931.19
9822;04/05/2026 15:36:35;;Dossier validé;Parcours terminé;772.62
9823;04/05/2026 15:29:15;;Dossier validé;Parcours terminé;880.25
9824;04/05/2026 15:29:15;;Dossier validé;Parcours terminé;101.27
9825;04/05/2026 15:27:12;;En attente d'analyse Agent - Dossier avec erreurs;Signature Contrat;783.33
9826;04/05/2026 15:27:12;;En attente d'analyse Agent - Dossier avec erreurs;Signature Contrat;861.99
9827;04/05/2026 15:24:35;;Dossier refusé;Bénéficiaire effectifs;451.43
9828;04/05/2026 15:24:35;;Dossier refusé;Bénéficiaire effectifs;831.20
9829;04/05/2026 15:24:21;;Souscription non démarrée;Parcours non démarré;933.65
9830;04/05/2026 15:24:21;;Souscription non démarrée;Parcours non démarré;838.27
9831;04/05/2026 15:23:05;Hugo MARTIN;Dossier refusé;Saisie société;713.86
9832;04/05/2026 15:23:05;Hugo MARTIN;Dossier refusé;Saisie société;283.33
9833;04/05/2026 14:51:51;;Souscription en cours;Signature Contrat;558.61
9834;04/05/2026 14:51:51;;Souscription en cours;Signature Contrat;728.86
9835;04/05/2026 14:44:57;;Dossier validé;Parcours terminé;222.25
9836;04/05/2026 14:44:57;;Dossier validé;Parcours terminé;497.36
9837;04/05/2026 14:41:42;;Dossier refusé;Signature Contrat;904.85
9838;04/05/2026 14:41:42;;Dossier refusé;Signature Contrat;332.21
9839;04/05/2026 14:41:03;Hugo MARTIN;Dossier refusé;Saisie société;474.96
9840;04/05/2026 14:41:03;Hugo MARTIN;Dossier refusé;Saisie société;417.86
9841;04/05/2026 14:28:00;;Dossier validé;Parcours terminé;139.45
9842;04/05/2026 14:28:00;;Dossier validé;Parcours terminé;510.73
9843;04/05/2026 14:26:49;;Dossier validé;Parcours terminé;987.85
9844;04/05/2026 14:26:49;;Dossier validé;Parcours terminé;879.09
9845;04/05/2026 14:25:34;;Dossier refusé;Signature Contrat;564.15
9846;04/05/2026 14:25:34;;Dossier refusé;Signature Contrat;282.63
9847;04/05/2026 14:13:51;;Dossier validé;Parcours terminé;513.11
9848;04/05/2026 14:13:51;;Dossier validé;Parcours terminé;326.62
9849;04/05/2026 14:07:15;;Dossier refusé;Signature Contrat;768.52
9850;04/05/2026 14:07:15;;Dossier refusé;Signature Contrat;660.54
9851;04/05/2026 14:06:51;;Souscription non démarrée;Parcours non démarré;362.31
9852;04/05/2026 14:06:51;;Souscription non démarrée;Parcours non démarré;450.96
9853;04/05/2026 13:49:43;;Souscription en cours;Informations complémentaires (CA, Profession, etc.);399.68
9854;04/05/2026 13:49:43;;Souscription en cours;Informations complémentaires (CA, Profession, etc.);797.43
9855;04/05/2026 13:24:22;;Souscription non démarrée;Parcours non démarré;955.90
9856;04/05/2026 13:24:22;;Souscription non démarrée;Parcours non démarré;884.70
9857;04/05/2026 13:17:02;;Souscription non démarrée;Parcours non démarré;582.98
9858;04/05/2026 13:17:02;;Souscription non démarrée;Parcours non démarré;333.66
9859;04/05/2026 13:10:43;;Dossier validé;Parcours terminé;121.16
9860;04/05/2026 13:10:43;;Dossier validé;Parcours terminé;670.92
9861;04/05/2026 12:44:22;;Souscription en cours;Coordonnées personnelles;469.07
9862;04/05/2026 12:44:22;;Souscription en cours;Coordonnées personnelles;204.86
9863;04/05/2026 12:24:28;;Dossier validé;Parcours terminé;454.87
9864;04/05/2026 12:24:28;;Dossier validé;Parcours terminé;912.17
9865;04/05/2026 12:03:25;;Souscription en cours;Coordonnées personnelles;302.60
9866;04/05/2026 12:03:25;;Souscription en cours;Coordonnées personnelles;829.73
9867;04/05/2026 11:54:54;;Souscription en cours;Coordonnées personnelles;244.04
9868;04/05/2026 11:54:54;;Souscription en cours;Coordonnées personnelles;973.40
9869;04/05/2026 11:50:44;;Souscription en cours;Informations complémentaires (Etablissements, etc.);821.90
9870;04/05/2026 11:50:44;;Souscription en cours;Informations complémentaires (Etablissements, etc.);789.93
9871;04/05/2026 11:46:55;;Dossier validé;Parcours terminé;165.11
9872;04/05/2026 11:46:55;;Dossier validé;Parcours terminé;160.11
9873;04/05/2026 11:31:33;;Dossier validé;Parcours terminé;287.98
9874;04/05/2026 11:31:33;;Dossier validé;Parcours terminé;194.07
9875;04/05/2026 11:19:58;;Souscription en cours;Choix de l'offre et livraison;695.97
9876;04/05/2026 11:19:58;;Souscription en cours;Choix de l'offre et livraison;476.31
9877;04/05/2026 11:14:28;;Dossier validé;Parcours terminé;568.38
9878;04/05/2026 11:14:28;;Dossier validé;Parcours terminé;189.42
9879;04/05/2026 11:11:40;;Souscription en cours;Signature Contrat;789.21
9880;04/05/2026 11:11:40;;Souscription en cours;Signature Contrat;243.32
9881;04/05/2026 11:03:42;;Dossier validé;Parcours terminé;506.98
9882;04/05/2026 11:03:42;;Dossier validé;Parcours terminé;885.47
9883;04/05/2026 11:00:21;;Dossier validé;Parcours terminé;733.42
9884;04/05/2026 11:00:21;;Dossier validé;Parcours terminé;886.59
9885;04/05/2026 10:51:38;Adam MARTIN;Dossier validé;Parcours terminé;685.74
9886;04/05/2026 10:51:38;Adam MARTIN;Dossier validé;Parcours terminé;217.73
9887;04/05/2026 10:46:55;;Souscription en cours;Coordonnées personnelles;115.53
9888;04/05/2026 10:46:55;;Souscription en cours;Coordonnées personnelles;294.39
9889;04/05/2026 10:38:23;;Dossier refusé;Saisie société;270.26
9890;04/05/2026 10:38:23;;Dossier refusé;Saisie société;450.60
9891;04/05/2026 10:35:32;;Souscription en cours;Coordonnées personnelles;554.78
9892;04/05/2026 10:35:32;;Souscription en cours;Coordonnées personnelles;172.11
9893;04/05/2026 10:34:18;;Dossier validé;Parcours terminé;348.56
9894;04/05/2026 10:34:18;;Dossier validé;Parcours terminé;434.96
9895;04/05/2026 10:33:30;Zoé MULLER;Dossier validé;Parcours terminé;614.87
9896;04/05/2026 10:33:30;Zoé MULLER;Dossier validé;Parcours terminé;839.63
9897;04/05/2026 10:12:38;;Dossier refusé;Saisie société;278.53
9898;04/05/2026 10:12:38;;Dossier refusé;Saisie société;970.36
9899;04/05/2026 10:08:02;;Dossier validé;Parcours terminé;483.13
9900;04/05/2026 10:08:02;;Dossier validé;Parcours terminé;495.50
9901;04/05/2026 09:55:18;;Souscription en cours;Signature Contrat;146.95
9902;04/05/2026 09:55:18;;Souscription en cours;Signature Contrat;547.16
9903;04/05/2026 09:53:07;;Dossier refusé;Parcours non démarré;604.56
9904;04/05/2026 09:53:07;;Dossier refusé;Parcours non démarré;820.85
9905;04/05/2026 09:44:53;;Dossier validé;Parcours terminé;270.56
9906;04/05/2026 09:44:53;;Dossier validé;Parcours terminé;567.82
9907;04/05/2026 09:41:43;;Dossier validé;Parcours terminé;466.67
9908;04/05/2026 09:41:43;;Dossier validé;Parcours terminé;508.91
9909;04/05/2026 09:32:20;;Dossier validé;Parcours terminé;316.05
9910;04/05/2026 09:32:20;;Dossier validé;Parcours terminé;673.84
9911;04/05/2026 09:08:41;;Souscription en cours;Informations complémentaires (Etablissements, etc.);451.80
9912;04/05/2026 09:08:41;;Souscription en cours;Informations complémentaires (Etablissements, etc.);963.30
9913;04/05/2026 09:02:42;;Dossier validé;Parcours terminé;173.54
9914;04/05/2026 09:02:42;;Dossier validé;Parcours terminé;149.66
9915;04/05/2026 08:52:20;;Souscription non démarrée;Parcours non démarré;454.16
9916;04/05/2026 08:52:20;;Souscription non démarrée;Parcours non démarré;616.64
9917;04/05/2026 08:42:31;;Dossier validé;Parcours terminé;333.38
9918;04/05/2026 08:42:31;;Dossier validé;Parcours terminé;469.01
9919;04/05/2026 08:20:59;;Dossier validé;Parcours terminé;677.11
9920;04/05/2026 08:20:59;;Dossier validé;Parcours terminé;277.03
9921;04/05/2026 07:20:17;;Souscription en cours;Choix de l'offre et livraison;354.98
9922;04/05/2026 07:20:17;;Souscription en cours;Choix de l'offre et livraison;447.18
9923;04/05/2026 06:04:59;;Dossier refusé;Bénéficiaire effectifs;891.76
9924;04/05/2026 06:04:59;;Dossier refusé;Bénéficiaire effectifs;552.58
9925;04/05/2026 06:02:53;;Dossier validé;Parcours terminé;309.17
9926;04/05/2026 06:02:53;;Dossier validé;Parcours terminé;701.60
9927;04/05/2026 05:54:32;;Dossier refusé;Signature Contrat;221.49
9928;04/05/2026 05:54:32;;Dossier refusé;Signature Contrat;879.07
9929;04/05/2026 04:04:42;;Souscription en cours;Coordonnées personnelles;354.04
9930;04/05/2026 04:04:42;;Souscription en cours;Coordonnées personnelles;465.57
9931;04/05/2026 00:40:04;;Dossier refusé;Signature Contrat;634.98
9932;04/05/2026 00:40:04;;Dossier refusé;Signature Contrat;859.92
9933;04/05/2026 00:18:18;;Souscription en cours;Coordonnées personnelles;759.75
9934;04/05/2026 00:18:18;;Souscription en cours;Coordonnées personnelles;247.01
9935;04/05/2026 00:04:33;Manon LEFEBVRE;Dossier refusé;Saisie société;687.36
9936;04/05/2026 00:04:33;Manon LEFEBVRE;Dossier refusé;Saisie société;128.29
9937;03/05/2026 23:46:07;;Souscription en cours;Choix de l'offre et livraison;710.55
9938;03/05/2026 23:46:07;;Souscription en cours;Choix de l'offre et livraison;718.71
9939;03/05/2026 23:18:14;;Dossier validé;Parcours terminé;116.80
9940;03/05/2026 23:18:14;;Dossier validé;Parcours terminé;354.75
9941;03/05/2026 22:55:30;;Dossier validé;Parcours terminé;340.24
9942;03/05/2026 22:55:30;;Dossier validé;Parcours terminé;940.71
9943;03/05/2026 21:55:15;Hugo DUBOIS;Dossier validé;Parcours terminé;121.62
9944;03/05/2026 21:55:15;Hugo DUBOIS;Dossier validé;Parcours terminé;247.25
9945;03/05/2026 21:51:55;;Souscription en cours;Coordonnées personnelles;421.36
9946;03/05/2026 21:51:55;;Souscription en cours;Coordonnées personnelles;750.76
9947;03/05/2026 21:49:40;;Dossier refusé;Saisie société;120.78
9948;03/05/2026 21:49:40;;Dossier refusé;Saisie société;383.45
9949;03/05/2026 21:40:43;;Souscription non démarrée;Parcours non démarré;919.75
9950;03/05/2026 21:40:43;;Souscription non démarrée;Parcours non démarré;974.15
9951;03/05/2026 21:27:08;;Souscription en cours;Choix de l'offre et livraison;536.42
9952;03/05/2026 21:27:08;;Souscription en cours;Choix de l'offre et livraison;481.88
9953;03/05/2026 21:15:23;;Dossier validé;Parcours terminé;521.22
9954;03/05/2026 21:15:23;;Dossier validé;Parcours terminé;810.44
9955;03/05/2026 20:58:18;;Dossier validé;Parcours terminé;157.20
9956;03/05/2026 20:58:18;;Dossier validé;Parcours terminé;624.47
9957;03/05/2026 20:42:30;;Souscription non démarrée;Parcours non démarré;750.51
9958;03/05/2026 20:42:30;;Souscription non démarrée;Parcours non démarré;776.92
9959;03/05/2026 20:32:13;Hugo MARTIN;Dossier validé;Parcours terminé;842.50
9960;03/05/2026 20:32:13;Hugo MARTIN;Dossier validé;Parcours terminé;526.60
9961;03/05/2026 20:29:42;;Dossier refusé;Saisie société;533.73
9962;03/05/2026 20:29:42;;Dossier refusé;Saisie société;387.98
9963;03/05/2026 19:46:15;;Dossier validé;Parcours terminé;749.12
9964;03/05/2026 19:46:15;;Dossier validé;Parcours terminé;423.75
9965;03/05/2026 19:24:44;Adam MARTIN;Dossier validé;Parcours terminé;309.96
9966;03/05/2026 19:24:44;Adam MARTIN;Dossier validé;Parcours terminé;598.50
9967;03/05/2026 19:23:58;;Dossier validé;Parcours terminé;652.63
9968;03/05/2026 19:23:58;;Dossier validé;Parcours terminé;484.58
9969;03/05/2026 18:59:21;;Souscription en cours;Coordonnées personnelles;655.83
9970;03/05/2026 18:59:21;;Souscription en cours;Coordonnées personnelles;586.17
9971;03/05/2026 18:49:10;;Dossier validé;Parcours terminé;749.71
9972;03/05/2026 18:49:10;;Dossier validé;Parcours terminé;151.69
9973;03/05/2026 18:37:44;;Souscription en cours;Coordonnées personnelles;464.63
9974;03/05/2026 18:37:44;;Souscription en cours;Coordonnées personnelles;905.17
9975;03/05/2026 18:27:04;;Souscription non démarrée;Parcours non démarré;491.81
9976;03/05/2026 18:27:04;;Souscription non démarrée;Parcours non démarré;837.81
9977;03/05/2026 17:48:46;;Souscription en cours;Choix de l'offre et livraison;331.34
9978;03/05/2026 17:48:46;;Souscription en cours;Choix de l'offre et livraison;524.97
9979;03/05/2026 17:35:09;;Dossier validé;Parcours terminé;195.19
9980;03/05/2026 17:35:09;;Dossier validé;Parcours terminé;153.42
9981;03/05/2026 17:32:48;;Dossier validé;Parcours terminé;340.34
9982;03/05/2026 17:32:48;;Dossier validé;Parcours terminé;777.89
9983;03/05/2026 17:31:13;;Dossier refusé;Saisie société;955.10
9984;03/05/2026 17:31:13;;Dossier refusé;Saisie société;859.73
9985;03/05/2026 17:19:14;;Souscription en cours;Signature Contrat;322.86
9986;03/05/2026 17:19:14;;Souscription en cours;Signature Contrat;995.45
9987;03/05/2026 17:10:19;;Dossier refusé;Saisie société;538.49
9988;03/05/2026 17:10:19;;Dossier refusé;Saisie société;962.83
9989;03/05/2026 17:03:22;Rayan MICHEL;Dossier refusé;Saisie société;206.09
9990;03/05/2026 17:03:22;Rayan MICHEL;Dossier refusé;Saisie société;801.75
9991;03/05/2026 16:37:42;;Dossier validé;Parcours terminé;562.59
9992;03/05/2026 16:37:42;;Dossier validé;Parcours terminé;707.19
9993;03/05/2026 16:24:54;;Souscription en cours;Coordonnées personnelles;880.14
9994;03/05/2026 16:24:54;;Souscription en cours;Coordonnées personnelles;568.12
9995;03/05/2026 15:59:48;;Souscription non démarrée;Parcours non démarré;391.58
9996;03/05/2026 15:59:48;;Souscription non démarrée;Parcours non démarré;450.25
9997;03/05/2026 15:53:05;Z5681453;Dossier refusé;Signature Contrat;657.99
9998;03/05/2026 15:53:05;Z5681453;Dossier refusé;Signature Contrat;426.69
9999;03/05/2026 15:42:43;;Souscription en cours;Coordonnées personnelles;154.31
10000;03/05/2026 15:42:43;;Souscription en cours;Coordonnées personnelles;753.52
10001;03/05/2026 15:42:41;Adam LAURENT;Dossier validé;Parcours terminé;613.64
10002;03/05/2026 15:42:41;Adam LAURENT;Dossier validé;Parcours terminé;831.80
10003;03/05/2026 15:12:07;;Souscription non démarrée;Parcours non démarré;606.70
10004;03/05/2026 15:12:07;;Souscription non démarrée;Parcours non démarré;910.46
10005;03/05/2026 15:10:23;;Dossier validé;Parcours terminé;432.85
10006;03/05/2026 15:10:23;;Dossier validé;Parcours terminé;672.54
10007;03/05/2026 14:55:25;;Souscription en cours;Signature Contrat;116.42
10008;03/05/2026 14:55:25;;Souscription en cours;Signature Contrat;696.76
10009;03/05/2026 14:42:25;;Souscription en cours;Coordonnées personnelles;208.87
10010;03/05/2026 14:42:25;;Souscription en cours;Coordonnées personnelles;241.51
10011;03/05/2026 14:42:23;;Dossier validé;Parcours terminé;492.83
10012;03/05/2026 14:42:23;;Dossier validé;Parcours terminé;399.15
10013;03/05/2026 14:27:11;;Dossier validé;Parcours terminé;502.65
10014;03/05/2026 14:27:11;;Dossier validé;Parcours terminé;259.02
10015;03/05/2026 14:22:51;;Dossier validé;Parcours terminé;965.85
10016;03/05/2026 14:22:51;;Dossier validé;Parcours terminé;728.60
10017;03/05/2026 14:22:27;;Dossier validé;Parcours terminé;713.28
10018;03/05/2026 14:22:27;;Dossier validé;Parcours terminé;502.53
10019;03/05/2026 14:12:52;;Souscription non démarrée;Parcours non démarré;703.91
10020;03/05/2026 14:12:52;;Souscription non démarrée;Parcours non démarré;514.60
10021;03/05/2026 13:52:40;;Souscription non démarrée;Parcours non démarré;174.11
10022;03/05/2026 13:52:40;;Souscription non démarrée;Parcours non démarré;218.74
10023;03/05/2026 13:52:36;;Souscription non démarrée;Parcours non démarré;132.39
10024;03/05/2026 13:52:36;;Souscription non démarrée;Parcours non démarré;410.84
10025;03/05/2026 13:48:48;;Dossier validé;Parcours terminé;176.20
10026;03/05/2026 13:48:48;;Dossier validé;Parcours terminé;465.10
10027;03/05/2026 12:51:02;;Souscription en cours;Informations complémentaires (Etablissements, etc.);238.12
10028;03/05/2026 12:51:02;;Souscription en cours;Informations complémentaires (Etablissements, etc.);496.43
10029;03/05/2026 12:49:35;;Souscription en cours;Coordonnées personnelles;900.49
10030;03/05/2026 12:49:35;;Souscription en cours;Coordonnées personnelles;694.98
10031;03/05/2026 12:44:17;;Dossier validé;Parcours terminé;739.35
10032;03/05/2026 12:44:17;;Dossier validé;Parcours terminé;448.25
10033;03/05/2026 12:34:29;;Dossier refusé;Signature Contrat;948.75
10034;03/05/2026 12:34:29;;Dossier refusé;Signature Contrat;812.16
10035;03/05/2026 12:27:44;;Dossier validé;Parcours terminé;317.90
10036;03/05/2026 12:27:44;;Dossier validé;Parcours terminé;764.23
10037;03/05/2026 12:18:07;;Dossier validé;Parcours terminé;624.00
10038;03/05/2026 12:18:07;;Dossier validé;Parcours terminé;996.38
10039;03/05/2026 12:16:42;;Dossier validé;Parcours terminé;172.38
10040;03/05/2026 12:16:42;;Dossier validé;Parcours terminé;284.87
10041;03/05/2026 12:09:04;;Dossier refusé;Signature Contrat;372.95
10042;03/05/2026 12:09:04;;Dossier refusé;Signature Contrat;410.34
10043;03/05/2026 12:03:25;;Souscription en cours;Choix de l'offre et livraison;929.77
10044;03/05/2026 12:03:25;;Souscription en cours;Choix de l'offre et livraison;632.75
10045;03/05/2026 11:51:24;Adam LAURENT;Dossier validé;Parcours terminé;767.55
10046;03/05/2026 11:51:24;Adam LAURENT;Dossier validé;Parcours terminé;798.74
10047;03/05/2026 11:48:44;;Dossier validé;Parcours terminé;334.12
10048;03/05/2026 11:48:44;;Dossier validé;Parcours terminé;372.15
10049;03/05/2026 11:47:03;;Souscription non démarrée;Parcours non démarré;134.78
10050;03/05/2026 11:47:03;;Souscription non démarrée;Parcours non démarré;956.82
10051;03/05/2026 11:35:08;;Dossier validé;Parcours terminé;355.63
10052;03/05/2026 11:35:08;;Dossier validé;Parcours terminé;922.26
10053;03/05/2026 11:32:30;;Souscription en cours;Coordonnées personnelles;264.68
10054;03/05/2026 11:32:30;;Souscription en cours;Coordonnées personnelles;693.93
10055;03/05/2026 11:24:31;;Dossier validé;Parcours terminé;899.67
10056;03/05/2026 11:24:31;;Dossier validé;Parcours terminé;364.11
10057;03/05/2026 11:23:09;;Souscription en cours;Signature Contrat;926.61
10058;03/05/2026 11:23:09;;Souscription en cours;Signature Contrat;720.77
10059;03/05/2026 11:09:56;Manon LEFEBVRE;Dossier refusé;Signature Contrat;631.26
10060;03/05/2026 11:09:56;Manon LEFEBVRE;Dossier refusé;Signature Contrat;111.22
10061;03/05/2026 11:09:17;;Dossier validé;Parcours terminé;546.68
10062;03/05/2026 11:09:17;;Dossier validé;Parcours terminé;149.35
10063;03/05/2026 11:02:42;;Dossier validé;Parcours terminé;800.73
10064;03/05/2026 11:02:42;;Dossier validé;Parcours terminé;300.16
10065;03/05/2026 10:58:44;;Dossier validé;Parcours terminé;839.13
10066;03/05/2026 10:58:44;;Dossier validé;Parcours terminé;991.47
10067;03/05/2026 10:42:45;Hugo MARTIN;Dossier refusé;Choix de l'offre et livraison;203.81
10068;03/05/2026 10:42:45;Hugo MARTIN;Dossier refusé;Choix de l'offre et livraison;693.29
10069;03/05/2026 10:41:12;;Dossier validé;Parcours terminé;635.21
10070;03/05/2026 10:41:12;;Dossier validé;Parcours terminé;473.60
10071;03/05/2026 10:37:42;;Souscription en cours;Choix de l'offre et livraison;489.40
10072;03/05/2026 10:37:42;;Souscription en cours;Choix de l'offre et livraison;868.27
10073;03/05/2026 10:32:37;;Dossier validé;Parcours terminé;373.42
10074;03/05/2026 10:32:37;;Dossier validé;Parcours terminé;439.02
10075;03/05/2026 10:29:04;;Dossier validé;Parcours terminé;515.88
10076;03/05/2026 10:29:04;;Dossier validé;Parcours terminé;524.09
10077;03/05/2026 10:24:28;;Souscription en cours;Coordonnées personnelles;483.17
10078;03/05/2026 10:24:28;;Souscription en cours;Coordonnées personnelles;861.48
10079;03/05/2026 10:22:41;;Dossier refusé;Saisie société;706.74
10080;03/05/2026 10:22:41;;Dossier refusé;Saisie société;491.57
10081;03/05/2026 10:13:04;;Souscription en cours;Coordonnées personnelles;203.53
10082;03/05/2026 10:13:04;;Souscription en cours;Coordonnées personnelles;428.60
10083;03/05/2026 10:00:48;;Souscription en cours;Vérification d'identité;816.12
10084;03/05/2026 10:00:48;;Souscription en cours;Vérification d'identité;226.86
10085;03/05/2026 09:39:43;;Dossier validé;Parcours terminé;498.10
10086;03/05/2026 09:39:43;;Dossier validé;Parcours terminé;765.71
10087;03/05/2026 09:20:13;;Souscription en cours;Informations complémentaires (CA, Profession, etc.);528.70
10088;03/05/2026 09:20:13;;Souscription en cours;Informations complémentaires (CA, Profession, etc.);362.07
10089;03/05/2026 09:17:49;;Souscription en cours;Choix de l'offre et livraison;735.79
10090;03/05/2026 09:17:49;;Souscription en cours;Choix de l'offre et livraison;874.05
10091;03/05/2026 08:47:20;;Souscription en cours;Choix de l'offre et livraison;979.94
10092;03/05/2026 08:47:20;;Souscription en cours;Choix de l'offre et livraison;835.40
10093;03/05/2026 08:25:23;Hugo DUBOIS;Dossier validé;Parcours terminé;330.49
10094;03/05/2026 08:25:23;Hugo DUBOIS;Dossier validé;Parcours terminé;930.23
10095;03/05/2026 08:04:57;;Dossier validé;Parcours terminé;775.51
10096;03/05/2026 08:04:57;;Dossier validé;Parcours terminé;505.27
10097;03/05/2026 08:02:20;;Souscription en cours;Vérification d'identité;502.04
10098;03/05/2026 08:02:20;;Souscription en cours;Vérification d'identité;522.01
10099;03/05/2026 07:56:53;;Souscription en cours;Choix de l'offre et livraison;384.78
10100;03/05/2026 07:56:53;;Souscription en cours;Choix de l'offre et livraison;343.22
10101;03/05/2026 07:49:30;;Dossier refusé;Signature Contrat;229.92
10102;03/05/2026 07:49:30;;Dossier refusé;Signature Contrat;380.44
10103;03/05/2026 04:29:44;;Dossier validé;Parcours terminé;178.92
10104;03/05/2026 04:29:44;;Dossier validé;Parcours terminé;403.18
10105;03/05/2026 03:08:34;;Dossier validé;Parcours terminé;757.28
10106;03/05/2026 03:08:34;;Dossier validé;Parcours terminé;586.42
10107;03/05/2026 03:07:24;;Souscription en cours;Signature Contrat;233.85
10108;03/05/2026 03:07:24;;Souscription en cours;Signature Contrat;566.20
10109;03/05/2026 02:31:55;;Dossier validé;Parcours terminé;463.00
10110;03/05/2026 02:31:55;;Dossier validé;Parcours terminé;875.55
10111;03/05/2026 01:35:21;;Souscription en cours;Synchronisation référentiel personne NOVA;527.49
10112;03/05/2026 01:35:21;;Souscription en cours;Synchronisation référentiel personne NOVA;289.01
10113;03/05/2026 00:35:18;;Souscription en cours;Synchronisation référentiel personne NOVA;990.17
10114;03/05/2026 00:35:18;;Souscription en cours;Synchronisation référentiel personne NOVA;742.46
10115;03/05/2026 00:10:47;;Dossier refusé;Saisie société;218.98
10116;03/05/2026 00:10:47;;Dossier refusé;Saisie société;615.30
10117;03/05/2026 00:02:57;;Dossier validé;Parcours terminé;141.42
10118;03/05/2026 00:02:57;;Dossier validé;Parcours terminé;795.01
